"year","organization","service_area","ward_number","grant_amount","grant_code"
2010,"180 Change Street","Area services",14,10000,"INI"
2010,"416 Festival Collective","City-wide",18,2000,"TAC"
2010,"7a11d Performance Art Festival","City-wide",19,7500,"TAC"
2010,"A Space Gallery","City-wide",20,62000,"TAC"
2010,"Abrigo Centre","City-wide",18,94950,"CSP"
2010,"Academy of Latin Baseball of Toronto Inc.","Local",11,4300,"MNR"
2010,"Access Alliance Multicultural Health And Community Services","City-wide",20,52855,"CSP"
2010,"Access Alliance Multicultural Health And Community Services","City-wide",20,33801,"DPCIP"
2010,"Across Oceans","City-wide",20,4000,"TAC"
2010,"Acting Up Stage Theatre Company","City-wide",20,6200,"TAC"
2010,"African Canadian Children's Literary Festival","City-wide",5,5000,"TAC"
2010,"African Canadian Social Development Council","City-wide",20,25500,"AEHR"
2010,"African Canadian Social Development Council","City-wide",20,31840,"CSP"
2010,"AfriCan Food Basket on behalf of the Jamestown Working Together","Local",9,25000,"FSIP"
2010,"African Training & Employment Centre of Toronto (ATEC)","City-wide",21,31840,"CSP"
2010,"Afrique Nouvelle Musique/Africa New Music","City-wide",18,1500,"TAC"
2010,"Against All Odds","Local",4,10000,"INI"
2010,"Ahuri Theatre","City-wide",17,10000,"TAC"
2010,"Alameda Theatre Company","City-wide",17,6000,"TAC"
2010,"Albion Neighbourhood Services","Area services",1,103870,"CSP"
2010,"Albion Neighbourhood Services","Area services",1,218171.64,"HIF"
2010,"Aldeburgh Connection","City-wide",13,8500,"TAC"
2010,"All The King's Voices","City-wide",23,3000,"TAC"
2010,"Alliance Française de Toronto","City-wide",20,1000,"TAC"
2010,"Aluna Theatre","City-wide",20,15000,"TAC"
2010,"Alvorada","City-wide",18,1350,"TAC"
2010,"Amadeus Choir of Greater Toronto","City-wide",25,25375,"TAC"
2010,"Amadeusz","Local",4,10000,"INI"
2010,"Amici Chamber Ensemble","City-wide",20,11750,"TAC"
2010,"Angel Foundation for Learning","City-wide",23,712863.97,"SNP"
2010,"Anne Johnston Health Station","City-wide",16,8000,"AEHR"
2010,"Aphasia Institute","City-wide",25,20170,"CSP"
2010,"Arab Community Centre of Toronto","City-wide",3,18000,"AEHR"
2010,"Arab Community Centre of Toronto","City-wide",3,35700,"CSP"
2010,"Aradia Ensemble","City-wide",21,7000,"TAC"
2010,"Argonaut Rowing Club","Local",14,6122,"MNR"
2010,"Arraymusic","City-wide",14,38090,"TAC"
2010,"Art for Commuters","City-wide",19,2000,"TAC"
2010,"Art Gallery of Ontario","City-wide",20,540000,"MCO"
2010,"Art Gallery of York University","City-wide",8,33000,"TAC"
2010,"Art Metropole","City-wide",19,27172,"TAC"
2010,"Art of Time Ensemble","City-wide",20,10250,"TAC"
2010,"Art Starts Neighbourhood Cultural Centre","Area services",15,19145,"GT"
2010,"Art Starts Neighbourhood Cultural Centre","Area services",15,65000,"TAC"
2010,"Artists Film Exhibition Group","City-wide",21,23000,"TAC"
2010,"Arts Etobicoke","Area services",5,29150,"CSI"
2010,"Arts Etobicoke","Area services",5,227530,"LASO"
2010,"Arts For Children And Youth","Area services",20,34117,"DPCIP"
2010,"Arts For Children And Youth","Area services",20,11000,"TAC"
2010,"Arts4All","Local",17,8000,"TAC"
2010,"Ashkenaz Foundation","City-wide",20,30000,"TAC"
2010,"Assaulted Women's Helpline","City-wide",20,53065,"CSP"
2010,"Association for Native Development in the Performing and Visual Arts","City-wide",21,12000,"TAC"
2010,"Association of Artists for A Better World","City-wide",23,2000,"TAC"
2010,"Association of Improvising Musicians Toronto","City-wide",19,2500,"TAC"
2010,"b current","City-wide",21,20000,"TAC"
2010,"Ballet Creole","City-wide",19,25000,"TAC"
2010,"Ballet Jorgen","City-wide",21,77000,"TAC"
2010,"Baobab Afrikan Arts","City-wide",20,5000,"TAC"
2010,"Barbra Schlifer Commemorative Clinic","City-wide",19,29725,"CSP"
2010,"Baroque Music Beside the Grange","City-wide",19,2000,"TAC"
2010,"Barrio Nuevo","Local",8,7000,"TAC"
2010,"Bathurst Finch Food Action Team (Foodshare as trustee)","Local",10,22400,"FSIP"
2010,"Bathurst-Finch Network (BFN)","Local",15,26580,"SDIP"
2010,"Batuki Music Society","City-wide",20,4000,"TAC"
2010,"Belka Enrichment Centre","Local",7,10000,"INI"
2010,"Bereaved Families of Ontario - Toronto","City-wide",20,12500,"CSI"
2010,"Bereaved Families of Ontario - Toronto","City-wide",20,60845,"CSP"
2010,"Bernard Betel Centre for Creative Living","Area services",10,110960,"CSP"
2010,"Better Living Health and Community Services","Area services",25,99925,"CSP"
2010,"Better Living Health and Community Services","Area services",25,88435,"SNOW"
2010,"Bikur Cholim Volunteer Services","City-wide",15,14865,"CSP"
2010,"Birdtown and Swanville","City-wide",18,4000,"TAC"
2010,"Black Coalition For AIDS Prevention","City-wide",20,110220,"APCIP"
2010,"Black Creek Community Health Centre","Local",7,5100,"GT"
2010,"Black Creek Food Justice Action Network","Area services",1,22400,"FSIP"
2010,"Black Lily Arts","City-wide",19,6000,"TAC"
2010,"blackandblue dance projects","City-wide",18,7000,"TAC"
2010,"Blind Sailing Association of Canada","City-wide",20,1561,"MNR"
2010,"Bloor Information and Life Skills Centre","City-wide",19,31735,"CSP"
2010,"Book Bakery","City-wide",19,3000,"TAC"
2010,"Boundless Adventures Association","Local",21,5202,"MNR"
2010,"Box Collective","Local",20,3200,"TAC"
2010,"Braeburn Neighbourhood Place","Local",2,43130,"CSP"
2010,"Braeburn Neighbourhood Place","Local",2,5500,"MNR"
2010,"Breakaway Addiction Services","City-wide",5,34405,"APCIP"
2010,"Bright Future Alliance","Area services",12,9576,"INI"
2010,"Bus Stop Collective","City-wide",21,6000,"TAC"
2010,"C The Visual Arts Foundation","City-wide",18,1500,"TAC"
2010,"Cabaret Theatre Company","City-wide",20,12000,"TAC"
2010,"Canadian Alliance of Dance Artists","City-wide",20,11250,"TAC"
2010,"Canadian Art Foundation","City-wide",20,3000,"TAC"
2010,"Canadian Artists Rrepresentation/le Front des Artistes Canadiens (CARFAC) Ontario","City-wide",20,16312,"TAC"
2010,"Canadian Auto Workers","City-wide",24,3000,"TAC"
2010,"Canadian Cambodian Association of Ontario","City-wide",8,7500,"AEHR"
2010,"Canadian Cambodian Association of Ontario","City-wide",8,28660,"CSP"
2010,"Canadian Film Centre","City-wide",25,9000,"TAC"
2010,"Canadian Film in the Schools","Area services",20,2000,"TAC"
2010,"Canadian Filmmakers Distribution Centre","City-wide",20,38000,"TAC"
2010,"Canadian Hearing Society (The)","City-wide",22,15715,"CSP"
2010,"Canadian Mental Health Association Toronto Branch (The)","City-wide",15,15925,"CSP"
2010,"Canadian Red Cross, Toronto Region","City-wide",22,25385,"CSP"
2010,"Canadian Turkish Friendship Community","City-wide",8,2809,"CFSE"
2010,"CANES Community Care","Area services",1,27070,"CSP"
2010,"CANES Community Care","Area services",1,32775,"SNOW"
2010,"Canzine Arts Festival","City-wide",18,4000,"TAC"
2010,"Caribbean Global Missions","Local",8,9000,"AEHR"
2010,"Carlos Bulosan Theatre","City-wide",20,13000,"TAC"
2010,"Cart/Horse Theatre","City-wide",14,4000,"TAC"
2010,"Cecil Community Centre","Local",20,4575,"CSP"
2010,"Cecil Community Centre","Local",20,21480,"GT"
2010,"Cecil Community Centre","Local",20,12500,"MNR"
2010,"Central Eglinton Community Centre","Area services",22,2130,"CSP"
2010,"Central Eglinton Community Centre","Area services",22,30175,"MJR"
2010,"Central Toronto Community Health Centres","Area services",19,70264,"APCIP"
2010,"Central Toronto Community Health Centres","Area services",19,41350,"DPCIP"
2010,"Centre for Aboriginal Media","City-wide",20,28000,"TAC"
2010,"Centre for Equality Rights in Accommodation","City-wide",20,16000,"AEHR"
2010,"Centre for Equality Rights in Accommodation","City-wide",20,80704.87,"HIF"
2010,"Centre for Independent Living in Toronto","City-wide",20,31350,"CSI"
2010,"Centre for Independent Living in Toronto","City-wide",20,21235,"CSP"
2010,"Centre for Indigenous Theatre","City-wide",20,32000,"TAC"
2010,"Centre for Social Innovation (CSI)","City-wide",20,50000,"CCC"
2010,"Centre For Spanish Speaking Peoples (The)","City-wide",9,51000,"CSP"
2010,"Charles Street Video","City-wide",19,54500,"TAC"
2010,"Chartier Danse","City-wide",20,7000,"TAC"
2010,"Chinese Canadian National Council Toronto Chapter","City-wide",20,30000,"AEHR"
2010,"Chinese Canadian National Council Toronto Chapter","City-wide",20,12500,"CSI"
2010,"Chinese Canadian National Council Toronto Chapter","City-wide",20,31840,"CSP"
2010,"Chinese Cultural Association of Toronto","City-wide",24,3000,"TAC"
2010,"Chinese Opera Group of Toronto","City-wide",24,6250,"TAC"
2010,"Chocolate Woman Collective","City-wide",17,6000,"TAC"
2010,"Choirs Ontario","City-wide",22,1500,"TAC"
2010,"Christie Ossington Neighbourhood Centre","Area services",19,56250,"CSP"
2010,"Christie Ossington Neighbourhood Centre","Area services",19,21480,"GT"
2010,"Christie Ossington Neighbourhood Centre","Area services",19,6000,"MNR"
2010,"Circle of Home Care Services (Toronto)","City-wide",10,89400,"CSP"
2010,"Circolo dell'Anziano ""Le Caravelle""","Local",19,1200,"MNR"
2010,"Clay and Paper Theatre","Local",18,16500,"TAC"
2010,"COBA Collective of Black Artists","City-wide",13,19575,"TAC"
2010,"Community Action Resource Centre","Area services",12,30600,"CSI"
2010,"Community Action Resource Centre","Area services",12,125385,"CSP"
2010,"Community Action Resource Centre","Area services",12,9161,"MNR"
2010,"Community Association for Riding for the Disabled (CARD)","City-wide",10,3213,"CFSE"
2010,"Community Association for Riding for the Disabled (CARD)","City-wide",10,15606,"MNR"
2010,"Community MicroSkills Development Centre","City-wide",2,42455,"CSP"
2010,"Conflict Mediation Services of Downsview","Area services",7,31200,"CSI"
2010,"Conflict Mediation Services of Downsview","Area services",7,79610,"CSP"
2010,"Contact Toronto Photography Festival","City-wide",20,6000,"TAC"
2010,"Continuum","City-wide",20,16000,"TAC"
2010,"Cooking Fire Theatre Festival","Local",18,9000,"TAC"
2010,"Corpus Dance Projects","City-wide",19,24000,"TAC"
2010,"COSTI Immigrant Services","Area services",17,116860,"CSP"
2010,"COSTI Immigrant Services","Area services",17,327728.62,"HIF"
2010,"Creative Music","Local",6,1000,"TAC"
2010,"Crime Prevention Association of Toronto","City-wide",25,114095,"CSP"
2010,"Cross Toronto Community Development Corp. (Fresh Start Cleaning)","Area services",19,59922.88,"HIF"
2010,"Cross-Cultural Community Services Association (The)","City-wide",20,24055,"CSP"
2010,"CultureLink Settlement Services","City-wide",14,23000,"AEHR"
2010,"CultureLink Settlement Services","City-wide",14,52940,"CSP"
2010,"dance Immersion","City-wide",20,22000,"TAC"
2010,"Dance Umbrella of Ontario","City-wide",20,28850,"TAC"
2010,"Davenport Perth Neighbourhood Centre","Area services",17,19171,"APCIP"
2010,"Davenport Perth Neighbourhood Centre","Area services",17,58265,"CSP"
2010,"Davenport Perth Neighbourhood Centre","Area services",17,18319,"DPCIP"
2010,"Davenport Perth Neighbourhood Centre","Area services",17,21480,"GT"
2010,"Davenport Perth Neighbourhood Centre","Area services",17,19995,"MJR"
2010,"Dejinta Beesha Somali Multi Service Centre","Area services",2,39813,"CSP"
2010,"Dejinta Beesha Somali Multi Service Centre","Area services",2,2020,"MNR"
2010,"Delta Family Resource Centre","Area services",9,78520,"CSP"
2010,"Diaspora Dialogues Charitable Society","City-wide",19,11000,"TAC"
2010,"Diaspora Film Festival Group","City-wide",21,1492,"CFSE"
2010,"Diaspora Film Festival Group","City-wide",21,2500,"TAC"
2010,"Dixon Community Services","Local",4,48960,"CSP"
2010,"DNA Theatre","City-wide",20,8000,"TAC"
2010,"Documentary Organization of Canada, Toronto Chapter","City-wide",20,2500,"TAC"
2010,"Don Mills Civitan Club","Local",25,2810,"MNR"
2010,"Doorsteps Neighbourhood Services","Area Services",7,1500,"CFSE"
2010,"Doorsteps Neighbourhood Services","Area Services",7,111460,"CSP"
2010,"Doorsteps Neighbourhood Services","Area Services",7,4000,"MNR"
2010,"Dovercourt Boys and Girls Club","Local",18,22255,"CSP"
2010,"Dovercourt Boys and Girls Club","Local",18,26010,"MJR"
2010,"Downsview Services to Seniors, Inc.","Area services",10,77320,"CSP"
2010,"Dreamwalker Dance Co.","City-wide",19,12000,"TAC"
2010,"Drum Artz Canada","Area services",17,10000,"TAC"
2010,"Dub Poets Collective","City-wide",21,5000,"TAC"
2010,"Dufferin/Davenport Community Centre (Older Adults)","Local",17,816,"MNR"
2010,"Dusk Dances","Area services",17,25000,"TAC"
2010,"Dynesti Youth Productions","Area services",15,10000,"INI"
2010,"Ecce Homo Theatre","City-wide",19,2000,"TAC"
2010,"E-Fagia Collective","City-wide",14,2000,"TAC"
2010,"Eight Fest Small-Gauge Film Festival","City-wide",19,4000,"TAC"
2010,"Ekran Polish Film Association","Local",6,2000,"TAC"
2010,"Elderly Vietnamese Association, Toronto","City-wide",14,15265,"CSP"
2010,"Elmer Iseler Singers","City-wide",25,29570,"TAC"
2010,"Elspeth Heyworth Centre for Women","Area services",8,3305,"CFSE"
2010,"Elspeth Heyworth Centre for Women","Area services",8,25910,"CSP"
2010,"Ensemble Polaris","City-wide",19,4000,"TAC"
2010,"Epilepsy Toronto","City-wide",22,31870,"CSP"
2010,"Epilepsy Toronto","City-wide",22,5202,"MNR"
2010,"Eritrean Canadian Community Centre of Metropolitan Toronto","City-wide",21,10000,"AEHR"
2010,"Eritrean Canadian Community Centre of Metropolitan Toronto","City-wide",21,26535,"CSP"
2010,"Eritrean Canadian Community Centre of Metropolitan Toronto","City-wide",21,500,"MNR"
2010,"Eritrean Youth in Focus","Area services",21,10000,"INI"
2010,"Esmeralda Enrique Dance Company","City-wide",20,20000,"TAC"
2010,"Esprit Orchestra","City-wide",20,82500,"TAC"
2010,"Etobicoke Centennial Choir","Area services",4,4750,"TAC"
2010,"Etobicoke Community Concert Band","City-wide",5,6500,"TAC"
2010,"Etobicoke Handweavers & Spinners Guild","City-wide",3,1200,"TAC"
2010,"Etobicoke Philharmonic Orchestra","City-wide",5,7000,"TAC"
2010,"Etobicoke Services For Seniors","Area services",2,35215,"CSP"
2010,"Etobicoke Services For Seniors","Area services",2,2000,"MNR"
2010,"Evangel Hall","Area services",20,55238.76,"HIF"
2010,"Evergreen Club Contemporary Gamelan","City-wide",20,9500,"TAC"
2010,"Expect Theatre Inc.","Local",1,9000,"TAC"
2010,"Extend A Family","City-wide",16,21230,"CSP"
2010,"Exultate Chamber Singers","City-wide",20,5000,"TAC"
2010,"Factory Theatre","City-wide",20,155775,"TAC"
2010,"FADO Performance Inc.","City-wide",20,23000,"TAC"
2010,"Family Supports Institute Ontario","City-wide",19,12735,"CSP"
2010,"Festival Management Committee-(Caribana)","City-wide",20,494190,"MCO"
2010,"Film Stars Project (The)","Area services",7,10000,"INI"
2010,"FindHelp","City-wide",20,545170,"FIND.HELP"
2010,"First Nations House","City-wide",20,6000,"TAC"
2010,"First Portuguese Canadian Cultural Centre of Toronto","Area services",17,12240,"CSP"
2010,"First Things First Productions","City-wide",19,6750,"TAC"
2010,"Fixt Point Theatre","City-wide",14,3500,"TAC"
2010,"FoodShare Toronto","City-wide",18,191176,"CSP"
2010,"For You Telecare Family Service","City-wide",25,7000,"AEHR"
2010,"For You Telecare Family Service","City-wide",25,12875,"CSP"
2010,"For You Telecare Family Service","City-wide",25,18739,"DPCIP"
2010,"For You Telecare Family Service","City-wide",25,1000,"MNR"
2010,"For Youth Initiative in Toronto","Area services",12,92495,"CSP"
2010,"For Youth Initiative in Toronto","Area services",12,10000,"TAC"
2010,"Force for Cultural Events Production Inc.","Local",20,5000,"TAC"
2010,"Franco-fete de la communaute urbaine de Toronto","City-wide",20,2500,"TAC"
2010,"Franklin Horner Community Centre","Local",6,32525,"CSP"
2010,"Friendly Spike Theatre Band","City-wide",14,3300,"TAC"
2010,"Friends in Trouble (F.I.T.) Youth Initiative","Local",9,9500,"INI"
2010,"Fringe of Toronto","City-wide",20,72000,"TAC"
2010,"Frontline Partners with Youth Network (FPYN)","City-wide",20,30000,"CSI"
2010,"Frontline Partners with Youth Network (FPYN)","City-wide",20,41000,"SDIP"
2010,"Gadfly","City-wide",20,2000,"TAC"
2010,"Gallery 44","City-wide",20,68000,"TAC"
2010,"Gatehouse Child Abuse Advocacy Centre (The)","City-wide",6,21230,"CSP"
2010,"Gendai Gallery","City-wide",18,4500,"TAC"
2010,"George S. Syme Seniors Centre of York","Area services",11,58400,"CSP"
2010,"George S. Syme Seniors Centre of York","Area services",11,22055,"SNOW"
2010,"Glebe Manor Lawn Bowling Club Ltd.","Local",22,4500,"MNR"
2010,"Glenvale Players","City-wide",23,1000,"MNR"
2010,"Global Cities Ensemble","City-wide",19,3000,"TAC"
2010,"Grassroots Youth Collaborative","Local",14,24700,"CSI"
2010,"Gray Tigers Senior Citizens Club","Local",18,1041,"MNR"
2010,"Greenest City Environmental Organization","Local",14,2529,"CFSE"
2010,"Greenest City Environmental Organization","Local",14,3500,"MNR"
2010,"Groundwater Productions","City-wide",18,9000,"TAC"
2010,"Harbourfront Centre","City-wide",20,201775,"TAC"
2010,"Harbourfront Community Centre - City Of Toronto","Local",20,31350,"CSP"
2010,"Harbourfront Community Centre - City Of Toronto","Local",20,26136,"DPCIP"
2010,"Harbourfront Community Centre - City Of Toronto","Local",20,32148,"MJR"
2010,"Hellenic Home for the Aged Inc.","City-wide",21,1000,"MNR"
2010,"Heritage - Casa Loma","Local",22,15250,"HER"
2010,"Heritage - Ontario College of Art","Local",20,25000,"HER"
2010,"Heritage-110 Bedford Road","Local",20,10000,"HER"
2010,"High Park Choirs of Toronto","Local",18,3000,"TAC"
2010,"High Park Initiatives","Local",13,1500,"CFSE"
2010,"High Park Initiatives","Local",13,4500,"MNR"
2010,"Highclass","Area services",7,10000,"INI"
2010,"Hispanic Development Council","City-wide",20,25500,"AEHR"
2010,"Hispanic Development Council","City-wide",20,31840,"CSP"
2010,"Hispanic Development Council","City-wide",20,54154.9,"HIF"
2010,"Hopscotch Collective","City-wide",14,6000,"TAC"
2010,"Hot Docs","City-wide",20,50000,"CCC"
2010,"Hot Docs","City-wide",20,28000,"TAC"
2010,"Hub 14","City-wide",19,6500,"TAC"
2010,"Humber Community Seniors Services Inc.","Area services",11,20935,"CSP"
2010,"Humber Community Seniors Services Inc.","Area services",11,11645,"SNOW"
2010,"Humberside Lawn Bowling Club","Local",13,2601,"MNR"
2010,"Hungarian Canadian Community Services (Ontario)","City-wide",21,10615,"CSP"
2010,"I Furiosi Baroque Ensemble","City-wide",14,4250,"TAC"
2010,"Immigrant Post Information Centre","Local",11,7000,"TAC"
2010,"Inside Out Film & Video Festival","City-wide",20,32000,"TAC"
2010,"InterAccess","City-wide",19,43800,"TAC"
2010,"International Readings at Harbourfront","City-wide",20,111200,"TAC"
2010,"Ipsita Nova Dance Projects","City-wide",19,5000,"TAC"
2010,"Iraqi Canadian Artists Federation","Local",15,4000,"TAC"
2010,"Islington Centre -  Etobicoke Senior Citizens","Area services",5,31330,"CSP"
2010,"IXOK Theatre Collective","City-wide",13,5000,"TAC"
2010,"J. D. Griffin Adolescent Centre","City-wide",24,24512,"APCIP"
2010,"Jamaican Canadian Association","City-wide",7,53605,"CSP"
2010,"Janak Khendry Dance Company","City-wide",18,6000,"TAC"
2010,"Jane Finch Community and Family Centre","Local",8,14000,"AEHR"
2010,"Jane Finch Community and Family Centre","Local",8,131180,"CSP"
2010,"Jane Finch Community and Family Centre","Local",8,17690,"GT"
2010,"Jane-Finch On the Move","Local",8,11000,"AEHR"
2010,"Jubilate Singers","City-wide",20,5000,"TAC"
2010,"Junction Forum for Arts and Culture","Local",13,7000,"TAC"
2010,"Justina M. Barnicke Gallery","City-wide",20,4500,"TAC"
2010,"Kababayan Community Service Centre","City-wide",14,14000,"AEHR"
2010,"Kababayan Community Service Centre","City-wide",14,30600,"CSP"
2010,"Kadozuke Kollektif","City-wide",18,5500,"TAC"
2010,"Kaeja d'Dance","City-wide",20,30900,"TAC"
2010,"Kapisanan Philippine Centre","City-wide",20,3500,"TAC"
2010,"KCWA Family and Social Services","City-wide",20,26535,"CSP"
2010,"Kemi-Contemporary Dance Projects","City-wide",14,7000,"TAC"
2010,"Keys to the Studio","City-wide",14,7000,"TAC"
2010,"Kipling Comm. Council Coalition (w/ Rexdale Comm. Health Ctr)","Local",4,12402,"DPCIP"
2010,"Kitchen Band Productions","City-wide",18,6000,"TAC"
2010,"Koffler Gallery","City-wide",10,50000,"TAC"
2010,"Korean Canadian Symphony Orchestra","City-wide",19,6000,"TAC"
2010,"Korean Senior Citizens Society of Toronto","City-wide",19,20400,"CSP"
2010,"Lab Cab Festival","City-wide",14,8500,"TAC"
2010,"Lakeshore Area Multi-Services Project (LAMP) Inc.","Local",6,68115,"CSP"
2010,"Lakeshore Area Multi-Services Project (LAMP) Inc.","Local",6,15478,"DPCIP"
2010,"Lakeshore Arts Committee","Area services",6,97840,"LASO"
2010,"Lao Association Of Ontario","City-wide",9,28660,"CSP"
2010,"Latin St. Music","Local",15,7000,"TAC"
2010,"Lawrence Heights Inter-Organization Network (LHION)","Local",15,41000,"SDIP"
2010,"League of Canadian Poets","City-wide",20,19100,"TAC"
2010,"Learning Disabilities Association Toronto District","City-wide",23,50210,"CSP"
2010,"Leave Out Violence","Local",15,10000,"TAC"
2010,"Les Amis Concerts","City-wide",8,5000,"TAC"
2010,"Liaison of Independent Filmmakers of Toronto (LIFT)","City-wide",18,58500,"TAC"
2010,"Life Rattle","City-wide",19,2200,"TAC"
2010,"Little Pear Garden Collective","City-wide",20,11000,"TAC"
2010,"Lookup Theatre","City-wide",18,8000,"TAC"
2010,"Loop Gallery","City-wide",18,1500,"TAC"
2010,"Lost Lyrics","Local",20,10000,"TAC"
2010,"Loyola Arrupe Centre for Seniors","Local",14,15165,"CSP"
2010,"Lula Music and Arts Centre","City-wide",18,1800,"TAC"
2010,"MABELLEarts","Local",17,12000,"TAC"
2010,"MacGregor Park Art Club","Local",18,8000,"TAC"
2010,"MacKenzieRo Productions","City-wide",13,6500,"TAC"
2010,"Madbakh Women's Initiative","City-wide",3,10000,"AEHR"
2010,"Majlis Art Collective","City-wide",19,3000,"TAC"
2010,"Mammalian Diving Reflex","City-wide",20,22000,"TAC"
2010,"Manantial Neighbourhood Services","Area services",9,10000,"AEHR"
2010,"Manantial Neighbourhood Services","Area services",9,15345,"APCIP"
2010,"Mayworks","City-wide",20,23750,"TAC"
2010,"Median Contemporary","Area services",18,4000,"TAC"
2010,"Menaka Thakkar Dance Company","City-wide",23,23000,"TAC"
2010,"Mercer Union","City-wide",18,62000,"TAC"
2010,"Metro Toronto Wildcats Football Club","Local",16,3121,"MNR"
2010,"Metropolitan Action Committee on Violence Against Women & Children","City-wide",20,233255,"CSP"
2010,"Midaynta Community Services","City-wide",22,31840,"CSP"
2010,"Midaynta Community Services","City-wide",22,57448.32,"HIF"
2010,"Minor Empire","City-wide",13,2000,"TAC"
2010,"Mood Disorders Association of Ontario and Metro Toronto","City-wide",16,15925,"CSP"
2010,"MOonhORsE dance theatre","City-wide",20,10300,"TAC"
2010,"Moving Company Performance Projects","City-wide",6,5000,"TAC"
2010,"Moyo Wa Africa","Local",8,3000,"TAC"
2010,"Muay Thai Training Centres","Area services",20,2112,"MNR"
2010,"Muhtadi International Drumming Festival","City-wide",21,4000,"TAC"
2010,"Mujer, Latin American Women Organization","City-wide",19,15000,"AEHR"
2010,"Muse","City-wide",14,3500,"TAC"
2010,"Music Africa of Canada Inc.","City-wide",20,15000,"TAC"
2010,"Music Gallery","City-wide",20,79000,"TAC"
2010,"Na-Me-Res","Local",21,10000,"TAC"
2010,"Nathaniel Dett Chorale","City-wide",15,21000,"TAC"
2010,"National Ballet of Canada","City-wide",20,1148600,"MCO"
2010,"National Council of Jewish Women of Canada, Toronto Section","City-wide",10,18730,"CSP"
2010,"National Shevchenko Musical Ensemble","City-wide",19,5000,"TAC"
2010,"Native Canadian Centre of Toronto","City-wide",20,72160,"CSP"
2010,"Native Women in the Arts","City-wide",20,15500,"TAC"
2010,"Nazareth House","Local",19,123097.82,"HIF"
2010,"Necessary Angel Theatre Company","City-wide",20,65000,"TAC"
2010,"Network Integrated Street Entertainment","Local",21,10000,"INI"
2010,"New Adventures In Sound Art","Local",21,13500,"TAC"
2010,"New Canadian Community Centre","City-wide",24,1000,"CFSE"
2010,"New Canadian Community Centre","City-wide",24,38050,"CSP"
2010,"New Canadian Community Centre","City-wide",24,2000,"MNR"
2010,"New Teatro Theatre Company","City-wide",22,1500,"TAC"
2010,"Nigeria Eagles Soccer Club of Toronto","City-wide",11,3121,"MNR"
2010,"NM Laboratory of Performing Arts","City-wide",18,5000,"TAC"
2010,"North Toronto Lawn Bowling and Croquet Club","Local",25,4000,"MNR"
2010,"North York Community House","Area services",15,116010,"CSP"
2010,"North York Concert Orchestra","City-wide",25,2735,"TAC"
2010,"North York Emergency Home for Youth (Eva's Initiatives)","City-wide",20,27963,"APCIP"
2010,"North York Emergency Home for Youth (Eva's Initiatives)","City-wide",20,30921,"DPCIP"
2010,"North York Emergency Home for Youth (Eva's Initiatives)","City-wide",20,3000,"MNR"
2010,"North York Harvest Food Bank","Area services",15,21230,"CSP"
2010,"North York Harvest Food Bank","Area services",15,22400,"FSIP"
2010,"North York Seniors Centre","Area services",23,82590,"CSP"
2010,"North York Women's Resource Centre","Area services",16,28000,"CSI"
2010,"North York Women's Resource Centre","Area services",16,41365,"CSP"
2010,"North York Women's Resource Centre","Area services",16,4000,"MNR"
2010,"Northern Visions Independent Film & Video Organization","Local",20,42000,"TAC"
2010,"Northwood Neighbourhood Services","Area services",11,42040,"CSP"
2010,"OCAD Professional Gallery","City-wide",20,3000,"TAC"
2010,"Ontario Association of Art Galleries","City-wide",20,12000,"TAC"
2010,"Ontario Community Centre for the Deaf (The)","City-wide",25,12240,"CSP"
2010,"Ontario Council of Agencies Serving Immigrants","City-wide",16,25500,"CSP"
2010,"Ontario Crafts Council","City-wide",19,3500,"TAC"
2010,"Open Door Storytelling Project","Local",12,2750,"TAC"
2010,"Open Studio","City-wide",20,65000,"TAC"
2010,"Opportunity for Advancement","City-wide",20,42455,"CSP"
2010,"Orchestra Toronto","City-wide",23,18000,"TAC"
2010,"Organization of Calypso Performing Artistes","City-wide",11,3000,"TAC"
2010,"Organix Concerts","City-wide",20,3000,"TAC"
2010,"Oriana Women's Choir","City-wide",4,7000,"TAC"
2010,"Oromo Canadian Community Association of GTA","City-wide",11,27600,"CSP"
2010,"Orpheus Choir of Toronto","City-wide",16,9117,"TAC"
2010,"Outerregion","City-wide",20,1500,"TAC"
2010,"Outspoke Productions","City-wide",14,5000,"TAC"
2010,"P.A.D. - Parent Action on Drugs","City-wide",9,19305,"DPCIP"
2010,"PACT","City-wide",20,4630,"TAC"
2010,"Paprika Festival","City-wide",21,10000,"TAC"
2010,"Parent Education Network","Area services",5,23035,"CSP"
2010,"Parkdale Activity-Recreation Centre","Local",14,15000,"AEHR"
2010,"Parkdale Activity-Recreation Centre","Local",14,8000,"TAC"
2010,"Parkdale Beauty Pageant Society","Local",14,3500,"TAC"
2010,"Parkdale Community Health Centre","Area services",14,74235,"APCIP"
2010,"Parkdale Community Health Centre","Area services",14,21230,"CSP"
2010,"Parkdale Community Information Centre (PCIC)","Local",14,24590,"CSP"
2010,"Parkdale Golden Age Foundation","Area services",14,47975,"CSP"
2010,"Parkdale Golden Age Foundation","Area services",14,3641,"MNR"
2010,"Parkdale Intercultural Association","Local",14,12000,"AEHR"
2010,"Parkdale Intercultural Association","Local",14,21230,"CSP"
2010,"Parkdale Liberty Economic Development Corporation","Area services",14,6701,"CFSE"
2010,"Parkdale Young Writers' Group","Local",14,10000,"TAC"
2010,"Pax Christi Chorale","City-wide",25,9250,"TAC"
2010,"PEACH   Promoting Education and Community Health","Area services",7,45900,"CSP"
2010,"Peggy Baker Dance Projects","City-wide",19,15000,"TAC"
2010,"People and Organizations in North Toronto (P.O.I.N.T)","Area services",16,2895,"CSP"
2010,"People and Organizations in North Toronto (P.O.I.N.T)","Area services",16,2100,"MNR"
2010,"PKM Jayanti Festival","City-wide",20,2000,"TAC"
2010,"Playwrights Guild of Canada","City-wide",20,22000,"TAC"
2010,"Polycultural Immigrant and Community Services","Area services",5,26415,"CSP"
2010,"Portuguese Women 55 Plus Support Group of Ontario","Area services",19,4675,"CSP"
2010,"Power Plant","City-wide",20,141240,"TAC"
2010,"Prefix Institute of Contemporary Art","City-wide",20,17000,"TAC"
2010,"princess productions","City-wide",18,14000,"TAC"
2010,"ProArteDanza","City-wide",20,10000,"TAC"
2010,"Project Builder Arts Guild","City-wide",20,2000,"TAC"
2010,"Project Youthtube","City-wide",20,5000,"AEHR"
2010,"Project: Humanity Inc.","Local",1,2500,"TAC"
2010,"Prosserman Jewish Community Centre","City-wide",10,12110,"CSP"
2010,"Prosserman Jewish Community Centre","City-wide",10,4000,"MNR"
2010,"ProTech Media Centre by Community Microskills","Local",1,41000,"SDIP"
2010,"Public Recordings Performance Projects","City-wide",22,5000,"TAC"
2010,"R3: Roots Rythyms Resistance Artists' Collective","City-wide",17,5600,"TAC"
2010,"Raging Asian Women Taiko Drummers","City-wide",21,4000,"TAC"
2010,"Reason d'etre dance productions","City-wide",14,5000,"TAC"
2010,"Red Diva","City-wide",18,10000,"TAC"
2010,"Red Light District","City-wide",20,1500,"TAC"
2010,"Red Pepper Spectacle Arts","Area services",19,29000,"TAC"
2010,"Red Tree","Local",14,8000,"TAC"
2010,"Red Wagon Collective","Local",14,8000,"TAC"
2010,"Remix Project (The)","City-wide",4,41000,"SDIP"
2010,"Rexdale Community Health Centre","Area services",2,26000,"CSI"
2010,"Rexdale Community Health Centre","Area services",2,137975,"CSP"
2010,"Rexdale Community Health Centre","Area services",2,15949,"DPCIP"
2010,"Rexdale Community Health Centre","Area services",2,15600,"GT"
2010,"Rexdale Women's Centre","Area services",1,18000,"AEHR"
2010,"Rexdale Women's Centre","Area services",1,34835,"CSP"
2010,"Rexdale Women's Centre","Area services",1,5000,"MNR"
2010,"Roseneath Theatre","City-wide",18,57000,"TAC"
2010,"Rowers Pub Reading Series Inc.","City-wide",20,2750,"TAC"
2010,"Royal Agricultural Winter Fair","City-wide",19,939110,"LASO"
2010,"Russian-Canadian Theatrical Community Centre","City-wide",8,5680,"TAC"
2010,"Salon du Livre de Toronto","City-wide",8,5000,"TAC"
2010,"Salvador Allende Arts Festival for Peace","Area services",21,8000,"TAC"
2010,"San Lorenzo Latin American Comm. Ctre","City-wide",15,2500,"TAC"
2010,"San Romanoway Revitalization Association","Local",8,70945,"CSP"
2010,"San Romanoway Revitalization Association","Local",8,12000,"TAC"
2010,"Scadding Court Community Centre","Local",20,25000,"AEHR"
2010,"Scadding Court Community Centre","Local",20,98975,"CSP"
2010,"Scadding Court Community Centre","Local",20,13313,"DPCIP"
2010,"Scadding Court Community Centre","Local",20,13100,"GT"
2010,"Scadding Court Community Centre","Local",20,59303,"MJR"
2010,"Scaramella Concerts","City-wide",13,3000,"TAC"
2010,"Schools Without Borders","City-wide",14,104040,"APCIP"
2010,"Scream Literary Festival","City-wide",20,12000,"TAC"
2010,"Second Mile Club Of Toronto (The)","City-wide",20,58455,"CSP"
2010,"Second Mile Club Of Toronto (The)","City-wide",20,4161,"MNR"
2010,"Self Help Resource Centre","City-wide",16,13805,"CSP"
2010,"Senior Adult Services in the Annex","Local",20,23355,"CSP"
2010,"Senior Adult Services in the Annex","Local",20,4161,"MNR"
2010,"Senior Peoples' Resources in North Toronto (SPRINT)","Area services",22,87585,"CSP"
2010,"Series 8:08","City-wide",18,12000,"TAC"
2010,"Shakespeare In Action","Local",7,7000,"TAC"
2010,"Silent Voice Canada","City-wide",22,28325,"CSP"
2010,"Silent Voice Canada","City-wide",22,3121,"MNR"
2010,"Sinfonia Toronto","City-wide",24,7940,"TAC"
2010,"Sir William Campbell House Museum","City-wide",20,35959.08,"MUS"
2010,"Sister 2 Sister","Local",1,9490,"INI"
2010,"Sistering-A Woman’s Place","City-wide",19,34063,"APCIP"
2010,"Sistering-A Woman’s Place","City-wide",19,4000,"TAC"
2010,"SKETCH Working Arts For Street Involved & Homeless Youth","City-wide",20,7000,"AEHR"
2010,"SKETCH Working Arts For Street Involved & Homeless Youth","City-wide",20,81685,"DPCIP"
2010,"SKETCH Working Arts For Street Involved & Homeless Youth","City-wide",20,39000,"TAC"
2010,"Small Theatre Administrative Facility","City-wide",20,20000,"TAC"
2010,"Small World Music Society","City-wide",14,4000,"CFSE"
2010,"Small World Music Society","City-wide",14,27500,"TAC"
2010,"Social Housing Hispanic Tenants Association","Local",17,7000,"TAC"
2010,"Somali Business Development Centre","Local",11,2655,"CFSE"
2010,"Somali Business Development Centre","Local",11,2300,"TAC"
2010,"Somali Canadian Association of Etobicoke","Area services",2,21230,"CSP"
2010,"Somali Immigrant Aid Organization","Area services",11,21870,"CSP"
2010,"Somali Women and Children's Support Network","City-wide",2,36940,"CSP"
2010,"Somali Youth Association of Toronto","Local",2,31200,"CSI"
2010,"Somewhere There Creative Music Presentation","City-wide",18,4000,"TAC"
2010,"Songwriters Expo","Local",14,2500,"TAC"
2010,"Soundstreams Canada","City-wide",20,64000,"TAC"
2010,"South Asian Visual Arts Collective","City-wide",20,23000,"TAC"
2010,"South Asian Women's Centre","City-wide",18,79605,"CSP"
2010,"Southern Currents / Corrientes Del Sur","City-wide",20,18000,"TAC"
2010,"Southern Mirrors Arts and Culture","City-wide",21,7000,"TAC"
2010,"Springtide Resources, Inc.","City-wide",20,21230,"CSP"
2010,"St. Alban's Boys' and Girls' Club","Area services",20,104670,"CSP"
2010,"St. Alban's Boys' and Girls' Club","Area services",20,70509,"DPCIP"
2010,"St. Alban's Boys' and Girls' Club","Area services",20,66727,"MJR"
2010,"St. Alban's Boys' and Girls' Club","Area services",20,10000,"TAC"
2010,"St. Bernadette's Family Resource Centre","Area services",15,17500,"CSP"
2010,"St. Christopher House (The)","Area services",19,200210,"CSP"
2010,"St. Christopher House (The)","Area services",19,32271,"DPCIP"
2010,"St. Christopher House (The)","Area services",19,13770,"GT"
2010,"St. Christopher House (The)","Area services",19,61727,"MJR"
2010,"St. Christopher House (The)","Area services",19,24000,"TAC"
2010,"St. Clair West Services for Seniors, Inc.","Area services",12,46020,"CSP"
2010,"St. Matthew's Bracondale House","Area services",21,13405,"CSP"
2010,"St. Stephen's Community House","City-wide",20,9070,"AEHR"
2010,"St. Stephen's Community House","City-wide",20,107215,"CSP"
2010,"St. Stephen's Community House","City-wide",20,72828,"MJR"
2010,"Stonegate Community Health Centre","Area services",5,79490,"CSP"
2010,"Stop Community Food Centre (The)","Area services",17,15400,"AEHR"
2010,"Stop Community Food Centre (The)","Area services",17,3067,"CFSE"
2010,"Stop Community Food Centre (The)","Area services",17,25500,"CSP"
2010,"Storefront Humber Inc.","Local",6,26570,"CSP"
2010,"Storefront Humber Inc.","Local",6,17170,"SNOW"
2010,"Story Planet","City-wide",20,8000,"TAC"
2010,"Storytellers School of Toronto","City-wide",21,22850,"TAC"
2010,"Stranger Theatre","City-wide",18,5000,"TAC"
2010,"Student Assistance in North Toronto for Seniors","Local",25,10300,"SNOW"
2010,"Studio 180 Theatre Company","City-wide",20,10000,"TAC"
2010,"Subtle Technologies","City-wide",20,14000,"TAC"
2010,"SummerWorks Theatre Festival","City-wide",19,30000,"TAC"
2010,"Surayi Community Association of Ontario","Area services",2,4121,"MNR"
2010,"Swansea Area Seniors Association","Local",13,4994,"MNR"
2010,"Syme-Woolner Neighbourhood & Family Centre","Area services",12,90335,"CSP"
2010,"Syme-Woolner Neighbourhood & Family Centre","Area services",12,3900,"MNR"
2010,"Tafelmusik","City-wide",20,140000,"TAC"
2010,"Talisker Players Chamber  Music","City-wide",20,5000,"TAC"
2010,"Tarragon Theatre","City-wide",21,190000,"TAC"
2010,"Teresa Group (The)","City-wide",22,26535,"CSP"
2010,"Theatre Centre","City-wide",19,82000,"TAC"
2010,"Theatre Columbus","City-wide",20,41000,"TAC"
2010,"Theatre Direct Canada","City-wide",21,63000,"TAC"
2010,"Theatre Gargantua","City-wide",18,11075,"TAC"
2010,"Theatre Ontario","City-wide",20,11500,"TAC"
2010,"Theatre Passe Muraille","City-wide",20,151275,"TAC"
2010,"Theatre Run","City-wide",18,8000,"TAC"
2010,"Theatre Rusticle","City-wide",18,8000,"TAC"
2010,"Theatre Smith-Gilmour","City-wide",20,41000,"TAC"
2010,"Theatrefront","City-wide",14,10000,"TAC"
2010,"Tibetan Canadian Culture Centre","City-wide",5,7000,"AEHR"
2010,"Tobermory Community Activities","Local",8,8000,"AEHR"
2010,"Toca Loca","City-wide",18,3600,"TAC"
2010,"Tones of Voice","City-wide",21,6000,"TAC"
2010,"Toronto Alliance for the Performing Arts","City-wide",20,40000,"CCC"
2010,"Toronto Alliance for the Performing Arts","City-wide",20,73500,"TAC"
2010,"Toronto Animated Image Society","City-wide",14,5500,"TAC"
2010,"Toronto Artscape","City-wide",19,264020,"MCO"
2010,"Toronto Association of Business Improvement Areas (TABIA)","City-wide",13,40000,"CCC"
2010,"Toronto Blues Society","City-wide",19,27000,"TAC"
2010,"Toronto Book and Magazine Fair","City-wide",14,37500,"TAC"
2010,"Toronto Chamber Choir","City-wide",13,7500,"TAC"
2010,"Toronto Children's Chorus","City-wide",22,28000,"TAC"
2010,"Toronto Coalition for Better Child Care","City-wide",19,15600,"AEHR"
2010,"Toronto Coalition for Better Child Care","City-wide",19,21230,"CSP"
2010,"Toronto Community & Culture Centre","City-wide",20,8000,"AEHR"
2010,"Toronto Community & Culture Centre","City-wide",20,15925,"CSP"
2010,"Toronto Community & Culture Centre","City-wide",20,3101,"MNR"
2010,"Toronto Community Garden Network","City-wide",21,1250,"CFSE"
2010,"Toronto Consort","City-wide",20,19000,"TAC"
2010,"Toronto Early Music Centre","City-wide",20,5250,"TAC"
2010,"Toronto Festival of Clowns","City-wide",19,4000,"TAC"
2010,"Toronto Food Business Incubator (TFBI)","City-wide",7,50000,"CCC"
2010,"Toronto Foundation for Student Success","City-wide",12,3083712.03,"SNP"
2010,"Toronto Free Gallery","City-wide",18,4000,"TAC"
2010,"Toronto International Film Festival","City-wide",20,8e+05,"MCO"
2010,"Toronto Jewish Film Festival","City-wide",20,12000,"TAC"
2010,"Toronto Jewish Folk Choir","City-wide",16,5800,"TAC"
2010,"Toronto Masque Theatre","City-wide",20,6000,"TAC"
2010,"Toronto Mendelssohn Choir","City-wide",20,60900,"TAC"
2010,"Toronto New Music Projects","City-wide",18,5000,"TAC"
2010,"Toronto Photographers Workshop","City-wide",19,61000,"TAC"
2010,"Toronto Rape Crisis Centre/Multicultural Against Rape","City-wide",20,38345,"CSP"
2010,"Toronto Reel Asian International Film Festival","City-wide",20,25000,"TAC"
2010,"Toronto Sketch Comedy Festival Group","City-wide",18,5000,"TAC"
2010,"Toronto Small Press Group","City-wide",19,5000,"TAC"
2010,"Toronto Summer Music Foundation","City-wide",19,3000,"TAC"
2010,"Toronto Symphony Orchestra","City-wide",20,1134036,"MCO"
2010,"Toronto Synchronized Swimming Club","Area services",22,3000,"MNR"
2010,"Toronto Urban Music Festival Incorporated","City-wide",11,3000,"TAC"
2010,"Toronto Women's City Alliance","City-wide",20,30000,"AEHR"
2010,"Tower Labs","City-wide",8,50000,"CCC"
2010,"Trailblazers Tandem Cycling Club","City-wide",3,5000,"AEHR"
2010,"Trailblazers Tandem Cycling Club","City-wide",3,2000,"MNR"
2010,"Trigger Collective","City-wide",19,1950,"TAC"
2010,"Trinity Square Video","City-wide",20,50000,"TAC"
2010,"Ukrainian Canadian Social Services (Toronto) Inc.","City-wide",13,35070,"CSP"
2010,"Unit Productions","City-wide",15,3000,"TAC"
2010,"University of Toronto Art Centre","City-wide",20,2000,"TAC"
2010,"University of Toronto Track and Field Club","City-wide",20,28371,"MJR"
2010,"University Settlement","Local",20,4000,"CFSE"
2010,"University Settlement","Local",20,54135,"CSP"
2010,"University Settlement","Local",20,74217,"MJR"
2010,"University Settlement","Local",20,23500,"TAC"
2010,"Univox Choir Toronto","City-wide",18,4750,"TAC"
2010,"Urban Alliance on Race Relations","City-wide",20,41000,"AEHR"
2010,"UrbanArts Community Arts Council","Local",11,25000,"FSIP"
2010,"UrbanArts Community Arts Council","Local",11,23410,"GT"
2010,"UrbanArts Community Arts Council","Local",11,94635,"LASO"
2010,"urbanvessel","City-wide",13,8500,"TAC"
2010,"V Tape","City-wide",20,52000,"TAC"
2010,"Vagabond Trust","City-wide",20,3200,"TAC"
2010,"Vanguardia Dance Projects","City-wide",18,6000,"TAC"
2010,"Vermont Square Parent Child Mother Goose Program","City-wide",19,23770,"CSP"
2010,"Vertical City Project","City-wide",14,3000,"TAC"
2010,"Vesnivka Choir Inc.","City-wide",13,8000,"TAC"
2010,"Victoria Scholars Men's Choral Ensemble","City-wide",4,6600,"TAC"
2010,"VideoCabaret International","City-wide",20,54800,"TAC"
2010,"Vietnamese Women's Association Toronto","City-wide",17,9000,"AEHR"
2010,"Vietnamese Women's Association Toronto","City-wide",17,22000,"CSI"
2010,"Vietnamese Women's Association Toronto","City-wide",17,2107,"CFSE"
2010,"Vietnamese Women's Association Toronto","City-wide",17,53070,"CSP"
2010,"Vietnamese Women's Association Toronto","City-wide",17,2100,"MNR"
2010,"Villa Colombo Homes For The Aged","City-wide",15,27665,"CSP"
2010,"VIVA! Youth Singers of Toronto","City-wide",20,7000,"TAC"
2010,"Volcano Non-Profit Productions Inc.","City-wide",19,32000,"TAC"
2010,"Volunteer Centre of Toronto","City-wide",20,177280,"CSP"
2010,"Wahoo's Dragon Boating","Area services",20,500,"MNR"
2010,"Waterfront Trail Artists","Local",6,1556,"CFSE"
2010,"Waterfront Trail Artists","Local",6,3800,"MNR"
2010,"Wavelength Music Arts Projects","City-wide",20,6500,"TAC"
2010,"Waves","City-wide",20,3000,"TAC"
2010,"We Help Youth","Local",3,6155,"INI"
2010,"Wedge Curatorial Projects","City-wide",20,2500,"TAC"
2010,"Wells Hill Lawn Bowling Club","Local",21,2601,"MNR"
2010,"West Toronto Lawn Bowling Club","Local",14,3670,"MNR"
2010,"West Toronto Support Services for Senior Citizens and the Disabled Inc.","Area services",18,38540,"CSP"
2010,"Weston Minor Hockey League","Local",11,12500,"MNR"
2010,"Weston Village B.I.A.","Local",11,4500,"CFSE"
2010,"Why Not Theatre","City-wide",3,6000,"TAC"
2010,"Wild Tomato Arts","City-wide",19,2000,"TAC"
2010,"Wildflowers Art Collective","City-wide",14,7000,"TAC"
2010,"Woman Abuse Council of Toronto","City-wide",12,53070,"CSP"
2010,"Women's Art Resource Centre","City-wide",20,37000,"TAC"
2010,"Women's Counselling Referral & Education Centre (W.C.R.E.C.)","City-wide",19,30420,"CSP"
2010,"Workers Action Centre","City-wide",20,20000,"AEHR"
2010,"Workers Action Centre","City-wide",20,50940,"CSP"
2010,"Working Women Community Centre","City-wide",18,25000,"CSI"
2010,"Working Women Community Centre","City-wide",18,113509,"CSP"
2010,"Working Women Community Centre","City-wide",18,14565,"GT"
2010,"Working Women Community Centre","City-wide",18,8000,"TAC"
2010,"Workman Arts Project","City-wide",18,7500,"TAC"
2010,"Worlds of Music Toronto","City-wide",19,12000,"TAC"
2010,"Wychwood Open Door Drop-in Centre","Local",21,750,"CFSE"
2010,"XPACE Cultural Centre","City-wide",19,1000,"TAC"
2010,"York Community Services","Local",11,28040,"CSP"
2010,"York Community Services","Local",11,16975,"SNOW"
2010,"York Swim Club","Local",11,10404,"MNR"
2010,"York West Active Living Centre","Local",11,67925,"CSP"
2010,"York West Active Living Centre","Local",11,5202,"MNR"
2010,"York Youth Coalition","Local",11,41000,"SDIP"
2010,"York-Fairbank Centre For Seniors","Area services",15,90475,"CSP"
2010,"York-Fairbank Centre For Seniors","Area services",15,15000,"MNR"
2010,"York-Fairbank Centre For Seniors","Area services",15,32255,"SNOW"
2010,"Yorkminster Park Meals on Wheels","Area services",22,8215,"CSP"
2010,"Yorktown Child and Family Centre","Area services",17,31845,"CSP"
2010,"Youth 4 Youth","Local",15,7500,"INI"
2010,"Youth Action Network","City-wide",20,30000,"AEHR"
2010,"Youth Action Network","City-wide",20,10000,"INI"
2010,"Youth Assisting Youth","City-wide",23,45930,"CSP"
2010,"Youth Assisting Youth","City-wide",23,16747,"DPCIP"
2010,"Youth Assisting Youth","City-wide",23,4000,"MNR"
2010,"YYZ Artists' Outlet","City-wide",20,65000,"TAC"
2011,"60 Painters","City-wide",6,3000,"TAC"
2011,"106 & York Urban Arts Festival","City-wide",23,12000,"TAC"
2011,"1652 Keele","City Wide",12,8320,"OTHER"
2011,"180 Change Street","City Wide",14,8000,"TAC"
2011,"416 Festival Collective","City-wide",20,3500,"TAC"
2011,"A Space Gallery","City-wide",20,62000,"TAC"
2011,"Abilities Arts Festival","City Wide",20,7000,"TAC"
2011,"Abrigo Centre","City-wide",18,94950,"CSP"
2011,"Academy of Latin Baseball of Toronto Inc","City-wide",11,3300,"MNR"
2011,"Access Alliance Multicultural Health And Community Services","City-wide",20,52855,"CSP"
2011,"Actor's Playhouse Collective","City-wide",20,2000,"TAC"
2011,"Adelheid Dance","City-wide",19,6550,"TAC"
2011,"African Canadian Children's Literary Festival","City-wide",8,5000,"TAC"
2011,"African Canadian Social Development Council","City-wide",20,31840,"CSP"
2011,"AfriCan Theatre Ensemble","City-wide",19,13500,"TAC"
2011,"African Training & Employment Centre of Toronto (ATEC)","City-wide",21,31840,"CSP"
2011,"Afro-Caribbean Dance Group","City-wide",24,13000,"TAC"
2011,"Against the Grain Theatre","City-wide",20,5000,"TAC"
2011,"Albion Neighbourhood Services","Area services",1,103870,"CSP"
2011,"Albion Neighbourhood Services","Area services",1,218171.64,"HIF"
2011,"Aldeburgh Connection","City-wide",20,8500,"TAC"
2011,"Alexandra Park Community Centre","City-wide",20,2500,"CFSE"
2011,"Alias Dance Project","City-wide",20,5000,"TAC"
2011,"Alliance Française de Toronto","City-wide",20,2500,"TAC"
2011,"Aluna Theatre","City-wide",19,15000,"TAC"
2011,"AMA Project","City-wide",20,2075,"TAC"
2011,"Amadeus Choir of Greater Toronto","City-wide",23,25375,"TAC"
2011,"Amici Chamber Ensemble","City-wide",20,11750,"TAC"
2011,"Anandam Dancetheatre Productions","City-wide",20,6000,"TAC"
2011,"Angel Foundation for Learning","City-wide",23,764029,"SNP"
2011,"Aphasia Institute","City-wide",25,20170,"CSP"
2011,"Arab Community Centre of Toronto (The)","City-wide",3,25000,"AEHR"
2011,"Arab Community Centre of Toronto (The)","City-wide",3,35700,"CSP"
2011,"Aradia Ensemble","City-wide",20,7000,"TAC"
2011,"Argonaut Rowing Club","City-wide",14,6000,"MNR"
2011,"Arraymusic","City-wide",20,38090,"TAC"
2011,"Art Bar Poetry Series","City-wide",19,7000,"TAC"
2011,"Art for Commuters","City-wide",19,2500,"TAC"
2011,"Art Gallery of Ontario","City-wide",20,540000,"MCO"
2011,"Art Gallery of Ontario","City-wide",20,10000,"HER"
2011,"Art Gallery of York University","City-wide",8,33000,"TAC"
2011,"Art Metropole","City-wide",19,27172,"TAC"
2011,"Art of Time Ensemble","City-wide",20,10250,"TAC"
2011,"Art Starts Neighbourhood Cultural Centre","Area services",15,12074,"DPCIP"
2011,"Art Starts Neighbourhood Cultural Centre","Area services",15,19145,"GT"
2011,"Art Starts Neighbourhood Cultural Centre","Area services",15,65000,"TAC"
2011,"Artists Film Exhibition Group","City-wide",19,23000,"TAC"
2011,"Arts Etobicoke","Area services",5,227530,"LASO"
2011,"Arts For Children And Youth","Area services",20,24875,"DPCIP"
2011,"Arts For Children And Youth","Area services",20,11000,"TAC"
2011,"Arts4All","Local",17,13000,"TAC"
2011,"Ashkenaz Foundation","City-wide",20,30000,"TAC"
2011,"Asian Arts Freedom School","City-wide",20,10000,"TAC"
2011,"Assaulted Women's Helpline","City-wide",20,53065,"CSP"
2011,"Association of Improvising Musicians Toronto","City-wide",14,3000,"TAC"
2011,"Assocation of Registered Interior Designers of Ontario & The interior Designers of Canada (IDC)","City-wide",19,24857,"CCC"
2011,"Azure Rivers","City-wide",20,3000,"TAC"
2011,"b current","Area services",20,20000,"TAC"
2011,"Bach Children's Chorus of Scarborough","City-wide",23,18500,"TAC"
2011,"Ballet Creole","City-wide",20,25000,"TAC"
2011,"Ballet Jorgen","City-wide",20,77000,"TAC"
2011,"Barbra Schlifer Commemorative Clinic","City-wide",19,29725,"CSP"
2011,"Bathurst-Finch Network (BFN)","Area Service",10,40000,"SDIP"
2011,"Batuki Music Society","City-wide",20,4000,"TAC"
2011,"Bereaved Families of Ontario - Toronto","City-wide",20,60845,"CSP"
2011,"Bernard Betel Centre for Creative Living","Area services",10,110960,"CSP"
2011,"Better Living Health and Community Services","Area services",25,188360,"CSP"
2011,"Bikur Cholim Volunteer Services","City-wide",15,14865,"CSP"
2011,"blackandblue dance Pprojects","City-wide",14,6500,"TAC"
2011,"Black Creek Community Health Centre","Local",7,5100,"GT"
2011,"Blind Sailing Association of Canada","City-wide",24,1500,"MNR"
2011,"Bloor Improvement Group","Local",18,1000,"TAC"
2011,"Bloor Information and Life Skills Centre","City-wide",19,31735,"CSP"
2011,"Blue Balloon Productions","Local",20,1500,"TAC"
2011,"Boss Magazine","Area Services",7,10000,"INI"
2011,"BoucharDanse","City-wide",20,5000,"TAC"
2011,"Boundless Adventures Association","City-wide",21,5200,"MNR"
2011,"Box Collective","City-wide",20,3200,"TAC"
2011,"Braeburn Neighbourhood Place","Local",2,43130,"CSP"
2011,"Braeburn Neighbourhood Place","Local",2,5500,"MNR"
2011,"Breakaway Addiction Services","Area services",5,32819,"APCIP"
2011,"Break it Down Dance Initiatives","City-wide",20,7000,"TAC"
2011,"Bright Future Alliance","City-wide",14,10000,"INI"
2011,"Canada Clown","City-wide",14,6000,"TAC"
2011,"Canadian Alliance of Dance Artists","City-wide",20,11250,"TAC"
2011,"Canadian Art Foundation","City-wide",20,4000,"TAC"
2011,"Canadian Cambodian Association of Ontario","City-wide",8,28660,"CSP"
2011,"Canadian Children's Opera Company","City-wide",20,20500,"TAC"
2011,"Canadian Film Centre","City-wide",20,9000,"TAC"
2011,"Canadian Film in the Schools","Area services",20,2500,"TAC"
2011,"Canadian Filmmakers Distribution Centre","City-wide",20,38000,"TAC"
2011,"Canadian Hearing Society (The)","City-wide",22,15715,"CSP"
2011,"Canadian Mental Health Association Toronto Branch (The)","City-wide",15,15925,"CSP"
2011,"Canadian Red Cross, Toronto Region","City-wide",22,25385,"CSP"
2011,"CanAsian Dance Festival","City-wide",20,13400,"TAC"
2011,"CANES Community Care (Central and Northern Etobicoke Home Support Services)","Area services",1,59845,"CSP"
2011,"Canzine Arts Festival","City-wide",20,4000,"TAC"
2011,"CARFAC Ontario","City-wide",20,16312,"TAC"
2011,"Caribbean Global Missions / Belka Enrichment","Area services",8,30000,"CSI"
2011,"Carlos Bulosan Theatre","City-wide",20,12350,"TAC"
2011,"Cart/Horse Theatre","City-wide",20,4000,"TAC"
2011,"Casa Cultural Colombiana","City-wide",20,1800,"CFSE"
2011,"Casa Cultural Colombiana","City-wide",20,7000,"TAC"
2011,"Cecil Community Centre","Area  services",20,4575,"CSP"
2011,"Cecil Community Centre","Area  services",20,21480,"GT"
2011,"Cecil Community Centre","Area  services",20,12500,"MNR"
2011,"Central Eglinton Community Centre","Area services",22,32305,"CSP"
2011,"Central Toronto Community Health Centres","Area Services",19,70756,"APCIP"
2011,"Central Toronto Community Health Centres","Area Services",19,40525,"DPCIP"
2011,"Central Toronto Community Health Centres","Area Services",19,15000,"TAC"
2011,"Centre for Aboriginal Media","City-wide",20,28000,"TAC"
2011,"Centre for Equality Rights in Accommodation","City-wide",20,80704.87,"HIF"
2011,"Centre for Independent Living in Toronto","City-wide",20,21235,"CSP"
2011,"Centre for Indigenous Theatre","City-wide",20,32000,"TAC"
2011,"Centre for Social Innovation (CSI)","City-wide",20,45000,"CCC"
2011,"Centre For Spanish Speaking Peoples (The)","City-wide",9,22500,"AEHR"
2011,"Centre For Spanish Speaking Peoples (The)","City-wide",9,15000,"CSI"
2011,"Centre For Spanish Speaking Peoples (The)","City-wide",9,56000,"CSP"
2011,"Centre For Spanish Speaking Peoples (The)","City-wide",9,19149,"DPCIP"
2011,"Centre For Spanish Speaking Peoples (The)","City-wide",9,3000,"MNR"
2011,"Chappie Musical Project","City-wide",20,4000,"TAC"
2011,"Charles Street Video","City-wide",19,54500,"TAC"
2011,"Chimera Project","City-wide",20,10000,"TAC"
2011,"Cinefranco","City-wide",20,2000,"TAC"
2011,"Chinese Canadian National Council Toronto Chapter","City-wide",20,30000,"AEHR"
2011,"Chinese Canadian National Council Toronto Chapter","City-wide",20,31840,"CSP"
2011,"Choirs Ontario","City-wide",20,3500,"TAC"
2011,"Chris Langan Weekend","City-wide",20,3000,"TAC"
2011,"Christie Ossington Neighbourhood Centre","Area services",19,56250,"CSP"
2011,"Christie Ossington Neighbourhood Centre","Area services",19,21480,"GT"
2011,"Christie Ossington Neighbourhood Centre","Area services",19,6000,"MNR"
2011,"Circle of Home Care Services (Toronto)","City-wide",10,89400,"CSP"
2011,"Circolo dell'Anziano ""Le Caravelle""","Local",19,1200,"MNR"
2011,"Classical Music Consort","City-wide",20,3500,"TAC"
2011,"Clay and Paper Theatre","Local",18,16500,"TAC"
2011,"COBA Collective of Black Artists","City-wide",20,19575,"TAC"
2011,"Community Action Resource Centre","Area services",12,125385,"CSP"
2011,"Community Action Resource Centre","Area services",12,9100,"MNR"
2011,"Community Association for Riding for the Disabled (CARD)","City-wide",10,2800,"CFSE"
2011,"Community Association for Riding for the Disabled (CARD)","City-wide",10,15300,"MNR"
2011,"Community MicroSkills Development Centre","City-wide",2,48700,"CCC"
2011,"Community MicroSkills Development Centre","City-wide",2,42455,"CSP"
2011,"Company Theatre Crisis","City-wide",20,3000,"TAC"
2011,"Contact Contemporary Music","City-wide",20,7250,"TAC"
2011,"Contact Toronto Photography Festival","City-wide",20,6000,"TAC"
2011,"Continuum","City-wide",20,16000,"TAC"
2011,"Corpus Dance Projects","City-wide",19,24000,"TAC"
2011,"COSTI Immigrant Services","Area services",17,116860,"CSP"
2011,"COSTI Immigrant Services","Area services",17,327728.62,"HIF"
2011,"Crime Prevention Association of Toronto","City-wide",25,114095,"CSP"
2011,"Crooked Figure Dances","City-wide",14,8000,"TAC"
2011,"Cross Toronto Community Development Corp. (Fresh Start Cleaning)","Area services",19,59922.88,"HIF"
2011,"Cross-Cultural Community Services Association (The)","City-wide",20,24055,"CSP"
2011,"Crow's Theatre Company","City-wide",20,24000,"TAC"
2011,"CultureLink Settlement Services","City-wide",14,23000,"AEHR"
2011,"CultureLink Settlement Services","City-wide",14,52940,"CSP"
2011,"Da Capo Productions","City-wide",20,3000,"TAC"
2011,"Dance Immersion","City-wide",20,22000,"TAC"
2011,"Dance Matters Dance Productions","City-wide",14,8000,"TAC"
2011,"DanceWorks","City-wide",20,49000,"TAC"
2011,"Davenport Dufferin Community Centre","Local",17,800,"MNR"
2011,"Davenport Perth Neighbourhood Centre","Area services",17,22899,"APCIP"
2011,"Davenport Perth Neighbourhood Centre","Area services",17,78260,"CSP"
2011,"Davenport Perth Neighbourhood Centre","Area services",17,19690,"DPCIP"
2011,"Davenport Perth Neighbourhood Centre","Area services",17,21480,"GT"
2011,"Dejinta Beesha Somali Multi Service Centre","Area services",2,39813,"CSP"
2011,"Dejinta Beesha Somali Multi Service Centre","Area services",2,2000,"MNR"
2011,"Delta Family Resource Centre","Area services",9,98520,"CSP"
2011,"Descant Arts and Letters Foundation","City-wide",20,2000,"TAC"
2011,"Diaspora Dialogues Charitable Society","City-wide",20,15000,"TAC"
2011,"Diaspora Film Festival Group","City-wide",20,3000,"TAC"
2011,"Dixon Community Services","Local",4,48960,"CSP"
2011,"Documentary Organization of Canada, Toronto Chapter","City-wide",20,3500,"TAC"
2011,"Don Mills Civitan Club","Local",25,2800,"MNR"
2011,"Doorsteps Neighbourhood Services","Area Services",7,111460,"CSP"
2011,"Doorsteps Neighbourhood Services","Area Services",7,4000,"MNR"
2011,"Dovercourt Boys and Girls Club","Local",18,48264,"OTHER"
2011,"Downsview Services to Seniors, Inc.","Area services",10,77320,"CSP"
2011,"Dreamwalker Dance Co.","City-wide",20,12000,"TAC"
2011,"Drum Artz Canada","Area services",17,12000,"TAC"
2011,"Earthworks Community Music","City-wide",20,1500,"TAC"
2011,"Earwitness Productions","City-wide",20,1000,"TAC"
2011,"Edge of the Woods Theatre","Local",17,4000,"TAC"
2011,"Education Through Media","Area services",14,15000,"AEHR"
2011,"Eight Fest Small-Gauge Film Festival","City-wide",20,5000,"TAC"
2011,"Elderly Vietnamese Association, Toronto","City-wide",14,15265,"CSP"
2011,"Elspeth Heyworth Centre for Women","Area services",8,11470,"AEHR"
2011,"Elspeth Heyworth Centre for Women","Area services",8,2900,"CFSE"
2011,"Elspeth Heyworth Centre for Women","Area services",8,25910,"CSP"
2011,"Enchanted","Local",1,7296,"INI"
2011,"Epilepsy Toronto","City-wide",22,31870,"CSP"
2011,"Epilepsy Toronto","City-wide",22,5200,"MNR"
2011,"Eritrean Canadian Community Centre of Metropolitan Toronto","City-wide",21,26535,"CSP"
2011,"Esmeralda Enrique Spanish Dance Company","City-wide",20,20000,"TAC"
2011,"Esprit Orchestra","City-wide",20,82500,"TAC"
2011,"Etobicoke Centennial Choir","Area services",4,4750,"TAC"
2011,"Etobicoke Community Concert Band","City-wide",4,6500,"TAC"
2011,"Etobicoke Handweavers & Spinners Guild","City-wide",3,1200,"TAC"
2011,"Etobicoke Philharmonic Orchestra","Area services",4,7000,"TAC"
2011,"Etobicoke Services For Seniors","Area services",2,35215,"CSP"
2011,"Etobicoke Services For Seniors","Area services",2,10000,"MNR"
2011,"Evangel Hall","Local",20,55238.76,"HIF"
2011,"Eva's Initiatives for Homeless Youth","City-wide",20,27490,"APCIP"
2011,"Eva's Initiatives for Homeless Youth","City-wide",20,8000,"MNR"
2011,"Events in Real Time","City-wide",19,1000,"TAC"
2011,"Eventual Ashes","City-wide",19,9000,"TAC"
2011,"Evergreen Club Contemporary Gamelan","City-wide",20,9500,"TAC"
2011,"Exchange Rate Collective","City-wide",14,4000,"TAC"
2011,"Extend A Family","City-wide",16,21230,"CSP"
2011,"Exultate Chamber Singers","City-wide",20,5000,"TAC"
2011,"Factory Theatre","City-wide",20,38000,"HER"
2011,"Factory Theatre","City-wide",20,155775,"TAC"
2011,"FADO Performance Inc.","City-wide",20,23000,"TAC"
2011,"Family Supports Institute Ontario","City-wide",19,12735,"CSP"
2011,"Festival Management Committee/Toronto Caribbean Carnival-Caribana","City-wide",20,494190,"MCO"
2011,"Film Diaries: Her Stories","Area services",12,10000,"INI"
2011,"FindHelp","City-wide",20,545170,"FIND.HELP"
2011,"Firgrove Community Health Centre","Local",7,20840,"SDIP"
2011,"First Portuguese Canadian Cultural Centre of Toronto","Area services",17,12240,"CSP"
2011,"FoodShare Toronto","City-wide",18,191176,"CSP"
2011,"For You Telecare Family Service","City-wide",25,12875,"CSP"
2011,"For You Telecare Family Service","City-wide",25,1000,"MNR"
2011,"For Youth Initiative in Toronto","Area services",12,92495,"CSP"
2011,"Force for Cultural Events Production Inc.","City-wide",18,3075,"TAC"
2011,"Franco-fete de la communaute urbaine de Toronto","City-wide",20,3500,"TAC"
2011,"Franklin Carmichael Art Group","Area services",1,4500,"TAC"
2011,"Franklin Horner Community Centre","Local",6,26015,"CSP"
2011,"Friendly Spike Theatre Band","City-wide",14,4500,"TAC"
2011,"Fringe of Toronto","City-wide",21,72000,"TAC"
2011,"Frontline Partners with Youth Network (FPYN)","City-wide",20,30000,"CSI"
2011,"Frontline Partners with Youth Network (FPYN)","City-wide",20,41000,"SDIP"
2011,"fu-GEN Theatre Company","City-wide",20,11000,"TAC"
2011,"Fujiwara Dance Inventions","City-wide",20,15000,"TAC"
2011,"Funkabelly Collective","City-wide",18,2000,"TAC"
2011,"FutureWatch Environment & Development Education Partners (EDEP)","Local",13,5000,"CFSE"
2011,"Gadfly","City-wide",20,8000,"TAC"
2011,"Gallery 44","City-wide",20,68000,"TAC"
2011,"Gatehouse Child Abuse Advocacy Centre (The)","City-wide",6,21230,"CSP"
2011,"George S. Syme Seniors Centre of York","Area services",11,80455,"CSP"
2011,"Ghanaian Canadian Multicultural Community Centres","Local",1,10000,"INI"
2011,"Glebe Manor Lawn Bowling Club Ltd.","Local",16,4500,"MNR"
2011,"Grassroots Youth Collaborative","City-wide",14,24700,"CSI"
2011,"Greenest City Environmental Organization","Local",14,2200,"CFSE"
2011,"Greenest City Environmental Organization","Local",14,3500,"MNR"
2011,"Greetings from Motherland","Local",20,9000,"TAC"
2011,"Griffin Centre Mental Health Services (J D Griffith Adolescent Centre)","City-wide",24,6458,"APCIP"
2011,"Griffin Centre Mental Health Services (J D Griffith Adolescent Centre)","City-wide",24,30649,"DPCIP"
2011,"Good Hair Day Productions","City-wide",20,5500,"TAC"
2011,"Good Vibes","Area services",15,9875,"INI"
2011,"Harbourfront Centre","City-wide",20,201775,"TAC"
2011,"Harbourfront Community Centre - City Of Toronto","Local",20,63498,"CSP"
2011,"Harbourfront Community Centre - City Of Toronto","Local",20,31261,"DPCIP"
2011,"Harold Green Jewish Theatre Company","City-wide",21,5000,"TAC"
2011,"Hellenic Home for the Aged Inc.","City-wide",21,1000,"MNR"
2011,"Heritage - 7 Draper Street","Local",20,7500,"HER"
2011,"Heritage - 20 Draper Street","Local",20,7500,"HER"
2011,"Heritage - 27 Prince Arthur","Local",20,5000,"HER"
2011,"Heritage-29 Prince Arthur","Local",20,5000,"HER"
2011,"Heritage - 652 Queen Street","Local",19,30000,"HER"
2011,"Heritage - 292 Robert Street","Local",20,5000,"HER"
2011,"Heritage - 292a Robert Street","Local",20,2000,"HER"
2011,"High Park Choirs of Toronto","City-wide",13,5000,"TAC"
2011,"High Park Initiatives","Local",13,4500,"MNR"
2011,"Hispanic Development Council","City-wide",20,25500,"AEHR"
2011,"Hispanic Development Council","City-wide",20,31840,"CSP"
2011,"Hispanic Development Council","City-wide",20,54154.9,"HIF"
2011,"Horizons for Youth","Local",17,9000,"TAC"
2011,"Hot Docs Canadian International Documentary Festival","City-wide",20,24856,"CCC"
2011,"Hot Docs Canadian International Documentary Festival","City-wide",20,28000,"TAC"
2011,"Humber Community Seniors Services Inc.","Area services",11,32580,"CSP"
2011,"Humberside Lawn Bowling Club","Local",13,2600,"MNR"
2011,"Hungarian Canadian Community Services (Ontario)","City-wide",21,10615,"CSP"
2011,"I Furiosi Baroque Ensemble","City-wide",22,1500,"TAC"
2011,"IMPACT Indian Martial and Performance","Area services",18,8784,"TAC"
2011,"Inside Out Film & Video Festival","City-wide",20,32000,"TAC"
2011,"InterAccess","City-wide",19,43800,"TAC"
2011,"International Bellydance Conference Canada","City-wide",14,7500,"TAC"
2011,"International Readings at Harbourfront","City-wide",20,111200,"TAC"
2011,"Ipsita Nova Dance Projects","City-wide",20,8000,"TAC"
2011,"Iranian Fire Festival Celebrations Committee Ontario","City-wide",23,4000,"CFSE"
2011,"Iranian Canadian Centre for Art and Culture","City-wide",20,8000,"TAC"
2011,"Iraqi Canadian Society of Ontario, The","City-wide",2,2000,"MNR"
2011,"Islington Centre -  Etobicoke Senior Citizens","Area services",5,31330,"CSP"
2011,"Jamaican Canadian Association","City-wide",7,53605,"CSP"
2011,"Jane Finch Community and Family Centre","Local",8,5000,"CFSE"
2011,"Jane Finch Community and Family Centre","Local",8,131180,"CSP"
2011,"Jane Finch Community and Family Centre","Local",8,17690,"GT"
2011,"Jane-Finch On the Move","Local",8,15200,"AEHR"
2011,"JAZZ.FM91 Inc","City-wide",14,3500,"TAC"
2011,"Jubilate Singers","City-wide",22,5000,"TAC"
2011,"junctQin","City-wide",20,1900,"TAC"
2011,"Just Bgraphic","Local",8,9000,"TAC"
2011,"Justina M. Barnicke Gallery","City-wide",20,5000,"TAC"
2011,"Kababayan Community Service Centre Inc.","City-wide",14,16000,"AEHR"
2011,"Kababayan Community Service Centre Inc.","City-wide",14,30600,"CSP"
2011,"Kaeja d'Dance","City-wide",19,30900,"TAC"
2011,"Kapisanan Philippine Centre","City-wide",20,10000,"TAC"
2011,"KCWA Family and Social Services","City-wide",20,26535,"CSP"
2011,"Keys to the Studio","City-wide",14,8000,"TAC"
2011,"Kipling Comm. Council Coalition (w/ Rexdale Comm. Health Ctr)","Local",2,14425,"DPCIP"
2011,"Kitchen Band Productions","City-wide",20,12000,"TAC"
2011,"Koffler Gallery","City-wide",10,50000,"TAC"
2011,"Korean Canadian Symphony Orchestra","City-wide",23,6000,"TAC"
2011,"Korean Dance Studies Society","City-wide",25,11325,"TAC"
2011,"Korean Senior Citizens Society of Toronto","City-wide",19,20400,"CSP"
2011,"Lab Cab Festival","City-wide",20,8000,"TAC"
2011,"Lakeshore Area Multi-Services Project (LAMP) Inc.","Local",6,68115,"CSP"
2011,"Lakeshore Arts Committee","Area services",6,97840,"LASO"
2011,"Lao Association Of Ontario","City-wide",9,28660,"CSP"
2011,"Larkin Singers","City-wide",22,2000,"TAC"
2011,"Las Perlas del Mar Productions","City-wide",21,4000,"TAC"
2011,"Latin St. Music","Area services",1,7000,"TAC"
2011,"Lawrence Heights Inter-Organization Network (LHION)","Local",15,9900,"AEHR"
2011,"Lawrence Heights Inter-Organization Network (LHION)","Local",15,41000,"SDIP"
2011,"Lawrence Park Lawn Bowling and Croquet Club","Local",25,3850,"MNR"
2011,"Le Laboratoire d'Art","City-wide",20,4000,"TAC"
2011,"Le Theatre La Tangente","City-wide",25,6500,"TAC"
2011,"League of Canadian Poets","City-wide",20,19100,"TAC"
2011,"Learning Disabilities Association Toronto District","City-wide",23,50210,"CSP"
2011,"Let Yourself be Collaborative","Area services",7,10000,"INI"
2011,"Liaison of Independent Filmmakers of Toronto (LIFT)","City-wide",18,58500,"TAC"
2011,"Life Rattle","City-wide",20,2350,"TAC"
2011,"Lost Lyrics","Area services",8,15000,"TAC"
2011,"Loyola Arrupe Centre for Seniors","Local",14,15165,"CSP"
2011,"Lula Music and Arts Centre","City-wide",18,5000,"TAC"
2011,"MABELLEarts","Local",5,12500,"TAC"
2011,"MacGregor Park Art Centre","Local",18,7000,"TAC"
2011,"MacKenzieRo Productions","City-wide",21,7500,"TAC"
2011,"Madbakh Women's Initiative","Area services",3,20000,"AEHR"
2011,"Making Room Community Arts","Local",14,10000,"TAC"
2011,"Mammalian Diving Reflex","Area services",20,22000,"TAC"
2011,"Manantial Neighbourhood Services","Area services",9,16900,"AEHR"
2011,"Manantial Neighbourhood Services","Area services",9,15990,"APCIP"
2011,"Manifesto Community Projects","Local",14,5500,"TAC"
2011,"Menaka Thakkar Dance Company","City-wide",20,23000,"TAC"
2011,"Mercer Union","City-wide",18,62000,"TAC"
2011,"Metropolitan Action Committee on Violence Against Women & Children","City-wide",20,233255,"CSP"
2011,"Metropolitan Action Committee on Violence Against Women & Children","City-wide",20,8000,"TAC"
2011,"Midaynta Community Services","City-wide",22,31840,"CSP"
2011,"Midaynta Community Services","City-wide",22,57448.32,"HIF"
2011,"Miss Caledonia Collective","City-wide",21,2000,"TAC"
2011,"Mixed Company","City-wide",19,18825,"TAC"
2011,"Mood Disorders Association of Ontario and Metro Toronto","City-wide",16,15925,"CSP"
2011,"Moore Park Lawn Bowling Club","Area services",22,3000,"MNR"
2011,"Mooredale Concerts","City-wide",20,5000,"TAC"
2011,"Morley/McCutcheon","City-wide",19,2000,"TAC"
2011,"Moveable Beast","City-wide",21,3000,"TAC"
2011,"Muay Thai Training Centres","City-wide",20,2000,"MNR"
2011,"Muddy York Arts","City-wide",18,2000,"TAC"
2011,"Music Gallery","City-wide",20,79000,"TAC"
2011,"Music Garden","City-Wide",20,12500,"OTHER"
2011,"Nagata Shachu","City-wide",20,6000,"TAC"
2011,"Nathaniel Dett Chorale","City-wide",20,21000,"TAC"
2011,"National Council of Jewish Women of Canada, Toronto Section","City-wide",10,18730,"CSP"
2011,"National Shevchenko Musical Ensemble","City-wide",15,5000,"TAC"
2011,"National Theatre of the World","City-wide",20,5000,"TAC"
2011,"Native Canadian Centre of Toronto","City-wide",20,72160,"CSP"
2011,"Native Women in the Arts","City-wide",20,15500,"TAC"
2011,"Nazareth House","Local",19,123097.82,"HIF"
2011,"Necessary Angel Theatre Company","City-wide",20,65000,"TAC"
2011,"Neptune renewal Group (eNeRGy)","Local",15,7000,"CFSE"
2011,"New Adventures In Sound Art","Area services",21,13500,"TAC"
2011,"New Canadian Community Centre","City-wide",24,25000,"CSI"
2011,"New Canadian Community Centre","City-wide",24,38050,"CSP"
2011,"New Canadian Community Centre","City-wide",24,2000,"MNR"
2011,"New Music Concerts","City-wide",20,55000,"TAC"
2011,"Nhapitapi Mbira","City-wide",18,1750,"TAC"
2011,"Nigeria Eagles Soccer Club of Toronto","Local",7,3100,"MNR"
2011,"Nomanzland","Area services",8,10000,"INI"
2011,"North Toronto Lawn Bowling and Croquet Club","Local",25,4000,"MNR"
2011,"North York Community House","Area services",15,15800,"CSI"
2011,"North York Community House","Area services",15,116010,"CSP"
2011,"North York Concert Orchestra","City-wide",22,2735,"TAC"
2011,"North York Emergency Home for Youth (Eva's Initiatives for Homeless Youth)","City-wide",20,34744,"DPCIP"
2011,"North York Harvest Food Bank","Area services",15,21230,"CSP"
2011,"North York Seniors Centre","Area services",23,82590,"CSP"
2011,"North York Women's Resource Centre","Area services",16,28000,"CSI"
2011,"North York Women's Resource Centre","Area services",16,41365,"CSP"
2011,"North York Women's Resource Centre","Area services",16,4000,"MNR"
2011,"Northern Visions Independent Film & Video Organization","City-wide",20,42000,"TAC"
2011,"Northwood Neighbourhood Services","Area services",11,42040,"CSP"
2011,"Nufunk Concerts","City-wide",19,4000,"TAC"
2011,"One Little Goat Theatre Company","City-wide",20,4000,"TAC"
2011,"Onsite (at) OCAD University","City-wide",20,3000,"TAC"
2011,"Ontario Association of Art Galleries","City-wide",20,12000,"TAC"
2011,"Ontario Community Centre for the Deaf (The)","City-wide",25,12240,"CSP"
2011,"Ontario Council of Agencies Serving Immigrants","City-wide",16,20000,"AEHR"
2011,"Ontario Council of Agencies Serving Immigrants","City-wide",16,25500,"CSP"
2011,"Ontario Crafts Council","City-wide",19,4500,"TAC"
2011,"Open Studio","City-wide",20,65000,"TAC"
2011,"Opportunity for Advancement","City-wide",20,42455,"CSP"
2011,"Oriana Women's Choir","City-wide",22,7000,"TAC"
2011,"Orchestra Toronto","City-wide",23,18000,"TAC"
2011,"Organization of Calypso Performing Artistes","Area services",8,4500,"TAC"
2011,"Oromo Canadian Community Association of GTA","City-wide",11,27600,"CSP"
2011,"Orpheus Choir of Toronto","City-wide",16,9117,"TAC"
2011,"Outside the March","City Wide",19,1000,"TAC"
2011,"PACT","City-wide",20,4630,"TAC"
2011,"Paper Laced Productions","City-wide",20,4000,"TAC"
2011,"Paprika Festival","City-wide",21,10000,"TAC"
2011,"Parent Education Network","Area services",5,23035,"CSP"
2011,"Parkdale Beauty Pageant Society","Local",14,4000,"TAC"
2011,"Parkdale Community Development Group","Area services",14,6000,"CFSE"
2011,"Parkdale Community Health Centre","Area services",14,63797,"APCIP"
2011,"Parkdale Community Health Centre","Area services",14,20000,"CSI"
2011,"Parkdale Community Health Centre","Area services",14,21230,"CSP"
2011,"Parkdale Community Information Centre (PCIC)","Local",14,24590,"CSP"
2011,"Parkdale Golden Age Foundation","Area services",14,47975,"CSP"
2011,"Parkdale Golden Age Foundation","Area services",14,3600,"MNR"
2011,"Parkdale Intercultural Association","Local",14,16000,"AEHR"
2011,"Parkdale Intercultural Association","Local",14,21230,"CSP"
2011,"Parkdale Young Writers' Group","Local",14,15000,"TAC"
2011,"Pax Christi Chorale","City-wide",22,9250,"TAC"
2011,"Pea Green Theatre Group","City-wide",20,3000,"TAC"
2011,"PEACH   Promoting Education and Community Health","Area services",7,45900,"CSP"
2011,"People and Organizations in North Toronto (P.O.I.N.T)","City-wide",16,2895,"CSP"
2011,"People and Organizations in North Toronto (P.O.I.N.T)","City-wide",16,2100,"MNR"
2011,"PhemPhat Entertainment Group","City-wide",19,5500,"TAC"
2011,"PKM Jayanti Festival","City-wide",20,2000,"TAC"
2011,"Planet In Focus","City-wide",20,12000,"TAC"
2011,"Playwrights Guild of Canada","City-wide",20,22000,"TAC"
2011,"PofT Collective","City-wide",20,9000,"TAC"
2011,"Polycultural Immigrant and Community Services","Area services",5,26415,"CSP"
2011,"Portuguese Women 55 Plus Support Group of Ontario","Area services",19,4675,"CSP"
2011,"Power Plant","City-wide",20,141240,"TAC"
2011,"Pratibha Arts","City-wide",20,3000,"TAC"
2011,"Prefix Institute of Contemporary Art","City-wide",20,17000,"TAC"
2011,"ProArteDanza","City-wide",20,10000,"TAC"
2011,"Project X","City-wide",20,1450,"TAC"
2011,"Prosserman Jewish Community Centre-Bathurst Jewish Community Centre","City-wide",10,12110,"CSP"
2011,"Prosserman Jewish Community Centre-Bathurst Jewish Community Centre","City-wide",10,4000,"MNR"
2011,"ProTech Media Centre by Community Microskills","Local",1,41000,"SDIP"
2011,"Public Recordings Performance Projects","City-wide",19,8000,"TAC"
2011,"Puppetmongers","City-wide",21,19000,"TAC"
2011,"Quantum Creations","City-wide",20,4000,"TAC"
2011,"QuipTake","City-wide",19,4000,"TAC"
2011,"Raging Asian Women Taiko Drummers","City-wide",20,5000,"TAC"
2011,"Red Pepper Spectacle Arts","Area services",20,29000,"TAC"
2011,"REH'MA Community Services","Area services",7,44800,"CSI"
2011,"Religious Organization of Canada, Sukyo Mahikari","Local",2,32400,"HER"
2011,"Remix Project (The)","City-wide",14,41000,"SDIP"
2011,"Remix Project (The)","City-wide",14,12000,"TAC"
2011,"Rexdale Community Health Centre","Area services",2,137975,"CSP"
2011,"Rexdale Community Health Centre","Area services",2,25983,"DPCIP"
2011,"Rexdale Community Health Centre","Area services",2,15600,"GT"
2011,"Rexdale Women's Centre","Area services",1,18000,"AEHR"
2011,"Rexdale Women's Centre","Area services",1,34835,"CSP"
2011,"Rexdale Women's Centre","Area services",1,5000,"MNR"
2011,"Rexdale Youth for Change","Local",1,10000,"INI"
2011,"Rina Singha Kathak Dance Organization","City-wide",20,8000,"TAC"
2011,"Roma Community Centre","City-wide",14,3800,"CFSE"
2011,"Roseneath Theatre","City-wide",18,57000,"TAC"
2011,"Rowers Pub Reading Series Inc.","City-wide",20,2750,"TAC"
2011,"Royal Conservatory of Music","City-wide",20,3500,"TAC"
2011,"Russian-Canadian Theatrical Community Centre","City-wide",8,5000,"TAC"
2011,"Salvador Allende Arts Festival for Peace","Area services",21,4000,"TAC"
2011,"San Lorenzo Latin American Comm. Ctre","City-wide",19,3000,"TAC"
2011,"San Romanoway Revitalization Association","Local",8,70945,"CSP"
2011,"Scadding Court Community Centre","Area services",20,25000,"AEHR"
2011,"Scadding Court Community Centre","Area services",20,48720,"CCC"
2011,"Scadding Court Community Centre","Area services",20,5000,"CFSE"
2011,"Scadding Court Community Centre","Area services",20,158278,"CSP"
2011,"Scadding Court Community Centre","Area services",20,13100,"GT"
2011,"Schools Without Borders","City-wide",14,104040,"APCIP"
2011,"Schools Without Borders","City-wide",14,11000,"TAC"
2011,"Second Mile Club Of Toronto (The)","City-wide",20,58455,"CSP"
2011,"Second Mile Club Of Toronto (The)","City-wide",20,4100,"MNR"
2011,"Self Help Resource Centre","City-wide",16,13805,"CSP"
2011,"Senior Adult Services in the Annex","Local",20,23355,"CSP"
2011,"Senior Adult Services in the Annex","Local",20,4100,"MNR"
2011,"Senior Peoples' Resources in North Toronto (SPRINT)","Area services",22,87585,"CSP"
2011,"Series 8:08","City-wide",14,12000,"TAC"
2011,"Seventh Stage Theatre Productions","City-wide",21,5000,"TAC"
2011,"Shadow Songs","City-wide",20,10000,"TAC"
2011,"Shakespeare Link Canada","City-wide",20,10000,"TAC"
2011,"Shakespearience Performing Arts","Area services",23,8000,"TAC"
2011,"Shinsedai Cinema Festival","City-wide",14,2000,"TAC"
2011,"Silent Voice Canada","City-wide",22,28325,"CSP"
2011,"Silent Voice Canada","City-wide",22,27672,"DPCIP"
2011,"Sinfonia Toronto","City-wide",20,7940,"TAC"
2011,"Sir William Campbell House Museum","City-wide",20,8000,"HER"
2011,"Sir William Campbell House Museum","City-wide",20,35959.08,"MUS"
2011,"Sistering-A Woman’s Place","Area Services",19,32855,"APCIP"
2011,"Sistering-A Woman’s Place","Area Services",19,37190,"DPCIP"
2011,"Sistering-A Woman’s Place","Area Services",19,10000,"TAC"
2011,"SKETCH Working Arts For Street Involved & Homeless Youth","City-wide",19,15000,"AEHR"
2011,"SKETCH Working Arts For Street Involved & Homeless Youth","City-wide",19,51404,"DPCIP"
2011,"SKETCH Working Arts For Street Involved & Homeless Youth","City-wide",19,40000,"TAC"
2011,"Small Theatre Administrative Facility","City-wide",20,20000,"TAC"
2011,"Small Wooden Shoe","City-wide",20,4375,"TAC"
2011,"Small World Music Society","City-wide",18,27500,"TAC"
2011,"Smile Company","Area services",20,22500,"TAC"
2011,"Somali Business Development Centre","Area services",1,3000,"TAC"
2011,"Somali Canadian Association of Etobicoke","Area services",2,21230,"CSP"
2011,"Somali Immigrant Aid Organization","Area services",11,21870,"CSP"
2011,"Somali Women and Children's Support Network","City-wide",2,36940,"CSP"
2011,"Somali Youth Association of Toronto","Local",2,31000,"CSI"
2011,"Somewhere There Creative Music Presentation","City-wide",18,1500,"TAC"
2011,"Soundstreams Canada","City-wide",20,64000,"TAC"
2011,"South Asian Visual Arts Collective","City-wide",20,23000,"TAC"
2011,"South Asian Women's Centre","City-wide",18,79605,"CSP"
2011,"Southern Currents / Corrientes Del Sur","City-wide",14,18000,"TAC"
2011,"Springtide Resources, Inc.","City-wide",20,10300,"AEHR"
2011,"Springtide Resources, Inc.","City-wide",20,21230,"CSP"
2011,"St. Alban's Boys' and Girls' Club","Area services",20,223139,"OTHER"
2011,"St. Bernadette's Family Resource Centre","Area services",15,17500,"CSP"
2011,"St. Christopher House (The)","Area services",19,261937,"CSP"
2011,"St. Christopher House (The)","Area services",19,32895,"DPCIP"
2011,"St. Christopher House (The)","Area services",19,13770,"GT"
2011,"St. Christopher House (The)","Area services",19,24000,"TAC"
2011,"St. Clair West Services for Seniors, Inc.","Area services",12,46020,"CSP"
2011,"St. Matthew's Bracondale House","Area services",21,13405,"CSP"
2011,"St. Stephen's Community House","City-wide",20,180043,"CSP"
2011,"St. Stephen's Community House","City-wide",20,12000,"TAC"
2011,"Starving Artists Collective","City-wide",19,3500,"TAC"
2011,"Stonegate Community Health Centre","Area services",5,79490,"CSP"
2011,"Stop Community Food Centre (The)","City-wide",17,14200,"AEHR"
2011,"Stop Community Food Centre (The)","City-wide",17,25500,"CSP"
2011,"Stop Community Food Centre (The)","City-wide",17,8000,"TAC"
2011,"Storefront Humber Inc.","Local",6,43740,"CSP"
2011,"Storytellers School of Toronto","City-wide",21,25500,"TAC"
2011,"Student Assistance in North Toronto for Seniors SAINTS","Local",25,10300,"CSP"
2011,"Subtle Technologies","City-wide",20,14000,"TAC"
2011,"Suburban Beast","City-wide",20,5500,"TAC"
2011,"SummerWorks Theatre Festival","City-wide",20,30000,"TAC"
2011,"Surayi Community Association of Ontario","Area services",2,4100,"MNR"
2011,"Swansea Area Seniors Association","Local",13,4900,"MNR"
2011,"Syme-Woolner Neighbourhood & Family Centre","Area services",12,53392,"APCIP"
2011,"Syme-Woolner Neighbourhood & Family Centre","Area services",12,90335,"CSP"
2011,"Syme-Woolner Neighbourhood & Family Centre","Area services",12,5000,"MNR"
2011,"Tafelmusik","City-wide",20,140000,"TAC"
2011,"Talisker Players Chamber  Music","City-wide",20,5000,"TAC"
2011,"Tamala","City-wide",20,2500,"TAC"
2011,"Tarragon Theatre","City-wide",21,190000,"TAC"
2011,"Tellery","City-wide",21,6000,"TAC"
2011,"Teresa Group (The)","City-wide",22,26535,"CSP"
2011,"Tessellate Institute","City-wide",20,5000,"TAC"
2011,"Theatre Archipelago","City-wide",20,9000,"TAC"
2011,"Theatre Centre","City-wide",19,82000,"TAC"
2011,"Theatre Columbus","City-wide",20,41000,"TAC"
2011,"Theatre Direct Canada","City-wide",21,63000,"TAC"
2011,"Theatre Gargantua","City-wide",19,11075,"TAC"
2011,"Theatre Hetaerae","City-wide",20,1000,"TAC"
2011,"Theatre Ontario","City-wide",20,11500,"TAC"
2011,"Theatre Panik","City-wide",20,7200,"TAC"
2011,"Theatre Passe Muraille","City-wide",20,151275,"TAC"
2011,"Theatre Smash","City-wide",21,6500,"TAC"
2011,"Theatre Smith-Gilmour","City-wide",20,41000,"TAC"
2011,"TheatreRun","City-wide",20,5000,"TAC"
2011,"THEWAVES","City-wide",19,6000,"TAC"
2011,"Topological Theatre","City-wide",19,12350,"TAC"
2011,"Toronto Alliance for the Performing Arts","City-wide",20,40000,"CCC"
2011,"Toronto Alliance for the Performing Arts","City-wide",20,73500,"TAC"
2011,"Toronto Alternative Arts And Fashion","City-wide",14,4000,"TAC"
2011,"Toronto Animated Image Society","City-wide",14,6500,"TAC"
2011,"Toronto Artscape Inc. - Artscape","City-wide",19,264020,"MCO"
2011,"Toronto Association of Business Improvement Areas (TABIA)","City-wide",13,35000,"CCC"
2011,"Toronto Chamber Choir","City-wide",22,7500,"TAC"
2011,"Toronto Children's Chorus","City-wide",20,28000,"TAC"
2011,"Toronto Coalition for Better Child Care","City-wide",19,21230,"CSP"
2011,"Toronto Community & Culture Centre","City-wide",20,15925,"CSP"
2011,"Toronto Community & Culture Centre","City-wide",20,3100,"MNR"
2011,"Toronto Community Garden Network","City-wide",15,1100,"CFSE"
2011,"Toronto Consort","City-wide",20,19000,"TAC"
2011,"Toronto Dance Theatre","City-wide",20,146450,"TAC"
2011,"Toronto Downtown Jazz","City-wide",20,10000,"TAC"
2011,"Toronto Foundation for Student Success","City-wide",12,3055551,"SNP"
2011,"Toronto International Film Festival TIFF","City-wide",20,8e+05,"MCO"
2011,"Toronto International Flamenco Festival","City-wide",19,7000,"TAC"
2011,"Toronto Jewish Film Festival","City-wide",20,12000,"TAC"
2011,"Toronto Jewish Folk Choir","City-wide",16,5800,"TAC"
2011,"Toronto Masque Theatre","City-wide",20,9000,"TAC"
2011,"Toronto Mendelssohn Choir","City-wide",20,60900,"TAC"
2011,"Toronto Opera Repertoire","City-wide",19,6000,"TAC"
2011,"Toronto Photographers Workshop","City-wide",19,61000,"TAC"
2011,"Toronto Poetry Project","City-wide",20,3000,"TAC"
2011,"Toronto Reel Asian International Film Festival","City-wide",19,25000,"TAC"
2011,"Toronto Rape Crisis Centre/Multicultural Against Rape","City-wide",20,3000,"CFSE"
2011,"Toronto Rape Crisis Centre/Multicultural Against Rape","City-wide",20,38345,"CSP"
2011,"Toronto Renewable Energy Co-operative","City-wide",20,30000,"CCC"
2011,"Toronto Renewable Energy Co-operative","City-wide",20,1800,"CFSE"
2011,"Toronto Sketch Comedy Festival Group","City-wide",19,3400,"TAC"
2011,"Toronto Small Press Group","City-wide",19,5000,"TAC"
2011,"Toronto Summer Music Foundation","City-wide",20,5000,"TAC"
2011,"Toronto Symphony Orchestra","City-wide",20,1134036,"MCO"
2011,"Toronto Synchronized Swimming Club","City-wide",22,3000,"MNR"
2011,"Toronto Tabla Ensemble","City-wide",19,15000,"TAC"
2011,"Toronto Women's City Alliance","City-wide",16,31400,"AEHR"
2011,"Toy Piano Composers","City-wide",20,2000,"TAC"
2011,"Tribal Crackling Wind for the Arts","City-wide",20,15000,"TAC"
2011,"Trigger Collective","City-wide",19,3500,"TAC"
2011,"Trinity Square Video","City-wide",20,50000,"TAC"
2011,"Tune Your Ride Collective","Area services",19,1500,"TAC"
2011,"Ukrainian Canadian Social Services (Toronto) Inc.","City-wide",13,35070,"CSP"
2011,"Unison Health and Community Services (York Community Services)","Local",12,45015,"CSP"
2011,"Unit Productions","City-wide",20,1500,"TAC"
2011,"University of Toronto Track and Field Club","City-wide",20,28000,"MNR"
2011,"University Settlement Recreation Centre","Local",20,155452,"OTHER"
2011,"Univox Choir Toronto","City-wide",18,4750,"TAC"
2011,"UnSpun Theatre","City-wide",19,9000,"TAC"
2011,"Urban Alliance on Race Relations","City-wide",20,41000,"AEHR"
2011,"UrbanArts Community Arts Council","Local",11,23410,"GT"
2011,"UrbanArts Community Arts Council","Local",11,94635,"LASO"
2011,"UYIRPPU - Progressive Tamil Women Artistic Organization","City-wide",8,2000,"TAC"
2011,"V Tape","City-wide",20,52000,"TAC"
2011,"Vermont Square Parent Child Mother Goose Program","City-wide",19,23770,"CSP"
2011,"Vesnivka Choir Inc.","City-wide",13,8000,"TAC"
2011,"Victoria Scholars Men's Choral Ensemble","City-wide",5,6600,"TAC"
2011,"VideoCabaret International","City-wide",20,54800,"TAC"
2011,"Videography 4 Kids","Local",8,8000,"TAC"
2011,"Vietnamese Women's Association Toronto","City-wide",17,1800,"CFSE"
2011,"Vietnamese Women's Association Toronto","City-wide",17,53070,"CSP"
2011,"Vietnamese Women's Association Toronto","City-wide",17,2100,"MNR"
2011,"Villa Colombo Homes For The Aged","City-wide",15,27665,"CSP"
2011,"VIVA! Youth Singers of Toronto","City-wide",20,7000,"TAC"
2011,"Volunteer Centre of Toronto","City-wide",20,177280,"CSP"
2011,"Wavelength Music Arts Projects","City-wide",19,6500,"TAC"
2011,"Webber/O'Connell Collective","City-wide",20,7000,"TAC"
2011,"We Help Youth","Area services",3,16200,"AEHR"
2011,"We Help Youth","Area services",3,3000,"MNR"
2011,"Wells Hill Lawn Bowling Club","Local",21,2600,"MNR"
2011,"West Toronto Lawn Bowling Club","Local",13,3670,"MNR"
2011,"West Toronto Support Services for Senior Citizens and the Disabled Inc.","Area services",18,38540,"CSP"
2011,"Weston Minor Hockey League","Local",11,12500,"MNR"
2011,"Weston Village B.I.A.","Local",11,4000,"CFSE"
2011,"Whippersnapper Gallery","Area services",20,2000,"TAC"
2011,"Window Collective","City-wide",19,4000,"TAC"
2011,"Woman Abuse Council of Toronto","City-wide",12,53070,"CSP"
2011,"Women's Art Resource Centre","City-wide",20,37000,"TAC"
2011,"Women's Counselling Referral & Education Centre (W.C.R.E.C.)","City-wide",19,30420,"CSP"
2011,"Women's Musical Club of Toronto","City-wide",20,2500,"TAC"
2011,"Workers Action Centre","City-wide",20,20000,"AEHR"
2011,"Workers Action Centre","City-wide",20,50940,"CSP"
2011,"Working Women Community Centre","City-wide",18,113509,"CSP"
2011,"Working Women Community Centre","City-wide",18,14565,"GT"
2011,"Working Women Community Centre","City-wide",18,7000,"TAC"
2011,"Workman Arts Project","City-wide",18,7500,"TAC"
2011,"XPACE Cultural Centre","City-wide",19,2500,"TAC"
2011,"Xxi","City-wide",14,2500,"TAC"
2011,"Young Diplomats Ethiopian Youth Development Group","City-wide",14,10000,"INI"
2011,"York Swim Club","Area services",12,6300,"MNR"
2011,"York West Active Living Centre","Area services",12,86714,"CSP"
2011,"York West Active Living Centre","Area services",12,5200,"MNR"
2011,"York Youth Coalition","Local",11,41000,"SDIP"
2011,"York-Fairbank Centre For Seniors","Area services",15,35000,"CSI"
2011,"York-Fairbank Centre For Seniors","Area services",15,150730,"CSP"
2011,"York-Fairbank Centre For Seniors","Area services",15,15000,"MNR"
2011,"Yorkminster Park Meals on Wheels","Area services",22,8215,"CSP"
2011,"Yorktown Child and Family Centre","Area services",17,31845,"CSP"
2011,"Youth Action Network","City-wide",20,38500,"AEHR"
2011,"Youth Assisting Youth","City-wide",23,45930,"CSP"
2011,"Youth Assisting Youth","City-wide",23,17705,"DPCIP"
2011,"Youth Assisting Youth","City-wide",23,4000,"MNR"
2011,"YYZ Artists' Outlet","City-wide",20,65000,"TAC"
2011,"Zata Omm Dance Projects","City-wide",20,8000,"TAC"
2012,"Albion Gardens Community Tennis Club","Local",1,40000,"CR"
2012,"Albion Neighbourhood Services","Area services",1,103870,"CSP"
2012,"Albion Neighbourhood Services","Area services",1,218171.64,"HIF"
2012,"Franklin Carmichael Art Group","Area services",1,4500,"TAC"
2012,"REA - Jamestown/Rexdale Resident Engagement Association","Local",1,20000,"SDIP"
2012,"Rexdale Women's Centre","Area services",1,9000,"AEHR"
2012,"Rexdale Women's Centre","Area services",1,69085,"CSP"
2012,"Braeburn Neighbourhood Place Incorporated","Local",2,48630,"CSP"
2012,"CANES Community Centre","Area Services",2,59845,"CSP"
2012,"Community Microskills Development Centre","City-wide",2,42455,"CSP"
2012,"Dejinta Beesha Somali Multi-Service Centre","Area Services",2,41813,"CSP"
2012,"Etobicoke Services for Seniors","Area services",2,45215,"CSP"
2012,"Rexdale Community Health Centre","Area services",2,10000,"CFSE"
2012,"Rexdale Community Health Centre","Area services",2,39835,"CSP"
2012,"Rexdale Community Health Centre","Area services",2,25983,"DPCIP"
2012,"Rexdale Community Health Centre","Area services",2,17505,"StrArts"
2012,"Somali Canadian Association of Etobicoke","Area services",2,21230,"CSP"
2012,"Somali Women and Children's Support Network","City-wide",2,36940,"CSP"
2012,"Theatrefront Inc.","City-wide",2,10000,"TAC"
2012,"Arab Community Centre of Toronto, The","City-wide",3,35700,"CSP"
2012,"Etobicoke Handweavers & Spinners Guild","City-wide",3,1200,"TAC"
2012,"Trailblazers Tandem Cycling Club","City-wide",3,8285,"CR"
2012,"Dixon Community Services","Local",4,48960,"CSP"
2012,"Elimu Sanifu","Local",4,6500,"TAC"
2012,"Etobicoke Centennial Choir","Area services",4,4750,"TAC"
2012,"Etobicoke Philharmonic Orchestra","Area services",4,7000,"TAC"
2012,"Arts Etobicoke","City-wide",5,227530,"LASO"
2012,"Breakaway Addiction Services","Local",5,32819,"APCIP"
2012,"Etobicoke Community Concert Band","City-wide",5,6500,"TAC"
2012,"Hungarian Canadian Community Services (Ontario)","City-wide",5,10615,"CSP"
2012,"Islington Centre - Etobicoke Senior Citizens","Area services",5,31330,"CSP"
2012,"MABELLEarts","Local",5,12000,"TAC"
2012,"Polycultural Immigrant and Community Services","Area Services",5,26415,"CSP"
2012,"Shoestring Opera","Area services",5,2500,"TAC"
2012,"Stonegate Community Health Centre","Area services",5,79490,"CSP"
2012,"TorQ Percussion Quartet","City-wide",5,3500,"TAC"
2012,"Victoria Scholars Men's Choral Ensemble","City-wide",5,6600,"TAC"
2012,"Ekran Polish Film Association","City-wide",6,2000,"TAC"
2012,"Franklin Horner Community Centre","City-wide",6,2750,"CFSE"
2012,"Franklin Horner Community Centre","City-wide",6,26015,"CSP"
2012,"Franklin Horner Community Centre","City-wide",6,11800,"TAC"
2012,"Gatehouse Child Abuse Investigation and Support Site, The","City-wide",6,21230,"CSP"
2012,"Heritage - 80 Birmingham St","Local",6,22500,"HER"
2012,"Lakeshore Area Multi-Service Project (LAMP)","Local",6,68115,"CSP"
2012,"Lakeshore Arts Committee","Local",6,10000,"StrArts"
2012,"Lakeshore Arts Committee","Local",6,97840,"LASO"
2012,"Monsoon-Music","City-wide",6,2500,"TAC"
2012,"Nufunk Concerts","City-wide",6,4000,"TAC"
2012,"Storefront Humber Inc.","Local",6,52510,"CSP"
2012,"Ascend","Local",7,10000,"INI"
2012,"Doorsteps Neighbourhood Services","Area Services",7,115460,"CSP"
2012,"Firgrove Community Health Centre","Local",7,40000,"SDIP"
2012,"Jamaican Canadian Association","City-wide",7,53605,"CSP"
2012,"Jasmyn Fyffe Dance","City-wide",7,8000,"TAC"
2012,"Oromo Canadian Community Association of GTA","City-wide",7,27600,"CSP"
2012,"Promoting Education and Community Health (PEACH)","Area services",7,54280,"CSP"
2012,"Art Gallery of York University","City-wide",8,33000,"TAC"
2012,"Canadian Cambodian Association of Ontario","City-wide",8,28660,"CSP"
2012,"Caribbean Global Missions / Belka Enrichment","Area services",8,10000,"CR"
2012,"Elspeth Heyworth Centre for Women","Area Services",8,25910,"CSP"
2012,"Jane Finch Community and Family Centre","Local",8,14915,"CR"
2012,"Jane Finch Community and Family Centre","Local",8,141180,"CSP"
2012,"Just Bgraphic","City-wide",8,10000,"CFSE"
2012,"Les Amis Concerts","City-wide",8,5000,"TAC"
2012,"Russian Library and Community Information","Local",8,8000,"TAC"
2012,"San Romanoway Revitalization Association","Local",8,70945,"CSP"
2012,"Centre For Spanish Speaking Peoples (The)","City-wide",9,25000,"AEHR"
2012,"Centre For Spanish Speaking Peoples (The)","City-wide",9,56000,"CSP"
2012,"Centre For Spanish Speaking Peoples (The)","City-wide",9,19149,"DPCIP"
2012,"Centre For Spanish Speaking Peoples (The)","City-wide",9,12000,"TAC"
2012,"Delta Family Resource Centre","Area Services",9,81820,"CSP"
2012,"Friends in Trouble Youth Initiative","City-wide",9,31900,"AEHR"
2012,"Lao Association of Ontario","City-wide",9,28660,"CSP"
2012,"Manantial Neighbourhood Services","Area services",9,20200,"AEHR"
2012,"Manantial Neighbourhood Services","Area services",9,15990,"APCIP"
2012,"Angelwalk Theatre","City-wide",10,3000,"TAC"
2012,"Bathurst-Finch Network (BFN)","Area Service",10,40000,"SDIP"
2012,"Bernard Betel Centre for Creative Living","Area Services",10,110960,"CSP"
2012,"Circle of Home Care Services (Toronto)","City-wide",10,89400,"CSP"
2012,"Community Association for Riding for the Disabled (CARD)","City-wide",10,7500,"CR"
2012,"Downsview Services for Seniors","Area Services",10,77320,"CSP"
2012,"Koffler Gallery","City-wide",10,50000,"TAC"
2012,"National Council of Jewish Women of Canada, Toronto Section","City-wide",10,18730,"CSP"
2012,"Prosserman Jewish Community Centre","City-wide",10,12110,"CSP"
2012,"George S. Syme Seniors Centre of York","Area services",11,80455,"CSP"
2012,"Humber Community Seniors' Services Inc.","Area services",11,32580,"CSP"
2012,"IRIE Music Festival Incorporated","City-wide",11,4500,"TAC"
2012,"Latin St. Music","Local",11,3000,"TAC"
2012,"LetsStopAIDS","Area services",11,7200,"INI"
2012,"Northwood Neighbourhood Services","Area services",11,42040,"CSP"
2012,"Theatre Smith-Gilmour","City-wide",11,41000,"TAC"
2012,"UrbanArts Community Arts Council","City-wide",11,15882,"StrArts"
2012,"UrbanArts Community Arts Council","City-wide",11,94635,"LASO"
2012,"Weston Minor Hockey League","Local",11,10000,"CR"
2012,"York Youth Coalition","Local",11,40000,"SDIP"
2012,"Community Action Resource Centre","Area services",12,40000,"CSI"
2012,"Community Action Resource Centre","Area services",12,134485,"CSP"
2012,"For Youth Initiative in Toronto","Area Services",12,97495,"CSP"
2012,"Lawrence Heights Inter-Organization Network (LHION)","Local",12,40000,"SDIP"
2012,"Lost Lyrics","City-wide",12,15000,"TAC"
2012,"Ogaden Youth Forum","City-wide",12,10000,"INI"
2012,"St. Bernadette's Family Resource Centre","Area services",12,17500,"CSP"
2012,"St. Clair West Services for Seniors, Inc.","Area services",12,46020,"CSP"
2012,"Syme-Woolner Neighbourhood & Family Centre","Area services",12,53392,"APCIP"
2012,"Syme-Woolner Neighbourhood & Family Centre","Area services",12,95335,"CSP"
2012,"Toronto Foundation for Student Success","City-wide",12,3089321,"SNP"
2012,"Unison Health and Community Services","Local",12,45015,"CSP"
2012,"Woman Abuse Council of Toronto","City-wide",12,53070,"CSP"
2012,"York West Active Living Centre","Area services",12,91914,"CSP"
2012,"Blue Ceiling Dance","City-wide",13,5000,"TAC"
2012,"Cadenas","City-wide",13,5000,"TAC"
2012,"COBA Collective of Black Artists","City-wide",13,19575,"TAC"
2012,"Minor Empire","City-wide",13,2250,"TAC"
2012,"Quickening Theatre Corp.","City-wide",13,6060,"TAC"
2012,"Scaramella Concerts","City-wide",13,3500,"TAC"
2012,"Toronto Chamber Choir","City-wide",13,7500,"TAC"
2012,"Ukrainian Canadian Social Services (Toronto) Inc.","City-wide",13,35070,"CSP"
2012,"Vertical City Project","City-wide",13,7000,"TAC"
2012,"Vesnivka Choir Inc.","City-wide",13,8000,"TAC"
2012,"Alchemy Duo","City-wide",14,1500,"TAC"
2012,"Arraymusic","City-wide",14,38090,"TAC"
2012,"Chinese National Musician Xu Ruhui Foundation","City-wide",14,2750,"TAC"
2012,"Communities Advancing Valued Environments","City-wide",14,7000,"TAC"
2012,"CultureLink Settlement Services","City-wide",14,52940,"CSP"
2012,"Education Through Media","City-wide",14,40000,"SDIP"
2012,"Elderly Vietnamese Association, Toronto","City-wide",14,15265,"CSP"
2012,"Evan Webber and Frank Cox-O'Connell","City-wide",14,3500,"TAC"
2012,"Events in Real Time","City-wide",14,5000,"TAC"
2012,"Flashing Lights Collective","City-wide",14,4500,"TAC"
2012,"Hand Eye Society","City-wide",14,2000,"TAC"
2012,"Independent Auntie Productions","City-wide",14,5000,"TAC"
2012,"Kababayan Community Service Centre Inc.","City-wide",14,30600,"CSP"
2012,"Kemi Contemporary Dance Projects","City-wide",14,6000,"TAC"
2012,"Keys to the Studio","City-wide",14,12000,"TAC"
2012,"Lab Cab Festival","City-wide",14,3000,"TAC"
2012,"Loyola Arrupe Centre for Seniors","Local",14,15165,"CSP"
2012,"Maniac Star","City-wide",14,5000,"TAC"
2012,"Parkdale Activity Recreation Centre","Area services",14,20000,"AEHR"
2012,"Parkdale Activity Recreation Centre","Area services",14,28724,"HIF"
2012,"Parkdale Activity Recreation Centre","Area services",14,12000,"TAC"
2012,"Parkdale Beauty Pageant Society","Local",14,4000,"TAC"
2012,"Parkdale Community Health Centre","Area services",14,63797,"APCIP"
2012,"Parkdale Community Information Centre","Local",14,24590,"CSP"
2012,"Parkdale Goldern Age Foundation","Area services",14,51575,"CSP"
2012,"Parkdale Intercultural Association (Toronto)","Local",14,40000,"CSP"
2012,"Parkdale Village Arts Collective","City-wide",14,3000,"TAC"
2012,"Peace Maker Collective","City-wide",14,5000,"TAC"
2012,"Public Recordings Performance Projects","City-wide",14,9300,"TAC"
2012,"Remix Project (The)","City-wide",14,40000,"SDIP"
2012,"Remix Project (The)","City-wide",14,12000,"TAC"
2012,"Roma Community Centre","City-wide",14,6000,"AEHR"
2012,"Schools Without Borders","City-wide",14,104040,"APCIP"
2012,"Southern Currents / Corrientes Del Sur","City-wide",14,18000,"TAC"
2012,"Toronto Alternative Arts and Fashion Week","City-wide",14,4000,"TAC"
2012,"Toronto Animated Image Society","City-wide",14,4000,"TAC"
2012,"Toronto Book and Magazine Fair","City-wide",14,37500,"TAC"
2012,"Art Starts Neighbourhood Cultural Centre","Area services",15,12074,"DPCIP"
2012,"Art Starts Neighbourhood Cultural Centre","Area services",15,15580,"StrArts"
2012,"Art Starts Neighbourhood Cultural Centre","Area services",15,65000,"TAC"
2012,"Bikur Cholim Volunteer Services","City-wide",15,14865,"CSP"
2012,"Canadian Mental Health Association, The","City-wide",15,15925,"CSP"
2012,"Heritage - 519 Glengrove Ave","Area services",15,10000,"HER"
2012,"Motion Live Collective","City-wide",15,1000,"TAC"
2012,"Nathaniel Dett Chorale","City-wide",15,21000,"TAC"
2012,"Neptune renewal Group (eNeRGy)","Local",15,6300,"CFSE"
2012,"North York Community House","Area services",15,49000,"CSI"
2012,"North York Community House","Area services",15,116010,"CSP"
2012,"North York Harvest Food Bank","Area Services",15,21230,"CSP"
2012,"San Lorenzo Latin American Comm. Ctre","City-wide",15,3000,"TAC"
2012,"Toronto Women's City Alliance","City-wide",15,35000,"AEHR"
2012,"Villa Colombo Homes For The Aged","City-wide",15,27665,"CSP"
2012,"York-Fairbank Centre For Seniors","Area services",15,35000,"CSI"
2012,"York-Fairbank Centre For Seniors","Area services",15,165730,"CSP"
2012,"Academy Concert Series","City-wide",16,2000,"TAC"
2012,"Extend-A-Family","City-wide",16,21230,"CSP"
2012,"Mood Disorders Association of Ontario","City-wide",16,15925,"CSP"
2012,"North York Women's Resource Centre","Area services",16,45365,"CSP"
2012,"Ontario Council of Agencies Serving Immigrants (OCASI)","City-wide",16,25500,"CSP"
2012,"P.O.I.N.T. Inc. (People and Organizations in North Toronto)","City-wide",16,4995,"CSP"
2012,"Self-Help Resource Centre","City-wide",16,13805,"CSP"
2012,"Tennis Annex","Area services",16,10000,"INI"
2012,"Toronto Jewish Folk Choir","City-wide",16,5800,"TAC"
2012,"Toronto South Asian Review","City-wide",16,4500,"TAC"
2012,"Turtle House Art/Play Centre","City-wide",16,15000,"TAC"
2012,"Urban Non-violent Initiatives Through Youth","City-wide",16,6000,"TAC"
2012,"Alameda Theatre Company","City-wide",17,6500,"TAC"
2012,"Canada Clown","City-wide",17,8500,"TAC"
2012,"Cloud 9","City-wide",17,8000,"TAC"
2012,"COSTI Immigrant Services","Area services",17,116860,"CSP"
2012,"COSTI Immigrant Services","Area services",17,327728.62,"HIF"
2012,"Davenport Perth Neighbourhood Centre","Area services",17,22899,"APCIP"
2012,"Davenport Perth Neighbourhood Centre","Area services",17,78260,"CSP"
2012,"Davenport Perth Neighbourhood Centre","Area services",17,19690,"DPCIP"
2012,"Drum Artz Canada","Area services",17,14000,"TAC"
2012,"Dusk Dances","Local",17,25000,"TAC"
2012,"Encontrarte Youth Arts Collective","Local",17,9500,"INI"
2012,"FCJ Refugee Centre","City-wide",17,8000,"CFSE"
2012,"First Portuguese Canadian Cultural Centre of Toronto","Area Services",17,12240,"CSP"
2012,"Making Room Community Arts","Local",17,12000,"TAC"
2012,"R3: Artist Collective","City-wide",17,4000,"TAC"
2012,"St. Clair Gardens Business Improvement Area","Area services",17,2750,"CFSE"
2012,"Stop Community Food Centre, The","Area services",17,25500,"CSP"
2012,"Toy Piano Composers","City-wide",17,1900,"TAC"
2012,"Vietnamese Women's Association Toronto","City-wide",17,27500,"AEHR"
2012,"Vietnamese Women's Association Toronto","City-wide",17,25000,"CSI"
2012,"Vietnamese Women's Association Toronto","City-wide",17,55170,"CSP"
2012,"Yorktown Child and Family Centre","Area services",17,31845,"CSP"
2012,"Abrigo Centre","City-wide",18,94950,"CSP"
2012,"Bikes Without Borders","City-wide",18,16800,"CR"
2012,"Canadian Red Cross, Toronto Region","City-wide",18,25385,"CSP"
2012,"Canzine Arts Festival","City-wide",18,5000,"TAC"
2012,"Clay and Paper Theatre","Local",18,16500,"TAC"
2012,"Company Theatre","City-wide",18,8000,"TAC"
2012,"Company Theatre Crisis","City-wide",18,10000,"TAC"
2012,"Dovercourt Boys' and Girls' Club","Local",18,48265,"CSP"
2012,"Dreamwalker Dance Co.","City-wide",18,12000,"TAC"
2012,"Fedora Upside-Down","City-wide",18,4500,"TAC"
2012,"FoodShare Toronto","City-wide",18,191176,"CSP"
2012,"Gendai Gallery","Local",18,4500,"TAC"
2012,"Impossible Arts","City-wide",18,12000,"TAC"
2012,"JunctQin Keyboard Collective","City-wide",18,2000,"TAC"
2012,"Liaison of Independent Filmmakers of Toronto (LIFT)","City-wide",18,58500,"TAC"
2012,"Lulu Music and Arts Centre","City-wide",18,8000,"TAC"
2012,"Median Contemporary","Local",18,3000,"TAC"
2012,"Mercer Union","City-wide",18,62000,"TAC"
2012,"princess productions","City-wide",18,14000,"TAC"
2012,"Rear View Curatorial Collective","City-wide",18,4000,"TAC"
2012,"Roseneath Theatre","City-wide",18,57000,"TAC"
2012,"Series 8:08","City-wide",18,9600,"TAC"
2012,"Sheep No Wool Theatre Company","City-wide",18,2500,"TAC"
2012,"SKETCH Working Arts For Street Involved & Homeless Youth","City-wide",18,51404,"DPCIP"
2012,"SKETCH Working Arts For Street Involved & Homeless Youth","City-wide",18,41000,"TAC"
2012,"Small Wooden Shoe","City-wide",18,7000,"TAC"
2012,"Small World Music Society","City-wide",18,27500,"TAC"
2012,"Stemmatics: The Collective","City-wide",18,8200,"INI"
2012,"Stolen From Africa","Area services",18,8000,"TAC"
2012,"Story Planet","City-wide",18,12000,"TAC"
2012,"Subtle Vigiliance Collective","City-wide",18,7100,"TAC"
2012,"SummerWorks Theatre Festival","City-wide",18,30000,"TAC"
2012,"Theatre Gargantua","City-wide",18,11075,"TAC"
2012,"Theatre Rusticle","City-wide",18,10000,"TAC"
2012,"Thunderstick Collective","City-wide",18,8000,"TAC"
2012,"Toronto Sketch Comedy Festival Group","City-wide",18,6000,"TAC"
2012,"Univox Choir Toronto","City-wide",18,5000,"TAC"
2012,"West Toronto Support Services for Senior Citizens and the Disabled Inc.","Area services",18,38540,"CSP"
2012,"Working Women Community Centre","Area services",18,37100,"CSI"
2012,"Working Women Community Centre","Area services",18,113509,"CSP"
2012,"Workman Arts Projects","City-wide",18,7500,"TAC"
2012,"Aiding Dramatic Change in Development","City-wide",19,13300,"TAC"
2012,"Aluna Theatre","City-wide",19,15000,"TAC"
2012,"Art for Commuters","City-wide",19,2000,"TAC"
2012,"Art Metropole","City-wide",19,27172,"TAC"
2012,"Art of Time Ensemble","City-wide",19,13000,"TAC"
2012,"Axis Music","Local",19,14000,"TAC"
2012,"Ballet Creole","City-wide",19,23750,"TAC"
2012,"Barbra Schlifer Commemorative Clinic","City-wide",19,41490,"CSP"
2012,"Bloor Information and Life Skills Centre","City-wide",19,31735,"CSP"
2012,"Canadian Film in the Schools","City-wide",19,2500,"TAC"
2012,"Central Toronto Community Health Centres","Area Services",19,70756,"APCIP"
2012,"Central Toronto Community Health Centres","Area Services",19,40525,"DPCIP"
2012,"Charles Street Video","City-wide",19,54500,"TAC"
2012,"Christie Ossington Neighbourhood Centre","City-wide",19,62250,"CSP"
2012,"Christie Ossington Neighbourhood Centre","City-wide",19,11000,"TAC"
2012,"Convergence Theatre","City-wide",19,10000,"TAC"
2012,"Corpus Dance Projects","City-wide",19,24000,"TAC"
2012,"Cross Toronto Community Development Corp. (Fresh Start Cleaning)","Area services",19,59922.88,"HIF"
2012,"Eight Fest Smal-Gauge Film Festival","City-wide",19,5000,"TAC"
2012,"Ensemble Polaris","City-wide",19,6000,"TAC"
2012,"Eritrean Youth Collective","City-wide",19,9800,"INI"
2012,"Family Supports Institute Ontario (formerly Metro Association of Family Resource Programs)","City-wide",19,12735,"CSP"
2012,"Fringe of Toronto","City-wide",19,72000,"TAC"
2012,"Gryphon Trio","City-wide",19,6000,"TAC"
2012,"Heritage - 915 King St. W (TSCC 1559)","Local",19,25000,"HER"
2012,"IMPACT Indian Martial and Performance","Area services",19,12000,"TAC"
2012,"InterAccess","City-wide",19,43800,"TAC"
2012,"Kaeja d'Dance","City-wide",19,30900,"TAC"
2012,"Korean Senior Citizens Society of Toronto, The","City-wide",19,20400,"CSP"
2012,"Life Rattle","City-wide",19,2500,"TAC"
2012,"National Shevchenko Musical Ensemble","City-wide",19,5000,"TAC"
2012,"Nazareth House","Local",19,123097.82,"HIF"
2012,"Peggy Baker Dance Projects","City-wide",19,15000,"TAC"
2012,"Pomengranate Tree Group","City-wide",19,10000,"TAC"
2012,"Portuguese Women 55 Plus Support Group of Ontario","Area services",19,4675,"CSP"
2012,"Praxis Theatre","City-wide",19,7000,"TAC"
2012,"Project CANOE (Creative and Natural Outdoor Experiences)","City-wide",19,8000,"CR"
2012,"Red Pepper Spectacle Arts","City-wide",19,29000,"TAC"
2012,"Royal Agricultural Winter Fair","City-wide",19,939110,"OTHER"
2012,"Sistering-A Woman’s Place","Area Services",19,32855,"APCIP"
2012,"Sistering-A Woman’s Place","Area Services",19,37190,"DPCIP"
2012,"Sistering-A Woman’s Place","Area Services",19,3000,"TAC"
2012,"Spectrum Arts Project","City -wide",19,14000,"StrArts"
2012,"St. Christopher House (The)","Area services",19,261937,"CSP"
2012,"St. Christopher House (The)","Area services",19,32895,"DPCIP"
2012,"St. Christopher House (The)","Area services",19,24000,"TAC"
2012,"STEPS Sustainable Thinking and Expression","City-wide",19,13360,"StrArts"
2012,"Theatre Centre","City-wide",19,82000,"TAC"
2012,"Theatre Smash","City-wide",19,5000,"TAC"
2012,"Toronto Artscape Inc. - Artscape","City-wide",19,264020,"MCO"
2012,"Toronto Coalition for Better Child Care","City-wide",19,15600,"AEHR"
2012,"Toronto Coalition for Better Child Care","City-wide",19,21230,"CSP"
2012,"Toronto Comic Arts Festival","City-wide",19,7500,"TAC"
2012,"Toronto Emerging ARTivists","Local",19,9800,"INI"
2012,"Toronto International Flamenco Festival","City-wide",19,9000,"TAC"
2012,"Toronto Photographers Workshop","City-wide",19,61000,"TAC"
2012,"Toronto Reel Asian International Film Festival","City-wide",19,25000,"TAC"
2012,"Toronto Summer Music Foundation","City-wide",19,6000,"TAC"
2012,"Toronto Tabla Ensemble","City-wide",19,12000,"TAC"
2012,"Trip the Light Fantastic","City-wide",19,5000,"TAC"
2012,"Venn Diagram","City-wide",19,5000,"TAC"
2012,"Vermont Square Parent-Child Mother Goose Program","City-wide",19,23770,"CSP"
2012,"Volcano Non-Profit Productions Inc.","City-wide",19,32000,"TAC"
2012,"Wavelength Music Arts Projects","City-wide",19,7000,"TAC"
2012,"Whynot Theatre","City-wide",19,4000,"TAC"
2012,"Youth Action Network","City-wide",19,39500,"AEHR"
2012,"A Space Gallery","City-wide",20,62000,"TAC"
2012,"Access Alliance Multicultural Health And Community Services","City-wide",20,46800,"AEHR"
2012,"Access Alliance Multicultural Health And Community Services","City-wide",20,52855,"CSP"
2012,"Access Alliance Multicultural Health And Community Services","City-wide",20,12000,"TAC"
2012,"Across Oceans","City Wide",20,3500,"TAC"
2012,"Acting Up Stage Theatre Company","City-wide",20,10000,"TAC"
2012,"African Canadian Social Development Council","City-wide",20,31840,"CSP"
2012,"Aldeburgh Connection","City-wide",20,8500,"TAC"
2012,"Alliance Francaise de Toronto","City-wide",20,2000,"TAC"
2012,"Art Gallery of Ontario","City-wide",20,16850,"StrArts"
2012,"Art Gallery of Ontario","City-wide",20,540000,"MCO"
2012,"Arts For Children And Youth","Area services",20,24875,"DPCIP"
2012,"Arts For Children And Youth","Area services",20,20000,"StrArts"
2012,"Arts For Children And Youth","Area services",20,12000,"TAC"
2012,"Ashkenaz Foundation","City-wide",20,30000,"TAC"
2012,"Assaulted Women's Helpline","City-wide",20,53065,"CSP"
2012,"b current","City-wide",20,20000,"TAC"
2012,"Ballet Jorgen","City-wide",20,77000,"TAC"
2012,"Bereaved Families of Ontario-Toronto","City-wide",20,60845,"CSP"
2012,"Box Collective","City-wide",20,3200,"TAC"
2012,"Canadian Film Centre","City-wide",20,9000,"TAC"
2012,"Canadian Filmmakers Distribution Centre","City-wide",20,38000,"TAC"
2012,"CanAsian Dance Festival","City-wide",20,13400,"TAC"
2012,"CARFAC Ontario","City-wide",20,16312,"TAC"
2012,"Carlos Bulosan Theatre","City-wide",20,12000,"TAC"
2012,"Cecil Community Centre","Area  services",20,12500,"CR"
2012,"Cecil Community Centre","Area  services",20,4575,"CSP"
2012,"Centre for Aboriginal Media","City-wide",20,28000,"TAC"
2012,"Centre for Equality Rights in Accommodation","City-wide",20,30000,"AEHR"
2012,"Centre for Equality Rights in Accommodation","City-wide",20,80704.87,"HIF"
2012,"Centre for Indigenous Theatre","City-wide",20,32000,"TAC"
2012,"Chimera Project","City-wide",20,10000,"TAC"
2012,"Chinese Canadian National Council Toronto Chapter","City-wide",20,37000,"AEHR"
2012,"Chinese Canadian National Council Toronto Chapter","City-wide",20,31840,"CSP"
2012,"Chirikli Collective","Local",20,15000,"TAC"
2012,"Community Outreach Programs in Addictions","Area services",20,32100,"CR"
2012,"Contact Toronto Photography Festival","City-wide",20,5000,"TAC"
2012,"Continuum","City-wide",20,16000,"TAC"
2012,"Cross -Cultural Community Services, The","City-wide",20,24055,"CSP"
2012,"Dance Immersion","City-wide",20,22000,"TAC"
2012,"Dependent Theatre Projects","City-wide",20,3000,"TAC"
2012,"Diaspora Dialogues Charitable Society","City-wide",20,15000,"TAC"
2012,"Diaspora Film Festival Group","City-wide",20,3500,"TAC"
2012,"DNA Theatre","City-wide",20,6000,"TAC"
2012,"Documentary Organization of Canada, Toronto Chapter","City-wide",20,3000,"TAC"
2012,"Esmeralda Enrique Spanish Dance Company","City-wide",20,20000,"TAC"
2012,"Esprit Orchestra","City-wide",20,82500,"TAC"
2012,"Ethno-racial People with Disabilities Coalition of Ontario","City-wide",20,46000,"AEHR"
2012,"Evangel Hall","Local",20,55238.76,"HIF"
2012,"Eva's Initiatives for Homeless Youth","City-wide",20,27490,"APCIP"
2012,"Eva's Initiatives for Homeless Youth","City-wide",20,34744,"DPCIP"
2012,"Exultate Chamber Singers","City-wide",20,5000,"TAC"
2012,"Factory Theatre","City-wide",20,155775,"TAC"
2012,"FADO Performance Inc.","City-wide",20,23000,"TAC"
2012,"Festival Management Committee/Toronto Caribbean Carnival-Caribana","City-wide",20,494190,"MCO"
2012,"FindHelp","City-wide",20,45000,"AEHR"
2012,"FindHelp","City-wide",20,545170,"FIND.HELP"
2012,"Franco-fete de la communaute urbaine de Toronto","City-wide",20,3500,"TAC"
2012,"Frontline Partners with Youth Network (FPYN)","City-wide",20,30000,"CSI"
2012,"Fuse Magazine","City-wide",20,4000,"TAC"
2012,"Gallery 44","City-wide",20,68000,"TAC"
2012,"Harbourfront Centre","City-wide",20,201775,"TAC"
2012,"Harbourfront Community Centre - City Of Toronto","Area services",20,63498,"CSP"
2012,"Harbourfront Community Centre - City Of Toronto","Area services",20,31261,"DPCIP"
2012,"Heritage - 4 Draper St","Local",20,8000,"HER"
2012,"Heritage - 12 Draper St","Local",20,5000,"HER"
2012,"Heritage - 22 Draper St","Local",20,5000,"HER"
2012,"Heritage - 24 Draper St","Local",20,3610,"HER"
2012,"Heritage - 25 Draper St","Local",20,8000,"HER"
2012,"Heritage - 26 Draper St","Local",20,5000,"HER"
2012,"Heritage - 28 Draper St","Local",20,5000,"HER"
2012,"Heritage - 95 Robert St","Local",20,5000,"HER"
2012,"Hispanic Development Council","City-wide",20,31840,"CSP"
2012,"Hispanic Development Council","City-wide",20,54154.9,"HIF"
2012,"Hot Docs Canadian International Documentary Festival","City-wide",20,28000,"TAC"
2012,"Inside Out Lesbian and Gay Film Festival","City-wide",20,32000,"TAC"
2012,"International Readings at Harbourfront","City-wide",20,111200,"TAC"
2012,"Justina M. Barnicke Gallery","City-wide",20,7000,"TAC"
2012,"Kapisanan Philippine Centre","Area services",20,10000,"TAC"
2012,"KCWA Family and Social Services","City-wide",20,26535,"CSP"
2012,"Kensington Market BIA","Local",20,8650,"StrArts"
2012,"Kipling Community Centre","Local",20,14425,"DPCIP"
2012,"League of Canadian Poets","City-wide",20,19100,"TAC"
2012,"Lemon Tree Theatre creations","City-wide",20,6000,"TAC"
2012,"Litmus Theatre Collective","City-wide",20,3500,"TAC"
2012,"Maaiingan Productions","City-wide",20,7400,"TAC"
2012,"Mammalian Diving Reflex","Area services",20,22000,"TAC"
2012,"Manifesto Community Projects","Area  services",20,12000,"TAC"
2012,"Mayworks","City-wide",20,23750,"TAC"
2012,"Metropolitan Action Committee on Violence Against Women & Children (METRAC)","City-wide",20,233255,"CSP"
2012,"Metropolitan Action Committee on Violence Against Women & Children (METRAC)","City-wide",20,5600,"LASO"
2012,"Metropolitan Action Committee on Violence Against Women & Children (METRAC)","City-wide",20,5600,"TAC"
2012,"Music Africa of Canada Inc.","City-wide",20,15000,"TAC"
2012,"Music Gallery","City-wide",20,79000,"TAC"
2012,"Music Garden","City-Wide",20,12500,"OTHER"
2012,"Native Canadian Centre of Toronto","City-wide",20,72160,"CSP"
2012,"Native Women in the Arts","City-wide",20,15500,"TAC"
2012,"Necessary Angel Theatre Company","City-wide",20,65000,"TAC"
2012,"No 9","City-wide",20,3000,"TAC"
2012,"Northern Visions Independent Film & Video Organization","City-wide",20,42000,"TAC"
2012,"One Little Goat Theatre Company","City-wide",20,7500,"TAC"
2012,"Onsite (at) OCAD University","City-wide",20,2500,"TAC"
2012,"Ontario Association of Art Galleries","City-wide",20,12000,"TAC"
2012,"Open Studio","City-wide",20,65000,"TAC"
2012,"Opportunity for Advancement","City-wide",20,47000,"CSI"
2012,"Opportunity for Advancement","City-wide",20,42455,"CSP"
2012,"PACT","City-wide",20,4630,"TAC"
2012,"People Project","Local",20,7000,"TAC"
2012,"Playwrights Guild of Canada","City-wide",20,22000,"TAC"
2012,"Power Plant","City-wide",20,141240,"TAC"
2012,"Prefix Institute of Contemporary Art","City-wide",20,17000,"TAC"
2012,"Regent Park Film Festival Inc","Local",20,10000,"TAC"
2012,"Rowers Pub Reading Series Inc.","City-wide",20,5000,"TAC"
2012,"Royal Conservatory of Music","City-wide",20,3000,"TAC"
2012,"Scadding Court Community Centre","Area services",20,3500,"AEHR"
2012,"Scadding Court Community Centre","Area services",20,158278,"CSP"
2012,"Scadding Court Community Centre","Area services",20,10000,"StrArts"
2012,"Second Mile Club of Toronto, The","City-wide",20,62555,"CSP"
2012,"Senior Adult Services in the Annex, Toronto","Local",20,27455,"CSP"
2012,"Sir William Campbell House Museum","City-wide",20,36687,"MUS"
2012,"Small Theatre Administrative Facility","City-wide",20,20000,"TAC"
2012,"Smile Company","Area services",20,22500,"TAC"
2012,"Soundstreams Canada","City-wide",20,64000,"TAC"
2012,"South Asian Visual Arts Collective","City-wide",20,23000,"TAC"
2012,"Springtide Resources Inc.","City-wide",20,21230,"CSP"
2012,"St. Alban's Boys' and Girls' Club","Area services",20,175967,"CSP"
2012,"St. Alban's Boys' and Girls' Club","Area services",20,51742,"DPCIP"
2012,"St. Stephen's Community House","City-wide",20,20000,"CSI"
2012,"St. Stephen's Community House","City-wide",20,217078,"CSP"
2012,"St. Stephen's Community House","City-wide",20,12063,"StrArts"
2012,"St. Stephen's Community House","City-wide",20,9500,"TAC"
2012,"St. Thomas' Anglican Church","Area services",20,5000,"HER"
2012,"Studio 180 Theatre Company","City Wide",20,10000,"TAC"
2012,"StudioFeed Toronto","City-wide",20,3000,"TAC"
2012,"Subtle Technologies","City-wide",20,14000,"TAC"
2012,"Tafelmusik","City-wide",20,140000,"TAC"
2012,"Talisker Players Chamber  Music","City-wide",20,5000,"TAC"
2012,"Team Kordic Collective","City-wide",20,3500,"TAC"
2012,"Theatre Columbus","City-wide",20,41000,"TAC"
2012,"Theatre Ontario","City-wide",20,11500,"TAC"
2012,"Theatre Passe Muraille","City-wide",20,151275,"TAC"
2012,"Toronto Alliance for the Performing Arts","City-wide",20,73500,"TAC"
2012,"Toronto Consort","City-wide",20,19000,"TAC"
2012,"Toronto Community & Culture Centre","City-wide",20,19025,"CSP"
2012,"Toronto Dance Theatre","City-wide",20,146450,"TAC"
2012,"Toronto Early Music Centre","City-wide",20,5250,"TAC"
2012,"Toronto International Film Festival TIFF","City-wide",20,8e+05,"MCO"
2012,"Toronto Jewish Film Festival","City-wide",20,12000,"TAC"
2012,"Toront Masque Theatre","City-wide",20,9000,"TAC"
2012,"Toronto Mendelssohn Choir","City-wide",20,60900,"TAC"
2012,"Toronto Outdoor Art Exhibit","City-wide",20,1500,"TAC"
2012,"Toronto Rape Crisis Centre / Multicultural Women Against Rape","City-wide",20,38345,"CSP"
2012,"Toronto Symphony Orchestra","City-wide",20,1134036,"MCO"
2012,"Trinity Square Video","City-wide",20,50000,"TAC"
2012,"University Settlement","Local",20,128352,"CSP"
2012,"University Settlement Music School","City-wide",20,23500,"TAC"
2012,"Urban Alliance on Race Relations","City-wide",20,20770,"AEHR"
2012,"V Tape","City-wide",20,52000,"TAC"
2012,"VideoCabaret International","City-wide",20,54800,"TAC"
2012,"VIVA! Youth Singers of Toronto","City-wide",20,9000,"TAC"
2012,"Volunteer Centre of Toronto","City-wide",20,177280,"CSP"
2012,"Whippwesnapper Gallery","Local",20,31100,"StrArts"
2012,"WI Aprojects","City-wide",20,3000,"TAC"
2012,"Women's Art Resource Centre","City-wide",20,37000,"TAC"
2012,"Worker's Action Centre","City-wide",20,36800,"AEHR"
2012,"Worker's Action Centre","City-wide",20,50940,"CSP"
2012,"Youth Advisory Council (Arts for Children & Youth)","Local",20,9314,"INI"
2012,"YYZ Artists Outlet","City-wide",20,65000,"TAC"
2012,"Aradia Ensemble","City-wide",21,7000,"TAC"
2012,"Art Bar Poetry Series","City-wide",21,7000,"TAC"
2012,"Artists Film Exhibition Group","City-wide",21,23000,"TAC"
2012,"Association for Native Development in the Performing and Visual Arts (ANDPVA)","Local",21,5000,"TAC"
2012,"Association of Improvising Musicians Toronto","City-wide",21,1000,"TAC"
2012,"Eritrean Canadian Community Centre","City-wide",21,26535,"CSP"
2012,"Las Perlas del Mar Productions Inc","City-wide",21,8000,"TAC"
2012,"Muhtadi International Drumming Festival","City-wide",21,6000,"TAC"
2012,"New Adventures In Sound Art","Area services",21,13500,"TAC"
2012,"Paprika Festival","City-wide",21,10000,"TAC"
2012,"Philippine Women Centre of Ontario","Local",21,8000,"TAC"
2012,"Question Mark-Exclamation Theatre","City-wide",21,2000,"TAC"
2012,"reConnexion Collective","City-wide",21,9000,"TAC"
2012,"St. Matthew's Bracondale House","Area services",21,13405,"CSP"
2012,"Storytellers School of Toronto","City Wide",21,25500,"TAC"
2012,"Syrinx Concerts Toronto","City-wide",21,4500,"TAC"
2012,"Tango Co","City-wide",21,8000,"TAC"
2012,"Tarragon Theatre","City-wide",21,190000,"TAC"
2012,"Tellery","City-wide",21,6500,"TAC"
2012,"Theatre Direct Canada","City-wide",21,63000,"TAC"
2012,"Agokwe Collective","City-wide",22,7000,"TAC"
2012,"Canadian Hearing Society, The","City-wide",22,15715,"CSP"
2012,"Central Eglinton Community Centre","Area Services",22,32305,"CSP"
2012,"Choirs Ontario","City-wide",22,2000,"TAC"
2012,"Epilepsy Toronto","City-wide",22,37070,"CSP"
2012,"John Weinzweig Centenary Project","City-wide",22,3000,"TAC"
2012,"Jubilate Singers","City-wide",22,5000,"TAC"
2012,"Larkin Singers","City-wide",22,2000,"TAC"
2012,"Maracatu Mar Aberto","City-wide",22,8000,"TAC"
2012,"Midaynta Community Services","City-wide",22,57448.32,"HIF"
2012,"North York Concert Orchestra","City-wide",22,2735,"TAC"
2012,"Oriana Women's Choir","City-wide",22,7000,"TAC"
2012,"Outside the March","City Wide",22,7000,"TAC"
2012,"Pax Christi Chorale","City-wide",22,9250,"TAC"
2012,"Senior Peoples' Resources in North Toronto (SPRINT)","Area services",22,50000,"AEHR"
2012,"Senior Peoples' Resources in North Toronto (SPRINT)","Area services",22,87585,"CSP"
2012,"Silent Voice Canada","City-wide",22,28325,"CSP"
2012,"Silent Voice Canada","City-wide",22,27672,"DPCIP"
2012,"Teresa Group, The","City-wide",22,26535,"CSP"
2012,"Tities Wicimintowak","City-wide",22,8000,"TAC"
2012,"Toronto Children's Chorus","City-wide",22,28000,"TAC"
2012,"Yorkminster Park Meals on Wheels","Area services",22,8215,"CSP"
2012,"Angel Foundation for Learning","City-wide",23,730259,"SNP"
2012,"Association of Artists for A Better World","City-wide",23,2500,"TAC"
2012,"Greater Toronto Philharmonic Orchestra","City-wide",23,1400,"TAC"
2012,"Kala Nidhi Fine Arts of Canada","City-wide",23,9500,"TAC"
2012,"Learning Disabilities Association Toronto","City-wide",23,54455,"CSP"
2012,"Menaka Thakkar Dance Company","City-wide",23,23000,"TAC"
2012,"North York Seniors Centre","Area services",23,82590,"CSP"
2012,"Orchestra Toronto","City-wide",23,18000,"TAC"
2012,"Youth Assisting Youth","City-wide",23,49930,"CSP"
2012,"Youth Assisting Youth","City-wide",23,17705,"DPCIP"
2012,"Chinese Opera Group of Toronto","City-wide",24,6250,"TAC"
2012,"Eye of the Sparrow Tenant Association","Local",24,34300,"CSI"
2012,"Griffin Centre Mental Health Services","City-wide",24,6458,"APCIP"
2012,"Griffin Centre Mental Health Services","City-wide",24,30649,"DPCIP"
2012,"Jewish Music Week in Toronto","City-wide",24,1000,"TAC"
2012,"New Canadian Community Centre","City-wide",24,40050,"CSP"
2012,"Sinfonia Toronto","City-wide",24,7940,"TAC"
2012,"Aphasia Institute","City-wide",25,20170,"CSP"
2012,"Better Living Health and Community Services","Area Services",25,188360,"CSP"
2012,"Crime Prevention Association of Toronto","City-wide",25,114095,"CSP"
2012,"For You Telecare Family Services Inc. (FUTFS)","City-wide",25,13875,"CSP"
2012,"Korean Canadian Symphony Orchestra","City-wide",25,6000,"TAC"
2012,"Ontario Community Centre for the Deaf, The","City-wide",25,12240,"CSP"
2012,"SAINTS (Student Assistance in North Toronto for Seniors)","Local",25,10300,"CSP"
2012,"416 Festival Collective","City-wide",18,4000,"TAC"
2013,"106 & York Urban Arts Festival","Local",8,10000,"TAC"
2013,"1652 Keele Street Community Alliance","Area Services",12,23090,"SDIP"
2013,"A Space Gallery","City-wide",20,62000,"TAC"
2013,"Abilities Arts Festival","City-wide",20,8000,"TAC"
2013,"Abrigo Centre","City-wide",17,98750,"CSP"
2013,"Academy Concert Series","City-wide",16,1000,"TAC"
2013,"Access Alliance Multicultural Health And Community Services","City-wide",20,25000,"AEHR"
2013,"Access Alliance Multicultural Health And Community Services","City-wide",20,54970,"CSP"
2013,"Acting Up Stage Theatre Company","City-wide",20,15000,"TAC"
2013,"adelheid dance projects","City-wide",17,7000,"TAC"
2013,"Afrihili Cultural Association of Ontario","City-wide",8,3500,"TAC"
2013,"Against the Grain Theatre","City-wide",19,7000,"TAC"
2013,"Alameda Theatre Company","City-wide",17,15000,"TAC"
2013,"Albion Neighbourhood Services","Area services",1,40000,"CR"
2013,"Albion Neighbourhood Services","Area services",1,108030,"CSP"
2013,"Albion Neighbourhood Services","Area services",1,231698,"HIF"
2013,"Alliance Francaise de Toronto","City-wide",20,6450,"TAC"
2013,"Aluna Theatre","City-wide",17,45000,"TAC"
2013,"Amadeusz","City-wide",1,25000,"AEHR"
2013,"Amazing Cat Performances","Local",10,8000,"TAC"
2013,"Anandam Dancetheatre Productions","City-wide",18,7000,"TAC"
2013,"Angel Foundation for Learning","City-wide",23,1124463,"SNP"
2013,"Aphasia Institute","City-wide",25,20980,"CSP"
2013,"Arab Community Centre of Toronto, The","City-wide",3,37130,"CSP"
2013,"Aradia Ensemble","City-wide",21,10000,"TAC"
2013,"Architect Theatre","City-wide",18,7000,"TAC"
2013,"Arraymusic","City-wide",19,45000,"CBIP"
2013,"Arraymusic","City-wide",19,38090,"TAC"
2013,"Ars Mechanica","Local",20,2500,"TAC"
2013,"Art Bar Poetry Series","City-wide",21,7000,"TAC"
2013,"Art for Commuters","City-wide",19,2000,"TAC"
2013,"Art Gallery of Ontario","City-wide",20,575000,"MCO"
2013,"Art Gallery of York University","City-wide",8,55000,"TAC"
2013,"Art Metropole","City-wide",18,38000,"TAC"
2013,"Art of Time Ensemble","City-wide",19,40000,"TAC"
2013,"Art Starts Neighbourhood Cultural Centre","Area services",16,40000,"CR"
2013,"Art Starts Neighbourhood Cultural Centre","Area services",16,12000,"StrArts"
2013,"Art Starts Neighbourhood Cultural Centre","Area services",16,65000,"TAC"
2013,"Artists Film Exhibition Group","City-wide",21,23000,"TAC"
2013,"Artists to Artists Foundation","City-wide",11,6000,"TAC"
2013,"Arts Etobicoke","City-wide",5,20500,"StrArts"
2013,"Arts Etobicoke","City-wide",5,253530,"LASO"
2013,"Arts4All Creative Society","Local",17,12000,"TAC"
2013,"Arts For Children And Youth","Area services",20,30000,"StrArts"
2013,"Arts For Children And Youth","Area services",20,37000,"TAC"
2013,"Ashkenaz Foundation","City-wide",20,50000,"TAC"
2013,"Asbury and West United Church","Local",15,35000,"HER"
2013,"Assaulted Women's Helpline","City-wide",20,55190,"CSP"
2013,"Association of Artists for A Better World","City-wide",23,4000,"TAC"
2013,"Association of Improvising Musicians Toronto","City-wide",17,1000,"TAC"
2013,"Avenida Magazine","City-wide",9,10000,"INI"
2013,"Axis Music","Local",19,12000,"TAC"
2013,"Azur Rivers","City-wide",21,5000,"TAC"
2013,"b current","City-wide",21,35000,"TAC"
2013,"Ballet Creole","City-wide",19,23750,"TAC"
2013,"Ballet Jorgen","City-wide",20,90000,"TAC"
2013,"Baobab  African Arts","City-wide",20,8000,"TAC"
2013,"Barbra Schlifer Commemorative Clinic","City-wide",19,48150,"CSP"
2013,"Bathurst-Finch Network (BFN)","Area Service",10,10000,"CFSE"
2013,"Bathurst-Finch Network (BFN)","Area Service",10,40000,"SDIP"
2013,"Batuki Music Society","City-wide",20,6300,"TAC"
2013,"Bereaved Families of Ontario-Toronto","City-wide",22,63280,"CSP"
2013,"Bernard Betel Centre for Creative Living","Area Services",10,115405,"CSP"
2013,"Better Living Health and Community Services","Area Services",25,195920,"CSP"
2013,"Black Hammer Group","City-wide",19,3500,"TAC"
2013,"Black Women in Motion","Local",15,10000,"INI"
2013,"Bloor Information and Life Skills Centre","City-wide",19,33005,"CSP"
2013,"Bloor Ossington Folk Festival","Local",19,5000,"CFSE"
2013,"Blossom","Local",4,6000,"TAC"
2013,"Bluemouth Inc. Presents","City-wide",18,10000,"TAC"
2013,"Body Percussion Festival","City-wide",14,8000,"TAC"
2013,"BoucherDanse","City-wide",17,9000,"TAC"
2013,"Bound to Create","City-wide",18,9000,"TAC"
2013,"Box Collective","City-wide",20,3300,"TAC"
2013,"Braeburn Neighbourhood Place Incorporated","Local",2,44860,"CSP"
2013,"Broadway from the Block","Local",8,7500,"TAC"
2013,"Butcher Gallery","City-wide",18,4000,"TAC"
2013,"Canada Clown","City-wide",17,8000,"TAC"
2013,"Canadian Contemporary Dance Theatre","City-wide",20,45000,"TAC"
2013,"Canadian Film in the Schools","City-wide",19,4000,"TAC"
2013,"Canadian Filmmakers Distribution Centre","City-wide",20,48000,"TAC"
2013,"Canadian Rep Theatre","City-wide",13,9000,"TAC"
2013,"Canadian Hearing Society, The","City-wide",22,16345,"CSP"
2013,"Canadian Mental Health Association, The","City-wide",15,16565,"CSP"
2013,"Canadian Red Cross, Toronto Region","City-wide",18,26405,"CSP"
2013,"Canadian Roots Exchange","City-wide",20,10000,"TAC"
2013,"CanAsian Dance Festival","City-wide",20,18000,"TAC"
2013,"CANES Community Centre","Area Services",2,62245,"CSP"
2013,"CANSCAIP","City-wide",19,8000,"TAC"
2013,"Canzine Arts Festival","City-wide",18,5000,"TAC"
2013,"Cardinal/Kantor","City-wide",18,10000,"TAC"
2013,"CARFAC Ontario","City-wide",20,20000,"TAC"
2013,"Carlos Bulosan Theatre","City-wide",20,6000,"TAC"
2013,"Cast Management","Local",14,30000,"HER"
2013,"Cecil Community Centre","Area  services",20,4760,"CSP"
2013,"Central Eglinton Community Centre","Area Services",22,25565,"CSP"
2013,"Centre for Aboriginal Media","City-wide",20,55000,"TAC"
2013,"Centre for Equality Rights in Accommodation","City-wide",20,85709,"HIF"
2013,"Centre for Indigenous Theatre","City-wide",20,10000,"CBIP"
2013,"Centre for Indigenous Theatre","City-wide",20,34000,"TAC"
2013,"Centre For Spanish Speaking Peoples (The)","City-wide",9,20000,"AEHR"
2013,"Centre For Spanish Speaking Peoples (The)","City-wide",9,58250,"CSP"
2013,"Charles Street Video","City-wide",19,54500,"TAC"
2013,"Chimera Project","City-wide",20,10000,"TAC"
2013,"Chinese Canadian National Council Toronto Chapter","City-wide",20,37000,"AEHR"
2013,"Chinese Canadian National Council Toronto Chapter","City-wide",20,53115,"CSP"
2013,"Chinese National Musician Xu Ruhui Foundation","City-wide",14,5000,"TAC"
2013,"Chinese Opera Group of Toronto","City-wide",24,10000,"TAC"
2013,"Chocolate Women's Collective","City-wide",22,5000,"TAC"
2013,"Choirs Ontario","City-wide",22,4000,"TAC"
2013,"Christie Ossington Neighbourhood Centre","City-wide",19,64745,"CSP"
2013,"Christie Pits Film Festival","Local",19,1000,"TAC"
2013,"Circle of Home Care Services (Toronto)","City-wide",25,92990,"CSP"
2013,"Citizen Theatre Collective","City-wide",20,7000,"TAC"
2013,"Clawhammer Theatre Company","City-wide",17,10000,"TAC"
2013,"Clay and Paper Theatre","Local",19,30000,"TAC"
2013,"Community Action Resource Centre","Area services",12,40000,"CSI"
2013,"Community Action Resource Centre","Area services",12,149880,"CSP"
2013,"Community Cave","Local",19,22550,"StrArts"
2013,"Community Microskills Development Centre","City-wide",2,74155,"CSP"
2013,"Company Theatre","City-wide",18,15000,"TAC"
2013,"Concreter Roses Youth Services","Area Services",20,40000,"CSI"
2013,"Contact Toronto Photography Festival","City-wide",20,4000,"TAC"
2013,"Continuum","City-wide",20,21000,"TAC"
2013,"Convergence Theatre","City-wide",21,950,"TAC"
2013,"Corpus Dance Projects","City-wide",19,30000,"TAC"
2013,"COSTI Immigrant Services","Area services",17,121545,"CSP"
2013,"COSTI Immigrant Services","Area services",17,348049,"HIF"
2013,"Cross -Cultural Community Services, The","City-wide",20,25020,"CSP"
2013,"Cross Toronto Community Development Corp. (Fresh Start Cleaning)","Area services",19,63637,"HIF"
2013,"CUE-Sketch","City-wide",18,13750,"TAC"
2013,"Cultivating Herstory: The Jane-Finch Youth, Food and Health Project","Local",9,10000,"INI"
2013,"CultureLink Settlement Services","City-wide",14,65060,"CSP"
2013,"Dance Immersion","local",20,30000,"TAC"
2013,"Davenport Community Arts","Local",14,10000,"StrArts"
2013,"Davenport Perth Neighbourhood Centre","Area services",17,81400,"CSP"
2013,"Dejinta Beesha Somali Multi-Service Centre","Area Services",1,43490,"CSP"
2013,"Delta Family Resource Centre","Area Services",7,22500,"CSI"
2013,"Delta Family Resource Centre","Area Services",7,102465,"CSP"
2013,"Diaspora Dialogues Charitable Society","City-wide",20,45000,"TAC"
2013,"Diaspora Film Festival Group","City-wide",21,4000,"TAC"
2013,"Dixon Community Services","Local",2,50925,"CSP"
2013,"Documentary Organization of Canada, Toronto Chapter","City-wide",20,3000,"TAC"
2013,"Doorsteps Neighbourhood Services","Area Services",7,120095,"CSP"
2013,"Dos Mundos Arts and Media","City-wide",17,7570,"TAC"
2013,"Dovercourt Boys' and Girls' Club","Local",18,50205,"CSP"
2013,"Downsview Services for Seniors","Area Services",10,80415,"CSP"
2013,"Dreamwalker Dance Co.","City-wide",18,15000,"TAC"
2013,"Drag Musical Collective","City-wide",18,10000,"TAC"
2013,"Driftwood Theatre Group","City-wide",20,10000,"TAC"
2013,"Drum Artz Canada","Area services",17,32000,"TAC"
2013,"Dusk Dances","Area-services",17,51000,"TAC"
2013,"Ecce Homo Theatre","City-wide",19,6000,"TAC"
2013,"Eight Fest Smal-Gauge Film Festival","City-wide",20,7250,"TAC"
2013,"Elderly Vietnamese Association, Toronto","City-wide",14,15880,"CSP"
2013,"Elimu Sanifu","Local",4,6500,"TAC"
2013,"Elmer Iseler Singers","City-wide",25,34000,"TAC"
2013,"Elspeth Heyworth Centre for Women","Area Services",7,26955,"CSP"
2013,"Elspeth Heyworth Centre for Women","Area Services",7,10000,"TAC"
2013,"Enchanted","Area Services",1,10000,"INI"
2013,"Ensemble Polaris","City-wide",19,3500,"TAC"
2013,"Esmeralda Enrique Spanish Dance Company","City-wide",20,23000,"TAC"
2013,"Eritrean Canadian Community Centre","City-wide",21,27600,"CSP"
2013,"Esprit Orchestra","City-wide",20,84500,"TAC"
2013,"Ethno-racial People with Disabilities Coalition of Ontario","City-wide",20,45000,"AEHR"
2013,"Etobicoke Centennial Choir","Area services",4,4750,"TAC"
2013,"Etobicoke Community Concert Band","City-wide",5,7500,"TAC"
2013,"Etobicoke Handweavers & Spinners Guild","City-wide",3,1200,"TAC"
2013,"Etobicoke Philharmonic Orchestra","Area services",4,11000,"TAC"
2013,"Etobicoke Services for Seniors","Area services",2,47025,"CSP"
2013,"Evangel Hall","Local",20,58664,"HIF"
2013,"Events in Real Time","City-wide",14,6000,"TAC"
2013,"Everdale","Local",8,15600,"StrArts"
2013,"Excelencias","Local",8,10000,"INI"
2013,"Express Arte","Local",18,7808,"TAC"
2013,"Extend-A-Family","City-wide",16,22080,"CSP"
2013,"Exultate Chamber Singers","City-wide",20,7000,"TAC"
2013,"Factory Theatre","City-wide",20,158000,"TAC"
2013,"FADO Performance Inc.","City-wide",20,24000,"TAC"
2013,"Family Supports Institute Ontario (formerly Metro Association of Family Resource Programs)","City-wide",19,13245,"CSP"
2013,"FCJ Refugee Centre","City-wide",17,45000,"CSI"
2013,"FCJ YOUTH NETWORK","Local",17,10000,"TAC"
2013,"Feint of Hart Collective","City-wide",19,8000,"TAC"
2013,"Festival Management Committee/Toronto Caribbean Carnival-Caribana","City-wide",20,525000,"MCO"
2013,"FeverGraph","Local",19,7000,"StrArts"
2013,"FibreWebs Collective","City-wide",6,8000,"TAC"
2013,"FindHelp","City-wide",20,45000,"AEHR"
2013,"Firgrove Community Learning Centre","Local",7,40000,"SDIP"
2013,"First Portuguese Canadian Cultural Centre of Toronto","Area Services",17,12730,"CSP"
2013,"Fixt Point","Local",6,20000,"TAC"
2013,"FoodShare Toronto","City-wide",18,25000,"AEHR"
2013,"FoodShare Toronto","City-wide",18,198840,"CSP"
2013,"For You Telecare Family Services Inc. (FUTFS)","City-wide",25,14430,"CSP"
2013,"For Youth Initiative in Toronto","Area Services",12,111400,"CSP"
2013,"Franco-fete de la communaute urbaine de Toronto","City-wide",20,5000,"TAC"
2013,"Franklin Carmichael Art Group","Area services",1,5000,"TAC"
2013,"Franklin Horner Community Centre","City-wide",6,27060,"CSP"
2013,"Friends in Trouble Youth Initiative","Local",9,10000,"TAC"
2013,"Friends of the Pan Am Path","City-wide",20,1e+05,"TAC"
2013,"Fringe of Toronto","City-wide",19,77000,"TAC"
2013,"Gallery 44","City-wide",20,20000,"CBIP"
2013,"Gallery 44","City-wide",20,73000,"TAC"
2013,"Gatehouse Child Abuse Investigation and Support Site, The","City-wide",6,22080,"CSP"
2013,"Geetanjali Music and Dance Group","City-wide",9,10000,"TAC"
2013,"Gendai Gallery","Local",19,7000,"TAC"
2013,"George S. Syme Seniors Centre of York","Area services",11,83680,"CSP"
2013,"G.E.T (Grassroots Education and Training) Schooled (ArtReach Toronto/Tides Canada)","City-wide",20,40000,"SDIP"
2013,"Gimme One Riddim","City-wide",3,7000,"TAC"
2013,"Greater Toronto Philharmonic Orchestra","City-wide",6,1000,"TAC"
2013,"Greenest City Environmental Organization","Local",14,15000,"CR"
2013,"GREX","City-wide",19,4500,"TAC"
2013,"Groundwater Productions","City-wide",18,4200,"TAC"
2013,"group of 27","City-wide",20,8000,"TAC"
2013,"Hand Eye Society","City-wide",14,4000,"TAC"
2013,"Harbourfront Centre","City-wide",20,265000,"TAC"
2013,"Harbourfront Community Centre - City Of Toronto","Area services",20,66040,"CSP"
2013,"Hardworkin' Homosexuals","City-wide",14,4000,"TAC"
2013,"Hear Me Out","Local",8,10000,"INI"
2013,"Heritage - 62 Brunswick Avenue","Local",20,8500,"HER"
2013,"Heritage - 6 Draper Street","Local",20,8000,"HER"
2013,"Heritage - 14 Draper Street","Local",20,10000,"HER"
2013,"Heritage - 23 Draper Street","Local",20,9000,"HER"
2013,"Heritage - 29 Draper St","Local",20,7000,"HER"
2013,"Heritage - 31 Prince Arthur Street","Local",20,2300,"HER"
2013,"Hispanic Development Council","City-wide",20,53115,"CSP"
2013,"Hispanic Development Council","City-wide",20,57512,"HIF"
2013,"Hope and Hell Theatre Company","City-wide",14,3500,"TAC"
2013,"Hospice Toronto","Area services",16,35000,"AEHR"
2013,"Hot Docs Canadian International Documentary Festival","City-wide",20,72000,"TAC"
2013,"Humber Community Seniors' Services Inc.","Area services",11,33890,"CSP"
2013,"ICOT - Iranian Cdn Composers of Toronto","City-wide",23,5000,"TAC"
2013,"IFT Theatre","City-wide",20,12000,"TAC"
2013,"ILL NANA/DiversityCity Dance Company","City-wide",18,15000,"TAC"
2013,"Illumine Media Project","Local",21,10000,"TAC"
2013,"IMPACT Indian Martial and Performance","Local",19,9000,"TAC"
2013,"Inside Out Lesbian and Gay Film Festival","City-wide",20,45000,"TAC"
2013,"InterAccess","City-wide",19,48000,"TAC"
2013,"International Readings at Harbourfront","City-wide",20,140000,"TAC"
2013,"Islington Centre - Etobicoke Senior Citizens","Area services",5,32585,"CSP"
2013,"Jamaican Canadian Association","City-wide",7,27875,"CSP"
2013,"Jane and Finch Unity","Area Services",7,5550,"CFSE"
2013,"Jane Finch Community and Family Centre","Local",8,146835,"CSP"
2013,"Jeng Yi","City-wide",24,3150,"TAC"
2013,"Jewish Music Week in Toronto","City-wide",21,9000,"TAC"
2013,"Jubilate Singers","City-wide",20,5000,"TAC"
2013,"JunctQin Keyboard Collective","City-wide",18,2100,"TAC"
2013,"Kababayan Community Service Centre Inc.","City-wide",14,31825,"CSP"
2013,"Kaeja d'Dance","City-wide",20,58400,"TAC"
2013,"Kala Nidhi Fine Arts of Canada","City-wide",23,10000,"TAC"
2013,"Kapisanan Philippine Centre","City-wide",20,10000,"TAC"
2013,"KCWA Family and Social Services","City-wide",20,37600,"CSP"
2013,"Kemi Contemporary Dance Projects","City-wide",14,5000,"TAC"
2013,"Koffler Gallery","City-wide",10,50000,"TAC"
2013,"Korean Canadian Symphony Orchestra","City-wide",24,10000,"TAC"
2013,"Korean Senior Citizens Society of Toronto, The","City-wide",19,15000,"CR"
2013,"Korean Senior Citizens Society of Toronto, The","City-wide",19,30000,"CSI"
2013,"Korean Senior Citizens Society of Toronto, The","City-wide",19,21220,"CSP"
2013,"Lakeshore Area Multi-Service Project (LAMP)","Local",6,76405,"CSP"
2013,"Lakeshore Arts Committee","Local",6,10000,"StrArts"
2013,"Lakeshore Arts Committee","Local",6,121140,"LASO"
2013,"Lao Association of Ontario","City-wide",9,10000,"CR"
2013,"Lao Association of Ontario","City-wide",9,29810,"CSP"
2013,"Las Perlas del Mar Productions Inc","City-wide",21,7000,"TAC"
2013,"Latin American Art Projects","City-wide",21,3000,"TAC"
2013,"Latin St. Music","Local",11,8000,"TAC"
2013,"Le Théâtre La Tangente","City-wide",22,10000,"TAC"
2013,"League of Canadian Poets","Local",20,19100,"TAC"
2013,"Learning Disabilities Association Toronto","City-wide",23,56640,"CSP"
2013,"Les Amis Concerts","City-wide",8,5000,"TAC"
2013,"Liaison of Independent Filmmakers of Toronto (LIFT)","City-wide",18,63000,"TAC"
2013,"Life of a Craphead","City-wide",20,3000,"TAC"
2013,"Life Rattle","City-wide",19,3500,"TAC"
2013,"Litmus Theatre Collective","City-wide",19,11000,"TAC"
2013,"Little Pear Garden Collective","City-wide",24,14000,"TAC"
2013,"Living Legendz Empire Educational Programs","Local",1,10000,"INI"
2013,"Long Winter","City-wide",18,6000,"TAC"
2013,"Loyan Foundation","Local",7,8000,"TAC"
2013,"Loyola Arrupe Centre for Seniors","Local",18,20775,"CSP"
2013,"Lulu Music and Arts Centre","City-wide",18,10000,"TAC"
2013,"MABELLEarts","Local",17,12000,"TAC"
2013,"MacGregor Park Art Club","Local",18,6000,"TAC"
2013,"Mad Arts Collective","City-wide",8,10000,"TAC"
2013,"Mammalian Diving Reflex","Area services",18,40000,"TAC"
2013,"Maniac Star","City-wide",22,10000,"TAC"
2013,"Manifesto Community Projects","City Wide",20,45000,"TAC"
2013,"Maracatu Mar Aberto","City-wide",22,10000,"TAC"
2013,"Mayworks","Local",20,23750,"TAC"
2013,"Median Contemporary","City-wide",18,4000,"TAC"
2013,"Memories of the Future","Local",23,18000,"TAC"
2013,"Menaka Thakkar Dance Company","City-wide",23,35000,"TAC"
2013,"Mercer Union","Local",18,64000,"TAC"
2013,"Metropolitan Action Committee on Violence Against Women & Children (METRAC)","City-wide",20,242595,"CSP"
2013,"Midaynta Community Services","City-wide",22,61010,"HIF"
2013,"Mix Mix Dance Collective","City-wide",18,4500,"TAC"
2013,"Mobile App - Toronto Alliance for the Performing Arts","City-wide",20,45000,"TAC"
2013,"Mood Disorders Association of Ontario","City-wide",16,16565,"CSP"
2013,"Moveable Beast","City-wide",17,3000,"TAC"
2013,"Muhtadi International Drumming Festival","City-wide",21,10000,"TAC"
2013,"Music Africa of Canada Inc.","City-wide",20,31000,"TAC"
2013,"Music Gallery","City-wide",20,79000,"TAC"
2013,"Music Garden, Harbourfront Centre","City-Wide",20,12500,"OTHER"
2013,"Musi-ceil (60 X 60 Dance)","City-wide",17,6000,"TAC"
2013,"Nathaniel Dett Chorale","City-wide",15,21000,"TAC"
2013,"National Council of Jewish Women of Canada, Toronto Section","City-wide",10,19485,"CSP"
2013,"National Shevchenko Musical Ensemble","City-wide",19,7500,"TAC"
2013,"Native Canadian Centre of Toronto","City-wide",20,75055,"CSP"
2013,"Native Women in the Arts","City-wide",20,16500,"TAC"
2013,"Nazareth House","Local",19,130730,"HIF"
2013,"Necessary Angel Theatre Company","City-wide",20,67000,"TAC"
2013,"Neighbourhood Arts Network","City-wide",20,1e+05,"TAC"
2013,"Neighbourhood Festival Group","Area Services",11,8000,"CFSE"
2013,"New Adventures In Sound Art","Area services",21,13500,"TAC"
2013,"New Canadian Community Centre","City-wide",24,52075,"CSP"
2013,"New Harlem Productions","City-wide",11,2500,"TAC"
2013,"No 9","City-wide",20,3000,"TAC"
2013,"Nobody's Business Theatre","City-wide",18,5000,"TAC"
2013,"North York Arts","City Wide",23,1e+05,"LASO"
2013,"North York Community House","Area services",15,44500,"CR"
2013,"North York Community House","Area services",15,15000,"CFSE"
2013,"North York Community House","Area services",15,120660,"CSP"
2013,"North York Concert Orchestra","City-wide",25,2735,"TAC"
2013,"North York Harvest Food Bank","Area Services",15,22080,"CSP"
2013,"North York Seniors Centre","Area services",23,40000,"CR"
2013,"North York Seniors Centre","Area services",23,85895,"CSP"
2013,"North York Women's Resource Centre","Area services",15,40000,"CSI"
2013,"North York Women's Resource Centre","Area services",15,47180,"CSP"
2013,"Northern Visions Independent Film & Video Organization","City-wide",20,48000,"TAC"
2013,"Northwood Neighbourhood Services","Area services",11,43725,"CSP"
2013,"Oakwood Village Community Association","Local",15,7000,"StrArts"
2013,"Ontario Association of Art Galleries","City-wide",20,30000,"TAC"
2013,"Ontario Community Centre for the Deaf, The","City-wide",25,12730,"CSP"
2013,"Ontario Council of Agencies Serving Immigrants (OCASI)","City-wide",16,76520,"CSP"
2013,"Ontario Crafts Council","City-wide",19,6000,"TAC"
2013,"Open Book Foundation","City-wide",20,2000,"TAC"
2013,"Open Roof Films Entertainment Inc.","City-wide",20,4000,"TAC"
2013,"Open Studio","City-wide",20,70000,"TAC"
2013,"Opportunity for Advancement","City-wide",20,47000,"CSI"
2013,"Opportunity for Advancement","City-wide",20,44155,"CSP"
2013,"Orchestra Toronto","City-wide",23,20000,"TAC"
2013,"Org. of Calypso Performing Artistes","City-wide",20,6000,"TAC"
2013,"Oriana Women's Choir","City-wide",4,8500,"TAC"
2013,"Outside the March","City Wide",22,12000,"TAC"
2013,"PACT","City-wide",20,5000,"TAC"
2013,"Paprika Festival","City-wide",21,13000,"TAC"
2013,"Paradigm Productions","City-wide",19,5000,"TAC"
2013,"Parkdale Activity Recreation Centre","Area services",14,30504,"HIF"
2013,"Parkdale Beauty Pageant Society","Local",18,5000,"TAC"
2013,"Parkdale Community Information Centre","Local",14,25575,"CSP"
2013,"Parkdale Goldern Age Foundation","Area services",14,53650,"CSP"
2013,"Parkdale Intercultural Association (Toronto)","Local",14,20000,"AEHR"
2013,"Parkdale Intercultural Association (Toronto)","Local",14,41600,"CSP"
2013,"Parkdale Village Arts Collective","City-wide",14,2500,"TAC"
2013,"PATCH Porject","Local",19,10000,"TAC"
2013,"Pax Christi Chorale","City-wide",25,15000,"TAC"
2013,"Pegasus Group","Local",19,40000,"HER"
2013,"Peggy Baker Dance Projects","City-wide",19,22500,"TAC"
2013,"People Project","Local",20,12000,"TAC"
2013,"Philippine Women Centre of Ontario","City-wide",21,8000,"TAC"
2013,"Plasticine Poetry Series Association","City-wide",14,3440,"TAC"
2013,"Platform A Collaborative Partnership","City-wide",15,332000,"TAC"
2013,"Play it Again Productions","City-wide",19,2000,"TAC"
2013,"Playwrights Guild of Canada","City-wide",20,23000,"TAC"
2013,"Polycultural Immigrant and Community Services","Area Services",3,27475,"CSP"
2013,"Pomengranate Tree Group","Local",18,15000,"TAC"
2013,"Portuguese Women 55 Plus Support Group of Ontario","Area services",19,4865,"CSP"
2013,"Power Plant","City-wide",20,191000,"TAC"
2013,"Power to Girls Foundation","Local",11,10000,"INI"
2013,"Pratibha Arts","City-wide",20,5000,"TAC"
2013,"Prefix Institute of Contemporary Art","City-wide",20,30000,"TAC"
2013,"princess productions","City-wide",18,18000,"TAC"
2013,"Promoting Education and Community Health (PEACH)","Area services",7,56455,"CSP"
2013,"Prosserman Jewish Community Centre","City-wide",10,12600,"CSP"
2013,"Puppetmongers","City-wide",19,20000,"TAC"
2013,"Quip Take","City-wide",21,2100,"TAC"
2013,"Raging Asian Women Taiko Drummers","City-wide",21,6000,"TAC"
2013,"REAson d'etre dance productions","City-wide",14,7000,"TAC"
2013,"Red Pepper Spectacle Arts","City-wide",20,29000,"TAC"
2013,"Red Slam Collective","Local",15,8000,"TAC"
2013,"Red Sky Performance","City-wide",20,33000,"TAC"
2013,"Remix Project (The)","City-wide",14,15000,"TAC"
2013,"Renaissance Projects","City-wide",19,3000,"TAC"
2013,"REX Pride","Area services",1,25000,"AEHR"
2013,"REX Pride","Area services",1,15000,"TAC"
2013,"Rexdale Community Health Centre","Area services",2,8000,"CFSE"
2013,"Rexdale Community Health Centre","Area services",2,183500,"CSP"
2013,"Rexdale Community Health Centre","Area services",2,15000,"StrArts"
2013,"Rexdale Women's Centre","Area services",1,10000,"CFSE"
2013,"Rexdale Women's Centre","Area services",1,51435,"CSP"
2013,"Right Path Community Centre","City-wide",8,6500,"TAC"
2013,"Roarshaq","City-wide",20,2050,"TAC"
2013,"Rosedale Winds","City-wide",23,1500,"TAC"
2013,"Roseneath Theatre","City-wide",18,67000,"TAC"
2013,"Rowers Pub Reading Series Inc.","City-wide",20,5100,"TAC"
2013,"Royal Agricultural Winter Fair","City-wide",19,939110,"OTHER"
2013,"Royal Conservatory of Music","City-wide",20,7500,"TAC"
2013,"SAINTS (Student Assistance in North Toronto for Seniors)","Local",25,10715,"CSP"
2013,"Salon du Livre de Toronto","City-wide",20,5500,"TAC"
2013,"San Lorenzo Latin American Comm. Ctre","City-wide",15,4000,"TAC"
2013,"San Romanoway Revitalization Association","Local",8,73790,"CSP"
2013,"Scadding Court Community Centre","Area services",20,35000,"AEHR"
2013,"Scadding Court Community Centre","Area services",20,162755,"CSP"
2013,"Scaramella Concerts","City-wide",13,1000,"TAC"
2013,"Scarborough Film Festival","City-wide",20,2500,"TAC"
2013,"Second Mile Club of Toronto, The","City-wide",20,65065,"CSP"
2013,"Self-Help Resource Centre","City-wide",22,33000,"CR"
2013,"Self-Help Resource Centre","City-wide",22,14360,"CSP"
2013,"Senior Adult Services in the Annex, Toronto","Local",20,31560,"CSP"
2013,"Senior Peoples' Resources in North Toronto (SPRINT)","Area services",22,91095,"CSP"
2013,"Series 8:08","City-wide",18,4800,"TAC"
2013,"Shakespeare in the Ruff","Local",11,10000,"TAC"
2013,"Silent Voice Canada","City-wide",22,29470,"CSP"
2013,"Sinfonia Toronto","City-wide",24,13000,"TAC"
2013,"Sir William Campbell House Foundation","City-wide",20,3500,"TAC"
2013,"Sir William Campbell House Museum","City-wide",20,36687.75,"MUS"
2013,"Sistering-A Woman’s Place","Local",19,13000,"TAC"
2013,"SKETCH Working Arts For Street Involved & Homeless Youth","City-wide",18,24070,"AEHR"
2013,"SKETCH Working Arts For Street Involved & Homeless Youth","City-wide",18,65000,"TAC"
2013,"Small Theatre Administrative Facility","City-wide",20,25000,"TAC"
2013,"Small Wooden Shoe","City-wide",14,10000,"TAC"
2013,"Small World Music Society","City-wide",18,42500,"TAC"
2013,"Smile Company","Area services",20,24000,"TAC"
2013,"Somali Canadian Association of Etobicoke","Area services",1,22080,"CSP"
2013,"Somali Women and Children's Support Network","City-wide",2,38420,"CSP"
2013,"Sound Check","Local",11,10000,"INI"
2013,"Soundstreams Canada","City-wide",20,84000,"TAC"
2013,"South Asian Visual Arts Collective","City-wide",20,40000,"TAC"
2013,"South Asian Women's Centre","City-wide",18,35000,"CSI"
2013,"South Asian Women's Centre","City-wide",18,82800,"CSP"
2013,"Southern Currents / Corrientes Del Sur","City-wide",17,20000,"TAC"
2013,"Sparroways Youth Group","Local",24,10000,"INI"
2013,"Spectrum Arts Project","City -wide",19,22000,"StrArts"
2013,"Springtide Resources Inc.","City-wide",20,40700,"AEHR"
2013,"Springtide Resources Inc.","City-wide",20,22080,"CSP"
2013,"St. Alban's Boys' and Girls' Club","Area services",20,183015,"CSP"
2013,"St. Bernadette's Family Resource Centre","Area services",12,18200,"CSP"
2013,"St. Christopher House (The)","Area services",19,272430,"CSP"
2013,"St. Ch ristopher House Music School","Local",19,26000,"TAC"
2013,"St. Clair West Services for Seniors, Inc.","Area services",12,47865,"CSP"
2013,"St. Matthew's Bracondale House","Area services",21,13945,"CSP"
2013,"St. Michael's College","Local",20,10000,"HER"
2013,"St. Patrick's Catholic Church","Local",20,20000,"HER"
2013,"St. Stephen's Community House","City-wide",20,225765,"CSP"
2013,"St. Stephen's Community House","City-wide",20,13000,"TAC"
2013,"STEPS Sustainable Thinking and Expression","City-wide",19,24850,"StrArts"
2013,"Stolen From Africa","Area services",18,12000,"TAC"
2013,"Stonegate Community Health Centre","Area services",5,82680,"CSP"
2013,"Stop Community Food Centre, The","Area services",17,26520,"CSP"
2013,"Storefront Humber Inc.","Local",6,54615,"CSP"
2013,"Stories Beyond Borders","Local",20,8265,"INI"
2013,"Story Planet","City-wide",20,12000,"TAC"
2013,"Storytellers School of Toronto","City Wide",21,35500,"TAC"
2013,"Street Arts Showcase","Local",13,3000,"StrArts"
2013,"Studio 180 Theatre Company","City Wide",20,15000,"TAC"
2013,"StudioFeed Toronto","City-wide",20,6000,"TAC"
2013,"Subtle Technologies","City-wide",19,16000,"TAC"
2013,"Suburban Beast","City-wide",20,7500,"TAC"
2013,"SummerWorks Theatre Festival","Local",20,40000,"TAC"
2013,"Supernaturalz","City-wide",20,5000,"TAC"
2013,"Supine Collective","City-wide",13,10000,"TAC"
2013,"Syme-Woolner Neighbourhood & Family Centre","Area services",12,99150,"CSP"
2013,"Syrinx Concerts Toronto","City-wide",21,5000,"TAC"
2013,"Tafelmusik","City-wide",20,160000,"TAC"
2013,"Talisker Players Chamber  Music","City-wide",20,13000,"TAC"
2013,"Tangled Art and Disability","City-wide",20,10000,"TAC"
2013,"Tarragon Theatre","City-wide",21,35000,"CBIP"
2013,"Tarragon Theatre","City-wide",21,2e+05,"TAC"
2013,"Team Vector","City-wide",18,7000,"TAC"
2013,"Teresa Group, The","City-wide",22,27600,"CSP"
2013,"The Gallops","City-wide",21,6000,"TAC"
2013,"Theatre Asylum","City-wide",20,14000,"TAC"
2013,"Theatre Centre","City-wide",18,110000,"TAC"
2013,"Theatre Collider","Local",13,5000,"TAC"
2013,"Theatre Columbus","City-wide",20,41000,"TAC"
2013,"Theatre Direct Canada","City-wide",21,77000,"TAC"
2013,"Theatre Gargantua","Local",18,15000,"TAC"
2013,"Theatre Ontario","City-wide",20,11500,"TAC"
2013,"Theatre Passe Muraille","City-wide",20,154000,"TAC"
2013,"Theatre Smash","City-wide",14,4500,"TAC"
2013,"Theatre Smith-Gilmour","City-wide",20,41000,"TAC"
2013,"TheatreRUN","City-wide",18,3000,"TAC"
2013,"Toronto Alliance for the Performing Arts","City-wide",20,83000,"TAC"
2013,"Toronto Alternative Arts and Fashion Week","City-wide",13,4500,"TAC"
2013,"Toronto Animated Image Society","City-wide",17,4000,"TAC"
2013,"Toronto Artscape Inc. - Artscape","City-wide",19,11000,"StrArts"
2013,"Toronto Artscape Inc. - Artscape","City-wide",19,315000,"MCO"
2013,"Toronto Blues Society","City-wide",19,32000,"TAC"
2013,"Toronto Book and Magazine Fair","City-wide",14,41500,"TAC"
2013,"Toronto Chamber Choir","City-wide",10,7500,"TAC"
2013,"Toronto Children's Chorus","City-wide",22,38000,"TAC"
2013,"Toronto Coalition for Better Child Care","City-wide",19,15600,"AEHR"
2013,"Toronto Coalition for Better Child Care","City-wide",19,22080,"CSP"
2013,"Toronto Comic Arts Festival","City-wide",19,8000,"TAC"
2013,"Toronto Consort","City-wide",20,26000,"TAC"
2013,"Toronto Community & Culture Centre","City-wide",20,10000,"CR"
2013,"Toronto Community & Culture Centre","City-wide",20,19790,"CSP"
2013,"Toronto Dance Community Love-In","City-wide",19,7000,"TAC"
2013,"Toronto Early Music Centre","City-wide",16,4200,"TAC"
2013,"Toronto Foundation for Student Success","City-wide",12,4125445,"SNP"
2013,"Toronto International Film Festival TIFF","City-wide",20,950000,"MCO"
2013,"Toronto International Flamenco Festival","City-wide",22,5000,"TAC"
2013,"Toronto Jewish Film Festival","City-wide",20,24000,"TAC"
2013,"Toronto Jewish Folk Choir","City-wide",16,5800,"TAC"
2013,"Toronto Masque Theatre","City-wide",20,10000,"TAC"
2013,"Toronto Mendelssohn Choir","City-wide",19,61000,"TAC"
2013,"Toronto Outdoor Art Exhibit","City-wide",20,1500,"TAC"
2013,"Toronto Palestine Film Festival Collective","City-wide",13,2000,"TAC"
2013,"Toronto Photographers Workshop","City-wide",19,65000,"TAC"
2013,"Toronto Rape Crisis Centre / Multicultural Women Against Rape","City-wide",20,49885,"CSP"
2013,"Toronto Reel Asian International Film Festival","City-wide",19,45000,"TAC"
2013,"Toronto Sketch Comedy Festival Group","City-wide",18,7000,"TAC"
2013,"Toronto Symphony Orchestra","City-wide",20,1205000,"MCO"
2013,"Toronto Women's City Alliance","City-wide",15,49800,"AEHR"
2013,"TorQ Percussion Quartet","City-wide",5,9000,"TAC"
2013,"Toy Piano Composers","City-wide",17,4000,"TAC"
2013,"Trinity Square Video","City-wide",20,50000,"TAC"
2013,"Tune Your Ride Collective","City-wide",19,2500,"TAC"
2013,"Turtle House Art/Play Centre","City-wide",19,13000,"TAC"
2013,"Ukrainian Canadian Social Services (Toronto) Inc.","City-wide",13,36485,"CSP"
2013,"Unapologetic Burlesque","City-wide",20,10000,"TAC"
2013,"Urban Magazine Inc.","Local",9,10000,"TAC"
2013,"Unison Health and Community Services","Local",15,40000,"CSI"
2013,"Unison Health and Community Services","Local",15,46820,"CSP"
2013,"University Settlement","Local",20,121145,"CSP"
2013,"University Settlement Music School","City-wide",20,30000,"TAC"
2013,"Univox Choir Toronto","City-wide",18,7500,"TAC"
2013,"Urban Alliance on Race Relations","City-wide",20,45000,"AEHR"
2013,"UrbanArts Community Arts Council","City-wide",11,27247,"StrArts"
2013,"UrbanArts Community Arts Council","City-wide",11,120635,"LASO"
2013,"Urban Non-violent Initiatives Through Youth","City-wide",16,9000,"TAC"
2013,"V Tape","City-wide",20,70000,"TAC"
2013,"Vermont Square Parent-Child Mother Goose Program","City-wide",19,24725,"CSP"
2013,"Vesnivka Choir Inc.","City-wide",13,8000,"TAC"
2013,"Victoria Scholars Men's Choral Ensemble","City-wide",4,6600,"TAC"
2013,"VideoCabaret International","City-wide",20,60000,"TAC"
2013,"Vietnamese Women's Association Toronto","City-wide",17,57380,"CSP"
2013,"Villa Colombo Homes For The Aged","City-wide",15,28775,"CSP"
2013,"VIVA! Youth Singers of Toronto","City-wide",20,24000,"TAC"
2013,"Volcano Non-Profit Productions Inc.","City-wide",19,40000,"TAC"
2013,"Volunteer Centre of Toronto","City-wide",20,184380,"CSP"
2013,"Wavelength Music Arts Projects","City-wide",19,4000,"TAC"
2013,"Wedge Curatorial Projects","City-wide",20,1500,"TAC"
2013,"West Toronto Support Services for Senior Citizens and the Disabled Inc.","Area services",18,40090,"CSP"
2013,"Whippersnapper Gallery","City-wide",20,3000,"TAC"
2013,"Whynot Theatre","City-wide",19,15000,"TAC"
2013,"WIAprojects","City-wide",20,4000,"TAC"
2013,"Woman Abuse Council of Toronto","City-wide",12,55195,"CSP"
2013,"Women's Art Resource Centre","City-wide",20,37000,"TAC"
2013,"Worker's Action Centre","City-wide",20,38400,"AEHR"
2013,"Worker's Action Centre","City-wide",20,52980,"CSP"
2013,"Working Women Community Centre","Area services",18,118060,"CSP"
2013,"Workman Arts Projects","City-wide",18,17000,"TAC"
2013,"WOW Project","City-wide",20,4250,"TAC"
2013,"Wychwood Clarinet Choir","City-wide",22,3000,"TAC"
2013,"XPACE Cultural Centre","City-wide",18,2000,"TAC"
2013,"Year Zero One","City-wide",20,6000,"TAC"
2013,"York West Active Living Centre","Area services",11,129500,"CSP"
2013,"York-Fairbank Centre For Seniors","Area services",15,35000,"CSI"
2013,"York-Fairbank Centre For Seniors","Area services",15,181050,"CSP"
2013,"Yorkminster Park Meals on Wheels","Area services",22,8545,"CSP"
2013,"Yorktown Child and Family Centre","Area services",15,33120,"CSP"
2013,"Young Voices Toronto","City-wide",13,8000,"TAC"
2013,"Youth Action Network","City wide",20,20000,"SDIP"
2013,"Youth Assisting Youth","City-wide",23,51930,"CSP"
2013,"Youth Community Action Committee","Local",9,9375,"INI"
2013,"YYZ Artists Outlet","City-wide",20,65000,"TAC"
2014,"6th Man Collective","City-wide",18,9000,"TAC"
2014,"1652 Keele Street Community Alliance","Area Services",12,25400,"SDIP"
2014,"A Space Gallery","City-wide",20,62000,"TAC"
2014,"Abrigo Centre","City-wide",17,100930,"CSP"
2014,"Across Oceans","City-wide",14,2000,"TAC"
2014,"adelheid dance projects","City-wide",20,15000,"TAC"
2014,"Afrihili Cultural Association of Ontario","City-wide",20,2000,"TAC"
2014,"Ahuri Theatre","City-wide",17,15000,"TAC"
2014,"Alameda Theatre Company","City-wide",21,15000,"TAC"
2014,"Albion Neighbourhood Services","Area services",1,110410,"CSP"
2014,"Albion Neighbourhood Services","Area services",1,282925,"HIF"
2014,"Alexander Park Community Centre","Area services",20,40000,"CSI"
2014,"Alliance Francaise de Toronto","City-wide",20,8000,"TAC"
2014,"Aluna Theatre","City-wide",17,106000,"TAC"
2014,"Amadeus Choir of Greater Toronto","City-wide",23,25375,"TAC"
2014,"Amici Chamber Ensemble","City-wide",20,18000,"TAC"
2014,"Anandam Dancetheatre Productions","City-wide",20,6400,"TAC"
2014,"Angel Foundation for Learning","City-wide",23,1640570,"SNP"
2014,"AOHDAS Collective","City-wide",20,9000,"TAC"
2014,"Aphasia Institute","City-wide",25,21445,"CSP"
2014,"Appledore Productions","City-wide",20,10000,"TAC"
2014,"Arab Community Centre of Toronto, The","City-wide",3,37950,"CSP"
2014,"Aradia Ensemble","City-wide",20,10000,"TAC"
2014,"Arraymusic","City-wide",19,38090,"TAC"
2014,"Art Gallery of Ontario","City-wide",20,20000,"StART"
2014,"Art Gallery of Ontario","City-wide",20,626750,"MCO"
2014,"Art Gallery of York University","City-wide",8,72000,"TAC"
2014,"Art Metropole","City-wide",18,70000,"TAC"
2014,"Art of Time Ensemble","City-wide",20,50000,"TAC"
2014,"Art Starts Neighbourhood Cultural Centre","Area services",16,30000,"CR"
2014,"Art Starts Neighbourhood Cultural Centre","Area services",16,65000,"TAC"
2014,"Artists Film Exhibition Group","City-wide",20,23000,"TAC"
2014,"Artists to Artists Foundation","City-wide",11,65000,"CBIP"
2014,"Arts Etobicoke","City-wide",5,374805,"LASO"
2014,"Arts4All Creative Society","Local",17,12000,"TAC"
2014,"Arts For Children And Youth","Area services",20,35000,"CR"
2014,"Arts For Children And Youth","Area services",20,40000,"StART"
2014,"Arts For Children And Youth","Area services",20,48000,"TAC"
2014,"Ashkenaz Foundation","City-wide",20,50000,"TAC"
2014,"Asian Arts Freedom School","City-wide",18,14000,"TAC"
2014,"Ascot Co-op","City-wide",2,34875,"GameOn"
2014,"Assaulted Women's Helpline","City-wide",20,56405,"CSP"
2014,"Association for Art and Social Change","City-wide",20,4000,"TAC"
2014,"b current","Local",21,27000,"TAC"
2014,"Baby Steps Parenting","Local",15,10000,"TAC"
2014,"Bad Dog Theatre","City-wide",19,4500,"TAC"
2014,"Bad News Days","City-wide",18,6500,"TAC"
2014,"Ballet Creole","City-wide",20,23750,"TAC"
2014,"Baque de Bamba","City-wide",18,8000,"TAC"
2014,"Barbra Schlifer Commemorative Clinic","Local",19,49215,"CSP"
2014,"Barbra Schlifer Commemorative Clinic","Local",19,10000,"TAC"
2014,"Bathurst Finch Network","Local",10,87500,"SDIP"
2014,"Bellydance Blossom Festival","City-wide",14,6000,"TAC"
2014,"Bereaved Families of Ontario-Toronto","City-wide",22,64675,"CSP"
2014,"Bernard Betel Centre for Creative Living","Area Services",10,117945,"CSP"
2014,"Better Living Health and Community Services","Area Services",25,40000,"CR"
2014,"Better Living Health and Community Services","Area Services",25,200250,"CSP"
2014,"Birdland Theatre Inc.","City-wide",18,3000,"TAC"
2014,"Birdtown and Swanville","City-wide",14,10000,"TAC"
2014,"Black Creek Youth Crew","Area services",11,9942,"INI"
2014,"Black Women in Motion","Local",7,9453,"INI"
2014,"Bloor Improvement Group","Local",18,7000,"TAC"
2014,"Bloor Information and Life Skills Centre","City-wide",19,33735,"CSP"
2014,"Blossom","Local",12,8500,"TAC"
2014,"Blythwood Winds","City-wide",20,1800,"TAC"
2014,"Bottom's Dream Collective","City-wide",18,13000,"TAC"
2014,"Braeburn Neighbourhood Place Incorporated","Local",2,45855,"CSP"
2014,"Canada Clown","City-wide",20,10000,"TAC"
2014,"Canadian Contemporary Dance Theatre","City-wide",20,52000,"TAC"
2014,"Canadian Film in the Schools","City-wide",20,3500,"TAC"
2014,"Canadian Filmmakers Distribution Centre","City-wide",20,51000,"TAC"
2014,"Canadian Hearing Society, The","City-wide",22,16705,"CSP"
2014,"Canadian Men's Chorus","City-wide",20,2500,"TAC"
2014,"Canadian Mental Health Association, The","City-wide",15,38000,"CR"
2014,"Canadian Mental Health Association, The","City-wide",15,16930,"CSP"
2014,"Canadian Red Cross, Toronto Region","City-wide",18,35750,"HIF"
2014,"Canadian Roots Exchange","City-wide",19,7000,"TAC"
2014,"CanAsian Dance Festival","City-wide",20,63000,"TAC"
2014,"CANES Community Centre","Area Services",2,63615,"CSP"
2014,"Canzine Arts Festival","City-wide",20,5000,"TAC"
2014,"CARFAC Ontario","City-wide",20,24000,"TAC"
2014,"Cecil Community Centre","Area  services",20,4865,"CSP"
2014,"Central Eglinton Community Centre","Area Services",22,26130,"CSP"
2014,"Centre for Aboriginal Media","City-wide",20,65000,"TAC"
2014,"Centre for Equality Rights in Accommodation","City-wide",19,30000,"AEHR"
2014,"Centre for Equality Rights in Accommodation","City-wide",19,80762,"HIF"
2014,"Centre for Indigenous Theatre","City-wide",19,40000,"TAC"
2014,"Centre For Spanish Speaking Peoples (The)","City-wide",9,25000,"CR"
2014,"Centre For Spanish Speaking Peoples (The)","City-wide",9,8000,"CFSE"
2014,"Centre For Spanish Speaking Peoples (The)","City-wide",9,59540,"CSP"
2014,"Centre For Spanish Speaking Peoples (The)","City-wide",9,18500,"StART"
2014,"Charles Street Video","City-wide",19,54500,"TAC"
2014,"Chiaroscuro Reading Series","City-wide",20,6000,"TAC"
2014,"Children & Youth Dance Theatre of Toronto","City-wide",8,10000,"TAC"
2014,"Chimera Project","City-wide",20,10000,"TAC"
2014,"Chinese Canadian National Council Toronto Chapter","City-wide",20,35000,"CSI"
2014,"Chinese Canadian National Council Toronto Chapter","City-wide",20,54285,"CSP"
2014,"Choirs Ontario","City-wide",22,6000,"TAC"
2014,"Christie Ossington Neighbourhood Centre","City-wide",19,66180,"CSP"
2014,"Circle of Home Care Services (Toronto)","City-wide",25,95040,"CSP"
2014,"Circle of Home Care Services (Toronto)","City-wide",25,14520,"GameOn"
2014,"Clawhammer Theatre Company","City-wide",20,9000,"TAC"
2014,"Clay and Paper Theatre","City-wide",18,22000,"TAC"
2014,"COBA Collective of Black Artists","City-wide",13,40000,"TAC"
2014,"Collective 65","City-wide",17,7000,"TAC"
2014,"Community Action Resource Centre","Area services",12,10000,"CR"
2014,"Community Action Resource Centre","Area services",12,40000,"CSI"
2014,"Community Action Resource Centre","Area services",12,153190,"CSP"
2014,"Community Head Injury Resource Services of Toronto","City-wide",23,31013,"GameOn"
2014,"Community Microskills Development Centre","City-wide",2,75790,"CSP"
2014,"Community Story Collective","Local",25,20000,"TAC"
2014,"Complex Collective","City-wide",19,5000,"TAC"
2014,"Contact Toronto Photography Festival","City-wide",19,3000,"TAC"
2014,"Continuum","City-wide",21,21000,"TAC"
2014,"Convergence Theatre","City-wide",19,1140,"TAC"
2014,"Corpus Dance Projects","City-wide",19,33000,"TAC"
2014,"COSTI Immigrant Services","Area services",17,124230,"CSP"
2014,"COSTI Immigrant Services","Area services",17,372875,"HIF"
2014,"Creation Company","Local",18,8000,"TAC"
2014,"Cross -Cultural Community Services, The","City-wide",20,25575,"CSP"
2014,"Cross Toronto Community Development Corp. (Fresh Start Cleaning)","Area services",19,85464,"HIF"
2014,"CultureLink Settlement Services","City-wide",14,66495,"CSP"
2014,"Dance Immersion","City-wide",20,25000,"TAC"
2014,"Dance Matters Dance Productions","City-wide",14,8000,"TAC"
2014,"Dance Ontario Association","City-wide",20,20000,"TAC"
2014,"DanceWorks","City-wide",20,55000,"TAC"
2014,"Davenport Arts Community","Local",17,11000,"StART"
2014,"Davenport Perth Neighbourhood Centre","Area services",17,83200,"CSP"
2014,"Delta Family Resource Centre","Area Services",7,104735,"CSP"
2014,"De-Railed Theatre Collective","Local",15,9000,"TAC"
2014,"Diaspora Dialogues Charitable Society","City-wide",20,45000,"TAC"
2014,"Dixon Community Services","Local",2,52050,"CSP"
2014,"Doorsteps Neighbourhood Services","Area Services",7,122755,"CSP"
2014,"Dovercourt Boys' and Girls' Club","Local",18,51315,"CSP"
2014,"Downsview Services for Seniors","Area Services",10,82205,"CSP"
2014,"Drum Artz Canada","Local",17,29000,"TAC"
2014,"Drumheller Music Association of Ontario","City-wide",19,4000,"TAC"
2014,"Eight Fest Small-Gauge Film Festival","City-wide",20,8000,"TAC"
2014,"Ekran Polish Film Association","City-wide",14,3000,"TAC"
2014,"Elderly Vietnamese Association, Toronto","City-wide",14,16230,"CSP"
2014,"Elle Productions Collective","City-wide",20,5000,"TAC"
2014,"Elmer Iseler Singers","City-wide",5,34000,"TAC"
2014,"Elspeth Heyworth Centre for Women","Area Services",7,27555,"CSP"
2014,"Emerging Writers","City-wide",18,2000,"TAC"
2014,"Encontrarte Youth Arts","Local",17,10000,"TAC"
2014,"Ensemble Polaris","City-wide",20,4000,"TAC"
2014,"Eritrean Canadian Community Centre","City-wide",21,28210,"CSP"
2014,"Eritrean Youth Collective","Local",19,10000,"TAC"
2014,"Esmeralda Enrique Spanish Dance Company","City-wide",20,23000,"TAC"
2014,"Esprit Orchestra","City-wide",20,84500,"TAC"
2014,"Ethno-racial People with Disabilities Coalition of Ontario","City-wide",20,45000,"AEHR"
2014,"Etobicoke Centennial Choir","Local",4,4750,"TAC"
2014,"Etobicoke Community Concert Band","Local",5,6500,"TAC"
2014,"Etobicoke Handweavers & Spinners Guild","City-wide",3,1500,"TAC"
2014,"Etobicoke Philharmonic Orchestra","Local",3,11000,"TAC"
2014,"Etobicoke Ringette Association","City-wide",5,14600,"GameOn"
2014,"Etobicoke Services for Seniors","Area services",2,48065,"CSP"
2014,"Evangel Hall","Local",20,45321,"HIF"
2014,"Events in Real Time","City-wide",19,6500,"TAC"
2014,"Eventual Ashes","City-wide",19,10000,"TAC"
2014,"Everdale - Black Creek Community Farm","Area Services",8,40000,"AEHR"
2014,"Everdale - Black Creek Community Farm","Area Services",8,9800,"CFSE"
2014,"Expect Theatre","Local",1,27000,"TAC"
2014,"Express Arte","Local",8,8000,"TAC"
2014,"Extend-A-Family","City-wide",16,22570,"CSP"
2014,"Exultate Chamber Singers","City-wide",20,7000,"TAC"
2014,"Factory Theatre","City-wide",20,158000,"TAC"
2014,"FADO Performance Inc.","City-wide",19,24000,"TAC"
2014,"Family Supports Institute Ontario (formerly Metro Association of Family Resource Programs)","City-wide",19,13540,"CSP"
2014,"FCJ Refugee Centre","City-wide",17,40000,"AEHR"
2014,"FCJ Refugee Centre","City-wide",17,25000,"CR"
2014,"FCJ Refugee Centre","City-wide",17,40000,"CSI"
2014,"Firgrove Community Learning Centre","Local",11,7500,"CFSE"
2014,"Firgrove Community Learning Centre","Local",11,20000,"SDIP"
2014,"First Portuguese Canadian Cultural Centre of Toronto","Area Services",17,13015,"CSP"
2014,"FoodShare Toronto","City-wide",18,45000,"AEHR"
2014,"FoodShare Toronto","City-wide",18,203230,"CSP"
2014,"For You Telecare Family Services Inc. (FUTFS)","City-wide",25,14750,"CSP"
2014,"For Youth Initiative in Toronto","Area Services",12,113860,"CSP"
2014,"Force for Cultural Events Production Inc.","City-wide",18,7000,"TAC"
2014,"Francophoneie En Fete","City-wide",20,7500,"TAC"
2014,"Franklin Carmichael Art Group","Local",1,5000,"TAC"
2014,"Franklin Horner Community Centre","City-wide",6,27660,"CSP"
2014,"FRESH Collective","Area Services",20,40000,"CSI"
2014,"Friendly Spike Theatre Band","Local",14,6500,"TAC"
2014,"Friends of the Pan Am Path","City-wide",20,120000,"TAC"
2014,"Fright Film School","Local",4,9900,"TAC"
2014,"Fringe of Toronto","City-wide",21,77000,"TAC"
2014,"Fujiwara Dance Inventions","City-wide",20,17000,"TAC"
2014,"Gallery 44","City-wide",20,117000,"TAC"
2014,"Gatehouse Child Abuse Investigation and Support Site, The","City-wide",6,22570,"CSP"
2014,"George S. Syme Seniors Centre of York","Area services",11,85525,"CSP"
2014,"G.E.T (Grassroots Education and Training) Schooled (ArtReach Toronto/Tides Canada)","City-wide",20,40000,"SDIP"
2014,"Grassroots Canada Basketball","City-wide",8,32213,"GameOn"
2014,"Greater Toronto Philharmonic Orchestra","City-wide",22,1000,"TAC"
2014,"Hammer & Head Performance Collective","City-wide",18,2250,"TAC"
2014,"Harbourfront Centre","City-wide",20,375000,"TAC"
2014,"Harbourfront Community Centre - City Of Toronto","Area services",20,32000,"CR"
2014,"Harbourfront Community Centre - City Of Toronto","Area services",20,84375,"CSP"
2014,"Harbourfront Community Centre - City Of Toronto","Area services",20,17820,"StART"
2014,"Heritage - 6 Fern Avenue","Local",20,5000,"HER"
2014,"Heritage - 12 Geneva Avenue","Local",20,9750,"HER"
2014,"Heritage - 407 Huron Street","Local",20,10000,"HER"
2014,"Heritage - 60 Lowther Avenue","Local",20,5000,"HER"
2014,"Heritage - 41 Nanton Avenue","Local",20,10000,"HER"
2014,"Heritage - 2 Prospect Street","Local",20,21750,"HER"
2014,"Heritage - 257 Queen Street West","Local",20,25000,"HER"
2014,"Heritage - 400 Roncesvalles Avenue","Local",14,75000,"HER"
2014,"Heritage - 63 Tranby Avenue","Local",20,10000,"HER"
2014,"Hispanic Canadian Arts & Cultural Association","City-wide",23,5000,"TAC"
2014,"Hispanic Development Council","City-wide",20,54285,"CSP"
2014,"Hispanic Development Council","City-wide",20,14378,"HIF"
2014,"Hispanic Gay-Straight Alliance","Area services",9,10000,"INI"
2014,"Hope and Hell Theatre Company","City-wide",20,2000,"TAC"
2014,"Hope House Youth Charities","City-wide",16,34875,"GameOn"
2014,"Hospice Toronto","Area services",22,40000,"AEHR"
2014,"Hot Docs Canadian International Documentary Festival","City-wide",20,25000,"CBIP"
2014,"Hot Docs Canadian International Documentary Festival","City-wide",20,92000,"TAC"
2014,"Humber Community Seniors' Services Inc.","Area services",11,34640,"CSP"
2014,"Humewood House Association","Area services",21,37500,"HIF"
2014,"I equal I","Local",23,3000,"TAC"
2014,"Inner City Unity - Friends in Trouble","Area services",8,10000,"INI"
2014,"Inside Out Lesbian and Gay Film Festival","City-wide",20,51000,"TAC"
2014,"InterAccess","City-wide",19,51000,"TAC"
2014,"International Readings at Harbourfront","City-wide",20,145000,"TAC"
2014,"Islington Centre - Etobicoke Senior Citizens","Area services",5,33305,"CSP"
2014,"Ipsita Nova Dance Projects","City-wide",19,15000,"TAC"
2014,"Jane Finch Community and Family Centre","Local",8,150080,"CSP"
2014,"Jasmyn Fyffe Dance","City-wide",20,9000,"TAC"
2014,"Jayu","City-wide",20,15000,"TAC"
2014,"Jeunessess Musicales Ontario","City-wide",20,2000,"TAC"
2014,"Jumblies Theatre","Area services",20,68000,"TAC"
2014,"Just Bgraphic Inc","Local",7,8500,"CFSE"
2014,"Just Bgraphic Inc","Local",7,9500,"TAC"
2014,"Justina M. Barnicke Gallery","City-wide",20,6000,"TAC"
2014,"Kababayan Community Service Centre Inc.","City-wide",14,32530,"CSP"
2014,"Kaeja d'Dance","City-wide",20,40900,"TAC"
2014,"Kaha:wi Dance Theatre","City-wide",20,51000,"TAC"
2014,"Kapisanan Philippine Centre for Arts and Culture","City-wide",20,6500,"CFSE"
2014,"Kapisanan Philippine Centre for Arts and Culture","City-wide",20,10000,"TAC"
2014,"KCWA Family and Social Services","City-wide",20,38430,"CSP"
2014,"Keys To The Studio","City-wide",14,15000,"TAC"
2014,"Koffler Gallery","City-wide",19,50000,"TAC"
2014,"Korean Canadian Symphony Orchestra","City-wide",23,10000,"TAC"
2014,"Korean Senior Citizens Society of Toronto, The","City-wide",19,21690,"CSP"
2014,"Kunstverein Toronto","City-wide",18,5500,"TAC"
2014,"Lab Cab Festival","City-wide",14,13000,"TAC"
2014,"Larchand Dance Project","City-wide",19,3000,"TAC"
2014,"Lakeshore Area Multi-Service Project (LAMP)","Local",6,78090,"CSP"
2014,"Lakeshore Arts Committee","Local",6,232430,"LASO"
2014,"Lao Association of Ontario","City-wide",9,30470,"CSP"
2014,"Las Perlas del Mar Productions Inc","City-wide",20,3000,"TAC"
2014,"Latin St. Music","Local",9,8000,"TAC"
2014,"Latino Canadian Cultural Association","City-wide",14,2250,"TAC"
2014,"Le Laboratoire d'Art","City-wide",19,18000,"TAC"
2014,"League of Canadian Poets","City-wide",20,19100,"TAC"
2014,"Learning Disabilities Association Toronto","City-wide",23,57890,"CSP"
2014,"Lester Trips Theatre","City-wide",20,5000,"TAC"
2014,"Li Delun Music Foundation","City-wide",23,3000,"TAC"
2014,"Life of a Craphead","City-wide",20,8000,"TAC"
2014,"Life Raffle","City-wide",20,1500,"TAC"
2014,"LIFT","City-wide",18,69000,"TAC"
2014,"Link Music Lab","City-wide",20,5000,"TAC"
2014,"Litmus Theatre Collective","City-wide",19,4000,"TAC"
2014,"Little Brother Projects","City-wide",18,5700,"TAC"
2014,"Long Winter","City-wide",19,10000,"TAC"
2014,"Lookup Theatre","City-wide",18,9500,"TAC"
2014,"Loyola Arrupe Centre for Seniors","Local",18,21235,"CSP"
2014,"Luff","City-wide",19,3000,"TAC"
2014,"Lulu Music and Arts Centre","City-wide",18,47000,"TAC"
2014,"MABELLEarts","Local",5,20000,"TAC"
2014,"MacGregor Park Art Club","Local",18,6000,"TAC"
2014,"Making Room Community Arts","Local",14,15000,"TAC"
2014,"Mammalian Diving Reflex","City-wide",18,35000,"TAC"
2014,"Manifesto Community Projects","City Wide",20,35000,"TAC"
2014,"Mayworks","City-wide",20,27750,"TAC"
2014,"Median Contemporary","Area services",20,7000,"TAC"
2014,"Menaka Thakkar Dance Company","City-wide",20,35000,"TAC"
2014,"Mercer Union","City-wide",18,70000,"TAC"
2014,"Metropolitan Action Committee on Violence Against Women & Children (METRAC)","City-wide",20,297945,"CSP"
2014,"Midaynta Community Services","City-wide",22,57227,"HIF"
2014,"Modern Entertainment","City-wide",21,5000,"TAC"
2014,"Monsoon-Music","City-wide",20,5000,"TAC"
2014,"Mood Disorders Association of Ontario","City-wide",16,16930,"CSP"
2014,"Mooredale Concerts","City-wide",20,4000,"TAC"
2014,"Music Gallery","City-wide",20,79000,"TAC"
2014,"Music Garden, Harbourfront Centre","City-Wide",20,25000,"OTHER"
2014,"Music in the Barns","City-wide",21,7585,"TAC"
2014,"Naci Volleyball","City-wide",1,15000,"GameOn"
2014,"Nagata Shachu","City-wide",20,10000,"TAC"
2014,"Nathaniel Dett Chorale","City-wide",20,21000,"TAC"
2014,"National Ballet of Canada","City-wide",20,1250000,"MCO"
2014,"National Shevchenko Musical Ensemble","City-wide",15,7500,"TAC"
2014,"Native Canadian Centre of Toronto","City-wide",20,76720,"CSP"
2014,"Native Women in the Arts","City-wide",20,16500,"TAC"
2014,"Nazareth House","City-wide",19,32683,"HIF"
2014,"Neighbourhood Arts Network","City-wide",20,1e+05,"TAC"
2014,"Neighbourhood Festival Group","Area Services",11,6800,"CFSE"
2014,"New Adventures In Sound Art","Area services",21,23500,"TAC"
2014,"New Canadian Community Centre","City-wide",24,42575,"CSP"
2014,"New Music Concerts","City-wide",20,55000,"TAC"
2014,"Newton Moraes Dance Theatre","City-wide",17,7000,"TAC"
2014,"No 9 Contemporary Art and the Environment","City-wide",20,10000,"TAC"
2014,"North York Arts","City Wide",23,174240,"LASO"
2014,"North York Community House","Area services",15,123325,"CSP"
2014,"North York Concert Orchestra","City-wide",25,2185,"TAC"
2014,"North York Harvest Food Bank","Area Services",15,22570,"CSP"
2014,"North York Seniors Centre","Area services",23,87790,"CSP"
2014,"North York Womens Resource Centre","Area services",15,40000,"CSI"
2014,"North York Womens Resource Centre","Area services",15,48220,"CSP"
2014,"Northern Griots Network","City-wide",20,6900,"TAC"
2014,"Northern Visions Independent Film & Video Organization","City-wide",20,56000,"TAC"
2014,"Northwood Neighbourhood Services","Area services",11,44690,"CSP"
2014,"NoYo Artists Resdidency Program","Area Services",24,3250,"TAC"
2014,"Obsidian Theatre Company","City-wide",20,50000,"TAC"
2014,"On site (at) OCAD University","City-wide",20,2500,"TAC"
2014,"Ontario Association of Art Galleries","City-wide",20,24000,"TAC"
2014,"Ontario Community Centre for the Deaf, The","City-wide",25,13015,"CSP"
2014,"Ontario Council of Agencies Serving Immigrants (OCASI)","City-wide",16,25000,"AEHR"
2014,"Ontario Council of Agencies Serving Immigrants (OCASI)","City-wide",16,8000,"CFSE"
2014,"Ontario Council of Agencies Serving Immigrants (OCASI)","City-wide",16,77105,"CSP"
2014,"Ontario Crafts Council","City-wide",19,32000,"TAC"
2014,"Open Book Foundation","City-wide",20,6000,"TAC"
2014,"Open Roof Films Entertainment Inc.","City-wide",18,7000,"TAC"
2014,"Open Studio","City-wide",20,73000,"TAC"
2014,"Opportunity for Advancement","City-wide",20,44000,"CSI"
2014,"Opportunity for Advancement","City-wide",20,45130,"CSP"
2014,"Orchestra Toronto","City-wide",23,21000,"TAC"
2014,"Oriana Women's Choir","City-wide",22,9400,"TAC"
2014,"Orpheus Choir of Toronto","City-wide",22,20000,"TAC"
2014,"PACT","City-wide",20,6000,"TAC"
2014,"Pandemic Theatre","City-wide",20,4500,"TAC"
2014,"Paprika Festival","City-wide",18,13000,"TAC"
2014,"Parkdale Activity Recreation Centre","Area services",14,35542,"HIF"
2014,"Parkdale Beauty Pageant Society","Local",14,5000,"TAC"
2014,"Parkdale Community Information Centre","Local",14,26140,"CSP"
2014,"Parkdale Community Legal Services","Area services",14,40100,"AEHR"
2014,"Parkdale Golden Age Foundation","Area services",14,54840,"CSP"
2014,"Parkdale Intercultural Association (Toronto)","Local",14,42520,"CSP"
2014,"Passion","Local",16,10000,"TAC"
2014,"Pax Christi Chorale","City-wide",23,15000,"TAC"
2014,"Picasso PRO","City-wide",13,10000,"TAC"
2014,"Planet In Focus","City-wide",20,25000,"TAC"
2014,"Plasticine Poetry Series Association","City-wide",19,1000,"TAC"
2014,"Platform A Collaborative Partnership","Area Services",15,348000,"TAC"
2014,"Playwrights Guild of Canada","City-wide",20,23000,"TAC"
2014,"P.O.I.N.T Inc.(People and Organizations in North Toronto)","Area Services",16,15000,"CR"
2014,"Polycultural Immigrant and Community Services","Area Services",3,28080,"CSP"
2014,"Power Plant","City-wide",20,215000,"TAC"
2014,"Power to Girls Foundation","Local",1,10000,"TAC"
2014,"Pratibha Arts","City-wide",20,9000,"TAC"
2014,"Prefix Institute of Contemporary Art","City-wide",20,34000,"TAC"
2014,"Prince Youth Basketball Group - PYB","City-wide",8,2160,"GameOn"
2014,"ProArteDanza","City-wide",20,15000,"TAC"
2014,"Project Creative Users","City-wide",19,3500,"TAC"
2014,"Project : Humanity Inc.","City-wide",18,11000,"TAC"
2014,"Promoting Education and Community Health (PEACH)","Area services",7,57705,"CSP"
2014,"Prosserman Jewish Community Centre","City-wide",10,12885,"CSP"
2014,"ProudPolitics Leadership Organization","Area services",20,9920,"AEHR"
2014,"Public Recordings Performance Projects","City-wide",17,15000,"TAC"
2014,"Queen's Plate Resident Steering Committee","Area services",2,30000,"SDIP"
2014,"Question Mark-Exclamation","City-wide",20,2500,"TAC"
2014,"Quip Take","City-wide",20,6000,"TAC"
2014,"Raconteurs StoryTelling","City-wide",20,2000,"TAC"
2014,"Rebels With A Cause Film Festival","City-wide",8,2000,"TAC"
2014,"Red Pepper Spectacle Arts","City-wide",20,36700,"TAC"
2014,"Red Sky Performance","City-wide",20,22000,"CBIP"
2014,"Red Sky Performance","City-wide",20,33000,"TAC"
2014,"Remix Project (The)","City-wide",14,20000,"TAC"
2014,"Rexdale Community Centre","Local",2,19000,"StART"
2014,"Rexdale Community Health Centre","Area services",2,6800,"CFSE"
2014,"Rexdale Community Health Centre","Area services",2,231665,"CSP"
2014,"Rexdale Women's Centre","Area services",1,8500,"CFSE"
2014,"Rexdale Women's Centre","Area services",1,52575,"CSP"
2014,"Right Path Community Centre","City-wide",9,9500,"TAC"
2014,"Roseneath Theatre","City-wide",18,69000,"TAC"
2014,"Rowers Pub Reading Series Inc.","City-wide",19,6000,"TAC"
2014,"Royal Agricultural Winter Fair","City-wide",19,939110,"OTHER"
2014,"Royal Conservatory of Music","City-wide",20,30000,"TAC"
2014,"RT Collective","Local",20,600,"TAC"
2014,"Russian Library & Community Information Centre","Local",20,6000,"TAC"
2014,"SAINTS (Student Assistance in North Toronto for Seniors)","Local",25,10955,"CSP"
2014,"San Lorenzo Latin American Community Centre","City-wide",19,4000,"TAC"
2014,"San Romanoway Revitalization Association","Local",8,75420,"CSP"
2014,"Scadding Court Community Centre","Area services",20,35000,"AEHR"
2014,"Scadding Court Community Centre","Area services",20,166345,"CSP"
2014,"Scarborough Access Centre","Area Services",14,40000,"SDIP"
2014,"Second Mile Club of Toronto, The","City-wide",20,66505,"CSP"
2014,"Self-Help Resource Centre","City-wide",22,30000,"CR"
2014,"Self-Help Resource Centre","City-wide",22,14680,"CSP"
2014,"Senior Adult Services in the Annex, Toronto","Local",20,32265,"CSP"
2014,"Senior Peoples' Resources in North Toronto (SPRINT)","Area services",22,93110,"CSP"
2014,"Series 8:08","City-wide",19,6500,"TAC"
2014,"Shoestring Opera","City-wide",5,1000,"TAC"
2014,"Sick Muse Art Projects","City-wide",17,7000,"TAC"
2014,"Silent Voice Canada","City-wide",22,30000,"AEHR"
2014,"Silent Voice Canada","City-wide",22,30125,"CSP"
2014,"Silent Voice Canada","City-wide",22,27186,"GameOn"
2014,"Sinfonia Toronto","City-wide",20,13000,"TAC"
2014,"Sir William Campbell House Foundation","City-wide",20,4250,"TAC"
2014,"Sir William Campbell House Museum","City-wide",20,36687,"MUS"
2014,"Sistering-A Woman’s Place","Local",18,15000,"TAC"
2014,"SKETCH Working Arts For Street Involved & Homeless Youth","City-wide",19,45000,"AEHR"
2014,"SKETCH Working Arts For Street Involved & Homeless Youth","City-wide",19,81000,"CBIP"
2014,"SKETCH Working Arts For Street Involved & Homeless Youth","City-wide",19,25000,"StART"
2014,"SKETCH Working Arts For Street Involved & Homeless Youth","City-wide",19,90000,"TAC"
2014,"Small Theatre Administrative Facility","City-wide",20,30000,"TAC"
2014,"Small Wooden Shoe","City-wide",17,15000,"TAC"
2014,"Small World Music Society","City-wide",18,42500,"TAC"
2014,"Smile Company","City-wide",20,24000,"TAC"
2014,"Social Circus Circle","City-wide",19,7500,"TAC"
2014,"Somali Canadian Association of Etobicoke","Area services",1,22570,"CSP"
2014,"Somali Women and Children's Support Network","City-wide",2,39270,"CSP"
2014,"Somewhere There Creative Music Productions","City-wide",19,2500,"TAC"
2014,"Sound Check","Local",11,10000,"INI"
2014,"Sound Check","Local",11,10000,"TAC"
2014,"Soundstreams Canada","City-wide",20,84000,"TAC"
2014,"South Asian Visual Arts Collective","City-wide",20,40000,"TAC"
2014,"South Asian Women's Centre","City-wide",18,84625,"CSP"
2014,"Southern Currents / Corrientes Del Sur","City-wide",20,20000,"TAC"
2014,"SPEAKout Poetry & Ink Veins","Local",19,9600,"TAC"
2014,"Spectrum Arts Project","City -wide",19,37650,"StART"
2014,"Spectrum Composers Collective","City-wide",20,6000,"TAC"
2014,"Springtide Resources Inc.","City-wide",20,22570,"CSP"
2014,"Spoke N'Heard","Local",24,10000,"TAC"
2014,"St. Alban's Boys' and Girls' Club","Area services",20,187050,"CSP"
2014,"St. Bernadette's Family Resource Centre","Area services",12,18605,"CSP"
2014,"St. Christopher House (The)","Area services",19,283425,"CSP"
2014,"St. Clair West Services for Seniors, Inc.","Area services",12,48925,"CSP"
2014,"St. Matthew's Bracondale House","Area services",21,14255,"CSP"
2014,"St. Stephen's Community House","City-wide",20,230745,"CSP"
2014,"St. Stephen's Community House","City-wide",20,12000,"TAC"
2014,"Stolen From Africa","Local",18,10000,"TAC"
2014,"Stonegate Community Health Centre","Area services",5,84510,"CSP"
2014,"Stones Project","City-wide",17,5000,"TAC"
2014,"Stop Community Food Centre, The","Area services",17,27105,"CSP"
2014,"Storefront Humber Inc.","Local",6,55820,"CSP"
2014,"Storefront Studios","City-wide",13,2000,"TAC"
2014,"Stories That My Body Told Me","City-wide",17,6000,"TAC"
2014,"Story Planet","City-wide",18,11000,"TAC"
2014,"Storytellers School of Toronto","City Wide",21,35500,"TAC"
2014,"Stud Magazine","Local",1,15000,"TAC"
2014,"Studio 180 Theatre Company","City Wide",18,27000,"TAC"
2014,"Subtle Technologies","City-wide",19,16000,"TAC"
2014,"SummerWorks Theatre Festival","Local",18,45000,"TAC"
2014,"Supine Collective","City-wide",18,8000,"TAC"
2014,"Surface Art","Area services",11,20300,"StART"
2014,"Surface/Underground Theatre","City-wide",18,8000,"TAC"
2014,"Syme-Woolner Neighbourhood & Family Centre","Area services",12,101340,"CSP"
2014,"Tafelmusik","City-wide",20,1e+05,"CBIP"
2014,"Tafelmusik","City-wide",20,180000,"TAC"
2014,"Talisker Players Chamber  Music","City-wide",20,14000,"TAC"
2014,"Tarragon Theatre","City-wide",21,2e+05,"TAC"
2014,"Teresa Group, The","City-wide",22,5000,"CR"
2014,"Teresa Group, The","City-wide",22,28210,"CSP"
2014,"Tetrault Arts Productions","City-wide",20,9000,"TAC"
2014,"The Company Theatre","City-wide",21,18000,"TAC"
2014,"The Dietrich Group","City-wide",20,11000,"TAC"
2014,"The Fruit Loopz Collective","City-wide",19,12000,"TAC"
2014,"The Gallops","City-wide",19,2000,"TAC"
2014,"the MAKE","City-wide",20,8000,"TAC"
2014,"Theatre Centre","City-wide",18,121000,"TAC"
2014,"Theatre Department","City-wide",20,5000,"TAC"
2014,"Theatre Direct Canada","City-wide",20,79000,"TAC"
2014,"Theatre Gargantua","Local",20,25000,"TAC"
2014,"Theatre Museum Canada","City-wide",19,2500,"TAC"
2014,"Theatre Ontario","City-wide",20,11500,"TAC"
2014,"Theatre Passe Muraille","City-wide",20,154000,"TAC"
2014,"Theatre Smith-Gilmour","City-wide",18,41000,"TAC"
2014,"Theatrefront Inc.","City-wide",21,15000,"TAC"
2014,"Thin Edge New Music Collective","City-wide",19,2000,"TAC"
2014,"Third Space Art Projects","Local",7,6000,"TAC"
2014,"Throbbing Rose Collective","Local",18,3000,"TAC"
2014,"Throwdown Collective","City-wide",19,8000,"TAC"
2014,"TLK","City-wide",20,5000,"TAC"
2014,"Toronto Aboriginal Support Services Council","City-wide",20,30000,"SDIP"
2014,"Toronto Alliance for the Performing Arts","City-wide",20,83000,"TAC"
2014,"Toronto Animated Image Society","Local",17,26000,"TAC"
2014,"Toronto Artscape Inc. - Artscape","City-wide",19,346690,"MCO"
2014,"Toronto Blues Society","City-wide",20,32000,"TAC"
2014,"Toronto Children's Chorus","City-wide",20,38000,"TAC"
2014,"Toronto City Opera","City-wide",19,2400,"TAC"
2014,"Toronto Coalition for Better Child Care","City-wide",19,15600,"AEHR"
2014,"Toronto Coalition for Better Child Care","City-wide",19,22570,"CSP"
2014,"Toronto Consort","City-wide",20,37000,"TAC"
2014,"Toronto Community & Culture Centre","City-wide",20,20230,"CSP"
2014,"Toronto Dance Community Love-In","City-wide",19,6000,"TAC"
2014,"Toronto Dance Theatre","City-wide",20,160000,"TAC"
2014,"Toronto Early Music Centre","City-wide",12,2100,"TAC"
2014,"Toronto Emerging ARTivists","Local",19,10000,"TAC"
2014,"Toronto Festival of Arts, Culture and Creativity - Luminato TO Festival","City-wide",19,345000,"MCO"
2014,"Toronto Foundation for Student Success","City-wide",12,5431269,"SNP"
2014,"Toronto International Film Festival TIFF","City-wide",20,1050000,"MCO"
2014,"Toronto Jewish Film Festival","City-wide",20,24000,"TAC"
2014,"Toronto Lords Community Association/Basketball Association","City-wide",19,20070,"GameOn"
2014,"Toronto Mendelssohn Choir","City-wide",20,66000,"TAC"
2014,"Toronto Palestine Film Festival Collective","City-wide",20,5500,"TAC"
2014,"Toronto Performance Art Collective","City-wide",19,7000,"TAC"
2014,"Toronto Photographers Workshop","City-wide",18,65000,"TAC"
2014,"Toronto Rape Crisis Centre / Multicultural Women Against Rape","City-wide",20,50985,"CSP"
2014,"Toronto Reel Asian International Film Festival","City-wide",20,55000,"TAC"
2014,"Toront Silent Film Festival","City-wide",22,3000,"TAC"
2014,"Toronto Sketch Comedy Festival Group","City-wide",19,7500,"TAC"
2014,"Toronto Summer Music Foundation","City-wide",20,23000,"TAC"
2014,"Toronto Symphony Orchestra","City-wide",20,1220000,"MCO"
2014,"Toronto Tabla Ensemble","Local",19,10000,"TAC"
2014,"Toronto Women's City Alliance","City-wide",15,45000,"AEHR"
2014,"TorQ Percussion Quartet","Local",20,9000,"TAC"
2014,"Transmission Commission Collective","City-wide",19,1400,"TAC"
2014,"Triana Project","City-wide",20,6000,"TAC"
2014,"Trinity Square Video","City-wide",20,45000,"TAC"
2014,"Tune Your Ride Collective","City-wide",14,2500,"TAC"
2014,"Turtle House Art/Play Centre","City-wide",20,10000,"TAC"
2014,"Twelfth House","City-wide",14,5000,"TAC"
2014,"Ukrainian Canadian Social Services (Toronto) Inc.","City-wide",13,37300,"CSP"
2014,"Unison Health and Community Services","Local",15,40000,"CSI"
2014,"Unison Health and Community Services","Local",15,47855,"CSP"
2014,"U.N.I.T. Productions","City-wide",20,11000,"TAC"
2014,"University Settlement","Local",20,123820,"CSP"
2014,"University Settlement Music School","City-wide",20,23500,"TAC"
2014,"Univox Choir Toronto","City-wide",18,9000,"TAC"
2014,"Urban Alliance on Race Relations","City-wide",20,45000,"AEHR"
2014,"UrbanArts Community Arts Council","City-wide",11,20000,"StART"
2014,"UrbanArts Community Arts Council","City-wide",11,232935,"LASO"
2014,"Urban Non-Violent Initiatives Through Youth (UNITY)","Area services",16,39000,"CSI"
2014,"Urban Squash Toronto","City-wide",9,34875,"GameOn"
2014,"Untold Stories","City-wide",21,6000,"TAC"
2014,"Upfront Theatre Foundation","Area services",8,15000,"TAC"
2014,"V Tape","City-wide",20,78000,"TAC"
2014,"Vanguardia Dance Projects","City-wide",20,9000,"TAC"
2014,"Venn Diagram","City-wide",19,4000,"TAC"
2014,"Verde Viento Collective","City-wide",13,6000,"TAC"
2014,"Vermont Square Parent-Child Mother Goose Program","City-wide",19,13695,"AEHR"
2014,"Vermont Square Parent-Child Mother Goose Program","City-wide",19,25270,"CSP"
2014,"Vesnivka Choir Inc.","City-wide",13,8000,"TAC"
2014,"Vietnamese Women's Association Toronto","City-wide",17,58650,"CSP"
2014,"Villa Colombo Homes For The Aged","City-wide",15,29415,"CSP"
2014,"VIVA! Youth Singers of Toronto","City-wide",20,20000,"TAC"
2014,"Volcano Non-Profit Productions Inc.","City-wide",21,47000,"TAC"
2014,"Volunteer Centre of Toronto","City-wide",20,188450,"CSP"
2014,"Wavelength Music Arts Projects","City-wide",20,10000,"TAC"
2014,"Welcome House","City-wide",10,34575,"GameOn"
2014,"West Neighbourhood House Music School","Area services",19,24000,"TAC"
2014,"West Toronto Support Services for Senior Citizens and the Disabled Inc.","Area services",18,40980,"CSP"
2014,"Weston-Mount Dennis Pro Tech Media Centre","Area services",11,17000,"SDIP"
2014,"Whippersnapper Gallery","City-wide",20,2250,"TAC"
2014,"Woman Abuse Council of Toronto","City-wide",12,56415,"CSP"
2014,"Women's Art Resource Centre","City-wide",20,37000,"TAC"
2014,"Women's Musical Club of Toronto","City-wide",20,2500,"TAC"
2014,"Worker's Action Centre","City-wide",20,40000,"AEHR"
2014,"Worker's Action Centre","City-wide",20,54150,"CSP"
2014,"Working Women Community Centre","Area services",18,120670,"CSP"
2014,"Workman Arts Projects","City-wide",20,20000,"TAC"
2014,"World Fiddle Day Toronto","City-wide",20,3000,"TAC"
2014,"Wynchwood Barns Community Association","Local",21,3500,"TAC"
2014,"Wychwood Clarinet Choir","City-wide",21,4000,"TAC"
2014,"York West Active Living Centre","Area services",11,23910,"CR"
2014,"York West Active Living Centre","Area services",11,107920,"CSP"
2014,"York-Fairbank Centre For Seniors","Area services",15,185045,"CSP"
2014,"Yorkminster Park Meals on Wheels","Area services",22,8735,"CSP"
2014,"Yorktown Child and Family Centre","Area services",15,33855,"CSP"
2014,"Youth Action Network","City wide",20,38685,"AEHR"
2014,"Youth Arts Action (YAA)","Area services",15,30000,"SDIP"
2014,"Youth Assisting Youth","City-wide",23,53075,"CSP"
2014,"Youth Reference Advisory Group (YRAG)","Area services",2,10000,"INI"
2014,"YYZ Artists Outlet","City-wide",20,75000,"TAC"
2015,"7th Cousins","City-wide",14,7000,"TAC"
2015,"1652 Keele Street Community Alliance","Area Services",12,40000,"SDIP"
2015,"A Man Vanishes Collective","City-wide",20,10000,"TAC"
2015,"A Space Gallery","City-wide",20,16600,"CBIP"
2015,"A Space Gallery","City-wide",20,62000,"TAC"
2015,"Abrigo Centre","City-wide",17,103055,"CSP"
2015,"adelheid dance projects","City-wide",20,7000,"TAC"
2015,"Afrihili Cultural Association of Ontario","City-wide",20,4100,"TAC"
2015,"Ahuri Theatre","City-wide",17,15000,"TAC"
2015,"Aiding Dramatic Change in Development","City-wide",19,13000,"TAC"
2015,"Albion Neighbourhood Services","Area services",1,112730,"CSP"
2015,"Albion Neighbourhood Services","Area services",1,450000,"HIF"
2015,"Alexander Park Community Centre","Area services",20,40000,"CSI"
2015,"Aisle 4","Local",18,5000,"TAC"
2015,"Alliance Francaise de Toronto","City-wide",20,7500,"TAC"
2015,"Aluna Theatre","City-wide",17,36000,"TAC"
2015,"Amadeus Choir of Greater Toronto","City-wide",23,25375,"TAC"
2015,"Amici Chamber Ensemble","City-wide",20,18000,"TAC"
2015,"Angel Foundation for Learning","City-wide",23,1965403,"SNP"
2015,"ANTARES Publishing House of Spanish Culture","City-wide",25,6000,"TAC"
2015,"Aphasia Institute","City-wide",25,21900,"CSP"
2015,"Arab Community Centre of Toronto (The)","City-wide",3,38750,"CSP"
2015,"Architect Theatre","City-wide",18,2000,"TAC"
2015,"Aradia Ensemble","City-wide",20,10000,"TAC"
2015,"Arraymusic","City-wide",19,58090,"TAC"
2015,"Ars Mechanica","City-wide",20,7000,"TAC"
2015,"Art Gallery of Ontario","City-wide",20,626750,"MCO"
2015,"Art Gallery of York University","City-wide",8,67000,"TAC"
2015,"Art Metropole","City-wide",18,40000,"TAC"
2015,"Art of Time Ensemble","City-wide",20,50000,"TAC"
2015,"Art Starts Neighbourhood Cultural Centre","Area services",16,25000,"CR"
2015,"Art Starts Neighbourhood Cultural Centre","Area services",16,65000,"TAC"
2015,"Artists Film Exhibition Group","City-wide",20,23000,"TAC"
2015,"ArtReach Toronto","City-wide",20,50000,"INI"
2015,"ArtReach Toronto","City-wide",20,30000,"SDIP"
2015,"ArtReach Toronto","City-wide",20,30000,"TAC"
2015,"Arts Etobicoke","City-wide",5,374805,"LASO"
2015,"Arts For Children And Youth","Area services",20,35000,"CR"
2015,"Arts For Children And Youth","Area services",20,28000,"CFSE...Pan.Am"
2015,"Arts For Children And Youth","Area services",20,48000,"TAC"
2015,"Arts4All Creative Society","Local",17,15000,"TAC"
2015,"Ashkenaz Foundation","City-wide",20,50000,"TAC"
2015,"Asian Arts Freedom School","City-wide",18,12000,"TAC"
2015,"Asian Community AIDS Services","Local",20,27000,"CR"
2015,"Asian Community AIDS Services","Local",20,7900,"TAC"
2015,"Ascot Co-op","City-wide",2,11625,"GameOn"
2015,"Assaulted Women's Helpline","City-wide",20,57590,"CSP"
2015,"Association of Music and Innocative Arts","City-wide",21,3500,"TAC"
2015,"b current","Local",21,27000,"TAC"
2015,"B.I.G. Bloor Improvement Group","Local",18,8000,"TAC"
2015,"Baby Steps Parenting","Local",15,13000,"TAC"
2015,"Bad News Days Performing Arts","City-wide",14,9000,"TAC"
2015,"Ballet Creole","City-wide",20,23750,"TAC"
2015,"Baque de Bamba","City-wide",18,9500,"TAC"
2015,"Barbra Schlifer Commemorative Clinic","Local",19,48000,"AEHR"
2015,"Barbra Schlifer Commemorative Clinic","Local",19,50255,"CSP"
2015,"Barbra Schlifer Commemorative Clinic","Local",19,9000,"TAC"
2015,"Barrier Free Media Alliance","City-wide",20,8000,"TAC"
2015,"Bathurst Finch Network","Area services",10,75000,"ENF"
2015,"Belka Enrichment Centre","City-wide",8,10000,"CFSE...Pan.Am"
2015,"Bereaved Families of Ontario-Toronto","City-wide",22,66035,"CSP"
2015,"Bernard Betel Centre for Creative Living","Area Services",10,120425,"CSP"
2015,"Better Living Health and Community Services","Area Services",25,204470,"CSP"
2015,"Black Business Professional Association (BBP)","City Wide",20,240000,"CLI"
2015,"Bloor Information and Life Skills Centre","City-wide",19,34445,"CSP"
2015,"Blue Ceiling Dance","City-wide",13,6500,"TAC"
2015,"bluemounth inc. presents","City-wide",18,8000,"TAC"
2015,"BoucharDanze","City-wide",17,7000,"TAC"
2015,"Braeburn Neighbourhood Place","Area services",2,46825,"CSP"
2015,"Broken Heals","Local",18,5000,"TAC"
2015,"Butcher's Block Productions","City-wide",18,10000,"TAC"
2015,"C-A-Mcorder Productions","City-wide",17,9000,"TAC"
2015,"Canada Clown","City-wide",20,15000,"TAC"
2015,"Canadian Contemporary Dance Theatre","City-wide",20,55000,"TAC"
2015,"Canadian Film in the Schools","City-wide",20,5000,"TAC"
2015,"Canadian Filmmakers Distribution Centre","City-wide",20,51000,"TAC"
2015,"Canadian Hearing Society","City-wide",22,17060,"CSP"
2015,"Canadian Men's Chorus","City-wide",20,3000,"TAC"
2015,"Canadian Mental Health Association, The","City-wide",15,17290,"CSP"
2015,"Canadian Red Cross, Toronto Region","City-wide",18,71500,"HIF"
2015,"Canadian Roots Exchange","City-wide",19,10000,"TAC"
2015,"Canadian Society of Children's Authors, Ilustrators","City-wide",6,7000,"TAC"
2015,"CanAsian Dance Festival","City-wide",20,18000,"TAC"
2015,"CANES Community Centre","Area Services",2,64955,"CSP"
2015,"CANVAS Programs","Local",21,5000,"TAC"
2015,"Canzine Arts Festival","City-wide",20,5000,"TAC"
2015,"CARFAC Ontario","City-wide",20,24000,"TAC"
2015,"CaribbeanTales International Film Festival","City-wide",19,2000,"TAC"
2015,"Cecil Community Centre","Area  services",20,4970,"CSP"
2015,"Central Eglinton Community Centre","Area Services",22,26685,"CSP"
2015,"Centre for Equality Rights in Accommodation","City-wide",19,30000,"AEHR"
2015,"Centre for Equality Rights in Accommodation","City-wide",19,118670,"HIF"
2015,"Centre for Indigenous Theatre","City-wide",19,40000,"TAC"
2015,"Centre For Spanish Speaking Peoples (The)","City-wide",9,25000,"CR"
2015,"Centre For Spanish Speaking Peoples (The)","City-wide",9,9000,"CFSE"
2015,"Centre For Spanish Speaking Peoples (The)","City-wide",9,60800,"CSP"
2015,"Centre For Spanish Speaking Peoples (The)","City-wide",9,28000,"StART"
2015,"Charles Street Video","City-wide",19,54500,"TAC"
2015,"Chiaroscuro Reading Series","City-wide",20,8000,"TAC"
2015,"Chinese Canadian National Council Toronto Chapter","City-wide",20,35000,"CSI"
2015,"Chinese Canadian National Council Toronto Chapter","City-wide",20,55425,"CSP"
2015,"Chocolate Woman Collective","City-wide",17,8000,"TAC"
2015,"Choirs Ontario","City-wide",22,4800,"TAC"
2015,"Christie Ossington Neighbourhood Centre","City-wide",19,67580,"CSP"
2015,"Christie Pits Film Festival","Local",19,1000,"TAC"
2015,"Church of the Redeemer","Local",7,70000,"HER"
2015,"Circle of Home Care Services (Toronto)","City-wide",25,97045,"CSP"
2015,"Clay and Paper Theatre","City-wide",18,22000,"TAC"
2015,"COBA Collective of Black Artists","City-wide",13,24000,"TAC"
2015,"Community Action Resource Centre","Area services",12,156420,"CSP"
2015,"Community Head Injury Resource Services of Toronto","City-wide",23,10337,"GameOn"
2015,"Community Microskills Development Centre","City-wide",2,77385,"CSP"
2015,"Community Story Collective","Local",25,20000,"TAC"
2015,"Connecting Women with Scarborough Services","Area Services",14,40000,"SDIP"
2015,"Contact Toronto Photography Festival","City-wide",19,3000,"TAC"
2015,"Contemporary Textile Studio","City-wide",20,7350,"CBIP"
2015,"Continuum","City-wide",21,21000,"TAC"
2015,"Corpus Dance Projects","City-wide",19,33000,"TAC"
2015,"COSTI Immigrant Services","Area services",17,126855,"CSP"
2015,"COSTI Immigrant Services","Area services",17,571725,"HIF"
2015,"Craft Ontario","City-wide",19,32000,"TAC"
2015,"Cross Cultural Community Services Association","City-wide",20,26115,"CSP"
2015,"Cross Toronto Community Development Corp. (Fresh Start Cleaning)","Area services",19,139108,"HIF"
2015,"CultureLink Settlement Services","City-wide",14,67895,"CSP"
2015,"Cue6 Theatre Company Inc","City-wide",20,2200,"TAC"
2015,"Culchahworks Arts Collective","City-wide",19,5000,"TAC"
2015,"Dance Immersion Ontario","City-wide",20,25000,"TAC"
2015,"Dance Matters Dance Productions","City-wide",14,10000,"TAC"
2015,"Dance Ontario Association","City-wide",20,20000,"TAC"
2015,"DanceWorks","City-wide",20,55000,"TAC"
2015,"Davenport Perth Neighbourhood Centre","Area services",17,84960,"CSP"
2015,"Dead Roads Collective","City-wide",13,5000,"TAC"
2015,"Delta Family Resource Centre","Area Services",7,35000,"AEHR"
2015,"Delta Family Resource Centre","Area Services",7,10000,"CFSE"
2015,"Delta Family Resource Centre","Area Services",7,106945,"CSP"
2015,"Dia de los Muertos Collective","City-wide",21,9000,"TAC"
2015,"Diaspora Dialogues Charitable Society","City-wide",20,45000,"TAC"
2015,"Dixon Community Services","Local",2,53150,"CSP"
2015,"Doorsteps Neighbourhood Services","Area Services",7,125350,"CSP"
2015,"Dovercourt Boys' and Girls' Club","Local",18,52400,"CSP"
2015,"Drum Artz Canada","Local",17,19000,"TAC"
2015,"Drum Artz Community Centre","City-wide",17,39570,"CBIP"
2015,"e-fagia visual and media art organization","City-wide",14,6500,"TAC"
2015,"Earwitness Productions","Local",19,2500,"TAC"
2015,"Eight Fest Small-Gauge Film Festival","City-wide",20,7000,"TAC"
2015,"Elle Productions Collective","City-wide",20,3000,"TAC"
2015,"Elspeth Heyworth Centre for Women","Area Services",7,28135,"CSP"
2015,"Ensemble Polaris","City-wide",20,4000,"TAC"
2015,"Eritrean Canadian Community Centre","City-wide",21,38000,"AEHR"
2015,"Eritrean Canadian Community Centre","City-wide",21,28805,"CSP"
2015,"Esmeralda Enrique Spanish Dance Company","City-wide",20,40000,"CBIP"
2015,"Esmeralda Enrique Spanish Dance Company","City-wide",20,23000,"TAC"
2015,"Etobicoke Centennial Choir","Local",4,4750,"TAC"
2015,"Etobicoke Community Concert Band","Local",5,6500,"TAC"
2015,"Etobicoke Historical Society","City-wide",4,16000,"CFSE...Pan.Am"
2015,"Etobicoke Philharmonic Orchestra","Local",3,11000,"TAC"
2015,"Etobicoke Services for Seniors","Area services",2,49085,"CSP"
2015,"Evangel Hall","Local",20,61311,"HIF"
2015,"Everdale - Black Creek Community Farm","Area Services",8,40000,"AEHR"
2015,"Everdale - Black Creek Community Farm","Area Services",8,16500,"CR"
2015,"Expect Theatre","Local",1,30000,"TAC"
2015,"Express Arte","Local",8,7000,"TAC"
2015,"Extend-A-Family","City-wide",16,23045,"CSP"
2015,"Exultate Chamber Singers","City-wide",20,7000,"TAC"
2015,"Factory Theatre","City-wide",20,158000,"TAC"
2015,"FADO Performance Inc.","City-wide",19,24000,"TAC"
2015,"FAWN Chamber Creative","City-wide",18,3000,"TAC"
2015,"FCJ Refugee Centre","City-wide",17,230000,"CLI"
2015,"FCJ Refugee Centre","City-wide",17,25000,"CR"
2015,"FCJ Refugee Centre","City-wide",17,46000,"CSI"
2015,"FCJ Refugee Centre","City-wide",17,9000,"CFSE"
2015,"FCJ Youth Network","Local",17,10000,"TAC"
2015,"Feast Collective","City-wide",14,3000,"TAC"
2015,"FEAT for Childre of Incarcerated Parents","City Wide",6,10000,"INI"
2015,"Film for Artists","City-wide",19,6000,"TAC"
2015,"Find Help Toronto","City-wide",20,591670,"OTHER"
2015,"Firgrove Community Learning Centre","Local",11,8000,"CFSE"
2015,"First Portuguese Canadian Cultural Centre of Toronto","Area Services",17,13290,"CSP"
2015,"FoodShare Toronto","City-wide",18,45000,"AEHR"
2015,"FoodShare Toronto","City-wide",18,207510,"CSP"
2015,"For You Telecare Family Services Inc. (FUTFS)","City-wide",25,15060,"CSP"
2015,"For Youth Initiative in Toronto","Area Services",12,116260,"CSP"
2015,"Francophoneie En Fete","City-wide",20,7500,"TAC"
2015,"Franklin Carmichael Art Group","Local",1,5000,"TAC"
2015,"Franklin Horner Community Centre","City-wide",6,28245,"CSP"
2015,"FRESH Collective","Area Services",20,40000,"CSI"
2015,"Fujiwara Dance Inventions","City-wide",20,17000,"TAC"
2015,"Gallery 44","City-wide",20,94000,"TAC"
2015,"Gallery TPW","City-wide",18,12500,"CBIP"
2015,"Gatehouse Child Abuse Investigation and Support Site, The","City-wide",6,23045,"CSP"
2015,"George S. Syme Seniors Centre of York","Area services",11,87325,"CSP"
2015,"G.E.T (Grassroots Education and Training) Schooled (ArtReach Toronto/Tides Canada)","City-wide",20,40000,"SDIP"
2015,"Girls in Bow Ties","City-wide",7,11000,"TAC"
2015,"Girls Rock Camp Toronto","City-wide",20,6000,"TAC"
2015,"Golden Age","City-wide",18,3000,"TAC"
2015,"Grassroots Canada Basketball","City-wide",8,10738,"GameOn"
2015,"Greenest City","Area services",14,20000,"StART"
2015,"GreenHere","Area Services",18,12000,"CR"
2015,"Harbourfront Centre","City-wide",20,285000,"TAC"
2015,"Harbourfront Community Centre - City Of Toronto","Area services",20,25000,"CR"
2015,"Harbourfront Community Centre - City Of Toronto","Area services",20,68915,"CSP"
2015,"Harbourfront Community Centre - City Of Toronto","Area services",20,16500,"StART"
2015,"Heretical Objects Cooperative","City-wide",21,1000,"TAC"
2015,"Heritage - 290 Annette Street","Local",13,6750,"HER"
2015,"Heritage - 114 Bedford Road","Local",20,10000,"HER"
2015,"Heritage - 169 Blythwood Road","Local",25,3400,"HER"
2015,"Heritage - 238 Robert Street","Local",20,10000,"HER"
2015,"Hispanic Canadian Heritage Council (The)","City Wide",8,175000,"CLI"
2015,"Hispanic Development Council","City-wide",20,55425,"CSP"
2015,"Hope and Hell Theatre Company","City-wide",20,5000,"TAC"
2015,"Hope House Youth Charities","City-wide",16,11625,"GameOn"
2015,"Hot Docs Canadian International Documentary Festival","City-wide",20,98000,"TAC"
2015,"Humber Community Seniors' Services Inc.","Area services",11,35375,"CSP"
2015,"I-Insight","City-wide",20,10000,"TAC"
2015,"IFT (IT’S A FREEDOM THING) THEATRE","Local",23,5000,"TAC"
2015,"imagineNATIVE Film + Media Arts Festival","City",20,65000,"TAC"
2015,"Indigenious Routes","City-wide",18,8000,"TAC"
2015,"Inside Out Lesbian and Gay Film Festival","City-wide",20,62000,"TAC"
2015,"InterAccess","City-wide",19,51000,"TAC"
2015,"International Readings at Harbourfront","City-wide",20,195000,"TAC"
2015,"Invention Squad","Local",19,3000,"TAC"
2015,"Ipsita Nova Dance Projects","City-wide",19,15000,"TAC"
2015,"Iranian Canadian Centre for the Arts","City-wide",24,6000,"TAC"
2015,"Islington Centre - Etobicoke Senior Citizens","Area services",5,34005,"CSP"
2015,"Ismailova Theatre of Dance","Local",10,25000,"TAC"
2015,"Isshin Daiko","City-wide",19,8000,"TAC"
2015,"Jane Finch Community and Family Centre","Local",8,30000,"CFSE...Pan.Am"
2015,"Jane Finch Community and Family Centre","Local",8,153240,"CSP"
2015,"Jane Finch Panam Host Committee","City-wide",11,38000,"CFSE...Pan.Am"
2015,"Jayu","City-wide",20,6000,"TAC"
2015,"Jeunessess Musicales Ontario","City-wide",20,2000,"TAC"
2015,"Jumblies Theatre","Area services",20,68000,"TAC"
2015,"Just Bgraphic Inc","Local",7,7000,"CFSE"
2015,"Just Bgraphic Inc","Local",7,37000,"CFSE...Pan.Am"
2015,"Justina M. Barnicke Gallery","City-wide",20,5000,"TAC"
2015,"Kababayan Community Service Centre Inc.","City-wide",14,33215,"CSP"
2015,"Kaeja d'Dance","City-wide",20,60900,"TAC"
2015,"Kaha:wi Dance Theatre","City-wide",20,32000,"TAC"
2015,"Kapisanan Philippine Centre for Arts and Culture","City-wide",20,10000,"TAC"
2015,"KasheDance","City-wide",14,6000,"TAC"
2015,"KCWA Family and Social Services","City-wide",20,39240,"CSP"
2015,"Kemi Contemporary Dance Projects","City-wide",18,5000,"TAC"
2015,"Keys To The Studio","City-wide",14,13500,"TAC"
2015,"Kick Start Arts Society","Local",2,10000,"TAC"
2015,"kiy collective","Local",14,6000,"TAC"
2015,"Koffler Gallery","City-wide",19,50000,"TAC"
2015,"Korean Senior Citizens Society of Toronto, The","City-wide",19,22150,"CSP"
2015,"LA Centre for Active Living 55+","City-wide",18,21685,"CSP"
2015,"Lakeshore Area Multi-Service Project (LAMP)","Local",6,79735,"CSP"
2015,"Lakeshore Arts Committee","Local",6,232430,"LASO"
2015,"Lakeshore Village Action Group","City-wide",6,27000,"CFSE...Pan.Am"
2015,"Lao Association of Ontario","City-wide",9,31110,"CSP"
2015,"Las Perlas del Mar Productions Inc","City-wide",20,5500,"TAC"
2015,"Latin American Art Projects","City-wide",21,29000,"TAC"
2015,"Latin St. Music","Local",9,8000,"TAC"
2015,"Le Laboratoire d'Art","City-wide",19,18000,"TAC"
2015,"Le Theatre La Tangente","City-wide",22,5000,"TAC"
2015,"LEAF - Local Entertainment & Appreciation of Forests","City-wide",21,34500,"CR"
2015,"League of Canadian Poets","City-wide",20,19100,"TAC"
2015,"Learning Disabilities Association Toronto","City-wide",23,59110,"CSP"
2015,"Liaison of Independent Filmakers of Toronto","City-wide",18,77000,"TAC"
2015,"Litmus Theatre Collective","City-wide",19,7500,"TAC"
2015,"Long Winter","City-wide",19,10000,"TAC"
2015,"Lost Lyrics","Local",20,10000,"INI"
2015,"Lost Lyrics","Local",20,20000,"TAC"
2015,"Lulu Music and Arts Centre","City-wide",18,25000,"TAC"
2015,"Lumacare Services","City-wide",10,83940,"CSP"
2015,"MABELLEarts","Local",5,30000,"TAC"
2015,"Magazines Canada","City-wide",20,5000,"TAC"
2015,"Mammalian Diving Reflex","City-wide",18,35000,"TAC"
2015,"Manifesto Community Projects","City Wide",20,35000,"TAC"
2015,"Maracatu Mar Aberto","City-wide",18,8000,"TAC"
2015,"Mayworks","City-wide",20,32750,"TAC"
2015,"Media Arts Network of Ontario","City-wide",20,7000,"TAC"
2015,"Median Contemporary","Area services",20,8000,"TAC"
2015,"Menaka Thakkar Dance Company","City-wide",20,35000,"TAC"
2015,"Mercer Union","City-wide",18,70000,"TAC"
2015,"Metropolitan Action Committee on Violence Against Women & Children (METRAC)","City-wide",20,304210,"CSP"
2015,"Miles Nadal Jewish Community Centre","City-wide",20,6000,"TAC"
2015,"Mood Disorders Association of Ontario","City-wide",16,17290,"CSP"
2015,"Mooredale Concerts","City-wide",20,4000,"TAC"
2015,"Moveable Beast","City-wide",17,6600,"TAC"
2015,"Music Garden, Harbourfront Centre","City-Wide",20,12500,"OTHER"
2015,"Muslimah making Media","Local",19,10000,"TAC"
2015,"My Body is My Canvas","Local",23,9200,"TAC"
2015,"Nagata Shachu Japaneses Taiko and Music Garden","City-wide",20,22000,"TAC"
2015,"National Ballet of Canada","City-wide",20,1250000,"MCO"
2015,"National Shevchenko Musical Ensemble","City-wide",15,7500,"TAC"
2015,"Native Canadian Centre of Toronto","City-wide",20,18000,"CFSE...Pan.Am"
2015,"Native Canadian Centre of Toronto","City-wide",20,78340,"CSP"
2015,"Native Women in the Arts","City-wide",20,16500,"TAC"
2015,"Neighbourhood Arts Network","City-wide",20,1e+05,"TAC"
2015,"Neighbourhood Festival Group","Area Services",11,7000,"CFSE"
2015,"New Adventures In Sound Art","Area services",21,13500,"TAC"
2015,"New Canadian Community Centre","City-wide",24,43475,"CSP"
2015,"New Music Concerts","City-wide",20,55000,"TAC"
2015,"No 9 Contemporary Art and the Environment","City-wide",20,2000,"TAC"
2015,"North York Arts","City Wide",23,174240,"LASO"
2015,"North York Community House","Area services",15,125920,"CSP"
2015,"North York Harvest Food Bank","Area Services",15,23045,"CSP"
2015,"North York Seniors Centre","Area services",23,89635,"CSP"
2015,"North York Womens Resource Centre","Area services",15,49235,"CSP"
2015,"Northern Visions Independent Film & Video Organization","City-wide",20,58000,"TAC"
2015,"Northwood Neighbourhood Services","Area services",11,45635,"CSP"
2015,"Obsidian Theatre Company","City-wide",20,50000,"TAC"
2015,"One Little Goat Theatre Company","City-wide",20,1500,"TAC"
2015,"Ontario Association of Art Galleries","City-wide",20,24000,"TAC"
2015,"Ontario Community Centre for the Deaf (The)","City-wide",25,13290,"CSP"
2015,"Ontario Council of Agencies Serving Immigrants (OCASI)","City-wide",16,25000,"AEHR"
2015,"Ontario Council of Agencies Serving Immigrants (OCASI)","City-wide",16,27675,"CSP"
2015,"Ontario Council of Agencies Serving Immigrants (OCASI)","City-wide",16,45000,"SDIP"
2015,"Ontario Historical Society","Local",23,10000,"HER"
2015,"ONTARIO PRESENTS","Local",20,50000,"TAC"
2015,"Open Book Foundation","City-wide",20,8000,"TAC"
2015,"Open Roof Films Entertainment Inc.","City-wide",18,6000,"TAC"
2015,"Open Studio","City-wide",20,73000,"TAC"
2015,"Opportunity for Advancement","City-wide",20,46080,"CSP"
2015,"Orchestra Toronto","City-wide",23,21000,"TAC"
2015,"Oriana Women's Choir","City-wide",22,9400,"TAC"
2015,"Orpheus Choir of Toronto","City-wide",22,20000,"TAC"
2015,"Pandemic Theatre","City-wide",20,3500,"TAC"
2015,"Paprika Festival","City-wide",18,15000,"TAC"
2015,"Parkdale Activity Recreation Centre","Local",14,10000,"TAC"
2015,"Parkdale Beauty Pageant Society","Local",14,2000,"TAC"
2015,"Parkdale Community Information Centre","Local",14,26690,"CSP"
2015,"Parkdale Golden Age Foundation","Area services",14,56000,"CSP"
2015,"Parkdale Intercultural Association (Toronto)","Local",14,68635,"CSP"
2015,"Parkdale Village Arts Collective","City-wide",14,5000,"TAC"
2015,"Pax Christi Chorale","City-wide",23,15000,"TAC"
2015,"Pea Green Theatre Group","City-wide",17,3500,"TAC"
2015,"Piece of Mine Festival","Local",15,10000,"TAC"
2015,"Pigeon Collective","Local",14,5000,"TAC"
2015,"Pivot Reading Series","City-wide",20,7000,"TAC"
2015,"Planet In Focus","City-wide",20,35000,"TAC"
2015,"Plasticine Poetry Series Association","City-wide",19,2800,"TAC"
2015,"Platform A Collaborative Partnership","Area Services",15,348000,"TAC"
2015,"Playwrights Guild of Canada","City-wide",20,23000,"TAC"
2015,"Polycultural Immigrant and Community Services","Area Services",3,28670,"CSP"
2015,"Prefix Institute of Contemporary Art","City-wide",20,34000,"TAC"
2015,"ProArteDanza","City-wide",20,15000,"TAC"
2015,"Professional Association of Canadian Theatre","City-wide",20,6000,"TAC"
2015,"Project Creative Users","City-wide",19,9000,"TAC"
2015,"Promoting Education and Community Health (PEACH)","Area services",7,45000,"CSI"
2015,"Promoting Education and Community Health (PEACH)","Area services",7,58920,"CSP"
2015,"Prosserman Jewish Community Centre","City-wide",10,13160,"CSP"
2015,"Public Recordings Performance Projects","City-wide",17,15000,"TAC"
2015,"Queen's Plate","Area Services",2,30000,"SDIP"
2015,"Queer Songbook Orchestra","Local",19,3000,"TAC"
2015,"Quip Take","City-wide",21,5000,"TAC"
2015,"Quote Unquote Collective","City-wide",13,4000,"TAC"
2015,"Raging Asian Women Taiko Drummers","City-wide",21,6000,"TAC"
2015,"Rear View Curatorial Collective","City-wide",18,7250,"TAC"
2015,"Red Pepper Spectacle Arts","City-wide",20,29000,"TAC"
2015,"Red Sky Performance","City-wide",20,33000,"TAC"
2015,"Remix Project (The)","City-wide",14,10000,"INI"
2015,"Revolutions per Minute (RPM)","City-wide",20,15000,"TAC"
2015,"reWork Productions","City-wide",19,5700,"TAC"
2015,"REX Pride","Area Services",1,35000,"AEHR"
2015,"Rexdale Community Health Centre","Area services",2,149750,"CSP"
2015,"Rexdale Community Health Centre","Area services",2,20000,"StART"
2015,"Rexdale Community Hub","Area Services",1,45000,"SDIP"
2015,"Rexdale Women's Centre","Area services",1,36500,"CR"
2015,"Rexdale Women's Centre","Area services",1,8500,"CFSE"
2015,"Rexdale Women's Centre","Area services",1,53690,"CSP"
2015,"Right Path Community Centre","City-wide",9,7000,"TAC"
2015,"Roseneath Theatre","City-wide",18,79000,"TAC"
2015,"Rotary Club","City-wide",5,22000,"CFSE...Pan.Am"
2015,"Rowers Pub Reading Series Inc.","City-wide",19,8000,"TAC"
2015,"Royal Agricultural Winter Fair","City-wide",19,939110,"OTHER"
2015,"RT Collective","Local",20,4000,"TAC"
2015,"Saga Collectif","City-wide",14,5000,"TAC"
2015,"San Lorenzo Latin American Community Centre","City-wide",19,35000,"CFSE...Pan.Am"
2015,"San Lorenzo Latin American Community Centre","City-wide",19,3500,"TAC"
2015,"San Romanoway Revitalization Association","Local",8,77010,"CSP"
2015,"SAVAC","City-wide",20,40000,"TAC"
2015,"Scadding Court Community Centre","Area services",20,169850,"CSP"
2015,"Scadding Court Community Centre","Area services",20,28000,"StART"
2015,"Second Mile Club of Toronto, The","City-wide",20,67910,"CSP"
2015,"Self-Help Resource Centre","City-wide",22,40000,"AEHR"
2015,"Self-Help Resource Centre","City-wide",22,14990,"CSP"
2015,"Senior Adult Services in the Annex, Toronto","Local",20,32945,"CSP"
2015,"Senior Peoples' Resources in North Toronto (SPRINT)","Area services",22,95070,"CSP"
2015,"Setsane Indigenous Fashion and textile Arts","City-wide",20,15000,"TAC"
2015,"Sick Muse Art Projects","City-wide",17,10000,"TAC"
2015,"Silent Voice Canada","City-wide",22,40000,"AEHR"
2015,"Silent Voice Canada","City-wide",22,30765,"CSP"
2015,"Silent Voice Canada","City-wide",22,9062,"GameOn"
2015,"Signal Theatre","City-wide",19,8000,"TAC"
2015,"Sinfonia Toronto","City-wide",20,12350,"TAC"
2015,"Single Thread Theatre Company","Local",14,18000,"TAC"
2015,"Sir William Campbell House Museum","City-wide",20,36687,"MUS"
2015,"SKETCH Working Arts For Street Involved & Homeless Youth","City-wide",19,45000,"AEHR"
2015,"SKETCH Working Arts For Street Involved & Homeless Youth","City-wide",19,90000,"TAC"
2015,"Small Theatre Administrative Facility","City-wide",20,32000,"TAC"
2015,"Small Wooden Shoe","City-wide",17,15000,"TAC"
2015,"Small World Music Society","City-wide",18,42500,"TAC"
2015,"Snack Music Collective","City-wide",19,6500,"TAC"
2015,"Social Circus Circle","City-wide",19,2000,"TAC"
2015,"Social Housing Latin American Tenant Association","Local",17,6000,"TAC"
2015,"Somali Canadian Association of Etobicoke","Area services",1,23045,"CSP"
2015,"Somali Women and Children's Support Network","City-wide",2,40100,"CSP"
2015,"Soundstreams Canada","City-wide",20,91000,"TAC"
2015,"South Asian Women's Centre","City-wide",18,40000,"CSI"
2015,"South Asian Women's Centre","City-wide",18,86410,"CSP"
2015,"Southern Currents / Corrientes Del Sur","City-wide",20,20000,"TAC"
2015,"Spectrum Composers Collective","City-wide",20,6000,"TAC"
2015,"Springtide Resources Inc.","City-wide",20,23045,"CSP"
2015,"Spoke N'Heard","Local",24,15000,"TAC"
2015,"St. Alban's Boys' and Girls' Club","Area services",20,190985,"CSP"
2015,"St. Bernadette's Family Resource Centre","Area services",12,19000,"CSP"
2015,"St. Christopher House (The)","Area services",19,289400,"CSP"
2015,"St. Clair West Services for Seniors, Inc.","Area services",12,49960,"CSP"
2015,"St. Matthew's Bracondale House","Area services",21,14555,"CSP"
2015,"St. Stephen's Community House","City-wide",20,235605,"CSP"
2015,"St. Stephen's Community House","City-wide",20,10000,"TAC"
2015,"Stonegate Community Health Centre","Area services",5,86290,"CSP"
2015,"Stop Community Food Centre, The","Area services",17,27675,"CSP"
2015,"Storefront Humber Inc.","Local",6,56995,"CSP"
2015,"Story Planet","City-wide",18,10000,"TAC"
2015,"Street Voices","Local",19,15000,"TAC"
2015,"Student Assistance in North Toronto for Seniors","Area services",25,11190,"CSP"
2015,"Studio 180 Theatre Company","City Wide",18,17000,"TAC"
2015,"Subtle Technologies","City-wide",19,16000,"TAC"
2015,"SummerWorks Theatre Festival","Local",18,45000,"TAC"
2015,"Surface Art","Area services",11,38500,"StART"
2015,"Surviving Huronia Collective","City-wide",20,8000,"TAC"
2015,"Syme-Woolner Neighbourhood & Family Centre","Area services",12,103475,"CSP"
2015,"Tafelmusik","City-wide",20,180000,"TAC"
2015,"Talisker Players Chamber  Music","City-wide",20,14000,"TAC"
2015,"Tarragon Theatre","City-wide",21,2e+05,"TAC"
2015,"Teresa Group (The)","Area Services",22,28805,"CSP"
2015,"The Bicycle Opera Collective","City-wide",17,8000,"TAC"
2015,"The Cabaret Theatre Company","City-wide",20,13000,"TAC"
2015,"The Chimera Project Dance Theatre","City-wide",20,8000,"TAC"
2015,"The Company Theatre","City-wide",21,18000,"TAC"
2015,"The Corporation of Massey Hall and Roy Thomson Hall","City-wide",20,9000,"TAC"
2015,"The Dream Team","City-wide",14,35000,"CSI"
2015,"The Elmer Iseler Singers","City-wide",25,32300,"TAC"
2015,"The Empty Room","City-wide",18,3000,"TAC"
2015,"The Esprit Orchestra","City-wide",20,84500,"TAC"
2015,"The Film Stars Project","Area services",19,30000,"AEHR"
2015,"The FORCE for Cultural Events Productions","City-wide",20,5000,"TAC"
2015,"The Fringe of Toronto Theatre Festival","City-wide",19,77000,"TAC"
2015,"The InPrint Collective Inc.","Local",17,6000,"TAC"
2015,"The League of Lady Wrestlers","City-wide",14,2000,"TAC"
2015,"The Lemon Bucket Orkestra","Local",4,10000,"TAC"
2015,"The Music Gallery","City-wide",20,79000,"TAC"
2015,"The Nathaniel Dett Chorale","City-wide",15,21000,"TAC"
2015,"The NDN Talent Collective","City-wide",20,8000,"TAC"
2015,"The Necessary Angel Theatre Company","City-wide",20,67000,"TAC"
2015,"The Other's Collective","City-wide",18,10000,"TAC"
2015,"The Power Plant","City-wide",20,195000,"TAC"
2015,"The Public Realm","Area services",17,19000,"StART"
2015,"the red light district","City-wide",20,1500,"TAC"
2015,"The Remix Project","City-wide",14,20000,"TAC"
2015,"The Rhema Foundation Canada","City-wide",9,40000,"AEHR"
2015,"The Royal Conservatory of Music","City-wide",20,35000,"TAC"
2015,"The Sage in Me Education Services","City-wide",21,8000,"TAC"
2015,"The Smile Company - Theatrical Productions","City-wide",14,24000,"TAC"
2015,"The Storytellers School of Toronto","City-wide",18,35500,"TAC"
2015,"The Suck and Blow Collective","City-wide",20,6000,"TAC"
2015,"The Toronto Consort","City-wide",20,27000,"TAC"
2015,"The Word on the Street","City-wide",14,41500,"TAC"
2015,"The Workman Arts Project of Ontario","City-wide",18,20000,"TAC"
2015,"Theatre Centre","City-wide",18,121000,"TAC"
2015,"Theatre Direct Canada","City-wide",20,79000,"TAC"
2015,"Theatre Gargantua","Local",20,25000,"TAC"
2015,"Theatre Ontario","City-wide",20,12500,"TAC"
2015,"Theatre Passe Muraille","City-wide",20,154000,"TAC"
2015,"Theatre Smith-Gilmour","City-wide",18,41000,"TAC"
2015,"Theatrefront Inc.","City-wide",21,15000,"TAC"
2015,"Then They Fight","City-wide",20,3000,"TAC"
2015,"Thin Edge New Music Collective","City-wide",19,4000,"TAC"
2015,"Think 2wice","Local",1,7000,"TAC"
2015,"Throbbing Rose Collective","Local",18,2000,"TAC"
2015,"Throwdown Collective","City-wide",19,8000,"TAC"
2015,"Tibetan Canadian Cultual Centre","City-wide",5,8000,"CFSE"
2015,"Timeshare","City-wide",21,2500,"TAC"
2015,"TLK","City-wide",20,5000,"TAC"
2015,"Tobomory Youth Council","Local",8,10000,"INI"
2015,"Toronto Aboriginal Support Services Council","City-wide",20,30000,"SDIP"
2015,"Toronto Alliance for the Performing Arts","City-wide",20,78000,"TAC"
2015,"Toronto Animated Image Society","Local",17,6000,"TAC"
2015,"Toronto Artscape Inc. - Artscape","City-wide",19,346690,"MCO"
2015,"Toronto Art Book Fair","City-wide",14,6000,"TAC"
2015,"Toronto Blues Society","City-wide",20,32000,"TAC"
2015,"Toronto Children's Chorus","City-wide",20,38000,"TAC"
2015,"Toronto Coalition for Better Child Care","City-wide",19,23045,"CSP"
2015,"Toronto Community & Culture Centre","City-wide",20,20655,"CSP"
2015,"Toronto Creative Orchestra Projects","City-wide",14,4000,"TAC"
2015,"Toronto Dance Community Love-In","City-wide",19,8000,"TAC"
2015,"Toronto Dance Theatre","City-wide",20,160000,"TAC"
2015,"Toronto Festival of Arts, Culture and Creativity - Luminato TO Festival","City-wide",19,345000,"MCO"
2015,"Toronto Foundation for Student Success","City-wide",12,6423315,"SNP"
2015,"Toronto International Film Festival TIFF","City-wide",20,35000,"CBIP"
2015,"Toronto International Film Festival TIFF","City-wide",20,1050000,"MCO"
2015,"Toronto Jewish Film Festival","City-wide",20,24000,"TAC"
2015,"Toronto Lords Community Association/Basketball Association","City-wide",19,6690,"GameOn"
2015,"Toronto Mendelssohn Choir","City-wide",20,66000,"TAC"
2015,"Toronto Park People","Area services",20,25000,"CFSE...Pan.Am"
2015,"Toronto Park People","Area services",20,28000,"StART"
2015,"Toronto Photographers Workshop","City-wide",18,68000,"TAC"
2015,"Toronto Rape Crisis Centre / Multicultural Women Against Rape","City-wide",20,43000,"CSI"
2015,"Toronto Rape Crisis Centre / Multicultural Women Against Rape","City-wide",20,52060,"CSP"
2015,"Toronto Reel Asian International Film Festival","City-wide",20,50000,"TAC"
2015,"Toronto Smith-Gilmour","City-wide",20,41000,"TAC"
2015,"Toronto Summer Music Foundation","City-wide",20,21000,"TAC"
2015,"Toronto Symphony Orchestra","City-wide",20,1220000,"MCO"
2015,"Toronto Women's City Alliance","City-wide",15,45000,"AEHR"
2015,"TorQ Percussion Quartet","Local",20,7500,"TAC"
2015,"Tough Guy Mountain","City-wide",20,6500,"TAC"
2015,"Trinity Square Video","City-wide",20,50000,"TAC"
2015,"Tune Your Ride Collective","City-wide",14,3000,"TAC"
2015,"Turtle House Art/Play Centre","City-wide",20,12000,"TAC"
2015,"Ukrainian Canadian Social Services (Toronto) Inc.","City-wide",13,38095,"CSP"
2015,"Uma Nota Culture","City-wide",18,5000,"TAC"
2015,"Unison Health and Community Services","Local",15,40000,"CSI"
2015,"Unison Health and Community Services","Local",15,30440,"CSP"
2015,"Unit 2","City-wide",21,7000,"TAC"
2015,"University Settlement","Local",20,126425,"CSP"
2015,"University Settlement Music School","City-wide",20,23500,"TAC"
2015,"Univox Choir Toronto","City-wide",18,10000,"TAC"
2015,"Upfront Theatre Foundation","City-wide",8,45000,"CBIP"
2015,"Urban Alliance on Race Relations","City-wide",20,42000,"AEHR"
2015,"UrbanArts Community Arts Council","City-wide",11,23300,"StART"
2015,"UrbanArts Community Arts Council","City-wide",11,232935,"LASO"
2015,"Urban Non-Violent Initiatives Through Youth (UNITY)","Area services",16,39000,"CSI"
2015,"Urban Squash Toronto","City-wide",9,11625,"GameOn"
2015,"Untold Stories","City-wide",21,6000,"TAC"
2015,"Vanguardia Dance Projects","City-wide",20,6100,"TAC"
2015,"Vermont Square Parent-Child Mother Goose Program","City-wide",19,25805,"CSP"
2015,"Vesnivka Choir Inc.","City-wide",13,8000,"TAC"
2015,"Vietnamese Women's Association Toronto","City-wide",17,59885,"CSP"
2015,"Villa Colombo Homes For The Aged","City-wide",15,30040,"CSP"
2015,"VIVA! Youth Singers of Toronto","City-wide",20,20000,"TAC"
2015,"VOID Incubator","Local",19,10000,"TAC"
2015,"Volcano Non-Profit Productions Inc.","City-wide",21,65000,"TAC"
2015,"Volunteer Centre of Toronto","City-wide",20,192420,"CSP"
2015,"Vtape","City-wide",20,45000,"CBIP"
2015,"Vtape","City-wide",20,80000,"TAC"
2015,"Welcome House","City-wide",10,11525,"GameOn"
2015,"West Neighbourhood House Music School","Area services",19,24000,"TAC"
2015,"West Toronto Support Services for Senior Citizens and the Disabled Inc.","Area services",18,41845,"CSP"
2015,"Weston-Mount Dennis Pro Tech Media Centre","Area services",11,35000,"SDIP"
2015,"Whippersnapper Gallery","City-wide",20,2000,"TAC"
2015,"Woman Abuse Council of Toronto","City-wide",12,57605,"CSP"
2015,"Women's Musical Club of Toronto","City-wide",20,2500,"TAC"
2015,"Words By The Water","City-wide",6,4000,"TAC"
2015,"words(on)pages","City-wide",20,4725,"TAC"
2015,"Worker's Action Centre","City-wide",20,10000,"AEHR"
2015,"Worker's Action Centre","City-wide",20,55290,"CSP"
2015,"Working Women Community Centre","Area services",18,240000,"CLI"
2015,"Working Women Community Centre","Area services",18,123215,"CSP"
2015,"World Fiddle Day Toronto","City-wide",20,3500,"TAC"
2015,"Wychwood Clarinet Choir","City-wide",21,4000,"TAC"
2015,"Xspace Cultural Centre","City-wide",18,4000,"TAC"
2015,"York Heritage Quilters Guild","City-wide",25,3000,"TAC"
2015,"York West Active Living Centre","Area services",11,110190,"CSP"
2015,"York-Eglinton Business Improvement Area","City Wide",15,30000,"CFSE...Pan.Am"
2015,"York-Fairbank Centre For Seniors","Area services",15,215365,"CSP"
2015,"Yorkminster Park Meals on Wheels","Area services",22,8920,"CSP"
2015,"Yorktown Child and Family Centre","Area services",15,34570,"CSP"
2015,"Youth Arts Action (YAA)","Area services",15,30000,"SDIP"
2015,"Youth Assisting Youth","City-wide",23,54190,"CSP"
2015,"YTB Gallery","Local",20,4000,"TAC"
2015,"YYZ Artists Outlet","City-wide",20,65000,"TAC"
2015,"Zou Theatre Company","City-wide",13,15000,"TAC"
2016,"4.03","City-wide",14,10000,"TAC"
2016,"1025 Scarlett - Move","Area services",2,3000,"CCRF"
2016,"8488827 Canada Association","Local",20,15000,"TAC"
2016,"97Niagara","City-wide",14,4500,"TAC"
2016,"2Spirit SkillShare","City-wide",19,9965,"TAC"
2016,"A Space Gallery","City-wide",20,62000,"TAC"
2016,"Abrigo Centre","City-wide",17,105305,"CSP"
2016,"Access Visual Art","City-wide",18,15000,"TAC"
2016,"Across Oceans","City-wide",20,6000,"TAC"
2016,"Adelheid Dance Projects","City-wide",20,15000,"TAC"
2016,"Against the Grain Theatre","City-wide",19,8000,"TAC"
2016,"Aisle 4","Local",20,12000,"TAC"
2016,"Albion Neighbourhood Services","Area services",1,115195,"CSP"
2016,"Albion Neighbourhood Services","Area services",1,447000,"HIF"
2016,"Alexander Park Community Centre","Area services",20,40000,"CSI"
2016,"Alliance Francaise de Toronto","City-wide",20,7500,"TAC"
2016,"Aluna Theatre","City-wide",17,38000,"TAC"
2016,"Amadeus Choir of Greater Toronto","City-wide",23,25375,"TAC"
2016,"Amadeusz","Area Services",1,8500,"CFSE"
2016,"Amici Chamber Ensemble","City-wide",20,20000,"TAC"
2016,"Angel Foundation for Learning","City-wide",23,2492719,"SNP"
2016,"Anandam Dancetheatre Productions","City-wide",18,65000,"TAC"
2016,"ANDPVA","Local",20,15000,"TAC"
2016,"Aphasia Institute","City-wide",25,22380,"CSP"
2016,"Arraymusic","City-wide",19,38090,"TAC"
2016,"Art Gallery of Ontario","City-wide",20,684000,"MCO"
2016,"Art Gallery of York University","City-wide",8,70000,"TAC"
2016,"Art Metropole","City-wide",18,40000,"TAC"
2016,"Art Museum University of Toronto","City-wide",20,20000,"TAC"
2016,"Art of Time Ensemble","City-wide",20,55500,"TAC"
2016,"Art Spin Toronto","Area Services",18,24000,"TAC"
2016,"Art Starts Neighbourhood Cultural Centre","Area services",16,69000,"TAC"
2016,"Artbarn School","Local",16,8400,"StART"
2016,"Artists Film Exhibition Group","City-wide",20,23000,"TAC"
2016,"ArtReach Toronto","City-wide",20,30000,"SDIP"
2016,"Arts Etobicoke","City-wide",5,16600,"StART"
2016,"Arts Etobicoke","City-wide",5,438795,"LASO"
2016,"Arts2rise Organizations","Local",17,8000,"TAC"
2016,"Arts4All Creative Society","Local",17,15000,"TAC"
2016,"Ashkenaz Foundation","City-wide",20,50000,"TAC"
2016,"Asian Community AIDS Services","Local",20,10000,"CR"
2016,"Assaulted Women's Helpline","City-wide",20,58850,"CSP"
2016,"Association of Music and Innocative Arts","City-wide",21,5000,"TAC"
2016,"Azure River","City-wide",21,1500,"TAC"
2016,"b current Performing Arts Group","Local",21,25000,"TAC"
2016,"B.I.G. Bloor Improvement Group","Local",18,7000,"TAC"
2016,"Bad Dog Theatre Company","City-wide",19,10000,"TAC"
2016,"Ballet Creole","City-wide",20,25000,"TAC"
2016,"Baque de Bamba","City-wide",18,10000,"TAC"
2016,"Barbra Schlifer Commemorative Clinic","Local",19,51360,"CSP"
2016,"Barbra Schlifer Commemorative Clinic","Local",19,9000,"TAC"
2016,"Belka Enrichment Centre","City-wide",8,30000,"CR"
2016,"Bereaved Families of Ontario-Toronto","City-wide",22,67480,"CSP"
2016,"Bernard Betel Centre for Creative Living","Area Services",10,123060,"CSP"
2016,"Better Living Health and Community Services","Area Services",25,211545,"CSP"
2016,"Black Business Professional Association (BBPA)","City Wide",20,120000,"CLI"
2016,"Black Lives Matter Toronto","City-wide",20,10000,"TAC"
2016,"Bloor Information and Life Skills Centre","City-wide",19,35200,"CSP"
2016,"Blue Ceiling Dance","City-wide",13,9000,"TAC"
2016,"bluemounth inc. presents","City-wide",18,15000,"TAC"
2016,"Body Percussion Festival","City-wide",14,9000,"TAC"
2016,"Botanicus Art Ensemble","Local",18,9000,"TAC"
2016,"Bottom's Dream Collective","City-wide",17,14000,"TAC"
2016,"BoucharDanze","City-wide",17,15000,"TAC"
2016,"Braeburn Neighbourhood Place","Area services",2,47850,"CSP"
2016,"Butterfly (Asian and Migrant Sex Workers Support Network)","City-wide",20,47000,"AEHR"
2016,"Call Me Scotty Productions","Local",20,1500,"TAC"
2016,"Canada Clown","City-wide",21,15000,"TAC"
2016,"Canadian Contemporary Dance Theatre","City-wide",20,45000,"TAC"
2016,"Canadian Filmmakers Distribution Centre","City-wide",20,51000,"TAC"
2016,"Canadian Hearing Society","City-wide",22,17435,"CSP"
2016,"Canadian Red Cross, Toronto Region","City-wide",18,71500,"HIF"
2016,"CanAsian Dance Festival","City-wide",20,18000,"TAC"
2016,"CANES Community Centre","Area Services",2,66380,"CSP"
2016,"Canzine Arts Festival","City-wide",20,5000,"TAC"
2016,"Cardinal Direction","Local",13,5000,"TAC"
2016,"CARFAC Ontario","City-wide",20,24000,"TAC"
2016,"CaribbeanTales International Film Festival","City-wide",19,8500,"TAC"
2016,"Cecil Community Centre","Area  services",20,5080,"CSP"
2016,"Central Eglinton Community Centre","Area Services",22,27275,"CSP"
2016,"Centre for Equality Rights in Accommodation","City-wide",19,118670,"HIF"
2016,"Centre for Indigenous Theatre","City-wide",19,45000,"TAC"
2016,"Centre For Spanish Speaking Peoples (The)","City-wide",9,62135,"CSP"
2016,"Charles Street Video","City-wide",19,54500,"TAC"
2016,"Charm of Finches","City-wide",20,2800,"TAC"
2016,"Chinese Canadian National Council Toronto Chapter","City-wide",20,56635,"CSP"
2016,"Chocolate Woman Collective","City-wide",17,15000,"TAC"
2016,"Choirs Ontario","City-wide",22,5000,"TAC"
2016,"Christie Ossington Neighbourhood Centre","City-wide",19,69060,"CSP"
2016,"Circle of Home Care Services (Toronto)","City-wide",25,99175,"CSP"
2016,"Clay and Paper Theatre","City-wide",18,22000,"TAC"
2016,"CMHA Toronto","City-wide",15,17670,"CSP"
2016,"COBA Collective of Black Artists","City-wide",13,12000,"TAC"
2016,"Coco Collective","Local",1,8000,"TAC"
2016,"Common Translations","City-wide",18,2750,"TAC"
2016,"Community Action Resource Centre","Area services",12,159845,"CSP"
2016,"Community Microskills Development Centre","City-wide",2,79075,"CSP"
2016,"Contact Toronto Photography Festival","City-wide",19,3500,"TAC"
2016,"Continuum Contemporary Music Ensemble","City-wide",20,26000,"TAC"
2016,"CORPUS","City-wide",19,33000,"TAC"
2016,"COSTI Immigrant Services","Area services",17,129630,"CSP"
2016,"COSTI Immigrant Services","Area services",17,541725,"HIF"
2016,"Craft Ontario","City-wide",19,70000,"CBIP"
2016,"Craft Ontario","City-wide",19,32000,"TAC"
2016,"Cross Cultural Community Services Association (TCCSA)","City-wide",20,26685,"CSP"
2016,"Cross Toronto Community Development Corp. (Fresh Start Cleaning)","Area services",19,139108,"HIF"
2016,"CultureLink Settlement Services","City-wide",14,69380,"CSP"
2016,"CUE-SKETCH","Local",19,12000,"TAC"
2016,"Culture Storm Collective","City-wide",14,9000,"TAC"
2016,"Dames Making Games Social Technology","City-wide",19,15000,"TAC"
2016,"Dance Immersion Ontario","City-wide",20,45000,"TAC"
2016,"Dance Matters Dance Productions","City-wide",14,10000,"TAC"
2016,"Dance Ontario Association","City-wide",20,20000,"TAC"
2016,"DanceWorks","City-wide",20,55000,"TAC"
2016,"Davenport Perth Neighbourhood Centre","Area services",17,86820,"CSP"
2016,"Davenport Perth Neighbourhood Centre","Area services",17,8000,"TAC"
2016,"Delta Family Resource Centre","Area Services",7,36000,"AEHR"
2016,"Delta Family Resource Centre","Area Services",7,5000,"CCRF"
2016,"Delta Family Resource Centre","Area Services",7,9000,"CFSE"
2016,"Delta Family Resource Centre","Area Services",7,109285,"CSP"
2016,"Dia de los Muertos Collective","City-wide",21,10000,"TAC"
2016,"Diaspora Dialogues Charitable Society","City-wide",20,40000,"TAC"
2016,"Diaspora Film Festival Group","City-wide",21,8000,"TAC"
2016,"Diaspora Genius - Tides Canada Initiative","City-wide",20,14550,"TAC"
2016,"Disorganized Productions","City-wide",13,7000,"TAC"
2016,"Dixon Community Services","Local",2,54310,"CSP"
2016,"DLT","City-wide",14,11000,"TAC"
2016,"Doorsteps Neighbourhood Services","Area Services",7,128095,"CSP"
2016,"Dovercourt Boys' and Girls' Club","Local",18,53550,"CSP"
2016,"Drawing With Knives Experimental Shadow Puppetry Co.","City-wide",14,4000,"TAC"
2016,"Drum Artz Canada","Local",17,24000,"TAC"
2016,"ECT Collective","City-wide",13,5000,"TAC"
2016,"Eight Fest Small-Gauge Film Festival","City-wide",20,7000,"TAC"
2016,"Eldritch Designs","City-wide",15,15000,"TAC"
2016,"Elspeth Heyworth Centre for Women","Area Services",7,16700,"CR"
2016,"Elspeth Heyworth Centre for Women","Area Services",7,28755,"CSP"
2016,"Eritrean Canadian Community Centre","City-wide",21,29435,"CSP"
2016,"Escape Contemporary Art","City-wide",14,6000,"TAC"
2016,"Esmeralda Enrique Spanish Dance Company","City-wide",20,23000,"TAC"
2016,"Etobicoke Centennial Choir","Local",4,4750,"TAC"
2016,"Etobicoke Community Concert Band","Local",5,6500,"TAC"
2016,"Etobicoke Handweavers and Spinners Guild","City-wide",3,4000,"TAC"
2016,"Etobicoke Philharmonic Orchestra","Local",3,11000,"TAC"
2016,"Etobicoke Services for Seniors","Area services",2,50165,"CSP"
2016,"Eva's Phoenix","Local",19,5112,"TAC"
2016,"Evangel Hall","Local",20,61311,"HIF"
2016,"Eventual Ashes","City-wide",25,15000,"TAC"
2016,"Everdale - Black Creek Community Farm","Area Services",8,40000,"AEHR"
2016,"Everdale - Black Creek Community Farm","Area Services",8,16300,"CR"
2016,"Expect Theatre","Local",1,30000,"TAC"
2016,"Express Arte","Local",8,7500,"TAC"
2016,"Extend-A-Family","City-wide",16,23550,"CSP"
2016,"Exultate Chamber Singers","City-wide",20,7000,"TAC"
2016,"Factory Theatre","City-wide",20,158000,"TAC"
2016,"FADO Performance Inc.","City-wide",19,24000,"TAC"
2016,"Fall for Dance North Festival Inc","City-wide",19,8000,"TAC"
2016,"FAWN Chamber Creative","City-wide",18,1070,"TAC"
2016,"FCJ Refugee Centre","City-wide",17,115000,"CLI"
2016,"FCJ Refugee Centre","City-wide",17,46000,"CSI"
2016,"FCJ Refugee Centre","City-wide",17,9000,"CFSE"
2016,"Film for Artists","City-wide",19,5000,"TAC"
2016,"Find Help Toronto","City-wide",20,604568,"OTHER"
2016,"Firgrove Community Learning Centre","Local",11,8000,"CFSE"
2016,"First Portuguese Canadian Cultural Centre of Toronto","Area Services",17,13580,"CSP"
2016,"FIXT POINT Arts and Media","Local",14,30000,"TAC"
2016,"Flashing Lights","City-wide",21,13000,"TAC"
2016,"FoodShare Toronto","City-wide",18,45000,"AEHR"
2016,"FoodShare Toronto","City-wide",18,212050,"CSP"
2016,"For You Telecare Family Services Inc. (FUTFS)","City-wide",25,15390,"CSP"
2016,"For Youth Initiative in Toronto","Area Services",12,118800,"CSP"
2016,"Francophonie en Fete Corporation","City-wide",20,10000,"TAC"
2016,"Franklin Carmichael Art Group","Local",1,6500,"TAC"
2016,"Franklin Horner Community Centre","City-wide",6,28865,"CSP"
2016,"Frontlines","Local",11,10000,"TAC"
2016,"Fujiwara Dance Inventions","City-wide",20,17000,"TAC"
2016,"Gallery 44 Centre for Contemporary Photography","City-wide",20,84000,"TAC"
2016,"Galleyway Collective","Local",14,4650,"TAC"
2016,"Gendai Gallery","Local",18,7000,"TAC"
2016,"George S. Syme Seniors Centre of York","Area services",11,90740,"CSP"
2016,"GHANAFEST","City-wide",1,4500,"TAC"
2016,"Girls Rock Camp Toronto","City-wide",20,28000,"TAC"
2016,"Golden Age","City-wide",18,1500,"TAC"
2016,"Greenest City Environmental","City-wide",14,9000,"CFSE"
2016,"GreenHere - Earth day Canada","Area Services",18,38000,"CR"
2016,"Hands of Hero Foundation","Local",11,5000,"TAC"
2016,"Harbourfront Community Centre - City Of Toronto","Area services",20,70425,"CSP"
2016,"Harbourfront Corporations (1990)","City-wide",20,290000,"TAC"
2016,"Heart On","City-wide",10,3000,"TAC"
2016,"Heritage - 16 Bernard Avenue","Local",20,20000,"HER"
2016,"Heritage - 14 Brunswick Avenue","Local",20,5850,"HER"
2016,"Heritage - 69 Brunswick Avenue","Local",20,10000,"HER"
2016,"Heritage - 112 Ravenscrest Drive","Local",3,10000,"HER"
2016,"Heritage - 16 Ryerson Avenue","Local",20,25400,"HER"
2016,"Heritage - 602 Spadina Avenue","Local",20,10000,"HER"
2016,"Heritage - 51 Wells Hill Avenue","Local",21,10000,"HER"
2016,"Heritage - 40 Westmoreland Avenue","Local",18,2200,"HER"
2016,"Heritage - 36 Wychwood Park","Local",21,10000,"HER"
2016,"Hijinks","Local",18,20000,"TAC"
2016,"Hispanic Canadian Arts & Cultural Association","City-wide",14,6750,"TAC"
2016,"Hispanic Canadian Heritage Council (The)","City Wide",8,75000,"CLI"
2016,"Hispanic Development Council","City-wide",20,56635,"CSP"
2016,"Hot Docs Canadian International Documentary Festival","City-wide",20,90000,"TAC"
2016,"How We Are Collective","City-wide",19,4000,"TAC"
2016,"Humber Community Seniors' Services Inc.","Area services",11,38155,"CSP"
2016,"Humewood House Association","City-wide",21,75000,"HIF"
2016,"Igbo Traditional and Cultural Revival Foundation","City-wide",15,8000,"TAC"
2016,"imagineNATIVE Film + Media Arts Festival","City-wide",20,65000,"TAC"
2016,"InkWell Workshops","City-wide",19,9700,"TAC"
2016,"Inside Out Lesbian and Gay Film Festival","City-wide",20,52000,"TAC"
2016,"InterAccess","City-wide",19,51000,"TAC"
2016,"International Readings at Harbourfront","City-wide",20,150000,"TAC"
2016,"Ipsita Nova Dance Projects","City-wide",19,15000,"TAC"
2016,"Iranian Canadian Centre for the Arts and Culture","City-wide",24,9000,"TAC"
2016,"Islington Centre - Etobicoke Senior Citizens","Area services",5,34750,"CSP"
2016,"Israeli-Iranian Musical Initiative (I=I)","City-wide",21,4000,"TAC"
2016,"It Could Still Happen","City-wide",18,4000,"TAC"
2016,"Jane Finch Community and Family Centre","Local",8,230246,"CSP"
2016,"JAYU Festival Inc","City-wide",20,24000,"TAC"
2016,"Jumblies Theatre","Area services",20,74000,"TAC"
2016,"Junction Reads","City-wide",13,4050,"TAC"
2016,"Kababayan Community Service Centre Inc.","City-wide",14,33940,"CSP"
2016,"Kaeja d'Dance","City-wide",20,130900,"TAC"
2016,"Kaha:wi Dance Theatre","City-wide",20,32000,"TAC"
2016,"Kapisanan Philippine Centre for Arts and Culture","City-wide",20,10000,"TAC"
2016,"KasheDance","City-wide",14,7500,"TAC"
2016,"KCWA Family and Social Services","City-wide",20,40100,"CSP"
2016,"KeepRockinYou","City-wide",21,25000,"TAC"
2016,"Kemi Contemporary Dance Projects","City-wide",18,7000,"TAC"
2016,"Keys To The Studio","City-wide",14,17600,"TAC"
2016,"Kick Start Arts Society","Local",2,12000,"TAC"
2016,"Koffler Gallery of the Koffler Centre of the Arts","City-wide",19,50000,"TAC"
2016,"Korean Senior Citizens Society of Toronto, The","City-wide",19,22635,"CSP"
2016,"KutXSew","Local",16,10000,"TAC"
2016,"LA Centre for Active Living 55+","City-wide",18,22160,"CSP"
2016,"LACE Productions","City-wide",22,5000,"TAC"
2016,"Lakeshore Area Multi-Service Project (LAMP)","Local",6,81480,"CSP"
2016,"Lakeshore Area Multi-Service Project (LAMP)","Local",6,7000,"TAC"
2016,"Lakeshore Arts Committee","Local",6,295430,"LASO"
2016,"Lao Association of Ontario","City-wide",9,31795,"CSP"
2016,"Latin American Art Projects","City-wide",21,7500,"TAC"
2016,"Le Laboratoire d'Art","City-wide",19,18000,"TAC"
2016,"LEAF - Local Entertainment & Appreciation of Forests","City-wide",21,34500,"CR"
2016,"League of Canadian Poets","City-wide",20,19100,"TAC"
2016,"Learning Disabilities Association Toronto","City-wide",23,60405,"CSP"
2016,"left hand theatre","City-wide",14,7600,"TAC"
2016,"Legacy - Dreams 2 Reality Youth empowerment","Area services",20,2450,"CCRF"
2016,"Legacy - Dreams 2 Reality Youth empowerment","Area services",20,34000,"CSI"
2016,"Les Dancesoeurs","City-wide",8,10000,"INI"
2016,"Lester Trips (Theatre)","City-wide",21,12000,"TAC"
2016,"Liaison of Independent Filmakers of Toronto","City-wide",18,77000,"TAC"
2016,"Life of a Craphead","City-wide",20,6000,"TAC"
2016,"Limitless Designs","Local",2,4976,"TAC"
2016,"Litmus Theatre Collective","City-wide",19,15000,"TAC"
2016,"Little Brother Projects","City-wide",19,6200,"TAC"
2016,"Living City Foundation (Black Creek Pioneer Village)","City-wide",8,50000,"CBIP"
2016,"Long Winter","City-wide",19,12000,"TAC"
2016,"Lulu Music and Arts Centre","City-wide",18,40000,"TAC"
2016,"Lumacare Services","City-wide",10,85775,"CSP"
2016,"MABELLEarts","Local",5,24000,"TAC"
2016,"Magazines Canada","City-wide",20,8000,"TAC"
2016,"Making Room Community Arts","Local",17,11000,"TAC"
2016,"Mammalian Diving Reflex","City-wide",18,25000,"TAC"
2016,"Manifesto Community Projects","City Wide",20,38000,"TAC"
2016,"Maracatu Mar Aberto","City-wide",18,9000,"TAC"
2016,"Mayworks","City-wide",20,23750,"TAC"
2016,"Menaka Thakkar Dance Company of Canada","City-wide",20,31500,"TAC"
2016,"Mercer Union , A Centre for Contemporary Art","City-wide",18,70000,"TAC"
2016,"Metropolitan Action Committee on Violence Against Women & Children (METRAC)","City-wide",20,310855,"CSP"
2016,"Miles Nadal Jewish Community Centre","City-wide",20,13000,"TAC"
2016,"MINOR EMPIRE","City-wide",13,3000,"TAC"
2016,"Mix Mix Dance Collective","Local",19,28000,"TAC"
2016,"Mood Disorders Association of Ontario","City-wide",16,17670,"CSP"
2016,"Mooredale Concerts","City-wide",20,4000,"TAC"
2016,"Mount Dennis Community Association","Area services",11,2000,"CFSE"
2016,"Moveable Beast","City-wide",17,9000,"TAC"
2016,"Moving Images","Local",11,20000,"TAC"
2016,"Music Garden, Harbourfront Centre","City-Wide",20,25500,"OTHER"
2016,"Music in the Barns","City-wide",18,8000,"TAC"
2016,"N.Y.C (Neptune Youth Community)","City-wide",15,10000,"INI"
2016,"Nagamo Collective","City-wide",20,15000,"TAC"
2016,"Nagata Shachu Japaneses Taiko and Music Garden","City-wide",20,13000,"TAC"
2016,"National Ballet of Canada","City-wide",20,1320000,"MCO"
2016,"Na-Me-Res (Native Men's Residence)","City-wide",21,8500,"StART"
2016,"Na-Me-Res (Native Men's Residence)","City-wide",21,15000,"TAC"
2016,"National Shevchenko Musical Ensemble","City-wide",15,7500,"TAC"
2016,"Native Canadian Centre of Toronto","City-wide",20,80060,"CSP"
2016,"Native Women in the Arts","City-wide",20,25000,"TAC"
2016,"New Adventures In Sound Art","Area services",21,13500,"TAC"
2016,"New Canadian Community Centre","City-wide",24,30000,"CR"
2016,"New Canadian Community Centre","City-wide",24,44430,"CSP"
2016,"New Music Concerts","City-wide",20,52250,"TAC"
2016,"North York Arts","City Wide",23,235740,"LASO"
2016,"North York Community House","Area services",15,128670,"CSP"
2016,"North York Harvest Food Bank","Area Services",15,23550,"CSP"
2016,"North York Seniors Centre","Area services",23,91595,"CSP"
2016,"North York Womens Resource Centre","Area services",15,50310,"CSP"
2016,"Northern Visions Independent Film & Video Organization","City-wide",20,58000,"TAC"
2016,"Northwood Neighbourhood Services","Area services",7,46635,"CSP"
2016,"Not Because of The Rabbits","City-wide",21,9000,"TAC"
2016,"Not Dead Yet","City-wide",14,7500,"TAC"
2016,"Not Lost Collective","City-wide",18,11000,"TAC"
2016,"NOWADAYS THEATRE","City-wide",23,5000,"TAC"
2016,"Obsidian Theatre Company","City-wide",20,56000,"TAC"
2016,"Ogaden Somali Community Association of Ontario","City-wide",12,30000,"CR"
2016,"Okay Collective","Local",24,20000,"TAC"
2016,"Onsite Gallery [at] OCAD University","City-wide",20,4000,"TAC"
2016,"Ontario Association of Art Galleries","City-wide",20,24000,"TAC"
2016,"Ontario Council of Agencies Serving Immigrants (OCASI)","City-wide",16,28280,"CSP"
2016,"Ontario Council of Agencies Serving Immigrants (OCASI)","City-wide",16,45000,"SDIP"
2016,"Ontario Pops Orchestra","Area services",14,7000,"CFSE"
2016,"Open Book Foundation","City-wide",20,15000,"TAC"
2016,"Open Fortress","City-wide",17,7000,"TAC"
2016,"Open Roof Films Entertainment Inc.","City-wide",18,7000,"TAC"
2016,"Open Studio","City-wide",20,73000,"TAC"
2016,"Opportunity for Advancement","City-wide",20,47085,"CSP"
2016,"Orchestra Toronto","City-wide",23,21000,"TAC"
2016,"Oriana Women's Choir","City-wide",22,9400,"TAC"
2016,"Orpheus Choir of Toronto","City-wide",22,25000,"TAC"
2016,"Outside the March Theatre Company Inc","City-wide",19,15000,"TAC"
2016,"Paprika Festival","City-wide",18,15000,"TAC"
2016,"Park People","City-wide",20,25000,"StART"
2016,"Parkdale Community Information Centre","Local",14,27275,"CSP"
2016,"Parkdale Golden Age Foundation","Area services",14,57230,"CSP"
2016,"Parkdale Intercultural Association (Toronto)","Local",14,65905,"CSP"
2016,"Parkdale Neighbourhood Land Trust","Local",14,23000,"StART"
2016,"Parks n' Wreck","Local",14,15000,"TAC"
2016,"Pax Christi Chorale","City-wide",23,20000,"TAC"
2016,"PEACH","Local",7,15000,"TAC"
2016,"Pearle Harbour Presents","City-wide",19,8000,"TAC"
2016,"PIECE OF MINE Festival","Local",15,15000,"TAC"
2016,"Pilot Light","City-wide",19,7500,"TAC"
2016,"Pivot Reading Series","City-wide",20,8000,"TAC"
2016,"Planet In Focus","City-wide",20,25000,"TAC"
2016,"PLAYINGwithCRAYONS","City-wide",20,9000,"TAC"
2016,"Playwrights Guild of Canada","City-wide",20,23000,"TAC"
2016,"Pneuma Ensemble","City-wide",19,5000,"TAC"
2016,"Polycultural Immigrant and Community Services","Area Services",3,29300,"CSP"
2016,"Prefix Institute of Contemporary Art","City-wide",20,5000,"CBIP"
2016,"Prefix Institute of Contemporary Art","City-wide",20,84000,"TAC"
2016,"PRESENCIA","City-wide",18,4000,"TAC"
2016,"ProArteDanza","City-wide",20,15000,"TAC"
2016,"Professional Association of Canadian Theatre","City-wide",20,6000,"TAC"
2016,"Project Creative Users","City-wide",19,20000,"TAC"
2016,"Promoting Education and Community Health (PEACH)","Area services",7,45000,"CSI"
2016,"Promoting Education and Community Health (PEACH)","Area services",7,60210,"CSP"
2016,"Propeller Centre for Visual Arts","City-wide",18,12000,"CBIP"
2016,"Prosserman Jewish Community Centre","City-wide",10,13455,"CSP"
2016,"Public Recordings Performance Projects","City-wide",17,15000,"TAC"
2016,"Queen's Plate","Area Services",2,30000,"SDIP"
2016,"Queen West - Central Toronto Community Health Centres","Area services",19,42000,"AEHR"
2016,"Queer Songbook Orchestra","Local",19,4000,"TAC"
2016,"Quip Take","City-wide",21,3500,"TAC"
2016,"Quote Unquote Collective","City-wide",13,8000,"TAC"
2016,"Raging Asian Women Taiko Drummers","City-wide",21,12150,"TAC"
2016,"Red Pepper Spectacle Arts","City-wide",20,29000,"TAC"
2016,"Red Sky Performance","City-wide",20,33000,"TAC"
2016,"Revue Cinema","City-wide",14,14000,"CBIP"
2016,"Rexdale Community Health Centre","Area services",2,153020,"CSP"
2016,"Rexdale Community Health Centre","Area services",2,13000,"StART"
2016,"Rexdale Community Hub","Area Services",1,40000,"CSP"
2016,"Rexdale Community Hub","Area Services",1,90000,"INI"
2016,"Rexdale Community Hub","Area Services",1,45000,"SDIP"
2016,"Rexdale Women's Centre","Area services",1,36500,"CR"
2016,"Rexdale Women's Centre","Area services",1,54870,"CSP"
2016,"Rock sin Banderas","Local",17,6500,"TAC"
2016,"Roma Community Centre","City-wide",14,10000,"TAC"
2016,"Roncesvalles Village BIA","Local",14,4000,"TAC"
2016,"Roseneath Theatre","City-wide",18,69000,"TAC"
2016,"Royal Agricultural Winter Fair","City-wide",19,969110,"OTHER"
2016,"Saga Collectif","City-wide",14,13000,"TAC"
2016,"Salt Baby Collective","Local",18,5000,"TAC"
2016,"San Lorenzo Latin American Community Centre","City-wide",19,4000,"TAC"
2016,"San Romanoway Revitalization Association","Local",8,78700,"CSP"
2016,"SAVAC","City-wide",20,40000,"TAC"
2016,"Scadding Court Community Centre","Area services",20,173570,"CSP"
2016,"Self-Help Resource Centre","City-wide",22,40000,"AEHR"
2016,"Self-Help Resource Centre","City-wide",22,15320,"CSP"
2016,"Senior Adult Services in the Annex, Toronto","Local",20,33670,"CSP"
2016,"Senior Peoples' Resources in North Toronto (SPRINT)","Area services",22,177155,"CSP"
2016,"SExT: Sex Education by Theatre","Local",22,7500,"TAC"
2016,"SEYA (South Etobicoke Youth Assembly)","Area Services",6,10000,"INI"
2016,"SICK MUSE ART PROJECTS","City-wide",17,12000,"TAC"
2016,"Silent Voice Canada","City-wide",22,40000,"AEHR"
2016,"Silent Voice Canada","City-wide",22,31445,"CSP"
2016,"Silk Bath Collective","City-wide",22,5000,"TAC"
2016,"Sinfonia Toronto","City-wide",20,12350,"TAC"
2016,"Singing for Love","Local",17,7000,"TAC"
2016,"Sir William Campbell House Museum","City-wide",20,36688,"MUS"
2016,"Sistering","City-wide",19,10000,"TAC"
2016,"SKETCH Working Arts For Street Involved & Homeless Youth","City-wide",19,45000,"AEHR"
2016,"SKETCH Working Arts For Street Involved & Homeless Youth","City-wide",19,98000,"TAC"
2016,"Small Theatre Administrative Facility","City-wide",20,62000,"TAC"
2016,"Small World Music Society","City-wide",18,47500,"TAC"
2016,"Snug Harbour Dance","Local",14,1500,"TAC"
2016,"Somali Canadian Association of Etobicoke","Area services",1,23550,"CSP"
2016,"Somali Women and Children's Support Network","City-wide",2,2946,"CCRF"
2016,"Somali Women and Children's Support Network","City-wide",2,40980,"CSP"
2016,"Somewhere There Music","City-wide",18,5000,"TAC"
2016,"Soundstreams Canada","City-wide",20,88000,"TAC"
2016,"South Asian Women's Centre","City-wide",18,40000,"CSI"
2016,"South Asian Women's Centre","City-wide",18,88300,"CSP"
2016,"southern currents film & video collective","City-wide",17,20000,"TAC"
2016,"Spadina Avenue Gang","City-wide",17,3750,"TAC"
2016,"Spectrum Composers Collective","City-wide",20,3500,"TAC"
2016,"Springtide Resources Inc.","City-wide",20,23550,"CSP"
2016,"St. Alban's Boys' and Girls' Club","Area services",20,195160,"CSP"
2016,"St. Bernadette's Family Resource Centre","Area services",12,19415,"CSP"
2016,"St. Christopher House","Area services",19,295725,"CSP"
2016,"St. Clair West Services for Seniors, Inc.","Area services",12,51055,"CSP"
2016,"St. Matthew's Bracondale House","Area services",21,14875,"CSP"
2016,"St. Stephen's Community House","City-wide",20,5000,"CCRF"
2016,"St. Stephen's Community House","City-wide",20,240750,"CSP"
2016,"Stonegate Community Health Centre","Area services",5,88180,"CSP"
2016,"Storefront Humber Inc.","Local",6,60845,"CSP"
2016,"Student Assistance in North Toronto for Seniors (SAINTS)","Area services",25,14035,"CSP"
2016,"Studio 180 Theatre Company","City Wide",18,17000,"TAC"
2016,"Subtle Technologies","City-wide",19,36000,"TAC"
2016,"Success Beyond Limits","Area services",7,17100,"CR"
2016,"SummerWorks Theatre Festival","Local",18,45000,"TAC"
2016,"Surface Art","Area services",11,20000,"StART"
2016,"Syme-Woolner Neighbourhood & Family Centre","Area services",12,105740,"CSP"
2016,"Tafelmusik","City-wide",20,180000,"TAC"
2016,"Talisker Players Chamber  Music","City-wide",20,14000,"TAC"
2016,"Tarragon Theatre","City-wide",21,2e+05,"TAC"
2016,"TDSB Westview Cente (Success Beyond Limits)","City-wide",7,3000,"CCRF"
2016,"Techsdale","Local",5,48000,"AEHR"
2016,"The Arab Community Centre of Toronto","City-wide",3,39595,"CSP"
2016,"The Basement Review","City-wide",19,6000,"TAC"
2016,"The Bicycle Opera Collective","City-wide",17,9000,"TAC"
2016,"The Cabaret Theatre Company","City-wide",20,13000,"TAC"
2016,"The Canadian Red Cross Society","City-wide",18,28165,"CSP"
2016,"The Chimera Project Dance Theatre","City-wide",20,8000,"TAC"
2016,"The Company Theatre","City-wide",21,18000,"TAC"
2016,"The Deep End Collective","City-wide",14,8000,"TAC"
2016,"The Eastmall Community Steering Committee","Area Services",3,3000,"CCRF"
2016,"The Elmer Iseler Singers","City-wide",25,32300,"TAC"
2016,"The Esprit Orchestra","City-wide",20,84500,"TAC"
2016,"The Film Stars Project","Area services",19,10000,"TAC"
2016,"The FORCE for Cultural Events Productions","City-wide",20,7000,"TAC"
2016,"The Fringe of Toronto Theatre Festival","City-wide",19,77000,"TAC"
2016,"The Gatehouse","City-wide",6,23550,"CSP"
2016,"The Howland Company","City-wide",20,12000,"TAC"
2016,"The Laneway Project","Area services",15,8500,"CFSE"
2016,"The League of Lady Wrestlers","City-wide",14,4000,"TAC"
2016,"The Music Gallery","City-wide",20,79000,"TAC"
2016,"The Nathaniel Dett Chorale","City-wide",15,18900,"TAC"
2016,"The Necessary Angel Theatre Company","City-wide",20,67000,"TAC"
2016,"The Ontario Community Centre for the Deaf","City-wide",25,13580,"CSP"
2016,"The Power Plant","City-wide",20,195000,"TAC"
2016,"The Reading Line","City-wide",13,7000,"TAC"
2016,"the red light district","City-wide",20,15000,"TAC"
2016,"The Remix Project","City-wide",14,24000,"TAC"
2016,"The Royal Conservatory of Music","City-wide",20,50000,"TAC"
2016,"The Second Mile Club of Toronto","City-wide",19,69400,"CSP"
2016,"The Smile Company - Theatrical Productions","City-wide",14,27000,"TAC"
2016,"The Stop Community Food Centre","City-wide",17,28280,"CSP"
2016,"The Storytellers School of Toronto","City-wide",18,29500,"TAC"
2016,"The Teresa Group","City-wide",22,29435,"CSP"
2016,"The Theatre Centre","City-wide",18,221000,"TAC"
2016,"The Toronto Consort","City-wide",20,27000,"TAC"
2016,"The Universe Collective","City-wide",18,10500,"TAC"
2016,"The Word on the Street","City-wide",14,41500,"TAC"
2016,"Theatre Continuum","City-wide",15,4000,"TAC"
2016,"Theatre Direct Canada","City-wide",20,69000,"TAC"
2016,"Theatre Gargantua","Local",20,15000,"TAC"
2016,"Theatre Ontario","City-wide",20,12500,"TAC"
2016,"Theatre PANIK","City-wide",14,13500,"TAC"
2016,"Theatre Passe Muraille","City-wide",20,154000,"TAC"
2016,"Theatre Smith-Gilmour","City-wide",18,41000,"TAC"
2016,"Theatrefront Inc.","City-wide",21,15000,"TAC"
2016,"Thin Edge New Music Collective","City-wide",19,8000,"TAC"
2016,"Think 2wice","Area Services",1,3000,"CCRF"
2016,"Throbbing Rose Collective","Local",18,3000,"TAC"
2016,"Throwdown Collective","City-wide",19,12000,"TAC"
2016,"TLK","City-wide",20,6500,"TAC"
2016,"TO.U","City-wide",20,1000,"TAC"
2016,"Toronto Aboriginal Support Services Council","City-wide",20,30000,"SDIP"
2016,"Toronto Alliance for the Performing Arts","City-wide",20,78000,"TAC"
2016,"Toronto Animated Image Society","Local",17,7000,"TAC"
2016,"Toronto Artscape Inc. - Artscape","City-wide",19,415000,"MCO"
2016,"Toronto Art Book Fair","City-wide",14,8000,"TAC"
2016,"Toronto Blues Society","City-wide",20,32000,"TAC"
2016,"Toronto Children's Chorus","City-wide",20,40000,"TAC"
2016,"Toronto Coalition for Better Child Care","City-wide",19,23550,"CSP"
2016,"Toronto Community & Culture Centre","City-wide",20,21110,"CSP"
2016,"Toronto Community Housing","City-wide",2,3000,"CCRF"
2016,"Toronto Creative Orchestra Projects","City-wide",14,1325,"TAC"
2016,"Toronto Dance Community Love-In","City-wide",19,8000,"TAC"
2016,"Toronto Dance Theatre","City-wide",20,150000,"TAC"
2016,"Toronto Design Offsite Festival","City-wide",18,3500,"TAC"
2016,"Toronto Drop-In Network","City-wide",20,47000,"AEHR"
2016,"Toronto Festival of Arts, Culture and Creativity - Luminato TO Festival","City-wide",19,4e+05,"MCO"
2016,"Toronto Foundation for Student Success","City-wide",12,7499647,"SNP"
2016,"Toronto International Film Festival TIFF","City-wide",20,1140695,"MCO"
2016,"Toronto Jewish Film Festival","City-wide",20,24000,"TAC"
2016,"Toronto Mendelssohn Choir","City-wide",20,70000,"TAC"
2016,"Toronto Outdoor Picture Show","Local",19,21000,"TAC"
2016,"Toronto Photographers Workshop","City-wide",18,70000,"TAC"
2016,"Toronto Rape Crisis Centre / Multicultural Women Against Rape","City-wide",20,43000,"CSI"
2016,"Toronto Rape Crisis Centre / Multicultural Women Against Rape","City-wide",20,53200,"CSP"
2016,"Toronto Reel Asian International Film Festival","City-wide",20,50000,"TAC"
2016,"Toronto Sketch Comedy Festival Inc","City-wide",18,15000,"TAC"
2016,"Toronto Summer Music Foundation","City-wide",20,30000,"TAC"
2016,"Toronto Symphony Orchestra","City-wide",20,1270000,"MCO"
2016,"Toronto Tabla Ensemble","City-wide",17,9000,"TAC"
2016,"Toronto Undergraduate Jazz Festival","City-wide",6,5000,"TAC"
2016,"Trinity Square Video","City-wide",20,117000,"TAC"
2016,"Tulip Sauce","Local",18,2000,"TAC"
2016,"Turtle House Art/Play Centre","City-wide",20,12000,"TAC"
2016,"Two Birds One Stone Collective","City-wide",20,5000,"TAC"
2016,"TYPOLOGY Projects","City-wide",19,4000,"TAC"
2016,"Ukrainian Canadian Social Services (Toronto) Inc.","City-wide",13,38935,"CSP"
2016,"Unison Health and Community Services","Local",15,40000,"CSI"
2016,"Unison Health and Community Services","Local",15,31105,"CSP"
2016,"University Settlement","Local",20,129190,"CSP"
2016,"University Settlement Music School","City-wide",20,23500,"TAC"
2016,"Univox Choir Toronto","City-wide",18,10000,"TAC"
2016,"UnSpun Theatre","Local",17,5000,"TAC"
2016,"Urban Alliance on Race Relations","City-wide",20,42000,"AEHR"
2016,"UrbanArts Community Arts Council","City-wide",11,295435,"LASO"
2016,"UrbanVessal","Local",13,15000,"TAC"
2016,"Vazari Dance Projects","City-wide",14,5000,"TAC"
2016,"Vermont Square Parent-Child Mother Goose Program","City-wide",19,26370,"CSP"
2016,"Vesnivka Choir Inc.","City-wide",13,8000,"TAC"
2016,"VIBE Arts","Area services",20,45000,"StART"
2016,"VIBE Arts","Area services",20,62000,"TAC"
2016,"Villa Colombo Homes For The Aged","City-wide",15,30700,"CSP"
2016,"VIVA! Youth Singers of Toronto","City-wide",20,30000,"TAC"
2016,"Volcano Non-Profit Productions Inc.","City-wide",21,45000,"TAC"
2016,"Volunteer Centre of Toronto","City-wide",20,196620,"CSP"
2016,"Vtape","City-wide",20,80000,"TAC"
2016,"VWAT Family Services","City-wide",17,61195,"CSP"
2016,"Wavelength Music Arts Projects","Local",19,13000,"TAC"
2016,"West Neighbourhood House Music School","Area services",19,24000,"TAC"
2016,"West Toronto Support Services for Senior Citizens and the Disabled Inc.","Area services",18,42765,"CSP"
2016,"Weston-Mount Dennis Pro Tech Media Centre","Area services",11,35000,"SDIP"
2016,"Whippersnapper Gallery","City-wide",20,6000,"TAC"
2016,"Woman Abuse Council of Toronto","City-wide",12,58865,"CSP"
2016,"Women's Musical Club of Toronto","City-wide",20,2500,"TAC"
2016,"words(on)pages","City-wide",20,3000,"TAC"
2016,"Worker's Action Centre","City-wide",20,38000,"AEHR"
2016,"Worker's Action Centre","City-wide",20,56500,"CSP"
2016,"Working Women Community Centre","Area services",18,160000,"CLI"
2016,"Working Women Community Centre","Area services",18,125910,"CSP"
2016,"Workman Arts Project of Ontario","City-wide",18,20000,"TAC"
2016,"World Fiddle Day Toronto","City-wide",20,4000,"TAC"
2016,"Wychwood Clarinet Choir","City-wide",21,8000,"TAC"
2016,"York West Active Living Centre","Area services",11,112600,"CSP"
2016,"York-Fairbank Centre For Seniors","Area services",15,25500,"CR"
2016,"York-Fairbank Centre For Seniors","Area services",15,214400,"CSP"
2016,"Yorkminster Park Meals on Wheels","Area services",22,9115,"CSP"
2016,"Yorktown Child and Family Centre","Area services",15,5000,"CCRF"
2016,"Yorktown Child and Family Centre","Area services",15,35330,"CSP"
2016,"Young and Potential Fathers","City-wide",11,9000,"CFSE"
2016,"Young Creatives Program","Local",15,8000,"TAC"
2016,"YOUTH ACTION NETWORK","City-wide",20,150000,"SDIP"
2016,"Youth Arts Action (YAA)","Area services",15,30000,"SDIP"
2016,"Youth Assisting Youth","City-wide",23,55375,"CSP"
2016,"YTB Gallery","Local",20,7000,"TAC"
2016,"YYZ Artists Outlet","City-wide",20,65000,"TAC"
2016,"Zou Theatre Company","City-wide",13,10000,"TAC"
2017,"4:3 Collective","City-wide",14,8000,"TAC"
2017,"A Better World","City-wide",23,2000,"TAC"
2017,"A Space Gallery","City-wide",20,62000,"TAC"
2017,"Aboriginal Curatorial Collective","City-wide",20,12500,"TAC"
2017,"Abrigo Centre","City-wide",17,107415,"CSP"
2017,"Academy Concert Series","City-wide",16,2500,"TAC"
2017,"Across Oceans","City-wide",20,15000,"TAC"
2017,"Adelheid Dance Projects","City-wide",17,15000,"TAC"
2017,"Afro Jazz Project","City-wide",2,4000,"TAC"
2017,"Aiding Dramatic Change in Development","City-wide",19,13500,"TAC"
2017,"Akin Collective Projects","City-wide",18,8000,"TAC"
2017,"Albion Neighbourhood Services","Local",1,447000,"HIF"
2017,"Albion Neighbourhood Services","Local",1,138505,"CSP"
2017,"Alexandra Park Youth","neighbourhood",20,3000,"CCRF"
2017,"Alliance Francaise de Toronto","City-wide",20,10000,"TAC"
2017,"Aluna Theatre","City-wide",17,38000,"TAC"
2017,"Aluna Theatre","City-wide",17,1e+05,"CLI"
2017,"Anandam Dancetheatre Productions","City-wide",18,15000,"TAC"
2017,"Angel Foundation for Learning","City-wide",23,3201246.86,"SNP"
2017,"Anishinaabe Community Spirit Dancers","City-wide",19,10000,"TAC"
2017,"Aphasia Institute","City-wide",25,22830,"CSP"
2017,"Archie Alleyne Scholarship Fund","Local",11,4000,"TAC"
2017,"Arraymusic","City-wide",19,38090,"TAC"
2017,"ArsMusica Community Concerts","Local",11,30000,"TAC"
2017,"Art Gallery of Ontario","City-wide",20,684000,"MCO"
2017,"Art Gallery of York University","City-wide",8,95000,"TAC"
2017,"Art Metropole","City-wide",18,40000,"TAC"
2017,"Art Museum University of Toronto","City-wide",20,20000,"TAC"
2017,"Art Spin Toronto","City-wide",18,8000,"TAC"
2017,"Art Starts","Local",15,90000,"TAC"
2017,"Art Starts","Local",15,8700,"EG"
2017,"Artists Film Exhibition Group","City-wide",21,23000,"TAC"
2017,"Artists for Weston-Pelham","Neighbourhood",17,1500,"NG"
2017,"ArtReach Toronto","Neighbourhood",20,30000,"SDIP"
2017,"Arts Etobicoke","City-wide",5,438795,"LASO"
2017,"Arts4All Creative Society","Local",17,15000,"TAC"
2017,"Ashkenaz Foundation","City-wide",20,50000,"TAC"
2017,"Assaulted Women's Helpline","City-wide",20,60030,"CSP"
2017,"Avenida Latina Magazine","Local",9,10000,"INI"
2017,"Axis Music Inc.","Local",20,13500,"TAC"
2017,"b current Performing Arts Corp","City-wide",21,25000,"TAC"
2017,"Bad Hats Theatre","Local",19,8000,"TAC"
2017,"Bad New Days performing arts","City-wide",14,8000,"TAC"
2017,"Ballet Creole","City-wide",6,50000,"TAC"
2017,"Ballet JÃ¶rgen Canada","City-wide",21,93000,"TAC"
2017,"BAM! Toronto Youth SLAM","City-wide",21,13500,"TAC"
2017,"Barbra Schlifer Commemorative Clinic","City-wide",19,52390,"CSP"
2017,"Bathurst-Finch Joy Cooking Group","Neighbourhood",10,1000,"NG"
2017,"Batuki Music Society","City-wide",20,7000,"TAC"
2017,"Belka Enrichment Centre","city-wide",8,30000,"REC"
2017,"Bereaved Families of Ontario-Toronto","City-wide",22,68835,"CSP"
2017,"Bernard Betel Centre","local",10,125530,"CSP"
2017,"Better Living Health and  Community Services","City-wide",25,213140,"CSP"
2017,"Better Living Health and  Community Services","City-wide",25,54284,"Other"
2017,"Big Pond Small Fish Art Productions","Local",14,20000,"TAC"
2017,"Bikes Without Borders","Local",18,10000,"PG"
2017,"Black Artists for Black Lives","City-wide",17,4720,"TAC"
2017,"Black Creek Alliance","Neighbourhood",11,2500,"NG"
2017,"Black Creek Community Moms and kids Gardening Group","Neighbourhood",8,3000,"NG"
2017,"Bloor Information and Life Skills Centre","City-wide",19,35905,"CSP"
2017,"Blue Ceiling Dance","City-wide",13,11000,"TAC"
2017,"Bob Rumball Canadian Centre of Excelence for the Deaf  (formerly The Ontario Community Centre for the Deaf)","City-wide",25,13855,"CSP"
2017,"BoucharDanse","City-wide",17,15000,"TAC"
2017,"Braeburn Neighbourhood Place","local",2,48815,"CSP"
2017,"Brick Literary Collective","City-wide",20,3000,"TAC"
2017,"Bug Collective","City-wide",19,15000,"TAC"
2017,"Building and Motivating Dreams Youth Crime Prevention","neighbourhood",12,3000,"CCRF"
2017,"Butterfly (Asian and Migrant Sex Workers Support Network)","Neighbourhood",20,47000,"AEHR"
2017,"Camp Kinfolk","Local",7,10000,"INI"
2017,"Canada Clown","City-wide",21,13355,"TAC"
2017,"Canadian Film in the Schools","City-wide",19,5000,"TAC"
2017,"Canadian Filmmakers Distribution Centre","City-wide",20,51000,"TAC"
2017,"Canadian Hearing Society","City-wide",22,17785,"CSP"
2017,"Canadian Integrated Community","City-wide",2,10000,"EG"
2017,"Canadian Red Cross, Toronto Region","City-wide",18,71500,"HIF"
2017,"Canadian Red Cross, Toronto Region","City-wide",18,28730,"CSP"
2017,"Canadian Roots Exchange","City-wide",20,15000,"TAC"
2017,"CANES Community Care","local",2,67715,"CSP"
2017,"CANVAS Programs","City-wide",21,10000,"TAC"
2017,"Canzine Arts Festival","City-wide",18,5000,"TAC"
2017,"CARFAC Ontario","City-wide",20,24000,"TAC"
2017,"CaribbeanTales International Film Festival","City-wide",19,9000,"TAC"
2017,"Casa Maiz Cultural Centre Inc.","Local",8,13000,"TAC"
2017,"Caution Tape Sound Collective","City-wide",21,1410,"TAC"
2017,"Cecil Community Centre","local",20,5185,"CSP"
2017,"Centennial Youth Council","Neighbourhood",12,1000,"NG"
2017,"Central Eglinton Community Centre","Neighbourhood",22,27825,"CSP"
2017,"Centre for Equality Rights in Accommodation","City-wide",19,118670,"HIF"
2017,"Centre for Indigenous Theatre","City-wide",19,45000,"TAC"
2017,"Centre for Spanish Speaking Peoples","City-wide",9,63385,"CSP"
2017,"Changeup Theatre","Local",19,5000,"TAC"
2017,"Charles Street Video","City-wide",20,54500,"TAC"
2017,"Chiaroscuro Reading Series","City-wide",24,6000,"TAC"
2017,"Chinese Canadian National Council Toronto Chapter","City-wide",20,57770,"CSP"
2017,"Christie Ossington Neighbourhood Centre","City-wide",19,70450,"CSP"
2017,"Circle of Home Care Services Toronto","City-wide",25,101165,"CSP"
2017,"Clay and Paper Theatre","Local",19,47000,"TAC"
2017,"CMHA Toronto","City-wide",15,18025,"CSP"
2017,"Collective 65","City-wide",17,7800,"TAC"
2017,"Community Action Resource Centre","Neighbourhood",12,163050,"CSP"
2017,"Connect Youth","Neighbourhood",11,1500,"NG"
2017,"Contact Toronto Photography Festival","City-wide",20,3500,"TAC"
2017,"Continuum Contemporary Music Ensemble","City-wide",20,26000,"TAC"
2017,"Corpoluz Theatre","City-wide",18,4000,"TAC"
2017,"CORPUS","City-wide",19,33000,"TAC"
2017,"COSTI Immigrant Services","City wide",17,541725,"HIF"
2017,"COSTI Immigrant Services","City wide",17,132235,"CSP"
2017,"Craft Ontario","City-wide",18,32000,"TAC"
2017,"Critical Distance Centre for Curators","City-wide",19,6500,"TAC"
2017,"Cross Toronto Community Development Corp. (Fresh Start Cleaning)","Local",19,139108,"HIF"
2017,"Cue6 Theatre Company Inc.","City-wide",20,4000,"TAC"
2017,"CultureLink Settlement Services","City-wide",14,70770,"CSP"
2017,"Dance Immersion Ontario","City-wide",20,25000,"TAC"
2017,"Dance Immersion Ontario","City-wide",20,186000,"Other"
2017,"Davenport-Perth Neighbourhood and Community Health Centre","Neighbourhood",17,88565,"CSP"
2017,"Delta Family Resource Centre","City Wide",7,111480,"CSP"
2017,"Delta Family Resource Centre","City Wide",7,10000,"CCRF"
2017,"Delta Family Resource Centre","City Wide",7,36000,"AEHR"
2017,"Delta Family Resource Centre","City Wide",7,9000,"FEST"
2017,"Delta Family Resource Centre","City Wide",7,129406,"Other"
2017,"Dia de los Muertos Collective","City-wide",21,9000,"TAC"
2017,"Diaspora Dialogues Charitable Society","City-wide",20,65000,"TAC"
2017,"Diaspora Film Festival Group","City-wide",21,8000,"TAC"
2017,"Dixon Community Services","local",2,55400,"CSP"
2017,"DLT","Local",14,5000,"TAC"
2017,"DOC Toronto","City-wide",20,8000,"TAC"
2017,"Doorsteps Neighbourhood Services","local",7,96586,"CSP"
2017,"Dovercourt Boys' and Girls' Club","local",18,54625,"CSP"
2017,"Dreamwalker Dance Company","City-wide",18,20000,"TAC"
2017,"Driftwood Parkette Residents Group","Neighbourhood",8,1000,"NG"
2017,"Drum Artz Canada","City-wide",6,24000,"TAC"
2017,"Dusk Dances Inc.","City-wide",17,31000,"TAC"
2017,"Earth Day Canada","Local",14,38000,"REC"
2017,"Earwitness Productions","City-wide",19,10000,"TAC"
2017,"East Mall Steering Committee","Local",3,8991,"EG"
2017,"Eight Fest Small-Gauge Film Festival","City-wide",19,8000,"TAC"
2017,"Ekran Polish Film Association","City-wide",6,2000,"TAC"
2017,"Elspeth Heyworth Centre for Women","Local",7,29335,"CSP"
2017,"Elspeth Heyworth Centre for Women","Local",7,16700,"REC"
2017,"Enviromentum","City-wide",20,17893,"TAF"
2017,"Ephraim's Place Community Centre","neighbourhood",9,2500,"CCRF"
2017,"Ergo Arts Theatre","City-wide",19,15000,"TAC"
2017,"Eritrean Canadian Community Centre","City-wide",21,30025,"CSP"
2017,"Esmeralda Enrique Spanish Dance Company","City-wide",20,23000,"TAC"
2017,"Estonian Studies Centre","City-wide",20,5000,"TAC"
2017,"Etobicoke Centennial Choir","City-wide",4,4750,"TAC"
2017,"Etobicoke Community Concert Band","Local",5,6500,"TAC"
2017,"Etobicoke Community Council","neighbourhood",2,3000,"CCRF"
2017,"Etobicoke Philharmonic Orchestra","City-wide",4,11000,"TAC"
2017,"ESS Support Services","local",2,51175,"CSP"
2017,"Evan Webber & Frank Cox-O'Connell","City-wide",18,10000,"TAC"
2017,"Evangel Hall","Neighbourhood",20,61311,"HIF"
2017,"Eva's Initiatives for Homeless Youth","City-wide",20,13000,"TAC"
2017,"Extend-A-Family","City-wide",16,24025,"CSP"
2017,"Exultate Chamber Singers","City-wide",20,7000,"TAC"
2017,"Factory Theatre","City-wide",20,158000,"TAC"
2017,"FADO Performance Inc.","City-wide",20,24000,"TAC"
2017,"Fall for Dance North Festival Inc.","City-wide",23,4000,"TAC"
2017,"Family Service Toronto","City-wide",18,106315,"CSP"
2017,"FCJ Refugee Centre","City-wide",17,50000,"PG"
2017,"Female Youth Sexual Violence Program","Local",7,10000,"INI"
2017,"Filament Incubator","City-wide",20,9000,"TAC"
2017,"Findhelp Toronto","City-wide",22,621660,"CSP"
2017,"First Portuguese Canadian Cultural Centre","City wide",17,13855,"CSP"
2017,"FIXT POINT Arts and Media","City-wide",20,5000,"TAC"
2017,"Foodies of Mount Dennis","Neighbourhood",11,1000,"NG"
2017,"FoodShare Toronto","City-wide",12,216305,"CSP"
2017,"For You Telecare Family Service (FUTFS)","City-wide",25,15700,"CSP"
2017,"For Youth Initiative in Toronto","Local",12,121185,"CSP"
2017,"Four Directions Festival","Local",11,15000,"TAC"
2017,"Franco-Fête de la Communauté urbaine de Toronto","City-wide",20,10000,"TAC"
2017,"Francophonie en Fete Corporation","City-wide",20,10000,"TAC"
2017,"Franklin Carmichael Art Group","Local",1,6500,"TAC"
2017,"Franklin Horner Community Centre","City-wide",6,29450,"CSP"
2017,"Freedom School","City-wide",20,14000,"PG"
2017,"Gallery 44 Centre for Contemporary Photography","City-wide",20,104000,"TAC"
2017,"Generator Performance","City-wide",20,32000,"TAC"
2017,"George S. Syme Seniors Centre of York","Neighbourhood",11,91030,"CSP"
2017,"GHANAFEST","City-wide",2,6600,"TAC"
2017,"Golden Age","City-wide",18,5000,"TAC"
2017,"Greenest City","Neighbourhood",14,10000,"EG"
2017,"H.O.P.E. Community Garden","Neighbourhood",13,1000,"NG"
2017,"H.O.P.E. Community Garden","Neighbourhood",14,1000,"NG"
2017,"Harbourfront Corporation (1990)","City-wide",20,290000,"TAC"
2017,"HEART (Healing, engagement, activism, recovery from trauma)","Neighbourhood",7,4000,"NG"
2017,"HER Creative TO","City-wide",19,5706,"TAC"
2017,"Hispanic Developoment Council","City-wide",20,57770,"CSP"
2017,"Holla Jazz Performance Projects","Local",15,6000,"TAC"
2017,"Horizons for Youth","Local",17,7500,"TAC"
2017,"Hot Docs","City-wide",20,149550,"TAC"
2017,"HotKnives","City-wide",18,7000,"TAC"
2017,"HOUSE AND BODY","City-wide",18,10000,"TAC"
2017,"Humber Community Seniors' Services Inc.","local",11,36880,"CSP"
2017,"Humewood House Association","City-wide",21,75000,"HIF"
2017,"ICOT - Iranian-Canadian Composers of Toronto","City-wide",23,20000,"TAC"
2017,"imagineNATIVE Film + Media Arts Festival","City-wide",20,153000,"TAC"
2017,"IMMER","Local",14,22000,"TAC"
2017,"In Print: Art/Lit Publishers United","City-wide",14,6000,"TAC"
2017,"Indigenous Fashion Week Toronto","City-wide",20,15000,"TAC"
2017,"InkWell Workshops","City-wide",13,13500,"TAC"
2017,"Inner City Angels","City-wide",20,56500,"TAC"
2017,"Inside Out Lesbian and Gay Film Festival Inc.","City-wide",20,52000,"TAC"
2017,"InterAccess","City-wide",19,51000,"TAC"
2017,"International Readings at Harbourfront","City-wide",20,150000,"TAC"
2017,"Ipsita Nova Dance Projects","City-wide",19,30000,"TAC"
2017,"Iranian Canadian Centre for Art and Culture","City-wide",24,10000,"TAC"
2017,"Islington Centre - Etobicoke Senior Citizens","Neighbourhood",5,35445,"CSP"
2017,"Islington St Andrew","neighbourhood",2,3000,"CCRF"
2017,"Islington-St. Andrews Group","Neighbourhood",2,3000,"NG"
2017,"Ismailova Theatre of Dance","Local",10,28000,"TAC"
2017,"Jane and Finch Unity","neighbourhood",8,2760,"CCRF"
2017,"Jane/ Finch Community and Family Centre","Local",8,159730,"CSP"
2017,"Jane/ Finch Community and Family Centre","Local",8,14500,"PG"
2017,"Jane/Finch Community Tennis Association","Local",8,10000,"EG"
2017,"JAYU Festival Inc","City-wide",19,24000,"TAC"
2017,"Jeng Yi","City-wide",23,7800,"TAC"
2017,"John Howard Society of Toronto","City-wide",15,13815,"CSP"
2017,"Jubilate Singers","City-wide",16,5000,"TAC"
2017,"Jumblies Theatre","City-wide",20,74000,"TAC"
2017,"Junction Reads","City-wide",13,2700,"TAC"
2017,"Kababayan Community Service Centre Inc","City-wide",14,34620,"CSP"
2017,"Kaeja d'Dance","City-wide",20,30900,"TAC"
2017,"Kaha:wi Dance Theatre","City-wide",19,32000,"TAC"
2017,"Kapisanan Philippine Centre","City-wide",19,10000,"TAC"
2017,"KCWA Family and Social Services","City-wide",20,40905,"CSP"
2017,"Keep 6 Contemporary","Local",20,8000,"TAC"
2017,"KeepRockinYou","City-wide",21,10000,"TAC"
2017,"Kick Start Arts Society","Local",2,13500,"TAC"
2017,"Kingsview - The Westway Residents for Family Success","Neighbourhood",2,1000,"NG"
2017,"Koffler Gallery of the Koffler Centre of the Arts","City-wide",19,50000,"TAC"
2017,"Korean Canadian Cultural Association of Metropolitan Toronto","City-wide",25,25665,"CBIP"
2017,"Korean Canadian Symphony Orchestra Association","City-wide",24,5000,"TAC"
2017,"Korean Senior Citizens Society of Toronto","City-wide",19,23090,"CSP"
2017,"Krafty Queers","City-wide",18,12650,"TAC"
2017,"Kristin Fung and Sheree Spencer","Local",20,4700,"TAC"
2017,"LA Centre for Active Living 55+","City-wide",18,22605,"CSP"
2017,"Ladies Falstaff Tea Group","neighbourhood",5,3000,"CCRF"
2017,"Lakeshore Area Multi-Service Project (LAMP)","Neighbourhood",6,83115,"CSP"
2017,"Lakeshore Arts Committee","Local",6,295430,"LASO"
2017,"Lao Association of Ontario","City-wide",9,32435,"CSP"
2017,"Lawrence Heights Inter-Organization Network","Local",15,9954,"EG"
2017,"Lawrence Heights Inter-Organizational Network (LHION) Safety Sub-Committee","Neighbourhood",15,1200,"NG"
2017,"Lay-Up Youth Basketball","Local",22,10000,"INI"
2017,"Le Laboratoire d'Art","City-wide",20,18000,"TAC"
2017,"LEAF - Local Enhancement & Appreciation of Forests","neighbourhood",21,34500,"REC"
2017,"League of Canadian Poets","City-wide",20,19100,"TAC"
2017,"Learning Disabilities Association of Toronto District","City-wide",23,61620,"CSP"
2017,"lemonTree theatre creations","City-wide",20,10000,"TAC"
2017,"Let The Silence Be Heard","City-wide",7,9219,"TAC"
2017,"Liaison of Independent Filmmakers of Toronto","City-wide",18,77000,"TAC"
2017,"Limitless Designs","Local",2,10000,"TAC"
2017,"Literature and Film Fan Club","Local",8,2300,"TAC"
2017,"Little Pear Garden Dance Company","City-wide",24,27400,"TAC"
2017,"Long Winter","City-wide",18,15000,"TAC"
2017,"Lookup Theatre","City-wide",18,8000,"TAC"
2017,"Loose Tea Music Theatre","City-wide",22,5000,"TAC"
2017,"Lua Shayenne Dance Company","Local",21,13000,"TAC"
2017,"Lula Music and Arts Centre","City-wide",18,50000,"TAC"
2017,"Lula Music and Arts Centre","City-wide",18,70000,"CBIP"
2017,"Lumacare Services","City-wide",10,87505,"CSP"
2017,"MABELLEarts","Local",17,49000,"TAC"
2017,"Making Room Community Arts","Local",17,13500,"TAC"
2017,"Mammalian Diving Reflex Theatre Group","City-wide",19,45000,"TAC"
2017,"Manifesto Community Projects Inc.","City-wide",18,38000,"TAC"
2017,"Maracatu Mar Aberto","Local",17,8000,"TAC"
2017,"Mayworks Festival","City-wide",20,23750,"TAC"
2017,"M-DO","City-wide",19,8000,"TAC"
2017,"Menaka Thakkar Dance Company of Canada","City-wide",23,25200,"TAC"
2017,"Mercer Union, A Centre for Contemporary Visual Art","Local",18,70000,"TAC"
2017,"Metropolitan Action Committee on Violence Against Women and Children","City-wide",20,317085,"CSP"
2017,"Metropolitan Action Committee on Violence Against Women and Children","City-wide",20,10000,"PG"
2017,"Modern Batik Couture","Local",9,13000,"TAC"
2017,"Modern Times Stage Company","City-wide",17,33000,"TAC"
2017,"Mood Disorders Association of Ontario and Toronto","City-wide",16,18025,"CSP"
2017,"Moonhorse Dance Theatre","City-wide",17,15000,"TAC"
2017,"Moonlight","City-wide",19,9835,"TAC"
2017,"MPOWER","neighbourhood",7,3000,"CCRF"
2017,"Muhtadi International Drumming Festival","City-wide",21,10000,"TAC"
2017,"Museum of Contemporary Art - Toronto","City-wide",18,254793,"GSCM"
2017,"Music Africa of Canada Inc.","City-wide",22,31000,"TAC"
2017,"Mystand","neighbourhood",18,2820,"CCRF"
2017,"National Ballet of Canada","City-wide",20,1320000,"MCO"
2017,"National Shevchenko Musical Ensemble Guild of Canada","City-wide",19,7500,"TAC"
2017,"Native Canadian Centre of Toronto","City-wide",20,81670,"CSP"
2017,"Native Women in the Arts","City-wide",19,25000,"TAC"
2017,"New Canadian Community Centre","City-wide",24,45325,"CSP"
2017,"New Canadian Community Centre","City-wide",24,30000,"REC"
2017,"New Harlem Productions","City-wide",11,13000,"TAC"
2017,"Nia Centre for the Arts","Local",15,15000,"TAC"
2017,"North Etobicoke Resident Council","Neighbourhood",1,2625,"NG"
2017,"North York Arts","City Wide",23,235740,"LASO"
2017,"North York Community House","local",15,160255,"CSP"
2017,"North York Harvest Food Bank","local",12,24025,"CSP"
2017,"North York Harvest Food Bank","local",12,10000,"PG"
2017,"North York Seniors Centre","Neighbourhood",23,93430,"CSP"
2017,"North York Women's Centre","Local",12,51320,"CSP"
2017,"North York Women's Centre","Local",12,9153,"EG"
2017,"Northern Visions Independent Film & Video Association","City-wide",20,58000,"TAC"
2017,"Northwood Neighbourhood Services","local",7,47575,"CSP"
2017,"NOWADAYS THEATRE","City-wide",23,8850,"TAC"
2017,"Oakwood Vaughan Neighbourhood Action Partnership","Neighbourhood",21,10000,"EG"
2017,"Ogaden Somali Community Association of Ontario","city-wide",12,30000,"REC"
2017,"Ogaden Youth Forum (OYF)","Neighbourhood",12,10000,"INI"
2017,"OK Tournament","neighbourhood",8,3000,"CCRF"
2017,"Ontario Association of Art Galleries","City-wide",20,24000,"TAC"
2017,"Ontario Council of Agencies Serving Immigrants (OCASI)","City Wide",16,28850,"CSP"
2017,"Ontario Council of Agencies Serving Immigrants (OCASI)","City Wide",16,45000,"SDIP"
2017,"Ontario Pops Orchestra","Neighbourhood",14,7000,"FEST"
2017,"Open Book Foundation","City-wide",18,15000,"TAC"
2017,"Open Studio","City-wide",20,73000,"TAC"
2017,"Opportunity for Advancement","City-wide",20,48030,"CSP"
2017,"Orchestra Toronto","City-wide",23,21000,"TAC"
2017,"Orpheus Choir of Toronto","City-wide",22,25000,"TAC"
2017,"Outside the March Theatre Company Inc","City-wide",19,15000,"TAC"
2017,"Pandemic Theatre","City-wide",20,8000,"TAC"
2017,"Paperhouse Outreach Collective","Local",19,20000,"TAC"
2017,"Paprika Theatre Festival","City-wide",20,15000,"TAC"
2017,"Paradigm Productions","City-wide",19,11000,"TAC"
2017,"Parents that Cares","Neighbourhood",15,1000,"NG"
2017,"Park People","City-wide",20,45000,"PG"
2017,"Parkdale Activity - Recreation Centre","Local",14,8000,"TAC"
2017,"Parkdale Cares","Neighbourhood",13,1000,"NG"
2017,"Parkdale Cares","Neighbourhood",14,1000,"NG"
2017,"Parkdale Community Information Centre","Neighbourhood",14,27825,"CSP"
2017,"Parkdale Community Peer Musicians Collective","Neighbourhood",13,1000,"NG"
2017,"Parkdale Community Peer Musicians Collective","Neighbourhood",14,1000,"NG"
2017,"Parkdale Golden Age Foundation","Neighbourhood",14,58390,"CSP"
2017,"Parkdale Intercultural Association (Toronto)","Neighbourhood",14,67230,"CSP"
2017,"Parks N' Wreck","Local",14,15000,"TAC"
2017,"PASS! Inc.","Local",7,10000,"EG"
2017,"Pax Christi Chorale","City-wide",24,20000,"TAC"
2017,"Peggy Baker Dance Projects","City-wide",19,22500,"TAC"
2017,"Pembroke Mews Tenant Group","neighbourhood",8,3000,"CCRF"
2017,"Phantasmagoria Collective","City-wide",14,7000,"TAC"
2017,"Philip McKee Performance Projects","City-wide",21,10000,"TAC"
2017,"Pivot Readings Series","City-wide",20,8280,"TAC"
2017,"Planet in Focus","City-wide",20,25000,"TAC"
2017,"Playwrights Guild of Canada","City-wide",20,103000,"TAC"
2017,"Polycultural Immigrant and Community Services","City wide",3,29890,"CSP"
2017,"Prefix Institute of Contemporary Art, Inc.","City-wide",20,34000,"TAC"
2017,"PRESENCIA","City-wide",18,2450,"TAC"
2017,"Princess productions","City-wide",18,22000,"TAC"
2017,"Professional Association of Canadian Theatres","City-wide",20,6000,"TAC"
2017,"Project Bookmark Canada","City-wide",20,4000,"TAC"
2017,"Promoting Education and Community Health","Neighbourhood",7,61420,"CSP"
2017,"Prosserman Jewish Community Centre","City-wide",10,13730,"CSP"
2017,"Public Access","City-wide",8,10000,"TAC"
2017,"Public Recordings Performance Projects","City-wide",14,15000,"TAC"
2017,"Puppetmongers Theatre","City-wide",19,20000,"TAC"
2017,"Puppets for U","Neighbourhood",10,1000,"NG"
2017,"Queer Songbook Orchestra","City-wide",19,4500,"TAC"
2017,"QuipTake","City-wide",21,11000,"TAC"
2017,"Quote Unquote Collective","City-wide",14,15000,"TAC"
2017,"Rainbow Songs Foundation","City-wide",14,8000,"TAC"
2017,"Reconnect Community Health Services (merged with St. Clair West Services for Seniors)","local",17,51055,"CSP"
2017,"Red Pepper Spectacle Arts","City-wide",20,29000,"TAC"
2017,"Red Sky Performance","City-wide",20,33000,"TAC"
2017,"ReelAbilities Toronto Film Festival","City-wide",20,14640,"TAC"
2017,"Rexdale Community Health Centre","local",2,156090,"CSP"
2017,"Rexdale Community Health Centre","local",2,10000,"PG"
2017,"Rexdale Community Hub","Neighbourhood",1,45000,"SDIP"
2017,"Rexdale Community Hub","Neighbourhood",1,165368.76,"Other"
2017,"Rexdale Women's Centre","local",1,92647,"CSP"
2017,"Rexdale Women's Centre","local",1,36500,"REC"
2017,"Rock sin Banderas","City-wide",17,8000,"TAC"
2017,"Room to Grow Childcare Centre","neighbourhood",4,3000,"CCRF"
2017,"Roseneath Theatre","City-wide",18,69000,"TAC"
2017,"Rustic Neighbourhood Improvement Area (NIA)","Neighbourhood",12,4000,"NG"
2017,"Salon du Livre de Toronto","City-wide",20,6000,"TAC"
2017,"San Lorenzo Latin American Community Centre","City-wide",15,4000,"TAC"
2017,"San Romanoway Revitalization Association","local",8,5000,"TAC"
2017,"San Romanoway Revitalization Association","local",8,80280,"CSP"
2017,"SAVAC","City-wide",20,40000,"TAC"
2017,"Scadding Court Community Centre","Neighbourhood",20,177055,"CSP"
2017,"Scadding Court Community Centre","Neighbourhood",20,71600,"Other"
2017,"Scarborough Philharmonic Orchestra","Local",16,20000,"TAC"
2017,"Self-Help Resource Centre","City-wide",22,9192,"CSP"
2017,"Senior Adult Services in the Annex, Toronto","local",20,34350,"CSP"
2017,"Seniors First","Neighbourhood",15,2500,"NG"
2017,"Seniors on the Horizon","Neighbourhood",15,2800,"NG"
2017,"Shak Shak","City-wide",22,4600,"TAC"
2017,"Shakespeare in the Ruff","City-wide",20,9925,"TAC"
2017,"Shoreham Court Animators","neighbourhood",8,3000,"CCRF"
2017,"Shoreham Court Youth Council","neighbourhood",8,3000,"CCRF"
2017,"Shoreham Court Youth Council","neighbourhood",8,2000,"NG"
2017,"Sick Muse Art Projects","City-wide",17,33000,"TAC"
2017,"Signal Theatre","City-wide",19,8500,"TAC"
2017,"Silent Voice","City-wide",22,32080,"CSP"
2017,"Sinfonia Toronto","City-wide",24,12350,"TAC"
2017,"Single Thread Theatre Company","City-wide",14,3520,"TAC"
2017,"Sir William Campbell House Museum","City-wide",20,36687,"MUS"
2017,"Sistering - A Woman's Place","Local",19,16499,"TAC"
2017,"SKETCH Working Arts for Street-involved and Homeless Youth","City-wide",19,98000,"TAC"
2017,"Small Wooden Shoe","City-wide",14,5000,"TAC"
2017,"Small World Music Society","City-wide",14,122500,"TAC"
2017,"Social Circus Circle (SoCirC)","City-wide",20,10000,"TAC"
2017,"Somali Canadian Assoication of Etobicoke","Local",1,24025,"CSP"
2017,"Somali Women and Children's Support Network","City-wide",2,41805,"CSP"
2017,"Somali Women and Children's Support Network","City-wide",2,40800,"PG"
2017,"Somewhere There Music Presentation","City-wide",18,5000,"TAC"
2017,"SoundCheck Youth Arts","Neighbourhood",7,10000,"INI"
2017,"Sounding Out","Local",18,8095,"TAC"
2017,"Soundstreams","City-wide",20,88000,"TAC"
2017,"South Asian Women's Centre","City-wide",18,90070,"CSP"
2017,"Southern currents film & video collective","City-wide",17,20000,"TAC"
2017,"Spectrum Composers Collective","City-wide",19,4000,"TAC"
2017,"Springtide Resources Inc.","City-wide",20,24025,"CSP"
2017,"SPRINT Senior Care (Senior Peoples' Resources in North Toronto)","City wide",22,99105,"CSP"
2017,"Sri Lankan Tamil Seniors Group of Etobicoke","Neighbourhood",1,1000,"NG"
2017,"St. Alban's Boys' and Girls' Club","local",20,199070,"CSP"
2017,"St. Andrews Community Group","Neighbourhood",3,1000,"NG"
2017,"St. Bernadette's Family Resource Centre","local",12,19805,"CSP"
2017,"St. Matthew's Bracondale House","Neighbourhood",21,15175,"CSP"
2017,"St. Stephen's Community House","City-wide",20,12000,"TAC"
2017,"St. Stephen's Community House","City-wide",20,245575,"CSP"
2017,"St. Stephen's Community House","City-wide",20,10000,"CCRF"
2017,"St. Stephen's Community House","City-wide",20,125000,"Other"
2017,"Stella's Studio","City-wide",20,7000,"TAC"
2017,"Stonegate Community Health Centre","City wide",5,89950,"CSP"
2017,"Storefront Humber Inc.","local",6,59415,"CSP"
2017,"StoryCentre Canada","City-wide",20,20000,"TAC"
2017,"Street Voices","City-wide",19,15000,"TAC"
2017,"Street Voices","City-wide",19,10000,"INI"
2017,"Strive","neighbourhood",12,2875,"CCRF"
2017,"Student Assistance in North Toronto for Seniors (SAINTS)","local",25,11665,"CSP"
2017,"Studio 180 Theatre","City-wide",20,17000,"TAC"
2017,"Subtle Technologies","City-wide",19,16000,"TAC"
2017,"SummerWorks Theatre Festival","City-wide",20,130000,"TAC"
2017,"Sundown Theatre","City-wide",19,7000,"TAC"
2017,"Sustainable Textile Art","Local",9,10000,"TAC"
2017,"Syme Woolner Neighbourhood and Family Centre","Neighbourhood",12,107865,"CSP"
2017,"Syrian Film Festival","City-wide",9,8000,"TAC"
2017,"T.O. Hustle Sessions","City-wide",18,3200,"TAC"
2017,"Tafelmusik","City-wide",20,180000,"TAC"
2017,"Tandridge Connections","neighbourhood",2,2995,"CCRF"
2017,"Tangled Art + Disability","City-wide",20,25000,"TAC"
2017,"Tarragon Theatre","City-wide",21,2e+05,"TAC"
2017,"TB West Community Services","Local",5,8000,"TAC"
2017,"Techsdale","City Wide",5,48000,"AEHR"
2017,"Temporary Collective","City-wide",20,7000,"TAC"
2017,"That Choir","City-wide",14,600,"TAC"
2017,"That's So Gay Collective","City-wide",21,11122,"TAC"
2017,"The 1979 Group","City-wide",20,15000,"TAC"
2017,"The Arab Community Centre of Toronto","City-wide",3,8950,"TAC"
2017,"The Arab Community Centre of Toronto","City-wide",3,40390,"CSP"
2017,"The Art Bar","City-wide",20,8000,"TAC"
2017,"The Art of Time Ensemble","City-wide",20,55500,"TAC"
2017,"The Artists Mentoring Youth Project Inc.","City-wide",20,13000,"TAC"
2017,"The Cabaret Theatre Company","City-wide",20,13000,"TAC"
2017,"The Cross-Cultural Community Services Association (TCCSA)","City-wide",20,27220,"CSP"
2017,"The Driftwood Theatre Group","Local",20,25000,"TAC"
2017,"The Elmer Iseler Singers","City-wide",25,32300,"TAC"
2017,"The Esprit Orchestra","City-wide",20,84500,"TAC"
2017,"The FORCE for Cultural Events Production, Inc.","City-wide",20,2250,"TAC"
2017,"The Fringe of Toronto Theatre Festival","City-wide",19,77000,"TAC"
2017,"The Gatehouse","City-wide",6,24025,"CSP"
2017,"The Hendrix Collective","City-wide",19,6000,"TAC"
2017,"The inPrint Collective Inc","Local",17,6800,"TAC"
2017,"The Mexicans Folk Ballet","City-wide",15,8000,"TAC"
2017,"The Music Gallery","City-wide",20,79000,"TAC"
2017,"The Nathaniel Dett Chorale","City-wide",8,15120,"TAC"
2017,"The Necessary Angel Theatre Company","City-wide",20,67000,"TAC"
2017,"The Power Plant","City-wide",20,195000,"TAC"
2017,"The Reading Partnership - a project of Tides Canada","Local",20,10000,"EG"
2017,"The Remix Project","City-wide",18,24000,"TAC"
2017,"The Royal Conservatory of Music","City-wide",20,50000,"TAC"
2017,"The Second Mile Club of Toronto","City-wide",19,70795,"CSP"
2017,"The Shoe Project","City-wide",22,9000,"TAC"
2017,"The Smile Company - Theatrical Productions","City-wide",20,27000,"TAC"
2017,"The Stop Community Food Centre","City-wide",17,28850,"CSP"
2017,"The Storytellers School of Toronto","City-wide",21,29500,"TAC"
2017,"The Tech Savvy","Neighbourhood",17,1500,"NG"
2017,"The Teresa Group","City-wide",22,30025,"CSP"
2017,"The Theatre Centre","City-wide",18,131000,"TAC"
2017,"The Toronto Consort","City-wide",20,27000,"TAC"
2017,"The White House Studio Project","City-wide",20,8500,"TAC"
2017,"The Word On The Street","City-wide",14,41500,"TAC"
2017,"Theatre Columbus","City-wide",20,46000,"TAC"
2017,"Theatre Direct Canada","Local",20,69000,"TAC"
2017,"Theatre Gargantua","City-wide",18,15000,"TAC"
2017,"Theatre of Early Music","City-wide",21,5000,"TAC"
2017,"Theatre Ontario","City-wide",20,12500,"TAC"
2017,"Theatre Passe Muraille","City-wide",20,249000,"TAC"
2017,"Theatre Rusticle","City-wide",18,5000,"TAC"
2017,"Theaturtle","City-wide",18,10000,"TAC"
2017,"Think 2wice","City-wide",1,24734,"PG"
2017,"Throbbing Rose Collective","Local",20,10000,"TAC"
2017,"Toronto Aboriginal Support Services Council","City wide",20,103400,"Other"
2017,"Toronto Alliance for the Performing Arts","City-wide",20,78000,"TAC"
2017,"Toronto Alternative Arts & Fashion Week","City-wide",13,8500,"TAC"
2017,"Toronto Artscape Inc. - Artscape","City-wide",19,415000,"MCO"
2017,"Toronto Blues Society","City-wide",19,32000,"TAC"
2017,"Toronto Chamber Choir","City-wide",22,7500,"TAC"
2017,"Toronto Children's Chorus","City-wide",22,40000,"TAC"
2017,"Toronto Coalition for Better Child Care","City-wide",19,24025,"CSP"
2017,"Toronto Community & Culture Centre","City-wide",20,21535,"CSP"
2017,"Toronto Creative Music Lab (TCML)","Local",14,5000,"TAC"
2017,"Toronto Design Offsite Festival","City-wide",18,7005,"TAC"
2017,"Toronto Environmental Alliance","City-wide",20,30000,"TAF"
2017,"Toronto Festival of Arts, Culture and Creativity - Luminato TO Festival","City-wide",19,4e+05,"MCO"
2017,"Toronto Foundation for Student Success","City-wide",12,9034732.14,"SNP"
2017,"Toronto International Film Festival TIFF","City-wide",20,1140695,"MCO"
2017,"Toronto Jewish Film Festival","City-wide",20,24000,"TAC"
2017,"Toronto Masque Theatre","City-wide",20,18000,"TAC"
2017,"Toronto Mendelssohn Choir","City-wide",19,70000,"TAC"
2017,"Toronto Outdoor Picture Show","Local",19,23000,"TAC"
2017,"Toronto Photographers Workshop","City-wide",18,70000,"TAC"
2017,"Toronto Queer Media & Arts Centre","City-wide",20,9000,"TAC"
2017,"Toronto Rape Crisis Centre/Multicultural Women Against Rape","City-wide",20,54270,"CSP"
2017,"Toronto Reel Asian International Film Festival","City-wide",20,50000,"TAC"
2017,"Toronto Sketch Comedy Festival Inc.","City-wide",18,15000,"TAC"
2017,"Toronto Summer Music Foundation","City-wide",14,34780,"TAC"
2017,"Toronto Symphony Orchestra","City-wide",20,1270000,"MCO"
2017,"Toronto Undergraduate Jazz Festival","City-wide",6,5000,"TAC"
2017,"TorQ Percussion Quartet","City-wide",5,13830,"TAC"
2017,"Triangle Pi Productions","City-wide",21,10000,"TAC"
2017,"Trinity Square Video","City-wide",20,45000,"TAC"
2017,"Tune Your Ride Collective","Local",20,25000,"TAC"
2017,"Turtle House Art/Play Centre","City-wide",19,20000,"TAC"
2017,"Two Birds One Stone Collective","City-wide",20,15000,"TAC"
2017,"Ukrainian Canadian Social Services (Toronto) Inc.","City-wide",13,39720,"CSP"
2017,"Unison Health and Community Services","local",15,31730,"CSP"
2017,"Unit 2","City-wide",18,4850,"TAC"
2017,"University of Toronto","City-wide",20,112011,"TAF"
2017,"University Settlement","local",20,23500,"TAC"
2017,"University Settlement","local",20,131780,"CSP"
2017,"UnSpun Theatre","City-wide",17,6000,"TAC"
2017,"UrbanArts Community Arts Council","City-wide",11,295435,"LASO"
2017,"Urbanvessel","Local",13,25000,"TAC"
2017,"Utopia Music Fest","City-wide",4,8950,"TAC"
2017,"Vermont Square Parent-Child Mother Goose Program","City-wide",19,26900,"CSP"
2017,"Vesnivka Choir Inc.","City-wide",13,8000,"TAC"
2017,"VIBE Arts","Local",20,62000,"TAC"
2017,"VideoCabaret","City-wide",20,65000,"TAC"
2017,"Villa Colombo Home for the Aged Inc.","City-wide",15,31320,"CSP"
2017,"VIVA! Youth Singers of Toronto","City-wide",20,30000,"TAC"
2017,"Volcano Non-Profit Productions Inc.","City-wide",19,45000,"TAC"
2017,"Volunteer Toronto","City-wide",20,200560,"CSP"
2017,"Vox Choirs","City-wide",18,10000,"TAC"
2017,"Vtape","City-wide",20,80000,"TAC"
2017,"Vtape","City-wide",20,90800,"CBIP"
2017,"VWAT Family Services","City-wide",17,62425,"CSP"
2017,"Waterfront Neighbourhood Centre (formerly Harbourfront Community Centre)","Neighbourhood",20,71840,"CSP"
2017,"Wavelength Music Arts Projects","City-wide",19,15000,"TAC"
2017,"West Neighbourhood House","Local",19,24000,"TAC"
2017,"West Neighbourhood House","Local",19,301655,"CSP"
2017,"West Side Scholars","Local",8,10000,"INI"
2017,"West Toronto Support Services for Senior Citizens and Disabled Inc.","local",18,43625,"CSP"
2017,"Weston Kings & Queens","Neighbourhood",11,1000,"NG"
2017,"Weston Pelham","Neighbourhood",17,1000,"NG"
2017,"Why Not Theatre","City-wide",18,30000,"TAC"
2017,"Woman Abuse Council of Toronto","City-wide",12,60045,"CSP"
2017,"Workers' Action Centre","City-wide",20,57630,"CSP"
2017,"Workers' Action Centre","City-wide",20,38000,"AEHR"
2017,"Working Women Community Centre","City-wide",18,208675,"CSP"
2017,"Workman Arts Project of Ontario","City-wide",18,45000,"TAC"
2017,"Writing While Black Collective","City-wide",21,5250,"TAC"
2017,"Xpace Cultural Centre","City-wide",18,7000,"TAC"
2017,"YAAACE","neighbourhood",8,3000,"CCRF"
2017,"Yantics","Neighbourhood",12,1000,"NG"
2017,"York West Active Living Centre","Local",11,114860,"CSP"
2017,"York-Fairbank Centre for Seniors","Neighbourhood",15,216145,"CSP"
2017,"York-Fairbank Centre for Seniors","Neighbourhood",15,25500,"REC"
2017,"Yorkminster Park Meals on Wheels","local",22,9300,"CSP"
2017,"Yorktown Child and Family Centre","Local",15,36045,"CSP"
2017,"Yorktown Child and Family Centre","Local",15,10000,"CCRF"
2017,"Young Creatives Program","Local",15,30000,"TAC"
2017,"Youth Action Network","Local",18,5850,"TAC"
2017,"Youth Assisting Youth","City-wide",23,56485,"CSP"
2017,"YYZ Artists' Outlet","City-wide",20,65000,"TAC"
2018,"1001 Bay Street –  Green Committee","Local",13,12000,"Waste Reduction Community Grants"
2018,"1st Time Collective","City Wide",21,9000,"TAC"
2018,"A Better World","City Wide",23,3000,"TAC"
2018,"A Space Gallery","City Wide",20,62000,"TAC"
2018,"Aboriginal Curatorial Collective","City Wide",20,70000,"TAC"
2018,"Abrigo Centre","Local",17,109675,"CSP"
2018,"AccessTO","City Wide",21,10500,"PG"
2018,"Across Oceans","City Wide",20,8000,"TAC"
2018,"Adelheid Dance Projects","City Wide",17,15000,"TAC"
2018,"Adelheid Dance Projects","City Wide",17,11000,"TAC"
2018,"Adornment Collective","Local",12,10000,"INI"
2018,"After The Fire Collective","City Wide",18,10943,"TAC"
2018,"Ahuri Theatre","City Wide",17,17250,"TAC"
2018,"Ahuri Theatre","City Wide",17,17250,"TAC"
2018,"Aisle 4","Local",17,30000,"TAC"
2018,"Albion Neighbourhood Services","Local",6,404408,"HIF"
2018,"Albion Neighbourhood Services","Local",1,156730,"CSP"
2018,"Alive Collective","City Wide",17,6000,"TAC"
2018,"Aluna Theatre","City Wide",17,41000,"TAC"
2018,"Amazing Cat Performance","City Wide",8,9550,"TAC"
2018,"Amplified Opera","City Wide",18,5000,"TAC"
2018,"Anandam Dancetheatre Productions","City Wide",18,21000,"TAC"
2018,"ANDPVA","Local",20,15000,"TAC"
2018,"Aphasia Institute","City Wide",25,23310,"CSP"
2018,"Arab Community Centre of Toronto","Local",3,20000,"TAC"
2018,"The Arab Community Centre of Toronto","City Wide",3,41240,"CSP"
2018,"Ardwick Youth Group","Neighbourhood",7,3000,"CCRF"
2018,"Arraymusic","City Wide",19,48090,"TAC"
2018,"Art Gallery of Ontario","City Wide",10,684000,"MCO"
2018,"Art Gallery of York University","City Wide",8,70000,"TAC"
2018,"Art Metropole","City Wide",18,40000,"TAC"
2018,"Art Museum University of Toronto","City Wide",20,20000,"TAC"
2018,"Art Spin Toronto","City Wide",18,8000,"TAC"
2018,"Art Starts","Local",15,25970,"TAC"
2018,"Art Starts","City Wide",15,72000,"TAC"
2018,"Artists Film Exhibition Group","City Wide",17,23000,"TAC"
2018,"Arts Etobicoke","Local",5,21000,"TAC"
2018,"Arts Etobicoke","City Wide",5,424295,"LASO"
2018,"Arts4All Creative Society","Local",17,15000,"TAC"
2018,"ArtsPond / Étang d'Arts","City Wide",18,15000,"TAC"
2018,"Asah Productions","City Wide",18,12000,"TAC"
2018,"Ashkenaz Foundation","City Wide",20,50000,"TAC"
2018,"Asian Community Aids Services","City Wide",20,10000,"PG"
2018,"Assaulted Women's Helpline","City Wide",20,61295,"CSP"
2018,"Aura Freedom International","City Wide",22,52275,"PG"
2018,"Axis Music Inc.","Local",20,15000,"TAC"
2018,"b current Performing Arts Corp","City Wide",21,25000,"TAC"
2018,"Bad Dog Theatre Company","City Wide",19,12991,"TAC"
2018,"Ballet Creole","City Wide",6,22500,"TAC"
2018,"Ballet Jörgen Canada","City Wide",21,95000,"TAC"
2018,"Baque de Bamba","City Wide",18,7000,"TAC"
2018,"Barbra Schlifer Commemorative Clinic","City Wide",19,53495,"CSP"
2018,"Batuki Music Society","City Wide",20,7500,"TAC"
2018,"Bereaved Families of Ontario-Toronto","City Wide",22,70285,"CSP"
2018,"Bernard Betel Centre","Local",10,7500,"TAC"
2018,"Bernard Betel Centre","Local",10,128170,"CSP"
2018,"Better Food for Bathurst- Finch (B. F. B. F.)","Neighbourhood",10,1682,"NG"
2018,"Better Living Health and  Community Services","City Wide",25,229530,"CSP"
2018,"Bi Arts Festival","City Wide",14,10000,"TAC"
2018,"BIG Bloor Improvement Group","City Wide",18,2500,"TAC"
2018,"Binocular Theatre","City Wide",22,4100,"TAC"
2018,"Birds of a Feather","City Wide",20,5500,"TAC"
2018,"Black Creek Alliance","Neighbourhood",11,10000,"PG"
2018,"Black Youth Mental Health Alliance","Neighbourhood",21,10000,"PG"
2018,"Blackness Yes!","City Wide",21,10000,"PG"
2018,"bluemouth inc. presents","City Wide",18,15000,"TAC"
2018,"Bob Rumball Canadian Centre of Excellence for the Deaf  (formerly The Ontario Community Centre for the Deaf)","City Wide",25,14150,"CSP"
2018,"Botanicus Art Ensemble","Local",17,15000,"TAC"
2018,"Bottom's Dream Collective","City Wide",17,12600,"TAC"
2018,"BoucharDanse","City Wide",17,15000,"TAC"
2018,"Braeburn Neighbourhood Place","Local",2,49845,"CSP"
2018,"Breakthroughs Film Festival","City Wide",18,3000,"TAC"
2018,"Broadleaf Theatre","City Wide",19,4500,"TAC"
2018,"Bunker 2","Local",17,5500,"TAC"
2018,"Butterfly (Asian and Migrant Sex Workers Support Network)","City Wide",20,50493,"PG"
2018,"Campbell House","City Wide",10,36688,"MUS"
2018,"Canada's National Ballet School","City Wide",13,225000,"MCO"
2018,"Canadian Opera Company","City Wide",10,1500000,"MCO"
2018,"Canadian Film in the Schools","City Wide",19,5875,"TAC"
2018,"Canadian Hearing Society","City Wide",22,18160,"CSP"
2018,"Canadian Music Centre","City Wide",13,50000,"CBIP"
2018,"The Canadian Red Cross Society","City Wide",18,184335,"CSP"
2018,"Canadian Society of Children's Authors, Illustrators and Performers","City Wide",19,6500,"TAC"
2018,"CANES Community Care","Local",2,69140,"CSP"
2018,"CANVAS Arts Action Programs","City Wide",21,5076,"PG"
2018,"Canzine Arts Festival","City Wide",18,4000,"TAC"
2018,"CAPE","Neighbourhood",2,3000,"NG"
2018,"CARFAC Ontario","City Wide",20,24000,"TAC"
2018,"Caribbean African Canadian (CAFCAN) Social Services","Local",7,53000,"PG"
2018,"Caribbean Tales Inc.","City Wide",9,3884,"CBIP"
2018,"CaribbeanTales International Film Festival","Local",19,8875,"TAC"
2018,"Casa Maiz Cultural Centre Inc.","Local",8,12500,"TAC"
2018,"Cecil Community Centre","Local",20,5295,"CSP"
2018,"Central Eglinton Community Centre","Neighbourhood",22,28410,"CSP"
2018,"Centre for Equality Rights in Accommodation (CERA)","City Wide",20,118672,"HIF"
2018,"Centre for Indigenous Theatre","City Wide",19,46000,"TAC"
2018,"Centre for Spanish Speaking People","City Wide",9,64720,"CSP"
2018,"CFMDC","City Wide",18,51000,"TAC"
2018,"Chalkfarm Community (2018 NEIGHBOURHOOD GRANTS)","Neighbourhood",7,2500,"NG"
2018,"Charles Street Video","City Wide",18,54500,"TAC"
2018,"Charm of Finches","City Wide",20,2000,"TAC"
2018,"Children and Youth Dance Theatre of Toronto","Local",8,15000,"TAC"
2018,"Chinese Canadian National Council Toronto Chapter","City Wide",20,58985,"CSP"
2018,"Christie Ossington Neighbourhood Centre","City Wide",19,71930,"CSP"
2018,"CineFAM","City Wide",19,10000,"TAC"
2018,"Circle of Home Care Services Toronto","City Wide",25,103290,"CSP"
2018,"City of Toronto Planning Division","City Wide",20,53500,"TAF"
2018,"Clay and Paper Theatre","Local",19,25000,"TAC"
2018,"Clay and Paper Theatre","City Wide",19,22000,"TAC"
2018,"CMHA Toronto","City Wide",15,18405,"CSP"
2018,"Coalition Building","Local",18,10000,"TAC"
2018,"Coco Collective","Local",1,7500,"TAC"
2018,"Common Descent","City Wide",20,4050,"TAC"
2018,"Common Readings","Local",14,7400,"TAC"
2018,"Community Action Planning Group (CAPG)","Local",8,46195,"PG"
2018,"Community Action Resource Centre","Neighbourhood",12,166475,"CSP"
2018,"Community Action Resource Centre (CARC)","Local",12,15000,"CSP"
2018,"Confluence Arts Collective","City Wide",18,7500,"TAC"
2018,"Conscious Minds Co-Operative Inc","City Wide",17,10000,"TAC"
2018,"Constellations","City Wide",19,8000,"TAC"
2018,"Continuum Contemporary Music Ensemble","City Wide",20,26000,"TAC"
2018,"CORPUS","City Wide",19,33000,"TAC"
2018,"COSTI Immigrant Services","City Wide",7,536814,"HIF"
2018,"COSTI Immigrant Services","City Wide",17,135015,"CSP"
2018,"Craft Ontario","City Wide",18,28800,"TAC"
2018,"Creativo Arts Collective","Local",18,6500,"TAC"
2018,"Critical Distance Centre for Curators","City Wide",19,9000,"TAC"
2018,"Cross Toronto Community Development Corporation (Fresh Start Cleaning)","Local",13,139108,"HIF"
2018,"Crow's Theatre","City Wide",14,1e+05,"CBIP"
2018,"Cue6 Theatre Company Inc.","City Wide",20,6000,"TAC"
2018,"CUE-SKETCH","City Wide",19,15000,"TAC"
2018,"CultureLink Settlement Services","City Wide",14,72260,"CSP"
2018,"Dance Immersion Ontario","City Wide",20,25000,"TAC"
2018,"Davenport Perth Community Ministry","Neighbourhood",17,3000,"CCRF"
2018,"Davenport-Perth Neighbourhood and Community Health Centre","Neighbourhood",17,90425,"CSP"
2018,"Decades Collective","City Wide",20,7500,"TAC"
2018,"Delta Family Resource Centre","Neighbourhood",7,10000,"CCRF"
2018,"Delta Family Resource Centre","City Wide",7,113825,"CSP"
2018,"Delta Family Resource Centre","Local",7,1e+05,"Other"
2018,"Delta Family Resource Centre","Neighbourhood",2,3000,"CCRF"
2018,"Design Exchange","City Wide",10,2e+05,"GSCM"
2018,"Dia de los Muertos Collective","City Wide",21,10000,"TAC"
2018,"Diaspora Dialogues Charitable Society","City Wide",20,40000,"TAC"
2018,"Dixon Community Services","Local",2,56565,"CSP"
2018,"Donwood Park Eco-Team","Neighbourhood",21,8000,"Waste Reduction Community Grants"
2018,"Dovercourt Boys' and Girls' Club","Local",18,55775,"CSP"
2018,"Dreamwalker Dance Company","Local",18,20000,"TAC"
2018,"Dreamwalker Dance Company","City Wide",18,20000,"TAC"
2018,"Driftwood Parkette Community Group","Neighbourhood",8,2500,"NG"
2018,"Dusk Dances Inc.","City Wide",17,33000,"TAC"
2018,"Eight Fest Small-Gauge Film Festival","City Wide",19,8000,"TAC"
2018,"Ekran Polish Film Association","City Wide",6,1500,"TAC"
2018,"Elspeth Heyworth Centre for Women","Local",7,9500,"TAC"
2018,"Elspeth Heyworth Centre for Women","Local",7,29955,"CSP"
2018,"Emotional Communities","City Wide",17,4000,"TAC"
2018,"Ergo Arts Theatre","City Wide",19,12300,"TAC"
2018,"Eritrean Canadian Community Centre","City Wide",21,30660,"CSP"
2018,"Esmeralda Enrique Spanish Dance Company","City Wide",20,23000,"TAC"
2018,"Etobicoke Centennial Choir","City Wide",4,4750,"TAC"
2018,"Etobicoke Community Concert Band","Local",5,6500,"TAC"
2018,"Etobicoke Handweavers and Spinners Guild","City Wide",3,4000,"TAC"
2018,"Etobicoke Philharmonic Orchestra","City Wide",4,11000,"TAC"
2018,"Etobicoke Services for Seniors","Local",2,52250,"CSP"
2018,"Evangel Hall","Neighbourhood",20,61315,"HIF"
2018,"Expres Arte","City Wide",18,10000,"TAC"
2018,"Extend-A-Family","City Wide",16,24530,"CSP"
2018,"Exultate Chamber Singers","City Wide",20,8000,"TAC"
2018,"Factory Theatre","City Wide",20,169500,"TAC"
2018,"FADO Performance Inc.","City Wide",20,24000,"TAC"
2018,"Fall for Dance North Festival Inc.","City Wide",23,3000,"TAC"
2018,"Family Service Toronto","City Wide",18,108550,"CSP"
2018,"Fashion Takes Action (FTA)","City Wide",10,24300,"Waste Reduction Community Grants"
2018,"Festival Management Committee (Toronto Caribbean Carnival)","City Wide",19,625000,"MCO"
2018,"Findhelp Information Services","City Wide",22,629610,"CSP"
2018,"Findhelp Information Services","City Wide",22,42000,"PG"
2018,"First Portuguese Canadian Cultural Centre","Local",17,14150,"CSP"
2018,"Flaunt It","Neighbourhood",8,1275,"NG"
2018,"FoodShare","Neighbourhood",12,70000,"Other"
2018,"FoodShare","Neighbourhood",12,40000,"Other"
2018,"FoodShare Toronto","City Wide",12,220850,"CSP"
2018,"For You Telecare Family Service (FUTFS)","City Wide",25,16030,"CSP"
2018,"For Youth Initiative in Toronto","Local",12,123730,"CSP"
2018,"Fork In The Road","Neighbourhood",20,9970,"INI"
2018,"FRANCO-FÊTE DE LA COMMUNAUTÉ URBAINE DE TORONTO","City Wide",20,10000,"TAC"
2018,"Francophonie en Fete Corporation","City Wide",20,9000,"TAC"
2018,"Franklin Carmichael Art Group","Local",1,5850,"TAC"
2018,"Franklin Horner Community Centre","City Wide",6,30070,"CSP"
2018,"Friends Grow","Neighbourhood",11,3000,"NG"
2018,"Friends of Christie Pits Park","Neighbourhood",11,9600,"Waste Reduction Community Grants"
2018,"Friends of Fort York","City Wide",13,15610,"MUS"
2018,"Friends of Masaryk Park & Melbourne Parkette","Neighbourhood",14,10000,"PG"
2018,"Friends of Roding Park","Neighbourhood",9,2500,"NG"
2018,"F-You: The Forgiveness Project","Local",20,10000,"TAC"
2018,"g.a.b. girls addicted to basketball","Local",20,10000,"PG"
2018,"Gallery 44 Centre for Contemporary Photography","City Wide",20,84000,"TAC"
2018,"Gardiner Museum","City Wide",13,158370,"GSCM"
2018,"Generator Performance","City Wide",19,36000,"TAC"
2018,"Generator Performance","City Wide",19,69000,"TAC"
2018,"George S. Syme Seniors Centre of York","Neighbourhood",11,92945,"CSP"
2018,"Ghana Unite","Neighbourhood",8,3000,"CCRF"
2018,"GHANAFEST","Local",2,13500,"TAC"
2018,"Hand Eye Society","Local",19,31850,"TAC"
2018,"Hand Eye Society","City Wide",19,15000,"TAC"
2018,"Hand of Hope Collective","City Wide",4,5960,"TAC"
2018,"Happenstance","City Wide",14,5000,"TAC"
2018,"Harbourfront Centre","City Wide",10,1315500,"MCO"
2018,"Heckled Records","City Wide",18,12920,"TAC"
2018,"HER Creative TO","City Wide",19,7750,"TAC"
2018,"Hijinks","Local",18,20000,"TAC"
2018,"Hispanic Development Council","City Wide",20,58985,"CSP"
2018,"Holla Jazz Performance Projects","City Wide",15,8000,"TAC"
2018,"Hot Docs","City Wide",20,90000,"TAC"
2018,"Hot Docs","City Wide",20,1e+05,"TAC"
2018,"Humber Summit - Promoting Positive Communities (PPC)","Neighbourhood",7,3000,"NG"
2018,"Humewood House Association","City Wide",9,69750,"HIF"
2018,"Igbo Traditional and Cultural Revival Foundation","Local",15,10000,"TAC"
2018,"Illumine Media Project","Local",21,10000,"TAC"
2018,"imagineNATIVE Film + Media Arts Festival","City Wide",20,65000,"TAC"
2018,"In Studio Collective","City Wide",12,10000,"TAC"
2018,"Indigenous Performing Arts Alliance","City Wide",19,10000,"TAC"
2018,"Inevitable Motion","City Wide",18,6000,"TAC"
2018,"Inner City Angels","City Wide",5,20000,"TAC"
2018,"Inner City Angels","City Wide",5,35000,"TAC"
2018,"Inside Out Lesbian and Gay Film Festival Inc.","Local",20,52000,"TAC"
2018,"Inside Out Lesbian and Gay Film Festival Inc.","City Wide",20,45400,"TAC"
2018,"InterAccess","City Wide",19,51000,"TAC"
2018,"International Readings at Harbourfront","City Wide",20,161000,"TAC"
2018,"Ipsita Nova Dance Projects","City Wide",19,15000,"TAC"
2018,"Iranian Canadian Centre for Art and Culture","City Wide",24,25000,"TAC"
2018,"Islington Centre - Etobicoke Senior Citizens","Neighbourhood",5,36190,"CSP"
2018,"Ismailova Theatre of Dance","Local",10,15000,"TAC"
2018,"Jane/Finch Community and Family Centre","Local",8,163085,"CSP"
2018,"JAYU Festival Inc","City Wide",20,20000,"TAC"
2018,"JAYU Festival Inc","City Wide",20,8000,"TAC"
2018,"Jeng Yi","Local",23,14925,"TAC"
2018,"Jeng Yi","City Wide",23,10330,"TAC"
2018,"John Howard Society of Toronto","City Wide",15,14110,"CSP"
2018,"Joshua Glover Montgomery","Local",14,5000,"TAC"
2018,"Jubilate Singers","City Wide",16,5000,"TAC"
2018,"Jumblies Theatre","City Wide",20,78000,"TAC"
2018,"Junction Farmers Market","Neighbourhood",4,12488,"Waste Reduction Community Grants"
2018,"JustOverMusic","Local",12,9909,"TAC"
2018,"K.E Residence (Keele Eglinton Residence)","Neighbourhood",12,3000,"NG"
2018,"Kababayan Community Service Centre Inc","City Wide",14,35350,"CSP"
2018,"Kaeja d'Dance","City Wide",20,30900,"TAC"
2018,"Kaha:wi Dance Theatre","Local",19,32000,"TAC"
2018,"Kamalayan Konsciousness Kollective","City Wide",15,9600,"TAC"
2018,"KCWA Family and Social Services","City Wide",20,41765,"CSP"
2018,"KeepRockinYou","City Wide",21,10000,"TAC"
2018,"Kitchenband","Local",18,20000,"TAC"
2018,"Koffler Gallery of the Koffler Centre of the Arts","City Wide",19,50000,"TAC"
2018,"Korean Canadian Symphony Orchestra Association","City Wide",24,2500,"TAC"
2018,"Korean Senior Citizens Society of Toronto","City Wide",19,23575,"CSP"
2018,"LA Centre for Active Living 55+","City Wide",18,23080,"CSP"
2018,"Lakeshore Area Multi-Service Project (LAMP)","Local",6,84865,"CSP"
2018,"Lakeshore Area Multi-Service Project (LAMP)","Local",6,9948,"PG"
2018,"Lakeshore Area Multi-Service Project (LAMP)","Neighbourhood",6,2955,"CCRF"
2018,"Lakeshore Arts Committee","City Wide",6,295430,"LASO"
2018,"Lao Association of Ontario","City Wide",9,33120,"CSP"
2018,"Latina Moms in Canada","Neighbourhood",15,1990,"NG"
2018,"Lawrence Heights Art Centre","Local",15,9982,"PG"
2018,"Le Laboratoire d'Art","City Wide",20,18000,"TAC"
2018,"Le Théâtre La Tangente","City Wide",22,15000,"TAC"
2018,"Le Théâtre La Tangente","City Wide",22,15000,"TAC"
2018,"LEAF - Local Enhancement and Appreciation of Forests","City Wide",21,120000,"Forestry"
2018,"Learning Disabilities Association of Toronto District","City Wide",23,62915,"CSP"
2018,"lemonTree theatre creations","City Wide",20,12300,"TAC"
2018,"Liaison of Independent Filmmakers of Toronto","City Wide",18,20000,"TAC"
2018,"Liaison of Independent Filmmakers of Toronto","City Wide",18,77000,"TAC"
2018,"Liaison of Independent Filmmakers of Toronto (LIFT)","City Wide",9,19000,"CBIP"
2018,"Little Pear Garden Dance Company","Local",24,15000,"TAC"
2018,"Little Pear Garden Dance Company","City Wide",24,13000,"TAC"
2018,"Long Winter","City Wide",18,4000,"TAC"
2018,"Lookup Theatre","City Wide",18,10660,"TAC"
2018,"Lucid Ludic","City Wide",13,16200,"TAC"
2018,"Lula Music and Arts Centre","City Wide",18,52000,"TAC"
2018,"Lumacare Services","City Wide",10,89345,"CSP"
2018,"MABELLEarts","Local",17,25000,"TAC"
2018,"MABELLEarts","Local",17,24000,"TAC"
2018,"madonnanera","City Wide",16,8200,"TAC"
2018,"Make Friends Creative Community Collaborative","Local",20,15453,"TAC"
2018,"Mammalian Diving Reflex Theatre Group","Local",19,25000,"TAC"
2018,"Maniac Star","City Wide",14,12000,"TAC"
2018,"Manifesto Community Projects Inc.","City Wide",18,39000,"TAC"
2018,"Maracatu Mar Aberto","Local",17,6000,"TAC"
2018,"Mashed Collective","Local",18,6500,"TAC"
2018,"Mayworks Festival","City Wide",20,25000,"TAC"
2018,"M-DO","City Wide",19,4000,"TAC"
2018,"Memory Box","Local",19,5000,"TAC"
2018,"Menaka Thakkar Dance Company of Canada","City Wide",23,25200,"TAC"
2018,"Mercer Union, A Centre for Contemporary Visual Art","Local",18,70000,"TAC"
2018,"Metropolitan Action Committee on Violence Against Women and Children","City Wide",20,323745,"CSP"
2018,"Miles Nadal Jewish Community Centre","City Wide",11,44224,"CBIP"
2018,"MINOR EMPIRE","City Wide",13,2000,"TAC"
2018,"Mix Mix Dance Collective","City Wide",19,8000,"TAC"
2018,"Modern Batik Couture","Local",9,12000,"TAC"
2018,"Modern Times Stage Company","City Wide",17,33000,"TAC"
2018,"Modern Times Stage Company","City Wide",17,37500,"TAC"
2018,"Moleman Productions","City Wide",19,3000,"TAC"
2018,"Mood Disorders Association of Ontario and Toronto","City Wide",16,18405,"CSP"
2018,"Moonhorse Dance Theatre","City Wide",17,15000,"TAC"
2018,"Mothers in North York","Neighbourhood",10,2000,"NG"
2018,"Mount Dennis Vertical Gardeners","Neighbourhood",11,1500,"NG"
2018,"Moveable Beast","City Wide",17,15000,"TAC"
2018,"Muhtadi International Drumming Festival","City Wide",21,9000,"TAC"
2018,"Multiversity Our Strength","Local",14,20000,"TAC"
2018,"Museum of Contemporary Art Toronto (MOCA Toronto)","City Wide",9,324478,"GSCM"
2018,"Music Africa of Canada Inc.","City Wide",22,33375,"TAC"
2018,"Music Africa of Canada Inc.","City Wide",22,40000,"TAC"
2018,"Music Picnic","City Wide",18,11020,"TAC"
2018,"National Ballet of Canada","City Wide",10,1390000,"MCO"
2018,"National Shevchenko Musical Ensemble Guild of Canada","City Wide",19,7500,"TAC"
2018,"National Youth Action Council","City Wide",19,10000,"TAC"
2018,"Native Canadian Centre of Toronto","City Wide",20,15000,"TAC"
2018,"Native Canadian Centre of Toronto","City Wide",20,83390,"CSP"
2018,"Native Women in the Arts","City Wide",19,28750,"TAC"
2018,"Necessary Angel Theatre Company","City Wide",20,67000,"TAC"
2018,"Neighborhood Connect","Neighbourhood",14,1666,"NG"
2018,"Neptune Renewal Group (eNeRGy)","Neighbourhood",15,2500,"NG"
2018,"New Tradition Music","Local",7,8000,"TAC"
2018,"Newcomers Dance Too! Team","City Wide",14,20000,"TAC"
2018,"Newton Moraes Dance Theatre","Local",15,2000,"TAC"
2018,"Nia Centre for the Arts","City Wide",15,20000,"TAC"
2018,"NORTH ETOBICOKE RESIDENT COUNCIL (NERC)","Neighbourhood",1,1500,"NG"
2018,"North York Arts","City Wide",23,259240,"LASO"
2018,"North York Community House","Local",15,53400,"Other"
2018,"North York Community House","Local",15,204535,"CSP"
2018,"North York Community House","Local",15,14000,"Other"
2018,"North York Harvest Food Bank","Local",12,24530,"CSP"
2018,"North York Seniors Centre","Neighbourhood",23,95395,"CSP"
2018,"North York Women's Centre","Local",12,52400,"CSP"
2018,"Northern Visions Independent Film & Video Association","City Wide",20,58000,"TAC"
2018,"Northwood Neighbourhood Services","Local",7,48575,"CSP"
2018,"Not Dead Yet","City Wide",14,5000,"TAC"
2018,"Not Far From The Tree – Tides Canada Initiatives","City Wide",21,35777,"PG"
2018,"NOWADAYS THEATRE","Local",23,20000,"TAC"
2018,"OCASI - Ontario Council of Agencies Serving Immigrants","City Wide",16,249400,"Capacity"
2018,"OCASI - Ontario Council of Agencies Serving Immigrants","City Wide",16,29460,"CSP"
2018,"OCASI - Ontario Council of Agencies Serving Immigrants","City Wide",16,25000,"CSP"
2018,"Ontario Association of Art Galleries","City Wide",20,24000,"TAC"
2018,"Ontario Nonprofit Network","City Wide",22,150000,"Capacity"
2018,"Ontario Nonprofit Network","City Wide",22,55000,"Other"
2018,"Open Book Foundation","City Wide",19,15000,"TAC"
2018,"Open Studio","City Wide",10,50000,"CBIP"
2018,"Open Studio","City Wide",20,73000,"TAC"
2018,"Opportunity for Advancement","City Wide",20,49040,"CSP"
2018,"Orchestra Toronto","City Wide",23,22000,"TAC"
2018,"Orpheus Choir of Toronto","City Wide",22,25000,"TAC"
2018,"Outside Looking In","City Wide",20,15000,"TAC"
2018,"Outside the March Theatre Company Inc","City Wide",19,23000,"TAC"
2018,"P.U.S.H Elite","Local",15,10000,"TAC"
2018,"Painting For Life","Neighbourhood",8,2500,"NG"
2018,"Pandemic Theatre","City Wide",20,3250,"TAC"
2018,"Panorama Community Garden Group","Neighbourhood",1,2875,"NG"
2018,"Paperhouse Outreach Collective","City Wide",19,9000,"TAC"
2018,"Paprika Theatre Festival","City Wide",20,15000,"TAC"
2018,"Parkdale Community Information Centre","Neighbourhood",14,28410,"CSP"
2018,"Parkdale Golden Age Foundation","Neighbourhood",14,59620,"CSP"
2018,"Parkdale Intercultural Association (Toronto)","Neighbourhood",14,68645,"CSP"
2018,"Parkdale Ladies Leadership Group","Neighbourhood",14,1666,"NG"
2018,"Parks N' Wreck","Local",14,15000,"TAC"
2018,"Pax Christi Chorale","City Wide",24,20000,"TAC"
2018,"Peggy Baker Dance Projects","City Wide",19,25000,"TAC"
2018,"Pencil Kit Productions","City Wide",19,9000,"TAC"
2018,"Pinceles Latinos Art Studio","Local",7,8000,"TAC"
2018,"Pivot Readings Series","City Wide",18,7550,"TAC"
2018,"Planet in Focus","City Wide",20,25000,"TAC"
2018,"Playwrights Guild of Canada","City Wide",20,25000,"TAC"
2018,"Polycultural Immigrant and Community Services","City Wide",3,30520,"CSP"
2018,"Pomegranate Opera","Local",20,11400,"TAC"
2018,"PRATIBHA ARTS","City Wide",20,11000,"TAC"
2018,"PRATIBHA ARTS","City Wide",20,13000,"TAC"
2018,"Prefix Institute of Contemporary Art, Inc.","City Wide",20,34000,"TAC"
2018,"princess productions","City Wide",18,22000,"TAC"
2018,"Prizm Collective","City Wide",20,7000,"TAC"
2018,"Professional Association of Canadian Theatres","City Wide",20,8000,"TAC"
2018,"Project Creative Users","City Wide",18,20000,"TAC"
2018,"Project Maverick","City Wide",20,2250,"TAC"
2018,"Project: Humanity Inc.","City Wide",15,3250,"TAC"
2018,"Promoting Education and Community Health (PEACH)","Neighbourhood",7,62710,"CSP"
2018,"Promoting Education and Community Health (PEACH)","Local",7,1e+05,"CCRF - Gun Violence"
2018,"Prosserman Jewish Community Centre","City Wide",10,14020,"CSP"
2018,"Public Recordings Performance Projects","City Wide",14,20400,"TAC"
2018,"Puppetmongers Theatre","City Wide",19,20000,"TAC"
2018,"Queer Songbook Orchestra","City Wide",19,3300,"TAC"
2018,"Quote Unquote Collective","City Wide",14,15000,"TAC"
2018,"Racial Justice Fund","City Wide",17,15000,"TAC"
2018,"random acts of dance performance","City Wide",21,4000,"TAC"
2018,"REAson d'etre dance productions","City Wide",14,4000,"TAC"
2018,"Recovery Rocks","Neighbourhood",17,2000,"NG"
2018,"Recycling Council of Ontario","City Wide",10,25000,"Waste Reduction Community Grants"
2018,"Red Pepper Spectacle Arts","City Wide",20,30000,"TAC"
2018,"Red Sky Performance","City Wide",20,35000,"TAC"
2018,"ReelAbilities Film Festival Toronto","City Wide",20,12000,"TAC"
2018,"Revue Cinema","City Wide",14,3500,"TAC"
2018,"reWork Productions","City Wide",20,15000,"TAC"
2018,"reWork Productions","City Wide",20,15000,"TAC"
2018,"Rexdale Community Health Centre","Local",2,159370,"CSP"
2018,"Rexdale Community Hub Board of Management (RCHBOM)","Local",1,50095,"PG"
2018,"Rexdale Community Hub Board of Management (RCHBOM)","Local",1,140000,"CSP"
2018,"Rexdale Women's Centre","Local",1,102080,"CSP"
2018,"Right Path World Arts Centre","Local",8,8000,"TAC"
2018,"Rise In STEM","Local",1,7430,"INI"
2018,"Rise In STEM","Neighbourhood",1,2665,"NG"
2018,"Riverdale Immigrant Women Enterprises","City Wide",14,19892,"CBIP"
2018,"Rock sin Banderas","Local",17,8000,"TAC"
2018,"Roseneath Theatre","City Wide",18,73000,"TAC"
2018,"Royal Agricultural Winter Fair","City Wide",19,969110,"Other"
2018,"Royal Stompbox","Local",13,4558,"TAC"
2018,"Rustic NIA","Neighbourhood",12,2000,"NG"
2018,"Saga Collectif","Local",14,13000,"TAC"
2018,"Salon du Livre de Toronto","City Wide",20,5000,"TAC"
2018,"San Lorenzo Latin American Community Centre","City Wide",15,5000,"TAC"
2018,"San Romanoway Revitalization Association","Local",8,81970,"CSP"
2018,"SAVAC","City Wide",20,40000,"TAC"
2018,"Scadding Court Community Centre","Neighbourhood",20,180775,"CSP"
2018,"Scarborough Philharmonic Orchestra","City Wide",16,23000,"TAC"
2018,"School for Social Entrepreneurs (SSE)","City Wide",19,39675,"TAF"
2018,"Senior Adult Services in the Annex, Toronto","Local",20,35075,"CSP"
2018,"Seniors for Change","Neighbourhood",14,10000,"PG"
2018,"Shak Shak","City Wide",22,4000,"TAC"
2018,"Shakespeare In Action","Local",19,9000,"TAC"
2018,"Shakespeare in the Ruff","City Wide",20,9000,"TAC"
2018,"Shared Resources for Equity","Local",17,15000,"TAC"
2018,"Shotgun Juliet","Local",14,22840,"TAC"
2018,"SICK MUSE ART PROJECTS","Local",17,14000,"TAC"
2018,"Sick Muse Art Projects","Neighbourhood",17,10000,"INI"
2018,"Signal Theatre","City Wide",18,6000,"TAC"
2018,"Silent Voice","City Wide",22,32755,"CSP"
2018,"Sinfonia Toronto","City Wide",24,12350,"TAC"
2018,"Sistema Toronto","Local",16,48000,"PG"
2018,"Six from Six Collective","Local",12,6000,"TAC"
2018,"SKETCH Working Arts for Street-involved and Homeless Youth","City Wide",19,105000,"TAC"
2018,"Skylark Children, Youth & Families","City Wide",16,8500,"TAC"
2018,"Small World Music Society","City Wide",14,52500,"TAC"
2018,"So Far From God Collective","City Wide",14,6000,"TAC"
2018,"Social Growl Dance Inc.","Local",19,10000,"TAC"
2018,"Solar Stage Theatre","City Wide",21,13000,"TAC"
2018,"Somali Canadian Association of Etobicoke","Local",1,24530,"CSP"
2018,"Somali Women and Children's Support Network","City Wide",2,42685,"CSP"
2018,"SoundCheck Youth Arts Inc","Local",7,15000,"TAC"
2018,"SoundCheck Youth Arts Inc","Local",7,12000,"TAC"
2018,"Soundstreams","City Wide",20,88000,"TAC"
2018,"South Asian Women's Centre","City Wide",18,91965,"CSP"
2018,"southern currents film & video collective","City Wide",17,20000,"TAC"
2018,"space flower collective","City Wide",20,3000,"TAC"
2018,"Speculation Productions","City Wide",17,15000,"TAC"
2018,"Springtide Resources Inc","City Wide",20,40000,"PG"
2018,"Springtide Resources Inc.","City Wide",20,24530,"CSP"
2018,"SPRINT Senior Care (Senior Peoples' Resources in North Toronto)","Local",22,101190,"CSP"
2018,"St. Alban's Boys' and Girls' Club","Local",20,203255,"CSP"
2018,"St. Bernadette's Family Resource Centre","Local",12,20225,"CSP"
2018,"St. Matthew's Bracondale House","Neighbourhood",21,15495,"CSP"
2018,"St. Philip's Lutheran Church","Local",3,8550,"PG"
2018,"St. Stephen's Community House","Neighbourhood",20,10000,"CCRF"
2018,"St. Stephen's Community House","City Wide",20,250735,"CSP"
2018,"St. Stephen's Community House","City Wide",20,75000,"Other"
2018,"St. Stephen's Community House","City Wide",20,127500,"Other"
2018,"St. Stephen's Community House","Local",20,72000,"CCRF - Gun Violence"
2018,"Stonegate Community Health Centre","Local",5,91840,"CSP"
2018,"Storefront Humber Inc.","Local",6,60665,"CSP"
2018,"Studio 180 Theatre","City Wide",20,17000,"TAC"
2018,"Suitcase Theatre","City Wide",5,12300,"TAC"
2018,"SummerWorks Theatre Festival","City Wide",20,50000,"TAC"
2018,"Sustainable Development & Revitalization for First Nations","City Wide",14,9000,"TAC"
2018,"Sustainable Textile Art","Local",9,15000,"TAC"
2018,"Syme Woolner Neighbourhood and Family Centre","Neighbourhood",12,110135,"CSP"
2018,"Syrian Film Festival","City Wide",9,8000,"TAC"
2018,"T.Dot Bangerz Brass","Local",20,2900,"TAC"
2018,"T.O. Hustle Sessions","City Wide",18,5260,"TAC"
2018,"Tafelmusik","City Wide",20,180000,"TAC"
2018,"Tangled Art + Disability","Local",20,25000,"TAC"
2018,"Tarragon Theatre","City Wide",21,211500,"TAC"
2018,"That's So Gay Collective","City Wide",21,11344,"TAC"
2018,"The Acorn Arts Project","Local",22,8000,"TAC"
2018,"The Art Bar","City Wide",17,3000,"TAC"
2018,"The Art of Time Ensemble","City Wide",20,58000,"TAC"
2018,"The Artists Mentoring Youth Project Inc.","City Wide",19,15000,"TAC"
2018,"The Cave Collective","City Wide",19,12300,"TAC"
2018,"The Consent Workshop","Neighbourhood",8,5000,"INI"
2018,"The Cross-Cultural Community Services Association (TCCSA)","City Wide",20,27795,"CSP"
2018,"The Elmer Iseler Singers","City Wide",25,30685,"TAC"
2018,"The Empire Collective","City Wide",18,12300,"TAC"
2018,"The Esprit Orchestra","City Wide",20,84500,"TAC"
2018,"The Flin Flon Cowboy Collective","City Wide",20,13000,"TAC"
2018,"The Fringe of Toronto Theatre Festival","City Wide",19,77000,"TAC"
2018,"The Gatehouse","City Wide",6,24530,"CSP"
2018,"The Get Real Movement Inc.","Local",20,7500,"TAC"
2018,"The inPrint Collective Inc","Local",17,7000,"TAC"
2018,"The International Love Project","City Wide",19,5000,"TAC"
2018,"The Kingsview and Westway Youth Group","Neighbourhood",2,3000,"NG"
2018,"The Mexicans Folk Ballet","City Wide",15,11000,"TAC"
2018,"The Music Gallery","City Wide",20,85000,"TAC"
2018,"The Nathaniel Dett Chorale","City Wide",8,7560,"TAC"
2018,"The PACT Urban Peace Program","Neighbourhood",16,9500,"PG"
2018,"The Platform","City Wide",20,7000,"TAC"
2018,"The Power Plant","City Wide",20,206000,"TAC"
2018,"The Power Plant","City Wide",20,85000,"TAC"
2018,"The Reading Line","City Wide",13,8000,"TAC"
2018,"The Rebellevations Project","Local",10,7730,"TAC"
2018,"the red light district","City Wide",20,15000,"TAC"
2018,"The Remix","City Wide",19,50000,"Other"
2018,"The Remix Project","City Wide",19,26000,"TAC"
2018,"The Remix Project","City Wide",19,50000,"CCRF - Gun Violence"
2018,"The Royal Conservatory of Music","Local",20,50000,"TAC"
2018,"The Second Mile Club of Toronto","Local",19,72285,"CSP"
2018,"THE SHEPPARD WATCH","Neighbourhood",9,2500,"NG"
2018,"The Shoe Project","City Wide",22,6900,"TAC"
2018,"The Smile Company - Theatrical Productions","City Wide",20,27000,"TAC"
2018,"The Starters","Neighbourhood",17,3000,"NG"
2018,"The Stop Community Food Centre","City Wide",17,29460,"CSP"
2018,"The Storytellers School of Toronto","City Wide",21,34500,"TAC"
2018,"The Teresa Group","City Wide",22,30660,"CSP"
2018,"The Theatre Centre","City Wide",18,144000,"TAC"
2018,"The Toronto Consort","City Wide",20,27000,"TAC"
2018,"The Weston Residents Initiative","Neighbourhood",11,3000,"NG"
2018,"The Word On The Street","City Wide",14,46500,"TAC"
2018,"The Youth","Local",19,8500,"INI"
2018,"Theatre Columbus","City Wide",19,41000,"TAC"
2018,"Theatre Direct Canada","City Wide",20,69000,"TAC"
2018,"Theatre Gargantua","City Wide",18,15000,"TAC"
2018,"Theatre Ontario","City Wide",20,12500,"TAC"
2018,"Theatre Passe Muraille","City Wide",20,165500,"TAC"
2018,"Theaturtle","City Wide",18,8200,"TAC"
2018,"Think 2wice","City Wide",1,130000,"CCRF - Gun Violence"
2018,"Throbbing Rose Collective","Local",20,6000,"TAC"
2018,"Tibetan Seniors Engaging Group of Parkdale (TSEGP)","Neighbourhood",14,1666,"NG"
2018,"Tides Canada Initiatives – Not Far From The Tree","City Wide",12,24700,"Waste Reduction Community Grants"
2018,"Toasterlab","Local",13,25000,"TAC"
2018,"Toronto Aboriginal Support Services Council","City Wide",20,70000,"Other"
2018,"Toronto Aboriginal Support Services Council (TASSC)","City Wide",20,120000,"Other"
2018,"Toronto Alliance for the Performing Arts","City Wide",20,78000,"TAC"
2018,"Toronto Alternative Arts & Fashion Week","City Wide",13,7500,"TAC"
2018,"Toronto Animated Image Society","City Wide",17,18000,"TAC"
2018,"Toronto Arab Film","City Wide",18,7000,"TAC"
2018,"Toronto Art Book Fair","Local",14,9000,"TAC"
2018,"Toronto Artscape Inc.","City Wide",19,415000,"MCO"
2018,"Toronto Bengali Drama/Dance Group","City Wide",9,6500,"TAC"
2018,"Toronto Biennial of Art","City Wide",18,86600,"TAC"
2018,"Toronto Black Farmers and Growers Collective","Neighbourhood",18,10000,"PG"
2018,"Toronto Blues Society","City Wide",19,32000,"TAC"
2018,"Toronto Chamber Choir","City Wide",22,8500,"TAC"
2018,"Toronto Children's Chorus","City Wide",22,40000,"TAC"
2018,"Toronto Coalition for Better Child Care","City Wide",19,24530,"CSP"
2018,"Toronto Community & Culture Centre","City Wide",20,21990,"CSP"
2018,"Toronto Community Benefits Network (TCBN)","City Wide",8,19050,"TAF"
2018,"Toronto Creative Music Lab (TCML)","Local",17,7000,"TAC"
2018,"Toronto Downtown Jazz Society","City Wide",22,45000,"TAC"
2018,"Toronto Festival of Arts, Culture and Creativity (Luminato)","City Wide",19,4e+05,"MCO"
2018,"Toronto First Post Office","City Wide",13,28302,"MUS"
2018,"Toronto Green Community","Etobicoke and Scarborough",25,36696,"TAF"
2018,"Toronto Indigenous Youth Collective","Local",19,5000,"INI"
2018,"Toronto International Film Festival","City Wide",20,1195735,"MCO"
2018,"Toronto Jewish Film Festival","City Wide",20,24000,"TAC"
2018,"Toronto Korean Film Festival","City Wide",24,6000,"TAC"
2018,"Toronto Masque Theatre","City Wide",20,18000,"TAC"
2018,"Toronto Mendelssohn Choir","City Wide",19,70000,"TAC"
2018,"Toronto Outdoor Picture Show","Local",19,25000,"TAC"
2018,"Toronto Outdoor Picture Show","Local",19,9000,"TAC"
2018,"Toronto Photographers Workshop","City Wide",18,70000,"TAC"
2018,"Toronto Photographers Workshop","Local",18,80000,"TAC"
2018,"Toronto Queer Media & Arts Centre","City Wide",20,10000,"TAC"
2018,"Toronto Rape Crisis Centre/Multicultural Women Against Rape","City Wide",20,55410,"CSP"
2018,"Toronto Reel Asian International Film Festival","City Wide",20,50000,"TAC"
2018,"Toronto Skateboarding Committee","City Wide",16,43089,"PG"
2018,"Toronto Sketch Comedy Festival Inc.","City Wide",18,15000,"TAC"
2018,"Toronto Summer Music Foundation","City Wide",14,34780,"TAC"
2018,"Toronto Undergraduate Jazz Festival","City Wide",13,7000,"TAC"
2018,"Trimbee Court Residents Association","Neighbourhood",11,2950,"NG"
2018,"Trinity Square Video","Local",20,5000,"TAC"
2018,"Trinity Square Video","City Wide",20,50000,"TAC"
2018,"TTCriders","City Wide",19,91748,"TAF"
2018,"Tune Your Ride Collective","Local",20,25000,"TAC"
2018,"Turtle House Art/Play Centre","City Wide",19,8000,"TAC"
2018,"Turtle House Art/Play Centre","Local",19,20000,"TAC"
2018,"Two Spirit Youth Mental Health & Wellness Team","City Wide",14,33390,"PG"
2018,"Ukai Projects","Local",23,15000,"TAC"
2018,"Ukrainian Canadian Social Services (Toronto) Inc.","City Wide",13,40555,"CSP"
2018,"Uma Nota Culture","City Wide",17,12750,"TAC"
2018,"Unison Health and Community Services","Local",15,32400,"CSP"
2018,"Unison Health and Community Services","Neighbourhood",15,3000,"CCRF"
2018,"Unison Health and Community Services","Neighbourhood",15,3000,"CCRF"
2018,"University of Toronto","City Wide",20,20500,"TAF"
2018,"University Settlement","Local",20,134550,"CSP"
2018,"University Settlement Music School","Local",20,26500,"TAC"
2018,"UnSpun Theatre","City Wide",17,8200,"TAC"
2018,"UrbanArts Community Arts Council","City Wide",11,295435,"LASO"
2018,"us arts collective","City Wide",15,3000,"TAC"
2018,"Vanguardia Dance Projects","City Wide",18,10000,"TAC"
2018,"Vermont Square Parent-Child Mother Goose Program","City Wide",19,27465,"CSP"
2018,"Vesnivka Choir Inc.","City Wide",13,8000,"TAC"
2018,"VHA Home HealthCare","City Wide",22,45000,"PG"
2018,"VIBE Arts","Local",20,26000,"TAC"
2018,"VIBE Arts","City Wide",20,68000,"TAC"
2018,"VideoCabaret","City Wide",20,65000,"TAC"
2018,"Villa Colombo Home for the Aged Inc.","City Wide",15,31980,"CSP"
2018,"Vision Africana 2000 Cultural Groupe","City Wide",17,10000,"PG"
2018,"VIVA! Youth Singers of Toronto, Inc.","City Wide",20,30000,"TAC"
2018,"Volcano Non-Profit Productions Inc.","City Wide",19,50000,"TAC"
2018,"Volunteer Toronto","City Wide",20,204775,"CSP"
2018,"Vox Choirs","City Wide",18,15000,"TAC"
2018,"Vox Populi","City Wide",14,7000,"TAC"
2018,"Vtape","City Wide",20,80000,"TAC"
2018,"VWAT Family Services","City Wide",17,63740,"CSP"
2018,"W.I.S.E","Neighbourhood",8,2500,"NG"
2018,"Waterfront Neighbourhood Centre","Local",20,5000,"PG"
2018,"Waterfront Neighbourhood Centre (formerly Harbourfront Community Centre)","Neighbourhood",20,73350,"CSP"
2018,"Wavelength Music Arts Projects","City Wide",18,25000,"TAC"
2018,"West Neighbourhood House","Local",19,24000,"TAC"
2018,"West Neighbourhood House (formerly The St. Christopher House)","Local",19,307990,"CSP"
2018,"West Toronto Support Services for Senior Citizens and Disabled Inc.","Local",18,82200,"CSP"
2018,"Westminster - Branson NVC","Neighbourhood",10,1318,"NG"
2018,"Weston Coalition For Community Success","Neighbourhood",11,1709,"NG"
2018,"Where Are You From? Collective","City Wide",20,6950,"TAC"
2018,"Whippersnapper Gallery Inc","Local",20,15000,"TAC"
2018,"Why Not Theatre","City Wide",18,30000,"TAC"
2018,"Woman Abuse Council of Toronto","City Wide",12,39784,"PG"
2018,"Woman Abuse Council of Toronto","City Wide",12,61310,"CSP"
2018,"Women Making Impact (WMI)","Neighbourhood",8,2500,"NG"
2018,"Workers' Action Centre","City Wide",20,58845,"CSP"
2018,"Working Women Community Centre","City Wide",18,213060,"CSP"
2018,"Workman Arts Project of Ontario","City Wide",18,20000,"TAC"
2018,"Xpace Cultural Centre","City Wide",18,15000,"TAC"
2018,"York Hispanic Centre","Local",12,10000,"PG"
2018,"York West","Neighbourhood",8,2500,"NG"
2018,"York West Active Living Centre","Neighbourhood",11,117275,"CSP"
2018,"York-Fairbank Centre for Seniors","Neighbourhood",15,220685,"CSP"
2018,"Yorkminster Park Meals on Wheels","Local",22,9500,"CSP"
2018,"Yorktown Child and Family Centre","Local",15,36805,"CSP"
2018,"Youth Assisting Youth","City Wide",23,57675,"CSP"
2018,"YWCA Toronto","Neighbourhood",2,3000,"CCRF"
2018,"YYZ Artists' Outlet","City Wide",20,65000,"TAC"
2019,"1S1 Collective","City Wide",10,20000,"TAC"
2019,"50/50 Performing Arts Collective","City Wide",9,8000,"TAC"
2019,"The 519 Church Street Community Centre","City wide",13,76755,"HIF"
2019,"The 519 Church Street Community Centre","City Wide",13,62420,"CSP"
2019,"A Different Booklist Cultural Centre","City Wide",11,7000,"TAC"
2019,"A Space Gallery","City Wide",10,62000,"TAC"
2019,"Aaoodsokawin Aki","Local",11,12000,"TAC"
2019,"Aboriginal Curatorial Collective","City Wide",10,8000,"TAC"
2019,"Abrigo Centre","Local",9,112070,"CSP"
2019,"Access Alliance Multicultural Health and Community Services","City Wide",11,212635,"CSP"
2019,"Across Oceans","City Wide",11,8000,"TAC"
2019,"Actors Repertory Company","City Wide",13,15000,"TAC"
2019,"Adelheid Dance Projects","City Wide",9,15000,"TAC"
2019,"Adornment Collective","Local",5,14944,"TAC"
2019,"Afghan Women's Counseling and Integration Community Support Organization","City Wide",17,79615,"CSP"
2019,"Afghan Youth Engagement and Development Initiative","Local",24,10000,"INI"
2019,"African Women Acting","City Wide",13,20000,"TAC"
2019,"African Women Acting","City Wide",13,12000,"TAC"
2019,"Africans In Partnership Against AIDS","City Wide",13,109755,"CSP"
2019,"Aga Khan Museum","City Wide",16,2e+05,"GSCM"
2019,"Against the Grain Theatre","City Wide",13,15000,"TAC"
2019,"Agincourt Community Services Association","Local",22,1e+05,"GV"
2019,"Agincourt Community Services Association","City Wide",22,214690,"CSP"
2019,"Agincourt Community Services Association - ACSA Scarborough Drop in South Housing Support","City wide",22,17875,"HIF"
2019,"Agincourt Community Services Association - Housing Follow-up Case Management Project","City wide",22,86212,"HIF"
2019,"Agincourt Community Services Association - Housing Help Program","City wide",22,86811,"HIF"
2019,"Agincourt Community Services Association - Landlord Recruitment Specialist Project","City wide",22,72328,"HIF"
2019,"Ahuri Theatre","Local",9,17250,"TAC"
2019,"AIDS Committee of Toronto","City Wide",13,73435,"CSP"
2019,"Albion Neighbourhood Services","Local",3,443741,"HIF"
2019,"Albion Neighbourhood Services","Local",1,160150,"CSP"
2019,"Alex Lazich","Neighbourhood",10,50000,"StART PP"
2019,"Alexandra Park Neighbourhood Learning Centre","local",10,19960,"EG"
2019,"Alliance Francaise de Toronto","City Wide",11,9000,"TAC"
2019,"Aluna Theatre","City Wide",9,45500,"TAC"
2019,"Amadeus Choir of Greater Toronto","City Wide",23,25375,"TAC"
2019,"Amadeuz","Citywide",3,1e+05,"GV"
2019,"Amici Chamber Ensemble","City Wide",16,20000,"TAC"
2019,"Amplified Opera","City Wide",9,12000,"TAC"
2019,"Anandam Dancetheatre Productions","City Wide",9,21000,"TAC"
2019,"ANDPVA","Local",11,15000,"TAC"
2019,"Andrew Moodie Productions","City Wide",14,10000,"TAC"
2019,"Angel Foundation for Learning","City Wide",18,10925804,"SNP"
2019,"Animacy Theatre Collective","Local",13,25000,"TAC"
2019,"Animacy Theatre Collective","Local",13,10000,"TAC"
2019,"Anne Johnston Health Station – Tobias House Attendant Care (operating as Vibrant Healthcare Alliance)","City Wide",8,39815,"CSP"
2019,"Aphasia Institute","City Wide",16,23820,"CSP"
2019,"Applegrove Community Complex","neighbourhood",14,60000,"CB"
2019,"Appleton Ave. Community Organization","Neighbourhood",9,5000,"PTCG"
2019,"Arab Community Centre of Toronto","Local",2,20000,"TAC"
2019,"The Arab Community Centre of Toronto","City Wide",2,42140,"CSP"
2019,"Arabesque Canada","City Wide",12,10781,"TAC"
2019,"ARCH Disability Law Centre","City Wide",10,33715,"CSP"
2019,"Argonaut Rowing Club","Neighbourhood",4,2728.95,"PTCG"
2019,"Armenian Relief Society Inc. Roubina Chapter","City Wide",17,23820,"CSP"
2019,"Arraymusic","City Wide",10,48090,"TAC"
2019,"ArsMusica","Local",11,25000,"TAC"
2019,"Art Gallery of Ontario","City Wide",10,684000,"MCO"
2019,"Art Gallery of York University","Local",7,25000,"TAC"
2019,"Art Gallery of York University","City Wide",7,73000,"TAC"
2019,"Art Ignite","Local",16,13500,"TAC"
2019,"Art Ignite","Local",16,10000,"TAC"
2019,"Art Metropole","City Wide",9,40000,"TAC"
2019,"Art Museum University of Toronto","City Wide",11,20000,"TAC"
2019,"Art Starts","City Wide",8,72000,"TAC"
2019,"Arterias Collective","Local",9,10000,"TAC"
2019,"Artists Film Exhibition Group","Local",9,7930,"TAC"
2019,"Artists Film Exhibition Group","City Wide",9,23000,"TAC"
2019,"Artists' Network","City Wide",14,8850,"TAC"
2019,"Arts Etobicoke","Local",3,12500,"TAC"
2019,"Arts Etobicoke","Neighbourhood",1,50000,"StART PP"
2019,"Arts Etobicoke","City-wide",3,436295,"LASO"
2019,"Arts Inter-Media Canada/Dance Collection Danse","City Wide",13,37400,"TAC"
2019,"Arts4All Creative Society","Local",9,15000,"TAC"
2019,"Asah Productions","City Wide",9,13000,"TAC"
2019,"Ashkenaz Foundation","City Wide",11,50000,"TAC"
2019,"Augur Magazine Literary Society","City Wide",22,11920,"TAC"
2019,"Awaken","Neighbourhood",6,3000,"CCRF"
2019,"AWHL - Assaulted Women's Helpline","City Wide",10,62635,"CSP"
2019,"Axis Music Inc.","Local",11,14000,"TAC"
2019,"b current Performing Arts Corp","City Wide",12,30000,"TAC"
2019,"Bach Children's Chorus of Scarborough","City Wide",24,31100,"TAC"
2019,"Bain Butterfly Way","Neighbourhood",14,4976,"PTCG"
2019,"Back Lane Studios","Neighbourhood",4,11140,"WRCG"
2019,"Ballet Creole","City Wide",3,18000,"TAC"
2019,"Ballet Jörgen Canada","City Wide",12,95000,"TAC"
2019,"Bangla School Advisory Group","Neighbourhood",19,4940,"NCAG"
2019,"Barbra Schlifer Commemorative Clinic","City Wide",11,54665,"CSP"
2019,"Bare Nerve","City Wide",11,6000,"TAC"
2019,"BASHY Magazine","City Wide",5,5000,"TAC"
2019,"Bathurst Finch Women's Group","Neighbourhood",6,3000,"NG"
2019,"Batuki Music Society","City Wide",11,9700,"TAC"
2019,"Bay Mills Youth Support","Neighbourhood",22,3000,"CCRF"
2019,"Be the Change","Neighbourhood",24,6750,"NCAG"
2019,"Bell Manor Pollinators Group","Neighbourhood",3,5000,"PTCG"
2019,"Beautiful Minds","Local",21,9920,"TAC"
2019,"Beloved Sibling Collective","City Wide",14,10000,"TAC"
2019,"Bereaved Families of Ontario-Toronto","City Wide",12,71820,"CSP"
2019,"Bernard Betel Centre","Neighbourhood",6,4600,"PTCG"
2019,"Bernard Betel Centre","Local",6,130965,"CSP"
2019,"Better Living Health and  Community Services","Neighbourhood",16,234535,"CSP"
2019,"Bi Arts Festival","City Wide",4,15000,"TAC"
2019,"Birchmount Bluffs Neighbourhood Centre","Local",20,89315,"CSP"
2019,"BirdO","Neighbourhood",12,46083,"StART MP"
2019,"Birkdale Art in the Park","local",21,10000,"EG"
2019,"Black Coalition for AIDS Prevention","City Wide",13,1e+05,"INI"
2019,"Black Health Alliance","local",16,20000,"EG"
2019,"Black New Youth in the 6ix","Neighbourhood",17,9900,"INI"
2019,"Black Triangle Arts Collective","City Wide",12,27500,"TAC"
2019,"Blanket Sexual Abuse Youth Program","Neighbourhood",6,3000,"NG"
2019,"Bob Rumball Canadian Centre of Excellence for the Deaf","City Wide",15,14460,"CSP"
2019,"Boost Child and Youth Advocacy Centre","City Wide",15,279350,"CSP"
2019,"BoucharDanse","City Wide",9,15000,"TAC"
2019,"Boys In Chairs Collective","City Wide",13,20000,"TAC"
2019,"Braeburn Neighbourhood Place","Local",1,50935,"CSP"
2019,"Breakthroughs Film Festival","City Wide",9,7000,"TAC"
2019,"Buddies in Bad Times Theatre","City Wide",13,168500,"TAC"
2019,"Burn Down The Capital","City Wide",14,5000,"TAC"
2019,"Cabbagetown Youth Centre Inc.","Neighbourhood",13,39725,"CSP"
2019,"cacao collective","City Wide",9,26700,"TAC"
2019,"CADA-ON","City Wide",13,21000,"TAC"
2019,"Cahoots Theatre","City Wide",13,50000,"TAC"
2019,"Cajuca Mas Arts Producers","Local",21,15000,"TAC"
2019,"Cajuca Mas Arts Producers","City Wide",21,8000,"TAC"
2019,"Canada Comics Open Library","City Wide",13,7000,"TAC"
2019,"Canada's National Ballet School","City Wide",13,225000,"MCO"
2019,"Canadian Centre for Victims of Torture","City Wide",13,28200,"CSP"
2019,"Canadian Children's Opera Company","City Wide",13,24700,"TAC"
2019,"Canadian Contemporary Dance Theatre","City Wide",13,56000,"TAC"
2019,"Canadian Dance Assembly / Assemblée canadienne de la danse","City Wide",13,15000,"TAC"
2019,"Canadian Green Building Council","City-wide",10,198372,"TAF"
2019,"Canadian Green Building Council","City-wide",10,3e+05,"TAF"
2019,"Canadian Hearing Society","City Wide",12,18560,"CSP"
2019,"Canadian Music Centre","Local",13,73000,"TAC"
2019,"Canadian Opera Company","City Wide",10,1500000,"MCO"
2019,"Canadian Stage","City Wide",13,832000,"TAC"
2019,"Canadian Tamil Youth Development Centre","City Wide",24,133905,"CSP"
2019,"CanAsian Dance Festival","City Wide",13,22000,"TAC"
2019,"CANVAS Arts Action Programs","Local",12,14000,"TAC"
2019,"Careers Education Empowerment Centre for Young Black Professionals","City Wide",17,104000,"CB"
2019,"Careers Education Empowerment Centre for Young Black Professionals","City Wide",17,35000,"CB"
2019,"Carefirst Seniors and Community Services Association","City Wide",22,98930,"CSP"
2019,"CARFAC Ontario","City Wide",10,24000,"TAC"
2019,"Caribbean Canadian Artistic Stars INC","Neighbourhood",7,3000,"CCRF"
2019,"Carlton-Sherbourne Garden Group","Neighbourhood",13,4951.53,"PTCG"
2019,"Casa Maiz Cultural Centre Inc.","Local",6,13500,"TAC"
2019,"Cathedral Bluffs Symphony Orchestra","Local",20,20000,"TAC"
2019,"Catholic Crosscultural Services","Local",21,20000,"TAC"
2019,"Catholic Crosscultural Services","City Wide",21,28130,"CSP"
2019,"Cecil Community Centre","Local",11,5415,"CSP"
2019,"Central Eglinton Community Centre","Neighbourhood",12,29030,"CSP"
2019,"Centre for Connected Communities","city wide",25,175000,"CB"
2019,"Centre for Connected Communities (Local Champion Onetime)","city wide",25,75000,"CB"
2019,"Centre for Connected Communities/Tides Canada Initiatives (Mornelle Court Hub)","neighbourhood",25,65000,"CB"
2019,"Centre for Equality Rights in Accommodation (CERA)","City wide",10,118670,"HIF"
2019,"Centre for Immigrant and Community Services","City Wide",22,125560,"CSP"
2019,"Centre for Immigrant and Community Services (CICS)","Neighbourhood",22,5000,"PTCG"
2019,"Centre for Independent Living in Toronto (C.I.L.T.)","City Wide",13,25090,"CSP"
2019,"Centre for Indigenous Theatre","City Wide",10,54450,"TAC"
2019,"Centro Cultural Latinoamericano CCL","local",8,10000,"EG"
2019,"CFMDC","City Wide",9,51000,"TAC"
2019,"Chalkfarm Group","Neighbourhood",6,1000,"NG"
2019,"Chester School Pollinator Garden Team","Neighbourhood",14,5000,"PTCG"
2019,"Charles Street Video","City Wide",9,54500,"TAC"
2019,"Children's Aid Society of Toronto","City wide",14,57409,"HIF"
2019,"Children's and Parents' Empowerment (CAPE)","Neighbourhood",1,3000,"NG"
2019,"Children's Peace Theatre","City Wide",19,50000,"TAC"
2019,"Chinatown Oral History Project","City Wide",11,8000,"TAC"
2019,"Chinese Artists Society of Toronto","City Wide",22,14500,"TAC"
2019,"Chinese Canadian National Council Toronto Chapter","City Wide",21,60275,"CSP"
2019,"Chinese Family Services of Ontario","City Wide",22,40095,"CSP"
2019,"Christie Ossington Neighbourhood Centre","City Wide",9,73500,"CSP"
2019,"Church of the Resurrection","Neighbourhood",19,4740,"PTCG"
2019,"Circle of Home Care Services (Toronto)","City Wide",15,105545,"CSP"
2019,"Citadel + Compagnie","City Wide",13,57000,"TAC"
2019,"Citadel + Compagnie","City Wide",13,65000,"TAC"
2019,"Clairlea-Birchmount Community support group","Neighbourhood",20,3000,"NG"
2019,"Clay and Paper Theatre","Local",9,25000,"TAC"
2019,"Clay and Paper Theatre","Local",9,24000,"TAC"
2019,"Cliffcrest Community Centre (operating as Heart Beatz)","Local",24,36125,"CSP"
2019,"Climate Action Change Champions","Neighbourhood",7,7498,"NCAG"
2019,"Climate Change in Mount Dennis","Neighbourhood",5,7500,"NCAG"
2019,"Coalition Building","City Wide",9,17000,"TAC"
2019,"Coco Collective","Local",1,10250,"TAC"
2019,"Collective 65","City Wide",15,7900,"TAC"
2019,"Collective Community Building Initiative","local",13,5000,"EG"
2019,"Community Arts Guild","Local",19,25000,"TAC"
2019,"Community Bridges","Neighbourhood",24,2950,"NG"
2019,"Community Information Fairview","Local",17,34465,"CSP"
2019,"Community Social Planning Council of Toronto","City Wide",13,305903.43,"NG"
2019,"Community Social Planning Council of Toronto","City Wide",13,48900,"NG"
2019,"Community Social Planning Council of Toronto","city wide",13,120000,"CB"
2019,"Community Social Planning Council of Toronto","City Wide",13,417595,"CSP"
2019,"Community Story Collective","Local",14,20000,"TAC"
2019,"Compania Carmen Romero","City Wide",16,8000,"TAC"
2019,"Confluence Arts Collective","Local",9,14000,"TAC"
2019,"Confluence Concerts","City Wide",11,10400,"TAC"
2019,"Connect Youth","Neighbourhood",5,3000,"NG"
2019,"Contact Toronto Photography Festival","City Wide",10,30000,"TAC"
2019,"Continuum Contemporary Music Ensemble","City Wide",11,26000,"TAC"
2019,"Corpoluz Theatre","Local",9,4500,"TAC"
2019,"CORPUS","City Wide",9,33000,"TAC"
2019,"COSTI Immigrant Services","City wide",7,520335,"HIF"
2019,"COSTI Immigrant Services","City Wide",9,137960,"CSP"
2019,"Council of Agencies Serving South Asians","Local",23,20000,"TAC"
2019,"Council of Agencies Serving South Asians","City Wide",23,60275,"CSP"
2019,"Craft Ontario","City Wide",9,23100,"TAC"
2019,"Creative Mafia Arts","City Wide",3,9195,"TAC"
2019,"Creative Users Projects","Local",9,15000,"TAC"
2019,"Critical Distance Centre for Curators","City Wide",10,15000,"TAC"
2019,"Cross Toronto Community Development Corporation (Fresh Start Cleaning)","Local",4,139108,"HIF"
2019,"CSPC - Transfiguration","Neighbourhood",2,4650,"PTCG"
2019,"Crows Theatre","City Wide",14,48000,"TAC"
2019,"CSW’s@Work","Neighbourhood",25,2400,"NG"
2019,"CUE-SKETCH","City Wide",10,15000,"TAC"
2019,"CUE-SKETCH","City Wide",10,7000,"TAC"
2019,"Culchahworks Arts Collective","City Wide",10,15000,"TAC"
2019,"CultureLink Settlement and Community Services","Local",4,20000,"TAC"
2019,"CultureLink Settlement and Community Services","City Wide",4,73840,"CSP"
2019,"Dance Immersion Ontario","City Wide",11,35000,"TAC"
2019,"Dance Immersion Ontario","City Wide",11,45050,"TAC"
2019,"Dance Matters Dance Productions","City Wide",14,10000,"TAC"
2019,"Dance Ontario Association","City Wide",10,20000,"TAC"
2019,"DANCE TOGETHER FESTIVAL","Local",3,15000,"TAC"
2019,"Dancemakers","City Wide",10,96600,"TAC"
2019,"DanceWorks","City Wide",10,55000,"TAC"
2019,"Dancing Damsels Inc.","City Wide",20,13500,"TAC"
2019,"Dancing Life","Neighbourhood",7,2000,"NG"
2019,"Dandelion Initiative","local",9,20000,"EG"
2019,"Danforth Gardens Neighbourhood Association","Neighbourhood",20,4960.8,"PTCG"
2019,"Davenport-Perth Neighbourhood and Community Health Centre","Neighbourhood",9,92400,"CSP"
2019,"David Hornell Junior School & Mimico Residents Association","Neighbourhood",3,5000,"PTCG"
2019,"Dawea Road","Neighbourhood",19,2500,"NG"
2019,"Dead Roads Collective","Local",9,15000,"TAC"
2019,"Delta Family Resource Centre","city wide",1,15000,"CCRF"
2019,"Delta Family Resource Centre","City Wide",1,116310,"CSP"
2019,"Delta Family Resource Centre","local",1,174781,"CSP"
2019,"Derrydowns Park Revival","Neighbourhood",7,3000,"NG"
2019,"DevelopMe Youth Centre","Neighbourhood",5,1000,"NG"
2019,"Dia de los Muertos Collective","City Wide",12,14000,"TAC"
2019,"Diaspora Dialogues Charitable Society","City Wide",11,46000,"TAC"
2019,"Diasporadicals","City Wide",11,13500,"TAC"
2019,"Directors Lab North","City Wide",14,10000,"TAC"
2019,"Discord and Din Theatre","City Wide",13,15000,"TAC"
2019,"Distress Centres of Toronto","City Wide",13,121370,"CSP"
2019,"Dixon Community Services","local",1,20000,"EG"
2019,"Dixon Community Services","Local",1,57800,"CSP"
2019,"Dixon Hall (operating as Dixon Hall Neighbourhood Services)","Local",13,336705,"CSP"
2019,"Dixon Hall Music School","Local",13,25000,"TAC"
2019,"DOC Toronto","City Wide",10,10000,"TAC"
2019,"Don Youth Group","Neighbourhood",20,3000,"NG"
2019,"Doris McCarthy Gallery","City Wide",25,54900,"TAC"
2019,"Doubletalks Collective","City Wide",9,8000,"TAC"
2019,"Dovercourt Boys' and Girls' Club","Local",9,56995,"CSP"
2019,"Dreamers League","Neighbourhood",8,3000,"NG"
2019,"Dreamwalker Dance Company","City Wide",9,25000,"TAC"
2019,"Dugout Collective","City Wide",9,6111,"TAC"
2019,"Dusk Dances Inc.","City Wide",9,33000,"TAC"
2019,"Dyade Dances","City Wide",13,8000,"TAC"
2019,"East End Arts","City Wide",14,183000,"LASO"
2019,"East Metro Youth Services","city wide",24,15000,"CCRF"
2019,"East Metro Youth Services","Neighbourhood",13,50000,"GV"
2019,"East Metro Youth Services","City Wide",24,30720,"CSP"
2019,"East Scarborough Boys & Girls Club","Neighbourhood",24,40000,"StART PP"
2019,"East Scarborough Boys and Girls Club","Local",24,180680,"CSP"
2019,"East Scarborough Storefront-Tides Canada","City Wide",24,91430,"CSP"
2019,"East York and East Toronto Family Resources Organization","City Wide",14,23040,"CSP"
2019,"East York East Toronto Family Resources - Integrated Service Hub","Local",14,225767,"HIF"
2019,"East York East Toronto Family Resources - Landlord Connect Program","City wide",14,18544,"HIF"
2019,"East York Meals on Wheels","Local",15,29535,"CSP"
2019,"Eastview Neighbourhood Community Centre","Local",14,68495,"CSP"
2019,"Eastview Neighbourhood Community Centre","neighbourhood",14,24101,"CSP"
2019,"Echo Women's Choir","City Wide",13,9000,"TAC"
2019,"ECT Collective","City Wide",4,14601,"TAC"
2019,"Efficiency Canada","City-wide",13,290000,"TAF"
2019,"E-Heroes","Neighbourhood",15,5424,"NCAG"
2019,"Eight Fest Small-Gauge Film Festival","City Wide",11,11000,"TAC"
2019,"Elevate Resiliency","Neighbourhood",21,3000,"NG"
2019,"Elmbank Youth Council","Neighbourhood",1,2450,"CCRF"
2019,"Elspeth Heyworth Centre For Women (North York)","Local",7,30610,"CSP"
2019,"Emerging Writers","City Wide",14,3680,"TAC"
2019,"Emmett Ave Group","Neighbourhood",5,2920,"NG"
2019,"Emotionart","Local",14,5000,"TAC"
2019,"Enchanted","City Wide",1,10000,"TAC"
2019,"Environmental Defence","City-wide",10,75000,"TAF"
2019,"Epilepsy Toronto","City Wide",13,43765,"CSP"
2019,"Eritrean Canadian Community Centre of Metropolitan Toronto","City Wide",12,31330,"CSP"
2019,"Esmeralda Enrique Spanish Dance Company","City Wide",10,28000,"TAC"
2019,"Esports Flemingdon Park","Neighbourhood",16,2900,"NG"
2019,"Etobicoke Centennial Choir","Local",2,4750,"TAC"
2019,"Etobicoke Community Concert Band","City Wide",3,6500,"TAC"
2019,"Etobicoke Jazz Festival","City Wide",2,4000,"TAC"
2019,"Etobicoke Philharmonic Orchestra","City Wide",2,11000,"TAC"
2019,"Etobicoke Services for Seniors","Local",2,109590,"CSP"
2019,"Evangel Hall","Neighbourhood",10,61312,"HIF"
2019,"Evergreen","Neighbourhood",11,5000,"PTCG"
2019,"Extend-A-Family","City Wide",8,25065,"CSP"
2019,"Exultate Chamber Singers","City Wide",11,8000,"TAC"
2019,"Factory Theatre","City Wide",10,169500,"TAC"
2019,"FADO Performance Inc.","City Wide",10,24000,"TAC"
2019,"Fall for Dance North Festival Inc.","City Wide",18,15000,"TAC"
2019,"Falstaff Junior Youth Council","Neighbourhood",5,1000,"NG"
2019,"Falstaff Women's Group","Neighbourhood",5,1000,"NG"
2019,"Family Service Toronto","City Wide",13,110920,"CSP"
2019,"Favour The Brave","Local",19,10000,"TAC"
2019,"FAWN Chamber Creative Collective","City Wide",9,6426,"TAC"
2019,"Feast In The East","Local",14,15984,"TAC"
2019,"FEM SCRIPT LAB","City Wide",5,7900,"TAC"
2019,"Festival Management Committee (Toronto Caribbean Carnival)","City Wide",19,625000,"MCO"
2019,"Fife House Foundation Inc.","City wide",13,137500,"HIF"
2019,"Film For Artists","City Wide",11,10000,"TAC"
2019,"Findhelp Information Services","City Wide",12,643340,"CSP"
2019,"First Portuguese Canadian Cultural Centre of Toronto","Local",9,14460,"CSP"
2019,"FJR Pollinator Group","Neighbourhood",3,5000,"PTCG"
2019,"Flemingdon Thorncliffe Bike Group G9","Neighbourhood",16,2100,"NG"
2019,"FoodShare Toronto","City Wide",5,225665,"CSP"
2019,"FoodShare Toronto","neighbourhood",5,17250,"CSP"
2019,"For You Telecare Family Service","City Wide",16,16380,"CSP"
2019,"For Youth Initiative in Toronto","Local",5,158040,"CSP"
2019,"FRANCO-FÊTE DE LA COMMUNAUTÉ URBAINE DE TORONTO","City Wide",11,7500,"TAC"
2019,"Franklin Carmichael Art Group","Local",1,4600,"TAC"
2019,"Franklin Horner Community Centre","City Wide",3,30730,"CSP"
2019,"Friends Grow Together","Neighbourhood",5,2000,"NG"
2019,"Friends of Lawrence-Orton Park","Neighbourhood",24,1000,"NG"
2019,"Friends of Roding Park","Neighbourhood",6,1000,"NG"
2019,"fu-GEN Theatre Company","City Wide",13,28500,"TAC"
2019,"fu-GEN Theatre Company","City Wide",13,58775,"TAC"
2019,"Fujiwara Dance Inventions","City Wide",13,22000,"TAC"
2019,"Forgiveness Project","City Wide",10,91000,"GV"
2019,"F-You: The Forgiveness Project","City Wide",10,13500,"TAC"
2019,"Gallery 44 Centre for Contemporary Photography","City Wide",10,86500,"TAC"
2019,"Gardiner Museum","City Wide",11,161535,"GSCM"
2019,"Garrison Creek Park Community Garden","Neighbourhood",12,5000,"PTCG"
2019,"Generator Performance","City Wide",11,36000,"TAC"
2019,"George Chuvalo Community Centre","Neighbourhood",9,4151.92,"PTCG"
2019,"Genevieve Collective","City Wide",11,10000,"TAC"
2019,"GHANAFEST","Local",1,13500,"TAC"
2019,"Glad Day Bookshop Proud Voices Collective","City Wide",13,12200,"TAC"
2019,"Glendower Ladies Back to School","Neighbourhood",22,3000,"NG"
2019,"Glory Hole Gallery","Local",13,5000,"TAC"
2019,"Good Food Good People","local",23,17404,"EG"
2019,"Gordonridge Action Group","Neighbourhood",20,1400,"CCRF"
2019,"Green Room Sound Collective","City Wide",13,900,"TAC"
2019,"Green Thumbs Growing Kids","Neighbourhood",13,5000,"PTCG"
2019,"Green Thumbs Growing Kids","City-wide",14,3163.6,"FOR"
2019,"Green Thumbs Growing Kids","City-wide",19,3163.6,"FOR"
2019,"Green Thumbs Growing Kids","City-wide",13,3163.6,"FOR"
2019,"Green Thumbs Growing Kids","City-wide",10,3163.6,"FOR"
2019,"Green Thumbs Growing Kids","City-wide",11,3163.6,"FOR"
2019,"Greenest City","local",4,19914,"EG"
2019,"Greenland & Community Butterflyway Pollinator Garden","Neighbourhood",16,4677.82,"PTCG"
2019,"Harbord Collegiate Institute and Palmerston Area Residents Association (PARA)","Neighbourhood",11,5000,"PTCG"
2019,"Hand Eye Society","City Wide",11,15000,"TAC"
2019,"Harbourfront Centre","City Wide",10,1315500,"MCO"
2019,"Harriet Tubman Community Organization","Local",17,53170,"CSP"
2019,"Healing As One","Neighbourhood",13,3000,"CCRF"
2019,"Health Arts Society of Ontario","City Wide",13,3250,"TAC"
2019,"Hemophilia Ontario","City Wide",18,28200,"CSP"
2019,"Henry G20 Group","City Wide",4,14000,"TAC"
2019,"HER Creative TO","City Wide",10,6500,"TAC"
2019,"Hercinia Arts Collective","Local",14,25000,"TAC"
2019,"Heritage Red Oak Committee","Neighbourhood",7,3000,"NG"
2019,"Heron Park Youth Council","Neighbourhood",25,2981,"CCRF"
2019,"Highway of Heroes","City-wide",6,25000,"FOR"
2019,"Highway of Heroes","City-wide",8,25000,"FOR"
2019,"Highway of Heroes","City-wide",16,25000,"FOR"
2019,"Highway of Heroes","City-wide",17,25000,"FOR"
2019,"Hispanic Development Council","City Wide",6,60275,"CSP"
2019,"Holla Jazz Performance Projects","City Wide",12,10000,"TAC"
2019,"Hong Fook Mental Health Association","City Wide",22,25065,"CSP"
2019,"Hope and Hustle Heights","Neighbourhood",8,2791.56,"CCRF"
2019,"Hopewell Community Garden","Neighbourhood",8,4972,"PTCG"
2019,"Hot Damn It's A Queer Slam","City Wide",19,7000,"TAC"
2019,"Hot Docs","Local",11,29200,"TAC"
2019,"Hot Docs","City Wide",11,190000,"TAC"
2019,"HOUSE AND BODY","City Wide",9,10000,"TAC"
2019,"Human Body Expression","Local",19,13000,"TAC"
2019,"Human Cargo","Local",14,15000,"TAC"
2019,"HumberleaStrong","Neighbourhood",7,1750,"CCRF"
2019,"Humewood House Association","City wide",12,71915.45,"HIF"
2019,"Hydrate Like A Hero Program Champions","Neighbourhood",1,7500,"NCAG"
2019,"iBall","Neighbourhood",16,3000,"NG"
2019,"Illumine Media Project","Local",11,15000,"TAC"
2019,"imagineNATIVE Film + Media Arts Festival","City Wide",10,75000,"TAC"
2019,"IMMER","City Wide",4,7772,"TAC"
2019,"Improving Healthy Lives","Neighbourhood",9,2157,"NG"
2019,"InDANCE South Asian Dance Arts Inc.","City Wide",13,15000,"TAC"
2019,"Indefiniable Folks","City Wide",9,12000,"TAC"
2019,"Indians Out in the Park Collective II","City Wide",9,8000,"TAC"
2019,"Indigenous Fashion Week Toronto","City Wide",14,12000,"TAC"
2019,"Indigenous Performing Arts Alliance","City Wide",10,12000,"TAC"
2019,"INKspire Youth Organization","Local",10,9952.5,"INI"
2019,"InkWell Workshops","City Wide",4,14000,"TAC"
2019,"Inner City Angels","City Wide",3,20000,"TAC"
2019,"Inner City Angels","City Wide",3,35000,"TAC"
2019,"Inside Out Lesbian and Gay Film Festival Inc.","City Wide",10,52000,"TAC"
2019,"Insomniac Film Festival","City Wide",3,15000,"TAC"
2019,"Inspirations Studio","Local",4,14000,"TAC"
2019,"InterAccess","City Wide",9,51000,"TAC"
2019,"International Readings at Harbourfront","City Wide",10,161000,"TAC"
2019,"Ionview Zero Waste Collective","Neighbourhood",21,5800,"NCAG"
2019,"Ipsita Nova Dance Projects","City Wide",9,25000,"TAC"
2019,"Iranian Canadian Centre for Art and Culture","City Wide",17,25000,"TAC"
2019,"Iranian Women's Organization of Ontario","City Wide",17,36630,"CSP"
2019,"Islington Centre - Etobicoke Senior Citizens","Neighbourhood",3,36980,"CSP"
2019,"Ismailova Theatre of Dance","Local",6,15000,"TAC"
2019,"Ismailova Theatre of Dance","Local",6,13000,"TAC"
2019,"It's OK Inc.","City Wide",11,11250,"TAC"
2019,"Jacqueline Comrie","Neighbourhood",10,30500,"StART PP"
2019,"Jamestown","Neighbourhood",1,3000,"NG"
2019,"Jamii","Local",10,11000,"TAC"
2019,"Jane Alliance Neighbourhood Services","local",5,16896,"EG"
2019,"Jane/Finch Community and Family Centre","local",7,125000,"CCRF"
2019,"Jane/Finch Community and Family Centre","Local",7,166645,"CSP"
2019,"Japanese Social Services","City Wide",16,31330,"CSP"
2019,"JAYU Festival Inc","Local",10,20000,"TAC"
2019,"Jeng Yi","Local",18,14430,"TAC"
2019,"Jeng Yi","City Wide",18,10000,"TAC"
2019,"Jessie's - The June Callwood Centre for Young Women","City Wide",13,23530,"CSP"
2019,"Jessie's, The June Callwood Centre for Young Women","City wide",13,54782,"HIF"
2019,"JKCD3","Neighbourhood",7,2000,"NG"
2019,"Jubilate Singers","City Wide",8,5000,"TAC"
2019,"Jumblies Theatre","Local",10,24500,"TAC"
2019,"Jumblies Theatre","City Wide",10,82000,"TAC"
2019,"K.E Residents (Keele and Eglinton residents)","Neighbourhood",5,3000,"NG"
2019,"Kababayan Community Service Centre Inc","City Wide",4,36125,"CSP"
2019,"Kaeja d'Dance","Local",11,25000,"TAC"
2019,"Kaeja d'Dance","City Wide",11,34600,"TAC"
2019,"Kapapamahchakwew Parent Council","Neighbourhood",14,4980,"PTCG"
2019,"Kaha:wi Dance Theatre","Local",11,40000,"TAC"
2019,"KasheDance","City Wide",13,10000,"TAC"
2019,"KCWA Family and Social Services","City Wide",11,42680,"CSP"
2019,"Kemi Contemporary Dance Projects","Local",13,15000,"TAC"
2019,"Kennedy & Eglington Youth Advisory Group","Neighbourhood",20,2000,"NG"
2019,"KGO Seniors Resident Group","Neighbourhood",24,1000,"NG"
2019,"KGO Story Tellers Group","Neighbourhood",24,1000,"NG"
2019,"Khedmaat and Support for Seniors","local",8,11720,"EG"
2019,"Kick Start Arts Society","Local",1,20000,"TAC"
2019,"Kick Start Arts Society","Local",1,13500,"TAC"
2019,"King George Junior Public School Parent Council","Neighbourhood",4,4560,"PTCG"
2019,"Kingsview Village Westway 21st Century Learners","Neighbourhood",1,2000,"NG"
2019,"Kingsview-The Westway NIA members","Neighbourhood",2,3000,"NG"
2019,"KJ Bit","Neighbourhood",18,18595,"StART PP"
2019,"Koffler Gallery of the Koffler Centre of the Arts","City Wide",10,50000,"TAC"
2019,"Korean Dance Studies Society of Canada","City Wide",16,17000,"TAC"
2019,"Korean Senior Citizens Society of Toronto","City Wide",11,24090,"CSP"
2019,"Korean-Canadian Physically Challenged Adults Community","local",17,20000,"EG"
2019,"Kumasi Asafo Charitable Foundation","local",7,5000,"EG"
2019,"La Passerelle Integration et Development Economique","City Wide",13,67980,"CSP"
2019,"Labyrinth Musical Workshop Ontario","Local",14,19204,"TAC"
2019,"Labyrinth Musical Workshop Ontario","City Wide",14,12000,"TAC"
2019,"Lake Effect Projects","Local",10,19000,"TAC"
2019,"Lakeshore Area Multi-Service Project","Local",3,86720,"CSP"
2019,"Lakeshore Arts Committee","City-wide",3,313430,"LASO"
2019,"Lao Association of Ontario","City Wide",6,33845,"CSP"
2019,"Latin American Art Projects","City Wide",10,25000,"TAC"
2019,"Latin Mom in Canada","Neighbourhood",8,2000,"NG"
2019,"Latvian Senior Citizens' Association in Metropolitan Toronto","City Wide",16,12055,"CSP"
2019,"Latvian Song Festival Association in Canada","City Wide",16,7200,"TAC"
2019,"Laurier Students Support Group","Neighbourhood",24,2450,"CCRF"
2019,"Lawrence Galloway Community Group","Neighbourhood",24,1000,"NG"
2019,"Lawrence Galloway Resident Committee (LGRC)","Neighbourhood",24,3000,"CCRF"
2019,"Lawrence Heights Parents Association","Neighbourhood",8,2750,"CCRF"
2019,"Le Laboratoire d'Art","City Wide",10,18000,"TAC"
2019,"Le Theatre francais de Toronto","City Wide",11,115000,"TAC"
2019,"Le Theatre La Tangente","Local",12,15000,"TAC"
2019,"LEAF - Local Enhancement and Appreciation of Forests","City-wide",12,51800,"FOR"
2019,"LEAF - Local Enhancement and Appreciation of Forests","City-wide",6,22000,"FOR"
2019,"LEAF - Local Enhancement and Appreciation of Forests","City-wide",14,22000,"FOR"
2019,"LEAF - Local Enhancement and Appreciation of Forests","City-wide",24,22000,"FOR"
2019,"LEAF - Local Enhancement and Appreciation of Forests","City-wide",12,1e+05,"FOR"
2019,"League of Canadian Poets","City Wide",13,19100,"TAC"
2019,"Learning Disabilities Association of Toronto District","City Wide",18,64290,"CSP"
2019,"Learning Is For Everyone Foundation","City Wide",3,9999,"TAC"
2019,"Les Centres d'Accueil Héritage","City Wide",10,65145,"CSP"
2019,"Lesbian Gay Bi Trans Youth Line","City Wide",13,45450,"CSP"
2019,"Leyland Adams","Neighbourhood",1,23000,"StART PP"
2019,"Liaison of Independent Filmmakers of Toronto","City Wide",9,77000,"TAC"
2019,"Lifted by Purpose","Neighbourhood",13,10000,"INI"
2019,"Little Pear Garden Dance Company","Local",17,15000,"TAC"
2019,"Little Pear Garden Dance Company","Local",17,18000,"TAC"
2019,"Long Branch Neighbourhood Association","Neighbourhood",3,49500,"FOR"
2019,"Long Winter","City Wide",9,17100,"TAC"
2019,"LOVE - Leave Out Violence, Ontario","local",8,19905,"EG"
2019,"Lovely Women Rising","Neighbourhood",7,1550,"NG"
2019,"Loyola Arrupe Centre for Seniors (operating as LA Centre for Active Living)","City Wide",9,23585,"CSP"
2019,"Lula Music and Arts Centre","City Wide",9,65000,"TAC"
2019,"Lumacare Services","City Wide",6,91295,"CSP"
2019,"MABELLEarts","Local",9,25000,"TAC"
2019,"MABELLEarts","Local",9,24000,"TAC"
2019,"MADE IN EXILE","Local",4,14000,"TAC"
2019,"Make Friends Creative Community Collaborative","Local",11,15452,"TAC"
2019,"Malvern Family Resource Centre","Local",25,208455,"CSP"
2019,"Malvern Youth Cabinet","neighbourhood",25,15000,"EG"
2019,"Mammalian Diving Reflex Theatre Group","City Wide",10,25000,"TAC"
2019,"manidoons collective","City Wide",4,10000,"TAC"
2019,"Manifesto Community Projects Inc.","City Wide",10,39000,"TAC"
2019,"Mass Culture","Local",10,15000,"TAC"
2019,"Mayworks Festival","Local",11,29997,"TAC"
2019,"Mayworks Festival","City Wide",11,25000,"TAC"
2019,"Members of Malvern","Neighbourhood",25,2600,"NG"
2019,"Menaka Thakkar Dance Company of Canada","City Wide",18,12600,"TAC"
2019,"Mercer Union, A Centre for Contemporary Visual Art","Local",9,72500,"TAC"
2019,"Metropolitan Action Committee on Violence Against Women and Children","City Wide",11,330805,"CSP"
2019,"Miles Nadal Jewish Community Centre","City Wide",11,10500,"TAC"
2019,"Mixed Company Theatre","City Wide",13,18825,"TAC"
2019,"Modern Batik Couture","Local",6,13500,"TAC"
2019,"Modern Times Stage Company","City Wide",9,37500,"TAC"
2019,"Momiji Health Care Society","City Wide",24,38595,"CSP"
2019,"Monica Wickeler","Neighbourhood",13,39200,"StART PP"
2019,"Mood Disorders Association of Ontario and Toronto","City Wide",8,18810,"CSP"
2019,"Moonhorse Dance Theatre","City Wide",9,15000,"TAC"
2019,"Mooredale Concerts","City Wide",11,3750,"TAC"
2019,"More than Special Needs","Neighbourhood",7,2000,"NG"
2019,"Morningside","Neighbourhood",24,2500,"NG"
2019,"Mother Of Peace","Neighbourhood",13,2603.5,"CCRF"
2019,"Mothers of North York","Neighbourhood",6,2000,"NG"
2019,"Mothers of O'Connor","Neighbourhood",16,2000,"NG"
2019,"Motivated Citizens","Neighbourhood",4,7500,"NCAG"
2019,"Mount Dennis Eco-Neighbourhood Initiative","Neighbourhood",5,7500,"NCAG"
2019,"Moveable Beast","City Wide",9,13000,"TAC"
2019,"Muhtadi International Drumming Festival","City Wide",12,12000,"TAC"
2019,"Mural Routes Inc.","City Wide",20,30000,"TAC"
2019,"Mural Routes Inc.","Neighbourhood",25,50000,"StART PP"
2019,"Museum of Contemporary Art Toronto (MOCA Toronto)","City Wide",9,321313,"GSCM"
2019,"Museum of Toronto History","City Wide",10,75000,"TAC"
2019,"Music Africa of Canada Inc.","City Wide",12,43375,"TAC"
2019,"Music From Hope","Local",14,13500,"TAC"
2019,"Music Toronto","City Wide",13,86500,"TAC"
2019,"Naadmaagit Ki (NKG) “Helpers of the Earth”","Neighbourhood",9,5000,"PTCG"
2019,"Na Me Res Sagatay","Neighbourhood",12,25600,"StART PP"
2019,"Nagata Shachu Japanese Taiko and Music Group","Local",23,15000,"TAC"
2019,"Nagata Shachu Japanese Taiko and Music Group","City Wide",23,23000,"TAC"
2019,"National Ballet of Canada","City Wide",10,1390000,"MCO"
2019,"National Initiative for the Care of the Elderly (NICE) (HomeShare Pilot Project)","City Wide",11,120000,"CB"
2019,"National Shevchenko Musical Ensemble Guild of Canada","City Wide",11,7500,"TAC"
2019,"Native Canadian Centre of Toronto","City Wide",11,85210,"CSP"
2019,"Native Child and  Family Services of Toronto","City Wide",13,125195,"CSP"
2019,"Native Child and Family Services of Toronto","Local",13,15000,"TAC"
2019,"Native Earth Performing Arts Inc.","City Wide",13,89250,"TAC"
2019,"Native Women in the Arts","City Wide",10,40000,"TAC"
2019,"Native Women's Resource Centre of Toronto","City Wide",13,96045,"CSP"
2019,"Nazar-i Turkwaz","City Wide",9,9075,"TAC"
2019,"Necessary Angel Theatre Company","City Wide",10,60300,"TAC"
2019,"Neighbourhood Information Post","Neighbourhood",13,43220,"CSP"
2019,"Neighbours4Nectar","Neighbourhood",19,4890,"PTCG"
2019,"Nepalese Group","Neighbourhood",19,2500,"NG"
2019,"New Blue Emerging Dance","City Wide",13,8000,"TAC"
2019,"New Canadian Community Centre","City Wide",17,47290,"CSP"
2019,"New Friends DIY","City Wide",9,3500,"TAC"
2019,"New Music Concerts","City Wide",13,52250,"TAC"
2019,"New Tradition Music","Local",7,13000,"TAC"
2019,"Newcomer Women's Services Toronto","City Wide",14,45120,"CSP"
2019,"Nia Centre for the Arts","City Wide",12,25000,"TAC"
2019,"Nia Centre for the Arts","City Wide",12,24875,"TAC"
2019,"Nick Sweetman","Neighbourhood",17,24500,"StART PP"
2019,"Nightswimming Repertory Theatre","City Wide",10,17000,"TAC"
2019,"Nightwood Theatre","City Wide",10,73000,"TAC"
2019,"Nikki Knows","Citywide",11,150000,"GV"
2019,"Noble Solutions","Neighbourhood",7,2000,"NG"
2019,"North Etobicoke Residents' Council","Neighbourhood",7,3000,"NG"
2019,"North York Arts","City Wide",18,287240,"LASO"
2019,"North York Community House","Local",8,224415,"CSP"
2019,"North York Harvest Food Bank","City-wide",5,25000,"WRCG"
2019,"North York Harvest Food Bank","Local",5,25065,"CSP"
2019,"North York Seniors Centre","Neighbourhood",18,97475,"CSP"
2019,"North York Women's Resource Centre","Local",5,53545,"CSP"
2019,"Northern Visions Independent Film & Video Association","City Wide",10,58000,"TAC"
2019,"Northwood Neighbourhood Services","Local",7,49635,"CSP"
2019,"NOWADAYS THEATRE","City Wide",18,10000,"TAC"
2019,"Obsidian Theatre Company Inc.","City Wide",14,65500,"TAC"
2019,"OCASI - Ontario Council of Agencies Serving Immigrants","City Wide",8,30105,"CSP"
2019,"OCASI - Ontario Council of Agencies Serving Immigrants","city wide",8,1e+05,"CB"
2019,"Onsite Gallery at OCAD University","City Wide",10,15000,"TAC"
2019,"Ontario Association of Art Galleries","City Wide",10,24000,"TAC"
2019,"Ontario Library Association","City Wide",13,6500,"TAC"
2019,"Open Book Foundation","City Wide",11,15000,"TAC"
2019,"Open Heart Surgery Theatre","City Wide",9,8500,"TAC"
2019,"Open HXOUSE Inc.","City Wide",10,70000,"TAC"
2019,"Open Studio","City Wide",10,73000,"TAC"
2019,"Opera Atelier","City Wide",13,90000,"TAC"
2019,"Opera in Concert","City Wide",14,30000,"TAC"
2019,"OperaQ","City Wide",12,8000,"TAC"
2019,"Opportunity for Advancement","City Wide",9,50110,"CSP"
2019,"Orchestra Toronto","City Wide",18,22000,"TAC"
2019,"Oriana Women's Choir","City Wide",14,12500,"TAC"
2019,"Orpheus Choir of Toronto","City Wide",12,27000,"TAC"
2019,"Outside the March Theatre Company Inc","City Wide",11,23000,"TAC"
2019,"PAL- Reading Services Inc.","City Wide",13,16680,"CSP"
2019,"Panorama Community Garden Group","Neighbourhood",1,2000,"NG"
2019,"Paperhouse Outreach Collective","City Wide",10,13944,"TAC"
2019,"Paprika Theatre Festival","City Wide",10,15000,"TAC"
2019,"Paradigm Productions","City Wide",9,14601,"TAC"
2019,"Parenting Group","Neighbourhood",15,7500,"NCAG"
2019,"Parenting Group","Neighbourhood",15,1900,"NG"
2019,"Parents of Carleton Village","Neighbourhood",9,2843,"NG"
2019,"Parkdale Activity - Recreation Centre","Local",4,7950,"TAC"
2019,"Parkdale Activity Recreation Centre","City wide",4,26593,"HIF"
2019,"Parkdale Community Information Centre Toronto","Neighbourhood",4,29030,"CSP"
2019,"Parkdale Community Peer Musicians Collective","Neighbourhood",4,1000,"NG"
2019,"Parkdale English as a Second Language Group","Neighbourhood",4,1450,"NG"
2019,"Parkdale Golden Age Foundation","Neighbourhood",4,60920,"CSP"
2019,"Parkdale Intercultural Association (Toronto)","Neighbourhood",4,70145,"CSP"
2019,"Parkdale Project Read Inc.","City Wide",10,7850,"TAC"
2019,"Parks N' Wreck","Local",4,25000,"TAC"
2019,"Pathway Community Foundation","neighbourhood",6,10000,"EG"
2019,"paul watson productions","City Wide",14,10000,"TAC"
2019,"Pax Christi Chorale","City Wide",17,20000,"TAC"
2019,"Peacebuilders","Local",13,98000,"GV"
2019,"Pearle Harbour","City Wide",9,5000,"TAC"
2019,"Peggy Baker Dance Projects","City Wide",11,35000,"TAC"
2019,"Peru  Dyer Jalea","Neighbourhood",8,50000,"StART PP"
2019,"Peter Pan Collective","City Wide",11,5000,"TAC"
2019,"PIECE OF MINE Festival","City Wide",8,8000,"TAC"
2019,"Pink Pluto","City Wide",9,15000,"TAC"
2019,"Pivot Readings Series","City Wide",9,7000,"TAC"
2019,"Planet in Focus","City Wide",10,25000,"TAC"
2019,"Playwrights Guild of Canada","City Wide",10,25000,"TAC"
2019,"Pleiades Theatre","City Wide",10,23000,"TAC"
2019,"Pollution Probe","Local",16,50000,"TAF"
2019,"Polycultural Immigrant and Community Services","City Wide",2,31190,"CSP"
2019,"PositiveVibes T.O.","Neighbourhood",25,9965,"INI"
2019,"Possibility Thinkers","Neighbourhood",24,1000,"NG"
2019,"pounds per square inch performance","City Wide",13,15000,"TAC"
2019,"Prairie Drive Park","Neighbourhood",20,5462.5,"NCAG"
2019,"Prairie Drive Park","Neighbourhood",20,1800,"NG"
2019,"PRATIBHA ARTS","Local",10,20000,"TAC"
2019,"PRATIBHA ARTS","City Wide",10,15000,"TAC"
2019,"Prefix Institute of Contemporary Art, Inc.","City Wide",10,34000,"TAC"
2019,"Pride Toronto","City Wide",13,260000,"MCO"
2019,"ProArteDanza Performance Inc","City Wide",13,15000,"TAC"
2019,"Professional Association of Canadian Theatres","City Wide",10,8000,"TAC"
2019,"Project 40 Collective","City Wide",11,10000,"TAC"
2019,"Project 40 Collective","City Wide",11,12000,"TAC"
2019,"Prologue to the Performing Arts","City Wide",10,35000,"TAC"
2019,"Promoting Education and Community Health","Neighbourhood",7,64080,"CSP"
2019,"Promoting Education and Community Health (PEACH)","Local",7,1e+05,"GV"
2019,"Prosserman Jewish Community Centre","City Wide",6,14330,"CSP"
2019,"Public Access","Local",7,15000,"TAC"
2019,"Public Recordings Performance Projects","City Wide",4,20400,"TAC"
2019,"Puppetmongers Theatre","City Wide",11,20000,"TAC"
2019,"Qi2Tech","City Wide",21,9200,"INI"
2019,"QuipTake","City Wide",12,10000,"TAC"
2019,"Quote Unquote Collective","Local",4,15000,"TAC"
2019,"Racial Justice Fund","City Wide",9,13500,"TAC"
2019,"Rain Gardens United (RGU)","Neighbourhood",14,5000,"PTCG"
2019,"Raging Asian Women Taiko Drummers","City Wide",5,12000,"TAC"
2019,"Rainbow West","Neighbourhood",5,10000,"INI"
2019,"Ralph Thornton Community Centre","Local",14,36530,"CSP"
2019,"Ralph Thornton Community Centre","neighbourhood",14,20000,"CSP"
2019,"Ravina Community Garden","Neighbourhood",4,5000,"PTCG"
2019,"Reach for Change","Neighbourhood",15,1300,"NG"
2019,"REAson d'etre dance productions","City Wide",4,15000,"TAC"
2019,"Red Dress Productions Incorporated","City Wide",14,23000,"TAC"
2019,"Red Dress Productions Incorporated","City Wide",14,60000,"TAC"
2019,"Red Embers","City Wide",19,12000,"TAC"
2019,"Red Pepper Spectacle Arts","City Wide",11,35000,"TAC"
2019,"Red Sky Performance","City Wide",10,45000,"TAC"
2019,"ReelAbilities Film Festival Toronto","City Wide",11,12000,"TAC"
2019,"Regenesis","Neighbourhood",25,5000,"PTCG"
2019,"Reelworld Film Festival Inc.","Local",14,15000,"TAC"
2019,"Regent Park Film Festival Inc.","City Wide",13,28000,"TAC"
2019,"Regent Park Focus Youth Media Arts Centre","City Wide",13,48000,"TAC"
2019,"Regent Park Mothers of Peace","Neighbourhood",13,2695,"NG"
2019,"Regional Communities Bridge (Community Bridges)","Neighbourhood",20,7400,"NCAG"
2019,"Residents of South Parkdale","Neighbourhood",4,1550,"NG"
2019,"Resilient Residents","Neighbourhood",21,2200,"CCRF"
2019,"reWork Productions","Local",10,15000,"TAC"
2019,"Rexdale Community Health Centre","Local",1,162845,"CSP"
2019,"Rexdale Community Hub","Local",1,301435,"CSP"
2019,"Rexdale Women's Centre","Local",1,104310,"CSP"
2019,"Rexdale Youth Mentorship","Local",1,10000,"INI"
2019,"Right Path World Arts Centre","Local",7,9800,"TAC"
2019,"Ringfire Productions","Neighbourhood",11,47560,"StART PP"
2019,"Rising Tamil Youth","Neighbourhood",21,2700,"NG"
2019,"Rock sin Banderas","City Wide",9,11000,"TAC"
2019,"Rouge Valley Foundation","Neighbourhood",25,2300,"PTCG"
2019,"Roseneath Theatre","City Wide",9,73000,"TAC"
2019,"RT Collective","City Wide",4,3000,"TAC"
2019,"Rustic Community Network","Neighbourhood",5,1000,"NG"
2019,"Ryerson City Building Institute","City-wide",13,20000,"TAF"
2019,"S.E.A.S. Centre (Support Enhance Access Services Centre)","City Wide",22,87260,"CSP"
2019,"San Lorenzo Latin American Community Centre","City Wide",8,4000,"TAC"
2019,"San Romanoway Revitalization Association","Local",7,83760,"CSP"
2019,"SAVAC","City Wide",10,45000,"TAC"
2019,"SaveOurSomaliYouth","Neighbourhood",7,7476.5,"INI"
2019,"Scadding Court Community Centre","Neighbourhood",10,184720,"CSP"
2019,"Scadding Court Community Centre","neighbourhood",10,160000,"CSP"
2019,"Scarborough Arts","Neighbourhood",20,5000,"PTCG"
2019,"Scarborough Arts","City-wide",20,282000,"LASO"
2019,"Scarborough Bluffs Community Association","Neighbourhood",20,5000,"PTCG"
2019,"Scarborough Centre for Healthy Communities","Local",24,195935,"CSP"
2019,"Scarborough Philharmonic Orchestra","City Wide",8,23000,"TAC"
2019,"Scarborough Women's Centre","Neighbourhood",24,38615,"CSP"
2019,"Scribble Me Silly","City Wide",14,8000,"TAC"
2019,"SEAT - Scarlett Environmental Awareness","Neighbourhood",2,2800,"NG"
2019,"Second Sleep Stage Creations","Local",18,2250,"TAC"
2019,"Seeking Bridge","Local",11,8000,"TAC"
2019,"Senior Peoples' Resources In North Toronto Incorporated (operating as SPRINT Senior Care)","Local",12,103400,"CSP"
2019,"Senior Persons Living Connected","Local",22,104740,"CSP"
2019,"Senior Tamils' Centre of Ontario","City Wide",23,62565,"CSP"
2019,"Settlement Assistance and Family Support Services (SAFSS)","Local",24,55250,"CSP"
2019,"Shadowland Theatre","Local",10,25000,"TAC"
2019,"Shadowland Theatre","Local",10,20000,"TAC"
2019,"Shakespeare In Action","Local",10,25000,"TAC"
2019,"Shakespeare in the Ruff","City Wide",11,15000,"TAC"
2019,"Shameless Media","City Wide",19,10200,"TAC"
2019,"SICK MUSE ART PROJECTS","Local",9,13000,"TAC"
2019,"Silent Voice Canada Inc.","City Wide",12,33470,"CSP"
2019,"Silversprings Youth Group","Neighbourhood",22,2000,"NG"
2019,"Sinfonia Toronto","City Wide",17,12350,"TAC"
2019,"SING! The Toronto Vocal Arts Festival","City Wide",19,6480,"TAC"
2019,"Sister Circle Collective","City Wide",3,10000,"INI"
2019,"Sistercode","Neighbourhood",5,8000,"INI"
2019,"SKETCH Working Arts for Street-involved and Homeless Youth","City Wide",10,110000,"TAC"
2019,"SKETCH Working Arts for Street-involved and Homeless Youth","City Wide",10,65000,"TAC"
2019,"Small World Music Society","City Wide",4,20000,"TAC"
2019,"Small World Music Society","City Wide",4,54500,"TAC"
2019,"Smutburger","City Wide",11,5620,"TAC"
2019,"So Much Drama","City Wide",11,14000,"TAC"
2019,"Social Growl Dance Inc.","City Wide",13,8000,"TAC"
2019,"Social Issues Puppeteers","Neighbourhood",4,1000,"NG"
2019,"Society of Sharing: Inner-City Volunteers","Local",13,17315,"CSP"
2019,"SoCirC","City Wide",11,12500,"TAC"
2019,"Somali Canadian Association for Etobicoke","neighbourhood",1,9425,"EG"
2019,"Somali Canadian Association of Etobicoke","Local",1,25065,"CSP"
2019,"Somali Canadian Centre","Neighbourhood",24,2500,"NG"
2019,"Somali Women's and Children's Support Network","City Wide",1,43620,"CSP"
2019,"Soulpepper Theatre Company","City Wide",10,461000,"TAC"
2019,"Soundstreams","City Wide",10,88000,"TAC"
2019,"South Asian Women's Centre","City Wide",9,93970,"CSP"
2019,"South Parkdale Climate Action Group","Neighbourhood",4,7500,"NCAG"
2019,"South Riverdale Community Health Centre","Local",14,102430,"CSP"
2019,"southern currents film & video collective","Local",9,20000,"TAC"
2019,"Sparroways Wellness Committee","Neighbourhood",17,1900,"CCRF"
2019,"Springtide Resources Inc.","City Wide",10,25065,"CSP"
2019,"St. Alban's Boys' and Girls' Club","Local",11,207690,"CSP"
2019,"St. Clair O'Connor Community Inc.","Neighbourhood",19,19210,"CSP"
2019,"St. Lucia Toronto United Planning Committee","Neighbourhood",7,2800,"CCRF"
2019,"St. Matthew's Bracondale House","Neighbourhood",12,51675,"CSP"
2019,"St. Stephen's Community House","city wide",11,15000,"CCRF"
2019,"St. Stephen's Community House","Local",11,72000,"GV"
2019,"St. Stephen's Community House","City Wide",11,256205,"CSP"
2019,"St. Wilfrid Catholic School","Neighbourhood",7,5000,"PTCG"
2019,"Starfruit Projects","City Wide",11,4976,"TAC"
2019,"Stephanie Racquelle","Neighbourhood",1,3000,"CCRF"
2019,"Stolen from Africa","local",22,10000,"EG"
2019,"Stonegate Community Association","Neighbourhood",3,12000,"WRCG"
2019,"Stonegate Community Health Centre","Local",3,93845,"CSP"
2019,"Storefront Humber Inc.","Local",3,61990,"CSP"
2019,"StoryCentre Canada","City Wide",11,20000,"TAC"
2019,"Stranger Engagers","Neighbourhood",22,3000,"NG"
2019,"Street Voices","local",13,20000,"EG"
2019,"Strive","local",5,7000,"EG"
2019,"Striving Mother's","Neighbourhood",7,2000,"NG"
2019,"Studio 180 Theatre","City Wide",11,17000,"TAC"
2019,"SuiteLife Arts for Youth","local",19,10000,"EG"
2019,"Sunshine Centres for Seniors","Neighbourhood",10,5000,"PTCG"
2019,"Sunshine Centres for Seniors","Local",11,47635,"CSP"
2019,"SummerWorks Performance Festival","City Wide",10,52000,"TAC"
2019,"Sustainable Textile Art","Local",6,14000,"TAC"
2019,"Syme Woolner Neighbourhood and Family Centre","Neighbourhood",5,112540,"CSP"
2019,"Syrian Film Festival","City Wide",6,7000,"TAC"
2019,"T.O. Hustle Sessions","City Wide",9,7800,"TAC"
2019,"Tafelmusik","City Wide",11,180000,"TAC"
2019,"Tamboolay Ensemble","City Wide",19,7000,"TAC"
2019,"Tangled Art + Disability","City Wide",10,48000,"TAC"
2019,"Tapestry Music Theatre","City Wide",10,53000,"TAC"
2019,"Tarragon Theatre","Local",12,211500,"TAC"
2019,"TB West Community Services","Local",3,20000,"TAC"
2019,"TD learning center: Sewing Circle","Neighbourhood",13,2305,"NG"
2019,"TDto Batu Percussion Arts Group Inc.","City Wide",9,2000,"TAC"
2019,"Team Spudbomb","Neighbourhood",9,37951,"StART PP"
2019,"Tesoc Multicultural Settlement Services","City Wide",21,38840,"CSP"
2019,"Textile Museum of Canada","City Wide",10,72000,"TAC"
2019,"That's So Gay Collective","City Wide",12,10016,"TAC"
2019,"The 44 Community","Neighbourhood",1,3000,"CCRF"
2019,"The 501 Centre","Neighbourhood",12,2950,"CCRF"
2019,"The Art of Time Ensemble","City Wide",10,58000,"TAC"
2019,"The Artillery Collective","City Wide",12,3344,"TAC"
2019,"The Artists Mentoring Youth Project Inc.","City Wide",9,25000,"TAC"
2019,"The Artists Mentoring Youth Project Inc.","City Wide",9,24900,"TAC"
2019,"The Assembly Theatre","Local",4,14601,"TAC"
2019,"The Association of Committed and Engaged Youth","neighbourhood",24,20000,"EG"
2019,"The Blackstone Foundation Library","local",22,20000,"EG"
2019,"The Broke Gallery","City Wide",4,10000,"TAC"
2019,"The Brown Girl Diary","Local",23,10000,"TAC"
2019,"The Cabbagetown Community Arts Centre","City Wide",13,23000,"TAC"
2019,"The Canadian Mental Health Association Toronto Branch","City Wide",8,18810,"CSP"
2019,"The Canadian Red Cross Society","City Wide",1,188355,"CSP"
2019,"The Centre for Spanish Speaking Peoples","City Wide",6,66135,"CSP"
2019,"The Child-ish Collective","City Wide",9,10000,"TAC"
2019,"The Children's Bookbank and Literacy Foundation","City-wide",13,9700,"WRCG"
2019,"The Chimera Project Dance Theatre","Local",13,15000,"TAC"
2019,"The Company Theatre","City Wide",10,18000,"TAC"
2019,"The Cross-Cultural Community Services Association","City Wide",11,28405,"CSP"
2019,"The Cyborg Circus Project","City Wide",5,22976,"TAC"
2019,"The Dance Umbrella of Ontario","City Wide",13,30000,"TAC"
2019,"The Dietrich Group","City Wide",14,15000,"TAC"
2019,"The Dream Team","local",4,16898,"EG"
2019,"The Elmer Iseler Singers","City Wide",15,24545,"TAC"
2019,"The Esprit Orchestra","City Wide",10,84500,"TAC"
2019,"The Flaunt It Movement","neighbourhood",7,10000,"EG"
2019,"The Flin Flon Cowboy Collective","City Wide",10,13000,"TAC"
2019,"The Freesound Series","City Wide",9,7200,"TAC"
2019,"The Fringe of Toronto Theatre Festival","City Wide",10,77000,"TAC"
2019,"The Gatehouse Child Abuse Investigation and Support Site","City Wide",3,25065,"CSP"
2019,"The George S. Syme Seniors’ Centre of York (operating as Syme 55+ Centre)","Neighbourhood",5,94975,"CSP"
2019,"The Hannaford Street Silver Band","City Wide",13,28000,"TAC"
2019,"The HeART of Communities","Neighbourhood",19,3000,"CCRF"
2019,"The Industry TO","City Wide",16,8000,"TAC"
2019,"The International Love Project","City Wide",11,8000,"TAC"
2019,"The International Resource Centre for Performing Artists","City Wide",13,7800,"TAC"
2019,"The Library for Social Change","Neighbourhood",1,1374,"CCRF"
2019,"The Massey Centre For Women","City Wide",14,29205,"CSP"
2019,"The Mexicans Folk Ballet","City Wide",8,11000,"TAC"
2019,"The Music Gallery","City Wide",11,87000,"TAC"
2019,"The Musical Stage Company","City Wide",13,36000,"TAC"
2019,"The Neighbourhood Group Community Services","Local",13,362400,"CSP"
2019,"The New Way of Life Community Development","Neighbourhood",5,2980,"CCRF"
2019,"The Next Edition","City Wide",9,10000,"TAC"
2019,"The Power Plant","City Wide",10,206000,"TAC"
2019,"The Purple Stage","City Wide",4,8000,"TAC"
2019,"The Regent Park School of Music","Local",13,30000,"TAC"
2019,"THE RELLA COLLECTIVE","City Wide",12,9871,"TAC"
2019,"The Remix Project","City Wide",10,28000,"TAC"
2019,"The Remix Project","Local",10,1e+05,"GV"
2019,"The RESILIENCY Project","Neighbourhood",11,2150,"CCRF"
2019,"The Royal Conservatory of Music","City Wide",11,50000,"TAC"
2019,"The RUDE Collective","Local",11,6000,"TAC"
2019,"The Second Mile Club of Toronto","Local",11,73865,"CSP"
2019,"The Smile Company - Theatrical Productions","City Wide",11,28000,"TAC"
2019,"The STEPS Initiative","Local",10,14000,"TAC"
2019,"The Stop Community Food Centre","City Wide",9,30105,"CSP"
2019,"The Storytellers School of Toronto","City Wide",12,34500,"TAC"
2019,"The Teresa Group - Child And Family Aid","City Wide",12,31330,"CSP"
2019,"The Theatre Centre","City Wide",9,144000,"TAC"
2019,"The Toronto Heschel School","Neighbourhood",6,5000,"PTCG"
2019,"The Toronto Consort","Local",11,27000,"TAC"
2019,"The Truth & Dare Project","City Wide",14,6000,"TAC"
2019,"The Wexford Residence Inc.","Local",21,22440,"CSP"
2019,"The Word On The Street","City Wide",10,46500,"TAC"
2019,"Theatre Born Between","City Wide",19,5000,"TAC"
2019,"Theatre Columbus","City Wide",13,41000,"TAC"
2019,"Theatre Direct Canada","Local",9,69000,"TAC"
2019,"Theatre Gargantua","City Wide",9,15000,"TAC"
2019,"Theatre Ontario","City Wide",10,12500,"TAC"
2019,"Theatre Passe Muraille","City Wide",10,165500,"TAC"
2019,"Theatre Smith-Gilmour","City Wide",10,41000,"TAC"
2019,"Theatrefront Inc.","City Wide",10,15000,"TAC"
2019,"Thin Edge New Music Collective","City Wide",13,10800,"TAC"
2019,"Think 2wice","local",1,20000,"EG"
2019,"Think 2wice","Citywide",1,130000,"GV"
2019,"Throwdown Collective","City Wide",13,8000,"TAC"
2019,"tiger princess dance projects inc.","City Wide",13,32000,"TAC"
2019,"timeshare","City Wide",13,14000,"TAC"
2019,"Tita Collective","City Wide",9,5000,"TAC"
2019,"TNO- The Neighbourhood Organization","Local",16,372308,"HIF"
2019,"TNO- The Neighbourhood Organization","neighbourhood",15,112400,"CSP"
2019,"TNO-The Neighbourhood Organization","Local",15,133070,"CSP"
2019,"Toronto Aboriginal Support Services Council","city wide",11,110000,"CB"
2019,"Toronto Aboriginal Support Services Council","City Wide",11,122620,"CSP"
2019,"Toronto Alliance for the Performing Arts","City Wide",10,78000,"TAC"
2019,"Toronto Animated Image Society","City Wide",9,18000,"TAC"
2019,"Toronto Artscape Inc.","City Wide",10,415000,"MCO"
2019,"Toronto Beekeepers Collective","local",5,19878,"EG"
2019,"Toronto Bengali Drama/Dance Group","City Wide",6,5250,"TAC"
2019,"Toronto Black Film Festival","City Wide",14,14000,"TAC"
2019,"Toronto Blues Society","City Wide",10,32000,"TAC"
2019,"Toronto Centre for Community Learning and Development","City Wide",13,48310,"CSP"
2019,"Toronto Chamber Choir","City Wide",12,8500,"TAC"
2019,"Toronto Chinese Mennonite Church","Neighbourhood",19,5000,"PTCG"
2019,"Toronto Children's Chorus","Local",12,40000,"TAC"
2019,"Toronto Coalition for Better Child Care","City Wide",11,25065,"CSP"
2019,"Toronto Community & Culture Centre","City Wide",10,22470,"CSP"
2019,"Toronto Creative Music Lab (TCML)","Local",9,10220,"TAC"
2019,"Toronto Dance Community Love-In","City Wide",13,15000,"TAC"
2019,"Toronto Dance Theatre","City Wide",13,157000,"TAC"
2019,"Toronto developmental association of youth","Neighbourhood",5,2500,"CCRF"
2019,"Toronto District School Board","City Wide",18,1e+05,"FOR"
2019,"Toronto Downtown Jazz Society","City Wide",12,50000,"TAC"
2019,"Toronto Environmental Alliance","City-wide",10,21700,"TAF"
2019,"Toronto Environmental Alliance","Neighbourhood",10,155459,"TAF"
2019,"Toronto Festival of Arts, Culture and Creativity (Luminato)","City Wide",10,4e+05,"MCO"
2019,"Toronto Festival of Comics and Graphic Arts","City Wide",11,20000,"TAC"
2019,"Toronto Finnish-Canadian Seniors Centre","City Wide",15,18550,"CSP"
2019,"Toronto Foundation for Student Success","City Wide",5,4004313,"SNP"
2019,"Toronto Intergenerational Partnerships in Community","Local",20,51390,"CSP"
2019,"Toronto International Film Festival Inc.","City Wide",10,1195735,"MCO"
2019,"Toronto Jewish Film Festival","City Wide",11,24000,"TAC"
2019,"Toronto Kiwanis Boys & Girls Clubs","Local",13,102935,"CSP"
2019,"Toronto Kiwanis Boys and Girls Club (Girls Trip project)","Neighbourhood",13,3000,"CCRF"
2019,"Toronto Mendelssohn Choir","City Wide",11,70000,"TAC"
2019,"Toronto Operetta Theatre","City Wide",14,23000,"TAC"
2019,"Toronto Outdoor Picture Show","Local",11,5000,"TAC"
2019,"Toronto Palestine Film Festival Collective","City Wide",12,7500,"TAC"
2019,"Toronto People With AIDS Foundation","City Wide",13,33995,"CSP"
2019,"Toronto Performance Art Collective","City Wide",13,8000,"TAC"
2019,"Toronto Performance Art Collective","Local",13,15000,"TAC"
2019,"Toronto Photographers Workshop","City Wide",9,70000,"TAC"
2019,"Toronto Queer Media & Arts Centre","City Wide",12,16200,"TAC"
2019,"Toronto Queer Media & Arts Centre","Local",12,27500,"TAC"
2019,"Toronto Rape Crisis Centre/Multicultural Women Against Rape","City Wide",4,56620,"CSP"
2019,"Toronto Reel Asian International Film Festival","City Wide",10,50000,"TAC"
2019,"Toronto Region Conservation Authority","City-wide",6,49159.665,"FOR"
2019,"Toronto Region Conservation Authority","City-wide",14,49159.665,"FOR"
2019,"Toronto Sketch Comedy Festival Inc.","City Wide",9,15000,"TAC"
2019,"Toronto Summer Music Foundation","City Wide",4,39780,"TAC"
2019,"Toronto Symphony Orchestra","City Wide",10,1220000,"MCO"
2019,"Toronto Tabla Ensemble","City Wide",19,6310,"TAC"
2019,"Toronto Undergraduate Jazz Festival","City Wide",4,10000,"TAC"
2019,"Toronto Urban Book Expo","City Wide",20,8000,"TAC"
2019,"Toronto Writers Collective","City Wide",14,5250,"TAC"
2019,"TorQ Percussion Quartet","City Wide",3,4536,"TAC"
2019,"Transcare Community Support Services","City Wide",22,87695,"CSP"
2019,"Tranz Healing Arts Collective","City Wide",4,15100,"TAC"
2019,"Tribal Crackling Wind for the Arts","Local",13,19000,"TAC"
2019,"Tribal Crackling Wind for the Arts","City Wide",13,30000,"TAC"
2019,"Trinity Square Video","City Wide",10,55000,"TAC"
2019,"Tropicana Community Services Organization","City Wide",23,98820,"CSP"
2019,"Tune Your Ride Collective","Local",11,12500,"TAC"
2019,"U.N.I.T. Productions","City Wide",19,5000,"TAC"
2019,"UforChange Movement","neighbourhood",13,5000,"EG"
2019,"UKAI Projects","City Wide",18,24900,"TAC"
2019,"Ukrainian Canadian Social Services (Toronto) Inc.","City Wide",4,41440,"CSP"
2019,"Undercurrent Creations","City Wide",11,6650,"TAC"
2019,"Unison Health and Community Services","Local",8,33110,"CSP"
2019,"United Way Greater Toronto","city wide",13,30000,"CB"
2019,"Unity Charity","City Wide",13,28000,"TAC"
2019,"University of Toronto","City-wide",11,33333.3333333333,"FOR"
2019,"University of Toronto","City-wide",13,33333.3333333333,"FOR"
2019,"University of Toronto","City-wide",14,33333.3333333333,"FOR"
2019,"University of Toronto","Neighbourhood",25,65000,"FOR"
2019,"University Settlement","Local",10,26500,"TAC"
2019,"University Settlement","Local",10,137485,"CSP"
2019,"UnObscured Open Mic","Neighbourhood",20,5000,"INI"
2019,"UrbanArts Community Arts Council","City-wide",5,315435,"LASO"
2019,"UrbanLink","Neighbourhood",24,1600,"NG"
2019,"Urbanvessel","City Wide",4,29420,"TAC"
2019,"Urbanvessel","City Wide",4,5271,"TAC"
2019,"Venus Fest Inc.","City Wide",13,13000,"TAC"
2019,"Vermont Square Parent-Child Mother Goose Program","City Wide",11,28065,"CSP"
2019,"Vesnivka Choir Inc.","City Wide",4,8000,"TAC"
2019,"VIBE Arts","City Wide",10,68000,"TAC"
2019,"VIBE ARTS","Neighbourhood",20,41228,"StART PP"
2019,"Victim Services Toronto","City Wide",13,280660,"CSP"
2019,"VideoCabaret","City Wide",10,65000,"TAC"
2019,"Vietnamese Women's Association of Toronto (operating as VWAT Family Services)","City Wide",9,65130,"CSP"
2019,"Villa Colombo Home for the Aged Inc.","City Wide",8,32680,"CSP"
2019,"VIVA! Youth Singers of Toronto, Inc.","City Wide",11,35000,"TAC"
2019,"Voices of Today","City Wide",10,5000,"TAC"
2019,"Volcano Non-Profit Productions Inc.","City Wide",11,50000,"TAC"
2019,"Volunteer Centre of Toronto (operating as Volunteer Toronto)","City Wide",11,209240,"CSP"
2019,"Vox Choirs","City Wide",9,15000,"TAC"
2019,"Vtape","City Wide",10,80000,"TAC"
2019,"Walpole Youth Council","Neighbourhood",14,2540,"CCRF"
2019,"Warden Woods Church and Community Centre","Local",20,256250,"CSP"
2019,"Waterfront Neighbourhood Centre","Neighbourhood",10,74950,"CSP"
2019,"Wave Art Collective","Neighbourhood",13,10000,"INI"
2019,"Wavelength Music Arts Projects","City Wide",9,25000,"TAC"
2019,"WE-CAN Community Network","Neighbourhood",5,3000,"NG"
2019,"Wellness Café","Neighbourhood",15,1800,"NG"
2019,"West Neighbourhood House","Local",10,24000,"TAC"
2019,"The St. Christopher House (operating as West Neighbourhood House)","Local",10,314705,"CSP"
2019,"West Scarborough Neighbourhood Community Centre","Local",20,212105,"CSP"
2019,"West Toronto Support Services for Senior Citizens and Disabled Inc.","Local",4,83995,"CSP"
2019,"Weston Flows","Neighbourhood",5,3000,"NG"
2019,"Weston Frontlines Centre","neighbourhood",5,6000,"EG"
2019,"Weston Frontlines Centre","neighbourhood",5,1e+05,"CB"
2019,"Weston Pelham Park Neighbourhood Association","Neighbourhood",9,6975,"NCAG"
2019,"Whippersnapper Gallery Inc","City Wide",11,15000,"TAC"
2019,"Why Not Theatre","City Wide",10,40000,"TAC"
2019,"Why Not Theatre","City Wide",10,49800,"TAC"
2019,"William Dennison Residents Association","Neighbourhood",13,2975,"CCRF"
2019,"Windermere United Church","Neighbourhood",4,4365,"PTCG"
2019,"wind in the leaves collective","Local",14,15000,"TAC"
2019,"Winterstations Inc","Local",10,6000,"TAC"
2019,"With/out Pretend","City Wide",4,7500,"TAC"
2019,"Woburn Community Residents","Neighbourhood",24,6440,"NCAG"
2019,"Woburn Park Community Residents","Neighbourhood",24,1500,"NG"
2019,"Woman Abuse Council of Toronto","City Wide",5,62650,"CSP"
2019,"Women From Space","City Wide",9,5250,"TAC"
2019,"Women in STEM (WIS)","Local",19,10000,"INI"
2019,"Women's Musical Club of Toronto","City Wide",13,2500,"TAC"
2019,"WoodGreen Community Services","Local",14,427145,"CSP"
2019,"Wordswell","Neighbourhood",17,1700,"CCRF"
2019,"Workers' Action Centre","City Wide",11,60130,"CSP"
2019,"Working Women Community Centre","City Wide",9,217705,"CSP"
2019,"Workman Arts Project of Ontario","City Wide",9,20000,"TAC"
2019,"Xenia Concerts Inc.","City Wide",11,14638,"TAC"
2019,"xLq Pop Art Performance","City Wide",9,5000,"TAC"
2019,"Xpace Cultural Centre","City Wide",9,18000,"TAC"
2019,"Y+ Contemporary","Local",25,12000,"TAC"
2019,"YDM416","Neighbourhood",13,10000,"INI"
2019,"Yonge Street Mission","local",13,1e+05,"CB"
2019,"York West Active Living Centre","Neighbourhood",5,119835,"CSP"
2019,"York-Fairbank Centre for Seniors of the City of York","Neighbourhood",12,225500,"CSP"
2019,"York-Fairbank Centre for Seniors of the City of York","local",12,38685,"CSP"
2019,"York-Fairbank Centre for Seniors of the City of York","local",12,15000,"CSP"
2019,"Yorkminster Park Meals on Wheels","Local",12,9710,"CSP"
2019,"Yorktown Family Services","Local",8,37610,"CSP"
2019,"Yoru Collective","City Wide",9,10000,"TAC"
2019,"Young and Potential Fathers Initiative","neighbourhood",5,10000,"EG"
2019,"Young People's Theatre","City Wide",13,326000,"TAC"
2019,"Young Women's Group","Neighbourhood",5,3000,"CCRF"
2019,"Youth Assisting Youth","City Wide",18,58935,"CSP"
2019,"Youth Empowering Parents","City-wide",13,14300,"WRCG"
2019,"Youth Program","Neighbourhood",5,1000,"NG"
2019,"Youth Without Shelter","Neighbourhood",1,3000,"CCRF"
2019,"YWCA Toronto","Neighbourhood",1,2308,"CCRF"
2019,"YYZ Artists' Outlet","City Wide",10,65000,"TAC"
2019,"Zata Omm Dance Projects","Local",13,15000,"TAC"
2019,"ZOU Theatre Company","City Wide",4,15000,"TAC"
2020,"11661183 Canada Association","Local",8,10408,"TAC"
2020,"1S1 Collective","City-wide",10,20000,"TAC"
2020,"2000FeetUp Theatre","Local",18,13500,"TAC"
2020,"42 Voices","Neighbourhood",23,1750,"NG"
2020,"50/50 Performing Arts Collective","City-wide",8,15000,"TAC"
2020,"5N2 Kitchen","Local",24,99600,"TOS"
2020,"5N2 Kitchen","Local",24,160000,"TOS"
2020,"A Space Gallery","City-wide",10,62000,"TAC"
2020,"Abrigo Centre","Local",9,114380,"CSP"
2020,"Access Alliance Multicultural Health and Community Services","City-wide",11,217020,"CSP"
2020,"Access Alliance Multicultural Health and Community Services","City-wide",11,20000,"TAC"
2020,"Across Boundaries","City-wide",8,70000,"TOS"
2020,"Across Boundaries","City-wide",8,15000,"TOS"
2020,"Across Boundaries","City-wide",8,185000,"TOS"
2020,"Across Oceans","City-wide",11,6000,"TAC"
2020,"Actors Repertory Company","City-wide",13,15000,"TAC"
2020,"Adelheid Dance Projects","City-wide",9,15000,"TAC"
2020,"Adornment Stories Collective","Neighbourhood",5,3000,"NG"
2020,"Afghan Women's Counseling and Integration
Community Support Organization","City-wide",17,81260,"CSP"
2020,"Afri - Can Food Basket","City-wide",6,80000,"TOS"
2020,"Afri - Can Food Basket","City-wide",6,75000,"TOS"
2020,"Africans in Partnership Against AIDS / APAA","City-wide",13,112020,"CSP"
2020,"Africans in Partnership Against AIDS / APAA","City-wide",13,50000,"TOS"
2020,"Aga Khan Museum","City-wide",16,2e+05,"CADP"
2020,"Against the Grain Theatre","City-wide",13,9000,"TAC"
2020,"Agincourt Community Services Association","City-wide",22,219115,"CSP"
2020,"Agincourt Community Services Association","Local",22,65000,"INO"
2020,"Agincourt Community Services Association","Local",22,50000,"TOS"
2020,"Agincourt Community Services Association (ACSA)","Local",22,2e+05,"YVP"
2020,"Agincourt Community Services Association","City-wide",22,86812,"HIF"
2020,"Agincourt Community Services Association","City-wide",22,53132,"HIF"
2020,"Agincourt Community Services Association","City-wide",22,86212,"HIF"
2020,"Ahuri Theatre","City-wide",9,17625,"TAC"
2020,"AIDS Committee of Toronto","City-wide",13,74950,"CSP"
2020,"Albion Neighbourhood Services","Local",1,447000,"HIF"
2020,"Albion Neighbourhood Services","Local",1,163450,"CSP"
2020,"Albion Neighbourhood Services","Neighbourhood",1,2e+05,"YVP"
2020,"Alexandra Park Community Centre","Local",10,3000,"CCRF"
2020,"Alexandra Park Community Centre","Local",10,18750,"PG"
2020,"Alexandra Park Community Centre","Neighbourhood",10,40000,"TOS"
2020,"Alexandra Park Community Centre/Fork in the Road","Neighbourhood",10,18750,"PG"
2020,"Alexandra Park Community Centre/Alexandra Park Cooperative","Local",10,18750,"PG"
2020,"Alliance for Equality of Blind Canadians","City-wide",10,50000,"TOS"
2020,"Alliance Francaise de Toronto","City-wide",11,11000,"TAC"
2020,"Aluna Theatre","City-wide",9,45500,"TAC"
2020,"Amadeus Choir of Greater Toronto","City-wide",23,25375,"TAC"
2020,"Amici Chamber Ensemble","City-wide",16,20000,"TAC"
2020,"Amir Akbari","Neighbourhood",24,14400,"StART PP"
2020,"Amplified Opera","City-wide",10,15000,"TAC"
2020,"Anandam Dancetheatre Productions","City-wide",9,21000,"TAC"
2020,"ANDPVA","Local",11,15000,"TAC"
2020,"Angel Foundation for Learning","City-wide",18,4352722,"SNP"
2020,"Anishnawbe Health Toronto (AHT)","City-wide",13,1e+05,"TOS"
2020,"Anne Johnston Health Station – Tobias House Attendant Care (operating as Vibrant Healthcare
Alliance)","City-wide",8,40640,"CSP"
2020,"Aphasia Institute","City-wide",16,24315,"CSP"
2020,"Applegrove Community Complex","Neighbourhood",14,60000,"CB"
2020,"Arab Community Centre of Toronto","Local",2,20000,"TAC"
2020,"Arab Community Centre of Toronto","City-wide",2,43010,"CSP"
2020,"Arbor Day Foundation","City-wide",18,9900,"FOR"
2020,"ARCH Disability Law Centre","City-wide",10,34410,"CSP"
2020,"Architect Theatre","City-wide",11,15000,"TAC"
2020,"Armenian Relief Society Inc. Roubina Chapter","City-wide",17,24315,"CSP"
2020,"Arraymusic","City-wide",10,48090,"TAC"
2020,"Art Fusion","City-wide",20,5000,"TAC"
2020,"Art Gallery of Ontario","City-wide",10,684000,"CADP"
2020,"Art Gallery of York University","City-wide",7,73000,"TAC"
2020,"Art Gallery of York University","Local",7,25000,"TAC"
2020,"Art Ignite","Local",16,10000,"TAC"
2020,"Art Ignite","Local",16,12000,"TAC"
2020,"Art Metropole","City-wide",9,40000,"TAC"
2020,"Art Museum University of Toronto","City-wide",11,20000,"TAC"
2020,"Art Spin Toronto","Local",9,9500,"TAC"
2020,"Art Starts","City-wide",8,72000,"TAC"
2020,"Artists Film Exhibition Group","City-wide",9,23000,"TAC"
2020,"Arts Etobicoke","Neighbourhood",1,60000,"StART PP"
2020,"Arts Etobicoke","Local",3,436295,"LASO"
2020,"Arts Etobicoke","Local",3,50000,"TAC"
2020,"Arts Inter-Media Canada/Dance Collection Danse","City-wide",13,37400,"TAC"
2020,"Arts4All Creative Society","City-wide",9,15000,"TAC"
2020,"Ashkenaz Foundation","City-wide",11,50000,"TAC"
2020,"Aspirare Vocal Collective","City-wide",12,2400,"TAC"
2020,"At Dem","City-wide",9,13000,"TAC"
2020,"AWHL - Assaulted Women's Helpline","City-wide",10,63930,"CSP"
2020,"AWHL - Assaulted Women's Helpline","City-wide",10,1e+05,"CSP"
2020,"Axis Music Inc.","Local",11,10500,"TAC"
2020,"b current Performing Arts Corp","City-wide",12,30000,"TAC"
2020,"Bach Children's Chorus of Scarborough","City-wide",24,31100,"TAC"
2020,"Bad Hats Theatre","City-wide",11,15000,"TAC"
2020,"Bad New Days","City-wide",4,15000,"TAC"
2020,"Bad Pony Productions","City-wide",9,4000,"TAC"
2020,"Bain Apartments Co-operative Inc.","Neighbourhood",14,24101,"WRCG"
2020,"Ballet Creole","City-wide",9,18000,"TAC"
2020,"Ballet Jörgen Canada","City-wide",12,95000,"TAC"
2020,"BAM! Toronto Youth Slam","City-wide",6,13500,"TAC"
2020,"Barbra Schlifer Commemorative Clinic","City-wide",11,55795,"CSP"
2020,"Bathurst Finch Senior Society (BASS)","Neighbourhood",6,2500,"NG"
2020,"Bathurst Finch Women's Group","Neighbourhood",6,2500,"NG"
2020,"Batuki Music Society","City-wide",11,15000,"TAC"
2020,"Bayview Village Association","Neighbourhood",17,550,"FOR"
2020,"Beading by US","Neighbourhood",21,2800,"NG"
2020,"Belka Enrichment Centre/Caribbean Global Mission","Local",7,40000,"TOS"
2020,"Bereaved Families of Ontario - Toronto","City-wide",12,7625,"TAC"
2020,"Bereaved Families of Ontario-Toronto","City-wide",12,73300,"CSP"
2020,"Better Living Health and  Community Services","Neighbourhood",16,239370,"CSP"
2020,"Better Living Health and Community Services","Local",16,65000,"INO"
2020,"BHJMS Parents Group","Neighbourhood",1,3000,"NG"
2020,"Bigger Than We Collective","City-wide",13,9330,"TAC"
2020,"Bikur Cholim","City-wide",8,10000,"TOS"
2020,"Birchmount Bluffs Neighbourhood Centre","Local",20,91155,"CSP"
2020,"Birchmount Wellness","Neighbourhood",21,2200,"NG"
2020,"Black Coalition for AIDS Prevention","City-wide",13,57376,"TOS"
2020,"Black Coalition for AIDS Prevention","City-wide",13,30000,"TOS"
2020,"Black COVID Resilience Health Promotion Project","City-wide",16,25745,"TOS"
2020,"Black Creek","Neighbourhood",7,2000,"NG"
2020,"Black Creek Community Farm","Local",7,1e+05,"TOS"
2020,"Black Creek Community Farm","Local",7,227434,"TOS"
2020,"Black Creek Community Health Centre","City-wide",7,180000,"TOS"
2020,"Black Creek Community Health Centre","Local",7,60000,"TOS"
2020,"Black Creek Community Health Centre","Local",7,60000,"TOS"
2020,"Black Creek Youth Initiative","Neighbourhood",5,2500,"NG"
2020,"Black Lily Arts","Local",5,10000,"TAC"
2020,"Black Lives Matter- Toronto","City-wide",9,35000,"TAC"
2020,"Black Seed","Neighbourhood",8,3000,"CCRF"
2020,"Black Women Film! Canada","City-wide",20,10000,"TAC"
2020,"Black Youth Commission","Neighbourhood",7,3000,"NG"
2020,"Blanket Program","Local",7,9946,"TAC"
2020,"Blissymbolics Communication Institute Canada","City-wide",16,14500,"TAC"
2020,"Blue Ceiling Dance","City-wide",4,6439,"TAC"
2020,"Bob Rumball Canadian Centre of Excellence for the Deaf","City-wide",15,14760,"CSP"
2020,"Bob Rumball Canadian Centre of Excellence for the Deaf","Local",15,60000,"TOS"
2020,"Bonesthrown","Local",10,13000,"TAC"
2020,"Boost Child and Youth Advocacy Centre","City-wide",15,285105,"CSP"
2020,"BoucharDanse","City-wide",9,15000,"TAC"
2020,"Braeburn Neighbourhood Place","Local",1,51985,"CSP"
2020,"BrAIDS for AIDS","City-wide",10,15000,"TOS"
2020,"Breakthroughs Film Festival","City-wide",9,7500,"TAC"
2020,"Brick Literary Collective","City-wide",11,5000,"TAC"
2020,"BSAM Canada Institute","City-wide",10,7000,"TAC"
2020,"Buddies in Bad Times Theatre","City-wide",13,168500,"TAC"
2020,"Building Up","City-wide",5,3e+05,"TAF"
2020,"Bureau of Power & Light Collective","Neighbourhood",10,60000,"StART PP"
2020,"Cabbagetown Youth Centre Inc.","Neighbourhood",13,15000,"CB"
2020,"Cabbagetown Youth Centre Inc.","Neighbourhood",13,40545,"CSP"
2020,"Cabbagetown Youth Centre Inc.","Neighbourhood",13,214444,"CSP"
2020,"CADA/East","City-wide",13,21000,"TAC"
2020,"Cahoots Theatre","City-wide",13,50000,"TAC"
2020,"Cajuca Mas Arts Producers","Local",21,15000,"TAC"
2020,"Cana Seniors' Activity Centre","Neighbourhood",21,1250,"NG"
2020,"Canada Comics Open Library","Local",13,6000,"TAC"
2020,"Canada International Scientific Exchange Program","City-wide",11,50000,"TOS"
2020,"Canada's National Ballet School","City-wide",13,225000,"CADP"
2020,"Canadian Centre for Victims of Torture","City-wide",13,28785,"CSP"
2020,"Canadian Children's Opera Company","City-wide",13,24700,"TAC"
2020,"Canadian Contemporary Dance Theatre","City-wide",13,56000,"TAC"
2020,"Canadian Dance Assembly / Assemblée canadienne de la danse","City-wide",13,15000,"TAC"
2020,"Canadian Gambian Youth Development
Association","Local",3,25140,"TOS"
2020,"Canadian Music Centre","City-wide",13,73000,"TAC"
2020,"Canadian Opera Company","City-wide",13,1500000,"TAC"
2020,"Canadian Stage","City-wide",13,832000,"TAC"
2020,"Canadian Tamil Youth Development Centre","City-wide",24,136665,"CSP"
2020,"CanAsian Dance Festival","City-wide",13,22000,"TAC"
2020,"Canzine Arts Festival","City-wide",9,3140,"TAC"
2020,"Carefirst Seniors and Community Services Association","City-wide",22,100970,"CSP"
2020,"Carefirst Seniors and Community Services Association","Local",22,20000,"TOS"
2020,"careful collective","City-wide",9,10000,"TAC"
2020,"CARFAC Ontario","City-wide",10,24000,"TAC"
2020,"Caribbean African Canadian Social Services (CAFCAN)","Local",7,65000,"INO"
2020,"Caribbean African Canadian Social Services (CAFCAN)","City-wide",7,70000,"TOS"
2020,"Caribbean African Canadian Social Services 
(CAFCAN)","Local",7,2e+05,"TOS"
2020,"CaribbeanTales","City-wide",9,15000,"TAC"
2020,"CaribbeanTales","City-wide",9,15000,"TAC"
2020,"Casa Maiz Cultural Centre Inc.","Local",6,13000,"TAC"
2020,"Cathedral Bluffs Symphony Orchestra","Local",20,20000,"TAC"
2020,"Catholic Crosscultural Services","City-wide",21,28710,"CSP"
2020,"Cecil Community Centre","Local",11,5530,"CSP"
2020,"Centre for Young Black Professionals","City-wide",17,50000,"CB"
2020,"Centre for Young Black Professionals","Neighbourhood",17,52000,"CB"
2020,"Centre for Young Black Professionals","Local",17,191898,"YVP"
2020,"Centre for Young Black Professionals","City-wide",17,60000,"TOS"
2020,"Centre for Young Black Professionals","City-wide",17,50000,"TOS"
2020,"Centre for Young Black Professionals","City-wide",17,30000,"TOS"
2020,"Centre for Young Black Professionals","City-wide",17,50000,"TOS"
2020,"Centennial College of Applied Arts and Technology","Neighbourhood",14,5010,"FOR"
2020,"Central Eglinton Community Centre","Neighbourhood",12,29630,"CSP"
2020,"Central Etobicoke Community Hub Initiative","Local",2,10000,"INO"
2020,"Centre for Connected Communities/MakeWay","Local",25,1e+05,"INO"
2020,"Centre for Equality Rights in Accommodation (CERA)","City-wide",10,118672,"HIF"
2020,"Centre for Immigrant and Community Services","City-wide",22,128150,"CSP"
2020,"Centre for Independent Living in Toronto (C.I.L.T.)","City-wide",13,25610,"CSP"
2020,"Centre for Indigenous Theatre","City-wide",10,54450,"TAC"
2020,"Centre for Social Innovation","Neighbourhood",13,35000,"PG"
2020,"Centre for Social Innovation","Neighbourhood",13,47000,"PG"
2020,"CFMDC","City-wide",9,51000,"TAC"
2020,"Charles Street Video","City-wide",9,54500,"TAC"
2020,"Children's Aid Society of Toronto","City-wide",14,57409,"HIF"
2020,"Children's Peace Theatre","City-wide",19,50000,"TAC"
2020,"Chinese Artists Society of Toronto","City-wide",22,14500,"TAC"
2020,"Chinese Canadian National Council Toronto Chapter","City-wide",21,61520,"CSP"
2020,"Chinese Family Services of Ontario","City-wide",22,40925,"CSP"
2020,"Chocolate Woman Collective","City-wide",9,15000,"TAC"
2020,"Christie Ossington Neighbourhood Centre","City-wide",9,75015,"CSP"
2020,"CineFAM","City-wide",9,9000,"TAC"
2020,"CineFAM","City-wide",9,15000,"TAC"
2020,"Citadel + Compagnie","City-wide",13,57000,"TAC"
2020,"Clay and Paper Theatre","City-wide",9,24000,"TAC"
2020,"Clay and Paper Theatre","Local",9,25000,"TAC"
2020,"Clean Air Partnership","City-wide",10,122000,"TAF"
2020,"Cliffcrest Community Centre (operating as Heart Beatz)","Local",24,36870,"CSP"
2020,"Climate Change Mount Dennis","Neighbourhood",5,3000,"NG"
2020,"CNIB Foundation","Neighbourhood",12,25000,"StART PP"
2020,"Coalition Building","City-wide",9,25000,"TAC"
2020,"Coalition Building","Local",9,19500,"TAC"
2020,"Coalition of Canadian Independent Media Art Distributors (CCIMAD)","City-wide",9,55000,"TAC"
2020,"Coco Collective","Local",1,10000,"TAC"
2020,"Community Arts Guild","Local",19,25000,"TAC"
2020,"Community Information Fairview","Local",17,35175,"CSP"
2020,"Community Social Planning Council of Toronto","City-wide",13,426200,"CSP"
2020,"Community Social Planning Council of Toronto","Neighbourhood",13,260003,"NG"
2020,"Community Story Collective","Local",14,11700,"TAC"
2020,"Concrete Cabaret","City-wide",9,13150,"TAC"
2020,"Confluence Concerts","City-wide",11,10400,"TAC"
2020,"Connect Youth","Neighbourhood",5,2500,"NG"
2020,"Continuum Contemporary Music Ensemble","City-wide",5,26000,"TAC"
2020,"CORPUS","City-wide",9,33000,"TAC"
2020,"Corvette Community Advocates","Neighbourhood",20,2500,"NG"
2020,"COSTI Immigrant Services","City-wide",7,541725,"HIF"
2020,"COSTI Immigrant Services","City-wide",9,140805,"CSP"
2020,"Council of Agencies Serving South Asians","City-wide",23,61520,"CSP"
2020,"Covenant House","Neighbourhood",13,115000,"PG"
2020,"Covenant House Toronto","Neighbourhood",13,3000,"CCRF"
2020,"CP Planning and Black UrbanismTO","Local",5,1787,"CCRF"
2020,"Craft Ontario","City-wide",9,23100,"TAC"
2020,"Creation Company","City-wide",10,15000,"TAC"
2020,"Crip Rave","City-wide",5,8000,"TAC"
2020,"Critical Distance Centre for Curators","City-wide",10,50000,"TAC"
2020,"Critical Distance Centre for Curators","City-wide",10,11000,"TAC"
2020,"Cross Toronto Community Development Corporation (Fresh Start Cleaning)","Local",4,139108,"HIF"
2020,"Crows Theatre","City-wide",14,48000,"TAC"
2020,"CUE-SKETCH","City-wide",10,15000,"TAC"
2020,"CultureLink Settlement and Community Services","City-wide",4,104990,"CSP"
2020,"CultureLink Settlement and Community Services","Local",4,199074,"YVP"
2020,"Daily Bread Food Bank","City-wide",3,150000,"TOS"
2020,"Dance Immersion Ontario","City-wide",11,35000,"TAC"
2020,"Dance Matters Dance Productions","City-wide",14,10000,"TAC"
2020,"Dance Me a Song Collective","City-wide",12,2500,"TAC"
2020,"Dance Ontario Association","City-wide",10,20000,"TAC"
2020,"Dance Together Festival","Local",3,25000,"TAC"
2020,"Dancemakers","City-wide",10,96600,"TAC"
2020,"DanceWorks","City-wide",10,55000,"TAC"
2020,"Dashmaawaan Bemaadzinjin - They Feed the People","City-wide",3,50000,"TOS"
2020,"Davenport-Perth Neighbourhood and Community
Health Centre","Neighbourhood",9,94305,"CSP"
2020,"DAWA Collective","City-wide",19,18000,"TAC"
2020,"Dead Projects","City-wide",9,11000,"TAC"
2020,"DeenUp Athletics (COVID19 Youth-Led)","Neighbourhood",13,3000,"CCRF"
2020,"Delta Family Resource Centre","Local",1,25000,"TAC"
2020,"Delta Family Resource Centre","City-wide",1,15000,"CCRF"
2020,"Delta Family Resource Centre","City-wide",1,118710,"CSP"
2020,"Delta Family Resource Centre","Local",1,65000,"INO"
2020,"Delta Family Resource Centre","Local",1,26000,"TOS"
2020,"Delta Family Resource Centre","Local",1,8000,"TOS"
2020,"Delta Family Resource Centre","Local",1,174988,"CSP"
2020,"Department of Imaginary Affairs","Local",13,15000,"TAC"
2020,"DevelopMe Youth","Neighbourhood",5,1000,"NG"
2020,"Dia de los Muertos Collective","Local",12,13000,"TAC"
2020,"Diaspora Dialogues","City-wide",11,46000,"TAC"
2020,"Din of Shadows","City-wide",11,3400,"TAC"
2020,"Directors Lab North","City-wide",14,10000,"TAC"
2020,"Distress Centres of Toronto","City-wide",13,123875,"CSP"
2020,"Dixon Community Services","Local",1,58995,"CSP"
2020,"Dixon Hall (operating as Dixon Hall Neighbourhood Services)","Local",13,343645,"CSP"
2020,"Doris McCarthy Gallery, University of Toronto Scarborough","Local",25,54900,"TAC"
2020,"Dorset Park Asian-up","Neighbourhood",21,1250,"NG"
2020,"Doubletalks Collective","Local",12,8275,"TAC"
2020,"Dovercourt Boys' and Girls' Club","Local",9,58170,"CSP"
2020,"Dreamers League","Neighbourhood",8,1500,"NG"
2020,"Dreamwalker Dance Company","City-wide",9,25000,"TAC"
2020,"Dusk Dances Inc.","City-wide",9,33000,"TAC"
2020,"Each One Teach One","Local",2,3000,"CCRF"
2020,"East End Arts","City-wide",14,183000,"LASO"
2020,"East Scarborough Boys & Girls Club & Next Generation Arts","Local",24,2e+05,"YVP"
2020,"East Scarborough Boys and Girls Club","Local",24,184405,"CSP"
2020,"East Scarborough Boys and Girls Club","Local",24,175000,"INO"
2020,"East Scarborough Boys and Girls Club","Local",24,4e+05,"TOS"
2020,"East Scarborough Boys and Girls Club","Local",24,327600,"TOS"
2020,"East Scarborough Storefront-Tides Canada","City-wide",24,93315,"CSP"
2020,"East York and East Toronto Family Resources","City-wide",14,31355,"CSP"
2020,"East York East Toronto Family Resources","Local",14,226898.06,"HIF"
2020,"East York Meals on Wheels","Local",15,30145,"CSP"
2020,"Eastview Neighbourhood Community Centre","Local",14,69910,"CSP"
2020,"Echo Women's Choir","City-wide",13,9000,"TAC"
2020,"Elevate Equity","Local",3,10000,"TAC"
2020,"Elspeth Heyworth Centre For Women (North York)","Local",7,31245,"CSP"
2020,"Emerging Young Artists Inc.","City-wide",10,8500,"TAC"
2020,"Emotionart","Local",14,7720,"TAC"
2020,"Employment and Economic Development Social Development Plan Working Table","Neighbourhood",13,2000,"NG"
2020,"Engaged Communities","Local",15,2625,"CCRF"
2020,"Environmental Defence","City-wide",10,240000,"TAF"
2020,"ephemera Collective","City-wide",14,6000,"TAC"
2020,"Epilepsy Toronto","City-wide",13,44670,"CSP"
2020,"Eritrean Canadian Community Centre of Metropolitan Toronto","City-wide",12,31980,"CSP"
2020,"Eritrean Canadian Community Centre of Metropolitan Toronto","City-wide",12,75000,"TOS"
2020,"Eshkiniigjik Naandwechigegamig, Aabiish Gaa Binjibaaying - ENAGB Youth Program","City-wide",5,199400,"YVP"
2020,"Esmeralda Enrique Spanish Dance Company","City-wide",10,28000,"TAC"
2020,"Ethio-Canadian Seniors Club","Local",4,40000,"TOS"
2020,"Etobicoke Centennial Choir","City-wide",2,4750,"TAC"
2020,"Etobicoke Community Concert Band","Local",3,6500,"TAC"
2020,"Etobicoke North Youth in Sports and Fitness","Neighbourhood",1,1000,"NG"
2020,"Etobicoke Philharmonic Orchestra","City-wide",2,11000,"TAC"
2020,"Etobicoke Services for Seniors","Local",2,111850,"CSP"
2020,"Evangel Hall","Neighbourhood",10,61312,"HIF"
2020,"Evergreen","City-wide",11,8000,"TAC"
2020,"Exercise for Everyone","Neighbourhood",1,3000,"NG"
2020,"Expres Arte","Local",9,6740,"TAC"
2020,"Extend-A-Family","City-wide",8,25585,"CSP"
2020,"Exultate Chamber Singers","City-wide",11,8000,"TAC"
2020,"Factory Theatre","City-wide",10,169500,"TAC"
2020,"FADO Performance Inc.","City-wide",10,24000,"TAC"
2020,"Fall for Dance North Festival Inc.","City-wide",18,15000,"TAC"
2020,"Falstaff Junior Youth Council","Neighbourhood",5,2000,"NG"
2020,"Family Service Toronto","City-wide",13,113205,"CSP"
2020,"Family Service Toronto","City-wide",13,10000,"TOS"
2020,"Fault Line Productions","City-wide",9,10000,"TAC"
2020,"FCJ Refugee Centre","City-wide",9,99000,"TOS"
2020,"FCJ Refugee Centre","City-wide",9,40000,"TOS"
2020,"Feed It Forward","Local",4,95000,"TOS"
2020,"Feed It Forward","Local",4,72000,"TOS"
2020,"Feed the Frontlines","Neighbourhood",1,75000,"TOS"
2020,"Feel Ways","Local",25,20000,"TAC"
2020,"Femmes du Feu Creations","City-wide",9,6000,"TAC"
2020,"Fernie Youth Services (Formerly Fernie House)","Neighbourhood",21,291356,"YVP"
2020,"Festival Management Committee (Toronto Caribbean Carnival)","City-wide",19,625000,"CADP"
2020,"Fife House Foundation Inc.","City-wide",13,150000,"HIF"
2020,"Findhelp Information Services","City-wide",12,1e+05,"CB"
2020,"Findhelp Information Services","City-wide",12,656595,"CSP"
2020,"First Nations House - Indigenous Student Services at the University of Toronto","City-wide",11,30000,"IACP"
2020,"First Portuguese Canadian Cultural Centre of Toronto","Local",9,14760,"CSP"
2020,"Flemingdon Health Centre","Local",16,1e+05,"YVP"
2020,"Flemingdon Park Ministry","Local",16,65000,"INO"
2020,"Flemingdon Park Podcast Association (FPPA)","Neighbourhood",16,1250,"NG"
2020,"Flemingdon Senior Group","Neighbourhood",16,1250,"NG"
2020,"Flemingdon/Thorncliffe Sewing Sustainability
Group","Neighbourhood",16,1250,"NG"
2020,"Flemo Park Community Kings and Queens","Neighbourhood",16,1250,"NG"
2020,"FOCUS Media Arts Centre","Neighbourhood",13,40500,"PG"
2020,"FoodShare Toronto","City-wide",5,150000,"TOS"
2020,"FoodShare Toronto","Neighbourhood",2,50000,"FOR"
2020,"FoodShare Toronto","City-wide",5,230315,"CSP"
2020,"FoodShare Toronto","City-wide",5,250000,"TOS"
2020,"For You Telecare Family Service","City-wide",16,16720,"CSP"
2020,"For Youth Initiative in Toronto","Local",5,129035,"CSP"
2020,"Francophonie en Fete Corporation","City-wide",11,10000,"TAC"
2020,"Franklin Carmichael Art Group","Local",1,4600,"TAC"
2020,"Franklin Horner Community Centre","City-wide",3,31365,"CSP"
2020,"Fred Victor","Local",13,50000,"TOS"
2020,"Friends of Roding Park","Neighbourhood",6,2500,"NG"
2020,"Friends of Thorncliffe Park","Neighbourhood",15,1000,"NG"
2020,"fu-GEN Theatre Company","City-wide",13,28500,"TAC"
2020,"Fujiwara Dance Inventions","City-wide",13,22000,"TAC"
2020,"Fundy Bay & Terry Fox Community","Neighbourhood",22,1500,"NG"
2020,"Gallery 44 Centre for Contemporary Photography","Local",10,86500,"TAC"
2020,"Gardiner Museum","City-wide",11,161535,"CADP"
2020,"Gendai Gallery","City-wide",4,30000,"TAC"
2020,"Generation Chosen","Local",7,22000,"TOS"
2020,"Generator Performance","City-wide",11,36000,"TAC"
2020,"Gerstein Crisis Centre","City-wide",9,40000,"TOS"
2020,"Gerstein Crisis Centre","City-wide",9,70000,"TOS"
2020,"GHANAFEST","Local",1,13500,"TAC"
2020,"Ghanaian Canadian Association of Ontario","City-wide",1,1e+05,"TOS"
2020,"Glad Day Bookshop Proud Voices Collective","City-wide",13,11000,"TAC"
2020,"Glam Team 6ix7","Neighbourhood",21,2500,"NG"
2020,"Glendower Safety Group","Neighbourhood",22,2500,"NG"
2020,"Green Thumbs Growing Kids","Neighbourhood",8,2636.33333333333,"FOR"
2020,"Green Thumbs Growing Kids","Neighbourhood",10,2636.33333333333,"FOR"
2020,"Green Thumbs Growing Kids","Neighbourhood",11,2636.33333333333,"FOR"
2020,"Green Thumbs Growing Kids","Neighbourhood",13,2636.33333333333,"FOR"
2020,"Green Thumbs Growing Kids","Neighbourhood",14,2636.33333333333,"FOR"
2020,"Green Thumbs Growing Kids","Neighbourhood",19,2636.33333333333,"FOR"
2020,"Growing With It","Local",24,10000,"TAC"
2020,"H3 Collective - Heads-On, Hearts-On, Hands-On","Local",25,15840,"TAC"
2020,"Habitat for Humanity Greater Toronto Area","Neighbourhood",9,50000,"FOR"
2020,"Hand Eye Society","City-wide",11,15000,"TAC"
2020,"Harbord Village Residents' Association","Neighbourhood",11,16050,"TAF"
2020,"Harbourfront Centre","City-wide",10,1315500,"CADP"
2020,"Harriet Tubman Community Organization","City-wide",17,54000,"CB"
2020,"Harriet Tubman Community Organization","Local",17,54270,"CSP"
2020,"Harriet Tubman Community Organization","City-wide",17,10000,"TOS"
2020,"Harriet Tubman Community Organization","Local",17,1e+05,"YVP"
2020,"HEARt* (Healing Engagement Artivism for Recovery from Trauma)","Neighbourhood",7,3000,"NG"
2020,"Hemophilia Ontario","City-wide",18,28785,"CSP"
2020,"Hercinia Arts Collective","Local",10,15000,"TAC"
2020,"Heritage Skills Development Center (HSDC)","City-wide",21,13000,"TAC"
2020,"Heritage Skills Development Centre","Local",21,75000,"TOS"
2020,"Highway of Heroes Tree Campaign (Ontario Horticultural Trades Foundation)","Neighbourhood",25,1e+05,"FOR"
2020,"Hispanic Development Council","City-wide",6,61520,"CSP"
2020,"Hong Fook Mental Health Association","City-wide",22,25585,"CSP"
2020,"Hong Fook Mental Health Association","City-wide",22,70000,"TOS"
2020,"Hong Fook Mental Health Association","City-wide",22,40000,"TOS"
2020,"Hospitality Workers Resource Centre","Local",13,80000,"TOS"
2020,"Hospitality Workers Training Centre (HWTC, aka Hawthorn Kitchen)","Local",13,78000,"TOS"
2020,"Hot Damn It's A Queer Slam","City-wide",11,6000,"TAC"
2020,"Hot Docs","City-wide",11,190000,"TAC"
2020,"Hounslow Heath Road Residents","Neighbourhood",9,3000,"NG"
2020,"Human Body Expression Dance Company","Local",19,6000,"TAC"
2020,"Humbermede Youth Advisory Group","Neighbourhood",7,1000,"NG"
2020,"Humewood House Association","City-wide",12,75000,"HIF"
2020,"HXOUSE","City-wide",10,50000,"YCISI"
2020,"iBall Canada","Neighbourhood",16,2500,"NG"
2020,"ImaginArte","Local",10,15000,"TAC"
2020,"imagineNATIVE Film + Media Arts Festival","City-wide",10,75000,"TAC"
2020,"IMMER","Local",4,7220,"TAC"
2020,"Inamorata Dance Collective","City-wide",4,7750,"TAC"
2020,"InDANCE South Asian Dance Arts Inc.","City-wide",13,15000,"TAC"
2020,"Indigenous Fashion Week Toronto","City-wide",14,30000,"IACP"
2020,"Indigenous Performing Arts Alliance","City-wide",10,25000,"IACP"
2020,"Indigenous Performing Arts Alliance","City-wide",10,15000,"TAC"
2020,"INKspire Youth Organization","Local",10,15000,"TAC"
2020,"InkWell Workshops","City-wide",4,18800,"TAC"
2020,"Inner City Angels","City-wide",3,35000,"TAC"
2020,"Inside Out Lesbian and Gay Film Festival Inc.","City-wide",10,52000,"TAC"
2020,"Inspirations Studio","City-wide",4,30000,"TAC"
2020,"Inspiring Ladies","Neighbourhood",6,1000,"NG"
2020,"InterAccess","City-wide",9,51000,"TAC"
2020,"International Readings at Harbourfront","City-wide",10,161000,"TAC"
2020,"Ipsita Nova Dance Projects","City-wide",9,25000,"TAC"
2020,"Iranian Canadian Centre for Art and Culture","City-wide",16,25000,"TAC"
2020,"Iranian Women's Organization of Ontario","City-wide",17,37385,"CSP"
2020,"Islington Centre - Etobicoke Senior Citizens","Neighbourhood",3,37745,"CSP"
2020,"It Could Still Happen","City-wide",9,15000,"TAC"
2020,"J/F Multicultural Resident Group","Neighbourhood",7,2000,"NG"
2020,"Jamaican Canadian Association","City-wide",7,50460,"TOS"
2020,"Jane & Finch Unity Organization","Neighbourhood",7,3000,"CCRF"
2020,"Jane Finch Art Collective","Neighbourhood",7,2000,"NG"
2020,"Jane Finch Community Wellness","Neighbourhood",7,2000,"NG"
2020,"Jane/Finch Community and Family Centre","Local",7,170080,"CSP"
2020,"Jane/Finch Community and Family Centre","Local",7,45000,"TOS"
2020,"Jane/Finch Community and Family Centre","Local",7,75000,"YVP"
2020,"Jane/Finch Community and Family Centre","Local",7,2284,"CCRF"
2020,"Japanese Social Services","City-wide",16,31980,"CSP"
2020,"JAYU Festival Inc","City-wide",10,13000,"TAC"
2020,"Jean Augustine Centre for Young Women's Empowerment","Local",3,28000,"TOS"
2020,"Jeng Yi","Local",18,12720,"TAC"
2020,"Jessie's, The June Callwood Centre for Young Women","City-wide",13,24015,"CSP"
2020,"Jessie's, The June Callwood Centre for Young Women","City-wide",13,60000,"HIF"
2020,"Jubilate Singers","City-wide",11,5000,"TAC"
2020,"Jules Vodarek Hunter and Morgan Davis","Local",9,8550,"TAC"
2020,"July 19th Productions","City-wide",6,1335,"TAC"
2020,"Jumblies Theatre","City-wide",10,82000,"TAC"
2020,"Kababayan Community Service Centre Inc","City-wide",4,36870,"CSP"
2020,"Kaeja d'Dance","City-wide",11,34600,"TAC"
2020,"Kaeja d'Dance","Local",11,25000,"TAC"
2020,"Kaeja d'Dance","Local",11,15000,"TAC"
2020,"Kahawi Dance Theatre","Local",11,40000,"TAC"
2020,"KCWA Family and Social Services","City-wide",11,43560,"CSP"
2020,"KeepRockinYou","City-wide",12,12750,"TAC"
2020,"KGO Youth Group","Neighbourhood",24,3000,"NG"
2020,"Kick Start Arts Society","Local",1,12000,"TAC"
2020,"Kintsugi","Neighbourhood",5,1000,"NG"
2020,"Kitchen 24 (Soup Kitchen 24)","Local",7,96000,"TOS"
2020,"Koffler Gallery of the Koffler Centre of the Arts","City-wide",10,50000,"TAC"
2020,"Koffler Gallery of the Koffler Centre of the Arts","Local",10,20000,"TAC"
2020,"Korean Dance Studies Society of Canada","City-wide",16,17000,"TAC"
2020,"Korean Senior Citizens Society of Toronto","City-wide",11,24590,"CSP"
2020,"Kuné","City-wide",4,10000,"TAC"
2020,"Kuné","Local",4,10000,"TAC"
2020,"La Passerelle Integration et Developpement Economique","City-wide",13,69385,"CSP"
2020,"La Passerelle Integration et Developpement Economique","City-wide",13,50000,"TOS"
2020,"Labyrinth Musical Workshop Ontario","City-wide",14,8460,"TAC"
2020,"Labyrinth Musical Workshop Ontario","Local",14,20332,"TAC"
2020,"Lakeshore Area Multi-Service Project (LAMP)","Local",3,88510,"CSP"
2020,"Lakeshore Area Multi-Service Project (LAMP)","Local",3,48670,"TOS"
2020,"Lakeshore Area Multi-Service Project (LAMP)","Local",3,10700,"WRCG"
2020,"Lakeshore Arts","City-wide",3,313430,"LASO"
2020,"Lao Association of Ontario","City-wide",6,34545,"CSP"
2020,"Latin American Art Projects","City-wide",10,25000,"TAC"
2020,"Latin mom in Canada","Neighbourhood",8,2000,"NG"
2020,"Latino Canadian Cultural Association","City-wide",14,7370,"TAC"
2020,"Latvian Senior Citizens' Association in Metropolitan
Toronto","City-wide",16,12305,"CSP"
2020,"Lawrence Heights Parents Association","Neighbourhood",8,2150,"CCRF"
2020,"Lawrence Heights Resources Distribution","Neighbourhood",8,2850,"CCRF"
2020,"Lawrence Heights United Seniors","Neighbourhood",8,2000,"NG"
2020,"Le collectif du Concierge","City-wide",11,12000,"TAC"
2020,"Le Laboratoire d'Art","City-wide",10,18000,"TAC"
2020,"Le Theatre francais de Toronto","City-wide",11,115000,"TAC"
2020,"Le Théâtre La Tangente","City-wide",12,15000,"TAC"
2020,"Leadership For Humber Summit","Neighbourhood",7,1000,"NG"
2020,"LEAF - Local Enhancement and Appreciation of Forests","City-wide",12,54505,"FOR"
2020,"LEAF - Local Enhancement and Appreciation of Forests","City-wide",12,33500,"FOR"
2020,"LEAF - Local Enhancement and Appreciation of Forests","City-wide",12,1e+05,"FOR"
2020,"League of Canadian Poets","City-wide",13,19100,"TAC"
2020,"Learning Beyond Adversity","Neighbourhood",7,3000,"CCRF"
2020,"Learning Disabilities Association of Toronto District","City-wide",18,65615,"CSP"
2020,"The Learning Disabilities Association of Toronto
District","City-wide",18,50000,"TOS"
2020,"lemonTree theatre creations","City-wide",10,15000,"TAC"
2020,"Les Centres d'Accueil Héritage","City-wide",10,66490,"CSP"
2020,"Lesbian Gay Bi Trans Youth Line","City-wide",13,46390,"CSP"
2020,"Leslie Ting Productions","City-wide",9,10000,"TAC"
2020,"Lester Trips (Theatre)","City-wide",12,9025,"TAC"
2020,"Liaison of Independent Filmmakers of Toronto","City-wide",9,77000,"TAC"
2020,"Lifted by Purpose & Trustee","Local",10,22000,"TOS"
2020,"Link Music Lab","Local",11,8000,"TAC"
2020,"Little Pear Garden Dance Company","City-wide",17,18000,"TAC"
2020,"Living Improvement for York South-Weston","Neighbourhood",5,3000,"NG"
2020,"Long Branch Neighbourhood Association","Neighbourhood",3,43500,"FOR"
2020,"Long Branch Neighbourhood Association","Neighbourhood",3,650,"FOR"
2020,"Long Winter","City-wide",9,15000,"TAC"
2020,"Loop Sessions Toronto","City-wide",11,14500,"TAC"
2020,"Lost & Found Collective","City-wide",11,12500,"TAC"
2020,"Lotherton Community Group","Neighbourhood",8,1500,"NG"
2020,"Loyola Arrupe Centre for Seniors (operating as LA Centre for Active Living)","City-wide",9,24075,"CSP"
2020,"Lua Shayenne Dance Company","City-wide",13,1e+05,"TAC"
2020,"Lula Music and Arts Centre","City-wide",9,65000,"TAC"
2020,"Lumacare Services","City-wide",6,93180,"CSP"
2020,"Lumacare Services","Local",6,65000,"INO"
2020,"MABELLEarts","Local",9,24000,"TAC"
2020,"madonnanera","City-wide",18,13000,"TAC"
2020,"Malvern C.A.R.E.S","Neighbourhood",25,1600,"NG"
2020,"Malvern Family Resource Centre","Local",25,212750,"CSP"
2020,"Malvern Seniors Group","Neighbourhood",25,1650,"NG"
2020,"Mammalian Diving Reflex Theatre Group","City-wide",10,25000,"TAC"
2020,"Maniac Star","City-wide",4,10000,"TAC"
2020,"Manifesto Community Projects","City-wide",10,50000,"YCISI"
2020,"Manifesto Community Projects Inc.","City-wide",10,39000,"TAC"
2020,"Mayworks Festival","City-wide",11,25000,"TAC"
2020,"Mercer Union, A Centre for Contemporary Visual Art","City-wide",9,72500,"TAC"
2020,"Metropolitan Action Committee on Violence Against
Women and Children","City-wide",11,337620,"CSP"
2020,"Midaynta Community Service","Local",1,75000,"TOS"
2020,"Miles Nadal Jewish Community Centre","City-wide",11,9800,"TAC"
2020,"Mind and Spirit Youth Leadership","Neighbourhood",21,2000,"NG"
2020,"Mixed Company Theatre","City-wide",13,18825,"TAC"
2020,"Modern Batik Couture","Local",6,15000,"TAC"
2020,"Modern Times Stage Company","City-wide",9,37500,"TAC"
2020,"Momiji Health Care Society","City-wide",24,39395,"CSP"
2020,"Mommy Monitor","City-wide",10,11000,"TOS"
2020,"Mood Disorders Association of Ontario and Toronto","City-wide",8,19200,"CSP"
2020,"Moonhorse Dance Theatre","City-wide",9,15000,"TAC"
2020,"Morningside Community Changers","Neighbourhood",24,2000,"NG"
2020,"MORNINGSIDE-MORNELLE","Neighbourhood",24,1000,"NG"
2020,"Mozambique Community Centre","Local",10,12000,"TOS"
2020,"Muhtadi International Drumming Festival","City-wide",12,7000,"TAC"
2020,"Multi Purpose Entertainment Center","Neighbourhood",20,2500,"NG"
2020,"Mural Routes Inc.","City-wide",20,30000,"TAC"
2020,"MUSE ARTS","Neighbourhood",9,42350,"StART PP"
2020,"Museum of Contemporary Art Toronto (MOCA Toronto)","City-wide",9,321313,"CADP"
2020,"Music Africa of Canada Inc.","City-wide",12,43375,"TAC"
2020,"Music From Hope","Local",14,20000,"TAC"
2020,"Music Mondays Community Series","City-wide",13,6000,"TAC"
2020,"Music Picnic","City-wide",9,9000,"TAC"
2020,"Music Toronto","City-wide",13,86500,"TAC"
2020,"Musical Story Studio","Local",9,10000,"TAC"
2020,"Muslim Women's Summer Basketball League","Neighbourhood",5,3000,"NG"
2020,"Nagata Shachu Japanese Taiko and Music Group","City-wide",23,25000,"TAC"
2020,"Nagata Shachu Japanese Taiko and Music Group","City-wide",23,23000,"TAC"
2020,"National African Integration and Families Association (NAIFA)","City-wide",11,40000,"TOS"
2020,"National Shevchenko Musical Ensemble Guild of Canada","City-wide",11,7500,"TAC"
2020,"Native Canadian Centre of Toronto","City-wide",11,86970,"CSP"
2020,"Native Canadian Centre of Toronto - Youth Department","Neighbourhood",11,23300,"StART PP"
2020,"Native Child and Family Services of Toronto","City-wide",13,127775,"CSP"
2020,"Native Child and Family Services of Toronto","City-wide",13,40000,"TOS"
2020,"Native Child and Family Services of Toronto","City-wide",13,10000,"IACP"
2020,"Native Child and Family Services of Toronto","City-wide",13,15000,"TAC"
2020,"Native Child and Family Services of Toronto","City-wide",13,70000,"TOS"
2020,"Native Child and Family Services of Toronto","Neighbourhood",13,115000,"PG"
2020,"Native Earth Performing Arts Inc.","City-wide",13,89250,"TAC"
2020,"Native Women in the Arts","City-wide",10,40000,"TAC"
2020,"Native Women's Resource Centre of Toronto","City-wide",13,98025,"CSP"
2020,"Nautanki Bazaar","City-wide",3,15000,"TAC"
2020,"Necessary Angel Theatre Company","City-wide",10,60300,"TAC"
2020,"Neighbourhood Food Hub","City-wide",14,40000,"TOS"
2020,"Neighbourhood Information Post","Neighbourhood",13,44115,"CSP"
2020,"Neighbourhood Information Post","Neighbourhood",13,66000,"PG"
2020,"Neihbourhood Alliance","Neighbourhood",24,1000,"NG"
2020,"Network for the Advancement of Black Communities","City-wide",7,80000,"CB"
2020,"New Canadian Community Centre","City-wide",17,48265,"CSP"
2020,"New Friends DIY","City-wide",9,4000,"TAC"
2020,"New Harlem Productions","City-wide",4,35000,"TAC"
2020,"New Harlem Productions","Local",4,15000,"TAC"
2020,"New Music Concerts","City-wide",13,52250,"TAC"
2020,"New Tradition Music","Local",7,15000,"TAC"
2020,"newchoir","City-wide",13,5600,"TAC"
2020,"Newcomer Women's Services Toronto","City-wide",14,46050,"CSP"
2020,"Newton Moraes Dance Theatre","Local",13,9000,"TAC"
2020,"Next Generation Arts","Neighbourhood",24,20000,"CCRF"
2020,"Next Level Fashion and Design","City-wide",9,10000,"TAC"
2020,"NExT: Newcomer Education by Theatre","Local",12,14950,"TAC"
2020,"Nia Centre for the Arts","City-wide",12,50000,"YCISI"
2020,"Nia Centre for the Arts","City-wide",12,25000,"TAC"
2020,"Nightswimming Repertory Theatre","City-wide",10,17000,"TAC"
2020,"Nightwood Theatre","City-wide",10,73000,"TAC"
2020,"Nightwood Theatre","Local",10,15000,"TAC"
2020,"No More Silence","City-wide",9,20000,"IACP"
2020,"North York Arts","City-wide",18,287240,"LASO"
2020,"North York Arts","Local",18,50000,"TAC"
2020,"North York Community House","Local",8,229040,"CSP"
2020,"North York Harvest Food Bank","City-wide",5,25585,"CSP"
2020,"North York Harvest Food Bank","City-wide",5,60024,"CSP"
2020,"North York Harvest Food Bank","Local",5,150000,"TOS"
2020,"North York Seniors Centre","Neighbourhood",18,99485,"CSP"
2020,"North York Women's Resource Centre","Local",5,54650,"CSP"
2020,"Northern Visions Independent Video & Film Association","City-wide",10,58000,"TAC"
2020,"Northwood Neighbourhood Services","Local",7,50660,"CSP"
2020,"Obsidian Theatre Company Inc.","City-wide",14,75000,"TAC"
2020,"Obsidian Theatre Company Inc.","City-wide",14,65500,"TAC"
2020,"OCASI - Ontario Council of Agencies Serving Immigrants","City-wide",8,30730,"CSP"
2020,"OCCY","Neighbourhood",19,2500,"NG"
2020,"ODE","City-wide",9,12000,"TAC"
2020,"Odin Quartet","City-wide",9,6600,"TAC"
2020,"on the MOVE","City-wide",11,5650,"TAC"
2020,"Onsite Gallery at OCAD University","City-wide",10,15000,"TAC"
2020,"Ontario Association of Art Galleries","City-wide",10,24000,"TAC"
2020,"Ontario Culture Days","Local",10,11000,"TAC"
2020,"Ontario Home Builders' Association","City-wide",16,170000,"TAF"
2020,"Ontario Nonprofit Network","City-wide",12,25000,"INO"
2020,"Ontario Nonprofit Network","City-wide",12,10000,"TOS"
2020,"Ontario Psychological Association (OPA)","City-wide",12,20000,"TOS"
2020,"Open Book Foundation","City-wide",11,15000,"TAC"
2020,"Open Studio","City-wide",10,73000,"TAC"
2020,"Opera Atelier","City-wide",13,90000,"TAC"
2020,"Opera Five Inc.","City-wide",11,10000,"TAC"
2020,"Opera in Concert","City-wide",14,30000,"TAC"
2020,"Opportunity for Advancement","City-wide",9,51145,"CSP"
2020,"Orchestra Toronto","City-wide",18,22000,"TAC"
2020,"Oriana Women's Choir","City-wide",14,12500,"TAC"
2020,"Orpheus Choir of Toronto","City-wide",12,27000,"TAC"
2020,"Our Angel","City-wide",1,3000,"CCRF"
2020,"Outside the March Theatre Company Inc","City-wide",11,23000,"TAC"
2020,"PAL- Reading Services Inc.","City-wide",13,17025,"CSP"
2020,"Pan Arts Network","City-wide",25,12000,"TAC"
2020,"Paper Frames Studio","Local",10,15000,"TAC"
2020,"Paprika Theatre Festival","City-wide",10,15000,"TAC"
2020,"Parent Council at Military Trail Public School","Neighbourhood",24,2000,"NG"
2020,"Parenting Group","Neighbourhood",15,1000,"NG"
2020,"Parents United","Neighbourhood",8,2500,"CCRF"
2020,"Parkdale Activity Recreation Centre","City-wide",4,25932,"HIF"
2020,"Parkdale Activity-Recreation Centre","City-wide",4,60000,"INO"
2020,"Parkdale Activity-Recreation Centre","City-wide",4,260000,"TOS"
2020,"Parkdale Golden Age Foundation","Neighbourhood",4,62175,"CSP"
2020,"Parkdale Intercultural Association (Toronto)","Neighbourhood",4,71590,"CSP"
2020,"Parkdale Musicians Collective","Neighbourhood",4,1500,"NG"
2020,"Parks N' Wreck","Local",4,25000,"TAC"
2020,"Passive Buildings Canada","City-wide",11,90620,"TAF"
2020,"Passive House Canada","City-wide",4,40000,"TAF"
2020,"paul watson productions","City-wide",14,30000,"TAC"
2020,"Paula Gonzalez-Ossa","Neighbourhood",11,54000,"StART PP"
2020,"Pax Christi Chorale","City-wide",17,20000,"TAC"
2020,"Pearle Harbour","City-wide",9,13305,"TAC"
2020,"Peggy Baker Dance Projects","City-wide",11,35000,"TAC"
2020,"Pembina Institute","City-wide",11,175000,"TAF"
2020,"Pembina Institute","City-wide",11,99000,"TAF"
2020,"Pink Pluto","City-wide",9,15000,"TAC"
2020,"Planet in Focus","City-wide",10,25000,"TAC"
2020,"Playground Productions","City-wide",11,10000,"TAC"
2020,"Playwrights Guild of Canada","City-wide",10,25000,"TAC"
2020,"Pleiades Theatre","City-wide",10,23000,"TAC"
2020,"pounds per square inch performance","City-wide",13,15000,"TAC"
2020,"Prairie Drive Park Sustainable Development
Network (SDN)","Neighbourhood",20,2875,"NG"
2020,"Pratibha Arts","City-wide",10,15000,"TAC"
2020,"Prefix Institute of Contemporary Art, Inc.","City-wide",10,34000,"TAC"
2020,"Pretty Wings TO","City-wide",20,20000,"TAC"
2020,"Pride Toronto","City-wide",13,260000,"CADP"
2020,"ProArteDanza Performance Inc","City-wide",13,15000,"TAC"
2020,"Professional Association of Canadian Theatres","City-wide",10,8000,"TAC"
2020,"Progress Place","City-wide",13,40000,"TOS"
2020,"Progress Place","Local",13,30000,"TOS"
2020,"Progress Place Warm line","City-wide",13,50000,"TOS"
2020,"Project 40 Collective","Local",11,15000,"TAC"
2020,"Project Susan","Neighbourhood",24,2000,"NG"
2020,"Project Undertow","City-wide",11,5000,"TAC"
2020,"Prologue to the Performing Arts","City-wide",10,35000,"TAC"
2020,"Promoting Education and Community Health","Neighbourhood",7,65405,"CSP"
2020,"Prosserman Jewish Community Centre","City-wide",6,14630,"CSP"
2020,"Public Recordings Performance Projects","City-wide",4,20400,"TAC"
2020,"Puppetmongers Theatre","City-wide",11,20000,"TAC"
2020,"Queer Domesticities Collective","City-wide",9,8000,"TAC"
2020,"Quentin Commanda","Neighbourhood",10,60000,"StART PP"
2020,"Quote Unquote Collective","City-wide",4,10000,"TAC"
2020,"Racial Justice Fund","Local",9,14500,"TAC"
2020,"Raging Asian Women Taiko Drummers","City-wide",5,10000,"TAC"
2020,"Ralph Thornton Community Centre","Neighbourhood",14,57695,"CSP"
2020,"Reach for Change","Neighbourhood",15,1000,"NG"
2020,"REAson d'etre dance productions","City-wide",4,15000,"TAC"
2020,"Red Dress Productions Incorporated","City-wide",14,23000,"TAC"
2020,"Red Oak Heritage Committee","Neighbourhood",7,1000,"NG"
2020,"Red Pepper Spectacle Arts","City-wide",11,35000,"TAC"
2020,"Red Sky Performance","City-wide",10,25000,"IACP"
2020,"Red Sky Performance","City-wide",10,45000,"TAC"
2020,"Red Snow Collective","City-wide",16,15000,"TAC"
2020,"ReelAbilities Film Festival Toronto","City-wide",11,10000,"TAC"
2020,"REFRESH","Neighbourhood",22,1500,"NG"
2020,"Regenesis York","City-wide",7,5103.5,"FOR"
2020,"Regenesis York","City-wide",13,5103.5,"FOR"
2020,"Regenesis York","City-wide",15,5103.5,"FOR"
2020,"Regenesis York","City-wide",25,5103.5,"FOR"
2020,"Regent Park Film Festival Inc.","Local",13,28000,"TAC"
2020,"Regent Park Film Festival Inc.","Local",13,15000,"TAC"
2020,"Regent Park Focus Youth Media Arts Centre","Local",13,48000,"TAC"
2020,"Regent Park Neighbourhood Association","Neighbourhood",13,75000,"PG"
2020,"Resident First","Neighbourhood",8,1000,"NG"
2020,"reWork Productions","City-wide",10,15000,"TAC"
2020,"Rexdale Community Health Centre","Local",1,166200,"CSP"
2020,"Rexdale Community Hub","Local",1,307645,"CSP"
2020,"Rexdale Women's Centre","Local",1,106460,"CSP"
2020,"Rice Water","Local",10,32000,"TAC"
2020,"Ringfire Productions","Neighbourhood",11,63500,"StART PP"
2020,"RISE Edutainment","City-wide",22,50000,"YCISI"
2020,"Rise In STEM","Neighbourhood",1,1000,"NG"
2020,"Rising Tamil Youth","Neighbourhood",24,2000,"NG"
2020,"Ritten-House","Local",13,7997,"TAC"
2020,"Robin Jacko","City-wide",9,30000,"IACP"
2020,"Roseneath Theatre","City-wide",9,73000,"TAC"
2020,"Royal Stompbox","Local",9,5000,"TAC"
2020,"RT Collective","City-wide",4,3000,"TAC"
2020,"Rustic Neigbourhood Movie Nights","Neighbourhood",5,1000,"NG"
2020,"Ryerson Student Pow Wow","City-wide",13,30000,"IACP"
2020,"Ryerson University","Neighbourhood",13,60000,"StART PP"
2020,"S.E.A.S. Centre (Support Enhance Access
Services Centre)","City-wide",22,89060,"CSP"
2020,"Sabbara","City-wide",9,5600,"TAC"
2020,"Salon du Livre de Toronto","City-wide",11,15000,"TAC"
2020,"Salvation Army","City-wide",21,150000,"TOS"
2020,"Samel Tanz","Local",21,8000,"TAC"
2020,"San romanoway kids and youth in the kitchen
challenge","Neighbourhood",7,2000,"NG"
2020,"San Romanoway Revitalization Association","Local",7,85490,"CSP"
2020,"San Romanoway Revitalization Association","Local",7,69000,"TOS"
2020,"Sanghum Film","City-wide",11,8000,"TAC"
2020,"SAVAC","City-wide",10,45000,"TAC"
2020,"SAVAC","City-wide",10,50000,"TAC"
2020,"Scadding Court Community Centre","Neighbourhood",10,188530,"CSP"
2020,"Scadding Court Community Centre","Local",10,65000,"INO"
2020,"Scadding Court Community Centre","Neighbourhood",10,18750,"PG"
2020,"Scarborough Arts","City-wide",20,282000,"LASO"
2020,"Scarborough Centre for Healthy Communities","Local",24,199975,"CSP"
2020,"Scarborough Food Security Initiative","Local",20,25000,"TOS"
2020,"Scarborough Food Security Initiative","Local",20,10000,"TOS"
2020,"Scarborough Philharmonic Orchestra","Local",8,23000,"TAC"
2020,"Scarborough Village Mom Squad","Neighbourhood",20,1600,"NG"
2020,"Scarborough Village Youth Council","Neighbourhood",24,1600,"NG"
2020,"Scarborough Village Youth Group","Neighbourhood",24,1800,"NG"
2020,"Scarborough Women's Centre","Neighbourhood",24,39415,"CSP"
2020,"Scarlett Environmental Awareness Team","Neighbourhood",2,3000,"NG"
2020,"School Council -Derrydown Public School","Neighbourhood",7,2500,"NG"
2020,"SEAQueens Collective","Neighbourhood",4,3000,"NG"
2020,"Second Harvest","City-wide",6,150000,"TOS"
2020,"Second Harvest","City-wide",6,150000,"TOS"
2020,"Second Harvest Food Support Committee","City-wide",6,25000,"WRCG"
2020,"Seeds of Hope","Local",13,15000,"TOS"
2020,"Seeds of Hope","Local",13,25000,"TOS"
2020,"Sell You A Dream","Neighbourhood",21,3000,"NG"
2020,"Seneca College of Applied Arts and Technology","Neighbourhood",7,36826.5,"FOR"
2020,"Seneca College of Applied Arts and Technology","Neighbourhood",17,36826.5,"FOR"
2020,"Senior Peoples' Resources In North Toronto
Incorporated (operating as SPRINT Senior Care)","Local",12,105535,"CSP"
2020,"Senior Persons Living Connected","Local",22,106900,"CSP"
2020,"Senior Tamils' Centre of Ontario","City-wide",23,63855,"CSP"
2020,"Serenity","Neighbourhood",10,3000,"CCRF"
2020,"Settlement Assistance and Family Support Services (SAFSS)","Local",24,56390,"CSP"
2020,"SExT: Sex Education by Theatre","Local",12,18000,"TAC"
2020,"SFM","Local",11,50000,"TAC"
2020,"Shadowland Theatre","Local",10,20000,"TAC"
2020,"Shadowland Theatre","Local",10,25000,"TAC"
2020,"Shakespeare in the Ruff","City-wide",11,15000,"TAC"
2020,"Shameless Media","City-wide",11,6000,"TAC"
2020,"SICK MUSE ART PROJECTS","Local",9,11000,"TAC"
2020,"SICK MUSE ART PROJECTS","Local",9,20000,"TAC"
2020,"Sickle Cell Awareness Group of Ontario","City-wide",7,40000,"TOS"
2020,"Silent Voice Canada Inc.","City-wide",12,34160,"CSP"
2020,"Silent Voice Canada Inc.","City-wide",12,50000,"TOS"
2020,"Silverfish Magazine","City-wide",9,5000,"TAC"
2020,"Sinfonia Toronto","City-wide",17,12350,"TAC"
2020,"SING! The Toronto Vocal Arts Festival","City-wide",19,10000,"TAC"
2020,"Single Mothers Healing Group","Local",7,2200,"CCRF"
2020,"Sis To Sis Toronto","Neighbourhood",1,2000,"NG"
2020,"Sister Circle Consulting","City-wide",11,10000,"IACP"
2020,"SKETCH Working Arts for Street-involved and Homeless Youth","City-wide",10,110000,"TAC"
2020,"Small World Music Society","City-wide",4,54500,"TAC"
2020,"Smutburger","City-wide",11,6000,"TAC"
2020,"Society of Sharing: Inner-City Volunteers","Local",13,17675,"CSP"
2020,"Somali Canadian Association of Etobicoke","Local",1,25585,"CSP"
2020,"Somali Canadian Association of Etobicoke","Local",1,67000,"TOS"
2020,"Somali Women's and Children's Support Network","Neighbourhood",1,2991,"CCRF"
2020,"Somali Women's and Children's Support Network","City-wide",1,44520,"CSP"
2020,"Soso Ministries","Local",21,75000,"TOS"
2020,"Soulpepper Theatre Company","City-wide",10,461000,"TAC"
2020,"SoundCheck","City-wide",8,16500,"TOS"
2020,"Soundstreams","Local",10,88000,"TAC"
2020,"South Asian Women's Centre","City-wide",9,95910,"CSP"
2020,"South Riverdale Community Health Centre","Local",14,104545,"CSP"
2020,"South Riverdale Community Health Centre","Neighbourhood",14,115000,"PG"
2020,"Southern Currents Film & Video Collective","City-wide",9,20000,"TAC"
2020,"St. Alban's Boys' and Girls' Club","Local",11,211970,"CSP"
2020,"St. Clair O'Connor Community Inc.","Neighbourhood",19,19610,"CSP"
2020,"St. Matthew's Bracondale House","Neighbourhood",12,52740,"CSP"
2020,"St. Stephen's Community House","City-wide",11,97595,"INO"
2020,"St. Stephen's Community House (of The Neighborhood Group)","Local",13,261485,"CSP"
2020,"St. Stephen's Community House (of The Neighborhood Group)","Neighbourhood",13,2e+05,"YVP"
2020,"Stay Golden","Local",23,8000,"TAC"
2020,"Steeles-L'Amoreaux Youth Council","Neighbourhood",22,2500,"NG"
2020,"Stolen From Africa","Local",22,16500,"TOS"
2020,"Stolen From Africa / Volé D'Afrique","Local",22,161423,"YVP"
2020,"Stonegate Community Health Centre","Local",3,95780,"CSP"
2020,"Storefront Humber Inc.","Local",3,65000,"INO"
2020,"Storefront Humber Inc.","Local",3,63270,"CSP"
2020,"Stories and Storefronts","Local",14,10000,"TAC"
2020,"Stranger Engagers","Neighbourhood",22,2000,"NG"
2020,"Street Health Community Nurses Foundation","Local",13,115000,"PG"
2020,"Strides to Summit","Neighbourhood",7,3000,"NG"
2020,"Strides Toronto","Local",24,15000,"CCRF"
2020,"Studio 180 Theatre","City-wide",11,17000,"TAC"
2020,"SummerWorks Performance Festival","Local",10,52000,"TAC"
2020,"Sunshine Centres for Seniors","Local",14,48620,"CSP"
2020,"Sustainable Buildings Canada","City-wide",10,114825,"TAF"
2020,"Sustainable Development Network (SDN)","Neighbourhood",20,2125,"NG"
2020,"Sustainable Textile Art","Local",6,12750,"TAC"
2020,"Sweet Grass Roots Collective","Local",14,27425,"TAC"
2020,"Syme Woolner Neighbourhood and Family Centre","Neighbourhood",5,114860,"CSP"
2020,"Syme Woolner Neighbourhood and Family Centre (SWNFC)","Local",5,70847,"HIF"
2020,"Tafelmusik","City-wide",11,180000,"TAC"
2020,"TAIBU Community Health Centre","City-wide",23,150000,"CB"
2020,"TAIBU Community Health Centre","Local",23,75000,"TOS"
2020,"Talking Treaties Collective","City-wide",10,30000,"IACP"
2020,"Tamil Archive Project","Local",25,10000,"TAC"
2020,"Tamil Arts Collective","City-wide",9,6000,"TAC"
2020,"Tandridge Youth Group","Neighbourhood",1,2000,"NG"
2020,"Tangled Art + Disability","Local",10,48000,"TAC"
2020,"Tapestry Music Theatre","City-wide",10,53000,"TAC"
2020,"Tarragon Theatre","City-wide",12,211500,"TAC"
2020,"Taylor Massey Summer Activity Group","Neighbourhood",19,2500,"NG"
2020,"Taylor- Massey/Oakridge Growth and Wellness","Neighbourhood",19,2000,"NG"
2020,"TB West Community Services","Local",3,20000,"TAC"
2020,"Tea Base","Local",12,11400,"TAC"
2020,"Teach2Learn Youth Group","Neighbourhood",6,2500,"NG"
2020,"Team Elmbank","Neighbourhood",1,3000,"NG"
2020,"Tesoc Multicultural Settlement Services","City-wide",21,39645,"CSP"
2020,"Textile Museum of Canada","City-wide",10,72000,"TAC"
2020,"Textile Museum of Canada","Local",10,10000,"TAC"
2020,"That's So Gay Collective","City-wide",10,16000,"TAC"
2020,"The 519 Church Street Community Centre","Neighbourhood",13,2350,"CCRF"
2020,"The 519 Church Street Community Centre","City-wide",13,63710,"CSP"
2020,"The 519 Church Street Community Centre","City-wide",13,76756,"HIF"
2020,"The 7 Creative Community","Neighbourhood",2,2750,"CCRF"
2020,"The Art of Time Ensemble","City-wide",12,58000,"TAC"
2020,"The Artists Mentoring Youth Project Inc.","City-wide",9,25000,"TAC"
2020,"The Bernard Betel Centre For Creative Living","Local",6,133665,"CSP"
2020,"The Cabbagetown Community Arts Centre","City-wide",13,23000,"TAC"
2020,"The Canadian Mental Health Association Toronto Branch","City-wide",8,19200,"CSP"
2020,"The Canadian Red Cross Society","City-wide",1,173705,"CSP"
2020,"The Career Foundation","Local",8,75000,"PG"
2020,"The Centre for Spanish Speaking Peoples","City-wide",6,67500,"CSP"
2020,"The Child-ish Collective","City-wide",9,10000,"TAC"
2020,"The Children's Book Bank","Local",13,3750,"TAC"
2020,"The Chimera Project Dance Theatre","City-wide",13,15000,"TAC"
2020,"The Company Theatre","City-wide",10,18000,"TAC"
2020,"The Corner (Hub for the St. James Town Service Providers’ Network)","Neighbourhood",13,3000,"CCRF"
2020,"The Cross-Cultural Community Services
Association","City-wide",11,28995,"CSP"
2020,"The Cyborg Circus Project","City-wide",5,16745,"TAC"
2020,"The Dance Umbrella of Ontario","City-wide",13,30000,"TAC"
2020,"The Dietrich Group","City-wide",14,15000,"TAC"
2020,"The Elmer Iseler Singers","City-wide",15,24545,"TAC"
2020,"The Esprit Orchestra","City-wide",10,84500,"TAC"
2020,"The Fringe of Toronto Theatre Festival","City-wide",14,77000,"TAC"
2020,"The Gatehouse Child Abuse Investigation and Support Site","City-wide",3,25585,"CSP"
2020,"The George S. Syme Seniors’ Centre of York
(operating as Syme 55+ Centre)","Neighbourhood",5,96935,"CSP"
2020,"The Golden Age","City-wide",9,5000,"TAC"
2020,"The Good Company Collective","City-wide",19,3000,"TAC"
2020,"The Haitian Coalition of Toronto","Neighbourhood",25,1500,"NG"
2020,"The Hannaford Street Silver Band","City-wide",13,28000,"TAC"
2020,"The Holy Gasp","City-wide",11,15260,"TAC"
2020,"The Library for Social Change","Neighbourhood",14,1600,"CCRF"
2020,"The Massey Centre For Women","Neighbourhood",14,15000,"CB"
2020,"The Massey Centre For Women","City-wide",14,29810,"CSP"
2020,"The Mexicans Folk Ballet","City-wide",8,10000,"TAC"
2020,"The Mino Collective","City-wide",10,11132,"YVP"
2020,"The Music Gallery","City-wide",11,87000,"TAC"
2020,"The Musical Stage Company","City-wide",13,36000,"TAC"
2020,"The Nathaniel Dett Chorale","City-wide",7,10000,"TAC"
2020,"The National Ballet of Canada","City-wide",10,1390000,"TAC"
2020,"The Neighbourhood Group - Central Neighbourhood House","Local",19,45000,"TOS"
2020,"The Neighbourhood Group","City-wide",13,25000,"WRCG"
2020,"The Neighbourhood Group","Local",19,15000,"CCRF"
2020,"The Neighbourhood Group","City-wide",19,11363,"INO"
2020,"The Neighbourhood Group","Local",19,40000,"PG"
2020,"The Neighbourhood Group","Local",19,40000,"TOS"
2020,"The Neighbourhood Group Community Services","City-wide",13,50000,"TOS"
2020,"The Neighbourhood Group Community Services","Local",13,369865,"CSP"
2020,"The Next Edition","Local",9,7000,"TAC"
2020,"The People's Youth Film Program","Local",11,9996,"TAC"
2020,"The Power Plant","City-wide",10,206000,"TAC"
2020,"The Purple Stage","City-wide",9,8000,"TAC"
2020,"The Regent Park School of Music","Local",13,30000,"TAC"
2020,"The Remix Project","City-wide",10,50000,"YCISI"
2020,"The Remix Project","City-wide",10,28000,"TAC"
2020,"The Royal Conservatory","City-wide",11,50000,"TAC"
2020,"The Second Mile Club of Toronto","Local",11,75390,"CSP"
2020,"The Shoe Project","City-wide",12,11000,"TAC"
2020,"The Smile Company - Theatrical Productions","City-wide",11,28000,"TAC"
2020,"The St. Christopher House (operating as West Neighbourhood House)","Local",10,321190,"CSP"
2020,"The STEPS Initiative","Neighbourhood",7,39001,"StART PP"
2020,"The STEPS Initiative","Local",10,25000,"TAC"
2020,"The Stop","Local",9,36000,"TOS"
2020,"The Stop Community Food Centre","City-wide",9,30730,"CSP"
2020,"The Storytellers School of Toronto","City-wide",12,34500,"TAC"
2020,"The Switch Collective","Local",10,10000,"TAC"
2020,"The Teresa Group - Child And Family Aid","City-wide",12,31980,"CSP"
2020,"The Theatre Centre","City-wide",9,144000,"TAC"
2020,"The Toronto Consort","City-wide",11,27000,"TAC"
2020,"The Wexford Residence Inc.","Local",21,22905,"CSP"
2020,"The Word On The Street","City-wide",10,46500,"TAC"
2020,"Theatre Columbus","City-wide",13,41000,"TAC"
2020,"Theatre Direct Canada","City-wide",9,69000,"TAC"
2020,"Theatre Gargantua","City-wide",9,15000,"TAC"
2020,"Theatre Passe Muraille","City-wide",10,165500,"TAC"
2020,"Theatre Smith-Gilmour","City-wide",10,41000,"TAC"
2020,"Think 2wice","Local",1,12750,"TAC"
2020,"Think 2wice","Local",1,78000,"PG"
2020,"Throwback Vibes","Neighbourhood",8,2000,"NG"
2020,"Throwdown Collective","City-wide",13,15000,"TAC"
2020,"tiger princess dance projects inc.","City-wide",9,32000,"TAC"
2020,"tiger princess dance projects inc.","Local",9,15000,"TAC"
2020,"Tita Collective","City-wide",9,10000,"TAC"
2020,"TNO- The Neighbourhood Organization","Local",15,40000,"TOS"
2020,"TNO- The Neighbourhood Organization","Neighbourhood",15,123650,"CSP"
2020,"TNO- The Neighbourhood Organization","Local",15,51000,"TOS"
2020,"TNO- The Neighbourhood Organization","Local",16,372308,"HIF"
2020,"TNO- The Neighbourhood Organization","Local",15,135815,"CSP"
2020,"Toasterlab","Local",4,25000,"TAC"
2020,"TONE Festival","Local",9,4000,"TAC"
2020,"Toolbox Initiative","City-wide",18,10000,"TAC"
2020,"Toronto Aboriginal Support Services  (TASSC)","City-wide",11,775000,"TOS"
2020,"Toronto Aboriginal Support Services (TASSC)","City-wide",11,175000,"CB"
2020,"Toronto Aboriginal Support Services Council","City-wide",11,125150,"CSP"
2020,"Toronto Aboriginal Support Services Council","City-wide",11,65000,"INO"
2020,"Toronto Aboriginal Support Services Council","City-wide",11,3e+05,"TOS"
2020,"Toronto Alliance for the Performing Arts","City-wide",10,78000,"TAC"
2020,"Toronto and Region Conservation Authority","City-wide",1,24500,"FOR"
2020,"Toronto and Region Conservation Authority","City-wide",6,24500,"FOR"
2020,"Toronto and Region Conservation Authority","City-wide",7,24500,"FOR"
2020,"Toronto and Region Conservation Authority","City-wide",14,24500,"FOR"
2020,"Toronto Animated Image Society","City-wide",9,18000,"TAC"
2020,"Toronto Arab Film","City-wide",9,12000,"TAC"
2020,"Toronto Artscape Inc.","City-wide",10,415000,"CADP"
2020,"Toronto Biennial of Art","City-wide",9,12000,"TAC"
2020,"Toronto Biennial of Art","City-wide",9,60000,"TAC"
2020,"Toronto Blues Society","City-wide",10,32000,"TAC"
2020,"Toronto Centre for Community Learning and Development","City-wide",13,49310,"CSP"
2020,"Toronto Centre for Community Learning and Development","Neighbourhood",13,75000,"PG"
2020,"Toronto Chamber Choir","City-wide",12,8500,"TAC"
2020,"Toronto Children's Chorus","City-wide",12,40000,"TAC"
2020,"Toronto Coalition for Better Child Care","City-wide",11,25585,"CSP"
2020,"Toronto Community & Culture Centre","City-wide",10,22935,"CSP"
2020,"Toronto Council Fire Native Cultural Centre","City-wide",13,30000,"IACP"
2020,"Toronto Dance Community Love-In","City-wide",11,15000,"TAC"
2020,"Toronto Dance Theatre","City-wide",13,157000,"TAC"
2020,"Toronto District School Board","City-wide",18,50000,"FOR"
2020,"Toronto Downtown Jazz Society","City-wide",12,50000,"TAC"
2020,"Toronto Drop-in Network","City-wide",11,146000,"TOS"
2020,"Toronto Drop-in Network","City-wide",11,140564,"TOS"
2020,"Toronto Experimental Translation Collective","City-wide",4,6000,"TAC"
2020,"Toronto Festival of Arts, Culture and Creativity (Luminato)","City-wide",10,4e+05,"CADP"
2020,"Toronto Festival of Comics and Graphic Arts","City-wide",11,20000,"TAC"
2020,"Toronto Finnish-Canadian Seniors Centre","City-wide",15,18935,"CSP"
2020,"Toronto Foundation for Student Success","City-wide",5,11676904,"SNP"
2020,"Toronto Intergenerational Partnerships in Community","Local",20,14000,"CSP"
2020,"Toronto Intergenerational Partnerships in Community","Local",20,52450,"CSP"
2020,"Toronto International Film Festival Inc.","City-wide",10,1195735,"CADP"
2020,"Toronto Jewish Film Foundation/Festival","City-wide",11,24000,"TAC"
2020,"Toronto Kiwanis Boys and Girls Club","Neighbourhood",13,55000,"CCRF"
2020,"Toronto Kiwanis Boys and Girls Club","Local",13,105060,"CSP"
2020,"Toronto Kiwanis Boys and Girls Club","Neighbourhood",13,110000,"PG"
2020,"Toronto Krump Movement","City-wide",14,6000,"TAC"
2020,"Toronto Mendelssohn Choir","City-wide",12,70000,"TAC"
2020,"Toronto Music Arts and Nature Alliance","City-wide",9,11000,"TAC"
2020,"Toronto Operetta Theatre","City-wide",14,23000,"TAC"
2020,"Toronto Outdoor Picture Show","Local",11,21000,"TAC"
2020,"Toronto Outdoor Picture Show","Local",11,10000,"TAC"
2020,"Toronto Palestine Film Festival","City-wide",12,8000,"TAC"
2020,"Toronto Park People Projects","Local",10,25000,"WRCG"
2020,"Toronto People With AIDS Foundation","City-wide",13,34700,"CSP"
2020,"Toronto Performance Art Collective","City-wide",13,11000,"TAC"
2020,"Toronto Photographers Workshop","City-wide",9,70000,"TAC"
2020,"Toronto Public Library","City-wide",18,89105,"INO"
2020,"Toronto Public Library","City-wide",18,249219,"TOS"
2020,"Toronto Public Library","City-wide",18,328880,"TOS"
2020,"Toronto Queer Media & Arts Centre","City-wide",11,15000,"TAC"
2020,"Toronto Rape Crisis Centre/Multicultural Women Against Rape","City-wide",4,57790,"CSP"
2020,"Toronto Reel Asian International Film Festival","City-wide",10,50000,"TAC"
2020,"Toronto Sketch Comedy Festival Inc.","City-wide",9,15000,"TAC"
2020,"Toronto Summer Music Foundation","City-wide",4,39780,"TAC"
2020,"Toronto Symphony Orchestra","City-wide",10,1220000,"TAC"
2020,"Toronto Undergraduate Jazz Festival","Local",4,8500,"TAC"
2020,"Toronto Urban Book Expo","City-wide",20,6000,"TAC"
2020,"Transcare Community Support Services","City-wide",22,89505,"CSP"
2020,"Tribal Crackling Wind for the Arts","City-wide",13,30000,"TAC"
2020,"Trinity Square Video","City-wide",10,55000,"TAC"
2020,"Tropicana Community Services","City-wide",23,30000,"TOS"
2020,"Tropicana Community Services Organization","City-wide",23,100860,"CSP"
2020,"Two Four Six Collective","City-wide",19,6000,"TAC"
2020,"Ujamaa","Neighbourhood",15,1000,"NG"
2020,"Ukrainian Canadian Social Services (Toronto) Inc.","City-wide",4,42295,"CSP"
2020,"Uma Nota Culture","City-wide",9,10000,"TAC"
2020,"Unison Health and Community Services","Local",8,36761.3,"HIF"
2020,"Unison Health and Community Services","Local",8,33795,"CSP"
2020,"Unison Health and Community Services (Lawrence Heights)","Neighbourhood",8,1e+05,"YVP"
2020,"Unison Health and Community Services (Neptune)","Neighbourhood",8,1e+05,"YVP"
2020,"Unit 2","City-wide",9,14180,"TAC"
2020,"Unitatis Strings","City-wide",15,2652,"TAC"
2020,"Unity Charity","City-wide",13,50000,"YCISI"
2020,"Unity Charity","Local",13,28000,"TAC"
2020,"University of Toronto","City-wide",11,92000,"TAF"
2020,"University of Toronto Scarborough","Neighbourhood",21,11425,"FOR"
2020,"University of Toronto Scarborough","Neighbourhood",23,11425,"FOR"
2020,"University of Toronto Scarborough","Neighbourhood",24,11425,"FOR"
2020,"University of Toronto Scarborough","Neighbourhood",25,11425,"FOR"
2020,"University Settlement","Local",10,26500,"TAC"
2020,"University Settlement","Local",10,140320,"CSP"
2020,"Urban Alliance on Race Relations","City-wide",13,25000,"INO"
2020,"UrbanArts","City-wide",5,315435,"LASO"
2020,"URGNT","Local",4,15000,"TAC"
2020,"Vanguardia Dance Projects","City-wide",9,7500,"TAC"
2020,"Vermont Square Parent-Child Mother Goose Program","City-wide",11,28645,"CSP"
2020,"Vesnivka Choir Inc.","City-wide",4,8000,"TAC"
2020,"VIBE Arts","Local",10,21785,"WRCG"
2020,"VIBE Arts","Local",10,68000,"TAC"
2020,"VIBE Arts","Local",10,25000,"TAC"
2020,"Victim Services Toronto","City-wide",13,286445,"CSP"
2020,"Victim Services Toronto","City-wide",13,1e+05,"CSP"
2020,"VideoCabaret","City-wide",10,65000,"TAC"
2020,"Vietnamese Women's Association of Toronto (operating as VWAT Family Services)","City-wide",9,66475,"CSP"
2020,"VIVA! Youth Singers of Toronto, Inc.","City-wide",11,35000,"TAC"
2020,"Voices of Today","City-wide",3,3750,"TAC"
2020,"Volcano Non-Profit Productions Inc.","City-wide",11,50000,"TAC"
2020,"Volta Research","City-wide",4,150000,"TAF"
2020,"Volunteer Centre of Toronto (operating as
Volunteer Toronto)","City-wide",11,213555,"CSP"
2020,"Vox Choirs","City-wide",9,15000,"TAC"
2020,"Vtape","City-wide",10,80000,"TAC"
2020,"Wanasah","Neighbourhood",13,3000,"CCRF"
2020,"Warden Woods Church and Community Centre","Local",20,261530,"CSP"
2020,"Warden Woods Community Centre","Local",20,65000,"INO"
2020,"Waterfront Neighbourhood Centre","Neighbourhood",10,76495,"CSP"
2020,"Wave Art Collective","Local",25,18000,"TAC"
2020,"Wavelength Music Arts Projects","City-wide",9,25000,"TAC"
2020,"WE-CAN COMMUNITY NETWORK","Neighbourhood",5,3000,"NG"
2020,"Wellness Café","Neighbourhood",15,1000,"NG"
2020,"West Neighbourhood House","Local",10,24000,"TAC"
2020,"West Neighbourhood House","City-wide",10,150000,"TOS"
2020,"West Scarborough Neighbourhood Community Centre","Local",20,216475,"CSP"
2020,"Weston Frontlines Centre","City-wide",5,50000,"TOS"
2020,"Whippersnapper Gallery Inc","City-wide",11,15000,"TAC"
2020,"Why Not Theatre","City-wide",9,40000,"TAC"
2020,"wind in the leaves collective","Local",14,8000,"TAC"
2020,"Woman Abuse Council of Toronto","City-wide",5,63945,"CSP"
2020,"Women From Space","City-wide",9,4000,"TAC"
2020,"Women's Musical Club of Toronto","City-wide",13,2500,"TAC"
2020,"Women's West End Basketball (WWEB)","Neighbourhood",7,1500,"NG"
2020,"Woodgreen - Toronto Seniors Helpline","City-wide",14,70000,"TOS"
2020,"WoodGreen Community Services","Local",14,435945,"CSP"
2020,"WoodGreen Community Services","City-wide",14,40000,"TOS"
2020,"Workers' Action Centre","City-wide",11,61370,"CSP"
2020,"Working Women Community Centre","City-wide",9,5600,"TAC"
2020,"Working Women Community Centre","City-wide",9,222190,"CSP"
2020,"Workman Arts Project of Ontario","City-wide",9,20000,"TAC"
2020,"Workman Arts Project of Ontario","City-wide",9,30000,"TAC"
2020,"Works-in-Progress Artist Collective","City-wide",15,10920,"WRCG"
2020,"Write2Right","Neighbourhood",13,3000,"NG"
2020,"Xenia Concerts Inc.","City-wide",11,15000,"TAC"
2020,"Xpace Cultural Centre","City-wide",9,18000,"TAC"
2020,"Yiddish Glory","City-wide",6,2700,"TAC"
2020,"Yonge Street Mission","Local",13,65000,"INO"
2020,"Yonge Street Mission","Neighbourhood",13,61500,"PG"
2020,"Yonge Street Mission","Neighbourhood",13,70280,"PG"
2020,"Yonge Street Mission","Neighbourhood",13,72900,"PG"
2020,"Yonge Street Mission","Local",13,40000,"TOS"
2020,"York Fairbank Centre for Seniors","Local",12,65000,"INO"
2020,"York-Fairbank Centre for Seniors of the City of 
York","Local",12,269630,"CSP"
2020,"York West Active Living Centre","Neighbourhood",5,122305,"CSP"
2020,"Yorkminster Park Meals on Wheels","Local",12,9915,"CSP"
2020,"Yorktown Family Services","Local",8,38385,"CSP"
2020,"Young People's Theatre","City-wide",13,326000,"TAC"
2020,"Young Potential Fathers & Trustee","Local",5,66000,"TOS"
2020,"Youth Assisting Youth","City-wide",18,60150,"CSP"
2020,"YTB Gallery","City-wide",4,13000,"TAC"
2020,"YYZ Artists' Outlet","City-wide",10,65000,"TAC"
2020,"ZOU Theatre Company","City-wide",4,15000,"TAC"
2020,"Agincourt Community Services Association","Local",22,12000,"CAF"
2020,"Jane/Finch Family and Community Centre","Local",7,15000,"CAF"
2020,"Warden Woods Community Centre","Local",20,4400,"CAF"
2020,"East Scarborough Boys & Girls Club","Local",24,15000,"CAF"
2020,"Scarborough Food Security Initiative","Local",20,4000,"CAF"
2020,"Access Alliance Multicultural Health and Community Services","Local",15,15000,"CAF"
2020,"Rexdale Women's Centre","Local",1,14000,"CAF"
2020,"Albion Neighbourhood Services","Local",1,15000,"CAF"
2020,"LAMP Community Health Centre","Local",3,15000,"CAF"
2020,"Weston Frontlines Centre","Local",5,15000,"CAF"
2020,"Caribbean African Canadian Social Services (CAFCAN)","Local",7,15000,"CAF"
2020,"North York Community House","Local",8,8151,"CAF"
2020,"Working Women Community Centre","Local",9,4840,"CAF"
2020,"Unison Health and Community Services","Local",8,3834,"CAF"
2020,"Greenest City","Local",4,15000,"CAF"
2020,"The Neighbourhood Organization","Local",15,15000,"CAF"
2020,"The Neighbourhood Organization","Local",15,15000,"CAF"
2021,"12639203 CANADA ASSOCIATION","City-wide",14,6000,"TAC"
2021,"1S1 Collective","City-wide",10,20000,"TAC"
2021,"2-Spirited People of the 1st Nations","Local",13,4000,"CAF"
2021,"2-Spirited People of the 1st Nations","City-wide",13,1e+05,"IMM"
2021,"2-Spirited People of the 1st Nations","City-wide",13,1e+05,"TOS"
2021,"3+","City-wide",4,8000,"TAC"
2021,"440 Winona Tenants' Association","Neighbourhood",12,3000,"CCRF"
2021,"50/50 Performing Arts Collective","City-wide",8,15000,"TAC"
2021,"519 Church Street Community Centre","City-wide",13,76752.5,"HIF"
2021,"519 Church Street Community Centre","City-wide",13,64350,"CSP"
2021,"519 Church Street Community Centre","Local",13,4e+05,"IMM"
2021,"757 Gardening Committee","Neighbourhood",20,3218,"PTCG"
2021,"75th Old Mill Scouts","Neighbourhood",4,2743.98,"PTCG"
2021,"A Different Booklist Cultural Centre","City-wide",11,40000,"TAC"
2021,"A Space Gallery","City-wide",10,62000,"TAC"
2021,"Abrigo Centre","Local",9,115525,"CSP"
2021,"Access Alliance Multicultural Health and Community Services","Local",11,15000,"CAF"
2021,"Access Alliance Multicultural Health and Community Services","City-wide",11,219195,"CSP"
2021,"Access Alliance Multicultural Health and Community Services","Local",11,10000,"IMM"
2021,"Access Alliance Multicultural Health and Community Services","Local",11,15000,"IMM"
2021,"Access Alliance Multicultural Health and Community Services","Local",11,250000,"IMM"
2021,"Access Alliance Multicultural Health and Community Services","Local",15,6750,"CAF"
2021,"Access Alliance Multicultural Health and Community Services (for The Neighbourhood Organization)","Local",15,6375,"CAF"
2021,"Acorn Arts Project","Local",15,13000,"TAC"
2021,"Across Boundaries","City-wide",8,70000,"TOS"
2021,"Across Oceans","City-wide",11,8000,"TAC"
2021,"Act 3 Theatre","City-wide",14,9000,"TAC"
2021,"Actors Repertory Company","City-wide",13,15000,"TAC"
2021,"Adelheid Dance Projects","City-wide",9,15000,"TAC"
2021,"Adornment Collective","Local",5,10000,"TAC"
2021,"Afghan Women's Organization Refugee And Immigrant Services","City-wide",17,82075,"CSP"
2021,"Afghan Women's Organization Refugee And Immigrant Services","City-wide",17,20000,"TAC"
2021,"African Women Acting","City-wide",13,15000,"TAC"
2021,"Africans in Partnership Against AIDS (APAA)","City-wide",13,113145,"CSP"
2021,"AFROWAVETO","City-wide",10,25000,"TAC"
2021,"Aga Khan Museum","City-wide",16,2e+05,"CADP"
2021,"Agincourt Community Services Association Inc.","Neighbourhood",22,4400,"PTCG"
2021,"Agincourt Community Services Association Inc.","City-wide",22,230116.13,"HIF"
2021,"Agincourt Community Services Association Inc.","City-wide",22,221310,"CSP"
2021,"Agincourt Community Services Association Inc.","Local",22,2e+05,"YVP"
2021,"Agincourt Community Services Association Inc.","Local",22,5e+05,"IMM"
2021,"AIDS Committee of Toronto","City-wide",13,75700,"CSP"
2021,"Akin Community Projects","City-wide",4,5825,"TAC"
2021,"Albion Neighbourhood Services","Local",3,446730,"HIF"
2021,"Albion Neighbourhood Services","Local",1,165085,"CSP"
2021,"Albion Neighbourhood Services","Local",1,2e+05,"YVP"
2021,"Albion Neighbourhood Services","Local",1,24000,"INI"
2021,"Alexandra Park Community Centre","Local",10,18750,"PG"
2021,"Alexandra Park Cooperative","Local",10,18750,"PG"
2021,"Alexandra Park Muslim Association","Neighbourhood",10,5000,"CCRF"
2021,"Aluna Theatre","City-wide",9,45500,"TAC"
2021,"Amadeus Choir of Greater Toronto","City-wide",23,25375,"TAC"
2021,"Amici Chamber Ensemble","City-wide",16,20000,"TAC"
2021,"Anandam Dancetheatre Productions","City-wide",9,21000,"TAC"
2021,"Angel Foundation for Learning","City-wide",18,4335993,"SNP"
2021,"Angela Blumberg Dance (ABD)","City-wide",19,7500,"TAC"
2021,"Animacy Theatre Collective","City-wide",13,6770,"TAC"
2021,"Anishnawbe Health Toronto","City-wide",13,649970,"IMM"
2021,"Aphasia Institute","City-wide",16,24560,"CSP"
2021,"Applegrove Community Complex","Local",14,121200,"CSP"
2021,"Arab Community Centre of Toronto","City-wide",2,8000,"TAC"
2021,"Arbor Day Foundation","City-wide",14,4999.5,"FOR"
2021,"Arbor Day Foundation","City-wide",18,4999.5,"FOR"
2021,"Arbor Day Foundation","City-wide",21,4999.5,"FOR"
2021,"Arbor Day Foundation","City-wide",5,4999.5,"FOR"
2021,"ARCH Disability Law Centre","City-wide",10,34755,"CSP"
2021,"Armenian Relief Society, ARS Social Services","City-wide",17,24560,"CSP"
2021,"Arraymusic","City-wide",10,48090,"TAC"
2021,"Art & Water","City-wide",10,15000,"TAC"
2021,"Art Bar Poetry Series","City-wide",9,5865,"TAC"
2021,"Art City in St. James Town","Local",13,11348,"TAC"
2021,"Art Gallery of Ontario","City-wide",10,660000,"CADP"
2021,"Art Gallery of York University","City-wide",7,25000,"TAC"
2021,"Art Gallery of York University","City-wide",7,73000,"TAC"
2021,"Art Ignite","Local",16,10000,"TAC"
2021,"Art Metropole","City-wide",9,40000,"TAC"
2021,"Art Museum University of Toronto","City-wide",11,20000,"TAC"
2021,"Art Starts","Local",8,20000,"TAC"
2021,"Art Starts","Local",8,72000,"TAC"
2021,"Art Starts","City-wide",1,24000,"StART PP"
2021,"Artists Film Exhibition Group","City-wide",9,23000,"TAC"
2021,"ArtReach Toronto","City-wide",10,75000,"TAC"
2021,"Arts Inter-Media Canada/Dance Collection Danse","City-wide",13,37400,"TAC"
2021,"Arts4All Creative Society","City-wide",9,15000,"TAC"
2021,"Arts4All Creative Society","City-wide",9,20000,"TAC"
2021,"Ashkenaz Foundation","City-wide",11,15000,"TAC"
2021,"Ashkenaz Foundation","City-wide",11,50000,"TAC"
2021,"Asian Arts and Culture Trust","Local",10,24853,"TAC"
2021,"Assaulted Women's Helpline","City-wide",10,64570,"CSP"
2021,"Associated Designers of Canada","Local",10,80432,"TAC"
2021,"Association for Native Development in the Performing and Visual Arts (ANDPVA)","City-wide",11,30000,"IACPF"
2021,"Augur Magazine Literary Society","City-wide",22,5500,"TAC"
2021,"Axis Music Inc.","Local",11,15000,"TAC"
2021,"b current Performing Arts Co.","City-wide",12,33000,"TAC"
2021,"Bach Children's Chorus of Scarborough","Local",24,31100,"TAC"
2021,"Bad Hats Theatre","City-wide",10,7950,"TAC"
2021,"Bad New Days","City-wide",14,15000,"TAC"
2021,"Ballet Creole","City-wide",9,9000,"TAC"
2021,"Ballet Jörgen Canada","City-wide",12,7500,"TAC"
2021,"Ballet Jörgen Canada","City-wide",12,95000,"TAC"
2021,"BAM - Books Art Music Collective (COVID19 Youth-Led)","Local",23,3000,"CCRF"
2021,"Baobab Arts","Local",13,30000,"TAC"
2021,"Barbra Schlifer Commemorative Clinic","City-wide",11,56355,"CSP"
2021,"Barbra Schlifer Commemorative Clinic","City-wide",11,50000,"TOS"
2021,"Bass Witch","City-wide",8,7312,"TAC"
2021,"Batuki Music Society","City-wide",11,15000,"TAC"
2021,"Bayview Village Association","Neighbourhood",17,500,"FOR"
2021,"Beautiful Minds","Local",21,10000,"TAC"
2021,"Belka Enrichment Center/Caribbean Global Missions","Neighbourhood",7,20000,"INO"
2021,"Benji Feldman","City-wide",12,60000,"StART PP"
2021,"Bereaved Families of Ontario-Toronto","City-wide",12,74035,"CSP"
2021,"Bernard Betel Centre","Local",6,135005,"CSP"
2021,"Better Living Health and Community Services","Neighbourhood",16,241765,"CSP"
2021,"Better Living Health and Community Services","Local",16,10000,"IMM"
2021,"Between Them Collected","Local",3,9307,"TAC"
2021,"BIG Bloor Improvement Group","City-wide",11,8600,"TAC"
2021,"Birchmount Bluffs Neighbourhood Centre","Local",20,92070,"CSP"
2021,"Birchmount Bluffs Neighbourhood Centre","Local",20,15000,"NG"
2021,"Black Artists' Networks In Dialogue Gallery and Cultural Centre","City-wide",4,35000,"TAC"
2021,"Black Coalition for AIDS Prevention","City-wide",13,15000,"IMM"
2021,"Black Coalition for AIDS Prevention","Local",13,1e+05,"INI"
2021,"Black Coalition for AIDS Prevention","City-wide",17,1e+05,"TOS"
2021,"Black Creek Community Health Centre","Local",7,10000,"IMM"
2021,"Black Women Film","City-wide",20,6400,"TAC"
2021,"Black Women Film","City-wide",20,15000,"TAC"
2021,"Blue Bird Theatre Collective","City-wide",9,10000,"TAC"
2021,"Blue Ceiling Dance","City-wide",4,15000,"TAC"
2021,"Bob Rumball Canadian Centre of Excellence for the Deaf","City-wide",15,14910,"CSP"
2021,"BollyHeels TO Inc.","City-wide",10,8000,"TAC"
2021,"Boost Child & Youth Advocacy Centre","City-wide",15,287960,"CSP"
2021,"BoucharDanse","City-wide",9,15000,"TAC"
2021,"Braeburn Neighbourhood Place","Local",1,52505,"CSP"
2021,"BrAIDS for AIDS","City-wide",10,20000,"INO"
2021,"Breakaway","City-wide",4,75000,"TOS"
2021,"Breakthroughs Film Festival","City-wide",9,7000,"TAC"
2021,"Bremen Town Collective","City-wide",13,7000,"TAC"
2021,"BSAM Canada","City-wide",10,15000,"TAC"
2021,"Buddies in Bad Times Theatre","City-wide",13,168500,"TAC"
2021,"Building Leaders for Change","Neighbourhood",13,85986,"PG"
2021,"Cabbagetown Youth Centre Inc.","Neighbourhood",13,40955,"CSP"
2021,"cacao collective","Local",9,35000,"TAC"
2021,"CADA/East","City-wide",13,21000,"TAC"
2021,"Cahoots Theatre","City-wide",13,20000,"TAC"
2021,"Cahoots Theatre","City-wide",13,56000,"TAC"
2021,"CALC Secondary School","Neighbourhood",14,1006,"PTCG"
2021,"Caliban Arts Theatre","City-wide",14,12000,"TAC"
2021,"Canada's National Ballet School","City-wide",13,210000,"CADP"
2021,"Canadian Centre for Victims of Torture","City-wide",13,29075,"CSP"
2021,"Canadian Children's Opera Company","City-wide",13,24700,"TAC"
2021,"Canadian Chinese Society for the Arts","City-wide",20,15000,"TAC"
2021,"Canadian Contemporary Dance Theatre","City-wide",13,56000,"TAC"
2021,"Canadian Cultural Society of the Deaf","City-wide",10,20000,"TAC"
2021,"Canadian Cultural Society of the Deaf","Local",10,31400,"TAC"
2021,"Canadian Dance Assembly / Assemblée canadienne de la danse","City-wide",13,15000,"TAC"
2021,"Canadian Foundation for Asian Culture (Central Ontario) Inc.","City-wide",16,8658,"TAC"
2021,"Canadian Gambian Youth Development Association","City-wide",3,20000,"INO"
2021,"Canadian Green Alliance","Local",11,10000,"TAC"
2021,"Canadian Mental Health Association Toronto Branch","City-wide",8,19395,"CSP"
2021,"Canadian Music Centre","City-wide",13,73000,"TAC"
2021,"Canadian Opera Company","City-wide",13,1500000,"TAC"
2021,"Canadian Red Cross Society, Toronto Region branch","City-wide",1,156550,"CSP"
2021,"Canadian Stage","City-wide",13,832000,"TAC"
2021,"Canadian Tamil Youth Development Centre (CanTYD)","City-wide",24,138035,"CSP"
2021,"Canadian-Caribbean Arts Network (C-CAN)","City-wide",13,10000,"TAC"
2021,"CanAsian Dance Festival","City-wide",13,22000,"TAC"
2021,"CAR SHOW","City-wide",4,9000,"TAC"
2021,"Carefirst Seniors and Community Services Association","City-wide",22,101980,"CSP"
2021,"Carefirst Seniors and Community Services Association","Local",22,10000,"IMM"
2021,"CARFAC Ontario","City-wide",10,24000,"TAC"
2021,"Caribbean African Canadian Social Services (CAFCAN)","Local",7,12000,"CAF"
2021,"Caribbean African Canadian Social Services (CAFCAN)","Local",7,123500,"TOS"
2021,"CaribbeanTales","City-wide",9,15000,"TAC"
2021,"Casa Maiz Cultural Centre Inc.","Local",6,12000,"TAC"
2021,"Cathedral Bluffs Symphony Orchestra","Local",20,20000,"TAC"
2021,"Catholic Crosscultural Services","City-wide",21,29000,"CSP"
2021,"CB-DT Youth Group (COVID19 Youth-Led)","Local",24,2960,"CCRF"
2021,"Cecil Community Centre","Local",11,5590,"CSP"
2021,"CEE Centre for Young Black Professionals","City-wide",17,50000,"CB"
2021,"CEE Centre for Young Black Professionals","City-wide",17,325000,"INO"
2021,"CEE Centre for Young Black Professionals","City-wide",17,90000,"TOS"
2021,"CEE Centre for Young Black Professionals","City-wide",17,52000,"CB"
2021,"CEE Centre for Young Black Professionals & Generation Chosen","Local",17,191898,"YVP"
2021,"Central Eglinton Community Centre","Neighbourhood",12,29930,"CSP"
2021,"Centre for Equality Rights in Accommodation (CERA)","City-wide",10,179543.84,"HIF"
2021,"Centre for Immigrant and Community Services","City-wide",22,129435,"CSP"
2021,"Centre for Independent Living in Toronto","City-wide",13,25870,"CSP"
2021,"Centre for Indigenous Theatre","City-wide",10,54450,"TAC"
2021,"CFMDC","City-wide",9,51000,"TAC"
2021,"Charles Street Video","City-wide",9,54500,"TAC"
2021,"Chester Le Tenant Committee","Neighbourhood",22,3000,"CCRF VP"
2021,"Children's Aid Society of Toronto","City-wide",14,57409.75,"HIF"
2021,"Children's Peace Theatre","City-wide",19,52000,"TAC"
2021,"Chinese Artists Society of Toronto","City-wide",22,14500,"TAC"
2021,"Chinese Canadian National Council Toronto Chapter","City-wide",21,62140,"CSP"
2021,"Christie Ossington Neighbourhood Centre","City-wide",9,75770,"CSP"
2021,"Circle of Care [Circle of Home Care Services (Toronto)","Local",15,1e+05,"IMM"
2021,"Citadel + Compagnie","City-wide",13,57000,"TAC"
2021,"City of Toronto","City-wide",10,150320,"TAF"
2021,"Clay and Paper Theatre","Local",9,23000,"TAC"
2021,"Clay and Paper Theatre","Local",9,28000,"TAC"
2021,"Cliffcrest Community Centre","Local",24,37240,"CSP"
2021,"Coco Collective","Local",1,10000,"TAC"
2021,"Coco Collective","City-wide",1,15000,"TAC"
2021,"Colectivo Satelital","Local",9,9900,"TAC"
2021,"Colouring Book Theatre","Local",19,6770,"TAC"
2021,"Colr Your Life Initiative","Local",12,9535,"TAC"
2021,"Common Boots Theatre","City-wide",16,41000,"TAC"
2021,"Community Arts Guild","Local",24,15000,"TAC"
2021,"Community Arts Guild","Local",24,23000,"TAC"
2021,"Community Family Services of Ontario","City-wide",22,41335,"CSP"
2021,"Community Social Planning Council of Toronto","City-wide",13,430465,"CSP"
2021,"Community Social Planning Council of Toronto","City-wide",13,80000,"INO"
2021,"Community Story Collective","City-wide",14,12400,"TAC"
2021,"Confluence Concerts","City-wide",11,10400,"TAC"
2021,"ContaQt New Music Ensemble","City-wide",13,6000,"TAC"
2021,"Continuum Contemporary Music Ensemble","City-wide",16,26000,"TAC"
2021,"CORPUS","Local",9,20000,"TAC"
2021,"CORPUS","City-wide",9,33000,"TAC"
2021,"COSTI Immigrant Services","City-wide",7,541725.75,"HIF"
2021,"COSTI Immigrant Services","City-wide",9,142215,"CSP"
2021,"Council of Agencies Serving South Asians","City-wide",23,62140,"CSP"
2021,"Covenant House","Neighbourhood",13,115000,"PG"
2021,"Craft Ontario","City-wide",9,23100,"TAC"
2021,"Creative Users Projects","Local",13,40000,"TAC"
2021,"Creato","Local",13,8581,"TAC"
2021,"Cross Toronto Community Development Corporation (Fresh Start Cleaning)","Local",4,139108,"HIF"
2021,"Crows Theatre","City-wide",14,48000,"TAC"
2021,"CUE-SKETCH","Local",10,15000,"TAC"
2021,"CUE-SKETCH","Local",10,56113,"TAC"
2021,"Cultureland","City-wide",18,7000,"TAC"
2021,"CultureLink Settlement and Community Services","City-wide",4,106040,"CSP"
2021,"Culturelink Settlement and Community Services","Local",4,199074,"YVP"
2021,"CultureLink Settlement and Community Services","Local",4,20000,"TAC"
2021,"Dames Making Games Social Technology Development Group","Local",9,12000,"TAC"
2021,"Dames Making Games Social Technology Development Group","Local",9,60000,"TAC"
2021,"Dance Immersion Ontario","City-wide",11,35000,"TAC"
2021,"Dance Migration Project","Local",8,6400,"TAC"
2021,"Dance Ontario Association","City-wide",10,20000,"TAC"
2021,"DANCE TOGETHER FESTIVAL","Local",3,25000,"TAC"
2021,"Dancemakers","City-wide",10,96600,"TAC"
2021,"DanceWorks","City-wide",11,55000,"TAC"
2021,"Danzig Youth Committee","Neighbourhood",25,2614,"CCRF VP"
2021,"Davenport-Perth Neighbourhood and Community Health Centre","Neighbourhood",9,95250,"CSP"
2021,"Delta Family Resource Centre","Local",1,18750,"CAF"
2021,"Delta Family Resource Centre","City-wide",1,22500,"CCRF"
2021,"Delta Family Resource Centre","City-wide",1,119900,"CSP"
2021,"Delta Family Resource Centre","City-wide",1,120000,"INO"
2021,"Delta Family Resource Centre","Local",1,20000,"TAC"
2021,"Developing Young Leaders of Tomorrow Today (DYLOTT)","Local",1,16250,"CAF"
2021,"Diaspora Dialogues","Local",11,32000,"TAC"
2021,"Diaspora Dialogues","City-wide",11,46000,"TAC"
2021,"Diasporic Futurisms","City-wide",10,9000,"TAC"
2021,"Directors Lab North","City-wide",14,10000,"TAC"
2021,"Distress Centres of Greater Toronto","City-wide",13,125115,"CSP"
2021,"Distress Centres of Greater Toronto","City-wide",13,1e+05,"TOS"
2021,"Dixon Hall","Local",13,347085,"CSP"
2021,"DOC Toronto","Local",11,10500,"TAC"
2021,"Doris McCarthy Gallery, University of Toronto Scarborough","City-wide",25,54900,"TAC"
2021,"Dovehouse Dance","Local",9,60000,"TAC"
2021,"Dovercourt Boys and Girls Club","City-wide",9,15000,"CB"
2021,"Dovercourt Boys and Girls Club","Local",9,58755,"CSP"
2021,"Draft Collective","City-wide",14,5225,"TAC"
2021,"Draft Eleven Collective","City-wide",14,9000,"TAC"
2021,"Dreamwalker Dance Company","City-wide",9,25000,"TAC"
2021,"Dusk Dances Inc.","City-wide",9,33000,"TAC"
2021,"Dyade Dances","City-wide",13,8000,"TAC"
2021,"East End Arts","City-wide",14,60000,"StART PP"
2021,"East Scarborough Boys & Girls Club","Local",24,7500,"CAF"
2021,"East Scarborough Boys & Girls Club","Local",24,186250,"CSP"
2021,"East Scarborough Boys & Girls Club","Local",24,175000,"INO"
2021,"East Scarborough Boys & Girls Club & Next Generation Arts","Local",24,2e+05,"YVP"
2021,"East Scarborough Storefront - Makeway Charitable Society","City-wide",24,94250,"CSP"
2021,"East Toronto Family Community Centre","Local",14,70610,"CSP"
2021,"East York East Toronto Family Resources","Local",14,140413.82,"HIF"
2021,"East York Meals on Wheels","Local",15,30450,"CSP"
2021,"East York Meals on Wheels","Local",15,10000,"IMM"
2021,"Echo Women's Choir","City-wide",13,9000,"TAC"
2021,"Ecru","Local",10,9900,"TAC"
2021,"Eight Fest Small-Gauge Film Festival","City-wide",11,9000,"TAC"
2021,"Eldritch Theatre Incorporated","City-wide",19,14800,"TAC"
2021,"Electric Mobility Canada","City-wide",20,250000,"TAF"
2021,"Elspeth Heyworth Centre For Women","Local",7,31560,"CSP"
2021,"Elspeth Heyworth Centre for Women","Local",7,15000,"NG"
2021,"Emerging Writers","City-wide",13,4140,"TAC"
2021,"Empowered Phụ Nữ","Local",10,10000,"TAC"
2021,"Empowering Young Women COVID19 Youth-Led","Local",22,3000,"CCRF"
2021,"Epilepsy Toronto","City-wide",13,45120,"CSP"
2021,"Eritrean Canadian Community Center of Metropolitan Toronto","City-wide",12,32300,"CSP"
2021,"Eshkiniigjik Naandwechigegamig, Aabiish Gaa Binjibaaying - ENAGB Youth Program","Local",19,4000,"CAF"
2021,"Eshkiniigjik Naandwechigegamig, Aabiish Gaa Binjibaaying - ENAGB Youth Program","City-wide",5,80000,"YVP"
2021,"Eshkiniigjik Naandwechigegamig, Aabiish Gaa Binjibaaying - ENAGB Youth Program","City-wide",5,120000,"YVP"
2021,"Eshkiniigjik Naandwechigegamig, Aabiish Gaa Binjibaaying - ENAGB Youth Program","City-wide",5,199400,"YVP"
2021,"Esmeralda Enrique Spanish Dance Company","City-wide",10,28000,"TAC"
2021,"Estonian Studies Centre","City-wide",11,9000,"TAC"
2021,"Etobicoke Centennial Choir","Local",2,3800,"TAC"
2021,"Etobicoke Community Concert Band","Local",3,6500,"TAC"
2021,"Etobicoke Philharmonic Orchestra","City-wide",2,11000,"TAC"
2021,"Etobicoke Services for Seniors","Local",2,112970,"CSP"
2021,"Etobicoke Services for Seniors","Local",2,10000,"IMM"
2021,"Evangel Hall","Neighbourhood",10,61310.25,"HIF"
2021,"Evergreen","City-wide",11,9500,"TAC"
2021,"Extend-A-Family","City-wide",8,25845,"CSP"
2021,"Exultate Chamber Singers","City-wide",11,8000,"TAC"
2021,"FabCollab","City-wide",11,15000,"TAC"
2021,"Factory Theatre","City-wide",10,169500,"TAC"
2021,"FADO Performance Inc.","City-wide",10,24000,"TAC"
2021,"Fall for Dance North Festival Inc.","City-wide",18,15000,"TAC"
2021,"Family Service Toronto","City-wide",13,114340,"CSP"
2021,"Father Henry Carr Environmental Club","Neighbourhood",1,3500,"PTCG"
2021,"FCJ Refugee Centre","City-wide",9,250000,"IMM"
2021,"FEAR OF MEN Collective","City-wide",11,9000,"TAC"
2021,"Fernie Youth Services (Formerly Fernie House)","Local",1,291356,"YVP"
2021,"Festival Management Committee (Toronto Caribbean Carnival)","City-wide",19,6e+05,"CADP"
2021,"Fife House Foundation Inc.","City-wide",13,150000,"HIF"
2021,"Findhelp Information Services","City-wide",12,663165,"CSP"
2021,"Findhelp Information Services","City-wide",12,36000,"TOS"
2021,"Finding Our Power Together","City-wide",11,30000,"IACPF"
2021,"First Métis Man of Odessa Collective","City-wide",10,14000,"TAC"
2021,"First Nations House – Indigenous Student Services at the University of Toronto","City-wide",11,30000,"IACPF"
2021,"Flemingdon Health Centre","Local",16,1e+05,"YVP"
2021,"Flemingdon Park Ministry","Neighbourhood",16,4800,"PTCG"
2021,"Focus Media Arts Centre","Local",13,7865,"CAF"
2021,"Focus Media Arts Centre","Local",13,48000,"TAC"
2021,"FoodShare Toronto","Neighbourhood",16,4901,"PTCG"
2021,"FoodShare Toronto","City-wide",5,232620,"CSP"
2021,"For You Telecare Family Service (FUTFS)","City-wide",16,16890,"CSP"
2021,"For Youth Initiative in Toronto","Local",5,130330,"CSP"
2021,"Fork in the Road","Neighbourhood",10,18750,"PG"
2021,"FRANCO-FÊTE DE LA COMMUNAUTÉ URBAINE DE TORONTO","City-wide",11,7500,"TAC"
2021,"Franklin Carmichael Art Group","Local",1,2300,"TAC"
2021,"Franklin Horner Community Centre","City-wide",3,31680,"CSP"
2021,"Friends of Allan Gardens","Neighbourhood",13,4950,"PTCG"
2021,"Friends of Beach Parks","City-wide",19,19500,"StART PP"
2021,"Friends of Guild Park / Guildwood Butterflyway Project","Neighbourhood",24,4400,"PTCG"
2021,"Frontline Community Centre","Local",23,2445,"CCRF"
2021,"Frontline Community Centre","Local",25,2445,"CCRF"
2021,"fu-GEN Theatre Company","City-wide",13,28500,"TAC"
2021,"Fujiwara Dance Inventions","City-wide",13,22000,"TAC"
2021,"Gallery 44 Centre for Contemporary Photography","Local",10,10000,"TAC"
2021,"Gallery 44 Centre for Contemporary Photography","City-wide",10,86500,"TAC"
2021,"Gardiner Museum","City-wide",11,140000,"CADP"
2021,"Generation Chosen","Local",7,20000,"INO"
2021,"Generation Chosen","Local",7,20000,"TOS"
2021,"Generator Performance","City-wide",11,36000,"TAC"
2021,"George Brown College","Neighbourhood",13,15080,"FOR"
2021,"Gerstein Crisis Centre","City-wide",9,125000,"TOS"
2021,"GHANAFEST","Local",1,20000,"TAC"
2021,"Ghanaian-Canadian Association of Ontario","City-wide",1,20000,"INO"
2021,"Glad Day Bookshop Proud Voices Collective","City-wide",13,12600,"TAC"
2021,"G-Power'd Inc.","Local",17,13250,"TAC"
2021,"grand slammers","Local",7,4500,"CCRF"
2021,"Grandravine All stars (COVID19 Youth-Led)","Neighbourhood",7,4100,"CCRF"
2021,"Green Thumbs Growing Kids","Neighbourhood",13,20000,"FOR"
2021,"Grupo de Adultos Mayores Armonia Centre","Neighbourhood",9,3000,"CCRF VP"
2021,"Guild Festival Theatre","City-wide",24,12500,"TAC"
2021,"Habitat for Humanity Greater Toronto Area","Neighbourhood",19,24530.5,"FOR"
2021,"Hand Eye Society","City-wide",10,15000,"TAC"
2021,"Harbourfront Centre","City-wide",10,1315500,"CADP"
2021,"Harriet Tubman Community Organization","Local",17,54815,"CSP"
2021,"Harriet Tubman Community Organization","Local",17,1e+05,"YVP"
2021,"Harriet Tubman Community Organization","City-wide",17,10000,"TOS"
2021,"Harriet Tubman Community Organization","City-wide",17,54000,"CB"
2021,"Heal the Keele","Neighbourhood",6,4150,"CCRF"
2021,"Healing As One","Neighbourhood",13,58880,"PG"
2021,"Hemophilia Ontario","City-wide",18,29075,"CSP"
2021,"Hercinia Arts Collective","Local",10,20000,"TAC"
2021,"Here-There","Local",10,8000,"TAC"
2021,"Heritage Skills Development Centre","Local",21,24000,"INI"
2021,"Highway of Heroes Tree Campaign (Ontario Horticultural Trades Foundation)","Neighbourhood",16,75000,"FOR"
2021,"Holla Jazz Performance Projects","City-wide",2,8000,"TAC"
2021,"HomeMadeIt Productions","City-wide",9,10000,"TAC"
2021,"Hong Fook Mental Health Association","City-wide",22,25845,"CSP"
2021,"Hong Fook Mental Health Association","City-wide",22,1e+05,"TOS"
2021,"Hooyo Steering Committee","Neighbourhood",2,3000,"CCRF VP"
2021,"Hot Damn It's A Queer Slam","City-wide",11,8000,"TAC"
2021,"Hot Docs","City-wide",11,190000,"TAC"
2021,"Human Body Expression Dance Company","City-wide",19,13000,"TAC"
2021,"Humber Institute of Technology and Advanced Learning","Neighbourhood",1,31946,"FOR"
2021,"Humewood House Association","City-wide",12,65109.89,"HIF"
2021,"iBall Canada Cares Community Organization","Neighbourhood",16,5000,"CCRF"
2021,"imagineNATIVE Film + Media Arts Festival","City-wide",10,75000,"TAC"
2021,"InDANCE South Asian Dance Arts Inc.","City-wide",13,15000,"TAC"
2021,"IndigE-girl Comedy Fest","Local",12,15000,"TAC"
2021,"Indigenous Curatorial Collective","City-wide",10,15000,"TAC"
2021,"Indigenous Fashion Arts","City-wide",14,30000,"IACPF"
2021,"Indigenous Fashion Arts","Local",14,15000,"TAC"
2021,"Indigenous Peoples Solidarity Group (IPSG)","Neighbourhood",12,3960,"PTCG"
2021,"Indigenous Performing Arts Alliance","City-wide",10,15000,"TAC"
2021,"INKspire Youth Organization","City-wide",10,5000,"TAC"
2021,"INKspire Youth Organization","City-wide",10,9990,"TAC"
2021,"Inner City Angels","City-wide",3,17500,"TAC"
2021,"Inside Out Lesbian and Gay Film Festival Inc.","City-wide",10,19325,"TAC"
2021,"Inside Out Lesbian and Gay Film Festival Inc.","City-wide",10,52000,"TAC"
2021,"Insomniac Film Festival","City-wide",9,14200,"TAC"
2021,"Inspirad@s","Local",12,4000,"TAC"
2021,"Inspirations Studio","Local",13,15000,"TAC"
2021,"InterAccess","City-wide",9,51000,"TAC"
2021,"International Readings at Harbourfront","City-wide",10,120000,"TAC"
2021,"International Readings at Harbourfront","City-wide",10,161000,"TAC"
2021,"Interro String Quartet","City-wide",4,6000,"TAC"
2021,"Intersection Music & Arts","City-wide",13,9000,"TAC"
2021,"Ipsita Nova Dance Projects","City-wide",9,25000,"TAC"
2021,"Iranian Canadian Centre for Art and Culture","City-wide",16,25000,"TAC"
2021,"Iranian Women's Organization of Ontario","City-wide",17,37760,"CSP"
2021,"Islington Committee","Neighbourhood",1,5000,"CCRF"
2021,"Islington Committee (Youth Group) (COVID19 Youth-Led)","Neighbourhood",1,4538,"CCRF"
2021,"Islington Seniors' Centre","Neighbourhood",3,38125,"CSP"
2021,"Ismailova Theatre of Dance","Local",6,15000,"TAC"
2021,"It Could Still Happen","City-wide",18,15000,"TAC"
2021,"It's OK Community Arts","City-wide",11,6650,"TAC"
2021,"J MAR Electric","City-wide",10,10000,"TAC"
2021,"Jamaican Canadian Association","Local",7,10000,"IMM"
2021,"Jamii","Local",10,15000,"TAC"
2021,"Jamii","Local",10,33800,"TAC"
2021,"Janak Khendry Dance Company","City-wide",8,10020,"TAC"
2021,"Jane/Finch Community and Family Centre","Local",7,171785,"CSP"
2021,"Jane/Finch Community and Family Centre","Local",7,2e+05,"YVP"
2021,"Jane/Finch Community and Family Centre","Local",7,9571,"IMM"
2021,"Jane/Finch Community and Family Centre","City-wide",7,150000,"IMM"
2021,"Japanese Social Services","City-wide",16,32300,"CSP"
2021,"JAYU Festival Inc.","City-wide",10,15000,"TAC"
2021,"JBV Gardening Committee","Neighbourhood",4,3517.7,"PTCG"
2021,"Jeng Yi","City-wide",18,12615,"TAC"
2021,"Jeng Yi","Local",18,15000,"TAC"
2021,"Jessie's, The June Callwood Centre for Young Women","City-wide",13,60000,"HIF"
2021,"Jessie's, The June Callwood Centre for Young Women","City-wide",13,24260,"CSP"
2021,"JNF Rising (COVID19 Youth-led)","Local",7,5000,"CCRF"
2021,"John A Leslie Parent Council","Neighbourhood",20,1700,"PTCG"
2021,"John B. Aird Gallery","City-wide",10,13300,"TAC"
2021,"Jubilate Singers","City-wide",11,5000,"TAC"
2021,"Jumblies Theatre","Local",10,30000,"TAC"
2021,"Jumblies Theatre","City-wide",10,84900,"TAC"
2021,"Kababayan Community Service Centre Inc.","City-wide",4,37240,"CSP"
2021,"Kaeja d'Dance","City-wide",11,34600,"TAC"
2021,"Kaeja d'Dance","Local",11,35000,"TAC"
2021,"Kaha:wi Dance Theatre","City-wide",11,40000,"TAC"
2021,"Kamalayan Konsciousness Kollective","Local",8,13935,"TAC"
2021,"KasheDance","City-wide",13,19500,"TAC"
2021,"KCWA Family and Social Services","City-wide",11,44000,"CSP"
2021,"Kennedy 2 Kipling","Neighbourhood",25,3000,"CCRF VP"
2021,"KJ Bit","Local",11,10000,"TAC"
2021,"Koffler Gallery of the Koffler Centre of the Arts","City-wide",10,50000,"TAC"
2021,"Korean Dance Studies Society of Canada","City-wide",16,17000,"TAC"
2021,"Korean Senior Citizens Society of Toronto","City-wide",11,24840,"CSP"
2021,"La Passerelle I.D.E.","City-wide",13,25000,"TOS"
2021,"La Passerelle-I.D.É.","City-wide",13,70080,"CSP"
2021,"La Passerelle-I.D.É.","Local",13,15000,"NG"
2021,"Labyrinth Musical Workshop Ontario","City-wide",12,10955,"TAC"
2021,"Labyrinth Musical Workshop Ontario","Local",12,20000,"TAC"
2021,"Lakeshore Area Multi-Service Project (LAMP)","Local",3,89400,"CSP"
2021,"Lakeshore Area Multi-Service Project (LAMP)","Local",3,4e+05,"IMM"
2021,"Lakeshore Village Action Group","Neighbourhood",3,2925,"CCRF"
2021,"Lambton Park Community School","Neighbourhood",5,3658,"PTCG"
2021,"Lao Association of Ontario","City-wide",6,34895,"CSP"
2021,"Latin American Art Projects","City-wide",10,25000,"TAC"
2021,"Latvian Senior Citizens' Association","City-wide",16,12430,"CSP"
2021,"Latvian Senior Citizens' Association","Local",16,8000,"IMM"
2021,"Lay-Up Youth Basketball","Local",10,15000,"TAC"
2021,"Le Laboratoire d'Art","City-wide",10,18000,"TAC"
2021,"Le Theatre francais de Toronto","City-wide",11,115000,"TAC"
2021,"LEAF - Local Enhancement and Appreciation of Forests","City-wide",12,33150,"FOR"
2021,"LEAF - Local Enhancement and Appreciation of Forests","City-wide",20,4818.18181818182,"FOR"
2021,"LEAF - Local Enhancement and Appreciation of Forests","City-wide",5,4818.18181818182,"FOR"
2021,"LEAF - Local Enhancement and Appreciation of Forests","City-wide",1,4818.18181818182,"FOR"
2021,"LEAF - Local Enhancement and Appreciation of Forests","City-wide",2,4818.18181818182,"FOR"
2021,"LEAF - Local Enhancement and Appreciation of Forests","City-wide",11,4818.18181818182,"FOR"
2021,"LEAF - Local Enhancement and Appreciation of Forests","City-wide",7,4818.18181818182,"FOR"
2021,"LEAF - Local Enhancement and Appreciation of Forests","City-wide",20,4818.18181818182,"FOR"
2021,"LEAF - Local Enhancement and Appreciation of Forests","City-wide",19,4818.18181818182,"FOR"
2021,"LEAF - Local Enhancement and Appreciation of Forests","City-wide",24,4818.18181818182,"FOR"
2021,"LEAF - Local Enhancement and Appreciation of Forests","City-wide",6,4818.18181818182,"FOR"
2021,"LEAF - Local Enhancement and Appreciation of Forests","City-wide",13,4818.18181818182,"FOR"
2021,"LEAF - Local Enhancement and Appreciation of Forests","City-wide",12,1e+05,"FOR"
2021,"League of Canadian Poets","City-wide",13,19100,"TAC"
2021,"Learning Disabilities Association of Toronto","City-wide",18,66275,"CSP"
2021,"Les Centres d'Accueil Heritage","City-wide",10,67155,"CSP"
2021,"Lesbian Gay Bi Trans Youth Line","City-wide",13,46855,"CSP"
2021,"Leyland Adams","City-wide",12,29500,"StART PP"
2021,"LGBT Youthline","City-wide",13,50000,"TOS"
2021,"Liaison of Independent Filmmakers of Toronto","City-wide",9,77000,"TAC"
2021,"Lifted by Purpose","City-wide",10,20000,"INO"
2021,"Limitless Designs","City-wide",2,14900,"TAC"
2021,"Literature and Film Fan Club","City-wide",6,4000,"TAC"
2021,"Little Pear Garden Dance Company","Local",17,18000,"TAC"
2021,"Live Others Collective","City-wide",4,7500,"TAC"
2021,"LOFT Community Services","City-wide",13,103500,"TOS"
2021,"Long Branch Neighbourhood Association","Neighbourhood",3,500,"FOR"
2021,"Long Branch Neighbourhood Association","Neighbourhood",3,49500,"FOR"
2021,"Long Winter","City-wide",9,18000,"TAC"
2021,"Loop Sessions Toronto","City-wide",11,15000,"TAC"
2021,"Loud Dreams","Neighbourhood",7,4500,"CCRF"
2021,"Loud Dreams","Neighbourhood",7,2580,"CCRF VP"
2021,"Loyola Arrupe Centre for Seniors","City-wide",9,24320,"CSP"
2021,"LuA","City-wide",9,3600,"TAC"
2021,"Lula Music and Arts Centre","City-wide",9,65000,"TAC"
2021,"Lumacare Services","City-wide",6,94115,"CSP"
2021,"Lumacare Services","Local",6,10000,"IMM"
2021,"Lumacare Services","Local",6,5e+05,"IMM"
2021,"MABELLEarts","Local",9,24000,"TAC"
2021,"MABELLEarts","Local",9,30000,"TAC"
2021,"Malvern Family Resource Centre","Neighbourhood",25,4260,"PTCG"
2021,"Malvern Family Resource Centre","Local",25,214880,"CSP"
2021,"Malvern Family Resource Centre","Local",25,16250,"CAF"
2021,"Mammalian Diving Reflex Theatre Group","City-wide",10,25000,"TAC"
2021,"manidoons collective","City-wide",4,15000,"TAC"
2021,"Manifesto Community Projects Inc.","City-wide",10,39000,"TAC"
2021,"Massey Centre (shown as Humewood House Association in application proposal) (COVID19 Youth-Led)","Local",12,3000,"CCRF"
2021,"Mayworks Festival","City-wide",11,25000,"TAC"
2021,"M-DO","City-wide",10,6000,"TAC"
2021,"Melodies & Colour","Local",10,13000,"TAC"
2021,"Memory Box","City-wide",11,30000,"TAC"
2021,"Memory Work Collective","Local",15,20000,"TAC"
2021,"Mercer Union, A Centre for Contemporary Visual Art","City-wide",9,72500,"TAC"
2021,"Metropolitan Action Committee on Violence Against Women and Children (METRAC: Action on Violence)","City-wide",11,341000,"CSP"
2021,"Midaynta Community Services","Local",1,3000,"CCRF"
2021,"Mixed Company Theatre","City-wide",13,18825,"TAC"
2021,"Mobile Arts Programming Association","Local",9,7750,"TAC"
2021,"Modern Batik Couture","Local",6,15000,"TAC"
2021,"Modern Times Stage Company","City-wide",9,37500,"TAC"
2021,"Momiji Health Care Society","City-wide",24,39790,"CSP"
2021,"Mommy Monitor","City-wide",10,20000,"INO"
2021,"Moms on a Mission","Neighbourhood",16,4930,"CCRF"
2021,"Monarch Park Pollinator Partners (MPPP)","Neighbourhood",14,2948.5,"PTCG"
2021,"Mood Disorders Association of Ontario and Toronto","City-wide",8,19395,"CSP"
2021,"Moonhorse Dance Theatre","City-wide",9,15000,"TAC"
2021,"Moonhorse Dance Theatre","Local",9,18500,"TAC"
2021,"Mothers of Peace","Neighbourhood",13,5000,"CCRF"
2021,"Moveable Beast","City-wide",9,15000,"TAC"
2021,"Mozambique Community Centre","Neighbourhood",10,20000,"INO"
2021,"Mural Routes Inc.","City-wide",20,30000,"TAC"
2021,"Mural Routes Inc.","City-wide",20,60000,"StART PP"
2021,"Museum of Contemporary Art Toronto (MOCA Toronto)","City-wide",9,321313,"CADP"
2021,"Music Africa of Canada Inc.","City-wide",12,43375,"TAC"
2021,"Music Education Charity of Canada (MECC)","Local",10,20000,"TAC"
2021,"Music From Hope","Local",14,15000,"TAC"
2021,"Music Mondays Community Series","City-wide",13,8000,"TAC"
2021,"Music Toronto","City-wide",13,86500,"TAC"
2021,"MYLES UNLIMITED","Local",19,2500,"CCRF"
2021,"MYLES UNLIMITED","Local",20,2500,"CCRF"
2021,"Nagata Shachu Japanese Taiko and Music Group","Local",23,15000,"TAC"
2021,"Nagata Shachu Japanese Taiko and Music Group","City-wide",23,23000,"TAC"
2021,"Nagata Shachu Japanese Taiko and Music Group","Local",23,67500,"TAC"
2021,"Na-Me-Res","City-wide",12,250000,"IMM"
2021,"National Shevchenko Musical Ensemble Guild of Canada","City-wide",11,7500,"TAC"
2021,"Native Canadian Centre of Toronto","City-wide",11,158510,"CSP"
2021,"Native Child and Family Services of Toronto","City-wide",13,129055,"CSP"
2021,"Native Child and Family Services of Toronto","City-wide",13,10000,"IMM"
2021,"Native Child and Family Services of Toronto","City-wide",13,149955,"IMM"
2021,"Native Child and Family Services of Toronto","Neighbourhood",13,115000,"PG"
2021,"Native Child and Family Services of Toronto","City-wide",13,125000,"TOS"
2021,"Native Earth Performing Arts Inc.","City-wide",13,89250,"TAC"
2021,"Native Earth Performing Arts Incorporated","City-wide",13,50000,"IACPF"
2021,"Native Women in the Arts","City-wide",10,40000,"TAC"
2021,"Native Women's Resource Centre","City-wide",13,99010,"CSP"
2021,"Native Women's Resource Centre","City-wide",13,1e+05,"TOS"
2021,"Necessary Angel Theatre Company","City-wide",10,60300,"TAC"
2021,"Neighbourhood Arts Network","City-wide",10,30000,"TAC"
2021,"Neighbourhood Arts Network","City-wide",10,1e+05,"TAC"
2021,"Neighbourhood Love Collectine","City-wide",3,33551,"StART PP"
2021,"Neptune youth Committee","Neighbourhood",8,2160,"CCRF VP"
2021,"New Canadian Community Centre","City-wide",17,48750,"CSP"
2021,"New Music Concerts","City-wide",10,52250,"TAC"
2021,"New Tradition Music","Local",7,15000,"TAC"
2021,"Newcomer Women's Services Toronto","City-wide",14,46515,"CSP"
2021,"Next Generation Arts","Local",24,11972,"TAC"
2021,"Nia Centre for the Arts","City-wide",12,27000,"TAC"
2021,"Nightswimming Repertory Theatre","City-wide",10,17000,"TAC"
2021,"Nightwood Theatre","Local",10,20000,"TAC"
2021,"Nightwood Theatre","City-wide",10,73000,"TAC"
2021,"NIP Information Post","Neighbourhood",13,44560,"CSP"
2021,"North York Community House","Local",8,231335,"CSP"
2021,"North York Community House","Local",8,5e+05,"IMM"
2021,"North York Community House","Local",8,15000,"NG"
2021,"North York Harvest Food Bank","City-wide",5,25845,"CSP"
2021,"North York Inter Community Youth Group/Pan Fantasy Steelband","Local",25,10000,"TAC"
2021,"North York Seniors Centre","Neighbourhood",18,100480,"CSP"
2021,"North York Women's Resource Centre","Local",5,55200,"CSP"
2021,"Northern Visions Independent Video & Film Association","City-wide",10,58000,"TAC"
2021,"Northwood Neighbourhood Services","Local",7,51170,"CSP"
2021,"Northwood Neighbourhood Services","Local",7,20000,"TAC"
2021,"Not Far From The Tree","Neighbourhood",11,280,"FOR"
2021,"NOWADAYS THEATRE","City-wide",18,10000,"TAC"
2021,"Obsidian Theatre Company Inc.","Local",14,60000,"TAC"
2021,"Obsidian Theatre Company Inc.","City-wide",14,65500,"TAC"
2021,"OCASI - Ontario Council of Agencies Serving Immigrants","City-wide",8,31040,"CSP"
2021,"O'Connor Hawks Youth (COVID19 Youth-Led)","Neighbourhood",19,5000,"CCRF"
2021,"Oculus Common","Local",4,20000,"TAC"
2021,"ON8ON","Local",11,15000,"TAC"
2021,"One Link","Local",7,4200,"CCRF"
2021,"Onsite Gallery at OCAD University","City-wide",10,15000,"TAC"
2021,"Ontario Association of Art Galleries","City-wide",10,24000,"TAC"
2021,"Ontario College of Art & Design University","Neighbourhood",10,2920,"PTCG"
2021,"Ontario Nonprofit Network","City-wide",12,25000,"CB"
2021,"Ontario Psychological Association","City-wide",12,128500,"TOS"
2021,"Open Book Foundation","City-wide",11,15000,"TAC"
2021,"Open Studio","City-wide",10,73000,"TAC"
2021,"Opera Atelier","City-wide",13,90000,"TAC"
2021,"Opera in Concert","City-wide",14,30000,"TAC"
2021,"Opportunity for Advancement","City-wide",9,51660,"CSP"
2021,"Orchestra Toronto","City-wide",18,22000,"TAC"
2021,"Oriana Women's Choir","City-wide",14,12500,"TAC"
2021,"Orpheus Choir of Toronto","City-wide",12,27000,"TAC"
2021,"Orton Park Community Group -- (Not final, to be confirmed)","Local",24,3000,"CCRF VP"
2021,"Outside the March Theatre Company Inc","City-wide",9,15000,"TAC"
2021,"Outside the March Theatre Company Inc","Local",9,17688,"TAC"
2021,"Outside the March Theatre Company Inc","City-wide",9,23000,"TAC"
2021,"PAL-Reading Services Inc.","City-wide",13,17200,"CSP"
2021,"Panwar music and Dance Productions Inc.","City-wide",25,12000,"TAC"
2021,"Paprika Theatre Festival","City-wide",10,17000,"TAC"
2021,"Parents Engaged in Education (PEIE)","Local",25,50000,"INO"
2021,"Parkdale Activity-Recreation Centre","City-wide",4,1e+05,"NG"
2021,"Parkdale Golden Age Foundation","Neighbourhood",4,62800,"CSP"
2021,"Parkdale Intercultural Association (Toronto)","Neighbourhood",4,72310,"CSP"
2021,"Parvai","Local",10,9900,"TAC"
2021,"Pax Christi Chorale","City-wide",17,20000,"TAC"
2021,"Peggy Baker Dance Projects","City-wide",10,35000,"TAC"
2021,"Pembina Institute","City-wide",11,150000,"TAF"
2021,"Pencil Kit Productions","City-wide",9,5000,"TAC"
2021,"People’s Food Institute and Toronto Food Policy Council","City-wide",19,15000,"CB"
2021,"Phoenix Arts","City-wide",24,15000,"TAC"
2021,"Pinceles Latinos Art Studio","Local",7,6400,"TAC"
2021,"Pink Pluto","City-wide",9,15000,"TAC"
2021,"Planet in Focus","City-wide",10,25000,"TAC"
2021,"Playwrights Guild of Canada","City-wide",10,25000,"TAC"
2021,"Pleiades Theatre","City-wide",10,23000,"TAC"
2021,"Pollution Probe","City-wide",10,30040,"TAF"
2021,"pounds per square inch performance","City-wide",13,15000,"TAC"
2021,"PRATIBHA ARTS","City-wide",10,15000,"TAC"
2021,"Prefix Institute of Contemporary Art, Inc.","City-wide",10,17000,"TAC"
2021,"Pride Toronto","City-wide",13,260000,"CADP"
2021,"Prime Mover Theatre Company","City-wide",14,15000,"TAC"
2021,"Prime Mover Theatre Company","City-wide",14,15000,"TAC"
2021,"ProArteDanza Performance Inc","City-wide",14,15000,"TAC"
2021,"Professional Association of Canadian Theatres","City-wide",10,8000,"TAC"
2021,"Progress Place Rehabilitation Centre","Local",13,9850,"CAF"
2021,"Progress Place Warm Line","City-wide",13,40000,"TOS"
2021,"Project ReDefine Arts","City-wide",14,23000,"TAC"
2021,"Project: Humanity Inc.","Local",8,14500,"TAC"
2021,"Prologue to the Performing Arts","City-wide",10,35000,"TAC"
2021,"Prologue to the Performing Arts","City-wide",10,160000,"TAC"
2021,"Promoting Education and Community Health (PEACH)","Local",7,15000,"CB"
2021,"Promoting Education and Community Health (PEACH)","Local",7,30000,"CB"
2021,"Promoting Education and Community Health (PEACH)","Neighbourhood",7,66060,"CSP"
2021,"Promoting Education and Community Health (PEACH)","Local",7,75000,"GV"
2021,"Prosserman Jewish Community Centre","City-wide",6,14780,"CSP"
2021,"Public Recordings Performance Projects","City-wide",4,20400,"TAC"
2021,"Puppetmongers Theatre","City-wide",11,20000,"TAC"
2021,"Queer Asian Performing Arts Network","City-wide",14,8000,"TAC"
2021,"QUEST","City-wide",13,141565,"TAF"
2021,"Quintagious!","City-wide",8,1000,"TAC"
2021,"QuipTake","City-wide",12,10000,"TAC"
2021,"Raging Asian Women Taiko Drummers","Local",5,29750,"TAC"
2021,"Rainbow Songs Foundation","Local",4,7980,"TAC"
2021,"Rainbow's Pride in Scarborough","Local",10,14836,"TAC"
2021,"Ralph Thornton Community Centre","Neighbourhood",14,38075,"CSP"
2021,"REAson d'etre dance productions","City-wide",4,15000,"TAC"
2021,"Reassemblage Collective","City-wide",4,12000,"TAC"
2021,"Red Pepper Spectacle Arts","City-wide",11,35000,"TAC"
2021,"Red Sky Performance","City-wide",10,30000,"IACPF"
2021,"Red Sky Performance","City-wide",10,45000,"TAC"
2021,"Red Sky Performance","Local",10,67500,"TAC"
2021,"Red Snow Collective","City-wide",16,15000,"TAC"
2021,"Reduce, Rethink, Repair","Local",2,3000,"CCRF VP"
2021,"Regenesis York","City-wide",15,5000,"FOR"
2021,"Regenesis York","City-wide",11,5000,"FOR"
2021,"Regenesis York","City-wide",7,5000,"FOR"
2021,"Regenesis York","City-wide",25,5000,"FOR"
2021,"Regenesis York","City-wide",7,5000,"FOR"
2021,"Regent Park Black Lives Matter Coalition","Neighbourhood",13,5000,"CCRF"
2021,"Regent Park Film Festival Inc.","City-wide",13,15000,"TAC"
2021,"Regent Park Film Festival Inc.","Local",13,28000,"TAC"
2021,"Regent Park Mother's of peace","Local",13,3000,"CCRF VP"
2021,"Regent Park Neighbourhood Association","Neighbourhood",13,75000,"PG"
2021,"Regent Park TV","Neighbourhood",13,51316,"PG"
2021,"Regent Park TV","City-wide",14,7400,"TAC"
2021,"Resiliency Moving Project","Neighbourhood",8,3000,"CCRF VP"
2021,"Returning River","City-wide",11,6000,"TAC"
2021,"reWork Productions","City-wide",10,9000,"TAC"
2021,"Rexdale Community Health Centre","Local",1,167865,"CSP"
2021,"Rexdale Community Health Centre","Local",1,5e+05,"IMM"
2021,"Rexdale Community Hub","Local",1,310725,"CSP"
2021,"Rexdale Community Hub","Local",1,15000,"NG"
2021,"Rexdale Women’s Centre","Local",1,15790,"CAF"
2021,"Rexdale Women's Centre","Local",1,107525,"CSP"
2021,"RISE Arts and Community Services","City-wide",22,15000,"TAC"
2021,"RISE Arts and Community Services","City-wide",22,20000,"TAC"
2021,"RISE Arts and Community Services","City-wide",22,92184,"TAC"
2021,"Roots","Neighbourhood",7,3000,"CCRF VP"
2021,"Roots (COVID19 Youth-led)","Neighbourhood",7,5000,"CCRF"
2021,"Roseneath Theatre","City-wide",9,73000,"TAC"
2021,"RT Collective","City-wide",4,4000,"TAC"
2021,"Ryerson Student Pow Wow","City-wide",13,30000,"IACPF"
2021,"Saawan Theatre","Local",7,9900,"TAC"
2021,"Salon du Livre de Toronto","Local",11,7500,"TAC"
2021,"San Lorenzo Latin American Community Centre","Local",8,5000,"CAF"
2021,"San Romanoway Revitalization Association","Local",7,86345,"CSP"
2021,"Sandra Laronde","City-wide",11,30000,"IACPF"
2021,"Sara Porter Productions","City-wide",12,14500,"TAC"
2021,"SAVAC","City-wide",10,45000,"TAC"
2021,"Scadding Court Community Centre","Neighbourhood",10,190420,"CSP"
2021,"Scadding Court Community Centre","Local",10,4e+05,"IMM"
2021,"Scadding Court Community Centre","Neighbourhood",10,18750,"PG"
2021,"Scadding Court Community Centre","Local",10,20000,"TAC"
2021,"Scadding Court Community Centre & Friends of Alexandra Park","Neighbourhood",10,4620,"PTCG"
2021,"Scarborough Centre for Healthy Communities","Local",24,201975,"CSP"
2021,"Scarborough Centre for Healthy Communities","Local",24,1e+05,"IMM"
2021,"Scarborough Centre for Healthy Communities","Local",24,5e+05,"IMM"
2021,"Scarborough Centre for Healthy Communities","Local",24,24000,"INI"
2021,"Scarborough Food Security Initiative","Local",20,6800,"CAF"
2021,"Scarborough Made","Local",21,15000,"TAC"
2021,"Scarborough Made","Local",21,20000,"TAC"
2021,"Scarborough Made","Local",21,30000,"TAC"
2021,"Scarborough Philharmonic Orchestra","City-wide",24,23000,"TAC"
2021,"Scarborough Women's Centre","Neighbourhood",24,39810,"CSP"
2021,"Scarborough Youth Society Group (COVID19 Youth-Led)","Local",20,2942,"CCRF"
2021,"Scarborough Youth United","Local",22,9900,"TAC"
2021,"Scarbrite Collective","Local",25,9900,"TAC"
2021,"SDP Promotions","Neighbourhood",13,39233,"PG"
2021,"Second Sleep Stage Creations","Local",18,6150,"TAC"
2021,"Seneca College of Applied Arts and Technology","Neighbourhood",17,75000,"FOR"
2021,"Senior Persons Living Connected","Local",22,107970,"CSP"
2021,"Senior Persons Living Connected","Local",22,10000,"IMM"
2021,"Senior Tamils' Centre of Ontario","City-wide",23,64495,"CSP"
2021,"Senior Tamils' Centre of Ontario","Local",23,9000,"IMM"
2021,"Serendipity Visual Arts","Local",13,3000,"CCRF VP"
2021,"Settlement Assistance and Family Support Services (SAFSS)","Local",24,56955,"CSP"
2021,"Seventh Generation Midwives","Local",13,4000,"CAF"
2021,"Shadowland Theatre","Local",10,20000,"TAC"
2021,"Shadowland Theatre","Local",10,22000,"TAC"
2021,"Shakespeare in Action","Local",5,9816.34,"CAF"
2021,"Shakespeare In Action","Local",5,15000,"NG"
2021,"Shakespeare In Action","Local",5,12000,"TAC"
2021,"Shakespeare in the Ruff","City-wide",11,15000,"TAC"
2021,"Shameless Media","City-wide",4,8000,"TAC"
2021,"Shirley Street Junior Public School Gardeners","Neighbourhood",9,3427.02,"PTCG"
2021,"SICK MUSE ART PROJECTS","Local",9,12000,"TAC"
2021,"SICK MUSE ART PROJECTS","City-wide",9,20000,"TAC"
2021,"Signal Theatre","City-wide",9,30000,"IACPF"
2021,"Silent Voice Canada Inc.","City-wide",12,34505,"CSP"
2021,"Silverfish Magazine","City-wide",5,8000,"TAC"
2021,"Sinfonia Toronto","City-wide",17,12350,"TAC"
2021,"SING! The Toronto Vocal Arts Festival","City-wide",19,15000,"TAC"
2021,"Sistema Toronto Academy","Local",4,6160,"TAC"
2021,"SKETCH Working Arts for Street-involved and Homeless Youth","City-wide",10,35000,"TAC"
2021,"SKETCH Working Arts for Street-involved and Homeless Youth","City-wide",10,55250,"TAC"
2021,"SKETCH Working Arts for Street-involved and Homeless Youth","City-wide",10,110000,"TAC"
2021,"SLYE (Steeles-L'amoureaux)","Local",22,24000,"INI"
2021,"Small World Music Society","City-wide",10,20000,"TAC"
2021,"Small World Music Society","City-wide",10,54500,"TAC"
2021,"Smutburger","City-wide",11,6400,"TAC"
2021,"Social Growl Dance Inc.","City-wide",14,14000,"TAC"
2021,"Society of Sharing: Inner-City Volunteers","Local",13,17855,"CSP"
2021,"SoCirC","City-wide",11,19975,"TAC"
2021,"Somali Canadian Association of Etobicoke","Neighbourhood",1,4500,"CCRF"
2021,"Somali Canadian Association of Etobicoke","Local",1,25845,"CSP"
2021,"Somali Women's and Children's Support Network","City-wide",1,44970,"CSP"
2021,"Soulpepper Theatre Company","City-wide",10,85200,"TAC"
2021,"Soulpepper Theatre Company","City-wide",10,461000,"TAC"
2021,"SoundCheck Youth Arts Inc.","City-wide",8,20000,"INO"
2021,"SoundCheck Youth Arts Inc.","City-wide",8,20000,"TAC"
2021,"SoundStock Academy","Local",21,9800,"TAC"
2021,"Soundstreams","City-wide",13,88000,"TAC"
2021,"South Asian Women’s and Immigrants’ Services Inc.","Local",20,7000,"CAF"
2021,"South Asian Women's Centre","City-wide",9,15000,"CB"
2021,"South Asian Women's Centre","City-wide",9,96870,"CSP"
2021,"South Parkdale Pollinators","Neighbourhood",4,1754.5,"PTCG"
2021,"South Riverdale CHC - Moss Park Consumption & Treatment Service","Neighbourhood",14,115000,"PG"
2021,"South Riverdale Community Health Centre","Neighbourhood",19,4950,"PTCG"
2021,"South Riverdale Community Health Centre","Local",14,105595,"CSP"
2021,"Southern Currents Film & Video Collective","City-wide",9,20000,"TAC"
2021,"SPRINT Senior Care","Local",12,106595,"CSP"
2021,"SPRINT Senior Care","City-wide",12,180000,"IMM"
2021,"St. Alban's Boys and Girls Club","Local",11,214090,"CSP"
2021,"St. Angela Environmental Club","Neighbourhood",1,5000,"PTCG"
2021,"St. Basil-the-Great College Pollinators","Neighbourhood",7,4000,"PTCG"
2021,"St. Clair O'Connor Community Inc.","Neighbourhood",19,19810,"CSP"
2021,"St. Clair O'Connor Community Inc.","Local",19,10000,"IMM"
2021,"St. Cyril Parent Council","Neighbourhood",18,1500,"PTCG"
2021,"St. Louis Catholic School","Neighbourhood",3,1500,"PTCG"
2021,"St. Matthew's Bracondale House","Neighbourhood",12,53270,"CSP"
2021,"St. Stephen's Community House (of The Neighborhood Group)","Local",13,2e+05,"YVP"
2021,"St.Jamestown Youth United (COVID19 Youth-Led)","Neighbourhood",13,5000,"CCRF"
2021,"STEPS Public Art","City-wide",6,35878,"StART PP"
2021,"Stolen From Africa / Volé D'Afrique","Local",22,161423,"YVP"
2021,"Stolen From Africa / Volé D'Afrique","Local",22,16500,"TOS"
2021,"Stonegate Community Association","Local",3,96740,"CSP"
2021,"Storefront Humber Inc.","Local",3,63905,"CSP"
2021,"Storefront Humber Inc.","Local",3,15000,"NG"
2021,"Street Health Community Nurses Foundation","Local",13,115000,"PG"
2021,"Street Voices","City-wide",19,8000,"TAC"
2021,"Student Art Spaces Canada","Local",3,8533,"TAC"
2021,"Studio 180 Theatre","City-wide",11,17000,"TAC"
2021,"SugaCayne Collective","City-wide",17,20000,"TAC"
2021,"SummerWorks Performance Festival","Local",10,25000,"TAC"
2021,"SummerWorks Performance Festival","City-wide",10,52000,"TAC"
2021,"Sunshine Centres for Seniors","City-wide",14,49110,"CSP"
2021,"Sunshine Centres for Seniors","Local",14,10000,"IMM"
2021,"Support Enhance Access Services Centre (S.E.A.S. Centre)","Local",22,89955,"CSP"
2021,"Sustainability at Centennial","Neighbourhood",24,5000,"PTCG"
2021,"Sweet Grass Roots Collective","Local",14,29800,"TAC"
2021,"Syme Woolner Neighbourhood and Family Centre","Local",5,83704,"HIF"
2021,"Syme Woolner Neighbourhood and Family Centre","Neighbourhood",5,116010,"CSP"
2021,"Syme Woolner Neighbourhood and Family Centre","Local",5,4465,"IMM"
2021,"Syme Woolner Neighbourhood and Family Centre","Local",5,5e+05,"IMM"
2021,"Taddlewood Heritage Association","Neighbourhood",12,1400,"PTCG"
2021,"Tafelmusik","City-wide",11,180000,"TAC"
2021,"TAIBU Community Health Centre","City-wide",23,150000,"CB"
2021,"TAIBU Community Health Centre","Local",23,10000,"IMM"
2021,"TAIBU Community Health Centre","City-wide",23,4e+05,"IMM"
2021,"TAIBU Community Health Centre","Local",23,25000,"TOS"
2021,"Taking Back What's Ours (COVID19 Youth-Led)","Neighbourhood",7,5000,"CCRF"
2021,"Tandridge Community Collective (TCCG)","Neighbourhood",1,5000,"CCRF"
2021,"Tandridge Residents Cooperative Table","Neighbourhood",1,5000,"CCRF"
2021,"Tangled Art + Disability","City-wide",10,48000,"TAC"
2021,"Tapestry Music Theatre","City-wide",10,53000,"TAC"
2021,"Tarragon Theatre","City-wide",12,211500,"TAC"
2021,"TB West Community Services","City-wide",3,15000,"TAC"
2021,"TCCG-YOUTH DIVISION (COVID19 Youth-Led)","Neighbourhood",1,5000,"CCRF"
2021,"Tesoc Multicultural Settlement Services","City-wide",21,40045,"CSP"
2021,"Textile Museum of Canada","City-wide",10,72000,"TAC"
2021,"The Arab Community Centre of Toronto","Local",2,10000,"CAF"
2021,"The Arab Community Centre of Toronto","City-wide",2,43445,"CSP"
2021,"The Art of Time Ensemble","City-wide",12,58000,"TAC"
2021,"The Artists Mentoring Youth Project Inc.","Local",9,12500,"TAC"
2021,"The Bike Brigade","Local",9,9000,"CAF"
2021,"The Bike Brigade (for Sorauren Farmers’ Market)","Local",9,5000,"CAF"
2021,"The Cabbagetown Community Arts Centre","City-wide",13,18400,"TAC"
2021,"The Canadian Mental Health Association","City-wide",8,50000,"TOS"
2021,"The Career Foundation","Local",8,75000,"PG"
2021,"The Centre for Spanish-Speaking Peoples","City-wide",6,68175,"CSP"
2021,"The Child-ish Collective","City-wide",9,14000,"TAC"
2021,"The Children's Book Bank","Local",13,5000,"TAC"
2021,"The Chimera Project Dance Theatre","City-wide",13,15000,"TAC"
2021,"The Chimera Project Dance Theatre","City-wide",13,15000,"TAC"
2021,"The Chocolate Factory Collective","City-wide",19,14841,"TAC"
2021,"The Company Theatre","City-wide",9,18000,"TAC"
2021,"The Concerned Kids Charity of Toronto","Local",13,10000,"TAC"
2021,"The Cross-Cultural Community Services Association (TCCSA)","City-wide",11,29285,"CSP"
2021,"The Dance Umbrella of Ontario","City-wide",13,30000,"TAC"
2021,"The Dietrich Group","City-wide",14,15000,"TAC"
2021,"The Driftwood Theatre Group","Local",4,17000,"TAC"
2021,"The Elmer Iseler Singers","City-wide",15,24545,"TAC"
2021,"The Esprit Orchestra","City-wide",10,84500,"TAC"
2021,"The First Portuguese Canadian Cultural Centre","Local",9,14910,"CSP"
2021,"The First Step (COVID19 Youth-Led)","Neighbourhood",15,1500,"CCRF"
2021,"The Flaunt It Movement","Local",14,9000,"TAC"
2021,"The Flin Flon Cowboy Collective","City-wide",10,20000,"TAC"
2021,"The Freesound Series","City-wide",9,8800,"TAC"
2021,"The Fringe of Toronto Theatre Festival","City-wide",14,77000,"TAC"
2021,"The Garden Club of Toronto","Neighbourhood",13,4000,"PTCG"
2021,"The Gatehouse Child Abuse Investigation & Support Site","City-wide",3,25845,"CSP"
2021,"The George S. Seniors’ Centre of York","Neighbourhood",5,97905,"CSP"
2021,"The Glenn Gould Foundation","Local",13,48280,"TAC"
2021,"The Hannaford Street Silver Band","City-wide",13,28000,"TAC"
2021,"The Hispanic Council of Metropolitan Toronto","City-wide",6,62140,"CSP"
2021,"The Holy Gasp","City-wide",11,10000,"TAC"
2021,"The Hour Zero Foundation","Local",1,10000,"TAC"
2021,"The Howland Company","City-wide",13,7000,"TAC"
2021,"The International Love Project","City-wide",11,9000,"TAC"
2021,"The Kickback (Regent Park)","Local",13,24000,"INI"
2021,"The Massey Centre For Women","City-wide",14,30110,"CSP"
2021,"The Mexicans Folk Ballet","City-wide",8,11000,"TAC"
2021,"The Music Gallery","City-wide",11,87000,"TAC"
2021,"The Musical Stage Company","City-wide",10,36000,"TAC"
2021,"The National Ballet of Canada","City-wide",10,1390000,"TAC"
2021,"The Neighbourhood Group","City-wide",13,20000,"CCRF"
2021,"The Neighbourhood Group","City-wide",19,22500,"CCRF"
2021,"The Neighbourhood Group – Central Neighbourhood House","Local",19,41000,"PG"
2021,"The Neighbourhood Group Community Services","Local",13,2850,"CCRF"
2021,"The Neighbourhood Group Community Services","Local",13,637665,"CSP"
2021,"The Power Plant","City-wide",10,206000,"TAC"
2021,"The Regent Park School of Music","Local",13,15000,"TAC"
2021,"The Remix Project","City-wide",10,28000,"TAC"
2021,"The Royal Conservatory of Music","City-wide",11,50000,"TAC"
2021,"The Second Mile Club of Toronto","Local",11,76145,"CSP"
2021,"The Shoe Project","City-wide",12,15000,"TAC"
2021,"The Smile Company - Theatrical Productions","City-wide",11,28000,"TAC"
2021,"The St. Christopher House","Local",10,324405,"CSP"
2021,"The STEPS Initiative","Local",10,15000,"TAC"
2021,"The STEPS Initiative","Local",10,20000,"TAC"
2021,"The Stop Community Food Centre","City-wide",9,31040,"CSP"
2021,"The Storytellers School of Toronto","City-wide",12,34500,"TAC"
2021,"The Sunglasses Monologue","City-wide",18,15000,"TAC"
2021,"The Teresa Group Child and Family Aid","City-wide",12,32300,"CSP"
2021,"The Theatre Centre","City-wide",9,144000,"TAC"
2021,"The Toronto Consort","City-wide",11,27000,"TAC"
2021,"The TRANZAC","Local",11,15000,"TAC"
2021,"The Tropicana Community Services Organization of Scarborough","City-wide",23,101870,"CSP"
2021,"The Truth & Dare Project","City-wide",14,8000,"TAC"
2021,"The Word On The Street","City-wide",10,46500,"TAC"
2021,"Theatre Direct Canada","City-wide",9,69000,"TAC"
2021,"Theatre Direct Canada","Local",9,75000,"TAC"
2021,"Theatre Gargantua","City-wide",9,15000,"TAC"
2021,"Theatre of the Beat Inc.","City-wide",19,9000,"TAC"
2021,"Theatre Passe Muraille","City-wide",10,165500,"TAC"
2021,"Theatre Smith-Gilmour","City-wide",10,41000,"TAC"
2021,"Theaturtle","City-wide",11,9000,"TAC"
2021,"Thin Edge New Music Collective","City-wide",13,15000,"TAC"
2021,"Thorncliffe Park Women's Committee","Neighbourhood",15,3750,"PTCG"
2021,"THRIVE","City-wide",10,7940,"TAC"
2021,"tiger princess dance projects inc.","City-wide",9,32000,"TAC"
2021,"TNO - The Neighbourhood Organization","Neighbourhood",15,4008,"PTCG"
2021,"TNO - The Neighbourhood Organization","Local",15,250000,"IMM"
2021,"TNO - The Neighbourhood Organization","Local",15,15000,"NG"
2021,"TNO - The Neighbourhood Organization","Local",15,5000,"CAF"
2021,"TNO - The Neighbourhood Organization","Local",16,429895.25,"HIF"
2021,"TNO - The Neighbourhood Organization","Local",15,399775,"CSP"
2021,"Toby's Place","Local",20,9900,"TAC"
2021,"TOES FOR DANCE INC.","Local",12,20000,"TAC"
2021,"Toogood Collective","City-wide",4,3000,"TAC"
2021,"Toronto & York Region Métis Council","Local",13,4000,"CAF"
2021,"Toronto Aboriginal Support Services Council (TASSC)","City-wide",11,126405,"CSP"
2021,"Toronto Aboriginal Support Services Council (TASSC)","City-wide",11,625000,"INO"
2021,"Toronto Alliance for the Performing Arts","City-wide",10,78000,"TAC"
2021,"Toronto and Region Conservation Authority","City-wide",14,27598.5,"FOR"
2021,"Toronto and Region Conservation Authority","City-wide",7,27598.5,"FOR"
2021,"Toronto and Region Conservation Authority","City-wide",6,27598.5,"FOR"
2021,"Toronto Animated Image Society","City-wide",9,18000,"TAC"
2021,"Toronto Arab Film","City-wide",6,9000,"TAC"
2021,"Toronto Artscape Inc.","City-wide",10,415000,"CADP"
2021,"Toronto Biennial of Art","Local",9,35000,"TAC"
2021,"Toronto Birth Centre Inc.","Neighbourhood",13,4620,"PTCG"
2021,"Toronto Black Film Festival","City-wide",14,7880,"TAC"
2021,"Toronto Blues Society","City-wide",10,32000,"TAC"
2021,"Toronto Centre for Community Learning & Development","City-wide",13,49805,"CSP"
2021,"Toronto Chamber Choir","Local",12,4250,"TAC"
2021,"Toronto Chamber-Pop Ensemble","City-wide",13,5000,"TAC"
2021,"Toronto Children's Chorus","City-wide",12,40000,"TAC"
2021,"Toronto Community & Culture Centre","City-wide",10,23165,"CSP"
2021,"Toronto Community for Better Child Care","City-wide",11,25845,"CSP"
2021,"Toronto Council Fire Native Cultural Centre","Local",13,35000,"TAC"
2021,"Toronto Dance Community Love-In","City-wide",4,15000,"TAC"
2021,"Toronto Dance Theatre","City-wide",13,157000,"TAC"
2021,"Toronto District School Board","City-wide",1,12500,"FOR"
2021,"Toronto District School Board","City-wide",9,12500,"FOR"
2021,"Toronto District School Board","City-wide",23,12500,"FOR"
2021,"Toronto District School Board","City-wide",4,12500,"FOR"
2021,"Toronto Downtown Jazz Society","City-wide",12,50000,"TAC"
2021,"Toronto Festival of Arts, Culture and Creativity (Luminato)","City-wide",10,4e+05,"CADP"
2021,"Toronto Festival of Comics and Graphic Arts","City-wide",11,20000,"TAC"
2021,"Toronto Finnish-Canadian Seniors Centre (Suomi-Koti)","City-wide",15,19125,"CSP"
2021,"Toronto Foundation for Student Success","City-wide",5,12071864,"SNP"
2021,"Toronto Green Community Inc.","Local",8,8000,"CAF"
2021,"Toronto Green Community Inc.","Neighbourhood",8,1461.3,"PTCG"
2021,"Toronto Indigenous Harm Reduction","City-wide",13,25000,"TAC"
2021,"Toronto Intergenerational Partnerships","Local",20,67115,"CSP"
2021,"Toronto International Film Festival Inc.","City-wide",10,1195735,"CADP"
2021,"Toronto Inuit Association","City-wide",10,8280,"TAC"
2021,"Toronto Jewish Film Foundation/Festival","City-wide",11,24000,"TAC"
2021,"Toronto Kiwanis Boys & Girls Clubs","Local",13,106115,"CSP"
2021,"Toronto Mendelssohn Choir","City-wide",12,70000,"TAC"
2021,"Toronto Metropolitan University (formerly Ryerson)","City-wide",13,130712,"TAF"
2021,"Toronto Nonprofit Network","City-wide",13,22000,"INO"
2021,"Toronto Operetta Theatre","City-wide",14,18400,"TAC"
2021,"Toronto Outdoor Art Fair","Local",10,10000,"TAC"
2021,"Toronto Outdoor Picture Show","Local",11,15000,"TAC"
2021,"Toronto Palestine Film Festival","City-wide",12,8000,"TAC"
2021,"Toronto Palestine Film Festival","City-wide",12,24500,"TAC"
2021,"Toronto People With AIDS Foundation","City-wide",13,35050,"CSP"
2021,"Toronto Photographers Workshop","City-wide",9,70000,"TAC"
2021,"Toronto Queer Media & Arts Centre","City-wide",11,15000,"TAC"
2021,"Toronto Rape Crisis Centre","City-wide",4,58370,"CSP"
2021,"Toronto Rape Crisis Centre","City-wide",7,50000,"TOS"
2021,"Toronto Reel Asian International Film Festival","City-wide",10,50000,"TAC"
2021,"Toronto Sketch Comedy Festival Inc.","City-wide",9,15000,"TAC"
2021,"Toronto Sketch Comedy Festival Inc.","City-wide",9,33850,"TAC"
2021,"Toronto Summer Music Foundation","City-wide",10,39780,"TAC"
2021,"Toronto Symphony Orchestra","City-wide",10,1220000,"TAC"
2021,"Toronto Tabla Ensemble","City-wide",19,10000,"TAC"
2021,"Toronto Undergraduate Jazz Festival","City-wide",4,8000,"TAC"
2021,"Toronto Urban Book Expo","City-wide",20,3000,"TAC"
2021,"trace press","City-wide",3,5000,"TAC"
2021,"Transcare Community Support Services","City-wide",22,90405,"CSP"
2021,"TRIA Theatre Company","City-wide",11,14000,"TAC"
2021,"Tribal Crackling Wind for the Arts","City-wide",13,30000,"TAC"
2021,"Trillium Entertainment","City-wide",19,9000,"TAC"
2021,"Trinity Square Video","City-wide",10,55000,"TAC"
2021,"Tropicana Community Services","Local",23,15000,"NG"
2021,"Tuf-Luv","Neighbourhood",25,3000,"CCRF VP"
2021,"Tunnels Collective","City-wide",14,9000,"TAC"
2021,"Ukrainian Canadian Social Services (Toronto) Inc.","City-wide",4,42720,"CSP"
2021,"UMA Foundation","City-wide",16,9000,"TAC"
2021,"Uma Nota Culture","City-wide",9,13000,"TAC"
2021,"Under The Bus Collective","City-wide",13,3000,"TAC"
2021,"Undercurrent Creations","City-wide",11,10000,"TAC"
2021,"Unison Health and Community Services","Local",5,24064.73,"HIF"
2021,"Unison Health and Community Services","Local",8,34135,"CSP"
2021,"Unison Health and Community Services","Neighbourhood",8,1e+05,"YVP"
2021,"Unison Health and Community Services","Neighbourhood",8,1e+05,"YVP"
2021,"Unisphere Canada","Local",12,20000,"TAC"
2021,"Unity Charity","City-wide",13,28000,"TAC"
2021,"Unity For Life","Neighbourhood",8,5000,"CCRF"
2021,"Unity Health","Local",16,11500,"CAF"
2021,"University of Toronto Scarborough","City-wide",11,19000,"FOR"
2021,"University of Toronto Scarborough","City-wide",6,19000,"FOR"
2021,"University of Toronto Scarborough","City-wide",25,19000,"FOR"
2021,"University of Toronto Scarborough","City-wide",7,19000,"FOR"
2021,"University of Toronto Scarborough","City-wide",11,19000,"FOR"
2021,"University Settlement","Local",10,141725,"CSP"
2021,"University Settlement","Local",10,26500,"TAC"
2021,"USING MUSIC TO HEAL","Local",5,3475,"CCRF"
2021,"Venus Fest Inc.","City-wide",13,13000,"TAC"
2021,"Vermont Square Parent-Child Mother Goose Program","City-wide",11,28935,"CSP"
2021,"Vesnivka Choir Inc.","City-wide",4,8000,"TAC"
2021,"VIBE Arts","City-wide",10,68000,"TAC"
2021,"Vibrant Healthcare Alliance","City-wide",8,41050,"CSP"
2021,"Victim Services Toronto","City-wide",13,289310,"CSP"
2021,"Victoria Park/Village- Anti-Violence Ambassadors Organization","Local",16,1666.66666666667,"CCRF"
2021,"Victoria Park/Village- Anti-Violence Ambassadors Organization","Local",19,1666.66666666667,"CCRF"
2021,"Victoria Park/Village- Anti-Violence Ambassadors Organization","Local",20,1666.66666666667,"CCRF"
2021,"Videatur Collective","City-wide",11,5000,"TAC"
2021,"VideoCabaret","City-wide",14,65000,"TAC"
2021,"Vietnamese Women's Association of Toronto","City-wide",9,67140,"CSP"
2021,"Vision Quest","City-wide",16,20000,"IACPF"
2021,"Vita Brevis Arts","City-wide",13,10000,"TAC"
2021,"VIVA! Youth Singers of Toronto, Inc.","City-wide",11,35000,"TAC"
2021,"Volcano Non-Profit Productions Inc.","City-wide",10,50000,"TAC"
2021,"Volunteer Centre of Toronto","City-wide",11,215695,"CSP"
2021,"Vox Choirs","City-wide",9,15000,"TAC"
2021,"Vtape","City-wide",10,80000,"TAC"
2021,"Waard Ward","Local",23,8240,"TAC"
2021,"Wanasah Regent Park","Local",13,20000,"TOS"
2021,"Wanasah Regent Park","Local",13,140000,"TOS"
2021,"Warden Woods Church and Community Centre","Local",20,264150,"CSP"
2021,"Waterfront Neighbourhood Centre","Neighbourhood",10,77260,"CSP"
2021,"Waterfront Neighbourhood Centre","Local",10,15000,"NG"
2021,"Wavelength Music Arts Projects","City-wide",9,25000,"TAC"
2021,"We Other Sons","Local",11,7250,"TAC"
2021,"Wedge Curatorial Projects","City-wide",11,12000,"TAC"
2021,"Welcome Home Collective","City-wide",11,9000,"TAC"
2021,"West Neighbourhood House","Local",10,12000,"TAC"
2021,"West Scarborough Neighbourhood Community Centre","Local",20,218640,"CSP"
2021,"Weston Frontlines Centre","Local",5,40000,"CB"
2021,"Weston Frontlines Centre","Local",5,60000,"CSP"
2021,"Weston Frontlines Centre","Local",5,24000,"INI"
2021,"Whippersnapper Gallery Inc","City-wide",11,15000,"TAC"
2021,"Why Not Theatre","City-wide",9,40000,"TAC"
2021,"Wildseed Centre for Art and Activism","City-wide",11,18360,"TAC"
2021,"Wildseed Fellowship Dancers","City-wide",12,7960,"TAC"
2021,"Woburn Black Students Association (COVID19 Youth-Led)","Local",24,3000,"CCRF"
2021,"Woburn JR. P. S.","Neighbourhood",24,3315,"PTCG"
2021,"Woman Abuse Council of Toronto","City-wide",5,64585,"CSP"
2021,"Women From Space","City-wide",4,5400,"TAC"
2021,"Women’s Wellness","Neighbourhood",7,4950,"CCRF"
2021,"Women's Health Social Circle and Engagement Network","Neighbourhood",13,70780,"PG"
2021,"Women's Musical Club of Toronto","City-wide",13,2500,"TAC"
2021,"WoodGreen Community Services","Local",14,440305,"CSP"
2021,"WoodGreen Community Services","Local",14,10000,"IMM"
2021,"WoodGreen Community Services","City-wide",14,1e+05,"TOS"
2021,"WordSpoken","City-wide",1,6400,"TAC"
2021,"Workers' Action Centre","City-wide",11,61985,"CSP"
2021,"Working Women Community Centre","City-wide",9,224415,"CSP"
2021,"Working Women Community Centre","Local",9,4000,"CAF"
2021,"Workman Arts Project of Ontario","City-wide",10,20000,"TAC"
2021,"Writing on the Wall","Local",5,20000,"TAC"
2021,"Xenia Concerts Inc.","City-wide",11,17550,"TAC"
2021,"Xpace Cultural Centre","City-wide",9,18000,"TAC"
2021,"Y3b3bom Collective","City-wide",1,15000,"TAC"
2021,"York West Active Living Centre","Neighbourhood",5,123530,"CSP"
2021,"York West Active Living Centre","Local",5,10000,"IMM"
2021,"York-Fairbank Centre for Seniors","Local",12,272330,"CSP"
2021,"York-Fairbank Centre for Seniors","Local",12,18964,"IMM"
2021,"Yorkminster Park Meals on Wheels","Local",12,10015,"CSP"
2021,"Yorktown Family Services","Local",8,38770,"CSP"
2021,"Young and Potential Fathers","Local",5,30000,"TOS"
2021,"Young People's Theatre","City-wide",13,326000,"TAC"
2021,"Young Voices Toronto Children's Choir","City-wide",4,10000,"TAC"
2021,"Youth Assisting Youth","City-wide",18,60755,"CSP"
2021,"Youth Building n Glory","Local",1,2275,"CCRF"
2021,"Youth Building n Glory","Local",2,2275,"CCRF"
2021,"Youth Empower Youth","Neighbourhood",13,110990,"PG"
2021,"Youth Enrichment Academy","Neighbourhood",13,82815,"PG"
2021,"Youth United","Neighbourhood",13,5000,"CCRF"
2021,"YYZ Artists' Outlet","City-wide",10,65000,"TAC"
2021,"ZOU Theatre Company","City-wide",4,15000,"TAC"
2022,"1 Linkz Healing Project","Local",7,5000,"CCRF"
2022,"12022958 Canada Institute","City-Wide",10,15000,"TAC"
2022,"121 Humber Tenant Commitee","Neighbourhood",5,4972,"CCRF"
2022,"12639203 Canada Association","City-Wide",14,15000,"TAC"
2022,"2-Spirited People of the 1st Nations","City-Wide",13,34599,"TOS"
2022,"2-Spirited People of the 1st Nations","City-Wide",13,35462,"SSRF"
2022,"2-Spirited People of the 1st Nations","City-Wide",13,10000,"IAO"
2022,"2Spirits","City-Wide",13,30000,"IACPF"
2022,"4 Elements","City-Wide",12,15400,"TAC"
2022,"440 Parkside Collective","City-Wide",4,20000,"IAO"
2022,"50/50 Performing Arts Collective","City-Wide",8,15000,"TAC"
2022,"5050 Performing Arts Collective","City Wide",10,25000,"CFFP"
2022,"519 Church St. Community Centre, The","City Wide",13,65106,"HIF"
2022,"5N2 Soup Kitchen Project","Local",7,75000,"INO"
2022,"5N2 Soup Kitchen Project","Local",24,450000,"INO"
2022,"A Space Gallery","City-Wide",10,62000,"TAC"
2022,"Abrigo Centre","Local",9,117835.5,"CSP"
2022,"Access Alliance Multicultural Health and Community Services","City-Wide",11,223578.9,"CSP"
2022,"Access Alliance Multicultural Health and Community Services","Local",11,150000,"IMM"
2022,"Access Alliance Multicultural Health and Community Services","Local",11,150000,"IMM"
2022,"Access Alliance Multicultural Health and Community Services","Local",11,7050,"CAF"
2022,"Access Alliance Multicultural Health and Community Services","Local",11,15000,"CAF"
2022,"Across Boundaries","City-Wide",8,15237,"TOS"
2022,"Across Boundaries","City-Wide",8,16100,"SSRF"
2022,"Across Oceans","City-Wide",11,8000,"TAC"
2022,"Activity Days at Susan (COVID19 Youth-Led)","Neighbourhood",24,5000,"CCRF"
2022,"Actors Repertory Company","City-Wide",13,15000,"TAC"
2022,"Adelheid Dance Projects","City-Wide",9,15000,"TAC"
2022,"Adornment Stories Collective","Neighbourhood",5,16673,"INI"
2022,"Afghan Women's Organization Refugee & Immigrant Services","City-Wide",17,20000,"TAC"
2022,"Afghan Women's Organization Refugee & Immigrant Services","City-Wide",17,83716.5,"CSP"
2022,"African Women Acting AWA","Local",13,15000,"TAC"
2022,"Africans In Partnership Against AIDS (APAA)","City-Wide",13,115407.9,"CSP"
2022,"Africans In Partnership Against AIDS (APAA)","City-Wide",13,30000,"CSP-OneTime"
2022,"Afro Jazz Project","City-Wide",3,15000,"TAC"
2022,"Afro-Indigenous Nova Scotia Collective","City-Wide",19,20000,"IAO"
2022,"AFROWAVETO","City-Wide",10,25000,"TAC"
2022,"Aga Khan Museum","City-Wide",16,175000,"CADP"
2022,"Against the Grain Theatre Inc.","City-Wide",13,15000,"TAC"
2022,"Agincourt Community Services Association","Local",22,2e+05,"YVP"
2022,"Agincourt Community Services Association","Local",22,225736.2,"CSP"
2022,"Agincourt Community Services Association","Local",22,250000,"IMM"
2022,"Agincourt Community Services Association","Local",22,1e+05,"IMM"
2022,"Agincourt Community Services Association","Local",22,2e+05,"IMM"
2022,"Agincourt Community Services Association","Local",22,55000,"IMM"
2022,"Agincourt Community Services Association Inc.","Local",22,57100.5,"HIF"
2022,"Agincourt Community Services Association Inc.","Local",22,64659,"HIF"
2022,"Agincourt Community Services Association Inc.","Local",22,186868,"HIF"
2022,"AIDS Committee of Toronto (ACT)","City-Wide",13,77214,"CSP"
2022,"Aki Wiidookaagewin","City-Wide",11,20000,"IAO"
2022,"AKM Youth","Local",25,3650,"CCRF"
2022,"Albion Neighbourhood Services","Local",1,2e+05,"YVP"
2022,"Albion Neighbourhood Services","Local",1,168386.7,"CSP"
2022,"Albion Neighbourhood Services","Local",3,335250,"HIF"
2022,"Alex Usquiano - MUSE Arts","City Wide",9,56200,"StARTPP"
2022,"Alexandra Park Community Centre","Local",10,75000,"CDU"
2022,"Alexandra Park Community Centre","Local",10,220000,"CIU"
2022,"All Saints Pollinators","Local",13,2260,"PTCG"
2022,"alma matters productions","Local",11,10000,"TAC"
2022,"Aluna Theatre","City-Wide",9,50000,"TAC"
2022,"Amadeus Choir of Greater Toronto","City-Wide",23,26025,"TAC"
2022,"Amadeusz","City-Wide",3,45000,"YDU"
2022,"Amici Chamber Ensemble","City-Wide",16,20000,"TAC"
2022,"Amir Akbari - East Scarborough Boys & Girls Club","City Wide",24,27000,"StARTPP"
2022,"Anandam Dancetheatre Productions","City-Wide",9,21000,"TAC"
2022,"Angel Foundation for Learning","City Wide",18,4492696,"SNP"
2022,"ANIVIA Collective","City-Wide",18,10000,"TAC"
2022,"Annette Street Primary School & High Park Alternative School","Local",4,3998,"PTCG"
2022,"Aphasia Institute","City-Wide",16,25051.2,"CSP"
2022,"Applegrove Community Complex","Local",14,123624,"CSP"
2022,"Arab Community Centre of Toronto","City-Wide",2,20000,"TAC"
2022,"Arbor Day Foundation","City-wide",2,6557.8,"FOR"
2022,"Arbor Day Foundation","City-wide",4,6557.8,"FOR"
2022,"Arbor Day Foundation","City-wide",6,6557.8,"FOR"
2022,"Arbor Day Foundation","City-wide",11,6557.8,"FOR"
2022,"Arbor Day Foundation","City-wide",21,6557.8,"FOR"
2022,"ARCH Disability Law Centre","City-Wide",10,35450.1,"CSP"
2022,"Armenian Relief Society Inc. ""Roubina"" Chapter","City-Wide",17,25051.2,"CSP"
2022,"Arraymusic","City-Wide",10,48090,"TAC"
2022,"Art City in St. James Town","Local",13,4480,"PTCG"
2022,"Art Gallery of Ontario","City-Wide",10,660000,"CADP"
2022,"Art Gallery of York University","City-Wide",7,23000,"TAC"
2022,"Art Gallery of York University","City-Wide",7,73000,"TAC"
2022,"Art Ignite","Local",16,13000,"TAC"
2022,"Art Metropole","City-Wide",9,40000,"TAC"
2022,"Art Museum University of Toronto","City-Wide",11,25000,"TAC"
2022,"Art Spin Toronto","City-Wide",9,60000,"TAC"
2022,"Art Starts","Local",8,20000,"TAC"
2022,"Art Starts","Local",8,72000,"TAC"
2022,"Art Starts","City Wide",8,20500,"StARTPP"
2022,"ARTiculating Survival","City-Wide",12,28000,"TAC"
2022,"Artist-Led Indigenous Art Market","City-Wide",14,20000,"IAO"
2022,"Artists and Artisans Development and Network (AADN)","Local",21,15000,"CFFP"
2022,"Artists and Lawyers for the Advancement of Creativity","City-Wide",19,39170,"TAC"
2022,"Artists Film Exhibition Group","City-Wide",9,23000,"TAC"
2022,"ArtReach Toronto","City-Wide",10,75000,"TAC"
2022,"Arts Inter-Media Canada/Dance Collection Danse","City-Wide",13,37400,"TAC"
2022,"Arts4All Creative Society","Local",9,15000,"TAC"
2022,"Artsxplosion Cultural Society","City Wide",13,20000,"CFFP"
2022,"Asemaa Circles","City-Wide",4,20000,"IAO"
2022,"Ashkenaz Foundation","City-Wide",11,50000,"TAC"
2022,"AstroSankofa Arts Initiatives","Local",17,30000,"TAC"
2022,"Augur Magazine Literary Society","City-Wide",22,13000,"TAC"
2022,"AWHL - Assaulted Women's Helpline","City-Wide",10,65861.4,"CSP"
2022,"Axis Music Inc.","Local",11,15000,"TAC"
2022,"b current Performing Arts Co.","City-Wide",12,33000,"TAC"
2022,"Bach Children's Chorus of Scarborough","City-Wide",24,31100,"TAC"
2022,"Bad Muse Collective","Local",9,15000,"TAC"
2022,"Bad New Days","City-Wide",4,15000,"TAC"
2022,"Ballet Creole","City-Wide",9,9000,"TAC"
2022,"Ballet Jörgen Canada","City-Wide",12,95000,"TAC"
2022,"Barbra Schlifer Commemorative Clinic","City-Wide",11,10637,"TOS"
2022,"Barbra Schlifer Commemorative Clinic","City-Wide",11,11500,"SSRF"
2022,"Barbra Schlifer Commemorative Clinic","City-Wide",11,57482.1,"CSP"
2022,"Bathurst Finch Seniors Society","Local",6,5050,"CAF"
2022,"Batuki Music Society","City-Wide",11,20000,"TAC"
2022,"Bayview Village Association","Neighbourhood",17,500,"FOR"
2022,"Bedford Trio","City-Wide",11,8000,"TAC"
2022,"Benalia","City-Wide",21,1141,"TAC"
2022,"Benevolence Collective","City-Wide",10,8995,"TAC"
2022,"Bereaved Families of Ontario-Toronto","City-Wide",12,75515.7,"CSP"
2022,"Better Living Health and Community Services","Neighbourhood",16,246600.3,"CSP"
2022,"Beyond Melodies Co.","Local",11,7500,"TAC"
2022,"BGC East Scarborough","Neighbourhood",24,5000,"CCRF"
2022,"BIG Bloor Improvement Group","Local",9,10000,"CFFP"
2022,"BIG Bloor Improvement Group","City-Wide",11,12000,"TAC"
2022,"Birchmount Bluffs Neighbourhood Centre","Local",7,33600,"NG"
2022,"Birchmount Bluffs Neighbourhood Centre","Local",20,93911.4,"CSP"
2022,"Birkdale Arts Festival","Local",21,2000,"CFFP"
2022,"Black Artists' Networks In Dialogue Gallery and Cultural Centre","City-Wide",4,38000,"TAC"
2022,"Black Coalition for AIDS Prevention","City-Wide",3,22137,"TOS"
2022,"Black Coalition for AIDS Prevention","City-Wide",3,23000,"SSRF"
2022,"Black Coalition for AIDS Prevention","City-Wide",3,30000,"CSP-OneTime"
2022,"Black Health Alliance","City-Wide",11,85000,"CABR"
2022,"Black Planners & Urbanist Association","City-Wide",7,90000,"CABR"
2022,"Black Women Film","City-Wide",20,15000,"TAC"
2022,"Black Women in Motion","Local",8,20000,"INI"
2022,"Blackhurst Cultural Centre","City-Wide",11,40000,"TAC"
2022,"BLCKNBRWN","Local",8,15000,"TAC"
2022,"Bloor Annex BIA","Local",11,4030,"PTCG"
2022,"Blue Bird Theatre Collective","City-Wide",9,15000,"TAC"
2022,"Blue Ceiling Dance","City-Wide",4,15000,"TAC"
2022,"Blythwood Winds","City-Wide",9,2000,"TAC"
2022,"Bob Rumball Canadian Centre of Excellence for the Deaf","City-Wide",15,15208.2,"CSP"
2022,"Boost Child & Youth Advocacy Centre","City-Wide",15,293719.2,"CSP"
2022,"BoucharDanse","City-Wide",9,15000,"TAC"
2022,"BPCI Gr 12 Youth (COVID19 Youth-Led)","Neighbourhood",20,5000,"CCRF"
2022,"Braeburn Neighbourhood Place","Local",1,150000,"PG"
2022,"Braeburn Neighbourhood Place","Local",1,53555.1,"CSP"
2022,"Braeburn Neighbourhood Place & Boys and Girls Club","Local",1,5000,"PTCG"
2022,"Breakaway Community Services","City-Wide",7,16387,"TOS"
2022,"Breakaway Community Services","City-Wide",7,17250,"SSRF"
2022,"Broken Shapes Collective","Local",11,14000,"TAC"
2022,"Bruce Green Committee (BGC)","Local",14,2850,"PTCG"
2022,"Buddies in Bad Times Theatre","City-Wide",13,168500,"TAC"
2022,"Cabbagetown Youth Centre Inc.","Neighbourhood",13,41774.1,"CSP"
2022,"CADA/East","City-Wide",13,21000,"TAC"
2022,"Cahoots Theatre","City-Wide",13,56000,"TAC"
2022,"Cajuca Mas Arts Producers","City-Wide",21,15000,"TAC"
2022,"Caliban Arts Theatre","City-Wide",14,11000,"TAC"
2022,"Canada's National Ballet School","City-Wide",13,210000,"CADP"
2022,"Canadian Centre for Housing Rights (CCHR)","City Wide",10,315000,"TTSP"
2022,"Canadian Centre for Housing Rights (CCHR)","City Wide",10,45000,"TTSP"
2022,"Canadian Centre for Victims of Torture","City-Wide",13,29656.5,"CSP"
2022,"Canadian Centre for Victims of Torture","City-Wide",13,30000,"CSP-OneTime"
2022,"Canadian Children's Opera Company","City-Wide",13,24700,"TAC"
2022,"Canadian Contemporary Dance Theatre","City-Wide",13,56000,"TAC"
2022,"Canadian Dance Assembly / Assemblée canadienne de la danse","City-Wide",13,15000,"TAC"
2022,"Canadian Music Centre","City-Wide",13,73000,"TAC"
2022,"Canadian Musician Royalty Collection Initiative ( CMRCI)","City-Wide",17,29500,"TAC"
2022,"Canadian Opera Company","City-Wide",13,1500000,"TAC"
2022,"Canadian Reggae Music Association","City-Wide",6,20000,"TAC"
2022,"Canadian Salsa Festivals Project","City Wide",6,20000,"CFFP"
2022,"Canadian Salsa Festivals Project","City Wide",8,20000,"CFFP"
2022,"Canadian Salsa Festivals Project","City Wide",9,20000,"CFFP"
2022,"Canadian Salsa Festivals Project","City Wide",10,20000,"CFFP"
2022,"Canadian Salsa Festivals Project","City Wide",12,20000,"CFFP"
2022,"Canadian Stage","City-Wide",13,832000,"TAC"
2022,"Canadian Tamil Congress Ontario","Local",23,25000,"CFFP"
2022,"Canadian Tamil Youth Development Centre (CanTYD)","City-Wide",24,140795.7,"CSP"
2022,"CanAsian Dance Festival","City-Wide",13,22000,"TAC"
2022,"CanAsian Dance Festival","City-Wide",13,12000,"TAC"
2022,"Canzine Arts Festival","City-Wide",9,3000,"TAC"
2022,"Carefirst Seniors and Community Services Association","City-Wide",22,104019.6,"CSP"
2022,"CARFAC Ontario","City-Wide",10,24000,"TAC"
2022,"CARIBANA ARTS GROUP","City-Wide",23,19850,"TAC"
2022,"Caribbean African Canadian Social Services (CAF CAN)","Local",7,27542,"TOS"
2022,"Caribbean African Canadian Social Services (CAF CAN)","Local",7,28405,"SSRF"
2022,"Caribbean African Canadian Social Services (CAF CAN)","Neighbourhood",7,30000,"CSP-OneTime"
2022,"Caribbean Promotions Arts & Culture Inc.","City Wide",2,25000,"CFFP"
2022,"CaribbeanTales","City-Wide",9,17500,"TAC"
2022,"Carlton Park Pollinators","Local",9,1018,"PTCG"
2022,"Casa Cultural Peruana Inc.","City Wide",1,7500,"CFFP"
2022,"Casa Cultural Peruana Inc.","City Wide",10,7500,"CFFP"
2022,"Casa Maiz Cultural Centre Inc.","Local",6,13000,"TAC"
2022,"Cathedral Bluffs Symphony Orchestra","City-Wide",20,20000,"TAC"
2022,"Catholic Crosscultural Services","City-Wide",21,29580,"CSP"
2022,"Cecil Community Centre","Local",11,10000,"CAF"
2022,"Cecil Community Centre","Local",11,5701.8,"CSP"
2022,"Cedarbrook youth council (COVID19 Youth-led)","Neighbourhood",24,5000,"CCRF"
2022,"Centennial College of Applied Arts and Technology","Neighbourhood",24,26800,"FOR"
2022,"Central Eglinton Community Centre","Neighbourhood",12,30528.6,"CSP"
2022,"Centre for Equality Rights in Accommodation (CERA)","City Wide",10,89003,"HIF"
2022,"Centre for Immigrant and Community Services","City-Wide",22,132023.7,"CSP"
2022,"Centre for Independent Living in Toronto (C.I.L.T.)","City-Wide",13,1e+05,"IMM"
2022,"Centre for Independent Living in Toronto (C.I.L.T.)","City-Wide",13,78500,"IMM"
2022,"Centre for Independent Living in Toronto (C.I.L.T.)","City-Wide",13,26387.4,"CSP"
2022,"Centre for Indigenous Theatre","City-Wide",10,59140,"TAC"
2022,"Centre for Indigenous Theatre","City-Wide",10,15000,"TAC"
2022,"Centre for Social Innovation","Neighbourhood",13,58000,"PG"
2022,"Centre for Spanish Speaking People","City-Wide",6,69538.5,"CSP"
2022,"Centre for Young Black Professions (CEE)","Local",21,191898,"YVP"
2022,"Centre for Young Black Professions (CEE)","City-Wide",21,52000,"CB"
2022,"Centre for Young Black Professions (CEE)","City-Wide",21,50000,"CB"
2022,"Centre for Young Black Professions (CEE)","City-Wide",21,325000,"BMFF"
2022,"Centre for Young Black Professions (CEE)","City-Wide",21,19837,"TOS"
2022,"Centre for Young Black Professions (CEE)","City-Wide",21,30000,"CSP-OneTime"
2022,"Centre for Young Black Professions (CEE)","City-Wide",21,20700,"SSRF"
2022,"Centre francophone du Grand Toronto (CFGT)","Local",10,150000,"PG"
2022,"CFMDC","City-Wide",9,53000,"TAC"
2022,"Charles Street Video","City-Wide",9,54500,"TAC"
2022,"Chester Le Community (COVID19 Youth-led)","Neighbourhood",22,5000,"CCRF"
2022,"Chester Le Tenant Committee","Neighbourhood",22,5000,"CCRF"
2022,"Children's Aid Society of Toronto","City Wide",14,43057,"HIF"
2022,"Children's Peace Theatre","City-Wide",19,52000,"TAC"
2022,"Chinatown Business Improvement Area","Local",11,10000,"CFFP"
2022,"Chinese Artists Society of Toronto","City-Wide",22,14500,"TAC"
2022,"Chinese Canadian National Council Toronto Chapter","City-Wide",10,63382.8,"CSP"
2022,"Chinese Cultural Centre of Greater Toronto","Local",23,10000,"CFFP"
2022,"Christie Ossington Neighbourhood Centre","City-Wide",9,77285.4,"CSP"
2022,"CineFAM","City-Wide",9,15000,"TAC"
2022,"Circle of Cedar Singers","City-Wide",13,20000,"IAO"
2022,"Citadel + Compagnie","City-Wide",13,57000,"TAC"
2022,"Clay and Paper Theatre","City-Wide",9,23000,"TAC"
2022,"Clay and Paper Theatre","City-Wide",9,28000,"TAC"
2022,"Cliffcrest Community Centre","Local",21,37984.8,"CSP"
2022,"Cliffcrest Community Centre o/a Heart Beatz","Local",21,75000,"PG"
2022,"CNIB","City Wide",12,38250,"StARTPP"
2022,"Coalition Building","City-Wide",9,18000,"TAC"
2022,"Colectivo Satelital","City-Wide",9,14000,"TAC"
2022,"Collectif Convictions","City-Wide",11,6000,"TAC"
2022,"Colouring Book Theatre","City-Wide",19,10000,"TAC"
2022,"Community Arts Guild","Local",24,23000,"TAC"
2022,"Community Arts Guild","Local",24,18000,"TAC"
2022,"Community Family Services of Ontario","City-Wide",22,42161.7,"CSP"
2022,"Community Garden Art Collective","City-Wide",9,15000,"TAC"
2022,"Community History Project","Local",12,4464,"PTCG"
2022,"Community Music Schools of Toronto","Local",13,30000,"TAC"
2022,"Community Social Planning Council of Toronto","City-Wide",13,144000,"CDU"
2022,"Community Social Planning Council of Toronto","City-Wide",13,439074.3,"CSP"
2022,"Compania Carmen Romero","Local",16,8000,"TAC"
2022,"Confluence Concerts","City-Wide",11,10400,"TAC"
2022,"CONTACT Photography Festival","City Wide",2,7142.85714285714,"CFFP"
2022,"CONTACT Photography Festival","City Wide",4,7142.85714285714,"CFFP"
2022,"CONTACT Photography Festival","City Wide",6,7142.85714285714,"CFFP"
2022,"CONTACT Photography Festival","City Wide",10,7142.85714285714,"CFFP"
2022,"CONTACT Photography Festival","City Wide",13,7142.85714285714,"CFFP"
2022,"CONTACT Photography Festival","City Wide",19,7142.85714285714,"CFFP"
2022,"CONTACT Photography Festival","City Wide",21,7142.85714285714,"CFFP"
2022,"Continuum Contemporary Music Ensemble","City-Wide",16,26000,"TAC"
2022,"Corktown Residents and Business Association","Local",13,1648,"PTCG"
2022,"Corktown Residents and Business Association","Neighbourhood",13,500,"FOR"
2022,"Cornell's Butterfly Garden","Local",24,4320,"PTCG"
2022,"Corpoluz Theatre","City-Wide",9,8060,"TAC"
2022,"CORPUS","City-Wide",9,33000,"TAC"
2022,"COSTI Immigrant Services","City-Wide",9,145059.3,"CSP"
2022,"COSTI Immigrant Services","City Wide",7,406294,"HIF"
2022,"Council of Agencies Serving South Asians","City-Wide",7,150000,"IMM"
2022,"Council of Agencies Serving South Asians","City-Wide",7,2e+05,"IMM"
2022,"Council of Agencies Serving South Asians","City-Wide",23,63382.8,"CSP"
2022,"Counterstory Conversations","City-Wide",10,20000,"TAC"
2022,"Craft Ontario","City-Wide",9,23100,"TAC"
2022,"Crescent Community Support Services","Local",15,4983.7,"CCRF"
2022,"Crosby Gitigaan","City-Wide",7,20000,"IAO"
2022,"Cross Toronto Community Development Corporation (Fresh Start Cleaning)","Local",4,104331,"HIF"
2022,"Crossings Collective","City-Wide",9,6500,"TAC"
2022,"Crows Theatre","City-Wide",14,48000,"TAC"
2022,"Cue6 Theatre Company Inc.","City-Wide",13,9700,"TAC"
2022,"CUE-SKETCH","City-Wide",10,15000,"TAC"
2022,"Culchahworks Arts Collective","City-Wide",14,12000,"TAC"
2022,"CultureLink Settlement Services","Local",7,199074,"YVP"
2022,"CultureLink Settlement Services","City-Wide",4,108160.8,"CSP"
2022,"Cunning Concepts & Creations","City-Wide",11,15000,"TAC"
2022,"Curador R Us (formally Casual Beauty Salon)","Neighbourhood",8,3670,"CCRF"
2022,"CYGS (Central Youth Group of Scarborough, Curbing YV) (COVID19 Youth-led)","Local",24,5000,"CCRF"
2022,"D.I.A. Kollective","Local",9,10000,"TAC"
2022,"Dana Marlatt","City-Wide",13,10000,"IACPF"
2022,"Dance Immersion Ontario","City-Wide",11,38000,"TAC"
2022,"Dance Migration Project","Local",8,15000,"TAC"
2022,"Dance Ontario Association","City-Wide",9,20000,"TAC"
2022,"DANCE TOGETHER FESTIVAL","Local",4,26620,"TAC"
2022,"Dancemakers","City-Wide",10,91600,"TAC"
2022,"Dancer Transition Resource Centre","City-Wide",11,15000,"TAC"
2022,"DanceWorks","City-Wide",11,55000,"TAC"
2022,"Dashmaawaan Bemaadzinjin - They Feed the People","City-Wide",3,20000,"IAO"
2022,"Davenport-Perth Neighbourhood and Community Health Centre","Neighbourhood",9,97155,"CSP"
2022,"Dear Ailment","City-Wide",19,15800,"TAC"
2022,"Dear Future Me","Neighbourhood",13,70000,"DON"
2022,"Delta Family Resource Centre","Local",1,15000,"TAC"
2022,"Delta Family Resource Centre","Local",1,150000,"PG"
2022,"Delta Family Resource Centre","Local",1,175000,"CB"
2022,"Delta Family Resource Centre","Neighbourhood",1,30000,"CSP-OneTime"
2022,"Delta Family Resource Centre","Local",1,48000,"NG"
2022,"Delta Family Resource Centre","Local",1,1e+05,"CSWBU"
2022,"Delta Family Resource Centre","Local",1,1e+05,"CSWBU"
2022,"Delta Family Resource Centre","City-Wide",1,22500,"CCRF"
2022,"Delta Family Resource Centre","City-Wide",1,50000,"CCRF"
2022,"Delta Family Resource Centre","City-Wide",1,29000,"CCRF"
2022,"Delta Family Resource Centre","City-Wide",1,49000,"CCRF"
2022,"Delta Family Resource Centre","City-Wide",1,325000,"BMFF"
2022,"Delta Family Resource Centre","City-Wide",1,122298,"CSP"
2022,"Delta Family Resource Centre - AfroIndigenous Nova Scotian Collective","Local",1,5000,"CAF"
2022,"Delta Family Resource Centre - TCHC Scarlettwood Community Warriors for Change","Local",1,16000,"CAF"
2022,"DevelopME Youth","City Wide",5,19992,"INI"
2022,"Dewson Street Junior Public School","Local",9,3500,"PTCG"
2022,"Dia de los Muertos Collective","Local",10,15000,"TAC"
2022,"Diaspora Dialogues","City-Wide",11,50000,"TAC"
2022,"DigiZine Collective","City-Wide",10,18950,"TAC"
2022,"dis assembly: a neurodiverse arts collective","City-Wide",10,61000,"TAC"
2022,"Distress Centres of Toronto","City-Wide",13,22137,"TOS"
2022,"Distress Centres of Toronto","City-Wide",13,23000,"SSRF"
2022,"Distress Centres of Toronto","City-Wide",13,127617.3,"CSP"
2022,"Dixon Hall","Local",13,4598,"PTCG"
2022,"Dixon Hall","Local",13,354026.7,"CSP"
2022,"Doris McCarthy Gallery, University of Toronto Scarborough","City-Wide",25,57400,"TAC"
2022,"Dovercourt Boys' and Girls' Club","Local",9,59930.1,"CSP"
2022,"Dreamwalker Dance Company","City-Wide",9,28000,"TAC"
2022,"Drifwood Play Fair event","Neighbourhood",7,4100,"CCRF"
2022,"Dudebox Community Projects Inc","Local",10,10000,"CFFP"
2022,"Dusk Dances Inc.","City-Wide",9,33000,"TAC"
2022,"Earth Work Visions","City-Wide",5,20000,"IAO"
2022,"East End Elite (COVID19 Youth-led)","Neighbourhood",24,5000,"CCRF"
2022,"East Scarborough Boys and Girls Club","Local",24,9000,"CAF"
2022,"East Scarborough Boys and Girls Club","Local",7,2e+05,"YVP"
2022,"East Scarborough Boys and Girls Club","City-Wide",7,30000,"CSP-OneTime"
2022,"East Scarborough Boys and Girls Club","Local",24,189975,"CSP"
2022,"East Scarborough Storefront/MakeWay","City-Wide",24,96135,"CSP"
2022,"East Toronto Family Community Centre","Local",14,72022.2,"CSP"
2022,"East York East Toronto Family Resources","Local",14,170544,"HIF"
2022,"East York Meals on Wheels","Local",15,31059,"CSP"
2022,"Eastview Gardeners","Local",24,4630,"PTCG"
2022,"Echo Women's Choir","City-Wide",13,9000,"TAC"
2022,"Ecru","City-Wide",10,13000,"TAC"
2022,"Elizabeth House Community Centre","Local",6,18900,"CSWBU"
2022,"Elizabeth House Community Centre","Local",8,26510,"CSWBU"
2022,"Elspeth Heyworth Centre for Women","Local",7,18748,"CAF"
2022,"Elspeth Heyworth Centre for Women","Local",7,1e+05,"IMM"
2022,"Elspeth Heyworth Centre for Women","Local",7,55000,"IMM"
2022,"Elspeth Heyworth Centre for Women","Local",7,32191.2,"CSP"
2022,"Emerging Young Artists Inc.","City-Wide",18,12000,"TAC"
2022,"Emotionart","Local",14,7500,"TAC"
2022,"Empower the Youth Foundation","Neighbourhood",20,5000,"CCRF"
2022,"Empowered Phụ Nữ","City-Wide",10,14000,"TAC"
2022,"ENAGB Youth Program","City-Wide",5,399400,"YVP"
2022,"ENAGB Youth Program","City-Wide",5,40000,"IMM"
2022,"ENAGB Youth Program","City-Wide",5,60000,"IMM"
2022,"ENAGB Youth Program","City-Wide",5,60000,"IAO"
2022,"ENAGB Youth Program","Local",5,1e+05,"CSWBU"
2022,"Epilepsy Toronto","City-Wide",13,46022.4,"CSP"
2022,"Eritrean Canadian Community Centre of Metropolitan Toronto","Neighbourhood",12,30000,"CSP-OneTime"
2022,"Eritrean Canadian Community Centre of Metropolitan Toronto","City-Wide",12,32946,"CSP"
2022,"Esmeralda Enrique Spanish Dance Company","City-Wide",10,28000,"TAC"
2022,"EthioCan Bridge The Gap","Local",20,5000,"CCRF"
2022,"Etobicoke ArtsFest","City-Wide",3,14000,"TAC"
2022,"Etobicoke Centennial Choir","Local",2,1900,"TAC"
2022,"Etobicoke Community Concert Band","Local",3,5850,"TAC"
2022,"Etobicoke Philharmonic Orchestra","City-Wide",2,9900,"TAC"
2022,"Etobicoke Services for Seniors","Local",5,115229.4,"CSP"
2022,"Evangel Hall","Neighbourhood",10,45983,"HIF"
2022,"Explore T.O (COVID19 Youth-Led)","Neighbourhood",24,4551.86,"CCRF"
2022,"Extend-A-Family","City-Wide",8,26361.9,"CSP"
2022,"Exultate Chamber Singers","City-Wide",11,8000,"TAC"
2022,"FabCollab","City-Wide",11,7500,"TAC"
2022,"Factory Theatre","City-Wide",10,169500,"TAC"
2022,"FADO Performance Inc.","City-Wide",10,24000,"TAC"
2022,"Fall for Dance North Festival Inc.","City-Wide",18,21000,"TAC"
2022,"Family Service Toronto","City-Wide",13,116626.8,"CSP"
2022,"FCJ Refugee Centre","City-Wide",9,2e+05,"IMM"
2022,"FCJ Refugee Centre","City-Wide",9,2e+05,"IMM"
2022,"Federation of Asian Canadians Toronto","City Wide",23,15000,"CFFP"
2022,"Feed Scarborough","Local",20,4800,"PTCG"
2022,"FEMME","Neighbourhood",13,40000,"DON"
2022,"Fernie Youth Services","Local",7,291356,"YVP"
2022,"Festival Management Committee","City Wide",3,120000,"CFFP"
2022,"Festival Management Committee","City Wide",4,120000,"CFFP"
2022,"Festival Management Committee","City Wide",21,120000,"CFFP"
2022,"Festival Management Committee","City Wide",23,120000,"CFFP"
2022,"Festival Management Committee","City Wide",25,120000,"CFFP"
2022,"Fife House Foundation Inc.","City Wide",13,112500,"HIF"
2022,"Filipinos in Regent Park Community Group","Neighbourhood",13,12760,"PG"
2022,"Findhelp Information Services","City-Wide",12,1e+05,"CB"
2022,"Findhelp Information Services","City-Wide",12,676428.3,"CSP"
2022,"First Portuguese Canadian Cultural Centre","Local",9,15208.2,"CSP"
2022,"Flaunt It Movement","Local",7,20000,"INI"
2022,"Flemingdon Health Centre","Local",16,1e+05,"YVP"
2022,"Focus Media Arts Centre","Local",13,55000,"TAC"
2022,"FOCUS Media Arts Centre","Neighbourhood",13,65132,"PG"
2022,"FoodShare Toronto","City-Wide",5,237272.4,"CSP"
2022,"FoodShare Toronto - Black Creek Community Farm","Local",5,5000,"CAF"
2022,"For You Telecare Family Service (FUTFS)","City-Wide",16,17227.8,"CSP"
2022,"For Youth Initiative - Bicycle Reuse, Repair, Ride Project Team","Local",5,9000,"CAF"
2022,"For Youth Initiative in Toronto","Local",5,120000,"CDU"
2022,"For Youth Initiative in Toronto","Local",5,59968,"CSWBU"
2022,"For Youth Initiative in Toronto","Local",5,132936.6,"CSP"
2022,"Francophonie en Fete Corporation","City-Wide",11,7500,"TAC"
2022,"Francophonie en Fete Corporation","City Wide",10,7500,"CFFP"
2022,"Francophonie en Fete Corporation","City Wide",13,7500,"CFFP"
2022,"Franklin Horner Community Centre","City-Wide",3,32313.6,"CSP"
2022,"French Homework Club","Neighbourhood",16,4000,"CCRF"
2022,"Friends of CAB","City Wide",20,3333.33333333333,"INI"
2022,"Friends of CAB","City Wide",21,3333.33333333333,"INI"
2022,"Friends of CAB","City Wide",22,3333.33333333333,"INI"
2022,"Friends of CAB","City Wide",23,3333.33333333333,"INI"
2022,"Friends of CAB","City Wide",24,3333.33333333333,"INI"
2022,"Friends of Cornell Park (COVID19 Youth-led)","Local",24,5000,"CCRF"
2022,"Friends of Flemingdon","Local",16,5000,"CCRF"
2022,"Friends of Henrietta Park","Local",5,4450,"PTCG"
2022,"Friends of Parkway Forest Park","Local",17,9000,"TAC"
2022,"Friends of Smythe Park","Local",5,4448,"PTCG"
2022,"fu-GEN Theatre Company","City-Wide",13,31360,"TAC"
2022,"Fujiwara Dance Inventions","City-Wide",13,22000,"TAC"
2022,"Gallery 44 Centre for Contemporary Photography","City-Wide",10,89500,"TAC"
2022,"Gardiner Museum","City-Wide",11,140000,"CADP"
2022,"Generation Chosen","Local",7,9137,"TOS"
2022,"Generation Chosen","Local",7,10000,"SSRF"
2022,"Generation Chosen","Local",7,51333.32,"CSWBU"
2022,"Generator Performance","City-Wide",11,36000,"TAC"
2022,"George Hull EarlyON Child and Family Centre","Local",3,150000,"PG"
2022,"Gerstein Crisis Centre","City-Wide",11,27887,"TOS"
2022,"Gerstein Crisis Centre","City-Wide",11,28750,"SSRF"
2022,"GHANAFEST","Local",1,20000,"TAC"
2022,"Girl Power'd","City-Wide",17,7650,"TAC"
2022,"Glad Day Bookshop Proud Voices Collective","City-Wide",13,12500,"TAC"
2022,"Good Guise Youth","Neighbourhood",10,21840,"INI"
2022,"Good Questions","City Wide",4,21990,"INI"
2022,"G-Power'd Inc.","City-Wide",17,10000,"TAC"
2022,"Green Industries Program at David and Mary Thomson Collegiate Institute","Local",21,5000,"PTCG"
2022,"Green Thumbs Growing Kids","Neighbourhood",13,20000,"FOR"
2022,"Greenhouse Theatre","Local",23,30000,"TAC"
2022,"Guild Festival Theatre","City-Wide",24,15000,"TAC"
2022,"Guild Festival Theatre","Local",24,10000,"CFFP"
2022,"Hand Eye Society","City-Wide",10,15000,"TAC"
2022,"Happy Mother Happy Children","Neighbourhood",13,70102,"PG"
2022,"Harbourfront Centre","City-Wide",10,1315500,"CADP"
2022,"Harriet Tubman Community Organization","Local",17,1e+05,"YVP"
2022,"Harriet Tubman Community Organization","City-Wide",17,54000,"CB"
2022,"Harriet Tubman Community Organization","City-Wide",17,9137,"TOS"
2022,"Harriet Tubman Community Organization","Local",17,55911.3,"CSP"
2022,"Harriet Tubman Community Organization","Local",17,30000,"CSP-OneTime"
2022,"Harriet Tubman Community Organization","City-Wide",17,10000,"SSRF"
2022,"Harriet Tubman Community Organization","Local",17,65000,"CSWBU"
2022,"Healing For Scarborough (COVID19 Youth-led)","Neighbourhood",24,5000,"CCRF"
2022,"Hemophilia Ontario - Toronto & Central Ontario Region","City-Wide",18,29656.5,"CSP"
2022,"Hercinia Arts Collective","City-Wide",10,20000,"TAC"
2022,"Hercinia Arts Collective","City-Wide",10,8000,"TAC"
2022,"Heritage Skills Development Center (HSDC)","Local",21,15000,"TAC"
2022,"Heritage Skills Development Center (HSDC)","Local",21,14900,"TAC"
2022,"Heritage Skills Development Center (HSDC)","Local",21,20000,"CFFP"
2022,"Hillside Outdoor Education School","Local",25,5000,"PTCG"
2022,"Hispanic Canadian Heritage Council","City Wide",11,12500,"CFFP"
2022,"Hispanic Developoment Council","City-Wide",6,63382.8,"CSP"
2022,"Hong Fook Mental Health Association","City-Wide",7,22137,"TOS"
2022,"Hong Fook Mental Health Association","City-Wide",7,23000,"SSRF"
2022,"Hong Fook Mental Health Association","City-Wide",22,26361.9,"CSP"
2022,"Hope and Hustle Heights","Local",8,50453.33,"CSWBU"
2022,"Hot Docs","City-Wide",11,190000,"TAC"
2022,"Humewood House Association","City Wide",12,56250,"HIF"
2022,"Huron-Sussex Community Garden","Local",11,2830,"PTCG"
2022,"iBall Canada Cares Community Organization","Local",16,5000,"CCRF"
2022,"imagineNATIVE Film + Media Arts Festival","City-Wide",10,80000,"TAC"
2022,"IMMER","City-Wide",4,6130,"TAC"
2022,"InDANCE South Asian Dance Arts Inc.","City-Wide",13,15000,"TAC"
2022,"Indigenous Curatorial Collective","City-Wide",10,17000,"TAC"
2022,"Indigenous Fashion Arts","City-Wide",14,15000,"TAC"
2022,"Indigenous Fashion Arts","City-Wide",14,20000,"IAO"
2022,"Indigenous Land Stewardship Circle","City-Wide",4,30000,"IACPF"
2022,"Indigenous Land Stewardship Circle - 440 Parkside Collective","Local",4,5000,"CAF"
2022,"Indigenous Land Stewardship Circle - Asemma Circles","Local",4,5000,"CAF"
2022,"Indigenous Land Stewardship Circle - ILSC & Becoming Praxis","Local",4,10000,"CAF"
2022,"Indigenous Land Stewardship Circle - Nibi Anishnaabe Aadziwin Collective","Local",4,5000,"CAF"
2022,"Indigenous Performing Arts Alliance","City-Wide",10,15000,"TAC"
2022,"INKspire","Neighbourhood",13,19990,"INI"
2022,"Inside Out Lesbian and Gay Film Festival Inc.","City-Wide",10,52000,"TAC"
2022,"Inspirad@s","City-Wide",12,7900,"TAC"
2022,"INSPIRE ETOBICOKE","Local",1,4348.7,"CCRF"
2022,"InterAccess","City-Wide",9,51000,"TAC"
2022,"International Readings at Harbourfront (TIFA)","City-Wide",10,161000,"TAC"
2022,"International Readings at Harbourfront (TIFA)","City-Wide",10,150000,"TAC"
2022,"Intersection Music & Arts","City Wide",3,2142.85714285714,"CFFP"
2022,"Intersection Music & Arts","City Wide",4,2142.85714285714,"CFFP"
2022,"Intersection Music & Arts","City Wide",5,2142.85714285714,"CFFP"
2022,"Intersection Music & Arts","City Wide",9,2142.85714285714,"CFFP"
2022,"Intersection Music & Arts","City Wide",10,2142.85714285714,"CFFP"
2022,"Intersection Music & Arts","City Wide",12,2142.85714285714,"CFFP"
2022,"Intersection Music & Arts","City Wide",13,2142.85714285714,"CFFP"
2022,"Inuit Art Foundation","City-Wide",9,30000,"IACPF"
2022,"Ipsita Nova Dance Projects","City-Wide",9,29000,"TAC"
2022,"Iranian Women's Organization of Ontario","City-Wide",17,38515.2,"CSP"
2022,"Islington Centre - Etobicoke Senior Citizens","Neighbourhood",3,38887.5,"CSP"
2022,"It Could Still Happen","City-Wide",9,15000,"TAC"
2022,"It's Not a Pivot Productions","City-Wide",11,10000,"TAC"
2022,"It's OK Community Arts","City-Wide",11,9000,"TAC"
2022,"Jaberi Dance Theatre","City-Wide",14,17000,"TAC"
2022,"Jamii","Local",10,20000,"TAC"
2022,"Jane/Finch Community and Family Centre","City-Wide",7,1e+05,"IMM"
2022,"Jane/Finch Community and Family Centre","City-Wide",7,150000,"IMM"
2022,"Jane/Finch Community and Family Centre","Local",7,1e+05,"CDU"
2022,"Jane/Finch Community and Family Centre","Local",7,2e+05,"YVP"
2022,"Jane/Finch Community and Family Centre","Local",7,175220.7,"CSP"
2022,"Japanese Social Services","City-Wide",16,32946,"CSP"
2022,"Jardin Des Marveilles","Local",16,2961,"PTCG"
2022,"JAYU Festival Inc.","City-Wide",10,22000,"TAC"
2022,"JAYU Festival Inc.","City-Wide",10,25000,"TAC"
2022,"Jeng Yi","City-Wide",18,12000,"TAC"
2022,"Jeng Yi","City-Wide",18,11000,"TAC"
2022,"Jessie's - The June Callwood Centre for Young Women","City-Wide",13,24745.2,"CSP"
2022,"Jessie's, The June Callwood Centre for Young Women","City Wide",13,45000,"HIF"
2022,"Joce Tremblay - Thunder Crows Land-Based Kids Camp","Local",4,5000,"CAF"
2022,"Jonesville Allotments Pollinator Group","Local",16,2697,"PTCG"
2022,"JrifterS","City-Wide",4,6680,"TAC"
2022,"Jubilate Singers","City-Wide",11,5000,"TAC"
2022,"Jumblies Theatre","City-Wide",10,89200,"TAC"
2022,"Just Breathe Serie","Neighbourhood",9,5000,"CCRF"
2022,"Just for Laughs Toronto Festival","City Wide",13,1e+05,"TSEIP"
2022,"Kababayan Community Service Centre Inc","City-Wide",4,37984.8,"CSP"
2022,"Kaeja d'Dance","City-Wide",11,34600,"TAC"
2022,"Kaha:wi Dance Theatre","Local",11,43000,"TAC"
2022,"Kâpapâmahchakwêw Caregiver Council","City-Wide",14,20000,"IAO"
2022,"Kapisanan Philippine Arts and Culture Centre","City-Wide",4,8800,"TAC"
2022,"Kapisanan Philippine Arts and Culture Centre","Local",21,21000,"CFFP"
2022,"KasheDance","City-Wide",13,19500,"TAC"
2022,"KasheDance","Local",13,8000,"TAC"
2022,"KCWA Family and Social Services","City-Wide",18,44880,"CSP"
2022,"kin + care collective","City-Wide",23,9370,"TAC"
2022,"KINAJ","City-Wide",13,8000,"TAC"
2022,"KJ Bit","Local",11,10000,"TAC"
2022,"Koffler Gallery of the Koffler Centre of the Arts","City-Wide",10,45000,"TAC"
2022,"Korean Dance Studies Society of Canada","City-Wide",16,17000,"TAC"
2022,"Korean Senior Citizens Society of Toronto","City-Wide",11,10134.72,"CSP"
2022,"LA Centre for Active Living 55+","City-Wide",9,24806.4,"CSP"
2022,"La Passerelle Integration et Developpement Economique","City-Wide",13,9137,"TOS"
2022,"La Passerelle Integration et Developpement Economique","City-Wide",13,30000,"CSP-OneTime"
2022,"La Passerelle Integration et Developpement Economique","City-Wide",13,10000,"SSRF"
2022,"La Passerelle Integration et Developpement Economique","City-Wide",13,71481.6,"CSP"
2022,"Labyrinth Musical Workshop Ontario","City-Wide",12,15000,"TAC"
2022,"Labyrinth Musical Workshop Ontario","City-Wide",12,14121,"TAC"
2022,"Lakeshore Area Multi-Service Project (LAMP)","Local",3,150000,"PG"
2022,"Lakeshore Area Multi-Service Project (LAMP)","Local",3,225000,"IMM"
2022,"Lakeshore Area Multi-Service Project (LAMP)","Local",3,2e+05,"IMM"
2022,"Lakeshore Area Multi-Service Project (LAMP)","Local",3,91188,"CSP"
2022,"Lakeshore Arts Committee","Local",3,10000,"CAF"
2022,"LAL Inc.","City-Wide",9,13100,"TAC"
2022,"Lao Association of Ontario","City-Wide",6,35592.9,"CSP"
2022,"Latin American Art Projects","City-Wide",10,25000,"TAC"
2022,"Latvian Senior Citizens' Association","City-Wide",16,12678.6,"CSP"
2022,"Lay-Up Youth Basketball","Local",10,15000,"TAC"
2022,"Le Laboratoire d'Art","City-Wide",10,18000,"TAC"
2022,"Le Theatre francais de Toronto","City-Wide",11,115000,"TAC"
2022,"LEAF - Local Enhancement and Appreciation of Forests","City-wide",12,31850,"FOR"
2022,"LEAF - Local Enhancement and Appreciation of Forests","City-wide",12,1e+05,"FOR"
2022,"LEAF - Local Enhancement and Appreciation of Forests","City-wide",1,4500,"FOR"
2022,"LEAF - Local Enhancement and Appreciation of Forests","City-wide",2,4500,"FOR"
2022,"LEAF - Local Enhancement and Appreciation of Forests","City-wide",5,4500,"FOR"
2022,"LEAF - Local Enhancement and Appreciation of Forests","City-wide",6,4500,"FOR"
2022,"LEAF - Local Enhancement and Appreciation of Forests","City-wide",7,4500,"FOR"
2022,"LEAF - Local Enhancement and Appreciation of Forests","City-wide",11,4500,"FOR"
2022,"LEAF - Local Enhancement and Appreciation of Forests","City-wide",13,4500,"FOR"
2022,"LEAF - Local Enhancement and Appreciation of Forests","City-wide",14,4500,"FOR"
2022,"LEAF - Local Enhancement and Appreciation of Forests","City-wide",19,4500,"FOR"
2022,"LEAF - Local Enhancement and Appreciation of Forests","City-wide",20,4500,"FOR"
2022,"LEAF - Local Enhancement and Appreciation of Forests","City-wide",21,4500,"FOR"
2022,"LEAF - Local Enhancement and Appreciation of Forests","City-wide",24,4500,"FOR"
2022,"League of Canadian Poets","City-Wide",13,19100,"TAC"
2022,"Learning Disabilities Association of Toronto District","City-Wide",18,67600.5,"CSP"
2022,"lemonTree theatre creations","City-Wide",10,14000,"TAC"
2022,"Les Centres d'Accueil Heritage","City-Wide",10,68498.1,"CSP"
2022,"Lesbian Gay Bi Trans Youth Line","City-Wide",13,47792.1,"CSP"
2022,"LHPA","Neighbourhood",8,5000,"CCRF"
2022,"Liaison of Independent Filmmakers of Toronto","City-Wide",9,82000,"TAC"
2022,"Liaison of Independent Filmmakers of Toronto","City-Wide",9,30000,"TAC"
2022,"Little Pear Garden Dance Company","Local",17,18000,"TAC"
2022,"Little Portugal on Dundas BIA","Local",9,20000,"CFFP"
2022,"Llalín Collective","Local",8,8000,"TAC"
2022,"LOFT Community Services","City-Wide",13,22942,"TOS"
2022,"LOFT Community Services","City-Wide",13,23805,"SSRF"
2022,"Long Branch Neighbourhood Association","Neighbourhood",3,49500,"FOR"
2022,"Long Branch Neighbourhood Association","Neighbourhood",3,500,"FOR"
2022,"Long Live Sheldon (COVID19 Youth-Led)","Neighbourhood",6,5000,"CCRF"
2022,"Long Winter","City-Wide",9,20000,"TAC"
2022,"Loop Sessions Toronto","City-Wide",14,15000,"TAC"
2022,"Loose Tea Music Theatre","City-Wide",13,10000,"TAC"
2022,"Lua Shayenne Dance Company","City-Wide",14,20000,"TAC"
2022,"Lula Music and Arts Centre","City-Wide",9,70000,"TAC"
2022,"Lumacare Services","Local",7,250000,"IMM"
2022,"Lumacare Services","City-Wide",7,120000,"IMM"
2022,"Lumacare Services","Local",7,350000,"IMM"
2022,"Lumacare Services","City-Wide",7,150000,"IMM"
2022,"Lumacare Services","City-Wide",7,95997.3,"CSP"
2022,"MABELLEarts","Local",9,26000,"TAC"
2022,"Macaulay Child Development Centre","Local",8,150000,"PG"
2022,"Mahnoor, Isha, and Iman Cheema","City-Wide",24,12700,"TAC"
2022,"Makers Collective","Local",24,15800,"INI"
2022,"Malvern Family Resource Centre","Local",25,16250,"CAF"
2022,"Malvern Family Resource Centre","Local",25,75000,"PG"
2022,"Malvern Family Resource Centre","Neighbourhood",7,7000,"CB"
2022,"Malvern Family Resource Centre","Local",7,19200,"NG"
2022,"Malvern Family Resource Centre","Local",25,219177.6,"CSP"
2022,"Mama's Healing Garden","Neighbourhood",1,5000,"CCRF"
2022,"Mammalian Diving Reflex Theatre Group","City-Wide",10,25000,"TAC"
2022,"Manifesto Community Projects Inc.","City-Wide",10,39000,"TAC"
2022,"Manor Road United Church","Local",15,1380,"PTCG"
2022,"Markham and Lawrence Community United","Local",24,5000,"CCRF"
2022,"Mass Culture","City-Wide",14,20000,"TAC"
2022,"Matthew House Refugee Services - Toronto","City-Wide",10,20000,"TAC"
2022,"Mayworks Festival","City-Wide",11,20000,"TAC"
2022,"Mayworks Festival","City-Wide",11,25000,"TAC"
2022,"McGregor Park YLCCRF (COVID19 Youth-led)","Neighbourhood",21,5000,"CCRF"
2022,"Means of Production Collective","City-Wide",11,65000,"TAC"
2022,"Memory Work Collective","City-Wide",15,12000,"TAC"
2022,"Mending a Crack in the Sky","Local",5,125000,"CSWBU"
2022,"Mental Health Matters","Neighbourhood",13,70000,"DON"
2022,"Mercer Union, A Centre for Contemporary Visual Art","City-Wide",9,72500,"TAC"
2022,"Metropolitan Action Committee on Violence Against Women and Children","City-Wide",11,30000,"CSP-OneTime"
2022,"Metropolitan Action Committee on Violence Against Women and Children","City-Wide",11,347820,"CSP"
2022,"Midaynta Community Services","Neighbourhood",7,5000,"CCRF"
2022,"Miles Nadal Jewish Community Centre","City-Wide",11,12200,"TAC"
2022,"MillO Dance Projects","City-Wide",4,8000,"TAC"
2022,"Mind on Strength","Neighbourhood",8,5000,"CCRF"
2022,"Mirror Me Productions","City-Wide",11,10000,"TAC"
2022,"Mix & Match Collective","City-Wide",22,10000,"TAC"
2022,"Mixed Company Theatre","City-Wide",13,18825,"TAC"
2022,"Modern Batik Couture","City-Wide",6,14000,"TAC"
2022,"Modern Times Stage Company","City-Wide",9,40500,"TAC"
2022,"Modern Times Stage Company","City-Wide",9,35742,"TAC"
2022,"Moksha Canada Foundation","Local",22,25000,"CFFP"
2022,"Momiji Health Care Society","City-Wide",24,40585.8,"CSP"
2022,"Mood Disorders Association of Ontario and Toronto","City-Wide",8,19782.9,"CSP"
2022,"Moonhorse Dance Theatre","City-Wide",13,15000,"TAC"
2022,"Mothers of Peace","Local",13,5000,"CCRF"
2022,"Mothers of Peace","Local",13,5000,"CCRF"
2022,"Mothers Wellness Retreat and Community BBQ (COVID19 Youth-Led)","Neighbourhood",7,4980,"CCRF"
2022,"Moveable Beast","City-Wide",9,15000,"TAC"
2022,"Mural Routes Inc.","City-Wide",20,33000,"TAC"
2022,"Museum of Contemporary Art Toronto (MOCA Toronto)","City-Wide",9,321313,"CADP"
2022,"Music Africa of Canada Inc.","City-Wide",12,43375,"TAC"
2022,"Music For Climate Justice","Local",9,7057.5,"TAC"
2022,"Music From Hope","Local",14,15000,"TAC"
2022,"Music From Hope","Local",14,11000,"TAC"
2022,"Music Mondays Community Series","City-Wide",13,5000,"TAC"
2022,"Music Toronto","City-Wide",13,69200,"TAC"
2022,"Musical Story Studio","Local",9,8000,"TAC"
2022,"Musical Story Studio","Local",9,20000,"TAC"
2022,"Musicals Reimagined","Local",12,10000,"TAC"
2022,"Myles Unlimited","Local",19,5000,"CCRF"
2022,"Nagata Shachu Japanese Taiko and Music Group","City-Wide",23,23000,"TAC"
2022,"Nagata Shachu Japanese Taiko and Music Group","City-Wide",23,23000,"TAC"
2022,"National Shevchenko Musical Ensemble Guild of Canada","City-Wide",11,6750,"TAC"
2022,"Native Canadian Centre of Toronto","City-Wide",16,10000,"IACPF"
2022,"Native Canadian Centre of Toronto","City-Wide",11,161680.2,"CSP"
2022,"Native Child and  Family Services of Toronto","City-Wide",13,40348,"TOS"
2022,"Native Child and  Family Services of Toronto","City-Wide",13,41211,"SSRF"
2022,"Native Child and  Family Services of Toronto","City-Wide",13,131636.1,"CSP"
2022,"Native Child and Family Services of Toronto","City-Wide",13,10000,"TAC"
2022,"Native Child and Family Services of Toronto","City-Wide",13,30000,"IACPF"
2022,"Native Earth Performing Arts Inc.","City-Wide",13,95000,"TAC"
2022,"Native Women in the Arts","City-Wide",10,40000,"TAC"
2022,"Native Women's Resource Centre of Toronto","City-Wide",13,34599,"TOS"
2022,"Native Women's Resource Centre of Toronto","City-Wide",13,35462,"SSRF"
2022,"Native Women's Resource Centre of Toronto","City-Wide",13,100990.2,"CSP"
2022,"Nautanki Bazaar","City-Wide",13,15000,"TAC"
2022,"Necessary Angel Theatre Company","City-Wide",10,60300,"TAC"
2022,"Neighbourhood Arts Network","City-Wide",10,30000,"TAC"
2022,"Neighbourhood Arts Network","City-Wide",10,1e+05,"TAC"
2022,"Neighbourhood Information Post","Neighbourhood",13,45451.2,"CSP"
2022,"Neilson Park Creative Centre","Local",2,20000,"TAC"
2022,"NetherMind","City-Wide",11,10000,"TAC"
2022,"New Canadian Community Centre","City-Wide",22,49725,"CSP"
2022,"New Harlem Productions","City-Wide",4,19000,"TAC"
2022,"New Music Concerts","City-Wide",10,52250,"TAC"
2022,"New Tradition Music","Local",7,15000,"TAC"
2022,"Newcomer Women's Services Toronto","City-Wide",13,30000,"TAC"
2022,"Newcomer Women's Services Toronto","City-Wide",14,47445.3,"CSP"
2022,"Nia Centre for the Arts","City-Wide",12,36000,"TAC"
2022,"Nibi Anishnaabe Aadziwin - Water, Honouring our Way of Life","City-Wide",7,20000,"IAO"
2022,"Nightswimming Repertory Theatre","Local",10,19000,"TAC"
2022,"Nightwood Theatre","City-Wide",13,73000,"TAC"
2022,"Nish Cultural Cuzzins","City-Wide",17,20000,"IAO"
2022,"Nishnawbe Homes Inc","City wide",13,24000,"NG"
2022,"North York Community House","Local",8,285000,"IMM"
2022,"North York Community House","Local",8,350000,"IMM"
2022,"North York Community House","Local",8,235961.7,"CSP"
2022,"North York Harvest Food Bank","City-Wide",5,26361.9,"CSP"
2022,"North York Seniors Centre","Local",18,3500,"CAF"
2022,"North York Seniors Centre","Neighbourhood",18,102489.6,"CSP"
2022,"North York Women's Resource Centre","Local",5,56304,"CSP"
2022,"Northern Visions Independent Video & Film Association","City-Wide",10,58000,"TAC"
2022,"Northwood Neighbourhood Services","Local",7,52193.4,"CSP"
2022,"Not Far From The Tree, a project of MakeWay Charitable Society","Neighbourhood",11,500,"FOR"
2022,"NOWADAYS THEATRE","City-Wide",18,15000,"TAC"
2022,"Nutritious Minds","Neighbourhood",8,4700,"CCRF"
2022,"Obsidian Theatre Company Inc.","City-Wide",14,72000,"TAC"
2022,"OCASI - Ontario Council of Agencies Serving Immigrants","City-Wide",8,31660.8,"CSP"
2022,"O'Connor Hawks Youth (COVID19 Youth-Led)","Neighbourhood",19,4400,"CCRF"
2022,"Odemiika","City-Wide",3,20000,"IAO"
2022,"One in Three Collective","Local",11,12000,"TAC"
2022,"One Perfect Day Collective","City-Wide",12,9964,"TAC"
2022,"Onsite Gallery at OCAD University","City-Wide",10,15000,"TAC"
2022,"Ontario Association of Art Galleries","City-Wide",10,24000,"TAC"
2022,"Ontario Culture Days","Local",10,14000,"TAC"
2022,"Ontario Nonprofit Network","City-Wide",12,25000,"CB"
2022,"Ontario Pops Orchestra","City-Wide",10,8000,"TAC"
2022,"Ontario Psychological Association (OPA)","City-Wide",12,28692,"TOS"
2022,"Ontario Psychological Association (OPA)","City-Wide",12,29555,"SSRF"
2022,"Open Book Foundation","City-Wide",11,19000,"TAC"
2022,"Open Studio","City-Wide",10,73000,"TAC"
2022,"Openly Connected","City wide",13,50000,"NG"
2022,"Openly Connected","City wide",13,50000,"NG"
2022,"Opera Atelier","City-Wide",13,85500,"TAC"
2022,"Opera in Concert","City-Wide",14,30000,"TAC"
2022,"Opera Queens","City-Wide",10,8000,"TAC"
2022,"Opportunity for Advancement","City-Wide",9,52693.2,"CSP"
2022,"Orchestra Toronto","City-Wide",18,22000,"TAC"
2022,"Oriana Women's Choir","City-Wide",14,12500,"TAC"
2022,"Orpheus Choir of Toronto","City-Wide",12,27000,"TAC"
2022,"Oshkaabewisuk","City-Wide",19,20000,"IAO"
2022,"Otherworldly Giants","Local",9,14200,"TAC"
2022,"Our Voice","Local",13,20000,"INI"
2022,"Out the Mud Toronto","Local",12,5000,"CAF"
2022,"Outside Looking In","City-Wide",10,15000,"TAC"
2022,"Outside the Box Collective","Local",14,10000,"TAC"
2022,"Outside the March Theatre Company Inc","City-Wide",9,23000,"TAC"
2022,"PACE Collective","City-Wide",11,12760,"TAC"
2022,"Pack Animal","City-Wide",9,4000,"TAC"
2022,"PAL- Reading Services Inc.","City-Wide",13,17544,"CSP"
2022,"Pan Arts Network","City Wide",10,15000,"CFFP"
2022,"Pan Arts Network","City-Wide",25,10650,"TAC"
2022,"Pandemic Theatre","Local",9,10000,"TAC"
2022,"Paprika Theatre Festival","City-Wide",10,17000,"TAC"
2022,"Paprika Theatre Festival","City-Wide",10,37500,"TAC"
2022,"Parents Engaged in Education","Local",25,50000,"INO"
2022,"Parkdale Golden Age Foundation","Neighbourhood",4,64056,"CSP"
2022,"Parkdale Intercultural Association (Toronto)","Neighbourhood",4,73756.2,"CSP"
2022,"Parkdale Junior and Senior Public School Garden Committee","Local",4,2278,"PTCG"
2022,"Parvai","City-Wide",10,12473,"TAC"
2022,"Parvai","Local",20,2882.16666666667,"INI"
2022,"Parvai","Local",21,2882.16666666667,"INI"
2022,"Parvai","Local",22,2882.16666666667,"INI"
2022,"Parvai","Local",23,2882.16666666667,"INI"
2022,"Parvai","Local",24,2882.16666666667,"INI"
2022,"Pax Christi Chorale","City-Wide",17,20000,"TAC"
2022,"Peace In Pelham (COVID19 Youth-led)","Neighbourhood",9,5000,"CCRF"
2022,"PEACH: Promoting Education and Community Health","City-Wide",7,30000,"CSP-OneTime"
2022,"PEACH: Promoting Education and Community Health","Neighbourhood",7,67381.2,"CSP"
2022,"Peggy Baker Dance Projects","City-Wide",10,35000,"TAC"
2022,"Pemmican Collective","City-Wide",13,15000,"TAC"
2022,"PEN Canada","City-Wide",10,1500,"TAC"
2022,"Pencil Kit Productions","City-Wide",9,10989,"TAC"
2022,"PhoeNX Ensemble","City-Wide",16,12000,"TAC"
2022,"Pierre Elliott Trudeau Elementary School Community","Local",11,4228,"PTCG"
2022,"Pinceles Latinos Art Studio","Local",7,6400,"TAC"
2022,"Planet in Focus","City-Wide",10,25000,"TAC"
2022,"Playwrights Guild of Canada","City-Wide",10,25000,"TAC"
2022,"Pleiades Theatre","City-Wide",10,18400,"TAC"
2022,"Pluma Collective","City-Wide",8,8000,"TAC"
2022,"Pollinator Pedestrian Access Path - Pilkington to Santa Monica","Local",18,5000,"PTCG"
2022,"Portage Trail Community School","Local",5,3200,"PTCG"
2022,"pounds per square inch performance","City-Wide",13,15000,"TAC"
2022,"PRATIBHA ARTS","City-Wide",10,15000,"TAC"
2022,"Pride Toronto","City Wide",2,43333.3333333333,"CFFP"
2022,"Pride Toronto","City Wide",6,43333.3333333333,"CFFP"
2022,"Pride Toronto","City Wide",9,43333.3333333333,"CFFP"
2022,"Pride Toronto","City Wide",10,43333.3333333333,"CFFP"
2022,"Pride Toronto","City Wide",11,43333.3333333333,"CFFP"
2022,"Pride Toronto","City Wide",13,43333.3333333333,"CFFP"
2022,"ProArteDanza Performance Inc","City-Wide",14,15000,"TAC"
2022,"Professional Association of Canadian Theatres","City-Wide",10,8000,"TAC"
2022,"Progress Place","City-Wide",13,10000,"SSRF"
2022,"Progress Place - Community Place Hub","Neighbourhood",5,4998,"CCRF"
2022,"Project ReDefine Arts","City-Wide",14,26000,"TAC"
2022,"Project: Humanity Inc.","Local",8,15000,"TAC"
2022,"Prologue to the Performing Arts","City-Wide",10,35000,"TAC"
2022,"Prologue to the Performing Arts","City-Wide",10,160000,"TAC"
2022,"Prosserman Jewish Community Centre","City-Wide",6,15075.6,"CSP"
2022,"Public Recordings Performance Projects","City-Wide",4,20400,"TAC"
2022,"Puppetmongers Theatre","City-Wide",11,20000,"TAC"
2022,"Queen West Art Crawl","City Wide",10,20000,"CFFP"
2022,"Queer AF Collective","City-Wide",10,10000,"TAC"
2022,"Queer Songbook Orchestra","City-Wide",10,10500,"TAC"
2022,"Quote Unquote Collective","City-Wide",4,9700,"TAC"
2022,"Raging Asian Women Taiko Drummers","Local",5,15000,"TAC"
2022,"Rainbow's Pride in Scarborough","City-Wide",10,17497,"TAC"
2022,"Rainbow's Pride in Scarborough","Local",19,19950,"INI"
2022,"Ralph Thornton Centre","Neighbourhood",14,38836.5,"CSP"
2022,"REAson d'etre dance productions","City-Wide",4,15000,"TAC"
2022,"Red Pepper Spectacle Arts","City-Wide",11,40000,"TAC"
2022,"Red Pepper Spectacle Arts","City-Wide",11,32400,"TAC"
2022,"Red Sky Performance","City-Wide",10,48000,"TAC"
2022,"Red Snow Collective","City-Wide",16,15000,"TAC"
2022,"RedbRed","City-Wide",16,20000,"IAO"
2022,"ReelAbilities Film Festival Toronto","City-Wide",11,20000,"TAC"
2022,"Reelworld Screen Institute","City-Wide",13,7500,"TAC"
2022,"Regenesis York","City-wide",6,9992,"FOR"
2022,"Regenesis York","City-wide",7,9992,"FOR"
2022,"Regenesis York","City-wide",11,9992,"FOR"
2022,"Regenesis York","City-wide",15,9992,"FOR"
2022,"Regenesis York","City-wide",25,9992,"FOR"
2022,"Regent Park Community Health Centre","Local",13,150000,"PG"
2022,"Regent Park Film Festival Inc.","Local",13,33000,"TAC"
2022,"Regent Park Neighbourhood Association - Advocacy","Neighbourhood",13,75000,"PG"
2022,"ReSistering Collective","Local",4,5000,"CAF"
2022,"Rexdale Community Health Centre","Local",1,265000,"IMM"
2022,"Rexdale Community Health Centre","Local",1,3e+05,"IMM"
2022,"Rexdale Community Health Centre","Local",1,289691.19,"CSWBU"
2022,"Rexdale Community Health Centre","Local",1,171222.3,"CSP"
2022,"Rexdale Community Hub","Local",1,316939.5,"CSP"
2022,"Rexdale Women’s Centre","Local",1,16250,"CAF"
2022,"Rexdale Women's Centre","Local",1,109675.5,"CSP"
2022,"RISE Arts and Community Services","City-Wide",22,20000,"TAC"
2022,"Ritten-House","Local",13,7680,"TAC"
2022,"Riverdale Immigrant Women's Centre","City-Wide",14,15000,"TAC"
2022,"Rivertowne Tenant Rep and Committee","Neighbourhood",14,5000,"CCRF"
2022,"Roden School Council","Local",14,4730,"PTCG"
2022,"Roncesvalles Village BIA","Local",4,10000,"CFFP"
2022,"Roots To Bloom","Local",4,6800,"TAC"
2022,"Rosalie Hall - Birchmount Community Action Council","Local",21,3850,"CAF"
2022,"Roseneath Theatre","City-Wide",9,73000,"TAC"
2022,"RT Collective","City-Wide",4,4000,"TAC"
2022,"Ryerson Image Centre","City-Wide",13,10000,"TAC"
2022,"S.E.A.S. Centre (Support Enhance Access Services Centre)","Local",13,91754.1,"CSP"
2022,"Saawan Theatre","City-Wide",7,13000,"TAC"
2022,"Sabbara","City-Wide",18,20000,"TAC"
2022,"Salon du Livre de Toronto","City-Wide",11,15000,"TAC"
2022,"San Lorenzo Latin American Community Centre","Local",8,5000,"PTCG"
2022,"San Romanoway Revitalization Association","Neighbourhood",7,10000,"CFFP"
2022,"San Romanoway Revitalization Association","Local",7,30000,"CSP-OneTime"
2022,"San Romanoway Revitalization Association","Local",7,88071.9,"CSP"
2022,"Sara Porter Productions","City-Wide",12,15000,"TAC"
2022,"SAVAC","City-Wide",10,45000,"TAC"
2022,"Say Somali","Local",3,19663,"INI"
2022,"Scadding Court Community Centre","Local",10,257500,"IMM"
2022,"Scadding Court Community Centre","Local",10,3e+05,"IMM"
2022,"Scadding Court Community Centre","Neighbourhood",10,194228.4,"CSP"
2022,"Scarborough Anti-Violence Mentorship Brotherhood Association ‘SAMBA’","Local",24,5000,"CCRF"
2022,"Scarborough Centre for Healthy Communities","Local",24,150000,"PG"
2022,"Scarborough Centre for Healthy Communities","Local",7,250000,"IMM"
2022,"Scarborough Centre for Healthy Communities","Local",7,3e+05,"IMM"
2022,"Scarborough Centre for Healthy Communities","Local",24,206014.5,"CSP"
2022,"Scarborough Made","Local",24,15000,"TAC"
2022,"Scarborough Philharmonic Orchestra","Local",24,23000,"TAC"
2022,"Scarborough Village Youth Collective (COVID19 Youth-led)","Local",20,5000,"CCRF"
2022,"Scarborough Women's Centre","Neighbourhood",24,40606.2,"CSP"
2022,"Scarborough Youth United","Local",22,7500,"TAC"
2022,"Scarborough Youth United","Local",22,13000,"TAC"
2022,"Scarlettwood Warriors For Change","Local",2,4996,"CCRF"
2022,"Scribble Me Silly Art for Kids","City-Wide",14,6800,"TAC"
2022,"Seneca College of Applied Arts and Technology","Neighbourhood",17,75000,"FOR"
2022,"Senior Persons Living Connected","Local",22,110129.4,"CSP"
2022,"Senior Tamils' Centre of Ontario","City-Wide",23,65784.9,"CSP"
2022,"Seniors Safety BBQ","Neighbourhood",8,5000,"CCRF"
2022,"Serenity 2.0 (COVID19 Youth-Led)","Local",13,5000,"CCRF"
2022,"Settlement Assistance and Family Support Services (SAFSS)","Local",24,58094.1,"CSP"
2022,"Shadowland Theatre","City-Wide",10,23000,"TAC"
2022,"Shadowland Theatre","City-Wide",10,20000,"TAC"
2022,"Shakespeare In Action","Local",5,20000,"TAC"
2022,"Shakespeare In Action","Local",5,15000,"TAC"
2022,"Shakespeare In Action","Local",5,1e+05,"IMM"
2022,"Shakespeare In Action","Local",5,55000,"IMM"
2022,"Shakespeare in Action - Humber River Pals","Local",5,9000,"CAF"
2022,"Shakespeare in the Ruff","City-Wide",11,17000,"TAC"
2022,"Shoot For Peace","City-Wide",14,14400,"TAC"
2022,"SICK MUSE ART PROJECTS","City-Wide",9,10200,"TAC"
2022,"SickKids Centre for Community Mental Health","Local",6,150000,"PG"
2022,"Silent Voice Canada Inc","City-Wide",12,35195.1,"CSP"
2022,"Silk Bath Collective","Local",3,10000,"TAC"
2022,"Sinfonia Toronto","City-Wide",17,12350,"TAC"
2022,"SING! The Toronto Vocal Arts Festival","City-Wide",19,11500,"TAC"
2022,"SING! The Toronto Vocal Arts Festival","City Wide",4,3333.33333333333,"CFFP"
2022,"SING! The Toronto Vocal Arts Festival","City Wide",7,3333.33333333333,"CFFP"
2022,"SING! The Toronto Vocal Arts Festival","City Wide",9,3333.33333333333,"CFFP"
2022,"SING! The Toronto Vocal Arts Festival","City Wide",10,3333.33333333333,"CFFP"
2022,"SING! The Toronto Vocal Arts Festival","City Wide",11,3333.33333333333,"CFFP"
2022,"SING! The Toronto Vocal Arts Festival","City Wide",13,3333.33333333333,"CFFP"
2022,"Sistema Toronto Academy","Local",4,8000,"TAC"
2022,"Sistering: A Woman's Place","Neighbourhood",9,7500,"CFFP"
2022,"SKETCH Working Arts","Local",10,4332,"PTCG"
2022,"SKETCH Working Arts for Street-involved and Homeless Youth","City-Wide",10,115000,"TAC"
2022,"Small World Music Society","City-Wide",10,62000,"TAC"
2022,"Small World Music Society","City-Wide",10,20000,"TAC"
2022,"Smile For Sache (COVID19 Youth-led)","Local",7,4950,"CCRF"
2022,"Society of Sharing: Inner-City Volunteers","Local",13,18212.1,"CSP"
2022,"Somali Canadian Association of Etobicoke","Neighbourhood",1,30000,"CSP-OneTime"
2022,"Somali Canadian Association of Etobicoke","Local",1,26361.9,"CSP"
2022,"Somali Women's and Children's Support Network","Local",1,30000,"CSP-OneTime"
2022,"Somali Women's and Children's Support Network","City-Wide",1,45869.4,"CSP"
2022,"Somethin’ Somethin’ Collective","City-Wide",4,10000,"TAC"
2022,"Soulpepper Theatre Company","City-Wide",10,461000,"TAC"
2022,"SoundCheck Youth Arts Inc.","City-Wide",8,20000,"TAC"
2022,"Soundstreams","City-Wide",13,88000,"TAC"
2022,"South Asian Advisory Group (COVID19 Youth-led)","Local",25,5000,"CCRF"
2022,"South Asian Autism Awareness Centre","Local",24,8000,"TAC"
2022,"South Asian Women's Centre","City-Wide",9,98807.4,"CSP"
2022,"South Riverdale Community Health Centre","Local",14,107706.9,"CSP"
2022,"Southern Currents Film & Video Collective","City-Wide",9,20000,"TAC"
2022,"SPRINT - Senior People's Resources Toronto","Local",12,108726.9,"CSP"
2022,"SRHR Hubs","Local",5,22000,"INI"
2022,"St Francis De Sales","Local",7,3000,"PTCG"
2022,"St. Aidan Catholic Elementary School","Local",22,3948,"PTCG"
2022,"St. Alban's Boys' and Girls' Club","Local",11,218371.8,"CSP"
2022,"St. Boniface Elementary School","Local",20,4875,"PTCG"
2022,"St. Clair O'Connor Community Inc.","Neighbourhood",19,20206.2,"CSP"
2022,"St. James Town Community Cooperative Inc","Local",13,8990,"CAF"
2022,"St. Matthew's Bracondale House","Neighbourhood",12,54335.4,"CSP"
2022,"Stolen From Africa","Local",7,161423,"YVP"
2022,"Stolen From Africa","Local",7,9137,"TOS"
2022,"Stolen From Africa","City-Wide",7,30000,"CSP-OneTime"
2022,"Stolen From Africa","Local",7,10000,"SSRF"
2022,"Stonegate Community Health Centre","Local",3,98674.8,"CSP"
2022,"Storefront Humber Inc.","Local",3,65183.1,"CSP"
2022,"Street Haven","Neighbourhood",13,1e+05,"PG"
2022,"Street Voices","City-Wide",19,12750,"TAC"
2022,"Strides Toronto","City-Wide",7,65000,"CSWBU"
2022,"Studio 180 Theatre","City-Wide",11,17000,"TAC"
2022,"SummerWorks Performance Festival","City-Wide",10,55000,"TAC"
2022,"Sunnybrook Health Sciences Centre","Neighbourhood",15,25000,"FOR"
2022,"Sunnybrook Health Sciences Centre","Neighbourhood",18,25000,"FOR"
2022,"Sunshine Centres for Seniors","City-Wide",11,50092.2,"CSP"
2022,"Sustainable Textile Art","Local",6,13500,"TAC"
2022,"Sweet Grass Roots Collective","Local",7,5000,"CAF"
2022,"Syme Woolner Neighbourhood and Family Centre","Local",5,2e+05,"IMM"
2022,"Syme Woolner Neighbourhood and Family Centre","Local",5,3e+05,"IMM"
2022,"Syme Woolner Neighbourhood and Family Centre","Neighbourhood",5,118330.2,"CSP"
2022,"Syme Woolner Neighbourhood and Family Centre (SWNFC)","Local",5,63750,"HIF"
2022,"Syrian Film Festival","City-Wide",6,10000,"TAC"
2022,"Tafelmusik","City-Wide",11,180000,"TAC"
2022,"TAIBU Community Health Centre","City-Wide",7,150000,"CB"
2022,"TAIBU Community Health Centre","City-Wide",7,30000,"CSP-OneTime"
2022,"TAIBU Community Health Centre","City-Wide",7,150000,"IMM"
2022,"TAIBU Community Health Centre","City-Wide",7,270000,"IMM"
2022,"TAIBU Community Health Centre","Local",7,25000,"CDU"
2022,"Taking Back what is ours","Neighbourhood",8,4950,"CCRF"
2022,"Takwahiminana Collective","City-Wide",13,14000,"TAC"
2022,"Tangled Art + Disability","City-Wide",10,50000,"TAC"
2022,"Tapestry Music Theatre","City-Wide",19,58000,"TAC"
2022,"Tarragon Theatre","City-Wide",12,211500,"TAC"
2022,"Taste of the Middle East Foundation","City Wide",10,25000,"CFFP"
2022,"TB West Community Services","Local",3,20000,"TAC"
2022,"TCCG - YOUTH DIVISION (COVID19 Youth-led)","Neighbourhood",1,5000,"CCRF"
2022,"TCCG (Tandridge Community Collective Group)","Neighbourhood",1,5000,"CCRF"
2022,"TCL Collective","City-Wide",13,10000,"TAC"
2022,"TESOC Multicultural Settlement & Community Services","City-Wide",21,40845.9,"CSP"
2022,"Textile Museum of Canada","City-Wide",10,72000,"TAC"
2022,"The 519 Church Street Community Centre","Local",13,267500,"IMM"
2022,"The 519 Church Street Community Centre","Local",13,3e+05,"IMM"
2022,"The 519 Church Street Community Centre","City-Wide",13,65637,"CSP"
2022,"The AppleTree Group","Local",12,3800,"PTCG"
2022,"The Arab Community Centre of Toronto","Local",2,24000,"NG"
2022,"The Arab Community Centre of Toronto","City-Wide",2,44313.9,"CSP"
2022,"The Art of Time Ensemble","City-Wide",12,55100,"TAC"
2022,"The Bentway Conservancy","City-Wide",10,5000,"TAC"
2022,"The Bernard Betel Centre For Creative Living","Local",6,137705.1,"CSP"
2022,"The Blackstone Foundation Library-Youth Advisory Group","Local",22,19996,"INI"
2022,"The Cabbagetown Community Arts Centre","Local",13,18400,"TAC"
2022,"The Canadian Mental Health Association Toronto Branch","City-Wide",11,10637,"TOS"
2022,"The Canadian Mental Health Association Toronto Branch","City-Wide",11,11500,"SSRF"
2022,"The Canadian Mental Health Association Toronto Branch","City-Wide",11,19782.9,"CSP"
2022,"The Canadian Red Cross Society","City-Wide",9,159681,"CSP"
2022,"The Career Foundation","Local",8,75000,"CDU"
2022,"The Centre for Immigrant and Community Services (CICS)","Local",22,75000,"TTSP"
2022,"The Chimera Project Dance Theatre","City-Wide",13,15000,"TAC"
2022,"The Company Theatre","City-Wide",9,14400,"TAC"
2022,"The Cross-Cultural Community Services Association (TCCSA)","City-Wide",11,29870.7,"CSP"
2022,"The Dance Current","City-Wide",13,8000,"TAC"
2022,"The Dance Umbrella of Ontario","City-Wide",13,30000,"TAC"
2022,"The Dietrich Group","City-Wide",14,15000,"TAC"
2022,"The Elmer Iseler Singers","City-Wide",15,24545,"TAC"
2022,"The Esprit Orchestra","City-Wide",10,80275,"TAC"
2022,"The Federation of Metro Tenants' Association (FMTA)","City Wide",13,207102,"TTSP"
2022,"The Federation of Metro Tenants' Association (FMTA)","City Wide",13,257898,"TTSP"
2022,"The Fire and Rescue Team","City-Wide",11,20000,"TAC"
2022,"The Flin Flon Cowboy Collective","City-Wide",10,20000,"TAC"
2022,"The Fringe of Toronto Theatre Festival","City-Wide",14,77000,"TAC"
2022,"The Gatehouse Child Abuse Investigation and Support Site","City-Wide",3,26361.9,"CSP"
2022,"The George S. Syme Seniors’ Centre of York (Syme 55+ Centre)","Neighbourhood",5,99863.1,"CSP"
2022,"The Greenprint Network","Local",6,21290,"INI"
2022,"The Hannaford Street Silver Band","City-Wide",13,26600,"TAC"
2022,"The Heard","City-Wide",21,13000,"TAC"
2022,"The inPrint Collective Inc","City-Wide",9,11000,"TAC"
2022,"The Junction Business Improvement Area","Local",4,5000,"PTCG"
2022,"The Massey Centre For Women","City-Wide",14,30712.2,"CSP"
2022,"The Mexicans Folk Ballet","City-Wide",8,10000,"TAC"
2022,"The Music Gallery","City-Wide",11,87000,"TAC"
2022,"The Musical McCoy Collective","City-Wide",19,30000,"TAC"
2022,"The Musical Stage Company","City-Wide",10,36000,"TAC"
2022,"The National Ballet of Canada","City-Wide",10,1390000,"TAC"
2022,"The Neighbourhood Group - Aki Wiidookaagewin","Local",11,5000,"CAF"
2022,"The Neighbourhood Group Community Services","Local",13,2e+05,"YVP"
2022,"The Neighbourhood Group Community Services","City-Wide",1,22500,"CCRF"
2022,"The Neighbourhood Group Community Services","City-Wide",13,50000,"CCRF"
2022,"The Neighbourhood Group Community Services","City-Wide",13,25000,"CCRF"
2022,"The Neighbourhood Group Community Services","City-Wide",13,11000,"CCRF"
2022,"The Neighbourhood Group Community Services","City-Wide",13,33000,"CCRF"
2022,"The Neighbourhood Group Community Services","Local",13,50000,"PG"
2022,"The Neighbourhood Group Community Services","Local",13,698353.51,"CSP"
2022,"The Neighbourhood Organization - Afghan Women's Organization Refugee and Immigrant Services","Local",15,10825,"CAF"
2022,"The Neighbourhood Organization - Eheroes","Local",15,9000,"CAF"
2022,"The Neighbourhood Organization - Thorncliffe Wellness Café","Local",15,8300,"CAF"
2022,"The PACT Urban Peace Program","Local",1,4620,"PTCG"
2022,"The Purple Stage","City-Wide",9,8000,"TAC"
2022,"the red light district","City-Wide",11,10000,"TAC"
2022,"The Regent Park Women's Entrepreneur Group","Neighbourhood",13,65676,"PG"
2022,"The Regent Park Youth Collaboration","Neighbourhood",13,70000,"DON"
2022,"The Remix Project","City-Wide",10,28000,"TAC"
2022,"The Remix Project","Local",10,40000,"CSWBU"
2022,"The resurgence","Neighbourhood",6,4600,"CCRF"
2022,"The Royal Canadian College of Organists","City-Wide",11,8000,"TAC"
2022,"The Royal Conservatory of Music","City-Wide",11,50000,"TAC"
2022,"The Second Mile Club of Toronto","Local",11,77667.9,"CSP"
2022,"The Smile Company - Theatrical Productions","City-Wide",11,30000,"TAC"
2022,"The St. Christopher House","Local",10,330893.1,"CSP"
2022,"The St. Clair Diggers","Local",20,4300,"PTCG"
2022,"The STEPS Initiative","City-Wide",10,20000,"TAC"
2022,"The Stop Community Food Centre","City-Wide",9,31660.8,"CSP"
2022,"The Storytellers School of Toronto","City-Wide",12,38000,"TAC"
2022,"The Tawoos Initiative","City-Wide",13,15000,"TAC"
2022,"The Teresa Group - Child And Family Aid","City-Wide",12,30000,"CSP-OneTime"
2022,"The Teresa Group - Child And Family Aid","City-Wide",12,32946,"CSP"
2022,"The Theatre Centre","City-Wide",9,148000,"TAC"
2022,"The Toronto Consort","City-Wide",11,25650,"TAC"
2022,"The Uganda Muslims association Of Canada (UMAC)","Neighbourhood",5,4120,"CCRF"
2022,"The Village 3 on 3 BBQ and Tournament","Local",8,5000,"CCRF"
2022,"The Wexford Residence Inc.","Local",21,23597.7,"CSP"
2022,"The Word On The Street","City-Wide",10,51500,"TAC"
2022,"Theatre Columbus (o/a Common Boots Theatre)","City-Wide",16,41000,"TAC"
2022,"Theatre Direct Canada","Local",9,69000,"TAC"
2022,"Theatre Gargantua","City-Wide",9,15000,"TAC"
2022,"Theatre Passe Muraille","City-Wide",10,165500,"TAC"
2022,"Theatre Smith-Gilmour","City-Wide",14,36900,"TAC"
2022,"Think 2wice","Local",1,341004.4,"CSWBU"
2022,"Thorncliffe Neighbourhood Office","Local",15,279231,"HIF"
2022,"Thorncliffe Park Urban Farmers (TPUF)","Local",15,5000,"PTCG"
2022,"Throwdown Collective","City-Wide",13,15000,"TAC"
2022,"Tibetan Canadian Cultural Centre","Neighbourhood",3,5000,"CCRF"
2022,"tiger princess dance projects inc.","City-Wide",9,32000,"TAC"
2022,"Tirgan Centre for Art and Culture","City-Wide",16,25000,"TAC"
2022,"TNO- The Neighbourhood Organization","Local",15,407770.5,"CSP"
2022,"TNO- The Neighbourhood Organization","Neighbourhood",15,96000,"CSP-OneTime"
2022,"TNO- The Neighbourhood Organization","Neighbourhood",15,96000,"CSP-OneTime"
2022,"TNO- The Neighbourhood Organization","Local",15,33600,"NG"
2022,"TNO- The Neighbourhood Organization","Local",15,150000,"IMM"
2022,"TNO- The Neighbourhood Organization","Local",15,2e+05,"IMM"
2022,"TNO- The Neighbourhood Organization","Local",15,150000,"IMM"
2022,"Toasterlab","Local",4,20000,"TAC"
2022,"Toby's Place","City-Wide",20,14000,"TAC"
2022,"TOES FOR DANCE INC.","City-Wide",12,20000,"TAC"
2022,"TOES FOR DANCE INC.","City-Wide",12,15000,"TAC"
2022,"TOES FOR DANCE INC.","Local",18,15000,"CFFP"
2022,"TONE Festival","City-Wide",11,10000,"TAC"
2022,"Toronto Aboriginal Support Services Council","City-Wide",11,30000,"IFF"
2022,"Toronto Aboriginal Support Services Council","City-Wide",11,520000,"IMM"
2022,"Toronto Aboriginal Support Services Council","City-Wide",11,750000,"IFF"
2022,"Toronto Aboriginal Support Services Council","City-Wide",11,128933.1,"CSP"
2022,"Toronto Aboriginal Support Services Council","City-Wide",11,5e+05,"IAO"
2022,"Toronto Alliance for the Performing Arts","City-Wide",10,78000,"TAC"
2022,"Toronto and Region Conservation Authority","City-wide",6,23095.25,"FOR"
2022,"Toronto and Region Conservation Authority","City-wide",7,23095.25,"FOR"
2022,"Toronto and Region Conservation Authority","City-wide",12,23095.25,"FOR"
2022,"Toronto and Region Conservation Authority","City-wide",14,23095.25,"FOR"
2022,"Toronto Animated Image Society","City-Wide",9,18000,"TAC"
2022,"Toronto Arts Foundation","City-Wide",10,276575,"YDU"
2022,"Toronto Artscape Inc.","City-Wide",10,415000,"CADP"
2022,"Toronto Biennial of Art","City Wide",4,33333.3333333333,"CFFP"
2022,"Toronto Biennial of Art","City Wide",9,33333.3333333333,"CFFP"
2022,"Toronto Biennial of Art","City Wide",10,33333.3333333333,"CFFP"
2022,"Toronto Birth Centre","Neighbourhood",13,70620,"PG"
2022,"Toronto Blues Society","City-Wide",10,32000,"TAC"
2022,"Toronto Botanical Garden","Local",15,4950,"PTCG"
2022,"Toronto Centre for Community Learning and Development","City-Wide",13,50801.1,"CSP"
2022,"Toronto Chamber Choir","City-Wide",12,8500,"TAC"
2022,"Toronto Children's Chorus","City-Wide",12,40000,"TAC"
2022,"Toronto Community & Culture Centre","City-Wide",10,23628.3,"CSP"
2022,"Toronto Community for Better Child Care","City-Wide",14,26361.9,"CSP"
2022,"Toronto Council Fire Native Cultural Centre","City Wide",13,21400,"INI"
2022,"Toronto Dance Community Love-In","City-Wide",4,15000,"TAC"
2022,"Toronto Dance Theatre","City-Wide",13,23000,"TAC"
2022,"Toronto Dance Theatre","City-Wide",13,157000,"TAC"
2022,"Toronto Developmental association of Youth","Local",5,5000,"CCRF"
2022,"Toronto District School Board","Local",18,150000,"PG"
2022,"Toronto District School Board","City-wide",1,11250,"FOR"
2022,"Toronto District School Board","City-wide",2,11250,"FOR"
2022,"Toronto District School Board","City-wide",3,11250,"FOR"
2022,"Toronto District School Board","City-wide",5,11250,"FOR"
2022,"Toronto District School Board","City-wide",6,11250,"FOR"
2022,"Toronto District School Board","City-wide",17,11250,"FOR"
2022,"Toronto District School Board","City-wide",21,11250,"FOR"
2022,"Toronto District School Board","City-wide",23,11250,"FOR"
2022,"Toronto Downtown Jazz Society","City-Wide",12,50000,"TAC"
2022,"Toronto Environmental Alliance - Bathurst Finch Women's Group","Local",10,4400,"CAF"
2022,"Toronto Festival of Arts, Culture and Creativity","City Wide",1,50000,"CFFP"
2022,"Toronto Festival of Arts, Culture and Creativity","City Wide",4,50000,"CFFP"
2022,"Toronto Festival of Arts, Culture and Creativity","City Wide",6,50000,"CFFP"
2022,"Toronto Festival of Arts, Culture and Creativity","City Wide",10,50000,"CFFP"
2022,"Toronto Festival of Arts, Culture and Creativity","City Wide",13,50000,"CFFP"
2022,"Toronto Festival of Arts, Culture and Creativity","City Wide",15,50000,"CFFP"
2022,"Toronto Festival of Arts, Culture and Creativity","City Wide",19,50000,"CFFP"
2022,"Toronto Festival of Arts, Culture and Creativity","City Wide",21,50000,"CFFP"
2022,"Toronto Festival of Comics and Graphic Arts","City-Wide",11,23500,"TAC"
2022,"Toronto Finnish-Canadian Seniors Centre","City-Wide",15,19507.5,"CSP"
2022,"Toronto Food Film Fest","City-Wide",3,6000,"TAC"
2022,"Toronto Foundation for Student Success","City Wide",5,12075607,"SNP"
2022,"Toronto Futbol Athletic Advancement","Neighbourhood",13,66125,"PG"
2022,"Toronto Futbol Athletic Advancement","Local",13,12396,"INI"
2022,"Toronto Intergenerational Partnerships in Community","Local",20,68457.3,"CSP"
2022,"Toronto International Film Festival Inc.","City-Wide",10,1195735,"CADP"
2022,"Toronto Jewish Film Foundation/Festival","City-Wide",11,24000,"TAC"
2022,"Toronto Kiwanis Boys & Girls Clubs","Local",13,108237.3,"CSP"
2022,"Toronto Klezmer Society","Local",11,7500,"TAC"
2022,"Toronto Mendelssohn Choir","City-Wide",12,70000,"TAC"
2022,"Toronto Operetta Theatre","City-Wide",14,18400,"TAC"
2022,"Toronto Outdoor Art Fair","City Wide",13,50000,"CFFP"
2022,"Toronto Outdoor Picture Show","City-Wide",11,10000,"TAC"
2022,"Toronto Palestine Film Festival","City-Wide",12,7500,"TAC"
2022,"Toronto People With AIDS Foundation","City-Wide",13,35751,"CSP"
2022,"TORONTO PHILHARMONIC ORCHESTRA","City-Wide",15,7288,"TAC"
2022,"Toronto Photographers Workshop","City-Wide",9,70000,"TAC"
2022,"Toronto Queer Media & Arts Centre","City-Wide",11,17000,"TAC"
2022,"Toronto Rape Crisis Centre/Multicultural Women Against Rape","City-Wide",10,10637,"TOS"
2022,"Toronto Rape Crisis Centre/Multicultural Women Against Rape","City-Wide",10,59537.4,"CSP"
2022,"Toronto Rape Crisis Centre/Multicultural Women Against Rape","City-Wide",10,11500,"SSRF"
2022,"Toronto Reel Asian International Film Festival","City-Wide",10,50000,"TAC"
2022,"Toronto Sketch Comedy Festival Inc.","City-Wide",9,15000,"TAC"
2022,"Toronto Summer Music Foundation","City-Wide",10,39780,"TAC"
2022,"Toronto Symphony Orchestra","City-Wide",10,1220000,"TAC"
2022,"Toronto Undergraduate Jazz Festival","City-Wide",4,8000,"TAC"
2022,"Toronto Urban Book Expo","City-Wide",20,3000,"TAC"
2022,"Toronto Ward Museum","Local",8,20000,"TAC"
2022,"Transcare Community Support Services","City-Wide",22,92213.1,"CSP"
2022,"Tribal Crackling Wind for the Arts","City-Wide",13,30000,"TAC"
2022,"Triga Creative","City-Wide",4,9992,"TAC"
2022,"Trinity Square Video","City-Wide",10,60000,"TAC"
2022,"Trinity Square Video","City-Wide",10,35000,"TAC"
2022,"Tropicana Community Services","Neighbourhood",7,30000,"CSP-OneTime"
2022,"Tropicana Community Services","City-Wide",24,103907.4,"CSP"
2022,"Turtle Protectors","Local",4,5000,"CAF"
2022,"Turtle Protectors","City-Wide",7,20000,"IAO"
2022,"Turtle Protectors - Urban Animal Ceremonies","Local",4,5000,"CAF"
2022,"UKAI Projects","City-Wide",18,30000,"TAC"
2022,"Ukrainian Canadian Social Services","City-Wide",7,30000,"CB"
2022,"Ukrainian Canadian Social Services","City-Wide",4,43574.4,"CSP"
2022,"Uma Nota Culture","City-Wide",9,11000,"TAC"
2022,"Uma Nota Music and Production","City wide",9,20000,"CFFP"
2022,"Under The Bus Collective","City-Wide",13,15000,"TAC"
2022,"Unified Discussions (COVID19 Youth-led)","Local",15,5000,"CCRF"
2022,"Unison Health and Community Services","Neighbourhood",8,1e+05,"YVP"
2022,"Unison Health and Community Services","Neighbourhood",8,1e+05,"YVP"
2022,"Unison Health and Community Services","Local",8,130000,"CSWBU"
2022,"Unison Health and Community Services","Local",8,34817.7,"CSP"
2022,"Unison Health and Community Services - Mind On Strength","Local",8,5000,"CAF"
2022,"Unit 2","Local",9,14887,"TAC"
2022,"United Way Greater Toronto","Local",13,3e+05,"CDU"
2022,"United Way Greater Toronto","City-Wide",13,3e+05,"CDU"
2022,"Unity Charity","City-Wide",12,31000,"TAC"
2022,"Unity Youth","Local",7,5000,"CCRF"
2022,"Universal Collective of Artists","City-Wide",10,12000,"TAC"
2022,"University of Toronto, Faculty of Architecture, Landscape and Design - Nikibii Dawadinna Giigwag","Local",11,5000,"CAF"
2022,"University Settlement","Local",10,26500,"TAC"
2022,"University Settlement","Local",10,144559.5,"CSP"
2022,"Urbanvessel","Local",4,23000,"TAC"
2022,"Vanguardia Dance Projects","City-Wide",9,10000,"TAC"
2022,"Vazari Arts Company","City-Wide",10,15000,"TAC"
2022,"Venus Fest Inc.","City-Wide",13,8000,"TAC"
2022,"Vermont Square Parent-Child Mother Goose Program","City-Wide",11,29513.7,"CSP"
2022,"Vesnivka Choir Inc.","Local",4,7600,"TAC"
2022,"VIBE Arts","City-Wide",10,68000,"TAC"
2022,"VIBE Arts","City Wide",19,18486,"StARTPP"
2022,"Vibrant Healthcare Alliance","City-Wide",8,41871,"CSP"
2022,"Victim Services Toronto","City-Wide",13,295096.2,"CSP"
2022,"Videatur Collective","City-Wide",11,14400,"TAC"
2022,"VideoCabaret","City-Wide",14,58500,"TAC"
2022,"Vietnamese Women's Association of Toronto","City-Wide",9,68482.8,"CSP"
2022,"Vision Quest","City-Wide",3,19990,"IAO"
2022,"VIVA! Youth Singers of Toronto, Inc.","City-Wide",11,40000,"TAC"
2022,"Volcano Non-Profit Productions Inc.","City-Wide",10,50000,"TAC"
2022,"Volunteer Centre of Toronto","City-Wide",11,220008.9,"CSP"
2022,"Vox Choirs","City-Wide",9,15000,"TAC"
2022,"Vtape","City-Wide",10,80000,"TAC"
2022,"Waadinidijig","City-Wide",7,20000,"IAO"
2022,"Waard Ward","Local",23,20000,"TAC"
2022,"Wanasah Regent Park","Local",13,36800,"SSRF"
2022,"Wanasah Regent Park","Local",13,35937,"TOS"
2022,"Warden Woods Community Centre","Local",20,9500,"CAF"
2022,"Warden Woods Community Centre","Local",20,221497.7,"CSP"
2022,"Waterfront Neighbourhood Centre","Local",10,19200,"NG"
2022,"Waterfront Neighbourhood Centre","Neighbourhood",10,78805.2,"CSP"
2022,"Wavelength Music Arts Projects","City-Wide",9,30000,"TAC"
2022,"WeeFestival of Arts and Culture","Local",9,15000,"TAC"
2022,"Welcome Home Collective","Local",11,10000,"TAC"
2022,"West Bend Green Community","Local",4,2555,"PTCG"
2022,"West End Micro Music Festival","City-Wide",4,8000,"TAC"
2022,"West Neighbourhood House","Local",10,24000,"TAC"
2022,"West Scarborough Neighbourhood Community Centre","Local",20,223012.8,"CSP"
2022,"Weston Frontlines Centre","Local",5,102000,"CSP"
2022,"Weston Frontlines Centre","Local",5,30000,"CSP-OneTime"
2022,"Whippersnapper Gallery Inc","Local",11,15000,"TAC"
2022,"Why Not Theatre","City-Wide",9,43500,"TAC"
2022,"Why Not Theatre","City-Wide",9,37500,"TAC"
2022,"Wildseed Centre for Art and Activism","City-Wide",11,25000,"TAC"
2022,"wind in the leaves collective","City-Wide",14,36000,"TAC"
2022,"Withrow Junior Public School","Local",14,4956,"PTCG"
2022,"Woburn Black Student Association (COVID19 Youth-led)","Neighbourhood",24,5000,"CCRF"
2022,"Woburn Black Students' Association","Neighbourhood",24,5000,"CCRF"
2022,"Woman Abuse Council of Toronto","City-Wide",5,65876.7,"CSP"
2022,"Women From Space","City-Wide",4,6900,"TAC"
2022,"Women's Musical Club of Toronto","City-Wide",13,2375,"TAC"
2022,"WoodGreen Community Services","City-Wide",14,22137,"TOS"
2022,"WoodGreen Community Services","Local",14,449111.1,"CSP"
2022,"WoodGreen Community Services","City-Wide",14,23000,"SSRF"
2022,"WoodGreen Community Services","Local",14,1e+05,"IMM"
2022,"WoodGreen Community Services","Local",14,50000,"IMM"
2022,"WoodGreen Community Services","Local",14,65000,"IMM"
2022,"Workers' Action Centre","City-Wide",11,63224.7,"CSP"
2022,"Working Women Community Centre","City-Wide",9,228903.3,"CSP"
2022,"Workman Arts Project of Ontario","City-Wide",10,24000,"TAC"
2022,"Wychwood Clarinet Choir","City-Wide",11,7000,"TAC"
2022,"X in Residence","City-Wide",9,10000,"TAC"
2022,"Xenia Concerts Inc.","City-Wide",13,24000,"TAC"
2022,"Xenia Concerts Inc.","City-Wide",13,15000,"TAC"
2022,"Xenia Concerts Inc.","City-Wide",13,55000,"TAC"
2022,"Xpace Cultural Centre","City-Wide",9,18000,"TAC"
2022,"YAAACE","Local",7,341004.4,"CSWBU"
2022,"Yasmina Ramzy Arts","City-Wide",12,13000,"TAC"
2022,"YDM416 (Young Decision Makers)","Local",13,17800,"INI"
2022,"Yonge Street Mission","City-Wide",11,1e+05,"CIU"
2022,"York West Active Living Centre","Neighbourhood",5,126000.6,"CSP"
2022,"York-Fairbank Centre for Seniors","Local",12,277776.6,"CSP"
2022,"Yorkminster Park Meals on Wheels","Local",12,10215.3,"CSP"
2022,"Yorktown Family Services","Local",8,39545.4,"CSP"
2022,"Young and Potential Fathers Initiative","Local",5,9137,"TOS"
2022,"Young and Potential Fathers Initiative","Local",5,10000,"SSRF"
2022,"Young Male Leadership Group (COVID19 Youth-Led)","Local",21,5000,"CCRF"
2022,"Young People's Theatre","City-Wide",13,326000,"TAC"
2022,"Youth Assisting Youth","City-Wide",18,61970.1,"CSP"
2022,"Youth Innovation Program (COVID19 Youth-led)","Neighbourhood",24,5000,"CCRF"
2022,"Youth Without Shelter (Youth Engagement)","Neighbourhood",1,5000,"CCRF"
2022,"Yusuf Lokhat","Neighbourhood",24,5000,"CCRF"
2022,"YYZ Artists' Outlet","City-Wide",10,65000,"TAC"
2023,"10769142 CANADA INSTITUTE (AFROPOLITAN CANADA)","Local",25,30000,"INO"
2023,"12022958 CANADA INSTITUTE","City-wide",10,15000,"TAC"
2023,"188th Toronto Girl Guide Unit","Local",19,2262,"PTCG"
2023,"291 George Street Tenant","Neighbourhood",13,8000,"PG"
2023,"415 Willowdale Tenant Leaders","Neighbourhood",18,5000,"CCRF"
2023,"440 Parkside Collective","City Wide",13,20000,"CBICGG"
2023,"440 Parkside Dr","Local",4,10000,"ICAG"
2023,"50/50 Performing Arts Collective","City-wide",8,13000,"TAC"
2023,"519 Church Street Community Centre","City-wide",13,70100.32,"CSP"
2023,"5N2 Soup Kitchen Project","Local",24,2e+05,"INO"
2023,"A Space Gallery","City-wide",10,62000,"TAC"
2023,"A Tribe Called Parents","City-wide",5,6500,"TAC"
2023,"Above It All","Local",21,4000,"NG"
2023,"Abrigo Centre","Local",9,125848.32,"CSP"
2023,"Abundance and Wellness in the City","Local",2,4000,"NG"
2023,"Access Alliance Multicultural Health and Community Services","City-wide",11,238782.26,"CSP"
2023,"Access Alliance Multicultural Health and Community Services","Local",11,75000,"IMM"
2023,"Access Community Capital Fund","Local",10,50000,"BIC"
2023,"Action for Safe and Healthy Communities (ASHC)","Neighbourhood",19,5000,"CCRF"
2023,"Actors Repertory Company","City-wide",13,15000,"TAC"
2023,"Adelheid Dance Projects","City-wide",9,18000,"TAC"
2023,"Afghan Women's Organization Refugee and Immigrant Services","City-wide",17,89409.22,"CSP"
2023,"African Canadian Social Development Council","City-Wide",23,30000,"INO"
2023,"Afri-Can FoodBasket","City-Wide",6,30000,"INO"
2023,"African Women Acting AWA","City-wide",13,15000,"TAC"
2023,"Africans in Partnership Against AIDS (APAA)","City-Wide",13,30000,"INO"
2023,"Africans in Partnership Against AIDS (APAA)","City-wide",13,123255.64,"CSP"
2023,"AFROWAVETO","Neighbourhood",10,30000,"INO"
2023,"AFROWAVETO","City-wide",10,25000,"TAC"
2023,"Aga Khan Museum","Neighborhood",16,175000,"COOP"
2023,"Against the Grain Theatre Inc.","City-wide",12,15000,"TAC"
2023,"AGATA Resource Centre. Inc.","Local",23,30000,"INO"
2023,"Agincourt Community Services Association","Local",22,37500,"IMM"
2023,"Agincourt Community Services Association","City-wide",22,241086.26,"CSP"
2023,"Agincourt Community Services Association","Local",22,130000,"IMM"
2023,"AIDS Committee of Toronto","City-wide",13,82464.55,"CSP"
2023,"Albion Neighbourhood Services","Local",1,179837,"CSP"
2023,"All Saints Church-Community Centre","Neighbourhood",13,5000,"CCRF"
2023,"All Stars Community Outreach","Local",24,5000,"CCRF"
2023,"Aluna Theatre","City-wide",9,50000,"TAC"
2023,"Amadeus Choir of Greater Toronto","City-wide",23,20000,"TAC"
2023,"Amadeus Choir of Greater Toronto","City-wide",23,26025,"TAC"
2023,"Amici Chamber Ensemble","City-wide",16,20000,"TAC"
2023,"Amir Akbari with The East Scarborough Boys & Girls Club","Local",24,27000,"StART PP"
2023,"Ana Luisa, Sebastian & Alejandro","City-wide",9,14650,"TAC"
2023,"Anandam Dancetheatre Productions","City-wide",9,24000,"TAC"
2023,"Anchored Minds Foundation (Trustee for Anna T. Nguyen)","Local",7,5500,"CB"
2023,"Angel Foundation for Learning","City Wide",18,4593468,"SNP"
2023,"Angela Blumberg Dance (ABD)","City-wide",19,6800,"TAC"
2023,"Anishinaabemowin at Home in Toronto","City Wide",19,20000,"CBICGG"
2023,"Anishnawbe Wellness Collective","City Wide",9,20000,"CBICGG"
2023,"Anson S. Taylor Public School","Local",23,1000,"YCAG"
2023,"Antibes Youth Council","Neighbourhood",6,10050,"INI"
2023,"Aphasia Institute","City-wide",16,26754.68,"CSP"
2023,"Applegrove Community Complex","Local",14,132030.43,"CSP"
2023,"ARCH Disability Law Centre","City-wide",10,37860.7,"CSP"
2023,"Arkora","City-wide",19,6500,"TAC"
2023,"Armenian Relief Society, ARS Social Services","City-wide",17,26754.68,"CSP"
2023,"Arraymusic","City-wide",10,48090,"TAC"
2023,"Art + Health","City-Wide",14,30000,"INO"
2023,"Art Gallery of Ontario","Neighborhood",10,660000,"COOP"
2023,"Art Gallery of York University","City-wide",7,20000,"TAC"
2023,"Art Gallery of York University","City-wide",7,73000,"TAC"
2023,"Art Metropole","City-wide",9,40000,"TAC"
2023,"Art Museum University of Toronto","City-wide",11,25000,"TAC"
2023,"Art Starts","Local",8,78000,"TAC"
2023,"Art Starts","Local",8,28000,"TAC"
2023,"ArtHeart Community Art Centre","Local",13,7788,"TAC"
2023,"Artists Film Exhibition Group","City-wide",10,23000,"TAC"
2023,"Artists of The Opera Missing","Neighborhood",4,30000,"IACPF"
2023,"Artists of The Opera Missing","City-wide",4,12000,"TAC"
2023,"ArtReach Toronto","City-wide",10,145000,"TAC"
2023,"Arts Etobicoke","Local",3,407936,"LASO"
2023,"Arts Inter-Media Canada/Dance Collection Danse","City-wide",13,37400,"TAC"
2023,"Arts4All Creative Society","Local",9,15000,"TAC"
2023,"Asemaa Circles","City Wide",4,20000,"CBICGG"
2023,"Ashe/Axé/Ase","City-wide",13,20000,"TAC"
2023,"Ashkenaz Foundation","City-wide",11,50000,"TAC"
2023,"Assaulted Women's Helpline","City-wide",10,70339.98,"CSP"
2023,"Astrosankofa","Local",17,51800,"CB"
2023,"Auntie's Place","Neighbourhood",5,17000,"INI"
2023,"Authentic Community Services Canada","Local",7,4081.44,"CCRF"
2023,"Axis Music Inc.","Local",11,13500,"TAC"
2023,"b current Performing Arts Co.","City-wide",12,33000,"TAC"
2023,"Bach Children's Chorus of Scarborough","Local",24,31100,"TAC"
2023,"Back 2 Basickz Youth Support Services","Neighbourhood",7,17000,"INI"
2023,"Back 2 Basickz Youth Support Services","Neighbourhood",7,30000,"INO"
2023,"Bad Dog Theatre Company","City-wide",11,10000,"TAC"
2023,"Bad Hats Theatre","City-wide",10,12750,"TAC"
2023,"Ballet Jörgen Canada","City-wide",12,95000,"TAC"
2023,"Barbra Schlifer Commemorative Clinic","City-wide",11,61390.88,"CSP"
2023,"Batuki Music Society","City-wide",11,24630,"TAC"
2023,"Bayview Village Association","Neighbourhood",17,500,"FOR"
2023,"BBPA","Local",11,22000,"PG"
2023,"Beautiful Families","Local",16,4000,"NG"
2023,"Benevolence Collective","City-wide",10,11150,"TAC"
2023,"Bereaved Families of Ontario-Toronto","City-wide",12,80650.77,"CSP"
2023,"Bernard Betel Centre","Local",6,147069.05,"CSP"
2023,"Better Living Health and Community Services","Neighbourhood",16,263369.13,"CSP"
2023,"Beverley School","Local",11,987,"YCAG"
2023,"BGC East Scarborough","City-Wide",24,30000,"INO"
2023,"BIG Bloor Improvement Group","City-wide",11,12750,"TAC"
2023,"Birchmount Bluffs  Neighbourhood Centre","Local",20,6400,"NG"
2023,"Birchmount Bluffs Neighbourhood Centre","Local",20,100297.38,"CSP"
2023,"Birchmount Bluffs Neighbourhood Centre - Children's Creative Village","Neighbourhood",19,2500,"NCAG"
2023,"Birchmount Bluffs Neighbourhood Centre - Children's Creative Village","Neighbourhood",14,2500,"NCAG"
2023,"Birchmount Bluffs Neighbourhood Centre - Children's Creative Village","Neighbourhood",13,2500,"NCAG"
2023,"Birchmount Bluffs Neighbourhood Centre - Intergenerational Convergence","Neighbourhood",21,3738.5,"NCAG"
2023,"Birchmount Bluffs Neighbourhood Centre - Intergenerational Convergence","Neighbourhood",14,3738.5,"NCAG"
2023,"Birchmount Bluffs Neighbourhood Centre - MyhomeisYourhome","Neighbourhood",20,3743.5,"NCAG"
2023,"Birchmount Bluffs Neighbourhood Centre - MyhomeisYourhome","Neighbourhood",24,3743.5,"NCAG"
2023,"Birchmount Bluffs Neighbourhood Centre - Scarborough Bike Buses","Neighbourhood",21,1000,"NCAG"
2023,"Birchmount Bluffs Neighbourhood Centre - Scarborough Bike Buses","Neighbourhood",20,1000,"NCAG"
2023,"Birchmount Bluffs Neighbourhood Centre- Port Union Repair Cafe","Neighbourhood",25,4000,"NCAG"
2023,"Black Artists' Networks In Dialogue Gallery and Cultural Centre","City-wide",4,38000,"TAC"
2023,"Black Coalition for Aids Prevention","City-Wide",3,30000,"INO"
2023,"Black Creek Community Farm","Neighbourhood",7,30000,"INO"
2023,"Black Creek Community Health Centre","Local",7,20000,"BIC"
2023,"Black Men’s Therapy Fund","City-Wide",19,30000,"INO"
2023,"Black Screen Office","City-wide",10,7000,"TAC"
2023,"Black Urbanism TO","Neighbourhood",12,30000,"INO"
2023,"Black Women Film","City-wide",20,20000,"TAC"
2023,"Blackhurst Cultural Centre","City-wide",11,40000,"TAC"
2023,"Blackstone Foundation library Youth Advisory Group (COVID19 Youth-led)","Neighbourhood",22,5000,"CCRF"
2023,"Blessing Home to Alleviate Poverty","Neighbourhood",21,5000,"CCRF"
2023,"Blissymbolics Communication Institute Canada","City-wide",16,12304,"TAC"
2023,"Blue Bird Theatre Collective","City-wide",9,12750,"TAC"
2023,"Blue Ceiling Dance","City-wide",4,13000,"TAC"
2023,"Blue Ceiling Dance","City-wide",4,15000,"TAC"
2023,"Blueberry Boxing (Centre Ring)","City Wide",12,20000,"CBICGG"
2023,"bluemouth inc. presents","City-wide",10,18000,"TAC"
2023,"Bob Rumball Canadian Centre of Excellence for the Deaf","City-wide",15,16242.35,"CSP"
2023,"BollyHeels TO Inc.","City-wide",10,14000,"TAC"
2023,"Books, Art, and Music Collective (COVID19 Youth-led)","Local",16,5000,"CCRF"
2023,"Boost Child & Youth Advocacy Centre","City-wide",15,313692.12,"CSP"
2023,"Born Somali","Local",5,15000,"INI"
2023,"Born Somali","Local",2,4000,"NG"
2023,"BoucharDanse","City-wide",9,15000,"TAC"
2023,"Bowmore Road Junior and Senior Public School","Local",19,900,"YCAG"
2023,"Braeburn Neighbourhood Place","Local",1,150000,"TCS"
2023,"Braeburn Neighbourhood Place","Local",1,57196.85,"CSP"
2023,"BrAIDS for AIDS","City-Wide",1,30000,"INO"
2023,"Break Free Family centre","Neighbourhood",1,5000,"CCRF"
2023,"Breaking Bad Habits","Neighbourhood",7,5000,"CCRF"
2023,"Breaking Canada (Toronto)","City-wide",25,17000,"TAC"
2023,"Bring Back The Fun (COVID19 Youth-led)","Neighbourhood",18,5000,"CCRF"
2023,"Buddies in Bad Times Theatre","City-wide",13,168500,"TAC"
2023,"Building Leaders for Change","Local",13,4000,"NG"
2023,"Building Positive Communities – A Seniors Collective","Local",7,4000,"NG"
2023,"Burrows Hall Junior Public School","Local",23,435,"YCAG"
2023,"Business in the Streets","Local",10,37500,"BIC"
2023,"Butterfly (Asian and Migrant Sex Workers Support Network)","Local",13,8000,"PG"
2023,"C The Visual Arts Foundation","City-wide",10,12000,"TAC"
2023,"cacao collective","City-wide",9,15000,"TAC"
2023,"CADA/East","City-wide",13,21000,"TAC"
2023,"Cahoots Theatre","City-wide",13,60000,"TAC"
2023,"Call Auntie","Local",14,14000,"ICAG"
2023,"Camp RESET","Local",12,22000,"PG"
2023,"Canada's Music Incubator","Local",10,47320,"BIC"
2023,"Canada's National Ballet School","Neighborhood",13,210000,"COOP"
2023,"Canadian Centre for Housing Rights (CCHR)","City Wide",10,276136,"TTSP"
2023,"Canadian Centre for Housing Rights (CCHR)","City Wide",10,343864,"TTSP"
2023,"Canadian Centre for Victims of Torture","City-Wide",13,30000,"INO"
2023,"Canadian Centre for Victims of Torture","City-wide",13,31673.15,"CSP"
2023,"Canadian Children's Opera Company","City-wide",13,24700,"TAC"
2023,"Canadian Contemporary Dance Theatre","City-wide",13,56000,"TAC"
2023,"Canadian Dance Assembly / Assemblée canadienne de la danse","City-wide",13,20000,"TAC"
2023,"Canadian Film Centre","Local",15,20000,"BIC"
2023,"Canadian Gambian Youth Development Association","Local",3,30000,"INO"
2023,"Canadian Mental Health Association Toronto Branch","City-wide",11,21128.13,"CSP"
2023,"Canadian Music Centre","City-wide",13,73000,"TAC"
2023,"Canadian Opera Company","City-wide",13,1500000,"TAC"
2023,"Canadian Red Cross Society, Toronto Region branch","City-wide",9,170539.3,"CSP"
2023,"Canadian Reggae Music Association","Local",6,9000,"PG"
2023,"Canadian Reggae Music Association","City-wide",8,15000,"TAC"
2023,"Canadian Stage","City-wide",13,832000,"TAC"
2023,"Canadian Tamil Youth Development Centre (CanTYD)","City-wide",24,150369.8,"CSP"
2023,"Canadian-Caribbean Arts Network (C-CAN)","City-wide",13,10000,"TAC"
2023,"Canary Park Gardening Volunteers","Local",13,1050,"PTCG"
2023,"CanAsian Dance Festival","City-wide",13,25000,"TAC"
2023,"Canvas Arts Action Programs","Local",12,17217,"TAC"
2023,"Canvas Arts Action Programs","Local",12,23427,"TAC"
2023,"Carefirst Seniors & Community Services Association","City-wide",22,111092.92,"CSP"
2023,"CARFAC Ontario","City-wide",10,24000,"TAC"
2023,"Caribbean African Canadian Social Services (CAFCAN)","Neighbourhood",7,30000,"INO"
2023,"CaribbeanTales","City-wide",9,17500,"TAC"
2023,"Cathedral Bluffs Symphony Orchestra","City-wide",20,20000,"TAC"
2023,"Catholic Crosscultural Services","City-wide",21,31591.44,"CSP"
2023,"Catholic Crosscultural Services","Local",21,20000,"TAC"
2023,"Cecil Community Centre","Local",11,6089.52,"CSP"
2023,"Centennial College of Applied Arts and Technology","Local",21,14603,"BIC"
2023,"Centennial College of Applied Arts and Technology","Neighbourhood",24,46355,"FOR"
2023,"Central Eglinton Community Centre","Neighbourhood",12,32604.55,"CSP"
2023,"Centre for Immigrant and Community Services","City-wide",22,141001.32,"CSP"
2023,"Centre for Independent Living in Toronto","City-wide",13,28181.75,"CSP"
2023,"Centre for Indigenous Theatre","City-wide",10,62120,"TAC"
2023,"Centre for Social Innovation","Local",10,20000,"BIC"
2023,"Centre for Young Black Professionals (CEE)","City-wide",21,2e+05,"INO"
2023,"Centre for Young Black Professionals (CEE)","City-Wide",21,30000,"INO"
2023,"Centre Francophone de Toronto","Local",10,150000,"TCS"
2023,"Centro Cultural Latinoamericanois (Trustee for Paul Daniel Torres)","Local",8,9900,"PG"
2023,"CFMDC","City-wide",9,53000,"TAC"
2023,"CGLCC: Canada’s LGBTQ+ Chamber of Commerce","Local",13,20000,"BIC"
2023,"Charles Street Video","City-wide",9,54500,"TAC"
2023,"CHE (Community Healing Event)","Local",24,5000,"CCRF"
2023,"Chester Le community","Neighbourhood",22,5000,"CCRF"
2023,"Children's Environmental Education Committee, Sprucecourt Co-op","Local",13,4646,"PTCG"
2023,"Children's Peace Theatre","Local",19,15000,"ICAG"
2023,"Children's Peace Theatre","Local",19,57000,"TAC"
2023,"Chinese Canadian National Council Toronto Chapter","City-wide",10,67692.83,"CSP"
2023,"Chop Love Cafe (COVID19 Youth-led)","Local",25,5000,"CCRF"
2023,"Christie Ossington Neighbourhood Centre","City-wide",9,82540.8,"CSP"
2023,"Citadel + Compagnie","City-wide",13,62000,"TAC"
2023,"Clay and Paper Theatre","Local",9,28000,"TAC"
2023,"Cliffcrest / Heart Beatz","Neighbourhood",24,1e+05,"TCS"
2023,"Cliffcrest Community Centre","Neighbourhood",21,5000,"CCRF"
2023,"Cliffcrest Community Centre","Local",21,40567.77,"CSP"
2023,"CloudFlo","City-wide",6,14000,"TAC"
2023,"CNIB","Local",12,38250,"StART PP"
2023,"Coal Mine Theatre","City-wide",19,12750,"TAC"
2023,"Coalition of Women in Leadership","Local",15,4000,"NG"
2023,"Colouring Book Theatre","City-wide",12,8000,"TAC"
2023,"Common Boots Theatre","City-wide",16,41000,"TAC"
2023,"Community Arts Guild","Local",24,21000,"TAC"
2023,"Community Arts Guild","Local",24,20000,"TAC"
2023,"Community Family Services of Ontario","City-wide",22,45028.7,"CSP"
2023,"Community Healing and Rebuilding Event (Humberline Rexdale Community)","Local",1,5000,"CCRF"
2023,"Community Music Schools of Toronto","Local",13,30000,"TAC"
2023,"Community Shoreham Leaders","Neighbourhood",7,5000,"CCRF"
2023,"Community Social Planning Council of Toronto","City-wide",13,468931.35,"CSP"
2023,"Concerned Tenants of Empringham","Neighbourhood",25,5000,"CCRF"
2023,"Concerts on Connolly","Local",9,12000,"TAC"
2023,"Confluence Concerts","City-wide",11,10400,"TAC"
2023,"CONNECTED IN UNITY","Neighbourhood",5,5000,"CCRF"
2023,"Conseil de la Cooperation de l’Ontario","Local",10,20000,"BIC"
2023,"Contact Toronto Photography Festival","City-wide",10,8000,"TAC"
2023,"Continuum Contemporary Music Ensemble","City-wide",16,28000,"TAC"
2023,"Corktown Residents and Buisness Association","Neighbourhood",13,500,"FOR"
2023,"Corpoluz Theatre","City-wide",9,3850,"TAC"
2023,"CORPUS","City-wide",9,33000,"TAC"
2023,"Cosburn Middle School","Local",14,808.08,"YCAG"
2023,"COSTI Immigrant Services","City-wide",9,154923.33,"CSP"
2023,"Costume Creators Cultural Arts","Local",1,8800,"TAC"
2023,"Côté Danse","City-wide",19,14000,"TAC"
2023,"Council of Agencies Serving South Asians","City-wide",23,67692.83,"CSP"
2023,"Council of Agencies Serving South Asians","City-wide",23,110000,"IMM"
2023,"Counterstory Conversations","City-wide",10,10000,"TAC"
2023,"Craft Ontario","City-wide",9,23100,"TAC"
2023,"Creato Community","City-wide",13,14500,"TAC"
2023,"Creato Community","City-wide",13,6500,"TAC"
2023,"Criss-Cross Curations","City-wide",11,20000,"TAC"
2023,"Critical Distance Centre for Curators","City-wide",10,13500,"TAC"
2023,"Crosby Gitagaan","Local",23,15000,"ICAG"
2023,"Crosby Gitigaan","Local",21,4000,"NG"
2023,"Crows Theatre","City-wide",14,48000,"TAC"
2023,"Cultureland","City-wide",18,9750,"TAC"
2023,"CultureLink Settlement & Community Services","City-wide",4,115515.73,"CSP"
2023,"Curador","Local",8,4917.16,"CCRF"
2023,"Curador R Us","Local",8,5000,"CCRF"
2023,"Dance Immersion Ontario","City-wide",11,40000,"TAC"
2023,"Dance Migration Project","City-wide",8,20000,"TAC"
2023,"Dance Ontario Association","City-wide",9,20000,"TAC"
2023,"DANCE TOGETHER FESTIVAL","City-wide",4,21250,"TAC"
2023,"Dancemakers","Local",10,91600,"TAC"
2023,"Dancer Transition Resource Centre","City-wide",11,15000,"TAC"
2023,"DanceWorks","City-wide",11,55000,"TAC"
2023,"Davenport-Perth Neighbourhood and Community Health Centre","Neighbourhood",9,103761.54,"CSP"
2023,"David Lewis P.S.","Local",22,3800,"PTCG"
2023,"Davisville Jr. Public School","Local",12,2900,"YCAG"
2023,"Dear Ailment","City-wide",19,7446.25,"TAC"
2023,"Dear Ailment","City-wide",19,13950,"TAC"
2023,"Delta Family Resource Centre","Neighbourhood",7,150000,"TCS"
2023,"Delta Family Resource Centre","City-wide",1,2e+05,"INO"
2023,"Delta Family Resource Centre","Neighbourhood",1,30000,"INO"
2023,"Delta Family Resource Centre","City Wide",1,300785,"INO"
2023,"Delta Family Resource Centre","City-wide",1,130614.27,"CSP"
2023,"Delta Family Resource Centre","Local",1,11200,"NG"
2023,"Delta Family Resource Centre - CurandorRUs","Neighbourhood",5,7500,"NCAG"
2023,"Delta Family Resource Centre - Friends of Smythe Park","Neighbourhood",9,1875,"NCAG"
2023,"Delta Family Resource Centre - Friends of Smythe Park","Neighbourhood",5,1875,"NCAG"
2023,"Delta Family Resource Centre - Friends of Smythe Park","Neighbourhood",2,1875,"NCAG"
2023,"Delta Family Resource Centre - Friends of Smythe Park","Neighbourhood",7,1875,"NCAG"
2023,"Delta Family Resource Centre - Humber River Pals","Neighbourhood",9,7500,"NCAG"
2023,"Delta Family Resource Centre - ReSistering","Neighbourhood",4,7500,"NCAG"
2023,"Delta Family Resource Centre - ThunderCrows Kids Camp","Neighbourhood",7,7500,"NCAG"
2023,"Delta Family Resource Centre - West End Cycles","Neighbourhood",5,7500,"NCAG"
2023,"Derrydown Public School","Local",7,1000,"YCAG"
2023,"Din of Shadows","City-wide",11,9000,"TAC"
2023,"Directors Lab North","City-wide",14,10000,"TAC"
2023,"Distress Centres of Greater Toronto","City-wide",13,136295.28,"CSP"
2023,"Diversified Youth Initiative","Local",8,22000,"PG"
2023,"Dixon Hall","Local",13,378100.52,"CSP"
2023,"DOC Toronto","City-wide",10,45000,"TAC"
2023,"Doris McCarthy Gallery, University of Toronto Scarborough","City-wide",25,57400,"TAC"
2023,"Dovercourt Boys and Girls Club","Local",9,64005.35,"CSP"
2023,"Dreamwalker Dance Company","City-wide",13,28000,"TAC"
2023,"Dufferin Grove Park Garden Co-operative","Local",9,2896,"PTCG"
2023,"Dusk Dances Inc.","City-wide",9,33000,"TAC"
2023,"Earth Work Visions","City Wide",5,20000,"CBICGG"
2023,"Earth Work Visions","Local",5,4000,"NG"
2023,"East End Arts","Local",14,216453,"LASO"
2023,"East End Arts","Local",14,20000,"LASO"
2023,"East Scarborough Boys & Girls Club","Local",24,202893.3,"CSP"
2023,"East Scarborough Boys & Girls Club & Bridging Borders with Inmates","Local",20,2e+05,"YVP"
2023,"East Scarborough Storefront - MakeWay Charitable Society","City-wide",24,102672.18,"CSP"
2023,"East Toronto Family Community Centre","Local",14,76919.71,"CSP"
2023,"East York Children's Community Garden","Local",14,4257,"PTCG"
2023,"East York Meals on Wheels","Local",15,33171.02,"CSP"
2023,"Echo Women's Choir","City-wide",13,11000,"TAC"
2023,"EcoClub and Autism Intensive Support Program","Local",5,3500,"PTCG"
2023,"École élémentaire Paul-Demers","Local",17,5000,"PTCG"
2023,"Ecru","City-wide",10,17060,"TAC"
2023,"Eight Fest Small-Gauge Film Festival","City-wide",9,22000,"TAC"
2023,"Eight Fest Small-Gauge Film Festival","City-wide",9,14000,"TAC"
2023,"Eldritch Theatre Incorporated","City-wide",19,10000,"TAC"
2023,"Elspeth Heyworth Centre for Women","Local",7,37500,"IMM"
2023,"Elspeth Heyworth Centre for Women","Local",7,13935,"CSP"
2023,"Elspeth Heyworth Centre for Women","Local",7,34380.2,"CSP"
2023,"Embrace Collective","City-wide",13,8000,"TAC"
2023,"Emerging Writers","City-wide",13,8000,"TAC"
2023,"Emotionart","Neighbourhood",14,5000,"CCRF"
2023,"Empowering Youth","Neighbourhood",8,5000,"CCRF"
2023,"Ensemble Topaz","City-wide",19,15000,"TAC"
2023,"Environmental Justice Committee","Local",22,2700,"PTCG"
2023,"Epilepsy Toronto","City-wide",13,49151.92,"CSP"
2023,"Equitable Action for Change","Local",13,8000,"PG"
2023,"Eritrean Canadian Community Center of Metropolitan Toronto","City-wide",12,35186.32,"CSP"
2023,"Eritrean Canadian Community Centre of Metropolitan Toronto","Neighbourhood",12,30000,"INO"
2023,"Eshkiniigjik Naandwechigegamig, Aabiish Gaa Binjibaaying - ENAGB Youth Program","City-wide",5,399400,"YVP"
2023,"Esmeralda Enrique Spanish Dance Company","City-wide",10,28000,"TAC"
2023,"Etobcioke Collegiate School Council","Neighbourhood",2,5000,"CCRF"
2023,"Etobicoke Community Concert Band","Local",3,5850,"TAC"
2023,"Etobicoke Philharmonic Orchestra","Local",2,9900,"TAC"
2023,"Etobicoke Services for Seniors","Local",5,123065,"CSP"
2023,"ET-Pharm","Local",20,4000,"NG"
2023,"Evergreen","Local",11,5000,"PTCG"
2023,"Evergreen","Local",11,12000,"TAC"
2023,"Evergreen","Local",11,50000,"TAC"
2023,"Everything Ellse Artists’ Collective","Local",2,4000,"NG"
2023,"Exit Points","City-wide",10,7000,"TAC"
2023,"Expand the Cypher","City-wide",14,7000,"TAC"
2023,"Extend-A-Family","City-wide",8,28154.51,"CSP"
2023,"Exultate Chamber Singers","City-wide",11,12000,"TAC"
2023,"FabCollab","City-wide",11,13500,"TAC"
2023,"Factory Theatre","City-wide",10,169500,"TAC"
2023,"FADO Performance Inc.","City-wide",10,24000,"TAC"
2023,"Fall for Dance North Festival Inc.","City-wide",18,23000,"TAC"
2023,"Families of Danzig Community","Neighbourhood",24,5000,"CCRF"
2023,"Family Service Toronto","City-wide",13,124557.42,"CSP"
2023,"Fantazia Carnival","Local",4,15000,"TAC"
2023,"Faywood ABC School Eco-Club","Local",6,2200,"PTCG"
2023,"FCJ Refugee Centre","City-wide",9,70000,"IMM"
2023,"Findhelp Information Services","City-wide",12,722425.43,"CSP"
2023,"Fintech Cadence","Local",10,1e+05,"BIC"
2023,"Flaunt It Movement","City-wide",8,15000,"TAC"
2023,"Flemingdon Community Support Services","City-wide",16,25000,"TAC"
2023,"Flemingdon Health Centre & Engaged Communities","Local",15,2e+05,"YVP"
2023,"Focus Media Arts Centre","Local",13,65000,"TAC"
2023,"Food For Joy","Local",19,5000,"CCRF"
2023,"FoodShare Toronto","City-wide",5,253406.92,"CSP"
2023,"FoodShare Toronto","Local",5,13500,"TAC"
2023,"For You Telecare Family Service (FUTFS)","City-wide",16,18399.29,"CSP"
2023,"For Youth Initiative (Trustee for Kibra Tesfaye)","Local",5,3014,"CB"
2023,"For Youth Initiative (Trustee for The Greenprint Network)","Local",5,5500,"CB"
2023,"For Youth Initiative in Toronto","Local",5,141976.28,"CSP"
2023,"Forest Manor Public School","Local",17,980,"YCAG"
2023,"Frankland Community School","Local",14,4500,"PTCG"
2023,"Franklin Horner Community Centre","City-wide",3,34510.92,"CSP"
2023,"Friends in Arts","City-wide",17,20000,"TAC"
2023,"Friends of Allan Gardens","Local",11,8000,"TAC"
2023,"Friends of CAB","City-wide",4,7500,"TAC"
2023,"Friends of Cornell Park","Local",24,5000,"CCRF"
2023,"Friends of Cornell Park (COVID19 Youth-Led)","Neighbourhood",24,5000,"CCRF"
2023,"Friends of Morningside High Park","Local",4,4050,"PTCG"
2023,"Friends of Parkway Forest Park","City-wide",17,19900,"TAC"
2023,"Friends of Regent Park","Local",13,4000,"NG"
2023,"Friends of Thorncliffe Park","Local",15,4000,"NG"
2023,"Friends of Wadsworth Park","Local",9,4000,"NG"
2023,"Frontlinez Barber Shop","Neighbourhood",5,4825,"CCRF"
2023,"fu-GEN Theatre Company","City-wide",13,31360,"TAC"
2023,"Fujiwara Dance Inventions","Local",13,25000,"TAC"
2023,"Fundy Bay & Terry Fox Community","Local",22,4000,"NG"
2023,"F-You: The Forgiveness Project","City-wide",3,19500,"TAC"
2023,"Gallery 44 Centre for Contemporary Photography","City-wide",10,89500,"TAC"
2023,"Gambian Canadian Youth Association","Local",8,4000,"NG"
2023,"Game Changers (COVID19 Youth-Led)","Local",7,5000,"CCRF"
2023,"Gardiner Museum","Neighborhood",11,140000,"COOP"
2023,"GBC – Office of Work-Integrated Learning, Experimental Education","Local",13,20000,"BIC"
2023,"GBC – StartGBC","Local",13,20000,"BIC"
2023,"Gendai (Trustee for BAM Collective)","Local",4,51800,"CB"
2023,"Generator Performance","City-wide",11,39000,"TAC"
2023,"Generous Friend","City-wide",4,12750,"TAC"
2023,"Get Moving Rexdale: Rexdale Walking Group","Local",1,4000,"NG"
2023,"GHANAFEST","City-wide",1,20000,"TAC"
2023,"GHANAFEST","City-wide",1,12000,"TAC"
2023,"Giiawind Wiisini Maamawi","City Wide",5,20000,"CBICGG"
2023,"Giiwednangoonhs Productions","City Wide",1,20000,"CBICGG"
2023,"Girl Impact","Neighbourhood",1,17000,"INI"
2023,"Glendower Birchmount Ladies Group","Local",22,4000,"NG"
2023,"Glendower Ladies Group","Neighbourhood",23,5000,"CCRF"
2023,"Global Kingdom Ministries Church Inc. (Basketball Skills and Academic Development)","Local",24,5000,"CCRF"
2023,"Good Neighbours Canada","Local",23,20000,"BIC"
2023,"G-Power'd Inc.","Neighbourhood",17,30000,"INO"
2023,"Gradient Spaces","Local",13,10000,"BIC"
2023,"Grandravine Youth Creative Club","Neighbourhood",7,5000,"CCRF"
2023,"Green Thumbs Growing Kids","Neighbourhood",13,20000,"FOR"
2023,"Greenhouse Theatre","City-wide",23,15000,"TAC"
2023,"Greenhouse Theatre","Local",23,7000,"TAC"
2023,"Growing Roots","City Wide",16,20000,"CBICGG"
2023,"Guildwood Butterflyway Project","Local",24,2800,"PTCG"
2023,"Hagar Collective","City-wide",12,18000,"TAC"
2023,"Haitians of Toronto","Local",25,5000,"CCRF"
2023,"Hand Eye Society","City-wide",10,15000,"TAC"
2023,"Harbourfront Centre","Local",10,1315500,"COOP"
2023,"Harold Green Jewish Theatre Company","City-wide",17,10000,"TAC"
2023,"Harriet Tubman Community Organization","Local",17,30000,"INO"
2023,"Harriet Tubman Community Organization","Local",17,59713.27,"CSP"
2023,"Harriet Tubman Community Organization & National African Integration and Families Association","Local",6,120000,"YVP"
2023,"Helping Hands Platform","City-Wide",9,30000,"INO"
2023,"Hemophilia Ontario","City-wide",18,31673.15,"CSP"
2023,"Henna Platform","City-wide",10,20000,"TAC"
2023,"Hercinia Arts Collective","City-wide",10,21250,"TAC"
2023,"Heritage Skills Development Center (HSDC)","City-wide",21,20000,"TAC"
2023,"Hidaayah House","Neighbourhood",24,16903,"INI"
2023,"Hinprov","City-wide",21,20000,"TAC"
2023,"Hinprov","City-wide",21,6500,"TAC"
2023,"Holla Jazz Performance Projects","City-wide",2,8000,"TAC"
2023,"Homefront community services","Local",13,5000,"CCRF"
2023,"Hong Fook Mental Health Association","City-wide",22,28154.51,"CSP"
2023,"Hope Community Services","Local",13,8000,"PG"
2023,"Hot Docs","City-wide",13,190000,"TAC"
2023,"House of Arts","City-wide",11,9700,"TAC"
2023,"House of Beida Inc.","City-wide",10,18000,"TAC"
2023,"Housing For Youth In The City of York","Local",9,6000,"TAC"
2023,"Howard School Community","Local",4,4100,"PTCG"
2023,"Human Body Expression Dance Company","City-wide",19,8000,"TAC"
2023,"Humber College – Centre for Creative Business Innovation","Local",3,20000,"BIC"
2023,"Humber River Art and Music Festival","City-wide",14,4500,"TAC"
2023,"iBall Canada Cares Community Organization","Local",16,4997.27,"CCRF"
2023,"iBall Canada Cares Community Organization","Neighbourhood",17,4997.65,"CCRF"
2023,"imagineNATIVE Film + Media Arts Festival","City-wide",10,84000,"TAC"
2023,"imagineNATIVE Film + Media Arts Festival","City-wide",10,72000,"TAC"
2023,"Indigenous Curatorial Collective","City-wide",10,17000,"TAC"
2023,"Indigenous Fashion Arts","Neighborhood",14,30000,"IACPF"
2023,"Indigenous Fashion Arts","City-wide",14,13000,"TAC"
2023,"Indigenous Guides","City Wide",4,20000,"CBICGG"
2023,"Indigenous Performing Arts Alliance","City-wide",10,15000,"TAC"
2023,"Indigenous Teachings 101","City Wide",11,20000,"CBICGG"
2023,"INKspire Youth Organization","City-wide",10,7400,"TAC"
2023,"Inside Out Lesbian and Gay Film Festival Inc.","City-wide",10,52000,"TAC"
2023,"Insomniac Film Festival","City-wide",9,18270,"TAC"
2023,"Insomniac Film Festival","City-wide",9,12000,"TAC"
2023,"Inspirad@s","City-wide",12,7950,"TAC"
2023,"InterAccess","City-wide",9,51000,"TAC"
2023,"International Readings at Harbourfront (o/a TIFA)","City-wide",10,161000,"TAC"
2023,"International Readings at Harbourfront (o/a TIFA, for Toronto Lit Up)","City-wide",10,150000,"TAC"
2023,"Ipsita Nova Dance Projects","City-wide",9,34000,"TAC"
2023,"Ipsita Nova Dance Projects","Local",9,26400,"TAC"
2023,"Iranian Women's Organization of Ontario","City-wide",17,41134.24,"CSP"
2023,"Islington Seniors' Centre","Neighbourhood",3,41531.85,"CSP"
2023,"Ismailova Theatre of Dance","Local",6,12500,"TAC"
2023,"It's OK Community Arts","City-wide",11,10000,"TAC"
2023,"J MAR Electric","City-wide",10,12750,"TAC"
2023,"J.R. Wilcox C.S.","Local",12,1000,"YCAG"
2023,"Jaberi Dance Theatre","City-wide",14,22000,"TAC"
2023,"Jamii","Local",10,24000,"TAC"
2023,"Jane Alliance Neighbourhood Services (JANS) & Black Creek Youth Initiative","Local",5,195799,"YVP"
2023,"Jane and Finch Unity Organization","Local",7,4000,"NG"
2023,"Jane Finch Balcony Bloom","Local",7,4000,"NG"
2023,"Jane Finch Centre & Think 2wice","Local",1,2e+05,"YVP"
2023,"Jane Finch Community & Family Centre  (Trustee for Heavy Steve)","Local",7,5500,"CB"
2023,"Jane Finch Community & Family Centre (Trustee for Concrete Warriors 4)","Local",7,5500,"CB"
2023,"Jane Finch Community & Family Centre (Trustee for Troy Budhu)","Local",7,5500,"CB"
2023,"Jane/Finch Community and Family Centre","Local",7,187135.71,"CSP"
2023,"Jane/Finch Community and Family Centre","Local",7,13935,"CSP"
2023,"Jane/Finch Community and Family Centre","City-wide",7,70000,"IMM"
2023,"Japanese Social Services","City-wide",16,35186.33,"CSP"
2023,"JAYU Festival Inc.","Local",10,51800,"CB"
2023,"JAYU Festival Inc.","City-wide",10,26000,"TAC"
2023,"Jeng Yi","City-wide",18,16500,"TAC"
2023,"Jeng Yi","City-wide",18,10625,"TAC"
2023,"Jenn Forgie","Neighborhood",19,10000,"IACPF"
2023,"Jessie's, The June Callwood Centre for Young Women","City-wide",13,26427.87,"CSP"
2023,"Joys","City-wide",9,4550,"TAC"
2023,"Jr. Entrepreneurs (COVID19 Youth-led)","Neighbourhood",22,5000,"CCRF"
2023,"Jubilate Singers","City-wide",11,5000,"TAC"
2023,"Jumblies Theatre","City-wide",10,89200,"TAC"
2023,"Jumblies Theatre","Local",10,26400,"TAC"
2023,"K.E Residents","Local",5,20000,"PG"
2023,"K.E Residents","Local",5,5000,"CCRF"
2023,"Kababayan Community Service Centre Inc.","City-wide",4,40567.77,"CSP"
2023,"Kabenguet Youth Dance Troupe","Local",21,9500,"TAC"
2023,"Kaeja d'Dance","City-wide",11,37600,"TAC"
2023,"Kaha:wi Dance Theatre","Local",11,45000,"TAC"
2023,"Kamalayan Konsciousness","City-wide",9,20000,"TAC"
2023,"Kamias Collective","City-wide",11,17600,"TAC"
2023,"Kapisanan Philippine Arts and Culture Centre","City-wide",4,15000,"TAC"
2023,"Kapisanan Philippine Arts and Culture Centre","City-wide",4,14500,"TAC"
2023,"Kapisanan Philippine Arts and Culture Centre","City-wide",4,7500,"TAC"
2023,"Karen Kain School of the Arts","Local",3,550,"YCAG"
2023,"KARLA","City-wide",11,3421,"TAC"
2023,"KasheDance","City-wide",13,19500,"TAC"
2023,"KasheDance","City-wide",13,15000,"TAC"
2023,"KCWA Family and Social Services","City-wide",18,47931.84,"CSP"
2023,"Kenworth Group","Neighbourhood",20,5000,"CCRF"
2023,"KGO Growers","Local",24,4000,"NG"
2023,"Kick Start Arts Society","Local",15,51800,"CB"
2023,"Kick Start Arts Society","Local",15,13500,"TAC"
2023,"Kids and Youth Program","Local",7,4000,"NG"
2023,"Kids with Incarcerated Parents & YAAACE (Youth Association for Academics, Athletics, and Character Education)","Local",7,198000,"YVP"
2023,"Kimbourne Community Permaculture Project","Local",19,4235,"PTCG"
2023,"KJ Bit","City-wide",11,12000,"TAC"
2023,"Koffler Centre of the Arts","City-wide",10,40500,"TAC"
2023,"Korean Dance Studies Society of Canada","City-wide",16,19940,"TAC"
2023,"Korean Dance Studies Society of Canada","City-wide",16,17000,"TAC"
2023,"KWH Youth Initiative","Neighbourhood",7,16368,"INI"
2023,"L’Amoreaux Families Group","Local",22,4000,"NG"
2023,"La Passerelle Integration et Development Economique","City-Wide",13,30000,"INO"
2023,"La Passerelle Integration et Development Economique","City-wide",13,76342.35,"CSP"
2023,"lab x","City-wide",9,40000,"TAC"
2023,"Labour Education Centre","Local",7,1171,"PTCG"
2023,"Lakeshore Area Multi-Service Project (LAMP)","Local",3,97388.78,"CSP"
2023,"Lakeshore Area Multi-Service Project (LAMP)","Local",3,35000,"IMM"
2023,"Lakeshore Area Multi-services Project (LAMP)","Local",3,150000,"TCS"
2023,"Lakeshore Arts","Local",3,293057,"LASO"
2023,"Lakeshore Environmental Gardening Society","Local",3,4470,"PTCG"
2023,"L'Am Art Youth Group","Neighbourhood",22,16974,"INI"
2023,"Lao Association of Ontario","City-wide",6,38013.22,"CSP"
2023,"LatAM","Local",10,83861,"BIC"
2023,"Latin American Art Projects","City-wide",10,25000,"TAC"
2023,"Latvian Senior Citizens' Association","City-wide",16,13540.75,"CSP"
2023,"Le Laboratoire d'Art","City-wide",10,18000,"TAC"
2023,"Le Theatre francais de Toronto","City-wide",11,115000,"TAC"
2023,"LEAF - Local Enhancement and Appreciation of Forests","Local",11,4050,"PTCG"
2023,"LEAF - Local Enhancemnt and Appreciation of Forests","City-wide",12,1e+05,"FOR"
2023,"LEAF - Local Enhancemnt and Appreciation of Forests","City-wide",12,32000,"FOR"
2023,"LEAF - Local Enhancemnt and Appreciation of Forests","City-wide",1,5500,"FOR"
2023,"LEAF - Local Enhancemnt and Appreciation of Forests","City-wide",7,5500,"FOR"
2023,"LEAF - Local Enhancemnt and Appreciation of Forests","City-wide",11,5500,"FOR"
2023,"LEAF - Local Enhancemnt and Appreciation of Forests","City-wide",13,5500,"FOR"
2023,"LEAF - Local Enhancemnt and Appreciation of Forests","City-wide",1,5500,"FOR"
2023,"LEAF - Local Enhancemnt and Appreciation of Forests","City-wide",4,5500,"FOR"
2023,"LEAF - Local Enhancemnt and Appreciation of Forests","City-wide",20,5500,"FOR"
2023,"LEAF - Local Enhancemnt and Appreciation of Forests","City-wide",21,5500,"FOR"
2023,"LEAF - Local Enhancemnt and Appreciation of Forests","City-wide",22,5500,"FOR"
2023,"LEAF - Local Enhancemnt and Appreciation of Forests","City-wide",24,5500,"FOR"
2023,"League of Canadian Poets","City-wide",11,19100,"TAC"
2023,"Learning Disabilities Association of Toronto","City-wide",18,72197.33,"CSP"
2023,"lemonade stand collective","City-wide",17,7705,"TAC"
2023,"Les Centres d'Accueil Heritage","City-wide",10,73155.97,"CSP"
2023,"Lesbian Gay Bi Trans Youth Line","City-wide",13,51041.97,"CSP"
2023,"Liaison of Independent Filmmakers of Toronto","City-wide",9,82000,"TAC"
2023,"Lifted by Purpose","Local",10,30000,"INO"
2023,"Lights out Basketball Academy","Local",25,5000,"CCRF"
2023,"LIL SIS","Local",10,51800,"CB"
2023,"Link Music Lab","City-wide",11,10800,"TAC"
2023,"Little Pear Garden Dance Company","City-wide",17,18000,"TAC"
2023,"Live Care Team","Local",7,4000,"NG"
2023,"Live Happily Live Healthily (Sống Vui Sống Khỏe)","Local",9,4000,"NG"
2023,"Living Improvement for the People","Local",5,4000,"NG"
2023,"Llalín Collective","Local",8,7500,"TAC"
2023,"Lonely Child Project","City-wide",9,7000,"TAC"
2023,"Long Branch Neigbourhood Association","Neighbourhood",3,49800,"FOR"
2023,"Long Branch Neighbourhood Association","Neighbourhood",3,500,"FOR"
2023,"Long Winter","City-wide",9,20000,"TAC"
2023,"Loop Sessions Toronto","City-wide",14,13500,"TAC"
2023,"Loyola Arrupe Centre for Seniors (LA Centre for Active Living 55+)","City-wide",9,26493.23,"CSP"
2023,"Lua Shayenne Dance Company","City-wide",14,20000,"TAC"
2023,"Lula Music and Arts Centre","City-wide",9,75000,"TAC"
2023,"Lumacare Services","Local",7,110000,"IMM"
2023,"Lumacare Services","City-wide",7,13935,"CSP"
2023,"Lumacare Services","City-wide",7,102525.1,"CSP"
2023,"Maawnj Jiigbiik","City Wide",3,20000,"CBICGG"
2023,"MABELLEarts","Local",9,30000,"TAC"
2023,"MABELLEarts","Local",9,35000,"TAC"
2023,"Macaulay","Local",4,150000,"TCS"
2023,"Makers Collective","City-wide",24,14600,"TAC"
2023,"Malakai Lafond-Wright and Aaliyah Wright (COVID19 Youth-Led)","Neighbourhood",22,5000,"CCRF"
2023,"Malvern Family Resource  Centre","Local",25,4800,"NG"
2023,"Malvern Family Resource Centre","Local",25,1e+05,"TCS"
2023,"Malvern Family Resource Centre","Local",25,234081.68,"CSP"
2023,"Malvern Family Resource Centre","Local",25,3e+05,"CSP"
2023,"Malvern Family Resource Centre - 42 Voices","Neighbourhood",23,2500,"NCAG"
2023,"Malvern Family Resource Centre - 42 Voices","Neighbourhood",24,2500,"NCAG"
2023,"Malvern Family Resource Centre - 42 Voices","Neighbourhood",25,2500,"NCAG"
2023,"Malvern Family Resource Centre - Empowering Young Women","Neighbourhood",22,7496,"NCAG"
2023,"Malvern Family Resource Centre- Chinese Community in Scarborough (CCIS)","Neighbourhood",23,2066.66666666667,"NCAG"
2023,"Malvern Family Resource Centre- Chinese Community in Scarborough (CCIS)","Neighbourhood",22,2066.66666666667,"NCAG"
2023,"Malvern Family Resource Centre- Chinese Community in Scarborough (CCIS)","Neighbourhood",21,2066.66666666667,"NCAG"
2023,"Malvern Rise Up (COVID19 Youth-led)","Neighbourhood",23,5000,"CCRF"
2023,"Mama's Healing Garden","Neighbourhood",1,30000,"INO"
2023,"Mammalian Diving Reflex Theatre Group","Local",10,25000,"TAC"
2023,"Manifesto Community Projects Inc.","City-wide",10,43000,"TAC"
2023,"Manitou","City Wide",16,20000,"CBICGG"
2023,"Massey Centre for Women, The","City-wide",14,32800.63,"CSP"
2023,"Mayworks Festival","City-wide",11,18000,"TAC"
2023,"Mayworks Festival","City-wide",11,25000,"TAC"
2023,"McMurrich JPS","Local",12,1000,"YCAG"
2023,"Media Arts Network of Ontario","City-wide",9,24500,"TAC"
2023,"Mental Health Matters","Local",24,17000,"INI"
2023,"Mercer Union, A Centre for Contemporary Visual Art","City-wide",9,72500,"TAC"
2023,"Metropolitan Action Committee on Violence Against Women and Children (METRAC: Action on Violence)","City-wide",11,371471.77,"CSP"
2023,"Mgizi Basketball Program","City Wide",13,20000,"CBICGG"
2023,"Michele Lonechild","Neighborhood",8,30000,"IACPF"
2023,"Midynta & Mending a Crack in the Sky","Local",5,2e+05,"YVP"
2023,"Mike Lorenc","Local",10,60000,"StART PP"
2023,"Mixed Company Theatre","City-wide",12,18825,"TAC"
2023,"Mixtape Projects","City-wide",12,8003,"TAC"
2023,"Mobile Arts Programming Association","Local",9,7000,"TAC"
2023,"Modern Batik Couture","Local",6,13500,"TAC"
2023,"Modern Times Stage Company","City-wide",10,42000,"TAC"
2023,"Momiji Health Care Society","City-wide",24,43345.63,"CSP"
2023,"Mood Disorders Association of Ontario and Toronto","City-wide",8,21128.13,"CSP"
2023,"Moonhorse Dance Theatre","City-wide",13,15000,"TAC"
2023,"Moonpools Art","Local",5,15000,"TAC"
2023,"Mothers of Peace Regent Park","Local",13,8000,"PG"
2023,"Mothers of Peace Regent Park","City-Wide",13,30000,"INO"
2023,"Moveable Beast","City-wide",9,15000,"TAC"
2023,"Mural Routes Inc.","City-wide",20,33000,"TAC"
2023,"Mural Routes Inc.","City-wide",20,45000,"TAC"
2023,"Museum of Contemporary Art Toronto (MOCA Toronto)","Neighborhood",9,321313,"COOP"
2023,"Music Africa of Canada Inc.","City-wide",12,43375,"TAC"
2023,"Music From Hope","Local",14,13000,"TAC"
2023,"Music Mondays Community Series","City-wide",13,4968,"TAC"
2023,"Music Toronto","City-wide",13,55360,"TAC"
2023,"Musicals Reimagined","City-wide",12,14000,"TAC"
2023,"MUSICLINKS COMMUNITY CANADA","Local",5,30000,"INO"
2023,"Muslim Freedom Fund","Local",16,4000,"NG"
2023,"NACI Robotics","Neighbourhood",1,7500,"INI"
2023,"Nagata Shachu Japanese Taiko and Music Group","City-wide",23,26000,"TAC"
2023,"Nairn Pollinators","Local",9,4755,"PTCG"
2023,"National Shevchenko Musical Ensemble Guild of Canada","City-wide",11,6750,"TAC"
2023,"Native Canadian Centre of Toronto","City-wide",11,172674.45,"CSP"
2023,"Native Child and Family Services of Toronto","City-wide",13,140587.35,"CSP"
2023,"Native Earth Performing Arts Inc.","City-wide",13,1e+05,"TAC"
2023,"Native Women in the Arts","City-wide",10,40000,"TAC"
2023,"Native Women's Resource Centre","City-wide",13,107857.53,"CSP"
2023,"Necessary Angel Theatre Company","City-wide",10,60300,"TAC"
2023,"Neighbourhood Arts Network","City-wide",10,130000,"TAC"
2023,"Neighbourhood Arts Network","City-wide",10,130000,"TAC"
2023,"Neighbourhood Developing Careers","Local",21,30000,"INO"
2023,"Neilson Community Gardeners","Local",25,4000,"NG"
2023,"Neilson Park Creative Centre","City-wide",2,20000,"TAC"
2023,"New Canadian Community Centre","City-wide",22,53106.3,"CSP"
2023,"New Friends DIY","Local",11,4218,"TAC"
2023,"New Music Concerts","City-wide",10,52250,"TAC"
2023,"New Tradition Music","Local",7,13500,"TAC"
2023,"Newcomer Kitchen","Local",10,20000,"BIC"
2023,"Newcomer Women's Services Toronto","City-wide",14,50671.58,"CSP"
2023,"Newmarket Ave Pollinator Pathway","Local",19,3652,"PTCG"
2023,"Next Generation Arts","Local",24,51800,"CB"
2023,"NExT: Newcomer Education by Theatre","City-wide",12,18000,"TAC"
2023,"Nia Centre for the Arts","Local",12,20000,"PG"
2023,"Nia Centre for the Arts","City-wide",12,47000,"TAC"
2023,"Nightswimming Repertory Theatre","Local",10,19000,"TAC"
2023,"Nightwood Theatre","City-wide",13,77000,"TAC"
2023,"Nimahkikiike (we make medicine)","Local",14,4000,"PTCG"
2023,"NIP Information Post (Neighbourhood Information Post)","Neighbourhood",13,48541.88,"CSP"
2023,"Nish Cultural Cuzzins","City Wide",12,20000,"CBICGG"
2023,"Nishnawbe Homes","City wide",13,28800,"NG"
2023,"Nobellum Enterprise (UoT)","Local",25,20000,"BIC"
2023,"North Etobicoke Resident Council","Local",1,4000,"NG"
2023,"North York Arts","Local",18,287240,"LASO"
2023,"North York Arts","Local",18,35180,"LASO"
2023,"North York Arts (Trustee for Mindy Huynh (Dasmingle))","Local",18,2000,"CB"
2023,"North York Community House","Local",8,252007.1,"CSP"
2023,"North York Community House","Local",8,125000,"IMM"
2023,"North York Harvest Food Bank","City-wide",5,28154.51,"CSP"
2023,"North York Seniors Centre","Neighbourhood",18,109458.9,"CSP"
2023,"North York Women's Resource Centre","Local",5,60132.67,"CSP"
2023,"Northern Visions Independent Video & Film Association","City-wide",10,58000,"TAC"
2023,"Northview Heights Secondary School","Local",6,1000,"YCAG"
2023,"Norway Junior Public School","Local",19,3800,"PTCG"
2023,"Nowadays Theatre","City-wide",18,15000,"TAC"
2023,"Nzuko Senior Circle","Local",23,4000,"NG"
2023,"Oakwood Vaughan Community Organization","Neighbourhood",12,250,"FOR"
2023,"Obsidian Theatre Company Inc.","City-wide",14,75000,"TAC"
2023,"OCAD U","Local",10,20000,"BIC"
2023,"OCASI - Ontario Council of Agencies Serving Immigrants","City-wide",8,33813.73,"CSP"
2023,"Oddside Arts","Local",10,22000,"PG"
2023,"Odemikaan","City Wide",1,20000,"CBICGG"
2023,"Odo Women","Local",7,4000,"NG"
2023,"Odum Tree Initiatives","Local",24,4000,"NG"
2023,"One Mic Educators","City-wide",18,8000,"TAC"
2023,"One Mission Charity","City-wide",10,6200,"TAC"
2023,"One Perfect Day Collective","Local",12,8554,"TAC"
2023,"Onsite Gallery at OCAD University","City-wide",10,15000,"TAC"
2023,"Ontario Association of Art Galleries","City-wide",10,24000,"TAC"
2023,"Ontario Culture Days","Local",10,10000,"TAC"
2023,"Oor Place","Local",9,5000,"CCRF"
2023,"Open Book Foundation","City-wide",11,19000,"TAC"
2023,"Open Heart Surgery Theatre","City-wide",9,14000,"TAC"
2023,"Open Jam Collective","City-wide",11,14619,"TAC"
2023,"Open Studio","City-wide",10,73000,"TAC"
2023,"Opera Atelier","City-wide",13,68400,"TAC"
2023,"Opera in Concert","City-wide",14,30000,"TAC"
2023,"Opera Revue","City-wide",9,4193,"TAC"
2023,"Opportunity For Advancement","City-wide",9,56276.34,"CSP"
2023,"Orchestra Toronto","City-wide",18,22000,"TAC"
2023,"Organization of Calypso Performing Artistes (OCPA)","City-wide",20,16500,"TAC"
2023,"Oriana Women's Choir","City-wide",14,18000,"TAC"
2023,"Orpheus Choir of Toronto","City-wide",12,27000,"TAC"
2023,"Orton Park - Residents for Residents","Neighbourhood",24,5000,"CCRF"
2023,"Oshkaabewisuk","City Wide",19,20000,"CBICGG"
2023,"Ossington Old Orchard Parent Council","Local",10,3860,"PTCG"
2023,"Our Lady of Peace Elementary School","Local",2,3800,"PTCG"
2023,"Our Lady Of Sorrows School","Local",3,5000,"PTCG"
2023,"Out The Trenches Movement INC.","Local",21,30000,"INO"
2023,"Outreach Community Program","Local",5,4000,"NG"
2023,"Outside Looking In","City-wide",10,13000,"TAC"
2023,"Outside the March Theatre Company Inc","City-wide",9,23000,"TAC"
2023,"Own Your Impact","Local",24,5000,"CCRF"
2023,"P.S. - a Producer Showcase for women/trans/nb producers and beatmakers","City-wide",11,3000,"TAC"
2023,"Pack Animal","City-wide",9,6500,"TAC"
2023,"PAL-Reading Services Inc.","City-wide",13,18737,"CSP"
2023,"Pan Arts Network","City-wide",25,10000,"TAC"
2023,"Pantheon Projects","City-wide",10,12738,"TAC"
2023,"Paprika Theatre Festival","City-wide",10,19000,"TAC"
2023,"Parc Downsview Park Inc","Neighbourhood",6,49000,"FOR"
2023,"Parkdale Center for Innovation","Local",4,50000,"BIC"
2023,"Parkdale Golden Age Foundation","Neighbourhood",4,68411.8,"CSP"
2023,"Parkdale Intercultural Association (Toronto)","Neighbourhood",4,78771.62,"CSP"
2023,"Parkdale Youth Group (COVID19 Youth-led)","Neighbourhood",4,5000,"CCRF"
2023,"Parlous Theatre","City-wide",11,17000,"TAC"
2023,"Parul Gupta Dance Works Inc.","City-wide",12,7000,"TAC"
2023,"paul watson productions","City-wide",14,13400,"TAC"
2023,"Pax Christi Chorale","City-wide",17,20000,"TAC"
2023,"Pelham Park","Neighbourhood",9,5000,"CCRF"
2023,"Pemmican Collective","City-wide",13,10000,"TAC"
2023,"Pemmican Collective","City-wide",13,13000,"TAC"
2023,"PEN Canada","City-wide",10,4500,"TAC"
2023,"Pinceles Latinos Art Studio","Local",7,7000,"TAC"
2023,"Planet in Focus","City-wide",10,25000,"TAC"
2023,"Plantains and Plátanos Collective","City-wide",3,6500,"TAC"
2023,"Play day organizers","Neighbourhood",8,5000,"CCRF"
2023,"Playwrights Guild of Canada","City-wide",10,25000,"TAC"
2023,"Pleiades Theatre","City-wide",10,18400,"TAC"
2023,"Plutarco “Chico” Pacheco","Neighborhood",11,5000,"IACPF"
2023,"ponyHAUS","City-wide",11,15000,"TAC"
2023,"pounds per square inch performance","City-wide",9,18000,"TAC"
2023,"Power of Love Foundation Canada","Neighbourhood",2,17000,"INI"
2023,"Prairie Drive Park","Local",20,4000,"NG"
2023,"PRATIBHA ARTS","City-wide",10,17000,"TAC"
2023,"ProArteDanza Performance Inc","City-wide",14,15000,"TAC"
2023,"Professional Association of Canadian Theatres","City-wide",10,8000,"TAC"
2023,"Progress Place/Community Place Hub","Neighbourhood",5,5000,"CCRF"
2023,"Project ReDefine Arts","City-wide",14,26000,"TAC"
2023,"Project ReDefine Arts","City-wide",14,68000,"TAC"
2023,"Project: Humanity Inc.","Local",8,12750,"TAC"
2023,"Prologue to the Performing Arts","City-wide",10,35000,"TAC"
2023,"Prologue to the Performing Arts (for Artists in the Schools)","City-wide",10,160000,"TAC"
2023,"Promise Collective","City-wide",3,8500,"TAC"
2023,"Promoting Education and Community Health (PEACH)","City-Wide",7,30000,"INO"
2023,"Promoting Education and Community Health (PEACH)","Neighbourhood",7,71963.12,"CSP"
2023,"Prosserman Jewish Community Centre","City-wide",6,16100.75,"CSP"
2023,"Public Recordings Performance Projects","City-wide",4,20400,"TAC"
2023,"Puppetmongers Theatre","City-wide",11,16000,"TAC"
2023,"Quinn Hopkins","Neighborhood",4,30000,"IACPF"
2023,"Racial Justice Fund","City-wide",9,13500,"TAC"
2023,"Racial Justice Fund","City-wide",9,16700,"TAC"
2023,"Raging Asian Women Taiko Drummers","City-wide",5,20000,"TAC"
2023,"Raging Asian Women Taiko Drummers","City-wide",5,20000,"TAC"
2023,"Rainbow's Pride in Scarborough","City-wide",10,19998,"TAC"
2023,"Ralph Thornton Community Centre","Neighbourhood",14,41477.38,"CSP"
2023,"RastaFest (Trustee for Clifton Joseph)","Local",8,9900,"PG"
2023,"Rays of Sonshine","Local",25,4000,"NG"
2023,"RC3 Garden Group","Local",13,4400,"PTCG"
2023,"RCAD Initiative","Local",13,8000,"PG"
2023,"REAson d'etre dance productions","City-wide",4,17000,"TAC"
2023,"Rebuilding our Youth Retreat (COVID19 Youth-led)","Local",1,5000,"CCRF"
2023,"Red Pepper Spectacle Arts","City-wide",11,40000,"TAC"
2023,"Red Sky Performance","City-wide",10,50000,"TAC"
2023,"Redbred","City Wide",16,20000,"CBICGG"
2023,"ReelAbilities Film Festival Toronto","City-wide",11,50000,"TAC"
2023,"Reelworld Screen Institute","City-wide",13,8500,"TAC"
2023,"Regenesis York","Local",7,9350.66666666667,"FOR"
2023,"Regenesis York","Local",17,9350.66666666667,"FOR"
2023,"Regent Park Community Health Centre","Neighbourhood",13,150000,"TCS"
2023,"Regent Park Film Festival","Local",13,36000,"TAC"
2023,"Regent Park Film Festival (Trustee for Lori Beazer)","Local",13,15750,"CB"
2023,"Regent Park Film Festival (Trustee for Lori Beazer)","Local",13,11000,"PG"
2023,"Regent park Youth Council (COVID19 Youth-led)","Neighbourhood",13,5000,"CCRF"
2023,"Residences of the World Trade Centre (RWTC) Ageing Well Group","Local",10,4000,"NG"
2023,"Resident First Animators","Local",8,4000,"NG"
2023,"Residents of Emmett Avenue","Local",5,4000,"NG"
2023,"ReSistering","Local",4,20000,"TAC"
2023,"Rewilders","Local",11,3580,"PTCG"
2023,"Rexdale Community Health Centre","Local",1,37500,"IMM"
2023,"Rexdale Community Health Centre","Local",1,8e+05,"YVP"
2023,"Rexdale Community Health Centre","Local",1,182865.42,"CSP"
2023,"Rexdale Community Health Centre","Local",1,150000,"IMM"
2023,"Rexdale Community Health Centre & Think 2wice","Local",1,2e+05,"YVP"
2023,"Rexdale Community Hub","Neighbourhood",1,5000,"CCRF"
2023,"Rexdale Community Hub","Local",1,338491.39,"CSP"
2023,"Rexdale Music Production Project","Neighbourhood",1,16548,"INI"
2023,"Rexdale Women's Centre","Local",1,117133.43,"CSP"
2023,"Rexdale Youths","Neighbourhood",1,4896.04,"CCRF"
2023,"RISE Arts and Community Services","City-wide",25,35000,"TAC"
2023,"Rise Up","Local",20,4000,"NG"
2023,"Roseneath Theatre","City-wide",10,73000,"TAC"
2023,"RT Collective","City-wide",4,4000,"TAC"
2023,"Runny(bee)de CI Garden Group","Local",4,3800,"PTCG"
2023,"Saawan Theatre","City-wide",7,13300,"TAC"
2023,"Sackaney Art","City Wide",20,12210,"CBICGG"
2023,"SafeCommunity Watch Eyes wide Open","Neighbourhood",3,5000,"CCRF"
2023,"Salon du Livre de Toronto","City-wide",11,15000,"TAC"
2023,"San Romanoway Revitalization Association","Local",7,30000,"INO"
2023,"San Romanoway Revitalization Association","Local",7,94060.78,"CSP"
2023,"San Romanoway Revitalization Association","Local",7,13935,"CSP"
2023,"Sanctuary Toronto","Neighbourhood",13,4990,"CCRF"
2023,"Sandra Laronde","Neighborhood",11,30000,"IACPF"
2023,"SAVAC","City-wide",10,50000,"TAC"
2023,"Sawubona Africentric Circle of Support","City-Wide",22,30000,"INO"
2023,"Say Somaali","Local",3,30000,"INO"
2023,"Scadding Court Community Centre","Local",10,1e+05,"IMM"
2023,"Scadding Court Community Centre","Neighbourhood",10,207435.93,"CSP"
2023,"Scarborough Arts","Local",20,297279,"LASO"
2023,"Scarborough Arts","Local",20,39820,"LASO"
2023,"Scarborough Centre for Healthy Communities","Local",24,1e+05,"TCS"
2023,"Scarborough Centre for Healthy Communities","Local",24,220023.48,"CSP"
2023,"Scarborough Centre for Healthy Communities","Local",24,150000,"IMM"
2023,"Scarborough Centre for Healthy Communities & The Good Guides","Local",24,2e+05,"YVP"
2023,"Scarborough Made","Local",24,20000,"TAC"
2023,"Scarborough Made","Local",24,15000,"TAC"
2023,"Scarborough Philharmonic Orchestra","City-wide",24,23000,"TAC"
2023,"Scarborough Village Community","Local",24,4000,"NG"
2023,"Scarborough Women's Centre","Neighbourhood",24,43367.42,"CSP"
2023,"Scarbrite Collective","Local",25,17000,"INI"
2023,"Scarlettwood crt Youth Group (COVID19 Youth-Led)","Neighbourhood",2,4994.15,"CCRF"
2023,"Scarlettwood Warriors for Change","Local",2,4000,"NG"
2023,"Second Sleep Stage Creations","City-wide",18,6100,"TAC"
2023,"Secord Garden Committee","Local",19,3800,"PTCG"
2023,"Seneca Hill Public School","Local",17,3000,"YCAG"
2023,"Senior Persons Living Connected","Local",22,117618.2,"CSP"
2023,"Senior Tamils' Centre of Ontario","City-wide",23,70258.27,"CSP"
2023,"Seniors in Forefront","Local",25,4000,"NG"
2023,"Settlement Assistance and Family Support Services (SAFSS)","Local",24,62044.5,"CSP"
2023,"Shadoozy Art","Local",1,4000,"NG"
2023,"Shadowland Theatre","City-wide",10,20000,"TAC"
2023,"Shakespeare In Action","City-wide",5,20000,"TAC"
2023,"Shakespeare In Action","Local",5,15000,"TAC"
2023,"Shakespeare in the Ruff","Local",11,17000,"TAC"
2023,"Shelley Cares Foundation","Local",21,30000,"INO"
2023,"Sherbourne Street - Moss Park Women's Group","Neighbourhood",13,4996,"CCRF"
2023,"Shkaabe Makwa - Centre for Addiction and Mental Health (CAMH)","Local",9,7500,"ICAG"
2023,"Shonah Burns","Neighborhood",10,30000,"IACPF"
2023,"SICK MUSE ART PROJECTS","Local",9,20000,"TAC"
2023,"SICK MUSE ART PROJECTS","Local",9,10200,"TAC"
2023,"Sick Stories","Local",11,11060,"TAC"
2023,"SickKids Centre for Community Mental Health","Local",6,150000,"TCS"
2023,"Silent Voice Canada Inc.","City-wide",12,37588.36,"CSP"
2023,"Silk Bath Collective","City-wide",3,15000,"TAC"
2023,"Sinfonia Toronto","City-wide",17,12350,"TAC"
2023,"SING! The Toronto Vocal Arts Festival","City-wide",19,7500,"TAC"
2023,"Sir Samuel B Steele JPS","Local",22,1000,"YCAG"
2023,"Sistema Toronto Academy","Local",4,7000,"TAC"
2023,"Sister's Circle TO","Local",13,16803,"INI"
2023,"SKETCH Working Arts","Local",10,24000,"CB"
2023,"SKETCH Working Arts for Street-involved and Homeless Youth","City-wide",10,120000,"TAC"
2023,"Skidadu Skwaad","Local",24,4000,"NG"
2023,"Skidadu Skwaad (COVID19 Youth-led)","Local",24,5000,"CCRF"
2023,"Small World Music Society","City-wide",10,65000,"TAC"
2023,"Small World Music Society","City-wide",10,56000,"TAC"
2023,"Smutburger","City-wide",11,9050,"TAC"
2023,"Society of Sharing: Inner-City Volunteers","Local",13,19450.52,"CSP"
2023,"SoCirC","City-wide",11,18000,"TAC"
2023,"Somali Canadian Association of Etobicoke","Neighbourhood",1,30000,"INO"
2023,"Somali Canadian Association of Etobicoke","Local",1,28154.51,"CSP"
2023,"Somali Women’s and Children’s Support Network","Local",1,30000,"INO"
2023,"Somali Women's and Children's Support Network","City-wide",1,48988.52,"CSP"
2023,"Soulpepper Theatre Company","City-wide",10,461000,"TAC"
2023,"SoundCheck Youth Arts Inc.","City-wide",8,20000,"TAC"
2023,"Soundstreams","City-wide",13,88000,"TAC"
2023,"Soundstreams","City-wide",13,20000,"TAC"
2023,"South Asian Women – North Etobicoke","Local",1,4000,"NG"
2023,"South Asian Women's Centre","City-wide",9,105526.3,"CSP"
2023,"South Parkdale Community Pollinator Gardeners","Local",4,4786,"PTCG"
2023,"South Riverdale Community Health Centre","Local",14,115030.97,"CSP"
2023,"Southern Currents Film & Video Collective","City-wide",9,20000,"TAC"
2023,"Spindle Collective","City-wide",8,8500,"TAC"
2023,"SPRINT Senior Care (SPRINT - Senior People's Resources Toronto)","Local",12,116120.33,"CSP"
2023,"St. Alban's Boys and Girls Club","Local",11,233221.08,"CSP"
2023,"St. Basil-the-Great College School","Local",7,2300,"PTCG"
2023,"St. Clair O'Connor Community Inc.","Neighbourhood",19,21580.22,"CSP"
2023,"St. John's Gardening Group","Local",18,3990,"PTCG"
2023,"St. Matthew's Bracondale House","Neighbourhood",12,58030.2,"CSP"
2023,"St.Jamestown Youth Group","Neighbourhood",13,5000,"CCRF"
2023,"Star Nahwegahbo","Neighborhood",5,30000,"IACPF"
2023,"Startup Fashion Week","Local",10,10000,"BIC"
2023,"Stay Golden","Local",17,51800,"CB"
2023,"Stay Golden","Local",23,10187,"TAC"
2023,"Stay Healthy","Local",19,4000,"NG"
2023,"Stella's Place","City-wide",10,12750,"TAC"
2023,"STEPS Public Art","Local",10,9000,"PG"
2023,"STEPS Public Art","Local",10,12000,"TAC"
2023,"STEPS Public Art","Local",10,20000,"TAC"
2023,"Stolen from Africa","City-Wide",22,30000,"INO"
2023,"Stonegate Community Association","Local",3,105384.68,"CSP"
2023,"Storefront Humber Inc.","Local",3,69615.55,"CSP"
2023,"Story Planet","City-wide",11,8000,"TAC"
2023,"Street Voices","City-wide",10,7500,"TAC"
2023,"Strive Toronto (Trustee for Sydanie)","Local",5,3014,"CB"
2023,"Strive Toronto (Trustee for Sydanie)","Local",5,9900,"PG"
2023,"Studio 180 Theatre","City-wide",11,17000,"TAC"
2023,"Success Beyond Limits (Trustee for Flaunt It Movement)","Local",7,5500,"CB"
2023,"Sugar Plum Collective","City-wide",14,13500,"TAC"
2023,"SummerWorks Performance Festival","Local",10,55000,"TAC"
2023,"Sunshine Centres for Seniors","City-wide",11,53498.47,"CSP"
2023,"Support Enhance Access Services Centre (S.E.A.S. Centre)","Local",13,97993.38,"CSP"
2023,"Sweet Grass Roots Collective","City-wide",14,25000,"TAC"
2023,"Syme Woolner Neighbourhood and Family Centre","Local",5,125000,"IMM"
2023,"Syme Woolner Neighbourhood and Family Centre","Neighbourhood",5,126376.65,"CSP"
2023,"Tafelmusik","City-wide",11,180000,"TAC"
2023,"TAIBU Community Health Centre","City-Wide",23,30000,"INO"
2023,"TAIBU Community Health Centre","City-wide",23,110000,"IMM"
2023,"Tamogo Foundation","City-Wide",7,30000,"INO"
2023,"Tangled Art + Disability","City-wide",10,50000,"TAC"
2023,"Tapestry Music Theatre","City-wide",10,15200,"TAC"
2023,"Tapestry Music Theatre","City-wide",10,63000,"TAC"
2023,"Tarragon Theatre","City-wide",12,211500,"TAC"
2023,"Taylor-Massey & Oakridge Community Response Team (TMOCRT) network","Local",19,5000,"CCRF"
2023,"TB West Community Services","City-wide",3,12750,"TAC"
2023,"TDot Batu Percussion Arts Group Inc.","City-wide",5,11000,"TAC"
2023,"Team L.E.A.D (Lift, Empower, Aspire, Discover) (COVID19 Youth-led)","Neighbourhood",24,5000,"CCRF"
2023,"Tenant Committee - 101 Humber Blvd S","Neighbourhood",5,4992.89,"CCRF"
2023,"Tesoc Multicultural Settlement and Community Services","City-wide",21,43623.42,"CSP"
2023,"Textile Museum of Canada","City-wide",10,72000,"TAC"
2023,"TFCA - Wexford/Maryvale Community Fun Fare","Neighbourhood",21,5000,"CCRF"
2023,"The 266th Toronto Guides","Local",14,5000,"PTCG"
2023,"The 519","Local",13,90000,"IMM"
2023,"The Arab Community Centre of Toronto","City-wide",2,47327.25,"CSP"
2023,"The Arab Community Centre of Toronto","Local",2,5600,"NG"
2023,"The Arab Community Centre of Toronto - Etobicoke Climate Action","Neighbourhood",3,2500,"NCAG"
2023,"The Arab Community Centre of Toronto - Etobicoke Climate Action","Neighbourhood",2,2500,"NCAG"
2023,"The Arab Community Centre of Toronto - Etobicoke Climate Action","Neighbourhood",1,2500,"NCAG"
2023,"The Arbor Day Foundation","City-wide",1,7500,"FOR"
2023,"The Arbor Day Foundation","City-wide",2,7500,"FOR"
2023,"The Arbor Day Foundation","City-wide",4,7500,"FOR"
2023,"The Arbor Day Foundation","City-wide",17,7500,"FOR"
2023,"The Arbor Day Foundation","City-wide",21,7500,"FOR"
2023,"The Arbor Day Foundation","City-wide",22,7500,"FOR"
2023,"The Art of Time Ensemble","City-wide",10,55100,"TAC"
2023,"The Cabbagetown Community Arts Centre","City-wide",13,20000,"TAC"
2023,"The Centre for Immigrant and Community Services (CICS)","Local",22,60000,"TTSP"
2023,"The Centre for Spanish-Speaking Peoples","City-wide",6,74267.12,"CSP"
2023,"The Change-Makers Foundation for Diversity, Equity, Excellence, and Inclusion","Neighbourhood",13,17000,"INI"
2023,"The Chimera Project Dance Theatre","City-wide",13,15000,"TAC"
2023,"The Cross-Cultural Community Services Association (TCCSA)","City-wide",11,31901.9,"CSP"
2023,"The Dance Current","City-wide",13,8000,"TAC"
2023,"The Dance Umbrella of Ontario","City-wide",13,30000,"TAC"
2023,"The Dietrich Group","City-wide",14,12000,"TAC"
2023,"The Disability Collective","Local",14,17750,"TAC"
2023,"The Elmer Iseler Singers","City-wide",15,24545,"TAC"
2023,"The Elms JMS Community Initiatives Group","Local",1,3300,"PTCG"
2023,"The Esprit Orchestra","City-wide",10,64220,"TAC"
2023,"The Federation of Metro Tenants' Association (FMTA)","City Wide",13,1e+05,"TTSP"
2023,"The Federation of Metro Tenants' Association (FMTA)","City Wide",13,420000,"TTSP"
2023,"The Fire and Rescue Team","City-wide",11,20000,"TAC"
2023,"The First Portuguese Canadian Cultural Centre","Local",9,16242.35,"CSP"
2023,"The Flin Flon Cowboy Collective","City-wide",10,20000,"TAC"
2023,"The Freesound Series","City-wide",9,11250,"TAC"
2023,"The Fringe of Toronto Theatre Festival","City-wide",14,77000,"TAC"
2023,"The Gatehouse Child Abuse Investigation & Support Site","City-wide",3,28154.51,"CSP"
2023,"The George Hull Centre for Children & Families","Local",1,150000,"TCS"
2023,"The George S. Seniors’ Centre of York","Neighbourhood",5,106653.78,"CSP"
2023,"The Greater Toronto Philharmonic Orchestra","City-wide",8,5000,"TAC"
2023,"The Hannaford Street Silver Band","City-wide",14,26600,"TAC"
2023,"The Happenstancers","City-wide",4,13500,"TAC"
2023,"The Helping Hand Foundation (COVID19 Youth-led)","Local",5,5000,"CCRF"
2023,"The Hispanic Council of Metropolitan Toronto (Hispanic Development Council)","City-wide",6,67692.83,"CSP"
2023,"The Howland Company","City-wide",13,21000,"TAC"
2023,"The Key of Sight","Neighbourhood",22,10400,"INI"
2023,"The Kickback Foundation","Local",14,51800,"CB"
2023,"The Mexicans Folk Ballet","City-wide",8,9350,"TAC"
2023,"The Music Gallery","City-wide",11,91000,"TAC"
2023,"The Musical Stage Company","City-wide",10,40500,"TAC"
2023,"The National Ballet of Canada","City-wide",10,1390000,"TAC"
2023,"The NDN Act","City-wide",12,13000,"TAC"
2023,"The Neighbourhood Group & St. Jamestown Youth United","Local",13,2e+05,"YVP"
2023,"The Neighbourhood Group Community Services","Local",13,745841.55,"CSP"
2023,"The Neighbourhood Group Community Services","Local",13,8000,"INO"
2023,"The Neighbourhood Group Community Services","City-wide",11,12500,"TAC"
2023,"The Neighbourhood Organization","Local",15,75000,"IMM"
2023,"The Neighbourhood Organization","Local",15,75000,"IMM"
2023,"The Neighbourhood Organization","Local",15,435498.9,"CSP"
2023,"The Neighbourhood Organization","Local",15,37500,"IMM"
2023,"The Neighbourhood Organization","Local",15,6400,"NG"
2023,"The Neighbourhood Organization - Bathurst Finch Seniors Society","Neighbourhood",6,5850,"NCAG"
2023,"The Neighbourhood Organization - Bathurst Finch Women's Group","Neighbourhood",6,7500,"NCAG"
2023,"The Neighbourhood Organization - Bathurst-Finch Food Coalition (BFFC)","Neighbourhood",6,7500,"NCAG"
2023,"The Neighbourhood Organization - Pocket Change Project","Neighbourhood",14,7300,"NCAG"
2023,"The Neighbourhood Organization - Residents Engagement - Action for Climate  (RE- AC)","Neighbourhood",15,7500,"NCAG"
2023,"The Neighbourhood Organization - Thorncliffe Wellness Cafe","Neighbourhood",15,7500,"NCAG"
2023,"The Pamoja Institute for Community Engagement and Action","Ciry-Wide",24,30000,"INO"
2023,"The Power Plant Contemporary Art Gallery","City-wide",10,206000,"TAC"
2023,"The Public Clinic","Local",22,30000,"INO"
2023,"The Purple Stage","City-wide",9,8500,"TAC"
2023,"The QuArtz Cluster","Local",10,17326,"INI"
2023,"The Remix Project","Local",10,20000,"BIC"
2023,"The Remix Project","Local",10,12000,"CB"
2023,"The Remix Project","City-wide",10,36000,"TAC"
2023,"The Remix Project (Trustee for Pierre Mvita [MxdnxghtsOnly])","Local",7,5500,"CB"
2023,"The Remix Project (Trustee for Soundstock)","Local",10,51800,"CB"
2023,"The Rights Project","Local",4,4518.4,"CCRF"
2023,"The Royal Canadian College of Organists","City-wide",11,4550,"TAC"
2023,"The Royal Conservatory of Music","City-wide",11,57000,"TAC"
2023,"The School Bag Project","Neighbourhood",15,17000,"INI"
2023,"The Second Mile Club of Toronto","Local",11,82949.32,"CSP"
2023,"The Sisterhood","Local",13,4000,"NG"
2023,"The Smile Company - Theatrical Productions","City-wide",11,30000,"TAC"
2023,"The South Asian Yard","Local",23,17000,"INI"
2023,"The St. Christopher House","Local",10,353393.83,"CSP"
2023,"The Stage Program","Local",5,4000,"NG"
2023,"The Stop Community Food Centre","Local",12,4450,"PTCG"
2023,"The Stop Community Food Centre","City-wide",9,33813.73,"CSP"
2023,"The Storytellers School of Toronto","City-wide",12,38000,"TAC"
2023,"THE SUNFLOWERS COLLECTIVE","City-wide",9,14414,"TAC"
2023,"The Sunglasses Monologue","City-wide",18,17750,"TAC"
2023,"The Teresa Group Child and Family Aid","City-Wide",12,30000,"INO"
2023,"The Teresa Group Child and Family Aid","City-wide",12,35186.32,"CSP"
2023,"The Theatre Centre","Local",9,3752,"PTCG"
2023,"The Theatre Centre","City-wide",9,148000,"TAC"
2023,"The Toronto Consort","City-wide",11,25650,"TAC"
2023,"The Tropicana Community Services Organization of Scarborough","City-wide",24,110973.1,"CSP"
2023,"The Vision Quest Project Giidwin","City-wide",3,29810,"TAC"
2023,"The Westway Butterfly Brigade","Local",2,2800,"PTCG"
2023,"The Wexford Residence","Local",21,25202.35,"CSP"
2023,"The Word On The Street","City-wide",11,51500,"TAC"
2023,"Theatre Direct Canada","City-wide",9,69000,"TAC"
2023,"Theatre Gargantua","City-wide",9,15000,"TAC"
2023,"Theatre Passe Muraille","City-wide",10,165500,"TAC"
2023,"Theatre Passe Muraille","City-wide",10,18630,"TAC"
2023,"Theatre Smith-Gilmour","City-wide",14,29520,"TAC"
2023,"Thin Edge New Music Collective","City-wide",13,9750,"TAC"
2023,"Tibetan Youth Group","Local",4,4000,"NG"
2023,"Tie Toronto","Local",10,10000,"BIC"
2023,"tiger princess dance projects inc.","City-wide",9,36000,"TAC"
2023,"Tirgan Centre for Art and Culture","City-wide",16,25000,"TAC"
2023,"Tita Collective","City-wide",14,9000,"TAC"
2023,"TMU – Centre for Urban Energy and Clean Energy Zone","Local",13,20000,"BIC"
2023,"TMU - DMZ","Local",13,50000,"BIC"
2023,"TMU – Innovation Studio","Local",11,20000,"BIC"
2023,"TMU – Legal Innovation Zone","Local",13,16500,"BIC"
2023,"TMU – Social Venture Zone","Local",13,20000,"BIC"
2023,"TO Hub 365","Local",5,9000,"PG"
2023,"TOES FOR DANCE INC.","City-wide",12,18750,"TAC"
2023,"TOES FOR DANCE INC.","City-wide",12,16000,"TAC"
2023,"Toffan Rhythm Projects","City-wide",12,7000,"TAC"
2023,"TONE Festival","City-wide",11,8000,"TAC"
2023,"Toronto Aboriginal Support Services Council","City-wide",11,137700.55,"CSP"
2023,"Toronto Aboriginal Support Services Council","City-wide",11,1350000,"INO"
2023,"Toronto Aboriginal Support Services Council on behalf of at least 10 Indigenous","City-wide",11,2e+05,"IMM"
2023,"Toronto Alliance for the Performing Arts","City-wide",11,78000,"TAC"
2023,"Toronto and Region Conservation Authority","City-wide",1,24997,"FOR"
2023,"Toronto and Region Conservation Authority","City-wide",6,24997,"FOR"
2023,"Toronto and Region Conservation Authority","City-wide",7,24997,"FOR"
2023,"Toronto Animated Image Society","City-wide",9,18000,"TAC"
2023,"Toronto Artscape Inc.","Local",10,415000,"COOP"
2023,"Toronto Asian Youth Activists","Neighbourhood",21,17000,"INI"
2023,"Toronto Black Farmers","City-wide",5,14000,"TAC"
2023,"Toronto Black Farmers and Food Growers Collective (Trustee for Lori Beazer)","Local",5,24200,"PG"
2023,"Toronto Black Film Festival","City-wide",14,10500,"TAC"
2023,"Toronto Blues Society","City-wide",10,25600,"TAC"
2023,"Toronto Central Adventist Community Services","Local",8,4000,"NG"
2023,"Toronto Centre for Community Learning & Development","City-wide",13,54255.57,"CSP"
2023,"Toronto Chamber Choir","City-wide",12,8500,"TAC"
2023,"Toronto Children's Chorus","City-wide",12,40000,"TAC"
2023,"Toronto Community & Culture Centre","City-wide",10,25235.02,"CSP"
2023,"Toronto Community for Better Child Care","City-wide",14,28154.52,"CSP"
2023,"Toronto Dance Community Love-In","Local",4,15000,"TAC"
2023,"Toronto Dance Theatre","City-wide",13,162000,"TAC"
2023,"Toronto Dance Theatre","City-wide",13,18000,"TAC"
2023,"Toronto District School Board","City-wide",2,12500,"FOR"
2023,"Toronto District School Board","City-wide",5,12500,"FOR"
2023,"Toronto District School Board","City-wide",7,12500,"FOR"
2023,"Toronto District School Board","City-wide",21,12500,"FOR"
2023,"Toronto District School Board","City-wide",22,12500,"FOR"
2023,"Toronto District School Board","City-wide",24,12500,"FOR"
2023,"Toronto District School Board","City-wide",1,5566.5125,"FOR"
2023,"Toronto District School Board","City-wide",2,5566.5125,"FOR"
2023,"Toronto District School Board","City-wide",5,5566.5125,"FOR"
2023,"Toronto District School Board","City-wide",6,5566.5125,"FOR"
2023,"Toronto District School Board","City-wide",7,5566.5125,"FOR"
2023,"Toronto District School Board","City-wide",21,5566.5125,"FOR"
2023,"Toronto District School Board","City-wide",24,5566.5125,"FOR"
2023,"Toronto District School Board","City-wide",25,5566.5125,"FOR"
2023,"Toronto District School Board","Local",9,150000,"TCS"
2023,"Toronto Downtown Jazz Society","City-wide",12,50000,"TAC"
2023,"Toronto Fashion Incubator","Local",10,75000,"BIC"
2023,"Toronto Festival of Arts, Culture and Creativity (Luminato)","City Wide",10,4e+05,"COOP"
2023,"Toronto Festival of Comics and Graphic Arts","City-wide",14,23500,"TAC"
2023,"Toronto Finnish-Canadian Seniors Centre (Suomi-Koti)","City-wide",15,20834.01,"CSP"
2023,"Toronto Foundation for Student Success","City Wide",5,13202515,"SNP"
2023,"Toronto Intergenerational Partnerships","Local",20,73112.4,"CSP"
2023,"Toronto International Film Festival Inc.","Neighborhood",10,1195735,"COOP"
2023,"Toronto Jewish Film Foundation/Festival","City-wide",11,24000,"TAC"
2023,"Toronto Kiwanis Boys & Girls Clubs","Local",13,160212.17,"CSP"
2023,"Toronto Mendelssohn Choir","City-wide",12,70000,"TAC"
2023,"Toronto Metropolitan University (for TAC Leaders Lab)","City-wide",13,2e+05,"TAC"
2023,"Toronto Music Museum","City-wide",13,8100,"TAC"
2023,"Toronto Operetta Theatre","City-wide",14,18400,"TAC"
2023,"Toronto Outdoor Picture Show","City-wide",11,17500,"TAC"
2023,"Toronto Outdoor Picture Show","City-wide",11,8500,"TAC"
2023,"Toronto Palestine Film Festival","City-wide",12,10000,"TAC"
2023,"Toronto People with AIDS Foundation","City-wide",13,38182.07,"CSP"
2023,"Toronto Photographers Workshop","City-wide",9,70000,"TAC"
2023,"Toronto Prep Wellness Initative (COVID19 Youth-led)","Local",13,5000,"CCRF"
2023,"Toronto Queer Media & Arts Centre","City-wide",13,19500,"TAC"
2023,"Toronto Rape Crisis Centre","City-wide",10,63585.95,"CSP"
2023,"Toronto Reel Asian International Film Festival","City-wide",10,50000,"TAC"
2023,"Toronto Sketch Comedy Festival Inc.","City-wide",9,15000,"TAC"
2023,"Toronto Summer Music Foundation","City-wide",10,39780,"TAC"
2023,"Toronto Symphony Orchestra","City-wide",10,1220000,"TAC"
2023,"Toronto Urban Book Expo","City-wide",20,2500,"TAC"
2023,"Transcare Community Support Services","City-wide",22,98483.6,"CSP"
2023,"Tribal Crackling Wind for the Arts","City-wide",13,30000,"TAC"
2023,"TRIBE CANADA COMMUNITY SERVICES","Neighbourhood",1,4132.85,"CCRF"
2023,"Trinity Food Systems Lab","Local",11,4980,"PTCG"
2023,"Trinity Square Video","City-wide",10,65000,"TAC"
2023,"Tropicana Community Services","Neighbourhood",24,30000,"INO"
2023,"True Heights (COVID19 Youth-led)","Neighbourhood",8,5000,"CCRF"
2023,"Turtle Island Carers of Fire","City Wide",12,20000,"CBICGG"
2023,"Turtle Protectors","City Wide",4,20000,"CBICGG"
2023,"Turtle Protectors","Local",4,15000,"ICAG"
2023,"U.N.I.T. Productions","Local",10,10000,"TAC"
2023,"Ubuntu - Black Trans, Non-Binary and 2Spirit Collective","City-Wide",19,30000,"INO"
2023,"Ubuntu Community Collective","Local",14,30000,"INO"
2023,"Ubuntu Neighbourhood Organization (UNO) (COVID19 Youth-led)","Local",13,4924,"CCRF"
2023,"Ubuntu T.O.","Neighbourhood",21,12710,"INI"
2023,"Ukrainian Canadian Social Services (Toronto) Inc.","City-wide",4,46537.45,"CSP"
2023,"Uma Nota Culture","City-wide",9,11250,"TAC"
2023,"Ummah Nabawiah Masjid Youth Committee","Neighbourhood",1,17000,"INI"
2023,"Unbecoming Collective","City-wide",13,10000,"TAC"
2023,"Under The Bus Collective","City-wide",13,15000,"TAC"
2023,"Undercurrent Creations","City-wide",4,12750,"TAC"
2023,"Unison Health and Community Services","Local",8,37185.3,"CSP"
2023,"Unison Health and Community Services & Mind on Strength","Local",8,2e+05,"YVP"
2023,"United Way Greater Toronto","City Wide",13,175000,"INO"
2023,"UNITY Charity","Local",12,49500,"CB"
2023,"Unity Charity","City-wide",12,38400,"TAC"
2023,"University of Toronto Faculty of Architecture, Landscape and Design","Local",6,32666.6666666667,"FOR"
2023,"University of Toronto Faculty of Architecture, Landscape and Design","Local",11,32666.6666666667,"FOR"
2023,"University of Toronto Faculty of Architecture, Landscape and Design","Local",25,32666.6666666667,"FOR"
2023,"University of Toronto Scarborough Campus","Neighbourhood",25,53058,"FOR"
2023,"University Settlement","Local",10,154389.56,"CSP"
2023,"University Settlement","Local",10,26500,"TAC"
2023,"Urban Arts","Local",5,315435,"LASO"
2023,"UrbanArts Community Arts Council","Local",5,5000,"LASO"
2023,"Variety Village","Neighbourhood",20,6900,"FOR"
2023,"Vaughan-Oakwood Youth Network (COVID19 Youth-led)","Neighbourhood",12,4990.28,"CCRF"
2023,"Venturepark Labs","Local",5,1e+05,"BIC"
2023,"Venus Fest Inc.","City-wide",10,13000,"TAC"
2023,"Vermont Square Parent-Child Mother Goose Program","City-wide",11,31520.63,"CSP"
2023,"Vesnivka Choir Inc.","City-wide",4,8000,"TAC"
2023,"VIBE Arts","City-wide",10,75000,"TAC"
2023,"VIBE Arts","Local",10,20000,"TAC"
2023,"VIBE Arts","Local",10,23952,"CB"
2023,"VIBE Arts","Local",10,16100,"PG"
2023,"VIBE Arts (Trustee for Patrick Walters)","Local",10,9900,"PG"
2023,"Vibrant Healthcare Alliance","City-wide",8,44718.23,"CSP"
2023,"Victim Services Toronto","City-wide",13,315162.75,"CSP"
2023,"Victoria Park Collegiate Institute","Local",16,1000,"YCAG"
2023,"Videatur Collective","City-wide",11,14000,"TAC"
2023,"VideoCabaret","City-wide",14,46800,"TAC"
2023,"Vietnamese Women's Association of Toronto","City-wide",9,73139.63,"CSP"
2023,"Villa Bautista Collective","City-wide",9,13500,"TAC"
2023,"Vintage Taps","City-wide",4,14850,"TAC"
2023,"VIVA! Youth Singers of Toronto, Inc.","Local",11,45000,"TAC"
2023,"Voices","City-wide",4,12640,"TAC"
2023,"Volcano Non-Profit Productions Inc.","City-wide",10,54000,"TAC"
2023,"Volunteer Centre of Toronto","City-wide",11,234969.5,"CSP"
2023,"Vox Choirs","City-wide",18,15000,"TAC"
2023,"Vtape","City-wide",10,85000,"TAC"
2023,"Waard Ward","Local",23,7500,"TAC"
2023,"Warden Woods Church and Community Centre","Local",20,236559.64,"CSP"
2023,"Warren Park JPS Parents and Teachers","Local",4,2500,"PTCG"
2023,"Waterfront Neighbourhood Centre","Neighbourhood",10,84163.95,"CSP"
2023,"Waterfront Neighbourhood Centre","Local",10,4800,"NG"
2023,"Waterfront Neighbourhood Centre - Greening Liberty Village","Neighbourhood",10,7500,"NCAG"
2023,"Waterfront Neighbourhood Centre- Block Party Supply","Neighbourhood",4,1500,"NCAG"
2023,"Waterfront Neighbourhood Centre- Block Party Supply","Neighbourhood",9,1500,"NCAG"
2023,"Waterfront Neighbourhood Centre- Block Party Supply","Neighbourhood",11,1500,"NCAG"
2023,"Waterfront Neighbourhood Centre- Block Party Supply","Neighbourhood",13,1500,"NCAG"
2023,"Waterfront Neighbourhood Centre- Block Party Supply","Neighbourhood",16,1500,"NCAG"
2023,"Wavelength Music Arts Projects","City-wide",9,30000,"TAC"
2023,"wavering band of energy","City-wide",25,20000,"TAC"
2023,"Weaving Threads Toronto","Local",5,4000,"NG"
2023,"Wendaajiwandehnong Bimoseyan Mother Water Walk Collective","City Wide",3,20000,"CBICGG"
2023,"West End Micro Music Festival","City-wide",4,11250,"TAC"
2023,"West Hill DD Program","Local",24,3600,"PTCG"
2023,"West Scarborough Neighbourhood Community Centre","Local",20,238177.67,"CSP"
2023,"West Toronto Native Blooms","Local",9,4000,"NG"
2023,"Westmount JS Pollinator Club","Local",2,2990,"PTCG"
2023,"Weston Frontlines Centre","Local",5,30000,"INO"
2023,"Weston Frontlines Centre","Local",5,108936,"CSP"
2023,"Whippersnapper Gallery Inc","Local",11,15000,"TAC"
2023,"Why Not Theatre","City-wide",9,47000,"TAC"
2023,"Wildseed Centre for Art and Activism","City-wide",11,25000,"TAC"
2023,"William Burgess Public School","Local",14,1500,"PTCG"
2023,"William Lyon Mackenzie C.I. Gardening Club","Local",6,4793,"PTCG"
2023,"wind in the leaves collective","City-wide",14,15000,"TAC"
2023,"Witch Collective","City-wide",14,17000,"TAC"
2023,"Woburn Collegiate","Local",24,1000,"YCAG"
2023,"Woburn Junior Public School","Local",24,2000,"YCAG"
2023,"Woburn Junior Public School","Local",24,1000,"YCAG"
2023,"Woman Abuse Council of Toronto","City-wide",5,70356.32,"CSP"
2023,"Women From Space","City-wide",9,6400,"TAC"
2023,"Women's Musical Club of Toronto","City-wide",11,2140,"TAC"
2023,"Women's Warrior Wellness Collective","City Wide",19,20000,"CBICGG"
2023,"Woodgreen Community Services","Local",14,479650.65,"CSP"
2023,"Workers' Action Centre","City-wide",11,67523.98,"CSP"
2023,"Working for a Change","Local",5,4000,"NG"
2023,"Working Women Community Centre","City-wide",9,244468.73,"CSP"
2023,"Workman Arts Project of Ontario","City-wide",9,24000,"TAC"
2023,"WST Foundation Wellness","Neighbourhood",1,5000,"CCRF"
2023,"Xenia Concerts Inc.","City-wide",11,26000,"TAC"
2023,"xLq Pop Art Performance","City-wide",9,12750,"TAC"
2023,"Xpace Cultural Centre","City-wide",9,18000,"TAC"
2023,"York Entrepreneurship Development Institute (YEDI)","Local",6,20000,"BIC"
2023,"York Mills Collegiate Institute","Local",15,1000,"YCAG"
2023,"York West Active Living Centre","Neighbourhood",5,134568.64,"CSP"
2023,"York-Fairbank Centre for Seniors in the City of York","Local",12,22841.26,"CSP"
2023,"York-Fairbank Centre for Seniors in the City of York","Local",12,296665.41,"CSP"
2023,"Yorkminster Park Meals on Wheels","Local",12,10909.94,"CSP"
2023,"YorkU – Ella","Local",7,20000,"BIC"
2023,"YorkU – Glendon College","Local",15,20000,"BIC"
2023,"YorkU – Schulich School of Business","Local",7,20000,"BIC"
2023,"YorkU - YSpace","Local",7,20000,"BIC"
2023,"Young People's Theatre","City-wide",13,326000,"TAC"
2023,"YouSpoken","Local",22,5350,"INI"
2023,"Youth Assisting Youth","City-wide",18,66184.07,"CSP"
2023,"Youth Employment Services","Local",10,10000,"BIC"
2023,"YouthLink & MIC Check","Local",21,2e+05,"YVP"
2023,"YYZ Artists' Outlet","City-wide",10,65000,"TAC"
2023,"Zakide","City-wide",13,27000,"TAC"
2023,"Zero Fitna","Local",11,2468,"CCRF"
2023,"Zero Fitna","Local",23,2468,"CCRF"
2024,"12022958 Canada Institute","Local",10,20000,"TAC"
2024,"15629004 Canada Foundation","City-wide",12,8000,"TAC"
2024,"200WELL' - 200 Wellesley's Residents Community Safety & Security Committee","Neighbourhood",13,4990,"CCRF"
2024,"4 The West End","Local",5,8937.85,"CH"
2024,"40 Homewood Gardening Committee","Local",13,4921.42,"PTCG"
2024,"415 Willowdale Building Families","Neighbourhood",18,5000,"CCRF"
2024,"415 Willowdale Youth Fun","Neighbourhood",18,5000,"CCRF"
2024,"440 Parkside Collective","Local",9,20000,"CBICGG"
2024,"519 CHURCH STREET COMMUNITY CE","City-Wide",13,41811,"HPP"
2024,"519 Church Street Community Centre","City-wide",13,73044.53,"CSP"
2024,"A Space Gallery","City-wide",10,62000,"TAC"
2024,"Abiona Centre for Infant & Early Mental Health (formerly Massey Centre for Women, The)","City-wide",14,34178.26,"CSP"
2024,"Abrigo Centre","Local",9,131133.94,"CSP"
2024,"Access Alliance Multicultural Health and Community Services","City-wide",11,248811.11,"CSP"
2024,"ACCESS COMMUNITY CAPITAL FUND","City-wide",10,50000,"BIC"
2024,"ACSA - AGINCOURT COMMUNITY SER","City-Wide",22,478500,"HIF"
2024,"Act 3 Theatre","City-wide",13,15000,"TAC"
2024,"Actors Repertory Company","City-wide",13,15000,"TAC"
2024,"Adelheid Dance Projects","City-wide",9,18000,"TAC"
2024,"Adinkra Youth Action Alliance","Local",1,8500,"INI"
2024,"Adinkra Youth Action Alliance","Local",7,8500,"INI"
2024,"Afghan Women's Organization Refugee And Immigrant Services","City-wide",17,93164.41,"CSP"
2024,"African Women Acting Awa","City-wide",13,15000,"TAC"
2024,"African Women Acting Awa","Local",13,18750,"TAC"
2024,"Africans in Partnership Against AIDS (APAA)","City-wide",13,128432.38,"CSP"
2024,"Africans United Action Group for a Greener Toronto","Local",23,2466.66666666667,"NCAG"
2024,"Africans United Action Group for a Greener Toronto","Local",24,2466.66666666667,"NCAG"
2024,"Africans United Action Group for a Greener Toronto","Local",25,2466.66666666667,"NCAG"
2024,"Afrique Like Me","Local",4,15000,"TAC"
2024,"Afro Centre for the Arts","Local",13,10000,"CFFP"
2024,"Afrowaveto","Local",10,25000,"TAC"
2024,"Aga Khan Museum","City-wide",16,175000,"TAC"
2024,"Against The Grain Theatre Inc.","City-wide",12,15000,"TAC"
2024,"Agincourt Community Services Association","Local",22,250000,"YVP"
2024,"Agincourt Community Services Association","City-wide",22,251211.88,"CSP"
2024,"Aiding Dramatic Change In Development","Local",14,33800,"TAC"
2024,"AIDS Committee of Toronto","City-wide",13,85928.06,"CSP"
2024,"Albion Islington Square BIA","Local",1,7500,"CFFP"
2024,"Albion Neighbourhood Services","Local",1,187390.15,"CSP"
2024,"ALBION NEIGHBOURHOOD SERVICES","City-Wide",1,6e+05,"HIF"
2024,"Albion Neighbourhood Services (trustee to Smile for Sache)","Local",1,5500,"CH"
2024,"Aluna Theatre","City-wide",9,51480,"TAC"
2024,"Amadeus Choir Of Greater Toronto","City-wide",23,26025,"TAC"
2024,"Amici Chamber Ensemble","City-wide",16,20000,"TAC"
2024,"Anandam Dancetheatre Productions","City-wide",9,24000,"TAC"
2024,"Anchored Minds Foundation (trustee to Nancy Huynh)","Local",7,5013,"CH"
2024,"Anchored Minds Foundation (trustee to The Classroom)","Local",7,9900,"CH"
2024,"Andpva","Local",11,15000,"TAC"
2024,"Angel Foundation for Learning","City Wide",18,4919284,"SNP"
2024,"Angel Foundation for Learning","City Wide",18,50000,"SNP"
2024,"Angel Foundation for Learning","City Wide",18,789217,"SNP"
2024,"Angela Blumberg Dance (Abd)","City-wide",19,4000,"TAC"
2024,"Anishinaabemowin at Home in Toronto","Local",19,20000,"CBICGG"
2024,"Anishinawbe Wellness Collective","City wide",5,4000,"LLG"
2024,"Anivia Collective","City-wide",18,10000,"TAC"
2024,"Aphasia Institute","City-wide",16,27878.38,"CSP"
2024,"Applegrove Community Complex","Local",14,137575.71,"CSP"
2024,"Arab Community Centre Of Toronto","City-wide",2,20000,"TAC"
2024,"Arab Community Centre of Toronto (trustee to Born Somali)","Local",2,5500,"CH"
2024,"ARCH Disability Law Centre","City-wide",10,39450.86,"CSP"
2024,"Armenian Relief Society, ARS Social Services","City-wide",17,27878.38,"CSP"
2024,"Arraymusic","City-wide",10,51000,"TAC"
2024,"Art Bar Poetry Series","City-wide",3,7200,"TAC"
2024,"Art Gallery of Ontario","Local",10,594000,"COOP"
2024,"Art Gallery Of York University","City-wide",7,73000,"TAC"
2024,"Art Gallery Of York University","Local",7,19000,"TAC"
2024,"Art Gallery Of York University","Local",7,22500,"TAC"
2024,"Art Metropole","City-wide",9,40000,"TAC"
2024,"Art Museum University Of Toronto","City-wide",11,25000,"TAC"
2024,"Art Starts","Local",8,80000,"TAC"
2024,"Art Starts","Local",8,22000,"StART PP"
2024,"Artist Film Exhibition Group","City-wide",10,23000,"TAC"
2024,"Arts Etobicoke","Local",3,425906,"LASO"
2024,"Arts for Canadians Tomorrow Society","Local",10,7500,"CFFP"
2024,"Arts Inter-Media Canada/Dance Collection Danse","City-wide",13,37400,"TAC"
2024,"Arts4All Creative Society","Local",9,15000,"TAC"
2024,"ArtsPond","Local",9,10000,"YCISI"
2024,"Artspond / Étang D'Arts","City-wide",9,16806,"TAC"
2024,"Artsxplosion Cultural Society","Local",13,10000,"CFFP"
2024,"Ashe/Axé/Ase","City-wide",13,20000,"TAC"
2024,"Ashkenaz Foundation","City-wide",11,50000,"TAC"
2024,"Asian Arts And Culture Trust","City-wide",10,20000,"TAC"
2024,"Assaulted Women's Helpline","City-wide",10,73294.26,"CSP"
2024,"AstroSankofa Arts Iniatives","City-wide",17,53000,"YCISI"
2024,"AstroSankofa Arts Initiatives","Local",17,20000,"CH"
2024,"Astrosankofa Arts Initiatives","Local",17,7500,"TAC"
2024,"AstroSankofa Arts Initiatives","Local",7,55450,"StART PP"
2024,"At Dem","Neighbourhood",9,14800,"TAC"
2024,"b current Performing Arts co","Local",11,35000,"BMFF"
2024,"B Current Performing Arts Co.","City-wide",12,33000,"TAC"
2024,"Bach Children'S Chorus Of Scarborough","Local",24,31100,"TAC"
2024,"Bad Dog Theatre Company","City-wide",11,10000,"TAC"
2024,"Bad Hats Theatre","City-wide",10,14000,"TAC"
2024,"Bad Pony Productions","City-wide",9,15000,"TAC"
2024,"Bala Garden Committee & School Advisory Council","Local",5,4448,"PTCG"
2024,"Ballet Creole","Local",9,18750,"TAC"
2024,"Ballet Jörgen Canada","City-wide",12,95000,"TAC"
2024,"BAM Collective (trusteed by Gendai)","Local",4,53000,"YCISI"
2024,"Barbra Schlifer Commemorative Clinic","City-wide",11,63969.3,"CSP"
2024,"Bareket Kezwer","Local",9,68000,"StART PP"
2024,"Bathurst-Finch Food Coalition (BFFC)","Local",6,7500,"NCAG"
2024,"Bathurst-Finch Women's Group","Local",6,7500,"NCAG"
2024,"Batuki Music Society","City-wide",11,28500,"TAC"
2024,"Beats + Skates","City-wide",9,7500,"TAC"
2024,"Bendale Butterflyway","Local",21,4835,"PTCG"
2024,"Bereaved Families of Ontario-Toronto","City-wide",12,84038.1,"CSP"
2024,"Bernard Betel Centre","Local",6,153245.95,"CSP"
2024,"Better Living Health and Community Services","Neighbourhood",16,274430.63,"CSP"
2024,"BIG Bloor Improvement Group","Local",9,10000,"CFFP"
2024,"BIPOC TV & Film (trustee to Richard Dang)","Local",14,5500,"CH"
2024,"Birchmount Bluffs Neighbourhood Centre","Local",20,30000,"LLG"
2024,"Birchmount Bluffs Neighbourhood Centre (BBNC)","Local",20,104509.87,"CSP"
2024,"Black Artists' Networks in Dialogue","Local",9,35000,"BMFF"
2024,"Black Artists' Networks In Dialogue Gallery And Cultural Centre","City-wide",10,44000,"TAC"
2024,"Black Coalition for AIDS Prevention of Metropolitan Toronto","City-Wide",13,35000,"BMFF"
2024,"Black Coalition for AIDS Prevention of Metropolitan Toronto","City-Wide",3,30000,"BMFF"
2024,"BLACK CREEK COMMUNITY HEALTH C","City-wide",7,20000,"BIC"
2024,"Black Creek Community Health Centre","Local",7,20000,"CH"
2024,"Black Pledge Collective","City-wide",10,13000,"TAC"
2024,"Black Star North Film Collective","Neighbourhood",13,14225,"TAC"
2024,"Black Urbanism TO INC","Local",12,5500,"CH"
2024,"Black Women Film","City-wide",14,20000,"TAC"
2024,"Blackhurst Cultural Centre","Local",11,45000,"TAC"
2024,"Blooming Partners- BGC East Scarborough","Local",24,3060,"PTCG"
2024,"Blue Bird Theatre Collective","City-wide",9,10000,"TAC"
2024,"Blue Ceiling Dance","City-wide",4,19000,"TAC"
2024,"Blue Pond Garden Club","Local",23,2811.23,"PTCG"
2024,"Bob Rumball Canadian Centre of Excellence for the Deaf","City-wide",15,16924.54,"CSP"
2024,"Boost Child & Youth Advocacy Centre","City-wide",15,326867.18,"CSP"
2024,"Bouchardanse","City-wide",9,15000,"TAC"
2024,"Braeburn Neighbourhood Place","Local",1,59599.12,"CSP"
2024,"Braeburn Neighbourhood Place","Local",1,150000,"TCS"
2024,"Braeburn Neighbourhood Place Incorporated","Local",1,18750,"TAC"
2024,"Braeburn Neighbourhood Place Incorporated","Local",1,19000,"TAC"
2024,"Breaking Canada (Toronto)","Local",25,19000,"TAC"
2024,"Breakthroughs Film Festival","City-wide",13,10000,"TAC"
2024,"Brick Literary Collective","City-wide",11,7050,"TAC"
2024,"Buddies In Bad Times Theatre","City-wide",13,173000,"TAC"
2024,"Building Leaders for Change (COVID19 Youth-led)","Neighbourhood",13,5000,"CCRF"
2024,"Building Legacy","Local",9,7500,"NCAG"
2024,"BUSINESS IN THE STREETS","City-wide",10,20000,"BIC"
2024,"Cabbagetown Business Improvement Area","Local",13,10000,"CFFP"
2024,"Cada/East","City-wide",13,21000,"TAC"
2024,"Cahoots Theatre","City-wide",13,61500,"TAC"
2024,"Caliban Arts Theatre","City-wide",14,3500,"TAC"
2024,"Campus Thrift","Local",5,2500,"NCAG"
2024,"Campus Thrift","Local",6,2500,"NCAG"
2024,"Campus Thrift","Local",17,2500,"NCAG"
2024,"Canada’s Music Incubator","City-wide",11,47320,"BIC"
2024,"Canada's National Ballet School","Local",13,2e+05,"COOP"
2024,"Canadian Association of Chinese Performing Arts","Local",13,10000,"CFFP"
2024,"Canadian Centre for Housing Rights","City-wide",10,623583.33,"TTSP"
2024,"Canadian Centre for Housing Rights","City-wide",10,60000,"TTSP"
2024,"Canadian Centre for Victims of Torture","City-wide",13,33003.41,"CSP"
2024,"Canadian Chamber Orchestra","City-wide",20,9000,"TAC"
2024,"Canadian Children'S Opera Company","City-wide",13,24700,"TAC"
2024,"Canadian Contemporary Dance Theatre","City-wide",13,56000,"TAC"
2024,"Canadian Dance Assembly / Assemblée Canadienne De La Danse","City-wide",13,20000,"TAC"
2024,"Canadian Mental Health Association Toronto Branch","City-wide",11,22015.52,"CSP"
2024,"Canadian Music Centre","City-wide",13,78000,"TAC"
2024,"Canadian Opera Company","City-wide",13,1500000,"TAC"
2024,"Canadian Red Cross Society, Toronto Region branch","City-wide",9,177701.96,"CSP"
2024,"Canadian Reggae Music Association","City",6,5500,"CH"
2024,"Canadian Reggae Music Association","Local",8,10000,"CFFP"
2024,"Canadian Reggae Music Association","City-wide",8,12000,"TAC"
2024,"Canadian Stage","City-wide",13,832000,"TAC"
2024,"Canadian Tamil Youth Development Centre (CanTYD)","City-wide",24,156685.33,"CSP"
2024,"Canadian-Caribbean Arts Network (C-Can)","City-wide",13,12000,"TAC"
2024,"Canasian Dance Festival","City-wide",13,25000,"TAC"
2024,"Canvas Arts Action Programs","City-wide",12,22000,"TAC"
2024,"Carefirst Seniors & Community Services Association","City-wide",22,115758.82,"CSP"
2024,"Carfac Ontario","City-wide",10,24000,"TAC"
2024,"Caribbean Canadian Artistic Star Inc.","Local",7,5000,"CH"
2024,"Caribbean Promotions Arts & Culture Inc.","Local",2,15000,"CFFP"
2024,"Caribbeantales","City-wide",10,17500,"TAC"
2024,"Carriers of Our Messages","Local",9,20000,"CBICGG"
2024,"Cathedral Bluffs Symphony Orchestra","City-wide",20,20000,"TAC"
2024,"Catholic Crosscultural Services","City-wide",21,32918.28,"CSP"
2024,"Catholic School Parent Council (Father Henry Carr C.S.S.)","Local",1,5000,"CCRF"
2024,"Cecil Community Centre","Local",11,6345.28,"CSP"
2024,"Centennial College of Applied Arts and Technology","Neighbourhood",6,15500,"FOR"
2024,"Central Eglinton Community Centre","Neighbourhood",12,33973.93,"CSP"
2024,"Centre for Black Young Professionals (CEE)","City-Wide",21,15000,"CB"
2024,"Centre for Black Young Professionals (CEE)","City-wide",21,840000,"BMFF"
2024,"Centre for Black Young Professionals (CEE)","City-Wide",21,25000,"INI"
2024,"Centre for Immigrant & Community Services","City-wide",22,125000,"TTSP"
2024,"Centre for Immigrant and Community Services","City-wide",22,146923.38,"CSP"
2024,"Centre for Independent Living in Toronto","City-wide",13,29365.37,"CSP"
2024,"Centre For Indigenous Theatre","City-wide",10,65000,"TAC"
2024,"CENTRE FOR SOCIAL INNOVATION","City-wide",10,20000,"BIC"
2024,"CENTRE FOR SOCIAL INNOVATION","City-wide",10,10000,"BIC"
2024,"CENTRE FOR SOCIAL INNOVATION","City-wide",10,1e+05,"BIC"
2024,"Centre Francophone de Toronto","City-wide",10,150000,"TCS"
2024,"Cfmdc","City-wide",9,53000,"TAC"
2024,"CGLCC: Canada's LGBT+ Chamber of Commerce","City-wide",10,10000,"BIC"
2024,"Charles E Webster PS Eco Club","Local",5,4900,"PTCG"
2024,"Charles Street Video","City-wide",9,54500,"TAC"
2024,"Charlotte Carbone & Diséiye Thompson","Neighbourhood",9,9900,"TAC"
2024,"Chester le Healing Families: Mending Ruptures for Change","Neighbourhood",22,4600,"CCRF"
2024,"Chester Le Youth Resiliency: Activating Change for Tomorrow (COVID19 Youth-led)","Neighbourhood",22,4600,"CCRF"
2024,"Children'S Peace Theatre","City-wide",19,57000,"TAC"
2024,"Chinese Artists Society Of Toronto","City-wide",22,13050,"TAC"
2024,"Chinese Canadian National Council Toronto Chapter","City-wide",10,70535.93,"CSP"
2024,"Chinese Cultural Centre of Greater Toronto","Local",23,10000,"CFFP"
2024,"Chinese Feminism Toronto","City-wide",13,10200,"TAC"
2024,"ChocoSol Traders","Local",13,28279,"CFIF"
2024,"CHPS Pollinator Propagators","Local",24,4229.5,"PTCG"
2024,"CHRISTIE OSSINGTON NEIGHBOURHO","City-Wide",11,41811,"HPP"
2024,"Christie Ossington Neighbourhood Centre","City-wide",9,86007.52,"CSP"
2024,"Church and Gloucester Street Pollinator Garden","Local",13,3879.68,"PTCG"
2024,"Circulr Inc.","City-wide",3,23400,"CFIF"
2024,"Citadel + Compagnie","City-wide",13,62000,"TAC"
2024,"Clay And Paper Theatre","Local",9,30000,"TAC"
2024,"Clean Energy Zone, Toronto Metropolitan University","City-wide",13,20000,"BIC"
2024,"CLEAN TECH NORTH","City-wide",19,10000,"BIC"
2024,"Clic Clac Collective","Local",5,14000,"TAC"
2024,"Cliffcrest / Heart Beatz","Neighbourhood",24,1e+05,"TCS"
2024,"Cliffcrest Community Centre","Local",21,42271.62,"CSP"
2024,"Climate Change Wellness Café","Local",16,3750,"NCAG"
2024,"Climate Change Wellness Café","Local",15,3750,"NCAG"
2024,"Climate Justice Toronto","Local",5,7500,"NCAG"
2024,"COACH JOHN LEADERSHIP 7 COMMUNITY ENGAGEMENT INITIATIVE","Local",25,4900,"CCRF"
2024,"Coalition of Women in Leadership","Local",15,7500,"NCAG"
2024,"Coco Collective","City-wide",1,9300,"TAC"
2024,"Coexisdance Toronto","City-wide",9,6045,"TAC"
2024,"Common Boots Theatre","City-wide",16,41000,"TAC"
2024,"Community Arts Guild","Local",24,21000,"TAC"
2024,"Community Arts Guild","Local",24,20000,"TAC"
2024,"Community Building Working Group","Neighbourhood",13,40000,"RPSDP"
2024,"Community Cats Toronto","City-wide",13,2500,"TAS"
2024,"Community Family Services of Ontario","City-wide",22,20000,"BIC"
2024,"Community Family Services of Ontario","City-wide",22,46919.91,"CSP"
2024,"Community Fridges Toronto","Local",4,2483.33333333333,"NCAG"
2024,"Community Fridges Toronto","Local",9,2483.33333333333,"NCAG"
2024,"Community Fridges Toronto","Local",11,2483.33333333333,"NCAG"
2024,"Community Healing Journey","Local",13,5000,"CCRF"
2024,"Community Music Schools of Toronto","Neighbourhood",13,25560,"RPSDP"
2024,"Community Music Schools Of Toronto","Local",13,35000,"TAC"
2024,"Community Renewal Coalition","Local",7,16898,"INI"
2024,"Community Resilience Initiative","Local",1,5000,"CCRF"
2024,"Community Social Planning Council of Toronto","City-wide",13,488626.47,"CSP"
2024,"Compania Carmen Romero","Local",16,12091,"TAC"
2024,"Concerts In Care Ontario","City-wide",5,3500,"TAC"
2024,"Confluence Concerts","City-wide",11,10400,"TAC"
2024,"Continuum Contemporary Music Ensemble","City-wide",16,30600,"TAC"
2024,"Cope With Art Youth (COVID19 Youth-led)","Local",11,5000,"CCRF"
2024,"Corpus","City-wide",9,33000,"TAC"
2024,"COSTI Immigrant Services","City-wide",9,161430.11,"CSP"
2024,"COTA Health","Local",13,250147.66,"AASSP"
2024,"COTA Health","Local",13,273876.75,"AASSP"
2024,"Council of Agencies Serving South Asians","City-wide",23,70535.93,"CSP"
2024,"Council of Elders (COVID19 Youth-led)","Local",8,4900,"CCRF"
2024,"Craft Ontario","City-wide",9,23100,"TAC"
2024,"Crosby Gitigaan Services","Local",14,20000,"CBICGG"
2024,"Crossroads Theatre","Local",5,15000,"TAC"
2024,"Crossroads Theatre","Local",5,20000,"TAC"
2024,"Crows Theatre","City-wide",14,48000,"TAC"
2024,"Cue Art Projects","City-wide",9,10000,"TAC"
2024,"CultureLink Settlement & Community Services","City-wide",4,120367.39,"CSP"
2024,"Dance Immersion Ontario","City-wide",11,40000,"TAC"
2024,"Dance Migration Project","Local",8,21000,"TAC"
2024,"Dance Ontario Association","City-wide",9,20000,"TAC"
2024,"Dance Together Festival","Local",4,20000,"TAC"
2024,"Dance Together Festival","Local",4,20000,"TAC"
2024,"Dancemakers","City-wide",13,91600,"TAC"
2024,"Dancer Transition Resource Centre","City-wide",11,15000,"TAC"
2024,"Danceworks","City-wide",11,55000,"TAC"
2024,"Danzig Love","Neighbourhood",24,5000,"CCRF"
2024,"Danzig Love","Neighbourhood",25,5000,"CCRF"
2024,"Danzig Stage One (formerly Play Therapy)","Neighbourhood",24,4850,"CCRF"
2024,"Davenport-Perth Neighbourhood and Community Health Centre","Neighbourhood",9,108119.52,"CSP"
2024,"DCTI EcoClub","Local",14,2500,"PTCG"
2024,"Delta Family Resource Centre","City-Wide",1,15000,"CB"
2024,"Delta Family Resource Centre","City-wide",1,8e+05,"BMFF"
2024,"Delta Family Resource Centre","City-wide",1,136100.06,"CSP"
2024,"Delta Family Resource Centre","Local",1,65000,"LLG"
2024,"Delta Family Resource Centre","City-Wide",1,25000,"INI"
2024,"Delta Family Resource Centre","Neighbourhood",7,150000,"TCS"
2024,"DevelopME Youth Centre","Local",1,8500,"INI"
2024,"DevelopME Youth Centre","Local",5,8500,"INI"
2024,"Dia De Los Muertos Collective","Local",10,13000,"TAC"
2024,"Diaspora Dialogues","City-wide",11,50000,"TAC"
2024,"Dig","City-wide",4,9000,"TAC"
2024,"Digizine Collective","City-wide",10,18750,"TAC"
2024,"Directors Lab North","City-wide",14,12000,"TAC"
2024,"Distress Centres of Greater Toronto","City-wide",13,142019.68,"CSP"
2024,"DISTRICT VENTURES KITCHEN","City-wide",5,1e+05,"BIC"
2024,"DIVERSITY INSTITUTE - TORONTO","City-wide",13,10000,"BIC"
2024,"Dixon Hall","Local",13,393980.74,"CSP"
2024,"DMA Green Gang","Local",16,2465,"PTCG"
2024,"Doris Mccarthy Gallery, University Of Toronto Scarborough","City-wide",25,57400,"TAC"
2024,"Dovercourt Boys and Girls Club","Local",9,66693.57,"CSP"
2024,"Downtown East Care Project, Street Health Community Nursing Foundation","Local",13,5000,"CCRF"
2024,"Draft Collective","City-wide",14,7000,"TAC"
2024,"Drawing Into Threads","City-wide",7,6750,"TAC"
2024,"Dreamwalker Dance Company","City-wide",13,28000,"TAC"
2024,"Duo Cichorium","City-wide",12,9000,"TAC"
2024,"Duo Cichorium","Neighbourhood",12,15000,"TAC"
2024,"Dusk Dances Inc.","City-wide",13,33000,"TAC"
2024,"Earth Helpers Garden Inc.","Local",11,20000,"CBICGG"
2024,"Earth Work Vision","Local",5,4000,"LLG"
2024,"East End Arts","Local",14,226010,"LASO"
2024,"East End United Regional Ministry","Local",14,4500,"PTCG"
2024,"East Scarborough Boys & Girls Club","Local",20,208400,"YVP"
2024,"East Scarborough Boys & Girls Club","Local",24,211414.82,"CSP"
2024,"East Scarborough Storefront - MakeWay Charitable Society","City-wide",24,106984.41,"CSP"
2024,"East Toronto Family Community Centre","Local",14,80150.34,"CSP"
2024,"East York Meals on Wheels","Local",15,34564.2,"CSP"
2024,"East Yorker Gardeners","Local",14,4156.9,"PTCG"
2024,"Eat Together, Grow Together (Youth-Led General)","Local",24,5000,"CCRF"
2024,"Echo Effect: Youth Empowered (COVID19 Youth-led)","Local",7,5000,"CCRF"
2024,"Echo Women'S Choir","City-wide",13,12000,"TAC"
2024,"Eco-Just Youth Co-op","Local",9,6500,"NCAG"
2024,"Eldritch Theatre Incorporated","Local",19,12000,"TAC"
2024,"Eliana Cuevas Music Collective","City-wide",5,9000,"TAC"
2024,"ELLA    Account name comes up as YSPACE, York Univ","City-wide",7,20000,"BIC"
2024,"Elmbank JMA Parent Council","Neighbourhood",1,5000,"CCRF"
2024,"Elspeth Heyworth Centre for Women (North York)","Local",7,50344.44,"CSP"
2024,"Emerging Writers","City-wide",9,6921,"TAC"
2024,"Emotionart","Local",14,20000,"TAC"
2024,"Empower the Youth Foundation","Neighbourhood",21,5000,"CCRF"
2024,"Empowering Young Women","Local",21,3307.73,"INI"
2024,"Empowering Young Women","Local",22,3307.73,"INI"
2024,"Empowering Young Women","Local",24,3307.73,"INI"
2024,"ENAGB Indigenous Youth Agency","City wide",5,17000,"INI"
2024,"Engaged Communities","Local",15,60603.6,"YVP"
2024,"Engaged Communities","Local",15,20000,"TAC"
2024,"Engaged Communities Youth Team (COVID19 Youth-led)","Local",15,5000,"CCRF"
2024,"Engaged
Communities (Trustee: TNO- The Neighbourhood Organization)","Local",16,17000,"INI"
2024,"EPIC Leadership","Local",8,20000,"YCISI"
2024,"Epilepsy Toronto","Local",19,10000,"CFFP"
2024,"Epilepsy Toronto","City-wide",13,51216.3,"CSP"
2024,"Eritrean Canadian Community Center of Metropolitan Toronto","City-wide",12,36664.15,"CSP"
2024,"Eshkiniigjik Naandwechigegamig, Aabiish Gaa Binjibaaying - ENAGB Youth Program","City-wide",5,416174.8,"YVP"
2024,"Esmeralda Enrique Spanish Dance Company","City-wide",10,28000,"TAC"
2024,"Etobicoke Community Concert Band","Local",3,5090,"TAC"
2024,"Etobicoke Philharmonic Orchestra","Local",2,9900,"TAC"
2024,"Etobicoke Services for Seniors","Local",5,128233.73,"CSP"
2024,"EVANGEL HALL","City-Wide",10,31358,"HPP"
2024,"Eva's Initiatives for Homeless Youth","Local",10,35000,"BMFF"
2024,"Evergreen","Neighbourhood",11,30000,"CFIF"
2024,"Everything Ellse Artist's Collective (COVID19 Youth-led)","Neighbourhood",24,5000,"CCRF"
2024,"Extend-A-Family","City-wide",8,29337,"CSP"
2024,"Exultate Chamber Singers","City-wide",11,13885,"TAC"
2024,"Fabcollab","City-wide",11,30000,"TAC"
2024,"Factory Theatre","City-wide",10,169500,"TAC"
2024,"Fado Performance Inc.","City-wide",10,24000,"TAC"
2024,"Fairbank Village Business Improvement Area","Local",8,7500,"CFFP"
2024,"Fall For Dance North Festival Inc.","City-wide",18,23000,"TAC"
2024,"Falstaff's Hope 4 Youth (COVID19 Youth-led)","Neighbourhood",5,5000,"CCRF"
2024,"Family Service Toronto","City-wide",13,129788.83,"CSP"
2024,"Fashion Art Toronto","City-wide",9,10000,"TAC"
2024,"Fat Fables Collective","Neighbourhood",21,19350,"TAC"
2024,"FCJ Refugee Centre","Local",9,4600,"PTCG"
2024,"Federation of Asian Canadians Toronto","Local",23,10000,"CFFP"
2024,"Federation of Metro Tenants' Associations","City-wide",13,301136,"TTSP"
2024,"Federation of Metro Tenants' Associations","City-wide",13,425114,"TTSP"
2024,"Feed Scarborough","City-wide",20,10000,"BIC"
2024,"Fernie Works","Local",25,3505,"PTCG"
2024,"Festival Management Committee","Local",10,6e+05,"CFFP"
2024,"FH Miller Junior Public School Naturalist Club","Local",9,3992.94,"PTCG"
2024,"Findhelp Information Services","City wide",12,50000,"CB"
2024,"Findhelp Information Services","City-wide",12,752767.3,"CSP"
2024,"Finding Our Power Together","City-wide",11,1e+05,"TCS"
2024,"FINTECH CADENCE","City-wide",10,1e+05,"BIC"
2024,"Flaunt It Movement","Local",6,22000,"CH"
2024,"Flaunt It Movement","Local",6,7800,"TAC"
2024,"Flaunt It Movement","Neighbourhood",6,14700,"TAC"
2024,"Flemingdon Health Centre","Local",16,147796.4,"YVP"
2024,"Flemingdon Park Ministry","Local",16,4550,"PTCG"
2024,"Focus Media Arts Centre","Local",13,65000,"TAC"
2024,"Food for Thought","Local",22,15069.47,"INI"
2024,"FoodShare Toronto","City-wide",5,264050.01,"CSP"
2024,"Foodshare Toronto (trustee to Black Creek Community Fam)","Local",5,24200,"CH"
2024,"For You Telecare Family Service (FUTFS)","City-wide",16,19172.06,"CSP"
2024,"For Youth Initiative in Toronto","Local",5,147939.28,"CSP"
2024,"Forever Building","Neighbourhood",7,4750,"CCRF"
2024,"Franco-Fête","Local",10,5000,"CFFP"
2024,"Francophonie en Fete Corporation","Local",10,10000,"CFFP"
2024,"Franklin Horner Community Centre","City-wide",3,35960.38,"CSP"
2024,"Fred Victor","Local",13,4015,"PTCG"
2024,"FRED VICTOR CENTRE","City-Wide",13,52264,"HPP"
2024,"French Homework Club","Local",16,5000,"CCRF"
2024,"Fresh Start Food Bank","Neighbourhood",22,5000,"CCRF"
2024,"Friends From The Endz","Neighbourhood",4,9550,"TAC"
2024,"Friends of Agincourt","Local",22,3730,"NCAG"
2024,"Friends of Agincourt","Local",23,3730,"NCAG"
2024,"Friends Of Allan Gardens","Local",11,12500,"TAC"
2024,"Friends of Cornell Park","Local",24,8000,"FOR"
2024,"FRIENDS OF CORNELL PARK","Neighbourhood",24,5000,"CCRF"
2024,"Friends Of Parkway Forest Park","Local",17,20020,"TAC"
2024,"Friends of Regent Park","Neighbourhood",13,36795.6,"RPSDP"
2024,"From Jane & Finch with Love (Trustee: Jane/Finch Community and Family Centre)","Neighbourhood",7,16920,"INI"
2024,"Fu-Gen Theatre Company","City-wide",13,31360,"TAC"
2024,"Fujiwara Dance Inventions","City-wide",13,25000,"TAC"
2024,"Fusion Cardio Toronto","Local",4,4500,"TAC"
2024,"Gallery 44 Centre For Contemporary Photography","Local",10,89500,"TAC"
2024,"Gendai Collective","City-wide",4,7500,"TAC"
2024,"General Crerar's EcoSquad","Local",21,4200,"PTCG"
2024,"Generation Chosen (COVID19 Youth-led)","Local",7,5000,"CCRF"
2024,"Generator Performance","City-wide",11,40000,"TAC"
2024,"Generator Performance","Neighbourhood",11,15000,"TAC"
2024,"George Brown College","City-wide",13,20000,"BIC"
2024,"GEORGE BROWN COLLEGE OF APPLIE","City-wide",13,20000,"BIC"
2024,"Gerrard India Bazaar Business Improvement Area","Local",14,7500,"CFFP"
2024,"Get Her'd (Trustee: Jane/Finch Community and Family Centre)","Local",7,16950,"INI"
2024,"Ghaddi Nafsak Circle","Neighbourhood",9,15955.2,"INI"
2024,"Ghanafest","Local",1,15000,"TAC"
2024,"GLOBAL STARTUPS ACCELERATOR","City-wide",10,83861,"BIC"
2024,"Golha Initiative For Music And Culture","City-wide",11,9000,"TAC"
2024,"GOOD NEIGHBOURS CANADA","City-wide",23,20000,"BIC"
2024,"GOOD NEIGHBOURS' CLUB, THE","City-Wide",13,41811,"HPP"
2024,"GOOD SHEPHERD MINISTRIES","City-Wide",13,41811,"HPP"
2024,"GOVERNING COUNCIL OF THE SALVA","City-Wide",13,380806.38,"HIF"
2024,"G-Power'D Inc.","City-wide",15,11500,"TAC"
2024,"Greenprint Network, The","Local",7,22000,"CH"
2024,"Groupe Artisanal Féminin Francophone De L'Ontario","City-wide",24,29074,"TAC"
2024,"GROUPE IMPACT ON","City-wide",10,20000,"BIC"
2024,"Guild Festival Theatre","Local",24,7500,"CFFP"
2024,"Guild Festival Theatre","City-wide",24,18000,"TAC"
2024,"Guild Festival Theatre","Local",24,14000,"TAC"
2024,"Gumawa Space","Neighbourhood",11,15000,"TAC"
2024,"Gwai-yuk Gih'nendahmoen","Local",4,20000,"CBICGG"
2024,"Habi Habi Po Collective","Local",20,8000,"TAC"
2024,"Hand Eye Society","City-wide",10,15000,"TAC"
2024,"Haneen Organization","City-wide",10,20000,"TAC"
2024,"Happy Everyday Parent Council","Local",1,5000,"CCRF"
2024,"Harbourfront Centre","Local",10,1315500,"COOP"
2024,"Harriet Tubman Community Organization","Local",17,35000,"BMFF"
2024,"Harriet Tubman Community Organization","Local",17,62221.23,"CSP"
2024,"Harriet Tubman Community Organization","Local",6,125040,"YVP"
2024,"Healing out of Town (COVID19 Youth-led)","Neighbourhood",5,5000,"CCRF"
2024,"Hearth","City-wide",9,6000,"TAC"
2024,"Hemophilia Ontario","City-wide",18,33003.41,"CSP"
2024,"Hercinia Arts Collective","Local",10,18750,"TAC"
2024,"Hercinia Arts Collective","Local",10,20000,"TAC"
2024,"Hercinia Arts Collective","Local",10,13950,"TAC"
2024,"Heritage Skills Development Center (Hsdc)","Local",21,18750,"TAC"
2024,"Heritage Skills Development Centre","Local",21,20000,"CFFP"
2024,"Heritage Skills Development Centre","Local",20,35000,"BMFF"
2024,"Highland Creek EcoTeam","Local",25,1970,"PTCG"
2024,"Hillcrest Green Team","Local",12,4304.3,"PTCG"
2024,"Holistic Youth United","Local",7,5000,"CCRF"
2024,"HOMEFRONT COMMUNITY SERVICES","Local",24,5000,"CCRF"
2024,"Homes First Society","Local",13,315000,"AASSP"
2024,"Hong Fook Mental Health Association","City-wide",22,29337,"CSP"
2024,"Horizon Youth Academy","City-wide",19,18000,"TAC"
2024,"HOT DOCS","City-wide",13,18700,"BIC"
2024,"Hot Docs","City-wide",11,190000,"TAC"
2024,"Human Cargo","City-wide",14,12000,"TAC"
2024,"Humber River Pals","Local",5,7500,"NCAG"
2024,"Humberside Environmental Action Team","Local",4,2216.04,"PTCG"
2024,"i Impact (COVID19 Youth-led)","Local",12,5000,"CCRF"
2024,"Ic Contemporary","City-wide",10,7600,"TAC"
2024,"Imaginenative Film + Media Arts Festival","City-wide",10,84000,"TAC"
2024,"Indigenous Curatorial Collective","City-wide",10,17000,"TAC"
2024,"Indigenous Fashion Arts","Local",13,10000,"CFFP"
2024,"Indigenous Teachings 101","Local",11,20000,"CBICGG"
2024,"INDUS ENTREPRENEURS TORONTO AS","City-wide",10,20000,"BIC"
2024,"Injaz","Local",21,16965.3,"INI"
2024,"Inside Out Lesbian And Gay Film Festival Inc.","City-wide",10,52000,"TAC"
2024,"Inspirad@S","City-wide",12,7950,"TAC"
2024,"Inspiring Community Dance Connections (COVID19 Youth-led)","Local",7,4160,"CCRF"
2024,"Interaccess","City-wide",9,51000,"TAC"
2024,"International Indigenous Librarians Forum","Local",19,20000,"CBICGG"
2024,"International Readings At Harbourfront","City-wide",10,161000,"TAC"
2024,"Intersection Music & Arts","Local",13,7000,"CFFP"
2024,"Inwit Solutions Inc.","City-wide",10,35000,"CFIF"
2024,"Ipsita Nova Dance Projects","City-wide",9,34000,"TAC"
2024,"Iranian Women's Organization of Ontario","City-wide",17,42861.88,"CSP"
2024,"Islington Seniors' Centre","Neighbourhood",3,43276.19,"CSP"
2024,"Ismailova Theatre Of Dance","Local",6,22000,"TAC"
2024,"It'S Ok Community Arts","City-wide",11,20000,"TAC"
2024,"It's OK Community Arts (trustee to EastMind Collective)","Local",11,4070,"CH"
2024,"Jaberi Dance Theatre","City-wide",14,22000,"TAC"
2024,"Jakarundi Graphics Collective","Local",10,13042,"StART PP"
2024,"Jamii","Local",13,24000,"TAC"
2024,"Jane & Finch Community
Empowerment Group","Neighbourhood",7,17000,"INI"
2024,"Jane Alliance Neighbourhood Services (JANS)","Local",5,204022.56,"YVP"
2024,"Jane/Finch Community & Family Centre (trustee to Murial Lopez Silva)","Local",7,5500,"CH"
2024,"Jane/Finch Community and Family Centre","Local",1,208400,"YVP"
2024,"Jane/Finch Community and Family Centre","Local",7,209515.68,"CSP"
2024,"Janestreetspeaks","Neighbourhood",7,10250,"TAC"
2024,"Japanese Social Services","City-wide",16,36664.16,"CSP"
2024,"Jasad Dance Projects","City-wide",4,9300,"TAC"
2024,"JAYU","City-wide",10,53000,"YCISI"
2024,"Jayu Festival Inc.","City-wide",10,28000,"TAC"
2024,"JAYU Festival Inc.","Local",10,22000,"CH"
2024,"Jean Augustine Centre for Young Women's Empowerment","City-wide",3,35000,"BMFF"
2024,"Jeng Yi","Local",18,13500,"TAC"
2024,"Jeng Yi","City-wide",18,12500,"TAC"
2024,"Jerry Rugg Art","Local",19,20000,"StART PP"
2024,"Jessie's, The June Callwood Centre for Young Women","City-wide",13,27537.84,"CSP"
2024,"John Howard Society of Ontario","Local",13,62100,"StART PP"
2024,"John Howard Society of Toronto","Local",3,5000,"CCRF"
2024,"Jubilate Singers","City-wide",11,5000,"TAC"
2024,"Jumblies Theatre","City-wide",10,89200,"TAC"
2024,"Kababayan Community Service Centre Inc.","City-wide",4,42271.62,"CSP"
2024,"Kaeja D'Dance","City-wide",11,37600,"TAC"
2024,"Kaha:Wi Dance Theatre","City-wide",11,45000,"TAC"
2024,"Kashedance","Local",13,19500,"TAC"
2024,"KCWA Family and Social Services","City-wide",18,49944.98,"CSP"
2024,"KDE (COVID19 Youth-led)","Neighbourhood",4,5000,"CCRF"
2024,"KEIRETSU FORUM CANADA","City-wide",10,20000,"BIC"
2024,"Ken Galloway","Local",10,18000,"StART PP"
2024,"Kensington Market Jazz Festival","Local",11,10000,"TAC"
2024,"Kick Start Arts","Local",15,53000,"YCISI"
2024,"Kids with Incarcerated Parents","Local",7,206316,"YVP"
2024,"Kj Bit","Local",11,8000,"TAC"
2024,"Koffler Centre Of The Arts","City-wide",10,32400,"TAC"
2024,"Koffler Centre Of The Arts","City-wide",10,9000,"TAC"
2024,"Korean Artists Society Of Canada","City-wide",6,9000,"TAC"
2024,"Korean Dance Studies Society Of Canada","Local",16,17000,"TAC"
2024,"Kseniya Tsoy","Local",14,8000,"StART PP"
2024,"Kune Global Music","City-wide",9,11200,"TAC"
2024,"Kuru Crew","City-wide",19,3213,"TAC"
2024,"Kwentong Bayan Collective","City-wide",9,8000,"TAC"
2024,"KWH Youth Initiative","Neighbourhood",7,17000,"INI"
2024,"L’Amoreaux Community Crisis Team (COVID19 Youth-led)","Local",22,5000,"CCRF"
2024,"La Cueva","City-wide",11,9300,"TAC"
2024,"La Passerelle-I.D.É.","City-wide",13,79548.73,"CSP"
2024,"Labyrinth Musical Workshop Ontario","Local",12,20000,"TAC"
2024,"Labyrinth Musical Workshop Ontario","City-wide",12,13500,"TAC"
2024,"Lakeshore Area Multi-Service Project (LAMP)","Local",3,101479.11,"CSP"
2024,"Lakeshore Area Multi-services Project (LAMP)","Local",3,150000,"TCS"
2024,"Lakeshore Arts","Local",3,305966,"LASO"
2024,"Lal Inc.","City-wide",9,12500,"TAC"
2024,"LAMP - LAKESHORE AREA MULTI-SE","City-Wide",3,41811,"HPP"
2024,"Lao Association of Ontario","City-wide",6,39609.78,"CSP"
2024,"Latin American Art Projects","City-wide",10,25000,"TAC"
2024,"Latino Canadian Cultural Association","Local",12,20000,"TAC"
2024,"Latino Canadian Cultural Association","City-wide",12,9500,"TAC"
2024,"Latvian Senior Citizens' Association","City-wide",16,14109.45,"CSP"
2024,"Lay-Up Youth Basketball","Neighbourhood",10,15000,"TAC"
2024,"Le Laboratoire D'Art","City-wide",10,18000,"TAC"
2024,"Le Theatre Francais De Toronto","City-wide",11,115000,"TAC"
2024,"LEAF - Local Enhancement and Appreciation of Forests","City Wide",12,32000,"FOR"
2024,"LEAF - Local Enhancement and Appreciation of Forests","City Wide",12,1e+05,"FOR"
2024,"League Of Canadian Poets","City-wide",11,19100,"TAC"
2024,"Learn and Grow Empringham","Neighbourhood",25,5000,"CCRF"
2024,"Learning Disabilities Association of Toronto","City-wide",18,75229.62,"CSP"
2024,"Les Centres d'Accueil Heritage","City-wide",10,76228.52,"CSP"
2024,"Lesbian Gay Bi Trans Youth Line","City-wide",13,53185.73,"CSP"
2024,"Leyland Adams","Local",9,65300,"StART PP"
2024,"Liaison Of Independent Filmmakers Of Toronto","City-wide",9,82000,"TAC"
2024,"Liaison Of Independent Filmmakers Of Toronto","City-wide",9,20000,"TAC"
2024,"LIL SIS","Local",13,53000,"YCISI"
2024,"Little Pear Garden Dance Company","City-wide",17,18000,"TAC"
2024,"Little Portugal Toronto BIA","Local",9,20000,"CFFP"
2024,"LOFT COMMUNITY SERVICES","City-Wide",13,750000,"HIF"
2024,"Long Branch Neighbourhood Association","Local",3,55450,"FOR"
2024,"Long Winter","City-wide",9,20000,"TAC"
2024,"Lookup Theatre","City-wide",9,9000,"TAC"
2024,"Loop Sessions Toronto","City-wide",14,12000,"TAC"
2024,"Lost Creek Collective","Local",19,6400,"NCAG"
2024,"Lovers Of Planet Earth","Local",16,7500,"NCAG"
2024,"Loyola Arrupe Centre for Seniors","City-wide",9,27605.96,"CSP"
2024,"Lua Shayenne Dance Company","City-wide",14,20000,"TAC"
2024,"Lula Music And Arts Centre","City-wide",9,75000,"TAC"
2024,"Lumacare Services","City-wide",7,121351.43,"CSP"
2024,"Lumenus","City-wide",17,390000,"TCS"
2024,"Luminato Festival Toronto","City",10,5500,"CH"
2024,"Maawnj Jiigbiik","Local",21,20000,"CBICGG"
2024,"Mabelle Arts","Local",3,10000,"YCISI"
2024,"Mabellearts","Local",9,32000,"TAC"
2024,"Macaulay Child Development","Local",4,150000,"TCS"
2024,"Maher Circle Pollinator Garden Project Team","Local",4,2450,"PTCG"
2024,"Making Art.Making Change","Local",11,8000,"TAC"
2024,"Malvern Family Resource Centre","Local",25,243913.11,"CSP"
2024,"Malvern Family Resource Centre","Local",25,25000,"LLG"
2024,"Malvern Family Resource Centre","Local",25,1e+05,"TCS"
2024,"Malvern Family Resource Centre","Local",25,312600,"CSP"
2024,"Mammalian Diving Reflex Theatre Group","City-wide",10,25000,"TAC"
2024,"Mammalian Diving Reflex Theatre Group","Local",10,20000,"TAC"
2024,"Mammalian Diving Reflex Theatre Group","Local",10,20000,"TAC"
2024,"Manitou","Local",16,20000,"CBICGG"
2024,"MARGARETS HOUSING AND COMMUNIT","City-Wide",14,72811,"HPP"
2024,"Marginalized Majority","City-wide",10,20000,"TAC"
2024,"Markbrook Residents Group","Local",1,7500,"NCAG"
2024,"Mason Road PS Eco Club","Local",20,1941.45,"PTCG"
2024,"Matthew-John Day Care Centre of Toronto","Neighbourhood",14,4143.37,"CCRF"
2024,"Mayworks Festival","City-wide",11,30000,"TAC"
2024,"MCCT Garden Faeries","Local",14,4300,"PTCG"
2024,"Media Arts Network Of Ontario","Local",9,15000,"TAC"
2024,"Melody Pollinates","Local",1,4698,"PTCG"
2024,"Mental Health 
Matters (MHM)","Neighbourhood",13,95691.22,"RPSDP"
2024,"Mental Health Day (COVID19 Youth-led)","Local",20,5000,"CCRF"
2024,"Mental Health Matters (COVID19 Youth-led)","Local",13,4999.6,"CCRF"
2024,"Mercer Union, A Centre For Contemporary Visual Art","City-wide",9,72500,"TAC"
2024,"Metropolitan Action Committee on Violence Against Women and Children (METRAC: Action on Violence)","City-wide",11,387073.58,"CSP"
2024,"MIC Check","Neighbourhood",21,19000,"INI"
2024,"Midaynta Community Services","Local",1,35000,"BMFF"
2024,"Midynta Community Services","Local",5,208400,"YVP"
2024,"Millo Dance Projects","Local",4,17930,"TAC"
2024,"Minor Break","Local",1,5000,"CCRF"
2024,"Mixed Company Theatre","City-wide",12,18825,"TAC"
2024,"Mobile Arts Programming Association","Local",9,7750,"TAC"
2024,"Modern Batik Couture","Local",6,13000,"TAC"
2024,"Modern Times Stage Company","City-wide",10,44000,"TAC"
2024,"Moksha Canada Foundation","Local",21,20000,"CFFP"
2024,"Momiji Health Care Society","City-wide",24,45166.15,"CSP"
2024,"Momxwyfe","Neighbourhood",4,10000,"TAC"
2024,"Mood Disorders Association of Ontario and Toronto","City-wide",8,22015.52,"CSP"
2024,"Moonhorse Dance Theatre","City-wide",13,20000,"TAC"
2024,"Moorish Family Services","Neighbourhood",5,4999,"CCRF"
2024,"Mural Routes Inc.","City-wide",20,35000,"TAC"
2024,"Museum of Contemporary Art Toronto","Local",9,321312,"COOP"
2024,"Museum Of Toronto History","Neighbourhood",10,15000,"TAC"
2024,"Music Africa Of Canada Inc.","City-wide",12,43375,"TAC"
2024,"Music Around The Corner","City-wide",4,1500,"TAC"
2024,"Music From Hope","Local",14,20000,"TAC"
2024,"Music Toronto","City-wide",12,55360,"TAC"
2024,"Muslim Literary Festival","City-wide",14,8000,"TAC"
2024,"Nagata Shachu Japanese Taiko And Music Group","Local",23,19650,"TAC"
2024,"Nagata Shachu Japanese Taiko And Music Group","Local",23,17200,"TAC"
2024,"Nagata Shachu Japanese Taiko And Music Group","City-wide",23,28000,"TAC"
2024,"NA-ME-RES (NATIVE MEN'S","City-Wide",12,461716,"HIF"
2024,"National Shevchenko Musical Ensemble Guild Of Canada","City-wide",11,6075,"TAC"
2024,"Native Canadian Centre of Toronto","Local",10,10000,"CFFP"
2024,"Native Canadian Centre of Toronto","City-wide",11,179926.78,"CSP"
2024,"NATIVE CHILD & FAMILY SERVICES","City-Wide",13,41811,"HPP"
2024,"Native Child and Family Services of Toronto","City-wide",13,146492.02,"CSP"
2024,"Native Earth Performing Arts Inc.","City-wide",13,1e+05,"TAC"
2024,"Native Women In The Arts","City-wide",10,40000,"TAC"
2024,"Native Women’s Resource Centre of Toronto (NWRCT) and Friends of Allan Gardens","Local",13,4940,"PTCG"
2024,"Native Women's Resource Centre","City-wide",13,112387.55,"CSP"
2024,"Ndabaga Collective","City-wide",19,15000,"TAC"
2024,"Necessary Angel Theatre Company","City-wide",10,60300,"TAC"
2024,"NEIGHBOURHOOD GROUP COMMUNITY","City-Wide",11,62717,"HPP"
2024,"NEIGHBOURHOOD GROUP COMMUNITY","City-Wide",11,556000,"HPP"
2024,"NEIGHBOURHOOD GROUP COMMUNITY","City-Wide",11,747824,"HPP"
2024,"Neighbourhood Group Community Services, The","Local",13,777166.9,"CSP"
2024,"NeighbourLink North York","Local",18,7500,"CFFP"
2024,"New Canadian Community Centre","City-wide",22,55336.76,"CSP"
2024,"New Music Concerts","City-wide",10,52250,"TAC"
2024,"New Tradition Music","Local",7,22000,"CH"
2024,"New Tradition Music","Local",7,15000,"TAC"
2024,"NEWCOMER KITCHEN INC","City-wide",10,20000,"BIC"
2024,"Newcomer Women's Services Toronto","City-wide",14,52799.79,"CSP"
2024,"Next Generation Arts","Local",24,53000,"YCISI"
2024,"Next Generation Arts","Local",24,15000,"TAC"
2024,"Nia Centre for the Arts","City",12,5500,"CH"
2024,"Nia Centre for the Arts","Local",12,35000,"BMFF"
2024,"Nia Centre For The Arts","City-wide",12,50000,"TAC"
2024,"Nightswimming Repertory Theatre","Local",13,19000,"TAC"
2024,"Nightwood Theatre","City-wide",13,79000,"TAC"
2024,"NIP Information Post (Neighbourhood Information Post)","Neighbourhood",13,50580.64,"CSP"
2024,"Nish Cultural Cuzzins","Local",17,20000,"CBICGG"
2024,"Nishnawbe Homes","City wide",13,30000,"LLG"
2024,"NOBELLUM ENTERPRISE","City-wide",25,20000,"BIC"
2024,"NORTH ACSA - AGINCOURT COMMUNITY SER","City-Wide",22,41811,"HPP"
2024,"North York Arts","Local",18,299908,"LASO"
2024,"North York Community House","Local",8,262591.4,"CSP"
2024,"North York Harvest Food Bank","City-wide",5,29337,"CSP"
2024,"NORTH YORK HARVEST FOOD BANK","City-Wide",5,412610,"HPP"
2024,"North York Seniors Centre","Neighbourhood",18,114056.16,"CSP"
2024,"North York Women's Resource Centre","Local",5,62658.24,"CSP"
2024,"Northern Visions Independent Video & Film Association","City-wide",10,58000,"TAC"
2024,"November Theatre","City-wide",14,10000,"TAC"
2024,"Nurturing Youth Excellence","Neighbourhood",7,4900,"CCRF"
2024,"Oakwood Vaugha","Neighbourhood",12,5000,"CCRF"
2024,"Oakwood Vaughan Healthy Aging Group","Local",12,4447.5,"CCRF"
2024,"Obsidian Theatre Company Inc.","City-wide",14,75000,"TAC"
2024,"OCAD University","Local",10,4800,"PTCG"
2024,"OCASI - Ontario Council of Agencies Serving Immigrants","City-wide",8,35233.91,"CSP"
2024,"Onsite Gallery At Ocad University","City-wide",10,15000,"TAC"
2024,"Ontario Association Of Art Galleries","City-wide",10,24000,"TAC"
2024,"Open Book Foundation","City-wide",12,19000,"TAC"
2024,"Open Studio","City-wide",10,73000,"TAC"
2024,"Opera Atelier","City-wide",13,68400,"TAC"
2024,"Opera In Concert","City-wide",14,30000,"TAC"
2024,"Operaq","City-wide",4,9000,"TAC"
2024,"Opportunity For Advancement","City-wide",9,58639.95,"CSP"
2024,"Oral Method","City-wide",11,7950,"TAC"
2024,"Orchestra Toronto","City-wide",18,22000,"TAC"
2024,"Organization Of Calypso Performing Artistes (Ocpa)","City-wide",20,13500,"TAC"
2024,"Oriana Women'S Choir","City-wide",14,18000,"TAC"
2024,"Orpheus Choir Of Toronto","City-wide",3,27000,"TAC"
2024,"Outside Looking In","City-wide",10,13500,"TAC"
2024,"Outside The March Theatre Company Inc","City-wide",9,23000,"TAC"
2024,"Outside Together","Local",1,5433.33333333333,"INI"
2024,"Outside Together","Local",7,5433.33333333333,"INI"
2024,"Palan","City-wide",4,7600,"TAC"
2024,"PAL-Reading Services Inc.","City-wide",13,19523.94,"CSP"
2024,"Pan Arts Network","City-wide",25,8800,"TAC"
2024,"Panoply Theatre Collective","Local",11,9000,"TAC"
2024,"Paprika Theatre Festival","City-wide",9,20000,"TAC"
2024,"Parampara Canada","Local",21,10000,"CFFP"
2024,"PARKDALE ACTIVITY RECREATION","City-Wide",4,52264,"HPP"
2024,"PARKDALE CENTRE FOR INNOVATION","City-wide",4,50000,"BIC"
2024,"Parkdale CI (COVID19 Youth-led)","Neighbourhood",4,5000,"CCRF"
2024,"Parkdale Golden Age Foundation","Neighbourhood",4,71285.11,"CSP"
2024,"Parkdale Intercultural Association (Toronto)","Neighbourhood",4,82080.03,"CSP"
2024,"PARKDALE QUEEN WEST COMMUNITY HEALTH CENTRE","City-Wide",4,1523717,"HPP"
2024,"PARO Centre for Women's Enterprise","City-wide",18,20000,"BIC"
2024,"Pax Christi Chorale","City-wide",17,20000,"TAC"
2024,"PEACH","Local",7,5000,"CH"
2024,"PEACH (trustee to Duraa David)","Local",7,2916.2,"CH"
2024,"Pemmican Collective","City-wide",13,14000,"TAC"
2024,"Pemmican Collective","City-wide",13,12000,"TAC"
2024,"Pencil Kit Productions","City-wide",9,11000,"TAC"
2024,"Peripheral Theatre","City-wide",12,17000,"TAC"
2024,"Phemphat Entertainment Group","City-wide",11,10000,"TAC"
2024,"Philippine Legacy and Cultural Alliance","Local",13,7500,"CFFP"
2024,"Pinceles Latinos Art Studio","Local",7,8000,"TAC"
2024,"Pink Door Society","Local",13,17000,"INI"
2024,"Planet In Focus","City-wide",10,25000,"TAC"
2024,"Play Forever (trustee to Jamal Omar)","Local",5,5500,"CH"
2024,"Playwrights Guild Of Canada","City-wide",10,25000,"TAC"
2024,"Pleiades Theatre","City-wide",10,19000,"TAC"
2024,"Positive Initiatives","Local",25,5000,"CCRF"
2024,"Pounds Per Square Inch Performance","City-wide",9,23000,"TAC"
2024,"Pratibha Arts","City-wide",10,17000,"TAC"
2024,"Pride Toronto","Local",13,260000,"CFFP"
2024,"Proartedanza Performance Inc","City-wide",14,15000,"TAC"
2024,"Professional Association Of Canadian Theatres","City-wide",13,9000,"TAC"
2024,"PROGRESS PLACE REHABILITATION","City-Wide",5,10453,"HPP"
2024,"Project G.I.A. (Girls in Alliance) (COVID19 Youth-led)","Local",1,5000,"CCRF"
2024,"Project Redefine Arts","City-wide",13,26000,"TAC"
2024,"Project: Humanity Inc.","Local",8,15000,"TAC"
2024,"Prologue To The Performing Arts","City-wide",10,35000,"TAC"
2024,"Promoting Education and Community Health (PEACH)","Local",7,35000,"BMFF"
2024,"Promoting Education and Community Health (PEACH)","Neighbourhood",7,74985.57,"CSP"
2024,"Prosserman Jewish Community Centre","City-wide",6,16776.97,"CSP"
2024,"Public Recordings Performance Projects","City-wide",4,20400,"TAC"
2024,"Puppetmongers Theatre","City-wide",11,8000,"TAC"
2024,"QSLA","Local",9,5000,"CCRF"
2024,"Queen West Art Crawl","Local",4,10000,"CFFP"
2024,"R.I.S.E Arts And Community Services","City-wide",21,39000,"TAC"
2024,"Racial Justice Fund","City-wide",9,13500,"TAC"
2024,"Raging Asian Women Taiko Drummers","City-wide",5,20000,"TAC"
2024,"Rainbow Circus","Neighbourhood",14,12750,"TAC"
2024,"Rainbow'S Pride In Scarborough","Neighbourhood",10,19476,"TAC"
2024,"Rainbows Pride in Scarborough (RPIS) (trustee: SCARBOROUGH ARTS)","Local",21,9500,"INI"
2024,"Rainbows Pride in Scarborough (RPIS) (trustee: SCARBOROUGH ARTS)","Local",24,9500,"INI"
2024,"Ralph Thornton Community Centre","Neighbourhood",14,43219.43,"CSP"
2024,"Rave Angels","Neighbourhood",11,9955,"TAC"
2024,"Ravel Church Properties","Local",17,1340,"PTCG"
2024,"Reason D'Etre Dance Productions","City-wide",4,17000,"TAC"
2024,"Reassemblage Collective","City-wide",4,9000,"TAC"
2024,"Red Pepper Spectacle Arts","City-wide",11,42000,"TAC"
2024,"Red Sky Performance","City-wide",10,50000,"TAC"
2024,"Redbred","Local",12,20000,"CBICGG"
2024,"Regent Park Community Health Centre","Neighbourhood",13,150000,"TCS"
2024,"Regent Park Film Festival","City-wide",13,36000,"TAC"
2024,"Regent Park Film Festival","Local",13,12000,"TAC"
2024,"Regent Park Lacrosse Camp","Local",13,20000,"CBICGG"
2024,"Regent Park OUTLOUD","Neighbourhood",13,37200,"RPSDP"
2024,"Regent Park Safety Network","Neighbourhood",13,36284.54,"RPSDP"
2024,"Reggae Toronto","City-wide",12,8000,"TAC"
2024,"REMIX PROJECT, THE","City-wide",10,20000,"BIC"
2024,"Remix Project, The (trustee to Tommy Kasi)","Local",7,5500,"CH"
2024,"Renaissance Canadian Theatre Company","City-wide",14,18000,"TAC"
2024,"Renaissance Projects","City-wide",10,7450,"TAC"
2024,"Residents First","Local",8,5000,"PTCG"
2024,"Residents for Residents","Local",24,5000,"CCRF"
2024,"Resilient Voices Collective","Local",7,5000,"CCRF"
2024,"Rexdale Community Health Centre","Local",1,833600,"YVP"
2024,"Rexdale Community Health Centre","Local",1,190545.77,"CSP"
2024,"Rexdale Community Health Centre","Local",1,208400,"YVP"
2024,"Rexdale Community Hub","Local",1,352708.03,"CSP"
2024,"Rexdale Women's Centre","Local",1,122053.04,"CSP"
2024,"Rhythm & Roots: Regent Park Women's Dance Collective","Neighbourhood",13,1700,"RPSDP"
2024,"Ringfire Productions","Local",11,3300,"StART PP"
2024,"RISE Arts and Community Services","Local",25,20000,"YCISI"
2024,"Rise Together Youth Network","Local",1,5000,"CCRF"
2024,"Ritten-House","Local",13,7979,"TAC"
2024,"Riverdale Environmental Action League","Local",14,3111.9,"PTCG"
2024,"Riverside Business Improvement Area","Local",14,7000,"CFFP"
2024,"Ronald Taylor Dance","City-wide",13,9300,"TAC"
2024,"Roncesvalles Village BIA","Local",4,10000,"CFFP"
2024,"Roseneath Theatre","City-wide",9,73000,"TAC"
2024,"Ross Iaydjiev & Rowell Soller","Local",13,63480,"StART PP"
2024,"Rouge Butterflyway Group","Local",25,4596.63,"PTCG"
2024,"Rwandan Canadian Healing Centre","City-wide",13,35000,"BMFF"
2024,"S.Y.S.T.E.M (Somali Youth in STEM)","Local",5,5000,"CCRF"
2024,"Sackaney Art","Local",21,20000,"CBICGG"
2024,"Sacred Circle Wellness Collective","Local",13,20000,"CBICGG"
2024,"Sacred Earth Guardians","Local",14,20000,"CBICGG"
2024,"Safe Place","Neighbourhood",21,17000,"INI"
2024,"SafeCommunity Watch","Local",3,5000,"CCRF"
2024,"Saga Collectif","City-wide",4,10000,"TAC"
2024,"Salon Du Livre De Toronto","City-wide",11,15000,"TAC"
2024,"Salsa in Toronto","Local",9,1e+05,"CFFP"
2024,"San Romanoway Revitalization Association","Local",7,7000,"CFFP"
2024,"San Romanoway Revitalization Association","Local",7,35000,"BMFF"
2024,"San Romanoway Revitalization Association","Local",7,112531.61,"CSP"
2024,"Sanctuary Toronto","Local",13,5000,"CCRF"
2024,"Santa Maria School","Local",5,3711,"PTCG"
2024,"Sara Porter Productions","City-wide",12,17000,"TAC"
2024,"Savac","City-wide",10,51100,"TAC"
2024,"Scadding Court Community Centre","Neighbourhood",10,34600,"CFIF"
2024,"Scadding Court Community Centre Incorporated","Neighbourhood",10,216148.24,"CSP"
2024,"Scarborough Arts","Local",20,310374,"LASO"
2024,"Scarborough Centre for Healthy Communities","Local",24,539550.76,"AASSP"
2024,"Scarborough Centre for Healthy Communities","Local",24,208400,"YVP"
2024,"Scarborough Centre for Healthy Communities","Local",24,229264.48,"CSP"
2024,"Scarborough Centre for Healthy Communities","Local",24,1e+05,"TCS"
2024,"Scarborough Community Unity Initiative (SCUI)","Local",20,4986,"CCRF"
2024,"Scarborough Environmental Assoc-Free Community Bike Repair","Local",21,7500,"NCAG"
2024,"Scarborough Environmental Assoc-Sewing Program","Local",21,6500,"NCAG"
2024,"Scarborough Food Security Initiative","Neighbourhood",18,28670,"CFIF"
2024,"Scarborough Junction Community","Local",20,6800,"NCAG"
2024,"Scarborough Made","Local",24,20000,"TAC"
2024,"Scarborough Philharmonic Orchestra","City-wide",21,23000,"TAC"
2024,"Scarborough Women's Centre","Neighbourhood",24,45188.85,"CSP"
2024,"Scarborough Youth Mental Health Alliance","Local",22,5000,"CCRF"
2024,"Scarborough Zero Waste","Local",20,2500,"NCAG"
2024,"Scarborough Zero Waste","Local",21,2500,"NCAG"
2024,"Scarborough Zero Waste","Local",25,2500,"NCAG"
2024,"Scarbrite","Neighbourhood",25,14950,"TAC"
2024,"Scarlettwood Warriors for Change","Local",2,7500,"NCAG"
2024,"Schulich School of Business, York University","City-wide",7,20000,"BIC"
2024,"SCOTT MISSION, THE","City-Wide",11,62411,"HPP"
2024,"SDP
Employment and Economic Development","Neighbourhood",13,53133.96,"RPSDP"
2024,"Senior Persons Living Connected","Local",22,122558.16,"CSP"
2024,"Senior Tamils' Centre of Ontario","City-wide",23,73209.12,"CSP"
2024,"Settlement Assistance and Family Support Services (SAFSS)","Local",24,64650.37,"CSP"
2024,"Shadowland Theatre","Local",10,20000,"TAC"
2024,"Shadowland Theatre","Local",10,21800,"TAC"
2024,"Shadowland Theatre","Local",10,20000,"TAC"
2024,"Shakespeare In The Ruff","City-wide",11,17000,"TAC"
2024,"SHERBOURNE HEALTH CENTRE","City-Wide",13,18104,"HPP"
2024,"Shoot for Peace","City wide",14,17000,"INI"
2024,"Shoot For Peace","Local",14,20000,"TAC"
2024,"Shoot For Peace","Neighbourhood",14,14970,"TAC"
2024,"Sick Muse Art Projects","City-wide",9,12000,"TAC"
2024,"Sick Stories","City-wide",4,19896,"TAC"
2024,"SickKids Centre for Community Mental Health","Local",6,150000,"TCS"
2024,"Silent Voice Canada Inc.","City-wide",12,39167.07,"CSP"
2024,"Silverfish Magazine","City-wide",4,7500,"TAC"
2024,"Sinfonia Toronto","City-wide",17,12350,"TAC"
2024,"Sistaz In Sound","Local",1,5000,"CCRF"
2024,"Sistema Toronto Academy","Local",4,7000,"TAC"
2024,"Sketch Working Arts For Street-Involved And Homeless Youth","City-wide",10,125000,"TAC"
2024,"Small World Music","City-wide",10,20000,"BIC"
2024,"Small World Music Society","City-wide",10,73000,"TAC"
2024,"Smile For Sache","Local",1,16978.72,"INI"
2024,"Smile for Sache (COVID19 Youth-led)","Neighbourhood",7,5000,"CCRF"
2024,"Social Ventures Zone","City-wide",13,20000,"BIC"
2024,"Society of Sharing: Inner-City Volunteers","Local",13,20267.44,"CSP"
2024,"Socirc","City-wide",11,20000,"TAC"
2024,"Somali Canadian Association of Etobicoke","Local",1,29337,"CSP"
2024,"Somali Women's and Children's Support Network","Local",1,35000,"BMFF"
2024,"Somali Women's and Children's Support Network","City-wide",1,51046.04,"CSP"
2024,"Somali Youth Wellness Fair","Neighbourhood",7,5000,"CCRF"
2024,"Soulpepper Theatre Company","Local",10,10000,"YCISI"
2024,"Soulpepper Theatre Company","City-wide",10,461000,"TAC"
2024,"Soundcheck Youth Arts Inc.","City-wide",8,20000,"TAC"
2024,"SoundStock Academy (trusteed by The Remix Project)","Local",10,53000,"YCISI"
2024,"Soundstreams","City-wide",13,88000,"TAC"
2024,"SOUTH ACSA - AGINCOURT COMMUNITY SER","City-Wide",24,41811,"HPP"
2024,"South Asian Women's Centre","City-wide",9,109958.4,"CSP"
2024,"South Riverdale Community Health Centre","Local",14,119862.27,"CSP"
2024,"Southern Currents Film & Video Collective","City-wide",9,20000,"TAC"
2024,"SPARC","Local",22,16908,"INI"
2024,"Spirit Sisters Collective","Local",10,20000,"CBICGG"
2024,"SPRINT Senior Care ( SPRINT - Senior People's Resources Toronto)","Local",12,120997.38,"CSP"
2024,"St James Town Residents Council (COVID19 Youth-Led)","Neighbourhood",13,5000,"CCRF"
2024,"ST JOHN THE COMPASSIONATE MISS","City-Wide",14,28223,"HPP"
2024,"St. Alban's Boys and Girls Club","Local",11,243016.37,"CSP"
2024,"St. Clair O'Connor Community Inc.","Neighbourhood",19,22486.59,"CSP"
2024,"St. James Town Youth Green Team","Local",13,7482,"NCAG"
2024,"St. Jamestown Youth United","Neighbourhood",13,5000,"CCRF"
2024,"St. Joseph’s Pollinator Garden Committee","Local",4,5000,"PTCG"
2024,"St. Matthew's Bracondale House","Neighbourhood",12,60467.48,"CSP"
2024,"St.Luigi School Garden Brigade","Local",9,4187.7,"PTCG"
2024,"STARTUP FASHION WEEK","City-wide",10,10000,"BIC"
2024,"Stay Golden","Local",17,53000,"YCISI"
2024,"Stay Golden","Neighbourhood",21,17000,"INI"
2024,"STEPS Initiative, The","Local",10,22000,"CH"
2024,"Steps Public Art","Local",10,20000,"TAC"
2024,"Steps Public Art","Local",10,20000,"TAC"
2024,"Steps Public Art","Local",10,13500,"TAC"
2024,"STEPS Public Art","Local",12,17000,"StART PP"
2024,"Stolen From Africa","City-Wide",22,35000,"BMFF"
2024,"Stonegate Community Association","Local",3,109810.85,"CSP"
2024,"STOP COMMUNITY FOOD CENTRE, TH","City-Wide",12,67943,"HPP"
2024,"Stop The Bleed Training","Neighbourhood",24,3230,"CCRF"
2024,"Strange Maker Collective","City-wide",6,15000,"TAC"
2024,"StressLess Strollers","Local",18,5000,"CCRF"
2024,"Stressless Strollers","Local",18,5000,"CCRF"
2024,"Strife Collective","City-wide",13,13000,"TAC"
2024,"Strings Attached Theatre","City-wide",14,9993,"TAC"
2024,"Strive Toronto (trustee to Sydanie Nichol)","Local",5,9900,"CH"
2024,"Studio 180 Theatre","City-wide",11,17000,"TAC"
2024,"Sugar Plum Collective","City-wide",14,16307,"TAC"
2024,"Summerworks Performance Festival","City-wide",10,55000,"TAC"
2024,"Sunshine Centres for Seniors","City-wide",11,55745.41,"CSP"
2024,"Sunshine Centres for Seniors","Local",11,50814.15,"CSP"
2024,"Suppli Sustainable Services Inc.","City-wide",13,35000,"CFIF"
2024,"Support Enhance Access Services Centre (S.E.A.S. Centre)","Local",13,102109.1,"CSP"
2024,"Support Network For Indigenous Women & Women Of Colour","City-wide",4,8000,"TAC"
2024,"Syme Woolner Neighbourhood and Family Centre (SWNFC)","Neighbourhood",5,131684.47,"CSP"
2024,"SYME-WOOLNER NEIGHBOURHOOD &","City-Wide",5,55799,"HPP"
2024,"Tafelmusik","City-wide",11,180000,"TAC"
2024,"Tamil Arts Collective","City-wide",9,7979,"TAC"
2024,"Tangled Art + Disability","City-wide",10,56000,"TAC"
2024,"Tapestry Music Theatre","City-wide",10,70000,"TAC"
2024,"Tarragon Theatre","City-wide",12,211500,"TAC"
2024,"Taste Of Bangladesh","Local",20,5000,"CFFP"
2024,"Taste of the Middle East Foundation","Local",13,20000,"CFFP"
2024,"TCH SCHC EarlyON Child and Family Centre 4110/4110LAE","Local",24,4870,"PTCG"
2024,"TCHC Youth Group (COVID19 Youth-led)","Local",1,4900,"CCRF"
2024,"Tdot Batu Percussion Arts Group Inc.","City-wide",5,9000,"TAC"
2024,"Team 188 Robotics","Neighbourhood",23,5695,"INI"
2024,"Team 188 Robotics","Neighbourhood",24,5695,"INI"
2024,"TECHCANADA","City-wide",11,10000,"BIC"
2024,"Tesoc Multicultural Settlement and Community Services","City-wide",21,45455.6,"CSP"
2024,"Textile Museum Of Canada","City-wide",10,72000,"TAC"
2024,"TH3RDSPACE","City wide",10,5644,"INI"
2024,"TH3RDSPACE","City wide",13,5644,"INI"
2024,"TH3RDSPACE","City wide",14,5644,"INI"
2024,"That Arts Group","City-wide",13,4500,"TAC"
2024,"The 3398 Black Fathers' Group (COVID19 Youth-led)","Local",6,5000,"CCRF"
2024,"The Arab Community Centre of Toronto","City-wide",2,49314.99,"CSP"
2024,"The Arab Community Centre of Toronto","Local",2,35000,"LLG"
2024,"The Art Of Time Ensemble","City-wide",12,50000,"TAC"
2024,"The Baechain Collective","City-wide",11,9150,"TAC"
2024,"The Bentway Conservancy","Local",10,180000,"COOP"
2024,"The Brown Girl Diary","Neighbourhood",23,12000,"TAC"
2024,"The Cabbagetown Community Arts Centre","City-wide",13,20000,"TAC"
2024,"The Centre for Spanish-Speaking Peoples","City-wide",6,77386.34,"CSP"
2024,"The Change-Makers Foundation for Diversity, Equity, Excellence, and Inclusion (COVID19 Youth-led)","Neighbourhood",20,5000,"CCRF"
2024,"The Chez Moi Collective","City-wide",11,13000,"TAC"
2024,"The Children's Bookbank and Literacy Foundation","Neighbourhood",13,29945,"RPSDP"
2024,"The Chimera Project Dance Theatre","City-wide",19,15000,"TAC"
2024,"The Church of St. Aidan","Local",19,2800,"PTCG"
2024,"The Church of the Messiah and Partners","Local",11,4500,"PTCG"
2024,"The Cross-Cultural Community Services Association (TCCSA)","City-wide",11,33241.79,"CSP"
2024,"The Dance Umbrella Of Ontario","City-wide",13,30000,"TAC"
2024,"The Disability Collective","City-wide",11,23000,"TAC"
2024,"THE DMZ AT RYERSON","City-wide",13,50000,"BIC"
2024,"The Elmer Iseler Singers","City-wide",15,24545,"TAC"
2024,"The Esprit Orchestra","City-wide",10,48165,"TAC"
2024,"The Finance Lab","Neighbourhood",21,17000,"INI"
2024,"The First Portuguese Canadian Cultural Centre","Local",9,16924.54,"CSP"
2024,"The Fringe Of Toronto Theatre Festival","City-wide",14,80000,"TAC"
2024,"The Gatehouse Child Abuse Investigation & Support Site","City-wide",3,29337,"CSP"
2024,"The George Hull Centre for Children & Families","Local",1,150000,"TCS"
2024,"The George Hull Centre for Children & Families","City-wide",1,86000,"TCS"
2024,"The George R. Gardiner Museum Of Ceramic Art","City-wide",11,140000,"TAC"
2024,"The George S. Seniors’ Centre of York","Neighbourhood",5,111133.25,"CSP"
2024,"The Goodtimes","City-wide",9,7000,"TAC"
2024,"The Greenprint Network","Neighbourhood",7,14175,"TAC"
2024,"The Guys","Local",8,5000,"CCRF"
2024,"The Hannaford Street Silver Band","City-wide",14,26600,"TAC"
2024,"The Helping Hand Foundation","Local",20,5000,"CCRF"
2024,"The Hispanic Council of Metropolitan Toronto (Hispanic Developoment Council)","City-wide",6,70535.93,"CSP"
2024,"The Howland Company","City-wide",13,10000,"TAC"
2024,"The Kickback Foundation","Local",14,53000,"YCISI"
2024,"The Listening Party","City-wide",13,9000,"TAC"
2024,"The Lost Scribe Collective","City-wide",8,2595,"TAC"
2024,"The Music Gallery","City-wide",11,93000,"TAC"
2024,"The Musical Stage Company","City-wide",10,40500,"TAC"
2024,"The National Ballet Of Canada","Local",10,1390000,"TAC"
2024,"The Neighbourhood Group","City-Wide",13,15000,"CB"
2024,"The Neighbourhood Group","City-Wide",13,25000,"INI"
2024,"The Neighbourhood Group","Local",13,208400,"YVP"
2024,"The Neighbourhood Group Community Services","Local",12,20000,"CH"
2024,"The Neighbourhood Group Community Services","City-wide",11,15000,"TAC"
2024,"The Neighbourhood Group Community Services (trustee to Black Diamonds)","Local",12,9900,"CH"
2024,"The Neighbourhood Organization","Local",15,45000,"LLG"
2024,"The New Age","Neighbourhood",5,4950,"CCRF"
2024,"The Next Edition","Local",9,3750,"NCAG"
2024,"The Next Edition","Local",10,3750,"NCAG"
2024,"The Platform","City-wide",3,17000,"TAC"
2024,"The Power Plant Contemporary Art Gallery","City-wide",10,206000,"TAC"
2024,"The Purple Stage","City-wide",9,10000,"TAC"
2024,"The Rejuvenators","Neighbourhood",13,4971.25,"CCRF"
2024,"The Remix Project","City-wide",10,10000,"YCISI"
2024,"The Remix Project","City-wide",10,36000,"TAC"
2024,"The Royal Conservatory of Music","Neighbourhood",11,27000,"FOR"
2024,"The Royal Conservatory Of Music","City-wide",11,57000,"TAC"
2024,"The Second Mile Club of Toronto","Local",11,86433.19,"CSP"
2024,"The Smile Company - Theatrical Productions","City-wide",11,30000,"TAC"
2024,"The St. Christopher House","Local",10,368236.37,"CSP"
2024,"The Stop Community Food Centre","City-wide",9,35233.91,"CSP"
2024,"The Storytellers School Of Toronto","City-wide",12,38000,"TAC"
2024,"The Teresa Group Child and Family Aid","City-wide",12,36664.15,"CSP"
2024,"The Theatre Centre","City-wide",9,151000,"TAC"
2024,"The Toronto Consort","City-wide",11,25650,"TAC"
2024,"The Tropicana Community Services Organization of Scarborough","City-wide",24,115633.97,"CSP"
2024,"The Unknown Floor Force","City-wide",11,8000,"TAC"
2024,"The Walkabout","Local",19,20000,"CBICGG"
2024,"The Wexford Residence","Local",21,26260.84,"CSP"
2024,"The Word On The Street","City-wide",11,51500,"TAC"
2024,"The Youth Empowerment Network (COVID19 Youth-led)","Local",12,4539,"CCRF"
2024,"Theatre Artaud","City-wide",10,15000,"TAC"
2024,"Theatre Direct Canada","City-wide",8,69000,"TAC"
2024,"Theatre Gargantua","City-wide",9,15000,"TAC"
2024,"Theatre Passe Muraille","City-wide",10,170000,"TAC"
2024,"Theatre Smith-Gilmour","City-wide",14,14760,"TAC"
2024,"Thundercrows Kids","Local",4,26610,"TAC"
2024,"Tiger Princess Dance Projects Inc.","City-wide",9,36000,"TAC"
2024,"Tirgan Centre For Art And Culture","City-wide",16,25000,"TAC"
2024,"TNO-The Neighbourhood Organization","Local",15,553821.85,"CSP"
2024,"TOES FOR DANCE INC.","Local",18,10000,"CFFP"
2024,"Toes For Dance Inc.","Local",12,20000,"TAC"
2024,"Toes For Dance Inc.","Local",12,20000,"TAC"
2024,"Topcliff's ECOclub","Local",7,4500,"PTCG"
2024,"Toronto Aboriginal Support Services Council","City-wide",11,1450000,"IFF"
2024,"Toronto Aboriginal Support Services Council","City-wide",11,143483.97,"CSP"
2024,"Toronto Alliance For The Performing Arts","City-wide",11,78000,"TAC"
2024,"Toronto All-Star Big Band","Local",2,8000,"TAC"
2024,"Toronto Animated Image Society","City-wide",9,18000,"TAC"
2024,"Toronto Animated Image Society","Neighbourhood",9,20000,"TAC"
2024,"Toronto Animation Arts Festival International","City-wide",8,8000,"TAC"
2024,"Toronto Arab Film","City-wide",9,12500,"TAC"
2024,"Toronto Arts Council","Multiple",10,26569600,"TAC"
2024,"Toronto Bach Festival","City-wide",14,10000,"TAC"
2024,"Toronto Biennial of Art","Multiple",9,150000,"COOP"
2024,"Toronto Birth Centre","Neighbourhood",13,1e+05,"RPSDP"
2024,"Toronto Black Film Festival","City-wide",14,15000,"TAC"
2024,"Toronto Blues Society","City-wide",10,19200,"TAC"
2024,"Toronto Burlesque Festival","City-wide",12,17463,"TAC"
2024,"Toronto Centre for Community Learning & Development","City-wide",13,56534.3,"CSP"
2024,"Toronto Centre for Community Learning and Development","Neighbourhood",13,64150,"RPSDP"
2024,"Toronto Chamber Choir","City-wide",12,8500,"TAC"
2024,"Toronto Children'S Chorus","City-wide",12,40000,"TAC"
2024,"Toronto Common Harvest","Local",11,7320.33,"NCAG"
2024,"Toronto Community & Culture Centre","City-wide",10,26294.89,"CSP"
2024,"Toronto Community for Better Child Care","City-wide",14,29337,"CSP"
2024,"Toronto Dance Community Love-In","City-wide",4,20000,"TAC"
2024,"Toronto Dance Theatre","City-wide",13,162000,"TAC"
2024,"Toronto District School Board","City Wide",23,51010,"FOR"
2024,"Toronto District School Board","Local",9,150000,"TCS"
2024,"Toronto Downtown Jazz Society","City-wide",12,50000,"TAC"
2024,"Toronto Fashion Incubator","City-wide",10,75000,"BIC"
2024,"Toronto Festival Of Comics And Graphic Arts","City-wide",11,23500,"TAC"
2024,"Toronto Finnish-Canadian Seniors Centre (Suomi-Koti)","City-wide",15,21709.04,"CSP"
2024,"Toronto Foundation for Student Success","City Wide",5,14214984,"SNP"
2024,"Toronto Foundation for Student Success","City Wide",5,1e+05,"SNP"
2024,"Toronto Foundation for Student Success","City Wide",5,1811029,"SNP"
2024,"Toronto Healing Initiative","Local",1,5000,"CCRF"
2024,"Toronto International Film Festival Inc","Local",10,1165842,"COOP"
2024,"Toronto Jewish Film Foundation/Festival","City-wide",11,24000,"TAC"
2024,"Toronto Kiwanis Boys & Girls Clubs","Local",13,46488.56,"CSP"
2024,"Toronto Kiwanis Boys & Girls Clubs","Local",13,120452.53,"CSP"
2024,"Toronto Mendelssohn Choir","City-wide",9,71000,"TAC"
2024,"Toronto Metropolitan Media Inc","City-wide",13,7500,"TAC"
2024,"TORONTO METROPOLITAN UNIVERSITY - Clean Energy Zone","City-wide",13,20000,"BIC"
2024,"TORONTO METROPOLITAN UNIVERSITY - Legal Innovation Zone","City-wide",13,20000,"BIC"
2024,"Toronto Operetta Theatre","City-wide",14,18400,"TAC"
2024,"Toronto Outdoor Art Fair","Local",13,50000,"CFFP"
2024,"Toronto Outdoor Picture Show","City-wide",10,1500,"CFFP"
2024,"Toronto Outdoor Picture Show","City-wide",12,1500,"CFFP"
2024,"Toronto Outdoor Picture Show","City-wide",13,1500,"CFFP"
2024,"Toronto Outdoor Picture Show","City-wide",3,1500,"CFFP"
2024,"Toronto Outdoor Picture Show","City-wide",11,1500,"CFFP"
2024,"Toronto Outdoor Picture Show","Local",11,18750,"TAC"
2024,"Toronto Outdoor Picture Show","City-wide",11,8000,"TAC"
2024,"Toronto Palestine Film Festival","City-wide",12,14000,"TAC"
2024,"Toronto People With AIDS Foundation","City-wide",13,39785.72,"CSP"
2024,"Toronto Performance Art Collective","City-wide",13,12500,"TAC"
2024,"Toronto Photographers Workshop","City-wide",9,70000,"TAC"
2024,"Toronto Queer Media & Arts Centre","City-wide",13,19500,"TAC"
2024,"Toronto Rape Crisis Centre","City-wide",10,66256.55,"CSP"
2024,"Toronto Reel Asian International Film Festival","City-wide",10,50000,"TAC"
2024,"Toronto Sketch Comedy Festival Inc.","City-wide",10,15000,"TAC"
2024,"Toronto Summer Music Foundation","City-wide",10,39780,"TAC"
2024,"Toronto Symphony Orchestra","City-wide",10,1220000,"TAC"
2024,"Toronto Tabla Ensemble","City-wide",8,6000,"TAC"
2024,"Toronto Turtle Protectors","City-wide",4,15000,"TAS"
2024,"Toronto Undergraduate Jazz Festival","Local",18,7000,"CFFP"
2024,"Transcare Community Support Services","City-wide",22,102619.91,"CSP"
2024,"Tria Theatre Company","City-wide",11,15000,"TAC"
2024,"Tribal Crackling Wind For The Arts","City-wide",13,30000,"TAC"
2024,"Trinity Square Video","City-wide",10,55000,"TAC"
2024,"Trinity-St.Paul's United Church","Local",11,4830,"PTCG"
2024,"Truspire","Neighbourhood",5,5000,"CCRF"
2024,"Turtle Island Carers of Fire","Local",13,20000,"CBICGG"
2024,"Turtle Protectors","Local",4,20000,"CBICGG"
2024,"Turtle Protectors (Mishiikenh Gizhaasowin)","Local",4,7500,"NCAG"
2024,"Twisted Dog Theatre","City-wide",14,8000,"TAC"
2024,"U.N.I.T. Productions","City-wide",14,8000,"TAC"
2024,"UB2STNBC (trustee to Kelewele Club)","Local",19,9900,"CH"
2024,"Ubuntu Neighbourhood Organization (UNO) (COVID19 Youth-led)","Neighbourhood",13,5000,"CCRF"
2024,"UHN - TORehab - KITE","City-wide",11,20000,"BIC"
2024,"Ukrainian Canadian Social Services (Toronto) Inc.","City-wide",4,48492.03,"CSP"
2024,"Uma Foundation","Local",8,10000,"TAC"
2024,"Uma Nota Culture","City-wide",9,12000,"TAC"
2024,"Uma Nota Music and Production","Local",9,20000,"CFFP"
2024,"Unboxing Accessibility","Neighbourhood",19,19250,"TAC"
2024,"Unbridled Theatre Collective","City-wide",14,8000,"TAC"
2024,"Unison Health and Community Services","Local",8,208400,"YVP"
2024,"Unit 2","City-wide",9,11500,"TAC"
2024,"Unit 2","Neighbourhood",9,15000,"TAC"
2024,"UNITED SHIELD","Local",3,5000,"CCRF"
2024,"Uniting Lanes","Neighbourhood",7,4800,"CCRF"
2024,"Unity Charity","City-wide",12,45000,"YCISI"
2024,"Unity Charity","City-wide",12,40400,"TAC"
2024,"Universal Collective Of Artists","City-wide",8,9000,"TAC"
2024,"University Settlement","Local",10,160873.92,"CSP"
2024,"University Settlement","Local",10,26500,"TAC"
2024,"UrbanArts","Local",5,329330,"LASO"
2024,"Urbanvessel","Local",4,20000,"TAC"
2024,"Vanguardia Dance Projects","City-wide",9,10000,"TAC"
2024,"Variable Academy","Local",13,17000,"INI"
2024,"Variety Village","Local",20,15500,"FOR"
2024,"Vatility Nexus Community Services","Local",7,5000,"CCRF"
2024,"Vemu Estonian Museum Canada","City-wide",11,9000,"TAC"
2024,"Venus Fest Inc.","City-wide",13,13000,"TAC"
2024,"Vermont Square Parent-Child Mother Goose Program","City-wide",11,32844.5,"CSP"
2024,"Vesnivka Choir Inc.","City-wide",4,8000,"TAC"
2024,"Vibe Arts","Local",10,75000,"TAC"
2024,"Vibe Arts","Local",10,20000,"TAC"
2024,"Vibrant Healthcare Alliance","City-wide",8,46596.4,"CSP"
2024,"Victim Services Toronto","City-wide",13,328399.58,"CSP"
2024,"Victoria Park Family Learning","Neighbourhood",22,5000,"CCRF"
2024,"Victoria Park Youth Engagement (COVID19 Youth-led)","Neighbourhood",22,5000,"CCRF"
2024,"Videocabaret","City-wide",14,35100,"TAC"
2024,"Vietnamese Women's Association of Toronto","Local",7,7000,"CFFP"
2024,"Vietnamese Women's Association of Toronto","City-wide",9,76211.49,"CSP"
2024,"Viva! Youth Singers Of Toronto, Inc.","City-wide",11,50175,"TAC"
2024,"Vivi'R Lgbtq+","City-wide",12,7950,"TAC"
2024,"Voices From Diaspora","City-wide",9,7000,"TAC"
2024,"Volcano Non-Profit Productions Inc.","City-wide",10,54000,"TAC"
2024,"Volunteer Centre of Toronto","City-wide",11,244838.22,"CSP"
2024,"Vox Choirs","City-wide",18,15000,"TAC"
2024,"VP Family Mental Health Healing","Neighbourhood",22,5000,"CCRF"
2024,"VP Youth Cross Community Basketball Healing Program (COVID19 Youth-led)","Neighbourhood",23,5000,"CCRF"
2024,"Vtape","City-wide",10,85000,"TAC"
2024,"Waleed Ansari","Local",9,13000,"TAC"
2024,"Wanasah:Mental Health Services for Black Youth","City wide",13,40000,"CB"
2024,"Warden Woods Church and Community Centre","Local",20,246495.14,"CSP"
2024,"WARDEN WOODS COMMUNITY CENTRE","City-Wide",20,18815,"HPP"
2024,"Waterfront Neighbourhood Centre","Neighbourhood",10,87698.84,"CSP"
2024,"Waterfront Neighbourhood Centre","Local",10,30000,"LLG"
2024,"Wavelength Music Arts Projects","Local",9,20000,"TAC"
2024,"Wavelength Music Arts Projects","City-wide",9,30000,"TAC"
2024,"Wavelength Music Arts Projects","Neighbourhood",9,15000,"TAC"
2024,"Weefestival Of Arts And Culture","Local",9,10000,"TAC"
2024,"West End Micro Music Festival","City-wide",4,10000,"TAC"
2024,"WEST NEIGHBOURHOOD HOUSE","City-Wide",10,45654,"HPP"
2024,"West Scarborough Neighbourhood Community Centre","Local",20,248181.13,"CSP"
2024,"Westend Cycles","Local",5,7500,"NCAG"
2024,"WESTON KING NEIGHBOURHOOD CENT","City-Wide",5,55338,"HPP"
2024,"Weston Neighbourhood Gardeners","Local",5,4285,"PTCG"
2024,"Weston Wellness Project (COVID19 Youth-led)","Local",5,5000,"CCRF"
2024,"Wexford Heights Business Improvement Area","Neighbourhood",21,12925,"CFIF"
2024,"Whippersnapper Gallery Inc","Local",11,17000,"TAC"
2024,"Why Not Theatre","City-wide",9,51000,"TAC"
2024,"Wiaprojects","Local",11,9300,"TAC"
2024,"Wildseed Centre For Art And Activism","City-wide",11,25000,"TAC"
2024,"Woman Abuse Council of Toronto","City-wide",5,73311.29,"CSP"
2024,"Woman, Art, Resilience","City-wide",12,9000,"TAC"
2024,"Women From Space","City-wide",9,5000,"TAC"
2024,"Women'S Musical Club Of Toronto","City-wide",11,2140,"TAC"
2024,"Women's Warrior Wellness Collective","Local",19,20000,"CBICGG"
2024,"Woodgreen Community Services","Local",14,499795.98,"CSP"
2024,"Workers' Action Centre","City-wide",11,70359.99,"CSP"
2024,"Working Women Community Centre","City-wide",9,254736.42,"CSP"
2024,"Workman Arts Project Of Ontario","City-wide",10,26000,"TAC"
2024,"Works-in-Progress Eco Art Collective","Local",12,2486.66666666667,"NCAG"
2024,"Works-in-Progress Eco Art Collective","Local",13,2486.66666666667,"NCAG"
2024,"Works-in-Progress Eco Art Collective","Local",15,2486.66666666667,"NCAG"
2024,"Xenia Concerts Inc.","City-wide",13,33000,"TAC"
2024,"Xpace Cultural Centre","City-wide",9,18000,"TAC"
2024,"ybm (COVID19 Youth-led)","Local",6,5000,"CCRF"
2024,"YMCA OF GREATER TORONTO","City-Wide",10,31358,"HPP"
2024,"YMCA OF GREATER TORONTO","City-Wide",12,250000,"HIF"
2024,"York Entrepreneurship Development Institute YEDI","City-wide",6,20000,"BIC"
2024,"York University","Neighbourhood",7,34626,"CFIF"
2024,"YORK UNIVERSITY - YSPACE","City-wide",7,20000,"BIC"
2024,"York West Active Living Centre","Neighbourhood",5,140220.52,"CSP"
2024,"York-Eglinton Business Improvement Area","Local",8,10000,"CFFP"
2024,"York-Fairbank Centre for Seniors in the City of York","Local",12,332925.95,"CSP"
2024,"Yorkminster Park Meals on Wheels","Local",12,11368.16,"CSP"
2024,"Young People'S Theatre","City-wide",13,326000,"TAC"
2024,"Young Women'S Christian Association Of Greater Toronto (Inspirations Studio)","City-wide",11,10000,"TAC"
2024,"Youth Assisting Youth","City-wide",18,68963.8,"CSP"
2024,"Youth Voices Project- RP","Local",13,5000,"CCRF"
2024,"YouthLink","Local",21,208400,"YVP"
2024,"YouthUnlocked (COVID19 Youth-led)","Local",7,5000,"CCRF"
2024,"Yyz Artists' Outlet","City-wide",10,65000,"TAC"
2024,"Zen in Colour","City wide",4,8500,"INI"
2024,"Zen in Colour","City wide",14,8500,"INI"
2024,"Zero Waste Women's Project","Local",13,7498,"NCAG"
2024,"ZINNIA HOUSE","Local",25,5000,"CCRF"
2024,"ZINNIA HOUSE","Neighbourhood",25,5000,"CCRF"
2025,"Amexem Mu Centre for Health, Arts, Social Enterprise and Education","Local",5,5500,"CHS"
2025,"1000189926 ONTARIO INC.","Local",18,7500,"CaféTO Grant"
2025,"1000212428 ONTARIO INC.","Local",11,5000,"SBEC Core, Starter Company Plus & Summer Company"
2025,"1000404279 ONTARIO INC. O/A THE OLD YORK TAVERN","Local",10,4687.94,"CaféTO Grant"
2025,"1000462048 ONTARIO INC.","Local",11,5000,"SBEC Core, Starter Company Plus & Summer Company"
2025,"1000499751 ONTARIO LTD. O/A AFRO'S PIZZA","Local",13,7500,"CaféTO Grant"
2025,"1000764472 ONTARIO INC.","Local",7,5000,"SBEC Core, Starter Company Plus & Summer Company"
2025,"1000947567 ONTARIO CORP.","Local",24,5000,"SBEC Core, Starter Company Plus & Summer Company"
2025,"1001021438 ONTARIO INC.","Local",14,5000,"SBEC Core, Starter Company Plus & Summer Company"
2025,"1066362 ONTARIO LTD. O/A LYVE PROPERTIES","Local",4,20000,"Main Street Recovery & Rebuild Initiative"
2025,"12022958 Canada Institute O/A Oddside Arts","City Wide",10,20000,"TAC"
2025,"12022958 Canada Institute O/A Oddside Arts","Local",10,25000,"TAC"
2025,"12022958 Canada Institute O/A Oddside Arts","Local",10,31500,"TAC"
2025,"12022958 CANADA INSTITUTE O/A ODDSIDE ARTS","Local",10,25000,"TAC Operating - Black Arts"
2025,"12022958 CANADA INSTITUTE O/A ODDSIDE ARTS","Local",10,31500,"TAC Project - Animating"
2025,"12022958 CANADA INSTITUTE O/A ODDSIDE ARTS","Local",10,20000,"TAC Project - Innovation and Capacity Building"
2025,"12129949 CANADA ASSOCIATION","Local",3,15000,"Business Incubation & Commercialization Grant"
2025,"12697572 CANADA INC.","Local",4,5000,"SBEC Core, Starter Company Plus & Summer Company"
2025,"1275825 ONTARIO INC. O/A EDO-KO","Local",12,1977.5,"CaféTO Grant"
2025,"13817733 CANADA INC.","Local",16,5000,"SBEC Core, Starter Company Plus & Summer Company"
2025,"14214765 CANADA INC.","Local",21,5000,"SBEC Core, Starter Company Plus & Summer Company"
2025,"14423089 CANADA INC.","Local",12,5000,"SBEC Core, Starter Company Plus & Summer Company"
2025,"14547144 CANADA INC.","Local",4,5000,"SBEC Core, Starter Company Plus & Summer Company"
2025,"15010853 CANADA INC.","Local",10,5000,"SBEC Core, Starter Company Plus & Summer Company"
2025,"15099552 CANADA INC.","Local",18,5000,"SBEC Core, Starter Company Plus & Summer Company"
2025,"15300797 CANADA INC.","Local",14,5650,"CaféTO Grant"
2025,"16357059 CANADA INC.","Local",9,5000,"SBEC Core, Starter Company Plus & Summer Company"
2025,"1719735 ONTARIO LIMITED","Local",19,7500,"CaféTO Grant"
2025,"1775743 ONTARIO INC. O/A BAR CHEF","Local",10,2005.75,"CaféTO Grant"
2025,"1850168 ONTARIO INC. O/A BUTTER CHICKEN FACTORY","Local",13,2723.3,"CaféTO Grant"
2025,"1870142 ONTARIO CORP. O/A CAMPO","Local",4,5367.5,"CaféTO Grant"
2025,"1965322 ONTARIO LTD. O/A VIVA PIZZERIA AND PASTA","Local",14,5661.3,"CaféTO Grant"
2025,"1S1 Theatre","City Wide",9,16250,"TAC"
2025,"1S1 THEATRE","Local",9,16250,"TAC Project - Theatre"
2025,"200 Wellesley Tenants Association","Neighbourhood",13,4700,"CCRF"
2025,"2034233 ONTARIO INC. O/A INTER","Local",4,6328,"CaféTO Grant"
2025,"2125398 ONTARIO INC.","Local",4,4959.67,"Main Street Recovery & Rebuild Initiative"
2025,"2258192 ONTARIO INC. O/A EHWA RESTAURANT","Local",13,3352.9,"CaféTO Grant"
2025,"2283731 ONTARIO INC. O/A THE WREN","Local",14,1961,"CaféTO Grant"
2025,"2283731 ONTARIO INC. O/A THE WREN","Local",14,2400,"Main Street Recovery & Rebuild Initiative"
2025,"2331067 ONTARIO INC.","Local",12,3121,"CaféTO Grant"
2025,"2403268 ONTARIO INC.","Local",23,5644.35,"Main Street Recovery & Rebuild Initiative"
2025,"2472503 ONTARIO INC. O/A MENAMI RESTAURANT","Local",18,5000,"CaféTO Grant"
2025,"2492141 ONTARIO INC. O/A XO BISOUS","Local",11,7500,"CaféTO Grant"
2025,"2568593 ONTARIO INC. O/A KOSAM KOREAN RESTAURANT & BAR","Local",18,5000,"CaféTO Grant"
2025,"2631118 ONTARIO INC.","Local",9,1993.13,"CaféTO Grant"
2025,"2681086 ONTARIO LTD.","Local",3,5000,"SBEC Core, Starter Company Plus & Summer Company"
2025,"2701407 ONTARIO INC.","Local",18,5000,"SBEC Core, Starter Company Plus & Summer Company"
2025,"2701407 ONTARIO INC. O/A LUNA BAKERY","Local",18,6000,"CaféTO Grant"
2025,"2702950 ONTARIO INC. O/A LA DIEPERIE","Local",8,5645.1,"CaféTO Grant"
2025,"2726045 ONTARIO CORP.","Local",10,5000,"SBEC Core, Starter Company Plus & Summer Company"
2025,"2732131 ONTARIO INC.","Local",22,5000,"SBEC Core, Starter Company Plus & Summer Company"
2025,"2766911 ONTARIO LTD.","Local",2,5000,"SBEC Core, Starter Company Plus & Summer Company"
2025,"4 The West End","Local",5,3935,"TAC"
2025,"4 THE WEST END","Local",5,3935,"TAC Project - Art Reach"
2025,"5046084 ONTARIO LTD. O/A CASAMIENTO","Local",11,1517.17,"CaféTO Grant"
2025,"519 CHURCH STREET COMMUNITY CE","Local",13,58430.74,"HPP"
2025,"519 Church Street Community Centre","City Wide",13,75601.1,"CSP"
2025,"519 CHURCH STREET COMMUNITY CENTRE","Local",13,54000,"Special Events Stabilization Initiative"
2025,"6361374 CANADA INC. O/A DUFFERIN SEOUL HOUSE","Local",8,7500,"CaféTO Grant"
2025,"6791859 CANADA LTD.","Local",13,3940,"CaféTO Grant"
2025,"88CAMINO","Local",15,10000,"TAC Project - Music"
2025,"9877835 CANADA INC.","Local",13,5000,"SBEC Core, Starter Company Plus & Summer Company"
2025,"99 FRAMES CORP.","Local",13,5000,"SBEC Core, Starter Company Plus & Summer Company"
2025,"A JOURNEY INWARD THERAPY WEITING PAN","Local",10,5000,"SBEC Core, Starter Company Plus & Summer Company"
2025,"A Space Gallery","City Wide",10,68000,"TAC"
2025,"A SPACE GALLERY","Local",10,68000,"TAC Operating - Visual and Media Arts"
2025,"A Yarn Or Two Arts Collective","City Wide",14,15000,"TAC"
2025,"A YARN OR TWO ARTS COLLECTIVE","Local",14,15000,"TAC Project - Theatre"
2025,"A.C. BIRCH","Local",4,16320,"TAC Project - Visual and Media Arts"
2025,"AARON HARPER","Local",19,6000,"TAC Project - Black Arts"
2025,"AARON RIDGE","Local",1,10000,"TAC Project - Music"
2025,"AB CREATIVE SOLUTIONS INC.","Local",13,5000,"SBEC Core, Starter Company Plus & Summer Company"
2025,"ABBI WOODS","Local",16,4000,"TAC Project - Music"
2025,"ABDELGHAFOR ELGAMRI","Local",12,15000,"TAC Project - Newcomer and Refugee"
2025,"ABEBE ATLABACHEW","Local",15,23750,"TAC Project - Animating"
2025,"ABENI AFRICAN FOOD INC.","Local",5,5000,"SBEC Core, Starter Company Plus & Summer Company"
2025,"Abiona Centre for Infant & Early Mental Health (formerly Massey Centre for Women, The)","City Wide",14,35374.5,"CSP"
2025,"Abrigo Centre","Local",9,135723.63,"CSP"
2025,"ACADEMY OF CANADIAN CINEMA","Local",10,15000,"Film and Creative Industries Event Sponsorships"
2025,"Access Alliance","Local",11,20000,"CPP"
2025,"Access Alliance Multicultural Health and Community Services","City Wide",11,257519.5,"CSP"
2025,"ACCESS COMMUNITY CAPITAL FUND","Local",10,50000,"Business Incubation & Commercialization Grant"
2025,"ACCESSNOW","Local",10,40000,"Strategic Policy and Management Services  Event Sponsorships"
2025,"ACOCLEAN SERVICES AND SOLUTION INC.","Local",10,5000,"SBEC Core, Starter Company Plus & Summer Company"
2025,"Across Oceans","City Wide",11,7000,"TAC"
2025,"ACROSS OCEANS","Local",11,7000,"TAC Project - Dance"
2025,"ACSA - AGINCOURT COMMUNITY SER","Local",22,488070,"HIF"
2025,"Actors Repertory Company","City Wide",13,15000,"TAC"
2025,"ACTORS REPERTORY COMPANY","Local",13,15000,"TAC Operating - Theatre"
2025,"ADAM BOMB","Local",10,10000,"TAC Project - Music"
2025,"ADAM FEIBEL","Local",14,10000,"TAC Project - Literary"
2025,"ADAM LABADIE","Local",9,15000,"TAC Project - Visual and Media Arts"
2025,"ADAM SEWARD","Local",4,11500,"TAC Project - Visual and Media Arts"
2025,"Adelheid Dance Projects","City Wide",9,20000,"TAC"
2025,"ADELHEID DANCE PROJECTS","Local",9,20000,"TAC Operating - Dance"
2025,"ADELINE BIRD","Local",9,9000,"TAC Project - Black Arts"
2025,"ADEY MULUGETA","Local",7,10000,"TAC Project - Music"
2025,"ADEYEMI ADEGBESAN","Local",11,7313,"TAC Project - Black Arts"
2025,"ADRIENNE SCOTT","Local",9,15000,"TAC Project - Visual and Media Arts"
2025,"AEFA MULHOLLAND","Local",9,10000,"TAC Project - Literary"
2025,"AFARIN MANSOURI","Local",18,10000,"TAC Project - Music"
2025,"Afghan Women's Organization Refugee And Immigrant Services","City Wide",17,96425.18,"CSP"
2025,"AFRAKAREN","Local",4,17550,"TAC Project - Black Arts"
2025,"African Centre for Refugees in Ontario Canada","Local",13,5000,"CCRF"
2025,"AFRICAN WOMEN ACTING","Local",13,15000,"TAC Operating - Creative Communities"
2025,"African Women Acting Awa","City Wide",13,15000,"TAC"
2025,"African Youths for Pollinator Progress Toronto","Local",25,4100,"PTCG"
2025,"Africans in Partnership Against AIDS (APAA)","City Wide",13,132927.51,"CSP"
2025,"Afro N8ive Creations","Local",14,10000,"ICAG"
2025,"Afro-Indigenous Nova Scotia Collective","Local",19,5000,"LLG"
2025,"Afrowaveto","City Wide",10,25625,"TAC"
2025,"AFROWAVETO","Local",10,3000,"Film and Creative Industries Event Sponsorships"
2025,"AFROWAVETO","Local",10,25625,"TAC Operating - Black Arts"
2025,"Aga Khan Museum","City Wide",16,175000,"TAC"
2025,"AGA KHAN MUSEUM","Local",16,36000,"Community Celebration Support Fund"
2025,"AGA KHAN MUSEUM","Local",16,175000,"TAC Large Institutions"
2025,"Against The Grain Theatre Inc.","City Wide",10,20000,"TAC"
2025,"AGAINST THE GRAIN THEATRE INC.","Local",10,20000,"TAC Operating - Music"
2025,"Agincourt Community Services Association","City Wide",22,260004.3,"CSP"
2025,"Agincourt Community Services Association","Local",22,2e+05,"TCDI"
2025,"AGNEYA CHIKTE","Local",10,10000,"TAC Project - Music"
2025,"AGROWARE INC.","Local",20,5000,"SBEC Core, Starter Company Plus & Summer Company"
2025,"AIDAN BELO-NASCIMENTO","Local",13,10000,"TAC Project - Music"
2025,"AIDS Committee of Toronto","City Wide",13,88935.54,"CSP"
2025,"AIM 2 IMPACT / AFRICAN MUSIC WEEK","Local",13,5000,"Creative Industries Grant"
2025,"AKIN COLLECTIVE PROJECTS","Local",4,1e+05,"Cultural Organization Operating Partnership"
2025,"ALAN COLLEY","Local",11,22500,"TAC Project - Animating"
2025,"ALBI SUSHI","Local",21,5000,"SBEC Core, Starter Company Plus & Summer Company"
2025,"Albion Neighbourhood Services","Local",1,193948.8,"CSP"
2025,"ALBION NEIGHBOURHOOD SERVICES","Local",11,612000,"HIF"
2025,"ALBION-ISLINGTON SQUARE BIA","Local",1,17500,"BIA Capacity Development Grant"
2025,"ALBION-ISLINGTON SQUARE BIA","Local",1,12029.95,"Dining District Grant Program"
2025,"ALENA KOROLEVA","Local",10,15000,"TAC Project - Newcomer and Refugee"
2025,"ALEX CORONADO","Local",19,13000,"TAC Project - Visual and Media Arts"
2025,"ALEX ESKANDARKHAH","Local",3,13000,"TAC Project - Black Arts"
2025,"ALEX WINE BAR INC.","Local",11,2621.74,"CaféTO Grant"
2025,"ALEXANDER KATO","Local",13,13050,"TAC Project - Black Arts"
2025,"ALEXANDER ROBINSON","Local",2,9975,"TAC Project - Art Reach"
2025,"ALEXANDRA INNOCENT","Local",16,8000,"TAC Project - Black Arts"
2025,"Alexandra Park Community Centre","Neighbourhood",10,42000,"LLG"
2025,"Alexandra Park Community Centre","Local",10,20400,"INI"
2025,"ALEXANDRA PARK NEIGHBOURHOOD LEARNING CENTRE","Local",10,20000,"Community Celebration Support Fund"
2025,"Alexmuir Guardians of the Garden","Local",23,2500,"PTCG"
2025,"ALHANA","Local",18,5000,"SBEC Core, Starter Company Plus & Summer Company"
2025,"ALIE RUTTY","Local",9,5000,"TAC Project - Theatre"
2025,"ALIZE ZORLUTUNA","Local",4,10000,"TAC Project - Visual and Media Arts"
2025,"All Blocks 1 Goal","Neighbourhood",16,16500,"INI"
2025,"Allenby Environmental Educators","Local",8,5000,"PTCG"
2025,"ALLIANCE OF PORTUGUESE CLUBS AND ASSOCIATIONS OF ONTARIO","Local",9,75000,"Special Events Stabilization Initiative"
2025,"ALLIANCE OF PORTUGUESE CLUBS AND ASSOCIATIONS OF ONTARIO","Local",9,18000,"Cultural Festivals Funding Program"
2025,"Alpha 2 Alternative School","Local",9,1000,"YCAG"
2025,"Aluna Theatre","City Wide",9,56000,"TAC"
2025,"ALUNA THEATRE","Local",9,56000,"TAC Operating - Theatre"
2025,"ALVIN LUONG","Local",5,10000,"TAC Project - Visual and Media Arts"
2025,"Amadeus Choir Of Greater Toronto","City Wide",23,28000,"TAC"
2025,"AMADEUS CHOIR OF GREATER TORONTO","Local",23,28000,"TAC Operating - Music"
2025,"Amazing Chase Collective","City Wide",14,15000,"TAC"
2025,"AMAZING CHASE COLLECTIVE","Local",14,15000,"TAC Project - Theatre"
2025,"AMEER IDREIS","Local",11,5000,"TAC Project - Theatre"
2025,"Amexem Mu Centre","Neighbourhood",5,5000,"CCRF"
2025,"AMEXEM MU CENTRE FOR HEALTH, ARTS, SOCIAL ENTERPRISE & EDUCATION","Local",5,5500,"Cultural Hotspot"
2025,"Amici Chamber Ensemble","City Wide",16,23000,"TAC"
2025,"AMICI CHAMBER ENSEMBLE","Local",16,23000,"TAC Operating - Music"
2025,"AMIRHASAN SAFARI","Local",4,15000,"TAC Project - Newcomer and Refugee"
2025,"AMY NOSEWORTHY","Local",9,5000,"TAC Project - Literary"
2025,"ANA LOPEZ CASTRO","Local",14,18300,"TAC Project - Animating"
2025,"ANAHITA AKHAVAN","Local",4,10000,"TAC Project - Visual and Media Arts"
2025,"Anandam Dancetheatre Productions","City Wide",9,25000,"TAC"
2025,"ANANDAM DANCETHEATRE PRODUCTIONS","Local",9,25000,"TAC Operating - Dance"
2025,"ANASTASIA KATSOUPA","Local",12,5000,"TAC Project - Literary"
2025,"ANDREW HARDING","Local",9,10000,"TAC Project - Visual and Media Arts"
2025,"ANDREW KUSHNIR","Local",11,10000,"TAC Project - Theatre"
2025,"ANELIA VICTOR","Local",15,5720,"TAC Project - Creative Communities"
2025,"ANGEL DI ZHANG","Local",13,10000,"TAC Project - Literary"
2025,"ANGELIQUE DANCEL","Local",13,3790,"TAC Project - Music"
2025,"Anishinawbe Niibi Gitigaan","Local",4,9000,"ICAG"
2025,"Anishinawbe Wellness Collective","Local",5,10350,"ICAG"
2025,"ANNA MORREALE","Local",11,5000,"TAC Project - Theatre"
2025,"Annette St Public School","Local",4,1000,"YCAG"
2025,"Annex Residents Association","Local",11,75,"FOR"
2025,"Annex Residents Association","Local",11,75,"FOR"
2025,"ANSLEY SIMPSON","Local",9,10000,"TAC Project - Indigenous Arts"
2025,"ANUPA MISTRY","Local",19,10000,"TAC Project - Literary"
2025,"Aphasia Institute","City Wide",16,28854.12,"CSP"
2025,"Applegrove Community Complex","Local",14,142390.86,"CSP"
2025,"Arab Community Centre of Toronto","City Wide",2,20400,"INI"
2025,"ARAB COMMUNITY CENTRE OF TORONTO","Local",9,9900,"Cultural Hotspot"
2025,"ARCASCENT INC.","Local",14,25440,"Economic Development Services Event Sponsorships"
2025,"ARCH Disability Law Centre","City Wide",10,40831.64,"CSP"
2025,"Armenian Relief Society, ARS Social Services","City Wide",17,28854.12,"CSP"
2025,"Arraymusic","City Wide",10,65000,"TAC"
2025,"ARRAYMUSIC","Local",10,65000,"TAC Operating - Music"
2025,"ART & WATER CULTURAL GROUP","Local",10,10000,"Cultural Festivals Funding Program"
2025,"Art City In St. James Town","Local",13,7100,"TAC"
2025,"Art City In St. James Town","Local",13,11000,"TAC"
2025,"ART CITY IN ST. JAMES TOWN","Local",13,7100,"TAC Project - Art Reach"
2025,"ART CITY IN ST. JAMES TOWN","Local",13,11000,"TAC Project - Creative Communities"
2025,"ART GALLERY OF ONTARIO","Local",10,547965,"Cultural Organization Operating Partnership"
2025,"Art It Forward","Local",24,5000,"CHS"
2025,"ART IT FORWARD","Local",24,5000,"Cultural Hotspot"
2025,"Art Metropole","City Wide",9,46000,"TAC"
2025,"ART METROPOLE","Local",9,46000,"TAC Operating - Visual and Media Arts"
2025,"Art Museum University Of Toronto","City Wide",11,25000,"TAC"
2025,"Art Museum University Of Toronto","City Wide",11,30000,"TAC"
2025,"ART MUSEUM UNIVERSITY OF TORONTO","Local",11,25000,"TAC Project - Innovation and Capacity Building"
2025,"Art Spin Toronto","City Wide",9,9000,"TAC"
2025,"ART SPIN TORONTO","Local",9,9000,"TAC Project - Visual and Media Arts"
2025,"Art Starts","Local",8,95000,"TAC"
2025,"ART STARTS","Local",8,95000,"TAC Operating - Creative Communities"
2025,"ARTHUBS TORONTO INC.","Local",13,662500,"Cultural Organization Operating Partnership"
2025,"Artist Film Exhibition Group","City Wide",10,25500,"TAC"
2025,"ARTIST FILM EXHIBITION GROUP","Local",10,25500,"TAC Operating - Visual and Media Arts"
2025,"Artists And Lawyers For The Advancement Of Creativity","City Wide",19,31500,"TAC"
2025,"ARTISTS AND LAWYERS FOR THE ADVANCEMENT OF CREATIVITY","Local",19,31500,"TAC Project - Innovation and Capacity Building"
2025,"ARTREACH TORONTO","Local",10,145000,"TAC Strategic Partnership"
2025,"Arts Etobicoke","Local",3,441679,"LASO"
2025,"ARTS ETOBICOKE","Local",3,10000,"Community Celebration Support Fund"
2025,"ARTS ETOBICOKE","Local",3,441679,"Local Arts Service Organizations"
2025,"Arts Inter-Media Canada/Dance Collection Danse","City Wide",13,40000,"TAC"
2025,"ARTS INTER-MEDIA CANADA/DANCE COLLECTION DANSE","Local",13,40000,"TAC Operating - Dance"
2025,"Arts4All Creative Society","Local",9,30000,"TAC"
2025,"ARTS4ALL CREATIVE SOCIETY","Local",9,30000,"TAC Operating - Creative Communities"
2025,"ArtsPond","City Wide",9,10500,"YCISI"
2025,"ARTSPOND INC.","Local",9,10500,"Youth Cultural Incubators Stabilization Initiative"
2025,"ARTSXPLOSION CULTURAL SOCIETY","Local",10,42920,"Special Events Stabilization Initiative"
2025,"ARTSXPLOSION CULTURAL SOCIETY","Local",10,18000,"Cultural Festivals Funding Program"
2025,"ARZADON FITNESS INC.","Local",10,5000,"SBEC Core, Starter Company Plus & Summer Company"
2025,"Ashe/AxÃ©/Ase","City Wide",13,20000,"TAC"
2025,"ASHE/AXÃ©/ASE","Local",13,20000,"TAC Project - Newcomer and Refugee"
2025,"Ashkenaz Foundation","City Wide",11,56000,"TAC"
2025,"ASHKENAZ FOUNDATION","Local",11,11907.9,"Special Events Stabilization Initiative"
2025,"ASHKENAZ FOUNDATION","Local",11,56000,"TAC Operating - Music"
2025,"ASHLEY HASFAL","Local",19,8000,"TAC Project - Black Arts"
2025,"ASHLEY JANE","Local",8,10000,"TAC Project - Music"
2025,"ASHLI AGATE","Local",4,15950,"TAC Project - Black Arts"
2025,"ASLI KAHRAMAN SERVICES INC.","Local",14,5000,"SBEC Core, Starter Company Plus & Summer Company"
2025,"Assaulted Women's Helpline","City Wide",10,75859.56,"CSP"
2025,"Astar Editions","City Wide",4,2800,"TAC"
2025,"ASTAR EDITIONS","Local",4,2800,"TAC Project - Literary"
2025,"AstroSankofa Arts Initiatives","City Wide",17,22000,"CHS"
2025,"Astrosankofa Arts Initiatives","City Wide",17,11000,"TAC"
2025,"Astrosankofa Arts Initiatives","Local",17,15000,"TAC"
2025,"Astrosankofa Arts Initiatives","Local",17,25000,"TAC"
2025,"AstroSankofa Arts Initiatives","Local",17,53000,"YCISI"
2025,"ASTROSANKOFA ARTS INITIATIVES","Local",17,53000,"Youth Cultural Incubators Stabilization Initiative"
2025,"ASTROSANKOFA ARTS INITIATIVES","Local",17,22000,"Cultural Hotspot"
2025,"ASTROSANKOFA ARTS INITIATIVES","Local",17,25000,"TAC Operating - Black Arts"
2025,"ASTROSANKOFA ARTS INITIATIVES","Local",17,11000,"TAC Project - Creative Communities"
2025,"ASTROSANKOFA ARTS INITIATIVES","Local",17,15000,"TAC Project - Innovation and Capacity Building"
2025,"ASTROSANKOFA ARTS INITIATVES","Local",17,18485,"Community Celebration Support Fund"
2025,"At Any Age","Local",3,22500,"TAC"
2025,"AT ANY AGE","Local",3,22500,"TAC Project - Animating"
2025,"ATISH MUKHOPADHYAY","Local",16,10000,"TAC Project - Music"
2025,"AVIATOR DANFORTH INC.","Local",14,2039.65,"CaféTO Grant"
2025,"AVIATOR DANFORTH INC.","Local",14,1805,"Main Street Recovery & Rebuild Initiative"
2025,"AVIV ON ST CLAIR INC. O/A AVIV IMMIGRANT KITCHEN","Local",12,4650,"Main Street Recovery & Rebuild Initiative"
2025,"Avondale Public School","Local",18,5000,"PTCG"
2025,"AY Jackson Secondary School","Local",17,230,"YCAG"
2025,"AZURE PUBLISHING INC.","Local",9,10176,"Economic Development Services Event Sponsorships"
2025,"b current Performing Arts co","City Wide",11,35000,"BMFF"
2025,"B Current Performing Arts Co.","City Wide",12,33000,"TAC"
2025,"B CURRENT PERFORMING ARTS CO.","Local",12,33000,"TAC Operating - Theatre"
2025,"B.A.A.N.N. THEATRE CENTRE (THE THEATRE CENTRE)","Local",9,33440,"Community Celebration Support Fund"
2025,"B.A.A.N.N. THEATRE CENTRE (THE THEATRE CENTRE)","Local",9,160000,"TAC Operating - Theatre"
2025,"Bach Children'S Chorus Of Scarborough","City Wide",24,32000,"TAC"
2025,"BACH CHILDREN'S CHORUS OF SCARBOROUGH","Local",24,32000,"TAC Operating - Music"
2025,"Back 2 Basickz Youth Support Services","Local",21,18300,"TAC"
2025,"BACK 2 BASICKZ YOUTH SUPPORT SERVICES","Local",21,18300,"TAC Project - Animating"
2025,"Bad Hats Theatre","City Wide",10,30000,"TAC"
2025,"BAD HATS THEATRE","Local",10,30000,"TAC Operating - Theatre"
2025,"Bad New Days","City Wide",4,15000,"TAC"
2025,"BAD NEW DAYS","Local",4,15000,"TAC Project - Theatre"
2025,"Bad Pony Productions","City Wide",9,15000,"TAC"
2025,"BAD PONY PRODUCTIONS","Local",9,15000,"TAC Project - Theatre"
2025,"Ball and Beyond","Neighbourhood",22,17000,"INI"
2025,"Ballet Creole","Local",7,22500,"TAC"
2025,"BALLET CREOLE","Local",7,22500,"TAC Project - Animating"
2025,"Ballet JÃ¶rgen Canada","City Wide",12,98000,"TAC"
2025,"BALLET JÃ¶RGEN CANADA","Local",12,98000,"TAC Operating - Dance"
2025,"Bangladeshi Queer Liberation Collective","Local",4,18250,"TAC"
2025,"BANGLADESHI QUEER LIBERATION COLLECTIVE","Local",4,18250,"TAC Project - Animating"
2025,"Banker Ladies Council","City Wide",4,40000,"BMFF"
2025,"BAR BACAN INCORPORATED","Local",9,1369.56,"CaféTO Grant"
2025,"BARAA ARAR","Local",14,5000,"TAC Project - Literary"
2025,"Barbra Schlifer Commemorative Clinic","City Wide",11,66208.23,"CSP"
2025,"Bathurst Finch Food Coalition","Local",6,6250,"NCAG"
2025,"Bathurst Finch Women's Group","Local",6,7380,"NCAG"
2025,"Batuki Music Society","City Wide",11,35000,"TAC"
2025,"BATUKI MUSIC SOCIETY","Local",11,35000,"TAC Operating - Music"
2025,"BAYISSA HASSEN","Local",11,8000,"TAC Project - Black Arts"
2025,"Baymills","Neighbourhood",23,5000,"CCRF"
2025,"BEACHES INTERNATIONAL JAZZ FESTIVAL","Local",19,90000,"Special Events Stabilization Initiative"
2025,"BEACHES INTERNATIONAL JAZZ FESTIVAL","Local",19,34000,"Community Celebration Support Fund"
2025,"Beats + Skates","City Wide",9,6000,"TAC"
2025,"BEATS + SKATES","Local",9,6000,"TAC Project - Creative Communities"
2025,"BEAU GOMEZ","Local",6,10000,"TAC Project - Visual and Media Arts"
2025,"Beaumonde Heights","Local",1,1000,"YCAG"
2025,"Beautifully Minded","City Wide",25,40000,"BMFF"
2025,"Bedford Trio","City Wide",19,5950,"TAC"
2025,"BEDFORD TRIO","Local",19,5950,"TAC Project - Music"
2025,"Being~Inbetween","Local",11,16700,"TAC"
2025,"BEING~INBETWEEN","Local",11,16700,"TAC Project - Animating"
2025,"BELLVINES INFLUENCE INC.","Local",14,5000,"SBEC Core, Starter Company Plus & Summer Company"
2025,"BEN","Local",4,15000,"TAC Project - Visual and Media Arts"
2025,"Bereaved Families of Ontario-Toronto","City Wide",12,86979.43,"CSP"
2025,"Bernard Betel Centre","Local",6,3900,"PTCG"
2025,"Bernard Betel Centre","Local",6,158609.55,"CSP"
2025,"BERNARD GRAY","Local",12,17420,"TAC Project - Black Arts"
2025,"Bet on Yourself","Neighbourhood",7,5000,"CCRF"
2025,"BETAKIT INC.","Local",14,5650,"Strategic Policy and Management Services  Event Sponsorships"
2025,"BETHANY LITTLEBIRD","Local",4,10000,"TAC Project - Indigenous Arts"
2025,"BETTER FUTURES FOR KIDS FOUNDATION","Local",8,16320,"Special Events Stabilization Initiative"
2025,"Better Living Health and Community Services","Neighbourhood",16,284035.69,"CSP"
2025,"Beyond the Rim (Youth-led)","Neighbourhood",24,5000,"CCRF"
2025,"BGC Dovercourt Club","Local",9,1650,"PTCG"
2025,"BIANCA WEEKO MARTIN","Local",23,5000,"TAC Project - Literary"
2025,"BIDHAN BERMA","Local",24,14983,"TAC Project - Art Reach"
2025,"Big Bloor Improvement Group","City Wide",11,11000,"TAC"
2025,"BIG BLOOR IMPROVEMENT GROUP","Local",11,26094.15,"Special Events Stabilization Initiative"
2025,"BIG BLOOR IMPROVEMENT GROUP","Local",11,11250,"Cultural Festivals Funding Program"
2025,"BIG BLOOR IMPROVEMENT GROUP","Local",11,30650,"Community Celebration Support Fund"
2025,"BIG BLOOR IMPROVEMENT GROUP","Local",11,11000,"TAC Project - Creative Communities"
2025,"BIG SPROXX","Local",3,10000,"TAC Project - Music"
2025,"BINCLAW INC.","Local",15,5000,"SBEC Core, Starter Company Plus & Summer Company"
2025,"BIPOC TV & FILM","Local",10,5500,"Cultural Hotspot"
2025,"Birchmount Bluffs Neighbourhood Centre (BBNC)","Local",20,108167.72,"CSP"
2025,"Birchmount Park Collegiate Institute","Local",20,1000,"YCAG"
2025,"BISTITCHUAL INC.","Local",4,5000,"SBEC Core, Starter Company Plus & Summer Company"
2025,"Black Action Defense Committee","City Wide",12,40000,"BMFF"
2025,"Black Artists' Networks in Dialogue","City Wide",9,35000,"BMFF"
2025,"Black Artists' Networks In Dialogue Gallery And Cultural Centre","City Wide",4,46000,"TAC"
2025,"BLACK ARTISTS' NETWORKS IN DIALOGUE GALLERY AND CULTURAL CENTRE","Local",4,46000,"TAC Operating - Black Arts"
2025,"Black August Arts Residency","City Wide",10,13400,"TAC"
2025,"BLACK AUGUST ARTS RESIDENCY","Local",10,13400,"TAC Project - Black Arts"
2025,"BLACK BUSINESS & PROFESSIONAL ASSOCIATION","Local",11,1000,"Cultural Hotspot"
2025,"Black Coalition for AIDS Prevention of Metropolitan Toronto","City Wide",13,35000,"BMFF"
2025,"Black Creek Community Farm","Local",7,40000,"BMFF"
2025,"BLACK CREEK COMMUNITY HEALTH CENTRE","Local",7,20000,"Business Incubation & Commercialization Grant"
2025,"Black Creek Youth Initiative","Local",5,40000,"BMFF"
2025,"Black Creek Youth Initiative (Youth-led)","Local",7,5000,"CCRF"
2025,"BLACK DIAMOND ART JEWELLERY PLUS GIFTS O/A BLACK DIAMOND GALLERY","Local",8,20000,"Main Street Recovery & Rebuild Initiative"
2025,"Black Environmental Intiative","Local",7,92000,"FOR"
2025,"Black Environmental Intiative","Local",7,92000,"FOR"
2025,"Black Health Alliance","Local",11,10000,"CPP"
2025,"Black Leaders Foundation","Local",24,5000,"CCRF"
2025,"Black Moms Connection","Local",8,40000,"BMFF"
2025,"BLACK SCREEN OFFICE","Local",10,4124.5,"Creative Industries Grant"
2025,"BLACK SCREEN OFFICE","Local",10,8000,"Film and Creative Industries Event Sponsorships"
2025,"BLACK URBANISM TORONTO INC.","Local",12,48949.85,"Dining District Grant Program"
2025,"BLACK URBANISM TORONTO INC.","Local",12,649.31,"Arts and Culture Services Directed Grants"
2025,"Black Women's Institute For Health","City Wide",16,40000,"BMFF"
2025,"Blackhurst Cultural Centre","Local",11,77000,"TAC"
2025,"BLACKHURST CULTURAL CENTRE","Local",11,77000,"TAC Operating - Black Arts"
2025,"BLANDINE MBIYA-KANIKI","Local",25,13763,"TAC Project - Black Arts"
2025,"Blantyre Garden Society","Local",20,5000,"PTCG"
2025,"BLESSING NWODO","Local",9,10000,"TAC Project - Literary"
2025,"BLKZ COMMUNITY (Youth-led)","Neighbourhood",13,5000,"CCRF"
2025,"BLOORCOURT VILLAGE BIA","Local",9,1371.66,"Main Street Recovery & Rebuild Initiative"
2025,"BLOOR-YORKVILLE BIA","Local",11,34000,"Special Events Stabilization Initiative"
2025,"Bob Rumball Canadian Centre of Excellence for the Deaf","City Wide",15,17516.9,"CSP"
2025,"BODY OF WORK STUDIO, INC.","Local",9,5000,"SBEC Core, Starter Company Plus & Summer Company"
2025,"Boost Child & Youth Advocacy Centre","City Wide",15,338307.54,"CSP"
2025,"BOOYAH INC.","Local",12,1271.25,"CaféTO Grant"
2025,"BOOZIES INC.","Local",6,5000,"SBEC Core, Starter Company Plus & Summer Company"
2025,"BOSSANOVA WINE AND BEER INC.","Local",4,1890.49,"CaféTO Grant"
2025,"Bossy Dance","City Wide",11,12750,"TAC"
2025,"BOSSY DANCE","Local",11,12750,"TAC Project - Creative Communities"
2025,"Bouchardanse","City Wide",9,22000,"TAC"
2025,"BOUCHARDANSE","Local",9,22000,"TAC Operating - Dance"
2025,"Boys 2 Men (Youth-led)","Local",19,5000,"CCRF"
2025,"Braeburn Neighbourhood Place","Local",1,61685.09,"CSP"
2025,"Braeburn Neighbourhood Place Incorporated","Local",1,22500,"TAC"
2025,"BRAEBURN NEIGHBOURHOOD PLACE INCORPORATED","Local",1,22500,"TAC Project - Animating"
2025,"BRAEDEN SOLTYS","Local",11,10000,"TAC Project - Theatre"
2025,"BrAIDS for AIDS","Local",5,40000,"BMFF"
2025,"Breaking Canada","City Wide",25,15000,"TAC"
2025,"BREAKING CANADA","Local",25,15000,"TAC Project - Dance"
2025,"Breakthroughs Film Festival","City Wide",13,5000,"TAC"
2025,"BREAKTHROUGHS FILM FESTIVAL","Local",13,5000,"TAC Project - Visual and Media Arts"
2025,"BREATHE Midwives","City Wide",7,40000,"BMFF"
2025,"Bremen Town Collective","City Wide",13,9750,"TAC"
2025,"BREMEN TOWN COLLECTIVE","Local",13,9750,"TAC Project - Theatre"
2025,"BRIAN RIGG","Local",13,10000,"TAC Project - Literary"
2025,"BRIANA ARMSON","Local",11,5000,"TAC Project - Literary"
2025,"BRIGHID FRY","Local",4,10000,"TAC Project - Music"
2025,"Brighter Smiles","Neighbourhood",24,5000,"CCRF"
2025,"BRITTANY PITT","Local",15,5000,"TAC Project - Music"
2025,"Broadacres Junior School","Local",2,1000,"YCAG"
2025,"BROADVIEW DANFORTH BIA","Local",14,10000,"Community Celebration Support Fund"
2025,"Brockton Writers Series","Local",4,4250,"TAC"
2025,"BROCKTON WRITERS SERIES","Local",4,4250,"TAC Project - Literary"
2025,"Brookview Fun Fair Committee (Youth-led)","Local",7,4998.05,"CCRF"
2025,"BRUNO ARAUJO TEIXEIRA","Local",9,10000,"TAC Project - Music"
2025,"Brush & Pixel","Local",19,9000,"TAC"
2025,"BRUSH & PIXEL","Local",19,9000,"TAC Project - Art Reach"
2025,"BrushForward - Youths Empowering Survivors Through Creative Healing","Neighbourhood",8,16770,"INI"
2025,"BRYN","Local",15,10000,"TAC Project - Music"
2025,"Buddies In Bad Times Theatre","City Wide",13,207600,"TAC"
2025,"BUDDIES IN BAD TIMES THEATRE","Local",13,207600,"TAC Operating - Theatre"
2025,"Built By Us Market","Local",18,8500,"INI"
2025,"Built By Us Market","Local",7,8500,"INI"
2025,"Burrows Hall Public School","Local",23,1000,"YCAG"
2025,"BUSINESS IN THE STREETS","Local",10,50000,"Business Incubation & Commercialization Grant"
2025,"Butterfly Gardens of Dovercourt Park","Local",9,4740,"PTCG"
2025,"C. WHITE","Local",12,10000,"TAC Project - Literary"
2025,"CABBAGETOWN BIA","Local",13,36000,"Special Events Stabilization Initiative"
2025,"CABBAGETOWN BIA","Local",13,22500,"Cultural Festivals Funding Program"
2025,"CABBAGETOWN BIA","Local",13,25057,"Community Celebration Support Fund"
2025,"Cada/East","Local",9,22500,"TAC"
2025,"CADA/EAST","Local",9,22500,"TAC Operating - Dance"
2025,"Cahoots Theatre","City Wide",13,64575,"TAC"
2025,"CAHOOTS THEATRE","Local",13,64575,"TAC Operating - Theatre"
2025,"Call Auntie","Local",13,17076,"ICAG"
2025,"CAM CHAMP","Local",9,10000,"TAC Project - Visual and Media Arts"
2025,"CAMILA SALCEDO","Local",9,15862,"TAC Project - Art Reach"
2025,"CAMILA SALCEDO","Local",9,10000,"TAC Project - Visual and Media Arts"
2025,"CAMILLE HERNÃ¡NDEZ-RAMDWAR","Local",17,10000,"TAC Project - Literary"
2025,"Camp RESET","Local",13,5500,"CHS"
2025,"CAMP RESET","Local",13,25000,"Dining District Grant Program"
2025,"CAMP RESET","Local",13,5500,"Cultural Hotspot"
2025,"Canada Pansori Center","City Wide",18,6400,"TAC"
2025,"CANADA PANSORI CENTER","Local",18,6400,"TAC Project - Creative Communities"
2025,"CANADA TECH WEEK ORGANIZATION","Local",10,1e+05,"Economic Development Services Directed Grants"
2025,"CANADA'S LGBT+ CHAMBER OF COMMERCE","Local",13,2500,"Business Incubation & Commercialization Grant"
2025,"CANADA'S MUSIC INCUBATOR LIMITED","Local",11,20000,"Business Incubation & Commercialization Grant"
2025,"CANADA'S MUSIC INCUBATOR LIMITED","Local",11,7000,"Creative Industries Grant"
2025,"CANADA'S NATIONAL BALLET SCHOOL","Local",13,199875,"Cultural Organization Operating Partnership"
2025,"CANADIAN ALLIANCE OF FILM & TELEVISION COSTUME ARTS & DESIGN","Local",14,7500,"Film and Creative Industries Event Sponsorships"
2025,"CANADIAN ALLIANCE OF FILM AND TELEVISION COSTUME","Local",14,7500,"Creative Industries Grant"
2025,"CANADIAN ASSOCIATION OF CHINESE PERFORMING ARTS","Local",23,9645.95,"Special Events Stabilization Initiative"
2025,"CANADIAN ASSOCIATION OF CHINESE PERFORMING ARTS","Local",23,18000,"Cultural Festivals Funding Program"
2025,"Canadian Association of Rwandan Youth Toronto","City Wide",25,40000,"BMFF"
2025,"Canadian Centre for Housing Rights","City Wide",10,871262.5,"TTSP"
2025,"Canadian Centre for Housing Rights","City Wide",10,62250,"TTSP"
2025,"Canadian Centre for Victims of Torture","City Wide",13,34158.53,"CSP"
2025,"Canadian Children'S Opera Company","City Wide",13,27000,"TAC"
2025,"CANADIAN CHILDREN'S OPERA COMPANY","Local",13,27000,"TAC Operating - Music"
2025,"CANADIAN CINEMA EDITORS","Local",19,5000,"Creative Industries Grant"
2025,"CANADIAN CINEMA EDITORS","Local",19,4000,"Film and Creative Industries Event Sponsorships"
2025,"Canadian Dance Assembly / AssemblÃ©e Canadienne De La Danse","City Wide",13,25000,"TAC"
2025,"CANADIAN DANCE ASSEMBLY / ASSEMBLÃ©E CANADIENNE DE LA DANSE","Local",13,25000,"TAC Operating - Dance"
2025,"CANADIAN FEDERATION OF INDEPENDENT GROCERS","Local",17,14144.64,"Economic Development Services Event Sponsorships"
2025,"CANADIAN FILM CENTRE","Local",15,20000,"Creative Industries Grant"
2025,"CANADIAN FILMAKERS FESTIVAL","Local",14,10000,"Film and Creative Industries Event Sponsorships"
2025,"CANADIAN FOOD TRUCK FESTIVALS","Local",19,16405,"Special Events Stabilization Initiative"
2025,"CANADIAN GAME AWARDS","Local",1,5088,"Film and Creative Industries Event Sponsorships"
2025,"CANADIAN GAY & LESBIAN CHAMBER OF COMMERCE","Local",10,7500,"Business Incubation & Commercialization Grant"
2025,"Canadian Gay And Lesbian Archives","City Wide",13,8000,"TAC"
2025,"CANADIAN GAY AND LESBIAN ARCHIVES","Local",13,8000,"TAC Project - Visual and Media Arts"
2025,"CANADIAN INDEPENDENT MUSIC ASSOCIATION","Local",10,195000,"Creative Industries Grant"
2025,"Canadian Mental Health Association Toronto Branch","City Wide",11,22786.06,"CSP"
2025,"Canadian Mental Health Association, Toronto Branch","Local",8,20000,"TAC"
2025,"CANADIAN MENTAL HEALTH ASSOCIATION, TORONTO BRANCH","Local",8,20000,"TAC Project - Newcomer and Refugee"
2025,"Canadian Music Centre","City Wide",13,90000,"TAC"
2025,"CANADIAN MUSIC CENTRE","Local",13,90000,"TAC Operating - Music"
2025,"CANADIAN MUSIC PUBLISHERS ASSOCIATION","Local",11,4622.42,"Film and Creative Industries Event Sponsorships"
2025,"Canadian Opera Company","City Wide",13,1500000,"TAC"
2025,"CANADIAN OPERA COMPANY","Local",13,1500000,"TAC Large Institutions"
2025,"CANADIAN POLISH CONGRESS","Local",11,7500,"Cultural Festivals Funding Program"
2025,"Canadian Red Cross Society, Toronto Region branch","City Wide",9,183921.53,"CSP"
2025,"CANADIAN REGGAE MUSIC ASSOCIATION","Local",6,24550.5,"Main Street Recovery & Rebuild Initiative"
2025,"CANADIAN REGGAE MUSIC ASSOCIATION","Local",6,4905,"Special Events Stabilization Initiative"
2025,"CANADIAN REGGAE MUSIC ASSOCIATION","Local",6,23000,"Cultural Festivals Funding Program"
2025,"CANADIAN REGGAE MUSIC ASSOCIATION","Local",6,50000,"Transit Construction Mitigation Fund"
2025,"CANADIAN REGGAE MUSIC ASSOCIATION","Local",6,25000,"Community Celebration Support Fund"
2025,"CANADIAN REGGAE MUSIC ASSOCIATION","Local",6,50000,"Dining District Grant Program"
2025,"CANADIAN SALSA FESTIVALS PROJECT","Local",8,87957,"Special Events Stabilization Initiative"
2025,"CANADIAN SALSA FESTIVALS PROJECT","Local",8,110000,"Cultural Festivals Funding Program"
2025,"Canadian Stage","City Wide",13,832000,"TAC"
2025,"CANADIAN STAGE","Local",13,832000,"TAC Large Institutions"
2025,"Canadian Tamil Youth Development Centre (CanTYD)","City Wide",24,162169.32,"CSP"
2025,"Canadian Tamil Youth Development Centre (Youth-led)","Local",24,4992.69,"CCRF"
2025,"CANADIAN TENNIS ASSOCIATION","Local",7,2e+05,"Toronto Significant Event Investment Program"
2025,"CANADIAN URBAN INSTITUTE","Local",10,320000,"Economic Development Services Directed Grants"
2025,"CANADIAN WOMEN'S CHAMBER OF COMMERCE","Local",13,10000,"Business Incubation & Commercialization Grant"
2025,"Canasian Dance Festival","City Wide",13,30000,"TAC"
2025,"CANASIAN DANCE FESTIVAL","Local",13,30000,"TAC Operating - Dance"
2025,"Canvas Arts Action Programs","City Wide",12,35000,"TAC"
2025,"CANVAS ARTS ACTION PROGRAMS","Local",12,35000,"TAC Operating - Creative Communities"
2025,"Cardinal Carter Academy for the Arts","Local",18,1000,"YCAG"
2025,"Carefirst Seniors & Community Services Association","City Wide",22,119810.38,"CSP"
2025,"Carfac Ontario","City Wide",10,31000,"TAC"
2025,"CARFAC ONTARIO","Local",10,31000,"TAC Operating - Visual and Media Arts"
2025,"CARIBANA ARTS GROUP","Local",22,5514.38,"Special Events Stabilization Initiative"
2025,"CARIBBEAN PROMOTIONS ARTS & CULTURE INC.","Local",3,52955,"Special Events Stabilization Initiative"
2025,"CARIBBEAN PROMOTIONS ARTS & CULTURE INC.","Local",3,20000,"Cultural Festivals Funding Program"
2025,"CARIBBEAN SCHOLARSHIP FOUNDATION","Local",18,25843.26,"Special Events Stabilization Initiative"
2025,"Caribbeantales","City Wide",10,23000,"TAC"
2025,"CARIBBEANTALES","Local",10,23000,"TAC Operating - Visual and Media Arts"
2025,"Carleton Village Community Gardeners / Arts4All","Local",9,4900,"PTCG"
2025,"CARMEN CECILIA OCAMPO VELAZQUEZ","Local",3,18300,"TAC Project - Animating"
2025,"Carol Shields Prize Foundation","City Wide",15,3600,"TAC"
2025,"CAROL SHIELDS PRIZE FOUNDATION","Local",15,3600,"TAC Project - Literary"
2025,"CARRIE PERREAULT","Local",5,13500,"TAC Project - Animating"
2025,"CASA CULTURAL PERUANA INC.","Local",1,13738.65,"Special Events Stabilization Initiative"
2025,"CASA CULTURAL PERUANA INC.","Local",1,20000,"Cultural Festivals Funding Program"
2025,"Casa De Danza","City Wide",12,7500,"TAC"
2025,"CASA DE DANZA","Local",12,7500,"TAC Project - Dance"
2025,"CASA FOUNDATION FOR INTERNATIONAL DEVELOPMENT","Local",10,20000,"Business Incubation & Commercialization Grant"
2025,"CASSANDRA MYERS","Local",9,12410,"TAC Project - Dance"
2025,"CATHARINE CHEN","Local",10,5000,"TAC Project - Literary"
2025,"Cathedral Bluffs Symphony Orchestra","City Wide",20,20500,"TAC"
2025,"CATHEDRAL BLUFFS SYMPHONY ORCHESTRA","Local",20,20500,"TAC Operating - Community Music Making"
2025,"Catholic Crosscultural Services","City Wide",21,34070.42,"CSP"
2025,"Catholic Education Centre","Local",18,1000,"YCAG"
2025,"CATRIONA WRIGHT","Local",9,10000,"TAC Project - Literary"
2025,"Cecil Community Centre","Local",11,6567.36,"CSP"
2025,"CEE CENTRE FOR YOUNG BLACK PROFESSIONALS","Local",21,153000,"Film and Creative Industries Directed Grants"
2025,"CELEBRATE TORONTO","Local",4,30000,"Strategic Policy and Management Services Directed Grants"
2025,"CELIA GREEN","Local",9,8400,"TAC Project - Dance"
2025,"Central Eglinton Community Centre","Neighbourhood",12,35163.02,"CSP"
2025,"Central Toronto Academy","Local",11,1000,"YCAG"
2025,"Central Toronto Academy","Local",11,1000,"YCAG"
2025,"Centre de l’Identité et de la Culture Africaines","City Wide",5,40000,"BMFF"
2025,"Centre for Immigrant & Community Services","City Wide",22,253750,"TTSP"
2025,"Centre for Immigrant and Community Services","City Wide",22,152065.7,"CSP"
2025,"Centre for Independent Living in Toronto","City Wide",13,30393.16,"CSP"
2025,"Centre For Indigenous Theatre","City Wide",10,66625,"TAC"
2025,"CENTRE FOR INDIGENOUS THEATRE","Local",10,66625,"TAC Operating - Theatre"
2025,"CENTRE FOR SUSTAINABLE PRACTICE IN THE ARTS","Local",4,5000,"TAC Strategic Partnership"
2025,"Cfmdc","City Wide",10,56000,"TAC"
2025,"CFMDC","Local",10,56000,"TAC Operating - Visual and Media Arts"
2025,"Chai And Jam","City Wide",10,8000,"TAC"
2025,"CHAI AND JAM","Local",10,8000,"TAC Project - Music"
2025,"Charles Street Video","City Wide",9,58600,"TAC"
2025,"CHARLES STREET VIDEO","Local",9,58600,"TAC Operating - Visual and Media Arts"
2025,"CHARLIE HOUSTON","Local",8,4000,"TAC Project - Music"
2025,"Charlotte Carbone & DisÃ©iye Thompson","Local",9,14992,"TAC"
2025,"CHARLOTTE CARBONE & DISÃ©IYE THOMPSON","Local",9,14992,"TAC Project - Art Reach"
2025,"CHARMIE DELLER","Local",3,4000,"TAC Project - Music"
2025,"CHELSEA NYOMI","Local",11,12300,"TAC Project - Black Arts"
2025,"CHELSEA OSEI","Local",13,16300,"TAC Project - Black Arts"
2025,"CHELSEA OSEI","Local",13,16500,"TAC Project - Visual and Media Arts"
2025,"CHIAMAKA AZUBUIKE","Local",10,10500,"TAC Project - Black Arts"
2025,"CHIEDZA PASIPANODYA","Local",14,8200,"TAC Project - Black Arts"
2025,"Children'S Peace Theatre","Local",19,58425,"TAC"
2025,"CHILDREN'S PEACE THEATRE","Local",19,58425,"TAC Operating - Creative Communities"
2025,"Chimneystack Homework Club","Neighbourhood",7,17000,"INI"
2025,"CHIN YI CHEN","Local",10,15000,"TAC Project - Newcomer and Refugee"
2025,"CHINATOWN BIA","Local",11,14694.04,"Special Events Stabilization Initiative"
2025,"CHINATOWN BIA","Local",11,15000,"Cultural Festivals Funding Program"
2025,"Chinese Artists Society Of Toronto","City Wide",22,10440,"TAC"
2025,"CHINESE ARTISTS SOCIETY OF TORONTO","Local",22,10440,"TAC Operating - Community Music Making"
2025,"Chinese Canadian National Council Toronto Chapter","City Wide",10,73004.68,"CSP"
2025,"Chinese Community in Scarborough (CCIS)","Local",21,2500,"NCAG"
2025,"Chinese Community in Scarborough (CCIS)","Local",23,2500,"NCAG"
2025,"Chinese Community in Scarborough (CCIS)","Local",22,2500,"NCAG"
2025,"CHINESE CULTURAL CENTRE OF GREATER TORONTO FOUNDATION","Local",23,3800.87,"Special Events Stabilization Initiative"
2025,"CHINESE CULTURAL CENTRE OF GREATER TORONTO FOUNDATION","Local",23,26235,"Community Celebration Support Fund"
2025,"CHRISTIE OSSINGTON NEIGHBOURHO","Local",11,58430.74,"HPP"
2025,"Christie Ossington Neighbourhood Centre","City Wide",9,89017.8,"CSP"
2025,"CHRISTINE BOUGIE","Local",4,5000,"TAC Project - Music"
2025,"CHRISTOPHER DELA CRUZ","Local",25,15000,"TAC Project - Visual and Media Arts"
2025,"CHRISTOPHER GUDGEON","Local",11,10000,"TAC Project - Literary"
2025,"CHURCH-WELLESLEY VILLAGE BIA","Local",13,14875,"Special Events Stabilization Initiative"
2025,"CINEMA BIDCO, ULC","Local",3,15000,"Film and Creative Industries Directed Grants"
2025,"Citadel + Compagnie","City Wide",13,66000,"TAC"
2025,"CITADEL + COMPAGNIE","Local",13,66000,"TAC Operating - Dance"
2025,"CITYPLACE AND FORT YORK BIA","Local",10,31796.7,"Main Street Recovery & Rebuild Initiative"
2025,"CITYPLACE AND FORT YORK BIA","Local",10,1e+05,"Transit Construction Mitigation Fund"
2025,"CITYPLACE AND FORT YORK BIA","Local",10,40000,"Community Celebration Support Fund"
2025,"CIVIC CIRCLES","Local",10,53000,"Youth Cultural Incubators Stabilization Initiative"
2025,"Civic Circles","City Wide",10,53000,"YCISI"
2025,"Clay And Paper Theatre","Local",9,30750,"TAC"
2025,"CLAY AND PAPER THEATRE","Local",9,30750,"TAC Operating - Theatre"
2025,"CLEANAI INC.","Local",4,10176,"Economic Development Services Event Sponsorships"
2025,"Clic Clac Collective","City Wide",5,20000,"TAC"
2025,"CLIC CLAC COLLECTIVE","Local",5,20000,"TAC Project - Newcomer and Refugee"
2025,"Cliffcrest Community Centre","Local",21,43751.11,"CSP"
2025,"ClimateCareTO","Local",18,3362.975,"NCAG"
2025,"ClimateCareTO","Local",20,3362.975,"NCAG"
2025,"Cloudflo","City Wide",15,15000,"TAC"
2025,"Cloudflo","City Wide",15,12000,"TAC"
2025,"CLOUDFLO","Local",15,12000,"TAC Project - Black Arts"
2025,"CLOUDFLO","Local",15,15000,"TAC Project - Innovation and Capacity Building"
2025,"CML VILLAGE BIA PROJECT","Local",24,25000,"Main Street Recovery & Rebuild Initiative"
2025,"CML VILLAGE BIA PROJECT","Local",24,15375,"Community Celebration Support Fund"
2025,"CML VILLAGE BIA PROJECT","Local",24,7500,"BIA Capacity Development Grant"
2025,"COLUMBUS CENTRE OF TORONTO","Local",8,30000,"Community Celebration Support Fund"
2025,"Common Boots Theatre","City Wide",16,41000,"TAC"
2025,"COMMON BOOTS THEATRE","Local",16,41000,"TAC Operating - Theatre"
2025,"Common Thread Community Chorus Of Toronto","City Wide",11,11850,"TAC"
2025,"COMMON THREAD COMMUNITY CHORUS OF TORONTO","Local",11,11850,"TAC Project - Music"
2025,"Community Arts Guild","Local",24,5000,"CHS"
2025,"Community Arts Guild","Local",24,37000,"TAC"
2025,"Community Arts Guild","Local",24,20000,"TAC"
2025,"COMMUNITY ARTS GUILD","Local",24,5000,"Cultural Hotspot"
2025,"COMMUNITY ARTS GUILD","Local",24,37000,"TAC Operating - Creative Communities"
2025,"COMMUNITY ARTS GUILD","Local",24,20000,"TAC Project - Newcomer and Refugee"
2025,"Community Family Services of Ontario","City Wide",22,48562.11,"CSP"
2025,"Community member","Neighbourhood",13,5000,"CCRF"
2025,"Community Music Schools Of Toronto","City Wide",13,50000,"TAC"
2025,"COMMUNITY MUSIC SCHOOLS OF TORONTO","Local",13,50000,"TAC Operating - Music"
2025,"Community Social Planning Council of Toronto","City Wide",13,505728.38,"CSP"
2025,"COMPLEX- Community Arts Initiative (Youth-led)","Local",1,5000,"CCRF"
2025,"COMPROMISO INC.","Local",6,5000,"SBEC Core, Starter Company Plus & Summer Company"
2025,"Concerts In Care Ontario","Local",5,2389,"TAC"
2025,"CONCERTS IN CARE ONTARIO","Local",5,2389,"TAC Project - Music"
2025,"Concerts On Connolly","Local",9,12000,"TAC"
2025,"Concerts On Connolly","Local",9,7500,"TAC"
2025,"CONCERTS ON CONNOLLY","Local",9,19500,"TAC Project - Music"
2025,"Concrete Cabaret","City Wide",9,12750,"TAC"
2025,"CONCRETE CABARET","Local",9,12750,"TAC Project - Theatre"
2025,"Confluence Concerts","City Wide",11,15000,"TAC"
2025,"CONFLUENCE CONCERTS","Local",11,15000,"TAC Operating - Music"
2025,"CONOR MCBRIDE RMT","Local",13,5000,"SBEC Core, Starter Company Plus & Summer Company"
2025,"CONTACT PHOTOGRAPHY FESTIVAL","Local",10,60000,"Cultural Festivals Funding Program"
2025,"Continuum Contemporary Music Ensemble","City Wide",16,37000,"TAC"
2025,"CONTINUUM CONTEMPORARY MUSIC ENSEMBLE","Local",16,37000,"TAC Operating - Music"
2025,"Corktown Residents and Business Association","Local",13,350,"FOR"
2025,"Corktown Residents and Business Association","Local",13,350,"FOR"
2025,"Corpus","City Wide",9,35000,"TAC"
2025,"CORPUS","Local",9,35000,"TAC Operating - Dance"
2025,"COSTI Immigrant Services","City Wide",9,167080.16,"CSP"
2025,"COTA Health","Local",11,383427,"AASSP"
2025,"COTA Health","Local",6,600354.38,"AASSP"
2025,"Council of Agencies Serving South Asians","City Wide",23,73004.69,"CSP"
2025,"COWORKING CANADA","Local",11,5000,"Strategic Policy and Management Services  Event Sponsorships"
2025,"Craft Ontario","City Wide",9,25000,"TAC"
2025,"CRAFT ONTARIO","Local",9,25000,"TAC Operating - Visual and Media Arts"
2025,"CRAIG PALMER","Local",9,12300,"TAC Project - Black Arts"
2025,"Creato Community","City Wide",4,11250,"TAC"
2025,"CREATO COMMUNITY","Local",4,11250,"TAC Project - Creative Communities"
2025,"CRISTAL BUEMI","Local",9,15000,"TAC Project - Visual and Media Arts"
2025,"Crossroads Theatre","Local",5,15375,"TAC"
2025,"Crossroads Theatre","Local",5,22500,"TAC"
2025,"CROSSROADS THEATRE","Local",5,15000,"Arts and Culture Services Directed Grants"
2025,"CROSSROADS THEATRE","Local",5,15375,"TAC Operating - Theatre"
2025,"CROSSROADS THEATRE","Local",5,22500,"TAC Project - Animating"
2025,"Crows Theatre","City Wide",14,49200,"TAC"
2025,"CROWS THEATRE","Local",14,49200,"TAC Operating - Theatre"
2025,"Cue Art Projects","City Wide",9,8000,"TAC"
2025,"CUE ART PROJECTS","Local",9,8000,"TAC Project - Creative Communities"
2025,"CULTURAL POLICY HUB AT OCADU","Local",10,40000,"TAC Strategic Partnership"
2025,"Cultureland","City Wide",18,6000,"TAC"
2025,"CULTURELAND","Local",18,6000,"TAC Project - Creative Communities"
2025,"CultureLink Settlement & Community Services","City Wide",4,124580.25,"CSP"
2025,"CuradorRUs","Local",8,5000,"CCRF"
2025,"CURIOUS EPICUREANS INC.","Local",14,1306.27,"CaféTO Grant"
2025,"CURRYISH INC.","Local",10,1127.92,"CaféTO Grant"
2025,"DAN PITT","Local",15,5000,"TAC Project - Music"
2025,"DANA FRADKIN","Local",14,15000,"TAC Project - Visual and Media Arts"
2025,"Dance Immersion Ontario","City Wide",13,65000,"TAC"
2025,"Dance Immersion Ontario","City Wide",13,55000,"TAC"
2025,"DANCE IMMERSION ONTARIO","Local",13,55000,"TAC Operating - Dance"
2025,"DANCE IMMERSION ONTARIO","Local",13,65000,"TAC Project - Innovation and Capacity Building"
2025,"Dance Me A Song Collective","City Wide",14,4500,"TAC"
2025,"DANCE ME A SONG COLLECTIVE","Local",14,4500,"TAC Project - Theatre"
2025,"Dance Migration Project","Local",8,22500,"TAC"
2025,"DANCE MIGRATION PROJECT","Local",8,22500,"TAC Project - Animating"
2025,"Dance Ontario Association","City Wide",9,22000,"TAC"
2025,"DANCE ONTARIO ASSOCIATION","Local",9,22000,"TAC Operating - Dance"
2025,"Dance Together Festival","Local",3,22500,"TAC"
2025,"DANCE TOGETHER FESTIVAL","Local",3,22500,"TAC Project - Animating"
2025,"Dancemakers","City Wide",13,93890,"TAC"
2025,"DANCEMAKERS","Local",13,93890,"TAC Operating - Dance"
2025,"Dancer Transition Resource Centre","City Wide",11,28210,"TAC"
2025,"DANCER TRANSITION RESOURCE CENTRE","Local",11,28210,"TAC Operating - Dance"
2025,"Danceworks","City Wide",10,64000,"TAC"
2025,"DANCEWORKS","Local",10,64000,"TAC Operating - Dance"
2025,"DANFORTH MOSAIC BIA","Local",14,2005.13,"Special Events Stabilization Initiative"
2025,"DANFORTH MOSAIC BIA","Local",14,32000,"Community Celebration Support Fund"
2025,"DANFORTH MOSAIC BIA","Local",14,12500,"Dining District Grant Program"
2025,"DANI NASH","Local",9,5000,"TAC Project - Music"
2025,"DAST_GA","Local",13,18890,"TAC Project - Animating"
2025,"Davenport-Perth Neighbourhood and Community Health Centre","Neighbourhood",9,111903.71,"CSP"
2025,"DAVID HAN","Local",12,6000,"TAC Project - Creative Communities"
2025,"DAVID OCCHIPINTI","Local",19,5000,"TAC Project - Music"
2025,"DAVID ROBINSON-CROMWELL","Local",24,10000,"TAC Project - Indigenous Arts"
2025,"DECOR. TO","Local",1,5000,"SBEC Core, Starter Company Plus & Summer Company"
2025,"DEEPI AHLUWALIA","Local",3,10000,"TAC Project - Literary"
2025,"Delta Family Resource Centre","City Wide",1,492,"INI"
2025,"Delta Family Resource Centre","City Wide",1,128000,"BMFF"
2025,"Delta Family Resource Centre","City Wide",1,140863.56,"CSP"
2025,"Delta Family Resource Centre","City Wide",1,30000,"CCRF"
2025,"Delta Family Resource Centre","Local",1,66000,"LLG"
2025,"DENNIS LIN","Local",4,10000,"TAC Project - Visual and Media Arts"
2025,"DEON MARS","Local",19,8500,"TAC Project - Black Arts"
2025,"Department Of Imaginary Affairs","Local",13,27000,"TAC"
2025,"DEPARTMENT OF IMAGINARY AFFAIRS","Local",13,27000,"TAC Project - Animating"
2025,"DEREK CHRISTOFF","Local",5,4500,"TAC Project - Music"
2025,"DESIGN BY NATURE GEMS INC.","Local",11,5000,"SBEC Core, Starter Company Plus & Summer Company"
2025,"DESIGN INDUSTRY ADVISORY COMMITTEE","Local",10,24158.4,"Economic Development Services Directed Grants"
2025,"DEVAN","Local",8,10000,"TAC Project - Music"
2025,"DEVON PRYCE","Local",9,10000,"TAC Project - Visual and Media Arts"
2025,"Dia De Los Muertos Collective","Local",10,11000,"TAC"
2025,"DIA DE LOS MUERTOS COLLECTIVE","Local",10,11000,"TAC Project - Creative Communities"
2025,"Diamondsinthadirt","Neighbourhood",8,17000,"INI"
2025,"Diaspora Dialogues","City Wide",11,55000,"TAC"
2025,"DIASPORA DIALOGUES","Local",11,55000,"TAC Operating - Literary"
2025,"DILAY TASKAYA","Local",15,15000,"TAC Project - Newcomer and Refugee"
2025,"Directors Lab North","City Wide",14,12580,"TAC"
2025,"DIRECTORS LAB NORTH","Local",14,12580,"TAC Project - Theatre"
2025,"DISABILITY SCREEN OFFICE","Local",11,20000,"Film and Creative Industries Directed Grants"
2025,"Distress Centres of Greater Toronto","City Wide",13,146990.35,"CSP"
2025,"DISTRICT VENTURES KITCHEN","Local",5,25000,"Business Incubation & Commercialization Grant"
2025,"Diversity Dance Stars (Youth-led)","Neighbourhood",7,5000,"CCRF"
2025,"Dixon Hall","Local",13,407770.07,"CSP"
2025,"Dlt","City Wide",10,9560,"TAC"
2025,"DLT","Local",10,9560,"TAC Project - Theatre"
2025,"Doc Toronto","City Wide",10,8000,"TAC"
2025,"DOC TORONTO","Local",10,8000,"TAC Project - Visual and Media Arts"
2025,"DON MACDOUGALL","Local",15,5000,"TAC Project - Literary"
2025,"Don Valley Middle School","Local",17,800,"YCAG"
2025,"DONNÃ© ROBERTS","Local",4,4000,"TAC Project - Music"
2025,"Donwood Park Public School","Local",21,696.79,"YCAG"
2025,"Doris Mccarthy Gallery, University Of Toronto Scarborough","City Wide",25,72000,"TAC"
2025,"DORIS MCCARTHY GALLERY, UNIVERSITY OF TORONTO SCARBOROUGH","Local",25,72000,"TAC Operating - Visual and Media Arts"
2025,"Dorset Park Public School","Local",21,500,"YCAG"
2025,"DOUBL MANUFACTURING LTD.","Local",10,5000,"SBEC Core, Starter Company Plus & Summer Company"
2025,"Dovercourt Boys and Girls Club","Local",9,69027.84,"CSP"
2025,"DOWNSVIEW AEROSPACE INNOVATION & RESEARCH CENTRE","Local",20,29400,"Economic Development Services Directed Grants"
2025,"Downsview Lands Community Voice Association","Local",6,200,"FOR"
2025,"Downsview Lands Community Voice Association","Local",6,200,"FOR"
2025,"DOWNTOWN YONGE BIA","Local",11,42443.55,"Main Street Recovery & Rebuild Initiative"
2025,"DOWNTOWN YONGE BIA","Local",11,11250,"Special Events Stabilization Initiative"
2025,"DOWNTOWN YONGE BIA","Local",11,5000,"BIA Capacity Development Grant"
2025,"DRAKE WILLIAMS","Local",10,10000,"TAC Project - Indigenous Arts"
2025,"Drama & Queers!","Local",13,11950,"TAC"
2025,"DRAMA & QUEERS!","Local",13,11950,"TAC Project - Art Reach"
2025,"Dramaway","City Wide",5,20000,"TAC"
2025,"DRAMAWAY","Local",5,20000,"TAC Project - Animating"
2025,"Dreamwalker Dance Company","City Wide",13,30000,"TAC"
2025,"DREAMWALKER DANCE COMPANY","Local",13,30000,"TAC Operating - Dance"
2025,"DUPONT BY THE CASTLE BIA","Local",11,13667,"Special Events Stabilization Initiative"
2025,"Dusk Dances Inc.","City Wide",13,42000,"TAC"
2025,"Dusk Dances Inc.","City Wide",13,25000,"TAC"
2025,"DUSK DANCES INC.","Local",13,42000,"TAC Operating - Dance"
2025,"DUSK DANCES INC.","Local",13,25000,"TAC Project - Innovation and Capacity Building"
2025,"D-way Mentorship Program (Youth-led)","Local",10,5000,"CCRF"
2025,"D-Way Youth Organization","Neighbourhood",10,17000,"INI"
2025,"DYLAN MITRO","Local",9,15000,"TAC Project - Visual and Media Arts"
2025,"DYLAN PILCHER","Local",11,7000,"TAC Project - Indigenous Arts"
2025,"DYLAN PUN","Local",11,15000,"TAC Project - Visual and Media Arts"
2025,"Eaa Emerging Artists Association","City Wide",10,11000,"TAC"
2025,"Earth Work Visions","Local",12,5000,"LLG"
2025,"EAST END ARTS TORONTO","Local",14,317750,"Local Arts Service Organizations"
2025,"East Scarborough Boys & Girls Club","Local",24,218814.32,"CSP"
2025,"East Scarborough Boys & Girls Club & Bridging Borders with Inmates","Local",20,215694,"YVP"
2025,"East Scarborough Storefront","Local",24,5000,"CHS"
2025,"East Scarborough Storefront","Local",24,20000,"CPP"
2025,"East Scarborough Storefront - MakeWay Charitable Society","City Wide",24,110728.87,"CSP"
2025,"East Toronto Family Community Centre","Local",14,107955.6,"CSP"
2025,"East York Meals on Wheels","Local",15,35773.96,"CSP"
2025,"EAST YORK TORONTO CANADA DAY","Local",19,10084.17,"Special Events Stabilization Initiative"
2025,"Eastview Public School","Local",24,1000,"YCAG"
2025,"Echo Women'S Choir","City Wide",13,12000,"TAC"
2025,"ECHO WOMEN'S CHOIR","Local",13,12000,"TAC Operating - Community Music Making"
2025,"Echoes For Excellence","Local",5,4250,"INI"
2025,"Echoes For Excellence","Local",17,4250,"INI"
2025,"Echoes For Excellence","Local",20,4250,"INI"
2025,"Echoes For Excellence","Local",19,4250,"INI"
2025,"ECONOMIC DEVELOPERS COUCIL OF ONTARIO INCORPORATED","Local",13,30000,"Economic Development Services Event Sponsorships"
2025,"EGLINTON HILL BIA","Local",5,31250,"BIA Capacity Development Grant"
2025,"EGLINTON WAY BIA","Local",12,11045.22,"Special Events Stabilization Initiative"
2025,"EGLINTON WAY BIA","Local",12,12500,"Transit Construction Mitigation Fund"
2025,"EGLINTON WAY BIA","Local",12,37500,"Dining District Grant Program"
2025,"E-Heroes","Local",16,1404,"NCAG"
2025,"E-Heroes","Local",15,1404,"NCAG"
2025,"E-Heroes","Local",21,1404,"NCAG"
2025,"E-Heroes","Local",20,1404,"NCAG"
2025,"Eilers Dance Theatre Inc.","City Wide",13,10000,"TAC"
2025,"Eilers Dance Theatre Inc.","Local",13,18300,"TAC"
2025,"EILERS DANCE THEATRE INC.","Local",13,18300,"TAC Project - Animating"
2025,"EILERS DANCE THEATRE INC.","Local",13,10000,"TAC Project - Dance"
2025,"EILISH SHIN-CULHANE","Local",13,7500,"TAC Project - Dance"
2025,"Eldritch Theatre Incorporated","City Wide",19,20000,"TAC"
2025,"ELDRITCH THEATRE INCORPORATED","Local",19,20000,"TAC Operating - Theatre"
2025,"ELEVATE TORONTO","Local",10,131250,"Economic Development Services Event Sponsorships"
2025,"ELI HOWEY","Local",4,11500,"TAC Project - Visual and Media Arts"
2025,"Elizabeth Simcoe Junior Public School","Local",24,1000,"YCAG"
2025,"ELLEN DENNY","Local",9,10000,"TAC Project - Theatre"
2025,"Ellen Mcgreal Housing Co-op","Local",25,4311,"PTCG"
2025,"Elspeth Heyworth Centre for Women","Local",7,54000,"LLG"
2025,"Elspeth Heyworth Centre for Women (North York)","Local",7,52106.49,"CSP"
2025,"ELYSSA JANE PLAZA","Local",21,4000,"TAC Project - Music"
2025,"EMERGING ARTISTS ASSOCIATION","Local",18,10170,"Special Events Stabilization Initiative"
2025,"EMERGING ARTISTS ASSOCIATION","Local",18,18000,"Cultural Festivals Funding Program"
2025,"EMERGING ARTISTS ASSOCIATION","Local",10,11000,"TAC Project - Music"
2025,"EMILIE JABOUIN","Local",11,8500,"TAC Project - Black Arts"
2025,"EMMA WORLEY","Local",12,6200,"TAC Project - Music"
2025,"EMMANUEL PARISH CELESTIAL CHURCH OF CHRIST","Local",7,3000,"Special Events Stabilization Initiative"
2025,"EMMANUEL PARISH CELESTIAL CHURCH OF CHRIST","Local",7,10800,"Community Celebration Support Fund"
2025,"Engaged Communities","Local",16,5000,"CCRF"
2025,"Engaged Communities","Local",13,20000,"TAC"
2025,"ENGAGED COMMUNITIES","Local",13,20000,"TAC Project - Newcomer and Refugee"
2025,"Engaged Communities (Trustee: Go Green Youth Centre)","Local",15,62724.73,"YVP"
2025,"Ensemble Makedonka","City Wide",15,6400,"TAC"
2025,"ENSEMBLE MAKEDONKA","Local",15,6400,"TAC Project - Creative Communities"
2025,"EPIC Leadership","City Wide",8,25000,"YCISI"
2025,"EPIC LEADERSHIP","Local",8,45000,"Youth Cultural Incubators Stabilization Initiative"
2025,"Epilepsy Toronto","City Wide",13,53008.87,"CSP"
2025,"EPILEPSY TORONTO","Local",15,30915,"Special Events Stabilization Initiative"
2025,"EPILEPSY TORONTO","Local",15,15000,"Cultural Festivals Funding Program"
2025,"ERDEM TASDELEN","Local",9,10000,"TAC Project - Visual and Media Arts"
2025,"ERIC ABRAMOVITZ","Local",13,10000,"TAC Project - Music"
2025,"ERIC SEGUIN","Local",4,10000,"TAC Project - Music"
2025,"ERIC YENSU","Local",11,10500,"TAC Project - Black Arts"
2025,"ERICA WHYTE","Local",12,12000,"TAC Project - Black Arts"
2025,"ERIN MICK","Local",11,5000,"TAC Project - Literary"
2025,"Eritrean Canadian Community Center of Metropolitan Toronto","City Wide",12,37947.39,"CSP"
2025,"ERITREAN COMMUNITY NETWORK (NEW NAKFA)","Local",13,15000,"Cultural Festivals Funding Program"
2025,"ERIYANI","Local",12,5000,"SBEC Core, Starter Company Plus & Summer Company"
2025,"ERNESTO CERVINI","Local",3,10000,"TAC Project - Music"
2025,"Eshkiniigjik Naandwechigegamig, Aabiish Gaa Binjibaaying - ENAGB Youth Program","City Wide",5,430740.92,"YVP"
2025,"ESIE MENSAH","Local",14,18000,"TAC Project - Dance"
2025,"Esmeralda Enrique Spanish Dance Company","City Wide",10,35000,"TAC"
2025,"ESMERALDA ENRIQUE SPANISH DANCE COMPANY","Local",10,35000,"TAC Operating - Dance"
2025,"ESTHETEAK INC.","Local",13,5000,"SBEC Core, Starter Company Plus & Summer Company"
2025,"ETHAN GODEL","Local",15,15000,"TAC Project - Visual and Media Arts"
2025,"ETHAN KEYES","Local",15,5000,"TAC Project - Theatre"
2025,"Etobicoke Collegiate Institute","Local",2,700,"YCAG"
2025,"Etobicoke Collegiate Institute Eco Club","Local",2,958,"PTCG"
2025,"Etobicoke Community Concert Band","Local",3,4072,"TAC"
2025,"ETOBICOKE COMMUNITY CONCERT BAND","Local",3,4072,"TAC Operating - Community Music Making"
2025,"Etobicoke Philharmonic Orchestra","Local",2,10148,"TAC"
2025,"ETOBICOKE PHILHARMONIC ORCHESTRA","Local",2,10148,"TAC Operating - Community Music Making"
2025,"Etobicoke Services for Seniors","Local",5,132721.91,"CSP"
2025,"EVANGEL HALL","Local",10,43822.74,"HPP"
2025,"Eva's Initiatives for Homeless Youth","City Wide",10,35000,"BMFF"
2025,"EVEN MATCHUP GAMING INC.","Local",9,7500,"Film and Creative Industries Event Sponsorships"
2025,"Evergreen","City Wide",11,8000,"TAC"
2025,"EVERGREEN","Local",11,28050,"Special Events Stabilization Initiative"
2025,"EVERGREEN","Local",11,22500,"Cultural Festivals Funding Program"
2025,"EVERGREEN","Local",11,40000,"Community Celebration Support Fund"
2025,"EVERGREEN","Local",11,8000,"TAC Project - Visual and Media Arts"
2025,"Evergreen Brick Works","Local",11,19911,"ICAG"
2025,"EVIL LLAMA AND FRIENDS","Local",11,5000,"SBEC Core, Starter Company Plus & Summer Company"
2025,"EXCLUSIVE DRY CLEANERS INC.","Local",11,5000,"SBEC Core, Starter Company Plus & Summer Company"
2025,"EXHIBITION PLACE","Local",10,969110,"Arts and Culture Services Directed Grants"
2025,"Exit Points","City Wide",9,6000,"TAC"
2025,"EXIT POINTS","Local",9,3000,"Creative Industries Grant"
2025,"EXIT POINTS","Local",9,6000,"TAC Project - Music"
2025,"Expand The Cypher","City Wide",19,3000,"TAC"
2025,"EXPAND THE CYPHER","Local",19,3000,"TAC Project - Dance"
2025,"Expect Theatre Inc.","City Wide",8,12250,"TAC"
2025,"EXPECT THEATRE INC.","Local",8,12250,"TAC Project - Creative Communities"
2025,"Extend-A-Family","City Wide",8,30363.8,"CSP"
2025,"Extended Family","City Wide",9,8100,"TAC"
2025,"EXTENDED FAMILY","Local",9,8100,"TAC Project - Black Arts"
2025,"Exultate Chamber Singers","Local",11,15915,"TAC"
2025,"EXULTATE CHAMBER SINGERS","Local",11,15915,"TAC Operating - Community Music Making"
2025,"Fabcollab","City Wide",11,10000,"TAC"
2025,"FABCOLLAB","Local",9,17120,"Community Celebration Support Fund"
2025,"FABCOLLAB","Local",11,10000,"TAC Project - Music"
2025,"Factory Theatre","City Wide",10,176280,"TAC"
2025,"FACTORY THEATRE","Local",10,176280,"TAC Operating - Theatre"
2025,"Fado Performance Inc.","City Wide",10,27000,"TAC"
2025,"FADO PERFORMANCE INC.","Local",10,27000,"TAC Operating - Visual and Media Arts"
2025,"FAIR CATCH SEAFOOD INC.","Local",15,5000,"SBEC Core, Starter Company Plus & Summer Company"
2025,"FAIRBANK VILLAGE BIA","Local",8,12168.59,"Main Street Recovery & Rebuild Initiative"
2025,"FAIRBANK VILLAGE BIA","Local",8,22583.23,"Special Events Stabilization Initiative"
2025,"FAIRBANK VILLAGE BIA","Local",8,25000,"Transit Construction Mitigation Fund"
2025,"Fall For Dance North Festival Inc.","City Wide",10,32000,"TAC"
2025,"FALL FOR DANCE NORTH FESTIVAL INC.","Local",10,32000,"TAC Operating - Dance"
2025,"Family Service Toronto","City Wide",13,134331.44,"CSP"
2025,"FARHIA TATO","Local",12,30500,"TAC Project - Animating"
2025,"FAROUGH SAMANI","Local",10,15000,"TAC Project - Newcomer and Refugee"
2025,"FASHION ART TORONTO","Local",9,2544,"Economic Development Services Event Sponsorships"
2025,"FASHION TAKES ACTION","Local",19,5000,"Economic Development Services Event Sponsorships"
2025,"Father Henry Carr Catholic Secondary School","Local",1,1000,"YCAG"
2025,"Father Henry Carr Catholic Secondary School","Local",1,1000,"YCAG"
2025,"Father Henry Carr Catholic Secondary School","Local",1,1000,"YCAG"
2025,"Fathers for the Future","Local",24,5000,"CCRF"
2025,"FCJ REFUGEE CENTRE","Local",9,5000,"Cultural Festivals Funding Program"
2025,"Federation of Black Canadians (trustee for Chimneystack Youth Support)","Local",10,9900,"CHS"
2025,"Federation of Metro Tenants' Associations","City Wide",13,584571.25,"TTSP"
2025,"Federation of Metro Tenants' Associations","City Wide",13,436491.25,"TTSP"
2025,"FEED SCARBOROUGH","Local",20,20000,"Business Incubation & Commercialization Grant"
2025,"Fernie Youth Services","Local",25,5600,"TAC"
2025,"FERNIE YOUTH SERVICES","Local",25,5600,"TAC Project - Creative Communities"
2025,"FESTIVAL KOMPA ZOUK ONTARIO","Local",8,24277.5,"Special Events Stabilization Initiative"
2025,"FESTIVAL KOMPA ZOUK ONTARIO","Local",8,15000,"Cultural Festivals Funding Program"
2025,"FESTIVAL MANAGEMENT COMMITTEE","Local",17,90000,"Special Events Stabilization Initiative"
2025,"FESTIVAL MANAGEMENT COMMITTEE","Local",17,650000,"Cultural Festivals Funding Program"
2025,"FESTIVAL TENTS CANADA INC.","Local",14,5000,"SBEC Core, Starter Company Plus & Summer Company"
2025,"Filltheblnk Community","City Wide",10,8000,"TAC"
2025,"FILLTHEBLNK COMMUNITY","Local",10,8000,"TAC Project - Music"
2025,"FILMODIGITAL AGENCY LTD.","Local",6,5000,"SBEC Core, Starter Company Plus & Summer Company"
2025,"Finch Keele Community Association","Local",7,2000,"PTCG"
2025,"Findhelp Information Services","City Wide",12,779114.15,"CSP"
2025,"Finding Our Power Together","Local",11,19550,"ICAG"
2025,"FINDLAY IRONSIDE","Local",14,11000,"TAC Project - Visual and Media Arts"
2025,"FINTECH CADENCE","Local",10,20000,"Business Incubation & Commercialization Grant"
2025,"Fisherville Senior Public School","Local",18,1000,"YCAG"
2025,"Fix The Projects (Youth-led)","Neighbourhood",20,5000,"CCRF"
2025,"Flaunt It Movement","Local",7,22000,"CHS"
2025,"Flaunt It Movement","Local",6,15000,"TAC"
2025,"FLAUNT IT MOVEMENT","Local",7,24000,"Cultural Hotspot"
2025,"FLAUNT IT MOVEMENT","Local",6,15000,"TAC Project - Creative Communities"
2025,"Flemingdon Health Centre","Local",16,152969.27,"YVP"
2025,"Flemo Youth (Youth-led)","Neighbourhood",16,5000,"CCRF"
2025,"Focus Media Arts Centre","Local",13,85000,"TAC"
2025,"FOCUS MEDIA ARTS CENTRE","Local",13,85000,"TAC Operating - Creative Communities"
2025,"FOODPRENEUR LAB","Local",21,20000,"Business Incubation & Commercialization Grant"
2025,"FoodShare Toronto","City Wide",5,273291.76,"CSP"
2025,"FOODSHARE TORONTO","Local",5,49991,"Dining District Grant Program"
2025,"FOODSHARE TORONTO","Local",5,24200,"Cultural Hotspot"
2025,"Foodshare Toronto Inc. (trustee for Black Creek Community Farm)","Local",5,24200,"CHS"
2025,"For You Telecare Family Service (FUTFS)","City Wide",16,19843.08,"CSP"
2025,"For Youth Initiative in Toronto","Local",5,153117.17,"CSP"
2025,"FOUNDATION CREATIVE STUDIO INC.","Local",10,15000,"Film and Creative Industries Event Sponsorships"
2025,"FRANCESCA HAUSER","Local",13,5000,"TAC Project - Music"
2025,"FRANCO-FETE DE LA COMMUNAUTE URBAINE DE TORONTO","Local",11,7500,"Cultural Festivals Funding Program"
2025,"Francophones pour un Environnement Durable Inc.","City Wide",11,40000,"BMFF"
2025,"Francophonie En Fete Corporation","City Wide",11,7500,"TAC"
2025,"FRANCOPHONIE EN FETE CORPORATION","Local",11,7500,"TAC Project - Music"
2025,"Franklin Horner Community Centre","City Wide",3,37218.99,"CSP"
2025,"FRANTZ BRENT-HARRIS","Local",19,27200,"TAC Project - Animating"
2025,"FRASER COLLINS","Local",14,22500,"TAC Project - Animating"
2025,"FRASER COLLINS","Local",14,15000,"TAC Project - Black Arts"
2025,"FRASER COLLINS","Local",14,15000,"TAC Project - Visual and Media Arts"
2025,"FRED VICTOR CENTRE","Local",13,73038.75,"HPP"
2025,"FRED VICTOR CENTRE","Local",13,1566.75,"Special Events Stabilization Initiative"
2025,"FreedomSchool - Toronto","City Wide",19,40000,"BMFF"
2025,"FREEUP! ARTS","Local",12,18000,"Cultural Festivals Funding Program"
2025,"FRIENDS OF ALLAN GARDENS","Local",13,25000,"Main Street Recovery & Rebuild Initiative"
2025,"Friends Of Cab","Local",20,23299,"TAC"
2025,"FRIENDS OF CAB","Local",20,23299,"TAC Project - Animating"
2025,"Fu-Gen Theatre Company","City Wide",13,32144,"TAC"
2025,"FU-GEN THEATRE COMPANY","Local",13,32144,"TAC Operating - Theatre"
2025,"Fujiwara Dance Inventions","City Wide",13,27000,"TAC"
2025,"FUJIWARA DANCE INVENTIONS","Local",13,27000,"TAC Operating - Dance"
2025,"FUSION HOMESTYLE HEALTHY MEALS","Local",10,5000,"SBEC Core, Starter Company Plus & Summer Company"
2025,"FUTURE OF FILM SHOWCASE","Local",10,6000,"Film and Creative Industries Event Sponsorships"
2025,"GABRIEL WALTA BUSULWA","Local",7,15000,"TAC Project - Visual and Media Arts"
2025,"Gallery 44 Centre For Contemporary Photography","City Wide",10,98000,"TAC"
2025,"GALLERY 44 CENTRE FOR CONTEMPORARY PHOTOGRAPHY","Local",10,98000,"TAC Operating - Visual and Media Arts"
2025,"Galloway Youth United: Indoor Soccer & Wellness Initiative","Neighbourhood",24,17000,"INI"
2025,"GAME ARTS INTERNATIONAL NETWORK","Local",4,12500,"Cultural Festivals Funding Program"
2025,"GAME ARTS INTERNATIONAL NETWORK","Local",4,18750,"Community Celebration Support Fund"
2025,"GAME ARTS INTERNATIONAL NETWORK","Local",4,15000,"Creative Industries Grant"
2025,"Gardening Mamas","Local",24,7250,"NCAG"
2025,"GARY KIYOSHI NAGATA","Local",23,10000,"TAC Project - Music"
2025,"Gaza Biennale Tkaronto","City Wide",4,9000,"TAC"
2025,"GAZA BIENNALE TKARONTO","Local",4,9000,"TAC Project - Visual and Media Arts"
2025,"GBOLAHAN ADEYI","Local",1,15000,"TAC Project - Newcomer and Refugee"
2025,"Generator Performance","City Wide",11,41000,"TAC"
2025,"Generator Performance","Local",11,60000,"TAC"
2025,"GENERATOR PERFORMANCE","Local",11,41000,"TAC Operating - Theatre"
2025,"GENERATOR PERFORMANCE","Local",11,60000,"TAC Project - Innovation and Capacity Building"
2025,"George B. Little PS Parent Council","Local",24,2855.65,"PTCG"
2025,"GEORGE BROWN COLLEGE","Local",13,5000,"Business Incubation & Commercialization Grant"
2025,"GEORGE BROWN COLLEGE FOUNDATION","Local",13,15000,"Business Incubation & Commercialization Grant"
2025,"GERRARD INDIA BAZAAR BIA","Local",14,20811.83,"Special Events Stabilization Initiative"
2025,"GERRARD INDIA BAZAAR BIA","Local",14,10000,"Cultural Festivals Funding Program"
2025,"Ghanafest","City Wide",1,18000,"TAC"
2025,"Ghanafest","Local",1,8000,"TAC"
2025,"GHANAFEST","Local",1,3762.23,"Special Events Stabilization Initiative"
2025,"GHANAFEST","Local",1,15000,"Cultural Festivals Funding Program"
2025,"GHANAFEST","Local",1,18000,"TAC Project - Animating"
2025,"GHANAFEST","Local",1,8000,"TAC Project - Music"
2025,"Ghanaian-Canadian Association of Ontario","City Wide",7,40000,"BMFF"
2025,"GIRAN FINDLAY LIU","Local",15,15000,"TAC Project - Visual and Media Arts"
2025,"Girl Power'D","Local",17,12500,"TAC"
2025,"GIRL POWER'D","Local",17,12500,"TAC Project - Art Reach"
2025,"Gisha Nankunda Arts Association","City Wide",13,13000,"TAC"
2025,"GISHA NANKUNDA ARTS ASSOCIATION","Local",20,836.64,"Special Events Stabilization Initiative"
2025,"GISHA NANKUNDA ARTS ASSOCIATION","Local",13,13000,"TAC Project - Black Arts"
2025,"GLENNON RICKETTS","Local",10,7700,"TAC Project - Black Arts"
2025,"GLO ROMY","Local",11,12300,"TAC Project - Black Arts"
2025,"Global Kingdom Ministries Church","Neighbourhood",24,5000,"CCRF"
2025,"GLOBAL SHARE SUPPORT YOUTH ASSOCIATION","Local",12,5275.1,"Special Events Stabilization Initiative"
2025,"GLOBAL SHARE SUPPORT YOUTH ASSOCIATION","Local",12,15000,"Cultural Festivals Funding Program"
2025,"GLOBAL SHARE SUPPORT YOUTH ASSOCIATION","Local",12,10000,"Business Incubation & Commercialization Grant"
2025,"GLOBAL STARTUPS","Local",12,5000,"Business Incubation & Commercialization Grant"
2025,"GLOBAL STARTUPS ACCELERATOR","Local",10,15000,"Business Incubation & Commercialization Grant"
2025,"Go Green Youth Centre (GGYC)","Local",16,50000,"CB"
2025,"Golha Initiative For Music And Culture","City Wide",11,6361,"TAC"
2025,"GOLHA INITIATIVE FOR MUSIC AND CULTURE","Local",11,6361,"TAC Project - Music"
2025,"GOOD NEIGHBOURS CANADA","Local",23,20000,"Business Incubation & Commercialization Grant"
2025,"GOOD NEIGHBOURS' CLUB, THE","Local",13,58430.74,"HPP"
2025,"GOOD SHEPHERD MINISTRIES","Local",13,58430.74,"HPP"
2025,"Good Tree Korean United Church","Local",18,4500,"PTCG"
2025,"GOVERNING COUNCIL OF THE SALVA","Local",13,388422.51,"HIF"
2025,"G-Power'D Inc.","Local",15,10875,"TAC"
2025,"G-POWER'D INC.","Local",15,10875,"TAC Project - Creative Communities"
2025,"GRACE","Local",13,10000,"TAC Project - Visual and Media Arts"
2025,"GRAEME JONEZ","Local",13,10000,"TAC Project - Indigenous Arts"
2025,"GRAHAM CAMPBELL","Local",19,5000,"TAC Project - Music"
2025,"GRAYS SHOP INC.","Local",9,5000,"SBEC Core, Starter Company Plus & Summer Company"
2025,"GREATER TORONTO MUSIC SCHOOL","Local",9,5000,"SBEC Core, Starter Company Plus & Summer Company"
2025,"GREEKTOWN ON THE DANFORTH BIA","Local",14,1e+05,"Main Street Recovery & Rebuild Initiative"
2025,"GREEKTOWN ON THE DANFORTH BIA","Local",14,50807.96,"Transit Construction Mitigation Fund"
2025,"GREEKTOWN ON THE DANFORTH BIA","Local",14,10000,"Community Celebration Support Fund"
2025,"GREG STAATS","Local",14,14960,"TAC Project - Visual and Media Arts"
2025,"Groundwork","City Wide",4,2560,"TAC"
2025,"GROUNDWORK","Local",4,2560,"TAC Project - Literary"
2025,"GROWING TKARONTO FLORISTRY","Local",4,5000,"SBEC Core, Starter Company Plus & Summer Company"
2025,"GTA REGION INVESTMENT ATTRACTION (TORONTO GLOBAL)","Local",10,1822600,"Economic Development Services Directed Grants"
2025,"Guild Festival Theatre","City Wide",24,22500,"TAC"
2025,"Guild Festival Theatre","Local",24,26000,"TAC"
2025,"GUILD FESTIVAL THEATRE","Local",24,9000,"Cultural Festivals Funding Program"
2025,"GUILD FESTIVAL THEATRE","Local",24,24752,"Community Celebration Support Fund"
2025,"GUILD FESTIVAL THEATRE","Local",24,26000,"TAC Operating - Theatre"
2025,"GUILD FESTIVAL THEATRE","Local",24,22500,"TAC Project - Animating"
2025,"Gumawa Space","Local",11,19900,"TAC"
2025,"GUMAWA SPACE","Local",11,19900,"TAC Project - Art Reach"
2025,"Gwai-yuk Gih’nendahmoen","Local",13,6666.66666666667,"ICAG"
2025,"Gwai-yuk Gih’nendahmoen","Local",2,6666.66666666667,"ICAG"
2025,"Gwai-yuk Gih’nendahmoen","Local",14,6666.66666666667,"ICAG"
2025,"HADIYA RODERIQUE","Local",12,13785,"TAC Project - Black Arts"
2025,"HADIYA RODERIQUE","Local",12,10000,"TAC Project - Literary"
2025,"HAFSA ABDULSAMED","Local",5,12250,"TAC Project - Creative Communities"
2025,"HALEY'S PANTRY INC.","Local",12,5000,"SBEC Core, Starter Company Plus & Summer Company"
2025,"Hand Eye Society","City Wide",11,20000,"TAC"
2025,"HAND EYE SOCIETY","Local",11,20000,"TAC Operating - Visual and Media Arts"
2025,"HANNAH CHEESMAN","Local",9,14500,"TAC Project - Visual and Media Arts"
2025,"HANNAH DOUCET","Local",9,10000,"TAC Project - Visual and Media Arts"
2025,"HANNIA CHENG","Local",12,13104,"TAC Project - Creative Communities"
2025,"HARBOURFRONT CENTRE","Local",10,14046.12,"Special Events Stabilization Initiative"
2025,"HARBOURFRONT CENTRE","Local",10,40000,"Community Celebration Support Fund"
2025,"HARBOURFRONT CENTRE","Local",10,1015000,"Cultural Organization Operating Partnership"
2025,"HARRIET LYE","Local",4,10000,"TAC Project - Literary"
2025,"Harriet Tubman Community Organization","City Wide",17,35000,"BMFF"
2025,"Harriet Tubman Community Organization","Local",17,64398.97,"CSP"
2025,"Harriet Tubman Community Organization & National African Integration and Families Association","Local",6,129416.4,"YVP"
2025,"HAYDEN","Local",4,10000,"TAC Project - Music"
2025,"HAYLEY GORESKI","Local",11,4000,"TAC Project - Music"
2025,"HEAR AND NOW MUSIC INC.","Local",19,5000,"SBEC Core, Starter Company Plus & Summer Company"
2025,"HEATHER CANLAS RIGG","Local",9,7000,"TAC Project - Visual and Media Arts"
2025,"Heaven Legacy Collective","City Wide",9,14000,"TAC"
2025,"HEAVEN LEGACY COLLECTIVE","Local",9,14000,"TAC Project - Dance"
2025,"HEIMONG INC.","Local",19,5000,"SBEC Core, Starter Company Plus & Summer Company"
2025,"HELEN LEE","Local",9,15000,"TAC Project - Visual and Media Arts"
2025,"Hemophilia Ontario","City Wide",18,34158.54,"CSP"
2025,"HER BLACK HEALTH","Local",20,5000,"SBEC Core, Starter Company Plus & Summer Company"
2025,"Her Rhythm rising","Neighbourhood",13,15000,"INI"
2025,"Hercinia Arts Collective","Local",10,22500,"TAC"
2025,"HERCINIA ARTS COLLECTIVE","Local",10,22500,"TAC Project - Animating"
2025,"HERITAGE SKILLS DEVELOPMENT CENTER","Local",20,34785,"Special Events Stabilization Initiative"
2025,"HERITAGE SKILLS DEVELOPMENT CENTER","Local",20,30000,"Cultural Festivals Funding Program"
2025,"HERITAGE SKILLS DEVELOPMENT CENTER","Local",20,22500,"TAC Project - Animating"
2025,"Heritage Skills Development Center (Hsdc)","Local",20,22500,"TAC"
2025,"Heritage Skills Development Centre","City Wide",20,35000,"BMFF"
2025,"HIGH AURA PRODUCTIONS INC.","Local",3,7000,"Creative Industries Grant"
2025,"High Park Alternative School","Local",4,1000,"YCAG"
2025,"Hillside Outdoor Education School","Local",25,1000,"YCAG"
2025,"HISPANIC CANADIAN HERITAGE COUNCIL","Local",11,30000,"Community Celebration Support Fund"
2025,"Holla Jazz Performance Projects","City Wide",2,15000,"TAC"
2025,"HOLLA JAZZ PERFORMANCE PROJECTS","Local",2,15000,"TAC Project - Dance"
2025,"Holy Cross Catholic School","Local",14,1000,"YCAG"
2025,"Holy Cross Catholic School","Local",14,1000,"YCAG"
2025,"Homes First Foundation","Local",13,20000,"TAC"
2025,"HOMES FIRST FOUNDATION","Local",13,20000,"TAC Project - Newcomer and Refugee"
2025,"Homes First Society","Local",1,756000,"AASSP"
2025,"Hong Fook Mental Health Association","City Wide",22,30363.8,"CSP"
2025,"Hope for Refugees International","City Wide",12,40000,"BMFF"
2025,"Hot Docs","City Wide",11,190000,"TAC"
2025,"HOT DOCS","Local",11,190000,"TAC Large Institutions"
2025,"HOT DOCS","Local",11,20000,"Business Incubation & Commercialization Grant"
2025,"HOT DOCS","Local",11,15000,"Film and Creative Industries Event Sponsorships"
2025,"Howard Junior Public School","Local",4,1000,"YCAG"
2025,"Howard Junior Public School","Local",4,602,"YCAG"
2025,"HUMBER COLLEGE","Local",1,2500,"Arts and Culture Services Directed Grants"
2025,"HUMBER COLLEGE","Local",3,20000,"Business Incubation & Commercialization Grant"
2025,"Humber River Galz","Local",5,13100,"ICAG"
2025,"Humber River Pals","Local",2,3750,"NCAG"
2025,"Humber River Pals","Local",5,3750,"NCAG"
2025,"Humberwood Downs Junior Middle School","Local",1,1000,"YCAG"
2025,"HUNTLEY, AUDREY NO MORE SILENCE","Local",9,24300,"Indigenous Arts & Culture Fund"
2025,"Hurt to Heal","Neighbourhood",1,4800,"CCRF"
2025,"Hype Heights (Youth-led)","Neighbourhood",8,5000,"CCRF"
2025,"ICE RAY HOCKEY INC.","Local",12,5000,"SBEC Core, Starter Company Plus & Summer Company"
2025,"ICONS","Local",3,16800,"TAC Project - Animating"
2025,"IDEABOX CREATIONS INC.","Local",24,5000,"SBEC Core, Starter Company Plus & Summer Company"
2025,"Imaginenative Film + Media Arts Festival","City Wide",10,90000,"TAC"
2025,"IMAGINENATIVE FILM + MEDIA ARTS FESTIVAL","Local",10,90000,"TAC Operating - Visual and Media Arts"
2025,"Iman Dirie & Ahmed Adan","Local",1,10000,"TAC"
2025,"IMAN DIRIE & AHMED ADAN","Local",1,10000,"TAC Project - Art Reach"
2025,"IMPACT ON","Local",10,40000,"Business Incubation & Commercialization Grant"
2025,"IMPACT ZERO CORP","Local",10,10200,"Business Incubation & Commercialization Grant"
2025,"Impactful Hands","Local",1,6625,"NCAG"
2025,"Indian Road Crescent Junior Public School","Local",4,970,"YCAG"
2025,"Indigenous Fashion Arts","Local",14,9000,"TAC"
2025,"INDIGENOUS FASHION ARTS","Local",14,9000,"TAC Project - Indigenous Arts"
2025,"Indigenous Learning Committee at O’Connor Public School","Local",19,4999,"PTCG"
2025,"Indigenous Peoples Solidarity Group (IPSG) at St. Matthew's United Church","Local",12,4817.25,"PTCG"
2025,"Indigenous Seniors Helping Seniors (ISHS)","Local",11,10000,"ICAG"
2025,"INDIVIDUAL X","Local",12,21600,"Indigenous Arts & Culture Fund"
2025,"INDIVIDUAL X","Local",4,3000,"Indigenous Arts & Culture Fund"
2025,"INDIVIDUAL X","Local",7,100,"Cultural Hotspot"
2025,"INDIVIDUAL X","Local",3,100,"Cultural Hotspot"
2025,"INDIVIDUAL X","Local",18,3000,"SBEC Core, Starter Company Plus & Summer Company"
2025,"INDIVIDUAL X","Local",15,3000,"SBEC Core, Starter Company Plus & Summer Company"
2025,"INDIVIDUAL X","Local",11,3000,"SBEC Core, Starter Company Plus & Summer Company"
2025,"INDIVIDUAL X","Local",17,3000,"SBEC Core, Starter Company Plus & Summer Company"
2025,"INDIVIDUAL X","Local",9,3000,"SBEC Core, Starter Company Plus & Summer Company"
2025,"INDIVIDUAL X","Local",5,3000,"SBEC Core, Starter Company Plus & Summer Company"
2025,"INDIVIDUAL X","Local",21,3000,"SBEC Core, Starter Company Plus & Summer Company"
2025,"INDIVIDUAL X","Local",7,3000,"SBEC Core, Starter Company Plus & Summer Company"
2025,"INDIVIDUAL X","Local",4,3000,"SBEC Core, Starter Company Plus & Summer Company"
2025,"INDIVIDUAL X","Local",25,3000,"SBEC Core, Starter Company Plus & Summer Company"
2025,"INDIVIDUAL X","Local",25,1500,"SBEC Core, Starter Company Plus & Summer Company"
2025,"INDIVIDUAL X","Local",13,3000,"SBEC Core, Starter Company Plus & Summer Company"
2025,"INDIVIDUAL X","Local",17,3000,"SBEC Core, Starter Company Plus & Summer Company"
2025,"INDIVIDUAL X","Local",13,3000,"SBEC Core, Starter Company Plus & Summer Company"
2025,"INDIVIDUAL X","Local",23,3000,"SBEC Core, Starter Company Plus & Summer Company"
2025,"INDIVIDUAL X","Local",4,3000,"SBEC Core, Starter Company Plus & Summer Company"
2025,"INDIVIDUAL X","Local",7,1500,"SBEC Core, Starter Company Plus & Summer Company"
2025,"INDIVIDUAL X","Local",25,1500,"SBEC Core, Starter Company Plus & Summer Company"
2025,"INDIVIDUAL X","Local",13,3000,"SBEC Core, Starter Company Plus & Summer Company"
2025,"INDIVIDUAL X","Local",9,3000,"SBEC Core, Starter Company Plus & Summer Company"
2025,"INDIVIDUAL X","Local",10,1500,"SBEC Core, Starter Company Plus & Summer Company"
2025,"INDIVIDUAL X","Local",21,3000,"SBEC Core, Starter Company Plus & Summer Company"
2025,"INDIVIDUAL X","Local",18,3000,"SBEC Core, Starter Company Plus & Summer Company"
2025,"INDIVIDUAL X","Local",17,3000,"SBEC Core, Starter Company Plus & Summer Company"
2025,"INDIVIDUAL X","Local",15,3000,"SBEC Core, Starter Company Plus & Summer Company"
2025,"INDIVIDUAL X","Local",14,1500,"SBEC Core, Starter Company Plus & Summer Company"
2025,"INDIVIDUAL X","Local",2,3000,"SBEC Core, Starter Company Plus & Summer Company"
2025,"INDIVIDUAL X","Local",4,3000,"SBEC Core, Starter Company Plus & Summer Company"
2025,"INDIVIDUAL X","Local",17,3000,"SBEC Core, Starter Company Plus & Summer Company"
2025,"INDIVIDUAL X","Local",18,3000,"SBEC Core, Starter Company Plus & Summer Company"
2025,"INDIVIDUAL X","Local",20,3000,"SBEC Core, Starter Company Plus & Summer Company"
2025,"INDIVIDUAL X","Local",18,3000,"SBEC Core, Starter Company Plus & Summer Company"
2025,"INDIVIDUAL X","Local",8,3000,"SBEC Core, Starter Company Plus & Summer Company"
2025,"INDIVIDUAL X","Local",7,1500,"SBEC Core, Starter Company Plus & Summer Company"
2025,"INDIVIDUAL X","Local",21,3000,"SBEC Core, Starter Company Plus & Summer Company"
2025,"INDIVIDUAL X","Local",3,3000,"SBEC Core, Starter Company Plus & Summer Company"
2025,"INDIVIDUAL X","Local",21,1500,"SBEC Core, Starter Company Plus & Summer Company"
2025,"INDIVIDUAL X","Local",6,3000,"SBEC Core, Starter Company Plus & Summer Company"
2025,"INFORMA CANADA INC.","Local",8,12720,"Economic Development Services Event Sponsorships"
2025,"INNOVATORS AND ENTREPRENEURS FOUNDATION","Local",3,18250,"Business Incubation & Commercialization Grant"
2025,"Inside Out Lesbian And Gay Film Festival Inc.","City Wide",10,55000,"TAC"
2025,"INSIDE OUT LESBIAN AND GAY FILM FESTIVAL INC.","Local",10,11500,"Creative Industries Grant"
2025,"INSIDE OUT LESBIAN AND GAY FILM FESTIVAL INC.","Local",10,55000,"TAC Operating - Visual and Media Arts"
2025,"Insomniac Film Festival","City Wide",9,14500,"TAC"
2025,"INSOMNIAC FILM FESTIVAL","Local",9,14500,"TAC Project - Visual and Media Arts"
2025,"Interaccess","City Wide",10,56000,"TAC"
2025,"INTERACCESS","Local",9,18885,"Community Celebration Support Fund"
2025,"INTERACCESS","Local",10,56000,"TAC Operating - Visual and Media Arts"
2025,"INTERACTIVE ONTARIO INDUSTRY ASSOCIATION","Local",10,35616,"Creative Industries Grant"
2025,"INTERNATIONAL MUSIC SOFTWARE TRADE ASSOCIATION","Local",21,5000,"Creative Industries Grant"
2025,"INTERNATIONAL YOUTH CANADA","Local",22,20655,"Special Events Stabilization Initiative"
2025,"INTERSECTION MUSIC & ARTS","Local",13,13050,"Cultural Festivals Funding Program"
2025,"Ionview Net Zero Neighbours","Local",21,3650,"NCAG"
2025,"Ionview Net Zero Neighbours","Local",20,3650,"NCAG"
2025,"Ipsita Nova Dance Projects","City Wide",9,36000,"TAC"
2025,"IPSITA NOVA DANCE PROJECTS INC.","Local",9,20000,"Community Celebration Support Fund"
2025,"IPSITA NOVA DANCE PROJECTS INC.","Local",9,36000,"TAC Operating - Dance"
2025,"IRANIAN FIRE FESTIVAL AND CELEBRATIONS COMMITTEE-ONTARIO","Local",17,2662.5,"Special Events Stabilization Initiative"
2025,"IRANIAN FIRE FESTIVAL AND CELEBRATIONS COMMITTEE-ONTARIO","Local",17,8000,"Cultural Festivals Funding Program"
2025,"Iranian Women's Organization of Ontario","City Wide",17,44362.04,"CSP"
2025,"ISABEL ZAW-TUN","Local",21,8100,"TAC Project - Indigenous Arts"
2025,"ISKCON TORONTO","Local",11,11517.04,"Special Events Stabilization Initiative"
2025,"Island Public School","Local",10,1000,"YCAG"
2025,"Islington Junior Middle School","Local",3,1000,"YCAG"
2025,"Islington Junior Middle School","Local",3,1000,"YCAG"
2025,"Islington Junior Middle School","Local",3,850,"YCAG"
2025,"Islington Junior Middle School","Local",3,1000,"YCAG"
2025,"Islington Junior Middle School","Local",3,1000,"YCAG"
2025,"Islington Seniors' Centre","Neighbourhood",3,44790.86,"CSP"
2025,"Ismailova Theatre Of Dance","Local",6,25700,"TAC"
2025,"ISMAILOVA THEATRE OF DANCE","Local",6,25700,"TAC Project - Animating"
2025,"ITALIAN CONTEMPORARY FILM FESTIVAL","Local",11,23587.5,"Special Events Stabilization Initiative"
2025,"ITALIAN CONTEMPORARY FILM FESTIVAL","Local",9,5000,"Film and Creative Industries Event Sponsorships"
2025,"IT'S OK COMMUNITY ARTS","Local",11,9900,"Cultural Hotspot"
2025,"IT'S OK COMMUNITY ARTS","Local",11,4767,"Arts and Culture Services Directed Grants"
2025,"It's OK Community Arts (trustee for EastMind Collective)","Local",10,9900,"CHS"
2025,"IZAD ETEMADI","Local",11,5000,"TAC Project - Theatre"
2025,"J Mar Electric","Local",10,12760,"TAC"
2025,"J MAR ELECTRIC","Local",10,12760,"TAC Project - Theatre"
2025,"Jaberi Dance Theatre","City Wide",14,32500,"TAC"
2025,"JABERI DANCE THEATRE","Local",14,32500,"TAC Operating - Dance"
2025,"JACOB DALFEN-BROWN","Local",11,5000,"TAC Project - Literary"
2025,"JACQUELINE CHIA","Local",12,5000,"TAC Project - Literary"
2025,"Jahzara (Youth-led)","Neighbourhood",13,5000,"CCRF"
2025,"JALALABAD ASSOCIATION OF TORONTO","Local",20,8039.3,"Special Events Stabilization Initiative"
2025,"JALALABAD ASSOCIATION OF TORONTO","Local",20,5000,"Cultural Festivals Funding Program"
2025,"JALEBI QUEEN","Local",17,5000,"SBEC Core, Starter Company Plus & Summer Company"
2025,"JAMERA DACOSTA","Local",22,13500,"TAC Project - Black Arts"
2025,"James Cardinal McGuigan Catholic High School","Local",7,1000,"YCAG"
2025,"James Cardinal McGuigan Catholic High School","Local",7,1000,"YCAG"
2025,"Jami Masjid Green Team","Local",4,4740,"PTCG"
2025,"Jamii","Local",13,46000,"TAC"
2025,"JAMII ESPLANADE","Local",13,40000,"Community Celebration Support Fund"
2025,"JAMII ESPLANADE","Local",13,46000,"TAC Operating - Creative Communities"
2025,"JAMIYLA LOWE","Local",11,10000,"TAC Project - Visual and Media Arts"
2025,"Jane Alliance Neighbourhood Services (JANS) & Black Creek Youth Initiative","Local",5,211163.35,"YVP"
2025,"Jane Finch Centre & Think 2wice","Local",1,215694,"YVP"
2025,"Jane/Finch Community & Family Centre","Local",7,22000,"CHS"
2025,"JANE/FINCH COMMUNITY & FAMILY CENTRE","Local",7,20000,"Cultural Festivals Funding Program"
2025,"JANE/FINCH COMMUNITY & FAMILY CENTRE","Local",7,51300,"Cultural Hotspot"
2025,"Jane/Finch Community & Family Centre (trustee for Concrete Warriors","Local",7,9900,"CHS"
2025,"Jane/Finch Community & Family Centre (trustee for New Wine)","Local",7,9900,"CHS"
2025,"Jane/Finch Community & Family Centre (trustee for Rebeena Sudabar)","Local",7,9900,"CHS"
2025,"Jane/Finch Community and Family Centre","Local",7,216848.73,"CSP"
2025,"JANE'S PARTY","Local",8,10000,"TAC Project - Music"
2025,"JAPANESE CANADIAN CULTURAL CENTRE","Local",16,30000,"Community Celebration Support Fund"
2025,"Japanese Social Services","City Wide",16,37947.41,"CSP"
2025,"JASMINE KIARA","Local",19,10000,"TAC Project - Music"
2025,"JASMINE LIAW","Local",11,14000,"TAC Project - Visual and Media Arts"
2025,"JASON BAERG","Local",12,10000,"TAC Project - Indigenous Arts"
2025,"JAYU","City Wide",10,53000,"YCISI"
2025,"Jayu Festival Inc.","City Wide",10,65000,"TAC"
2025,"JAYU FESTIVAL INC.","Local",10,53000,"Youth Cultural Incubators Stabilization Initiative"
2025,"JAYU FESTIVAL INC.","Local",10,65000,"TAC Operating - Creative Communities"
2025,"Jazz In Toronto","Local",4,7500,"TAC"
2025,"JAZZ IN TORONTO INC.","Local",4,7000,"Creative Industries Grant"
2025,"JAZZ IN TORONTO INC.","Local",4,5000,"Film and Creative Industries Event Sponsorships"
2025,"JAZZ IN TORONTO INC.","Local",4,7500,"TAC Project - Music"
2025,"JAZZMIN GRAY","Local",18,4000,"TAC Project - Music"
2025,"Jean Augustine Centre for Young Women's Empowerment","City Wide",3,35000,"BMFF"
2025,"JEFFREY HALSTEAD","Local",20,9600,"TAC Project - Visual and Media Arts"
2025,"JEFFRY PAVLOPOULOS","Local",5,15000,"TAC Project - Visual and Media Arts"
2025,"JEN AITKEN","Local",4,10000,"TAC Project - Visual and Media Arts"
2025,"Jeng Yi","City Wide",18,9375,"TAC"
2025,"Jeng Yi","Local",18,14800,"TAC"
2025,"JENG YI","Local",18,14800,"TAC Project - Animating"
2025,"JENG YI","Local",18,9375,"TAC Project - Creative Communities"
2025,"JENINE MARSH","Local",9,10000,"TAC Project - Visual and Media Arts"
2025,"JENN FORGIE","Local",19,5000,"TAC Project - Theatre"
2025,"JERA WOLFE","Local",13,7500,"TAC Project - Dance"
2025,"JEREMY LAING","Local",12,10000,"TAC Project - Visual and Media Arts"
2025,"JEREMY LEDBETTER","Local",11,10000,"TAC Project - Music"
2025,"JERMAINE HENRY","Local",19,6000,"TAC Project - Creative Communities"
2025,"JEROME FERGUSON-CUMSILLE","Local",10,5000,"Film and Creative Industries Event Sponsorships"
2025,"JESJIT GILL","Local",9,18300,"TAC Project - Animating"
2025,"JESSICA RUNGE","Local",10,6500,"TAC Project - Dance"
2025,"Jessie's, The June Callwood Centre for Young Women","City Wide",13,28501.66,"CSP"
2025,"JIJO QUAYSON","Local",10,4840,"TAC Project - Black Arts"
2025,"JINOOS TAGHIZADEH","Local",12,15000,"TAC Project - Newcomer and Refugee"
2025,"JL WHITECROW","Local",4,6800,"TAC Project - Indigenous Arts"
2025,"JODY CHAN","Local",11,10000,"TAC Project - Literary"
2025,"JOEL NAGAHUEDI","Local",10,16000,"TAC Project - Black Arts"
2025,"JOHN SOUTHWORTH","Local",9,10000,"TAC Project - Music"
2025,"JONATHAN HAMILTON","Local",11,7900,"TAC Project - Black Arts"
2025,"JORDAN SPARKS","Local",8,8000,"TAC Project - Black Arts"
2025,"JOSE MIGUEL ESTEBAN","Local",4,20000,"TAC Project - Dance"
2025,"Joseph Howe Senior Public School","Local",25,1000,"YCAG"
2025,"JOSEPH MURRAY & ASSOCIATES","Local",14,5000,"SBEC Core, Starter Company Plus & Summer Company"
2025,"JOYCE","Local",10,15000,"TAC Project - Visual and Media Arts"
2025,"JOYCE KELLY BRANDT DIAS PEREIRA","Local",9,5000,"TAC Project - Music"
2025,"Joys","City Wide",9,7000,"TAC"
2025,"JOYS","Local",9,7000,"TAC Project - Literary"
2025,"Jrifters","City Wide",4,5073.75,"TAC"
2025,"JRIFTERS","Local",4,5073.75,"TAC Project - Dance"
2025,"Jubilate Singers","City Wide",11,6000,"TAC"
2025,"JUBILATE SINGERS","Local",11,6000,"TAC Operating - Community Music Making"
2025,"JUDY LUO","Local",17,7500,"TAC Project - Dance"
2025,"JULIAN DE ZOTTI","Local",9,10000,"TAC Project - Theatre"
2025,"JULIANA CARLEVARIS","Local",4,7500,"Creative Industries Grant"
2025,"JULIANA CARLEVARIS","Local",4,4000,"Film and Creative Industries Event Sponsorships"
2025,"JULIANN GARISTO","Local",14,5000,"TAC Project - Literary"
2025,"JULIE PHAN","Local",10,10000,"TAC Project - Theatre"
2025,"JULISA MARCEL","Local",11,12000,"TAC Project - Black Arts"
2025,"Jumblies Theatre","City Wide",10,105000,"TAC"
2025,"JUMBLIES THEATRE","Local",10,105000,"TAC Operating - Creative Communities"
2025,"JUMIC EMMA ANDERSON","Local",4,15000,"TAC Project - Newcomer and Refugee"
2025,"JUMOKE VERISSIMO","Local",19,10000,"TAC Project - Literary"
2025,"JUNCTION GARDENS BIA","Local",4,26980,"Community Celebration Support Fund"
2025,"Junction Reads","City Wide",3,4500,"TAC"
2025,"JUNCTION READS","Local",3,4500,"TAC Project - Literary"
2025,"Junction Triangle Centre for A Sharing Economy","Local",9,6750.47,"NCAG"
2025,"JUSTIN FRASER","Local",13,7500,"TAC Project - Dance"
2025,"K. ZIMMER","Local",11,10000,"TAC Project - Literary"
2025,"K.E. RESIDENTS","Local",5,2000,"Cultural Hotspot"
2025,"Kababayan Community Service Centre Inc.","City Wide",4,43751.13,"CSP"
2025,"KABABI PERSIAN CUISINE","Local",14,1979.76,"CaféTO Grant"
2025,"Kaeja D'Dance","City Wide",11,40000,"TAC"
2025,"KAEJA D'DANCE","Local",11,40000,"TAC Operating - Dance"
2025,"Kaha:Wi Dance Theatre","Local",13,50500,"TAC"
2025,"KAHA:WI DANCE THEATRE","Local",13,50500,"TAC Operating - Dance"
2025,"KALAINITHAN KALAICHELVAN","Local",10,15000,"TAC Project - Visual and Media Arts"
2025,"Kapisanan Philippine Centre For Arts & Culture","Local",4,6000,"TAC"
2025,"KAPISANAN PHILIPPINE CENTRE FOR ARTS & CULTURE","Local",4,6000,"TAC Project - Creative Communities"
2025,"KAREN MIRANDA AUGUSTINE","Local",10,5000,"TAC Project - Literary"
2025,"Kashedance","City Wide",13,20000,"TAC"
2025,"KASHEDANCE","Local",13,20000,"TAC Operating - Black Arts"
2025,"KASRA FARIDI","Local",8,15000,"TAC Project - Newcomer and Refugee"
2025,"KATE BROOKS","Local",12,5000,"TAC Project - Literary"
2025,"KATE NANKERVIS","Local",9,6800,"TAC Project - Creative Communities"
2025,"KATIA CAFE-FEBRISSY","Local",4,8000,"TAC Project - Black Arts"
2025,"KATIA FERDERBER","Local",11,10000,"TAC Project - Indigenous Arts"
2025,"KCWA Family and Social Services","City Wide",18,51693.05,"CSP"
2025,"KEIRETSU FORUM CANADA","Local",10,5000,"Business Incubation & Commercialization Grant"
2025,"KEIRETSU FORUM CANADA","Local",11,15000,"Business Incubation & Commercialization Grant"
2025,"KENNY BAIRD","Local",4,10000,"TAC Project - Indigenous Arts"
2025,"KENSINGTON MARKET BIA","Local",11,23850,"Community Celebration Support Fund"
2025,"Kensington Market Jazz Festival","Local",11,12000,"TAC"
2025,"KENSINGTON MARKET JAZZ FESTIVAL","Local",10,7362.28,"Special Events Stabilization Initiative"
2025,"KENSINGTON MARKET JAZZ FESTIVAL","Local",10,15000,"Cultural Festivals Funding Program"
2025,"KENSINGTON MARKET JAZZ FESTIVAL","Local",11,12000,"TAC Project - Music"
2025,"Kensington School Council","Local",11,4446.46,"PTCG"
2025,"Kenton Learning Centre","Local",18,1000,"YCAG"
2025,"KEYRING MEDIA INC.","Local",5,5000,"SBEC Core, Starter Company Plus & Summer Company"
2025,"KHALIL RANTISSI","Local",10,15000,"TAC Project - Newcomer and Refugee"
2025,"KIARASH DADGAR","Local",18,16000,"TAC Project - Visual and Media Arts"
2025,"Kick Start Arts","Local",15,53000,"YCISI"
2025,"Kick Start Arts Society","Local",15,12750,"TAC"
2025,"KICK START ARTS SOCIETY","Local",15,53000,"Youth Cultural Incubators Stabilization Initiative"
2025,"KICK START ARTS SOCIETY","Local",15,12750,"TAC Project - Creative Communities"
2025,"Kickback Foundation","City Wide",14,53000,"YCISI"
2025,"KIDS LOVE MAGIC SCHOOL","Local",16,5000,"SBEC Core, Starter Company Plus & Summer Company"
2025,"Kids with Incarcerated Parents & YAAACE (Youth Association for Academics, Athletics, and Character Education)","Local",7,213537.06,"YVP"
2025,"KIERA BREAUGH","Local",10,7300,"TAC Project - Dance"
2025,"Kimberly J. Lopez","Local",8,5500,"CHS"
2025,"KINGSWAY BIA","Local",3,20655,"Special Events Stabilization Initiative"
2025,"KIRSTYN JOHNSON","Local",9,10000,"TAC Project - Music"
2025,"Koffler Centre Of The Arts","City Wide",10,33300,"TAC"
2025,"KOFFLER CENTRE OF THE ARTS","Local",10,33300,"TAC Operating - Visual and Media Arts"
2025,"KOMI OLAF","Local",13,7350,"TAC Project - Black Arts"
2025,"KOREA TOWN BIA","Local",11,4623.75,"Special Events Stabilization Initiative"
2025,"KOREA TOWN BIA","Local",11,15000,"Cultural Festivals Funding Program"
2025,"KOREAN CANADIAN BUSINESS ASSOCIATION","Local",18,32686.33,"Special Events Stabilization Initiative"
2025,"Korean Dance Studies Society Of Canada","Local",16,20000,"TAC"
2025,"KOREAN DANCE STUDIES SOCIETY OF CANADA","Local",16,20000,"TAC Operating - Dance"
2025,"KOTHU FEST","Local",25,5895,"Special Events Stabilization Initiative"
2025,"KOTHU FEST","Local",25,5000,"Creative Industries Grant"
2025,"Kotiande Yomo","Local",25,5500,"CHS"
2025,"KRISETTE SANTAMARIA DESIGNS","Local",11,5000,"SBEC Core, Starter Company Plus & Summer Company"
2025,"KRISTEN GRAY BOS","Local",13,9000,"TAC Project - Indigenous Arts"
2025,"KROMATIX","Local",23,10000,"TAC Project - Music"
2025,"KUBLA","Local",9,10000,"TAC Project - Music"
2025,"Kune Global Music","City Wide",9,40000,"TAC"
2025,"KUNE GLOBAL MUSIC","Local",9,40000,"TAC Project - Innovation and Capacity Building"
2025,"KYE MARSHALL","Local",11,10000,"TAC Project - Music"
2025,"KYO MACLEAR","Local",9,10000,"TAC Project - Literary"
2025,"L’Amoreaux Youth Empowerment","Neighbourhood",22,5000,"CCRF"
2025,"LA CARNITA QUEEN STREET INC.","Local",14,3495.66,"CaféTO Grant"
2025,"LA CHUPERIA INC. O/A LA CHUPERIA","Local",11,2765.96,"CaféTO Grant"
2025,"La Passerelle-I.D.É.","City Wide",13,82332.93,"CSP"
2025,"Labyrinth Musical Workshop Ontario","City Wide",12,15000,"TAC"
2025,"LABYRINTH MUSICAL WORKSHOP ONTARIO","Local",12,15000,"TAC Project - Music"
2025,"Lakeshore Area Multi-Service Project (LAMP)","Local",3,105030.87,"CSP"
2025,"Lakeshore Arts","Local",3,420250,"LASO"
2025,"LAKESHORE ARTS COMMITTEE","Local",3,36000,"Community Celebration Support Fund"
2025,"LAKESHORE ARTS COMMITTEE","Local",3,323362,"Local Arts Service Organizations"
2025,"LAKESHORE VILLAGE BIA","Local",3,8581.96,"Special Events Stabilization Initiative"
2025,"Lal Inc.","City Wide",9,9000,"TAC"
2025,"LAL INC.","Local",9,9000,"TAC Project - Music"
2025,"LALA NOEL","Local",4,5000,"TAC Project - Music"
2025,"LAMP - LAKESHORE AREA MULTI-SE","Local",3,58430.74,"HPP"
2025,"LANA LOVELL","Local",12,15150,"TAC Project - Black Arts"
2025,"Lanor Junior Middle School","Local",3,1000,"YCAG"
2025,"Lao Association of Ontario","City Wide",6,40996.11,"CSP"
2025,"LARDO TIPICO INC. O/A LARDO","Local",9,5924.97,"CaféTO Grant"
2025,"LARRY'S CATCH SEAFOOD INC.","Local",9,5000,"SBEC Core, Starter Company Plus & Summer Company"
2025,"Latin American Art Projects","City Wide",10,29000,"TAC"
2025,"LATIN AMERICAN ART PROJECTS","Local",10,29000,"TAC Operating - Visual and Media Arts"
2025,"Latvian Senior Citizens' Association","City Wide",16,14603.28,"CSP"
2025,"LAURA DEMERS DELORME","Local",4,10000,"TAC Project - Visual and Media Arts"
2025,"LAURA LANKIN INCORPORATED","Local",19,5000,"SBEC Core, Starter Company Plus & Summer Company"
2025,"LAURA MOORE","Local",9,10000,"TAC Project - Visual and Media Arts"
2025,"LAUREN DILLEN","Local",9,10000,"TAC Project - Music"
2025,"LAUREN HOLFEUER","Local",4,5000,"TAC Project - Theatre"
2025,"LAUREN WELCHNER","Local",10,10000,"TAC Project - Theatre"
2025,"LAURENT SOUVALLIER","Local",14,5000,"TAC Project - Literary"
2025,"LAWRENCE INGRAM KEELE BIA","Local",5,25000,"BIA Capacity Development Grant"
2025,"Lawrence Park Collegiate Institute","Local",8,1000,"YCAG"
2025,"Le Laboratoire D'Art","City Wide",10,24000,"TAC"
2025,"LE LABORATOIRE D'ART","Local",10,24000,"TAC Operating - Visual and Media Arts"
2025,"LE PETIT PAIN","Local",12,5085,"CaféTO Grant"
2025,"Le ThÃ©Ã¢tre FranÃ§ais De Toronto","City Wide",11,118000,"TAC"
2025,"LE THÃ©Ã¢TRE FRANÃ§AIS DE TORONTO","Local",11,118000,"TAC Operating - Theatre"
2025,"Leaders for Tomorrow (Youth-Led)","Neighbourhood",19,5000,"CCRF"
2025,"LEAF - Local Enhancement and Appreciation of Forests","City Wide",1,11400,"FOR"
2025,"LEAF - Local Enhancement and Appreciation of Forests","City Wide",2,11400,"FOR"
2025,"LEAF - Local Enhancement and Appreciation of Forests","City Wide",6,11400,"FOR"
2025,"LEAF - Local Enhancement and Appreciation of Forests","City Wide",13,11400,"FOR"
2025,"LEAF - Local Enhancement and Appreciation of Forests","City Wide",20,11400,"FOR"
2025,"LEAF - Local Enhancement and Appreciation of Forests","City Wide",1,11400,"FOR"
2025,"LEAF - Local Enhancement and Appreciation of Forests","City Wide",2,11400,"FOR"
2025,"LEAF - Local Enhancement and Appreciation of Forests","City Wide",6,11400,"FOR"
2025,"LEAF - Local Enhancement and Appreciation of Forests","City Wide",13,11400,"FOR"
2025,"LEAF - Local Enhancement and Appreciation of Forests","City Wide",20,11400,"FOR"
2025,"LEAF - Local Enhancement and Appreciation of Forests","City Wide",12,33500,"FOR"
2025,"LEAF - Local Enhancement and Appreciation of Forests","City Wide",12,1e+05,"FOR"
2025,"LEAF - Local Enhancement and Appreciation of Forests","City Wide",12,33500,"FOR"
2025,"LEAF - Local Enhancement and Appreciation of Forests","City Wide",12,1e+05,"FOR"
2025,"League Of Canadian Poets","City Wide",11,20900,"TAC"
2025,"LEAGUE OF CANADIAN POETS","Local",11,20900,"TAC Operating - Literary"
2025,"LEAH DOZ","Local",11,12500,"TAC Project - Visual and Media Arts"
2025,"LEAH SANCHEZ","Local",12,6336,"TAC Project - Creative Communities"
2025,"Learning Disabilities Association of Toronto","City Wide",18,77862.65,"CSP"
2025,"LEASIDE BUSINESS PARK ASSOCIATION","Local",15,23652.6,"Transit Construction Mitigation Fund"
2025,"LEE LAWSON","Local",17,19746,"TAC Project - Visual and Media Arts"
2025,"LEE SUKSI","Local",9,10000,"TAC Project - Literary"
2025,"LEEAY AIKAWA","Local",4,10000,"TAC Project - Visual and Media Arts"
2025,"LEFT DESIGNS","Local",13,5000,"SBEC Core, Starter Company Plus & Summer Company"
2025,"LEGACY – TNG (Youth-led)","Local",13,2500,"CCRF"
2025,"LEONILA VARZHEVSKA","Local",12,15000,"TAC Project - Newcomer and Refugee"
2025,"Les Centres d'Accueil Heritage","City Wide",10,78896.53,"CSP"
2025,"Lesbian Gay Bi Trans Youth Line","City Wide",13,55047.23,"CSP"
2025,"LESLIE SHIMOTAKAHARA","Local",9,10000,"TAC Project - Literary"
2025,"LESLIEVILLE BIA","Local",14,1e+05,"Transit Construction Mitigation Fund"
2025,"Lester B. Pearson Collegiate Institute","Local",23,1000,"YCAG"
2025,"Lester Trips (Theatre)","City Wide",12,15000,"TAC"
2025,"LESTER TRIPS (THEATRE)","Local",12,15000,"TAC Project - Theatre"
2025,"Liaison Of Independent Filmmakers Of Toronto","City Wide",9,88000,"TAC"
2025,"LIAISON OF INDEPENDENT FILMMAKERS OF TORONTO","Local",9,88000,"TAC Operating - Visual and Media Arts"
2025,"LIBERTY VILLAGE BIA","Local",10,36021.25,"Main Street Recovery & Rebuild Initiative"
2025,"LIBERTY VILLAGE BIA","Local",10,20292.78,"Special Events Stabilization Initiative"
2025,"LIBERTY VILLAGE BIA","Local",10,7500,"Cultural Festivals Funding Program"
2025,"LIBERTY VILLAGE BIA","Local",10,94660.94,"Transit Construction Mitigation Fund"
2025,"LIBERTY VILLAGE BIA","Local",10,47000,"Community Celebration Support Fund"
2025,"Lifted by Purpose","City Wide",9,40000,"BMFF"
2025,"LIL SIS","City Wide",10,53000,"YCISI"
2025,"LIL SIS PERFORMING ARTS AND EDUCATION","Local",10,53000,"Youth Cultural Incubators Stabilization Initiative"
2025,"LILI ROBINSON","Local",4,5000,"TAC Project - Theatre"
2025,"LILLIAN NEÄ‡AKOV","Local",4,10000,"TAC Project - Literary"
2025,"LILY","Local",11,12400,"TAC Project - Literary"
2025,"LINA WU","Local",11,5000,"TAC Project - Literary"
2025,"LINDA CARTER","Local",3,24000,"TAC Project - Animating"
2025,"LINK HAUS","Local",14,5000,"SBEC Core, Starter Company Plus & Summer Company"
2025,"Link Music Lab","City Wide",11,8000,"TAC"
2025,"LINK MUSIC LAB INC.","Local",11,5000,"Creative Industries Grant"
2025,"LINK MUSIC LAB INC.","Local",11,8000,"TAC Project - Music"
2025,"LISTO CALISTO","Local",9,5000,"Creative Industries Grant"
2025,"Little Deaths Salon","City Wide",9,6700,"TAC"
2025,"LITTLE DEATHS SALON","Local",9,6700,"TAC Project - Literary"
2025,"LITTLE ITALY BIA","Local",11,34000,"Special Events Stabilization Initiative"
2025,"LITTLE ITALY BIA","Local",11,9000,"Cultural Festivals Funding Program"
2025,"LITTLE ITALY BIA","Local",11,32000,"Community Celebration Support Fund"
2025,"Little Pear Garden Dance Company","Local",17,24000,"TAC"
2025,"LITTLE PEAR GARDEN DANCE COMPANY","Local",17,24000,"TAC Operating - Dance"
2025,"LITTLE PORTUGAL TORONTO BIA","Local",9,63750,"Special Events Stabilization Initiative"
2025,"LITTLE PORTUGAL TORONTO BIA","Local",9,22500,"Cultural Festivals Funding Program"
2025,"LITTLE SISTER INDONESIAN FOODBAR","Local",12,3533,"CaféTO Grant"
2025,"LlalÃ­n Collective","Local",4,8000,"TAC"
2025,"LLALÃ­N COLLECTIVE","Local",4,8000,"TAC Project - Creative Communities"
2025,"LOFT COMMUNITY SERVICES","Local",13,765000,"HIF"
2025,"LONG BRANCH BIA","Local",3,10912.5,"Special Events Stabilization Initiative"
2025,"Long Branch Neighbourhood Association","Local",3,60000,"FOR"
2025,"Long Branch Neighbourhood Association","Local",3,60000,"FOR"
2025,"Long Winter","City Wide",9,22000,"TAC"
2025,"LONG WINTER","Local",9,22000,"TAC Operating - Music"
2025,"Lord Lansdowne Junior Public School","Local",11,1000,"YCAG"
2025,"Loretto Abbey Catholic Secondary School","Local",8,990.23,"YCAG"
2025,"Los Variants","Local",4,7500,"TAC"
2025,"LOS VARIANTS","Local",4,7500,"TAC Project - Music"
2025,"LOUIS LABERGE-COTE","Local",13,8400,"TAC Project - Dance"
2025,"Love Music Initiative Inc.","Local",6,17500,"TAC"
2025,"LOVE MUSIC INITIATIVE INC.","Local",6,17500,"TAC Project - Animating"
2025,"LOVE SCARBOROUGH ORGANIZATION","Local",22,30000,"Community Celebration Support Fund"
2025,"LOVE SCARBOROUGH ORGANIZATION","Local",22,10000,"Strategic Policy and Management Services  Event Sponsorships"
2025,"Lovers of Planet Earth","Local",16,7150,"NCAG"
2025,"LOVINA YAVARI","Local",4,12500,"TAC Project - Visual and Media Arts"
2025,"Loyola Arrupe Centre for Seniors","City Wide",9,28572.17,"CSP"
2025,"Lua Shayenne Dance Company","City Wide",14,45000,"TAC"
2025,"LUA SHAYENNE DANCE COMPANY","Local",14,45000,"TAC Operating - Black Arts"
2025,"LUCAS SILVEIRA","Local",11,10000,"TAC Project - Music"
2025,"Lucy McCormick SS","Local",4,5000,"PTCG"
2025,"LUIS JACOB","Local",4,10000,"TAC Project - Visual and Media Arts"
2025,"LUKE WELCH","Local",4,8000,"TAC Project - Black Arts"
2025,"LULA IMAM","Local",10,4275,"TAC Project - Black Arts"
2025,"Lula Music And Arts Centre","Local",9,82000,"TAC"
2025,"LULA MUSIC AND ARTS CENTRE","Local",9,82000,"TAC Operating - Music"
2025,"Lumacare Services","City Wide",7,125598.73,"CSP"
2025,"Luminato Festival Toronto","City Wide",10,5500,"CHS"
2025,"LUWAM TEKESTE","Local",6,17305,"TAC Project - Black Arts"
2025,"LYDIA ONAGORUWA","Local",4,7200,"TAC Project - Black Arts"
2025,"LYDIA PERSAUD","Local",4,5000,"TAC Project - Music"
2025,"Mabelle Arts","City Wide",9,50000,"TAC"
2025,"Mabelle Arts","Local",9,10500,"YCISI"
2025,"MABELLE ARTS","Local",9,50000,"TAC Operating - Creative Communities"
2025,"MABELLEARTS","Local",9,10500,"Youth Cultural Incubators Stabilization Initiative"
2025,"Madonnanera","Local",5,15000,"TAC"
2025,"MADONNANERA","Local",5,15000,"TAC Project - Theatre"
2025,"MAFA MAKHUBALO","Local",2,6000,"TAC Project - Dance"
2025,"MAGIDA EL-KASSIS","Local",9,10000,"TAC Project - Visual and Media Arts"
2025,"MAHDI ROSTAMI LORESTANI","Local",18,15000,"TAC Project - Newcomer and Refugee"
2025,"MAHMOUD SCHRICKER","Local",11,8000,"TAC Project - Music"
2025,"MAI NGUYEN","Local",13,10000,"TAC Project - Literary"
2025,"Makers' Collective","Local",24,5500,"CHS"
2025,"MAKEWAY CHARITABLE SOCIETY-EAST SCARB. STOREFRONT","Local",24,5000,"Cultural Hotspot"
2025,"MAKRAM AYACHE","Local",13,10000,"TAC Project - Theatre"
2025,"MALIIK","Local",5,12300,"TAC Project - Black Arts"
2025,"MALIK NEVERSON","Local",24,4000,"TAC Project - Music"
2025,"MALIK ZAHNTEH NEHGAHRAY","Local",9,4000,"TAC Project - Music"
2025,"Malvern Family Resource Centre","Local",25,252450.06,"CSP"
2025,"Malvern Family Resource Centre","Local",25,42000,"LLG"
2025,"Malvern Family Resource Centre","Local",25,6000,"LLG"
2025,"MALVERN FAMILY RESOURCE CENTRE","Local",25,5500,"Cultural Hotspot"
2025,"Malvern Family Resource Centre","Local",25,161770.5,"CSP"
2025,"Malvern Family Resource Centre","Local",25,161770.5,"CSP"
2025,"Malvern Foundations","Neighbourhood",23,4994.61,"CCRF"
2025,"MAMIC ITOUA","Local",19,7700,"TAC Project - Black Arts"
2025,"Mammalian Diving Reflex Theatre Group","City Wide",10,22500,"TAC"
2025,"Mammalian Diving Reflex Theatre Group","City Wide",10,25625,"TAC"
2025,"MAMMALIAN DIVING REFLEX THEATRE GROUP","Local",10,25625,"TAC Operating - Theatre"
2025,"MAMMALIAN DIVING REFLEX THEATRE GROUP","Local",10,22500,"TAC Project - Animating"
2025,"Many Green Hands","Local",7,4600,"PTCG"
2025,"MANY ROADS PURVEYORS INC.","Local",15,5000,"SBEC Core, Starter Company Plus & Summer Company"
2025,"MAPU","Local",14,13200,"TAC Project - Animating"
2025,"Maracatu Mar Aberto","City Wide",9,11250,"TAC"
2025,"MARACATU MAR ABERTO","Local",9,11250,"TAC Project - Creative Communities"
2025,"MARC EID","Local",13,15000,"TAC Project - Newcomer and Refugee"
2025,"MARGARETS HOUSING AND COMMUNIT","Local",14,101753.12,"HPP"
2025,"MARIA ESCOLAN","Local",12,5000,"TAC Project - Theatre"
2025,"MARISA COULTON","Local",10,5000,"TAC Project - Literary"
2025,"MARISSA MAGNESON","Local",12,10000,"TAC Project - Visual and Media Arts"
2025,"MARK EID","Local",13,15000,"TAC Project - Visual and Media Arts"
2025,"MARK GERONIMO COLLANTES","Local",11,4618.5,"TAC Project - Dance"
2025,"MARK ZUBEK","Local",14,5000,"TAC Project - Music"
2025,"MARLINE YAN","Local",10,5000,"TAC Project - Theatre"
2025,"Marshall McLulan Catholic Secondary School","Local",8,900,"YCAG"
2025,"MARTA BALCEWICZ","Local",11,10000,"TAC Project - Literary"
2025,"Mary Ward Catholic Secondary School","Local",22,1000,"YCAG"
2025,"MAYTHAM JBARA","Local",11,14500,"TAC Project - Visual and Media Arts"
2025,"Mayworks Festival","City Wide",11,50750,"TAC"
2025,"MAYWORKS FESTIVAL","Local",11,50750,"TAC Operating - Creative Communities"
2025,"MC CANADA INC. O/A NORD LYON","Local",10,7147.25,"CaféTO Grant"
2025,"M-Do","Local",10,7500,"TAC"
2025,"M-DO","Local",10,7500,"TAC Project - Dance"
2025,"MDZ (Youth-led)","Local",10,5000,"CCRF"
2025,"MDZ Productions","Neighbourhood",10,17000,"INI"
2025,"Media Arts Network Of Ontario","City Wide",9,20000,"TAC"
2025,"MEDIA ARTS NETWORK OF ONTARIO","Local",9,20000,"TAC Operating - Visual and Media Arts"
2025,"MELANIN MARKET INCORPORATED","Local",14,3000,"Dining District Grant Program"
2025,"Mena Collective","City Wide",13,15000,"TAC"
2025,"MENA COLLECTIVE","Local",13,15000,"TAC Project - Theatre"
2025,"Mercer Union, A Centre For Contemporary Visual Art","City Wide",9,80000,"TAC"
2025,"MERCER UNION, A CENTRE FOR CONTEMPORARY VISUAL ART","Local",9,80000,"TAC Operating - Visual and Media Arts"
2025,"METRIX MARKETING LTD.","Local",10,5000,"SBEC Core, Starter Company Plus & Summer Company"
2025,"Metropolitan Action Committee on Violence Against Women and Children (METRAC: Action on Violence)","City Wide",11,400621.14,"CSP"
2025,"MEUI","Local",10,5000,"SBEC Core, Starter Company Plus & Summer Company"
2025,"MEXICAN DAY TORONTO","Local",2,9081.27,"Special Events Stabilization Initiative"
2025,"MIA BUONO","Local",2,11102,"TAC Project - Animating"
2025,"MIC JONES","Local",9,5000,"TAC Project - Literary"
2025,"MICHAEL ALBERT","Local",10,10000,"TAC Project - Theatre"
2025,"MICHAEL THOMPSON","Local",4,10000,"TAC Project - Visual and Media Arts"
2025,"MICHELLE LINARES","Local",10,10950,"TAC Project - Black Arts"
2025,"MICK ROBERTSON","Local",14,15000,"TAC Project - Visual and Media Arts"
2025,"MID LIFE INC.","Local",16,1556.1,"CaféTO Grant"
2025,"Midaynta Community Services","Local",2,35000,"BMFF"
2025,"MIDAYNTA COMMUNITY SERVICES","Local",1,18000,"Cultural Festivals Funding Program"
2025,"MIDORI PRODUCTS INC.","Local",23,5000,"SBEC Core, Starter Company Plus & Summer Company"
2025,"MIDTOWN YONGE BIA","Local",12,19456.28,"Main Street Recovery & Rebuild Initiative"
2025,"MIDTOWN YONGE BIA","Local",12,49350.81,"Transit Construction Mitigation Fund"
2025,"MIDTOWN YONGE BIA","Local",12,30000,"Community Celebration Support Fund"
2025,"Midynta & Mending a Crack in the Sky","Local",5,215694,"YVP"
2025,"MIKE EVIN","Local",9,10000,"TAC Project - Music"
2025,"MINA WANG ZHOU","Local",11,9706,"TAC Project - Literary"
2025,"MINDFULLY SPEAKING","Local",25,5000,"SBEC Core, Starter Company Plus & Summer Company"
2025,"MINGZHE ZHOU","Local",10,15000,"TAC Project - Newcomer and Refugee"
2025,"MINWOO LEE","Local",18,10000,"TAC Project - Visual and Media Arts"
2025,"MIO SAKAMOTO","Local",10,10000,"TAC Project - Art Reach"
2025,"MIRANDA MORRIS","Local",9,5000,"TAC Project - Literary"
2025,"MIRANDA NEWMAN","Local",9,10000,"TAC Project - Literary"
2025,"Mixed Company Theatre","City Wide",12,18825,"TAC"
2025,"MIXED COMPANY THEATRE","Local",12,18825,"TAC Operating - Creative Communities"
2025,"MOBILIZING FOR IMPACT","Neighbourhood",13,17000,"INI"
2025,"Modern Batik Couture","Local",6,15000,"TAC"
2025,"MODERN BATIK COUTURE","Local",6,15000,"TAC Project - Creative Communities"
2025,"Modern Times Stage Company","City Wide",10,45100,"TAC"
2025,"MODERN TIMES STAGE COMPANY","Local",10,45100,"TAC Operating - Theatre"
2025,"MOHAMMAD REIHANI","Local",6,10000,"TAC Project - Music"
2025,"MOHSEN JAMAL","Local",9,10000,"TAC Project - Visual and Media Arts"
2025,"Momiji Health Care Society","City Wide",24,46746.97,"CSP"
2025,"Momxwyfe","Local",4,14980,"TAC"
2025,"MOMXWYFE","Local",4,14980,"TAC Project - Art Reach"
2025,"Monarch Park Collegiate Institute","Local",14,1000,"YCAG"
2025,"MONICA COSMETIC SUPPLIES LIMIT O/A MONICA'S COSMETIC SUPPLY","Local",12,20000,"Main Street Recovery & Rebuild Initiative"
2025,"Mood Disorders Association of Ontario and Toronto","City Wide",8,22786.06,"CSP"
2025,"Moonhorse Dance Theatre","City Wide",13,26000,"TAC"
2025,"MOONHORSE DANCE THEATRE","Local",13,26000,"TAC Operating - Dance"
2025,"Moonpools Art","Local",9,8000,"TAC"
2025,"MOONPOOLS ART","Local",9,8000,"TAC Project - Creative Communities"
2025,"MORGRIDGE FOUNDATION CENTER","Local",20,5000,"Creative Industries Grant"
2025,"MORTEZA HODAEI","Local",12,8000,"TAC Project - Visual and Media Arts"
2025,"MOSTAFA AL-A'SAR","Local",12,10000,"TAC Project - Literary"
2025,"MOTZIE DAPUL","Local",13,15000,"TAC Project - Visual and Media Arts"
2025,"MOUNT DENNIS BIA","Local",5,50000,"Transit Construction Mitigation Fund"
2025,"MOUNT DENNIS BIA","Local",5,62500,"BIA Capacity Development Grant"
2025,"MOUNT PLEASANT VILLAGE BIA","Local",12,6703.22,"Main Street Recovery & Rebuild Initiative"
2025,"MOUNT PLEASANT VILLAGE BIA","Local",12,49614.4,"Transit Construction Mitigation Fund"
2025,"MOUNT PLEASANT VILLAGE BIA","Local",12,9935,"Community Celebration Support Fund"
2025,"MOZE MOSSANEN","Local",13,15000,"TAC Project - Visual and Media Arts"
2025,"MP COFFEE BAR INC.","Local",11,4755.5,"CaféTO Grant"
2025,"Mur/All","Local",10,8000,"TAC"
2025,"MUR/ALL","Local",10,8000,"TAC Project - Creative Communities"
2025,"Mural Routes Inc.","City Wide",20,52000,"TAC"
2025,"MURAL ROUTES INC.","Local",20,52000,"TAC Operating - Creative Communities"
2025,"MURR","Local",9,8000,"TAC Project - Music"
2025,"MUSEUM OF CONTEMPORARY ART TORONTO CANADA","Local",9,497094,"Cultural Organization Operating Partnership"
2025,"MUSIC AFRICA OF CANADA INC.","Local",6,36000,"Special Events Stabilization Initiative"
2025,"Music Around The Corner","City Wide",4,3000,"TAC"
2025,"MUSIC AROUND THE CORNER","Local",4,3000,"TAC Project - Music"
2025,"Music From Hope","City Wide",14,11700,"TAC"
2025,"MUSIC FROM HOPE","Local",14,11700,"TAC Project - Creative Communities"
2025,"Music In The Heights","Local",8,10000,"TAC"
2025,"MUSIC IN THE HEIGHTS","Local",8,10000,"TAC Project - Art Reach"
2025,"MUSIC MANAGERS FORUM CANADA","Local",13,20000,"Creative Industries Grant"
2025,"Music Toronto","City Wide",12,56745,"TAC"
2025,"MUSIC TORONTO","Local",12,56745,"TAC Operating - Music"
2025,"Musiclinks Community","Local",5,40000,"BMFF"
2025,"MUSICONTARIO","Local",10,10000,"SBEC Core, Starter Company Plus & Summer Company"
2025,"MUSICONTARIO","Local",10,43000,"Creative Industries Grant"
2025,"MWNYE - Muslim Women of North York & Etobicoke","Local",6,5666.66666666667,"INI"
2025,"MWNYE - Muslim Women of North York & Etobicoke","Local",3,5666.66666666667,"INI"
2025,"MWNYE - Muslim Women of North York & Etobicoke","Local",5,5666.66666666667,"INI"
2025,"My Brothers Keeper Parkdale","Local",9,40000,"BMFF"
2025,"MY DORM STORE INC.","Local",10,5000,"SBEC Core, Starter Company Plus & Summer Company"
2025,"Myuri Srikugan And Alicia Reid","Local",24,10000,"TAC"
2025,"MYURI SRIKUGAN AND ALICIA REID","Local",24,10000,"TAC Project - Art Reach"
2025,"NADJA LUBIW-HAZARD","Local",14,10000,"TAC Project - Literary"
2025,"Nagata Shachu Japanese Taiko And Music Group","City Wide",23,34000,"TAC"
2025,"Nagata Shachu Japanese Taiko And Music Group","Local",23,20952,"TAC"
2025,"NAGATA SHACHU JAPANESE TAIKO AND MUSIC GROUP","Local",23,34000,"TAC Operating - Music"
2025,"NAGATA SHACHU JAPANESE TAIKO AND MUSIC GROUP","Local",23,20952,"TAC Project - Animating"
2025,"Naishi Wang Dance Company","Local",10,14000,"TAC"
2025,"NAISHI WANG DANCE COMPANY","Local",10,23825,"TAC Project - Dance"
2025,"NA-ME-RES (NATIVE MEN'S","Local",12,470950.32,"HIF"
2025,"NANCY OSPINA","Local",12,10000,"TAC Project - Visual and Media Arts"
2025,"NASEHA CHOWDHURY","Local",20,3150,"TAC Project - Music"
2025,"NASIM ASGARI","Local",4,10000,"TAC Project - Literary"
2025,"NASSER YOUSEFI","Local",10,15000,"TAC Project - Newcomer and Refugee"
2025,"NASSIM ABU SARARI","Local",13,5000,"TAC Project - Theatre"
2025,"NATALIA ROCKCLIFFE","Local",10,10500,"TAC Project - Black Arts"
2025,"NATALIE KING","Local",19,10000,"TAC Project - Indigenous Arts"
2025,"NATASHA GREENBLATT","Local",10,5000,"TAC Project - Literary"
2025,"NATASHA MARTIN","Local",4,8000,"TAC Project - Visual and Media Arts"
2025,"National Network for Immigrants and Refugees in Canada","Neighbourhood",13,17000,"INI"
2025,"National Shevchenko Musical Ensemble Guild Of Canada","City Wide",11,5400,"TAC"
2025,"NATIONAL SHEVCHENKO MUSICAL ENSEMBLE GUILD OF CANADA","Local",11,5400,"TAC Operating - Community Music Making"
2025,"Native Canadian Centre of Toronto","City Wide",11,186224.21,"CSP"
2025,"NATIVE CHILD & FAMILY SERVICES","Local",13,58430.74,"HPP"
2025,"Native Child and Family Services of Toronto","City Wide",13,151619.24,"CSP"
2025,"Native Child and Family Services of Toronto","City Wide",13,43172.4,"LLG"
2025,"Native Earth Performing Arts Inc.","City Wide",13,120000,"TAC"
2025,"NATIVE EARTH PERFORMING ARTS INC.","Local",13,120000,"TAC Operating - Theatre"
2025,"Native Women In The Arts","City Wide",10,60000,"TAC"
2025,"NATIVE WOMEN IN THE ARTS","Local",10,60000,"TAC Operating - Creative Communities"
2025,"Native Women's Resource Centre","City Wide",13,116321.11,"CSP"
2025,"NATURE'S ZEAL INC.","Local",24,5000,"SBEC Core, Starter Company Plus & Summer Company"
2025,"Nautanki Bazaar","City Wide",13,15000,"TAC"
2025,"NAUTANKI BAZAAR","Local",13,15000,"TAC Project - Theatre"
2025,"NAYO SASAKI-PICOU","Local",5,10000,"TAC Project - Creative Communities"
2025,"NAZ SALIH","Local",16,15000,"TAC Project - Newcomer and Refugee"
2025,"NAZARIOR GROUP CORP.","Local",4,5000,"SBEC Core, Starter Company Plus & Summer Company"
2025,"Ndabaga Collective","City Wide",4,17400,"TAC"
2025,"NDABAGA COLLECTIVE","Local",4,17400,"TAC Project - Black Arts"
2025,"Necessary Angel Theatre Company","City Wide",10,61850,"TAC"
2025,"NECESSARY ANGEL THEATRE COMPANY","Local",10,61850,"TAC Operating - Theatre"
2025,"NED GORDON","Local",19,18740.7,"TAC Project - Animating"
2025,"NEIGHBOURHOOD ARTS NETWORK","Local",10,130000,"TAC Strategic Partnership"
2025,"NEIGHBOURHOOD GROUP COMMUNITY","Local",11,87646.75,"HPP"
2025,"NEIGHBOURHOOD GROUP COMMUNITY","Local",11,602285.75,"HPP"
2025,"NEIGHBOURHOOD GROUP COMMUNITY","Local",11,794109.75,"HPP"
2025,"NeighbourLink North York","Local",18,80000,"TCDI"
2025,"NeighbourLink North York","Local",18,1e+05,"TCDI"
2025,"NEPALESE CANADIAN COMMUNITY SERVICES","Local",24,13238.75,"Special Events Stabilization Initiative"
2025,"New Canadian Community Centre","City Wide",22,57273.56,"CSP"
2025,"New Music Concerts","City Wide",10,60000,"TAC"
2025,"NEW MUSIC CONCERTS","Local",10,60000,"TAC Operating - Music"
2025,"New Music For Old Hands","City Wide",12,1200,"TAC"
2025,"NEW MUSIC FOR OLD HANDS","Local",12,1200,"TAC Project - Music"
2025,"New Tradition Music","Local",7,22000,"CHS"
2025,"New Tradition Music","Local",7,15000,"TAC"
2025,"NEW TRADITION MUSIC","Local",7,22000,"Cultural Hotspot"
2025,"NEW TRADITION MUSIC","Local",7,15000,"TAC Project - Creative Communities"
2025,"NEWCOMER KITCHEN INC.","Local",13,15000,"Business Incubation & Commercialization Grant"
2025,"NEWCOMER KITCHEN INC.","Local",10,5000,"Business Incubation & Commercialization Grant"
2025,"Newcomer Women's Services Toronto","City Wide",14,54647.78,"CSP"
2025,"NEXOVATE INC.","Local",6,5000,"SBEC Core, Starter Company Plus & Summer Company"
2025,"NEXT CANADA","Local",11,20000,"Business Incubation & Commercialization Grant"
2025,"Next Generation Arts","Local",24,5000,"CHS"
2025,"Next Generation Arts","Local",24,53000,"YCISI"
2025,"NEXT GENERATION ARTS","Local",24,53000,"Youth Cultural Incubators Stabilization Initiative"
2025,"NEXT GENERATION ARTS","Local",24,5000,"Cultural Hotspot"
2025,"Nia Centre for the Arts","City Wide",12,35000,"BMFF"
2025,"Nia Centre For The Arts","City Wide",12,85000,"TAC"
2025,"NIA CENTRE FOR THE ARTS","Local",12,85000,"TAC Operating - Creative Communities"
2025,"NIALL MCCLELLAND","Local",13,10000,"TAC Project - Visual and Media Arts"
2025,"NICK FRASER","Local",9,5000,"TAC Project - Music"
2025,"NICK STORRING","Local",4,5000,"TAC Project - Music"
2025,"NIEUPORT AVIATION PASSENGER TERMINAL BUILDING","Local",10,7000,"Film and Creative Industries Event Sponsorships"
2025,"Nightswimming Repertory Theatre","Local",13,20000,"TAC"
2025,"NIGHTSWIMMING REPERTORY THEATRE","Local",13,20000,"TAC Operating - Theatre"
2025,"Nightwood Theatre","City Wide",11,87000,"TAC"
2025,"NIGHTWOOD THEATRE","Local",11,87000,"TAC Operating - Theatre"
2025,"Niibi Anishinaabe Aadziwin","Local",10,10000,"ICAG"
2025,"Niibi Anishinaabe Aadziwin","Local",4,10000,"ICAG"
2025,"NIMROD SHANIT","Local",18,15000,"TAC Project - Visual and Media Arts"
2025,"NINA BEVERIDGE","Local",19,15000,"TAC Project - Visual and Media Arts"
2025,"NIP Information Post (Neighbourhood Information Post)","Neighbourhood",13,52350.96,"CSP"
2025,"NOEL PENDAWA","Local",13,14500,"TAC Project - Visual and Media Arts"
2025,"NOIIR","Local",4,10000,"TAC Project - Music"
2025,"NORTH ACSA - AGINCOURT COMMUNITY SER","Local",22,58430.74,"HPP"
2025,"North York Arts","Local",18,9000,"CHS"
2025,"North York Arts","Local",18,410113,"LASO"
2025,"NORTH YORK ARTS","Local",18,420250,"Local Arts Service Organizations"
2025,"NORTH YORK ARTS","Local",18,8000,"Cultural Hotspot"
2025,"North York Community House","Local",8,271782.1,"CSP"
2025,"North York Community House","Local",8,54000,"LLG"
2025,"North York Cycles","Local",16,1000,"NCAG"
2025,"North York Cycles","Local",17,1000,"NCAG"
2025,"North York Cycles","Local",8,1000,"NCAG"
2025,"North York Cycles","Local",7,1000,"NCAG"
2025,"North York Cycles","Local",6,1000,"NCAG"
2025,"North York Cycles","Local",5,1000,"NCAG"
2025,"North York Cycles","Local",18,1000,"NCAG"
2025,"NORTH YORK HARVEST FOOD BANK","Local",5,950862.2,"HPP"
2025,"North York Harvest Food Bank","City Wide",5,30363.8,"CSP"
2025,"North York Seniors Centre","Neighbourhood",18,118048.14,"CSP"
2025,"North York Women's Resource Centre","Local",5,64851.28,"CSP"
2025,"NORTHCOTE TRADING CO INC. O/A LADYBUG WINE BAR","Local",13,2170.17,"CaféTO Grant"
2025,"Northern Visions Independent Video & Film Association","City Wide",10,61000,"TAC"
2025,"NORTHERN VISIONS INDEPENDENT VIDEO & FILM ASSOCIATION","Local",10,61000,"TAC Operating - Visual and Media Arts"
2025,"NORTHWEST PROTECTION SERVICES","Local",9,5000,"SBEC Core, Starter Company Plus & Summer Company"
2025,"Notre Dame High School","Local",19,946.94,"YCAG"
2025,"NOUSHE INC.","Local",13,5000,"SBEC Core, Starter Company Plus & Summer Company"
2025,"NXNE INC.","Local",14,5000,"Film and Creative Industries Event Sponsorships"
2025,"NYFC COMMUNITY CLUB","Neighbourhood",9,17000,"INI"
2025,"Oakridge Bee Ambassadors","Local",20,1240,"PTCG"
2025,"Oakwood Vaughan Community Organization","Local",12,250,"FOR"
2025,"Oakwood Vaughan Community Organization","Local",12,250,"FOR"
2025,"OAKWOOD VILLAGE BIA","Local",12,50000,"Transit Construction Mitigation Fund"
2025,"Obsidian Theatre Company Inc.","City Wide",14,90000,"TAC"
2025,"OBSIDIAN THEATRE COMPANY INC.","Local",14,90000,"TAC Operating - Theatre"
2025,"OCAD UNIVERSITY","Local",10,75000,"Arts and Culture Services Directed Grants"
2025,"OCAD UNIVERSITY","Local",10,20000,"Business Incubation & Commercialization Grant"
2025,"OCAD UNIVERSITY","Local",10,15000,"Strategic Policy and Management Services  Event Sponsorships"
2025,"OCASI - Ontario Council of Agencies Serving Immigrants","City Wide",8,36467.1,"CSP"
2025,"OCEAN CHERNESKI","Local",12,15000,"TAC Project - Indigenous Arts"
2025,"O'Connor Boys (Youth-led)","Neighbourhood",19,5000,"CCRF"
2025,"ODARIO WILLIAMS","Local",10,10000,"TAC Project - Music"
2025,"Odify","City Wide",7,14000,"TAC"
2025,"ODIFY","Local",7,14000,"TAC Project - Black Arts"
2025,"ODUDUABASI UMOESSIEN","Local",13,10800,"TAC Project - Black Arts"
2025,"OFFLINE EVENTS LTD.","Local",3,20000,"Strategic Policy and Management Services  Event Sponsorships"
2025,"OKAYOK","Local",4,5000,"SBEC Core, Starter Company Plus & Summer Company"
2025,"OLD TOWN TORONTO BIA","Local",13,40000,"Community Celebration Support Fund"
2025,"OLIVE B","Local",10,10000,"TAC Project - Music"
2025,"OLIVIA AGUIAR","Local",11,10000,"TAC Project - Visual and Media Arts"
2025,"OLIVIA ESTHER","Local",11,4000,"TAC Project - Music"
2025,"OLUSOJI OYINSAN","Local",3,7500,"TAC Project - Black Arts"
2025,"OLYMPIC FOOD & CHEESE MART LTD.","Local",13,5000,"SBEC Core, Starter Company Plus & Summer Company"
2025,"OMAR BADRIN","Local",10,10000,"TAC Project - Visual and Media Arts"
2025,"Omega Prep Academy (Youth-led)","Neighbourhood",20,5000,"CCRF"
2025,"OMER AZIZ","Local",12,10000,"TAC Project - Literary"
2025,"Onsite Gallery At Ocad University","City Wide",10,20000,"TAC"
2025,"ONSITE GALLERY AT OCAD UNIVERSITY","Local",10,20000,"TAC Operating - Visual and Media Arts"
2025,"Ontario Association Of Art Galleries","City Wide",10,31000,"TAC"
2025,"ONTARIO ASSOCIATION OF ART GALLERIES","Local",10,31000,"TAC Operating - Visual and Media Arts"
2025,"ONTARIO CREATES","Local",11,50000,"Film and Creative Industries Directed Grants"
2025,"ONTARIO CREATES","Local",11,10000,"Film and Creative Industries Event Sponsorships"
2025,"ONTARIO CULTURE DAYS","Local",10,22500,"Cultural Festivals Funding Program"
2025,"Ontario Library Association","City Wide",10,7000,"TAC"
2025,"ONTARIO LIBRARY ASSOCIATION","Local",10,7000,"TAC Project - Literary"
2025,"ONTARIO SIKHS AND GURDWARA COUNCIL","Local",23,13119,"Special Events Stabilization Initiative"
2025,"ONTARIO STEELPAN ASSOCIATION","Local",24,18000,"Cultural Festivals Funding Program"
2025,"Open Book Foundation","City Wide",12,17100,"TAC"
2025,"OPEN BOOK FOUNDATION","Local",12,17100,"TAC Operating - Literary"
2025,"Open Studio","City Wide",10,79000,"TAC"
2025,"OPEN STUDIO","Local",10,79000,"TAC Operating - Visual and Media Arts"
2025,"Opera Atelier","City Wide",13,34200,"TAC"
2025,"OPERA ATELIER","Local",13,34200,"TAC Operating - Music"
2025,"Opera In Concert","City Wide",14,30750,"TAC"
2025,"OPERA IN CONCERT","Local",14,30750,"TAC Operating - Music"
2025,"Opportunity For Advancement","City Wide",9,60692.35,"CSP"
2025,"OPPOS INCORPORATED","Local",22,5000,"SBEC Core, Starter Company Plus & Summer Company"
2025,"Oral Method","City Wide",4,6700,"TAC"
2025,"ORAL METHOD","Local",4,6700,"TAC Project - Literary"
2025,"Orchestra Toronto","City Wide",18,17600,"TAC"
2025,"ORCHESTRA TORONTO","Local",18,17600,"TAC Operating - Community Music Making"
2025,"ORGANIZATION OF SOUTH ASIAN ARTS","Local",24,11432.5,"Special Events Stabilization Initiative"
2025,"ORGANIZATION OF WOMEN IN INTERNATIONAL TRADE-TORONTO","Local",13,5500,"Economic Development Services Event Sponsorships"
2025,"Oriana Women'S Choir","City Wide",14,18000,"TAC"
2025,"ORIANA WOMEN'S CHOIR","Local",14,18000,"TAC Operating - Community Music Making"
2025,"Orpheus Choir Of Toronto","City Wide",3,27675,"TAC"
2025,"ORPHEUS CHOIR OF TORONTO","Local",3,27675,"TAC Operating - Music"
2025,"Oshkaabewisuk","Local",19,6239,"ICAG"
2025,"OSMINGTON (UNION STATION) INC.","Local",10,4000,"Film and Creative Industries Event Sponsorships"
2025,"OSSINGTON AVENUE BIA","Local",10,24024.05,"Main Street Recovery & Rebuild Initiative"
2025,"OSSINGTON AVENUE BIA","Local",10,18024,"Special Events Stabilization Initiative"
2025,"OUR C.R.I.B. ARTS COLLECTIVE","Local",14,2000,"Creative Industries Grant"
2025,"Outside Looking In","City Wide",8,15000,"TAC"
2025,"OUTSIDE LOOKING IN","Local",8,15000,"TAC Project - Indigenous Arts"
2025,"Outside The March Theatre Company Inc","City Wide",9,23575,"TAC"
2025,"OUTSIDE THE MARCH THEATRE COMPANY INC.","Local",9,23575,"TAC Operating - Theatre"
2025,"Painting In 3'S Collective","Local",20,12837,"TAC"
2025,"PAINTING IN 3'S COLLECTIVE","Local",20,12837,"TAC Project - Art Reach"
2025,"PAL' PATIO CORPORATION","Local",9,5000,"SBEC Core, Starter Company Plus & Summer Company"
2025,"PALETTE SKILLS INC.","Local",11,1017.6,"Economic Development Services Event Sponsorships"
2025,"PAL-Reading Services Inc.","City Wide",13,20207.28,"CSP"
2025,"Pan Arts Network","City Wide",25,4200,"TAC"
2025,"Pan Arts Network","City Wide",25,6314,"TAC"
2025,"PAN ARTS NETWORK","Local",25,6314,"TAC Project - Black Arts"
2025,"PAN ARTS NETWORK","Local",25,4200,"TAC Project - Music"
2025,"PANCHO & EMILIANO P&E INC.","Local",11,2034,"CaféTO Grant"
2025,"Pantheon Projects","City Wide",10,12800,"TAC"
2025,"PANTHEON PROJECTS","Local",10,12800,"TAC Project - Theatre"
2025,"PAPE VILLAGE BIA","Local",14,12187.5,"Special Events Stabilization Initiative"
2025,"Paprika Theatre Festival","City Wide",9,21000,"TAC"
2025,"PAPRIKA THEATRE FESTIVAL","Local",9,21000,"TAC Operating - Theatre"
2025,"Parampara Canada","City Wide",20,6000,"TAC"
2025,"PARAMPARA CANADA","Local",20,12750,"Special Events Stabilization Initiative"
2025,"PARAMPARA CANADA","Local",20,20000,"Cultural Festivals Funding Program"
2025,"PARAMPARA CANADA","Local",20,6000,"TAC Project - Music"
2025,"Parc Downsview Park Inc.","Local",6,14613.54,"FOR"
2025,"Parc Downsview Park Inc.","Local",6,14613.54,"FOR"
2025,"Parents of Black Children Canada","City Wide",18,40000,"BMFF"
2025,"PARK PEOPLE","Local",10,11615,"Cultural Festivals Funding Program"
2025,"PARKDALE ACTIVITY RECREATION","Local",4,73038.75,"HPP"
2025,"Parkdale Golden Age Foundation","Neighbourhood",4,73780.07,"CSP"
2025,"Parkdale Intercultural Association (Toronto)","Neighbourhood",4,84952.83,"CSP"
2025,"PARKDALE QUEEN WEST COMMUNITY HEALTH CENTRE","Local",4,1599903.9,"HPP"
2025,"Parkdale Residents Association","Local",4,8000,"TAC"
2025,"PARKDALE RESIDENTS ASSOCIATION","Local",4,8000,"TAC Project - Visual and Media Arts"
2025,"Parkdale Unity (Youth-led)","Neighbourhood",4,5000,"CCRF"
2025,"Parkside Elementary School Pollinator Gardens Team","Local",19,5000,"PTCG"
2025,"PARKWAY CENTRE BUSINESS ASSOCIATION","Local",17,29750,"Community Celebration Support Fund"
2025,"Parkway Youth Council (Youth-Led)","Neighbourhood",17,5000,"CCRF"
2025,"PATRICK DE BELEN","Local",8,29650,"TAC Project - Animating"
2025,"PATRICK DE BELEN","Local",8,8000,"TAC Project - Creative Communities"
2025,"PAULA SAHYOUN","Local",13,15000,"TAC Project - Visual and Media Arts"
2025,"Pax Christi Chorale","City Wide",17,22000,"TAC"
2025,"PAX CHRISTI CHORALE","Local",17,22000,"TAC Operating - Music"
2025,"PEACH LUFFE","Local",18,10000,"TAC Project - Music"
2025,"Pelham Park Gdns","Neighbourhood",9,5000,"CCRF"
2025,"Pelham Safety Advisory Group","Neighbourhood",9,5000,"CCRF"
2025,"Pelham united youth space (Youth-led)","Local",9,5000,"CCRF"
2025,"Pemmican Collective","City Wide",13,15000,"TAC"
2025,"Pemmican Collective","City Wide",13,11250,"TAC"
2025,"PEMMICAN COLLECTIVE","Local",13,15000,"TAC Project - Indigenous Arts"
2025,"PEMMICAN COLLECTIVE","Local",13,11250,"TAC Project - Theatre"
2025,"Pen Canada","City Wide",10,20000,"TAC"
2025,"PEN CANADA","Local",10,20000,"TAC Operating - Literary"
2025,"Peripheral Theatre","City Wide",12,20000,"TAC"
2025,"PERIPHERAL THEATRE","Local",12,20000,"TAC Project - Theatre"
2025,"PETER HARRIS","Local",9,10000,"TAC Project - Visual and Media Arts"
2025,"Ph1 Studios","City Wide",10,11250,"TAC"
2025,"PH1 STUDIOS","Local",10,11250,"TAC Project - Creative Communities"
2025,"PHIL BALJEU","Local",9,13000,"TAC Project - Visual and Media Arts"
2025,"PHILIP BEESLEY","Local",4,15000,"TAC Project - Visual and Media Arts"
2025,"PHILIPPINE INDEPENDENCE DAY COUNCIL","Local",13,7650,"Special Events Stabilization Initiative"
2025,"PHILIPPINE INDEPENDENCE DAY COUNCIL","Local",13,15000,"Cultural Festivals Funding Program"
2025,"PHILLIP BARKER","Local",4,15000,"TAC Project - Visual and Media Arts"
2025,"PHUONG NGUYEN","Local",2,10000,"TAC Project - Visual and Media Arts"
2025,"Pinceles Latinos Art Studio","Local",7,6000,"TAC"
2025,"PINCELES LATINOS ART STUDIO","Local",7,6000,"TAC Project - Creative Communities"
2025,"PIZZERIA CAROLINA INC.","Local",11,2209.15,"CaféTO Grant"
2025,"Planet In Focus","City Wide",10,30000,"TAC"
2025,"PLANET IN FOCUS","Local",10,30000,"TAC Operating - Visual and Media Arts"
2025,"PLAY FOREVER","Local",5,9900,"Cultural Hotspot"
2025,"PLAYGROUND CAFE","Local",13,5000,"SBEC Core, Starter Company Plus & Summer Company"
2025,"Playingwithcrayons","City Wide",10,13800,"TAC"
2025,"PLAYINGWITHCRAYONS","Local",10,13800,"TAC Project - Black Arts"
2025,"Playwrights Guild Of Canada","City Wide",13,25625,"TAC"
2025,"PLAYWRIGHTS GUILD OF CANADA","Local",13,25625,"TAC Operating - Theatre"
2025,"PLAZAPOPS","Local",12,93500,"Main Street Recovery & Rebuild Initiative"
2025,"PLEASURE CRAFT","Local",9,10000,"TAC Project - Music"
2025,"Pleiades Theatre","City Wide",9,20000,"TAC"
2025,"PLEIADES THEATRE","Local",9,20000,"TAC Operating - Theatre"
2025,"Poetic Assembly","City Wide",12,8000,"TAC"
2025,"POETIC ASSEMBLY","Local",12,8000,"TAC Project - Black Arts"
2025,"POKE SHAK INC.","Local",4,5000,"SBEC Core, Starter Company Plus & Summer Company"
2025,"Polaris Music Prize","City Wide",10,7500,"TAC"
2025,"POLARIS MUSIC PRIZE INC.","Local",10,25000,"Creative Industries Grant"
2025,"POLARIS MUSIC PRIZE INC.","Local",10,15000,"Film and Creative Industries Event Sponsorships"
2025,"POLARIS MUSIC PRIZE INC.","Local",10,7500,"TAC Project - Music"
2025,"Post-Secondary Access Collective (PAC)","Neighbourhood",5,17000,"INI"
2025,"POT POT STUDIO","Local",9,5000,"SBEC Core, Starter Company Plus & Summer Company"
2025,"Pounds Per Square Inch Performance","City Wide",9,25000,"TAC"
2025,"POUNDS PER SQUARE INCH PERFORMANCE","Local",9,25000,"TAC Operating - Dance"
2025,"Power of Love Foundation Canada","City Wide",2,40000,"BMFF"
2025,"Prairie Fire Please","City Wide",9,6000,"TAC"
2025,"PRAIRIE FIRE PLEASE","Local",9,6000,"TAC Project - Theatre"
2025,"Pratibha Arts","City Wide",10,21000,"TAC"
2025,"PRATIBHA ARTS","Local",10,21000,"TAC Operating - Dance"
2025,"PRIDE TORONTO","Local",9,90000,"Special Events Stabilization Initiative"
2025,"PRIDE TORONTO","Local",9,350000,"Cultural Festivals Funding Program"
2025,"PRINCE OF CLOUDS","Local",14,10000,"TAC Project - Music"
2025,"Proartedanza Performance Inc","City Wide",14,20000,"TAC"
2025,"PROARTEDANZA PERFORMANCE INC.","Local",14,20000,"TAC Operating - Dance"
2025,"Proclaim Community Hub","Neighbourhood",5,17000,"INI"
2025,"Professional Association Of Canadian Theatres","City Wide",13,15000,"TAC"
2025,"PROFESSIONAL ASSOCIATION OF CANADIAN THEATRES","Local",13,15000,"TAC Operating - Theatre"
2025,"PROGRESS CAREER PLANNING INSTITUTE","Local",24,1801.06,"Economic Development Services Event Sponsorships"
2025,"PROGRESS PLACE REHABILITATION","Local",5,14608,"HPP"
2025,"Project Brotherhood (Youth-led)","Local",22,4985,"CCRF"
2025,"Project Redefine Arts","City Wide",13,37000,"TAC"
2025,"PROJECT REDEFINE ARTS","Local",13,37000,"TAC Operating - Creative Communities"
2025,"Project: Humanity Inc.","Local",8,12250,"TAC"
2025,"PROJECT: HUMANITY INC.","Local",8,12250,"TAC Project - Creative Communities"
2025,"Prologue To The Performing Arts","City Wide",10,40000,"TAC"
2025,"PROLOGUE TO THE PERFORMING ARTS","Local",10,40000,"TAC Operating - Creative Communities"
2025,"PROMOTING EDUCATION AND COMMUNITY HEALTH","Local",7,18000,"Cultural Festivals Funding Program"
2025,"PROMOTING EDUCATION AND COMMUNITY HEALTH","Local",7,22000,"Cultural Hotspot"
2025,"Promoting Education and Community Health (PEACH)","Local",7,22000,"CHS"
2025,"Promoting Education and Community Health (PEACH)","Local",7,35000,"BMFF"
2025,"Promoting Education and Community Health (PEACH)","Neighbourhood",7,77610.06,"CSP"
2025,"PROPTECH COLLECTIVE","Local",12,19916,"Business Incubation & Commercialization Grant"
2025,"Prosserman Jewish Community Centre","City Wide",6,17364.17,"CSP"
2025,"Public Recordings Performance Projects","City Wide",4,18400,"TAC"
2025,"PUBLIC RECORDINGS PERFORMANCE PROJECTS","Local",4,18400,"TAC Operating - Dance"
2025,"PULGA MUCHOCHOMA","Local",2,19605.6,"TAC Project - Animating"
2025,"PURAWAI VYAS","Local",13,7500,"TAC Project - Dance"
2025,"PURE & BOLD BEAUTY INC.","Local",5,5000,"SBEC Core, Starter Company Plus & Summer Company"
2025,"PURE BOTANICAL COMPANY INC.","Local",18,5000,"SBEC Core, Starter Company Plus & Summer Company"
2025,"Pushmakers","City Wide",5,11000,"TAC"
2025,"PUSHMAKERS","Local",5,11000,"TAC Project - Dance"
2025,"Qissa Stories","City Wide",9,20000,"TAC"
2025,"QISSA STORIES","Local",9,20000,"TAC Project - Newcomer and Refugee"
2025,"QRINT INC.","Local",5,5000,"SBEC Core, Starter Company Plus & Summer Company"
2025,"QUEEN STREET WAREHOUSE RESTAURANT","Local",10,7500,"CaféTO Grant"
2025,"QUEEN STREET WEST BIA","Local",10,25000,"Main Street Recovery & Rebuild Initiative"
2025,"QUEEN STREET WEST BIA","Local",10,25000,"Transit Construction Mitigation Fund"
2025,"QUEEN STREET WEST BIA","Local",10,18000,"Community Celebration Support Fund"
2025,"QUEEN WEST ART CRAWL","Local",10,8585,"Special Events Stabilization Initiative"
2025,"QUEEN WEST ART CRAWL","Local",10,22500,"Cultural Festivals Funding Program"
2025,"QUEEN WEST ART CRAWL","Local",10,2000,"Creative Industries Grant"
2025,"Queer South Asians","Local",4,9700,"TAC"
2025,"QUEER SOUTH ASIANS","Local",4,9700,"TAC Project - Art Reach"
2025,"QUENTIN VERCETTY","Local",5,12000,"TAC Project - Black Arts"
2025,"QUENTIN VERCETTY","Local",5,11250,"TAC Project - Creative Communities"
2025,"Quiptake","City Wide",12,13875,"TAC"
2025,"QUIPTAKE","Local",12,13875,"TAC Project - Theatre"
2025,"Quote Unquote Collective","City Wide",4,10200,"TAC"
2025,"QUOTE UNQUOTE COLLECTIVE","Local",4,10200,"TAC Project - Theatre"
2025,"QW STUDIOS","Local",11,5000,"SBEC Core, Starter Company Plus & Summer Company"
2025,"R H WESLEY","Local",14,10000,"TAC Project - Literary"
2025,"R.I.S.E Arts And Community Services","City Wide",25,47000,"TAC"
2025,"R.I.S.E Arts And Community Services","City Wide",25,50000,"TAC"
2025,"R.I.S.E ARTS AND COMMUNITY SERVICES","Local",25,47000,"TAC Operating - Black Arts"
2025,"R.I.S.E ARTS AND COMMUNITY SERVICES","Local",25,50000,"TAC Project - Innovation and Capacity Building"
2025,"Rabble Collective","City Wide",5,15000,"TAC"
2025,"RABBLE COLLECTIVE","Local",5,15000,"TAC Project - Theatre"
2025,"RAE MAKAI","Local",10,9150,"TAC Project - Music"
2025,"Rafiki Bridge","Local",14,3470,"INI"
2025,"Rafiki Bridge","Local",7,3470,"INI"
2025,"Rafiki Bridge","Local",25,3470,"INI"
2025,"Raging Asian Women Taiko Drummers","City Wide",5,30000,"TAC"
2025,"RAGING ASIAN WOMEN TAIKO DRUMMERS","Local",5,30000,"TAC Operating - Music"
2025,"Ralph Thornton Community Centre","Neighbourhood",14,44732.11,"CSP"
2025,"RAMMAH MOHAMMAD","Local",17,10000,"TAC Project - Music"
2025,"RANDERA","Local",5,12000,"TAC Project - Creative Communities"
2025,"RASHMI MISHRA","Local",18,22015,"TAC Project - Animating"
2025,"Rathburn Area Youth (RAY) Youth Space","Local",2,4825,"CCRF"
2025,"Rave Angels","Local",11,14970,"TAC"
2025,"RAVE ANGELS","Local",11,14970,"TAC Project - Art Reach"
2025,"REAL GREEK GYROS INC.","Local",14,1653.62,"CaféTO Grant"
2025,"Reason D'Etre Dance Productions","City Wide",4,20000,"TAC"
2025,"REASON D'ETRE DANCE PRODUCTIONS","Local",4,20000,"TAC Operating - Dance"
2025,"Reassemblage Collective","City Wide",4,11000,"TAC"
2025,"REASSEMBLAGE COLLECTIVE","Local",4,11000,"TAC Project - Visual and Media Arts"
2025,"REBEKAH WOLKSTEIN","Local",4,5000,"TAC Project - Music"
2025,"Red Pepper Spectacle Arts","City Wide",11,55000,"TAC"
2025,"RED PEPPER SPECTACLE ARTS INCORPORATED","Local",11,11441.7,"Special Events Stabilization Initiative"
2025,"RED PEPPER SPECTACLE ARTS INCORPORATED","Local",11,55000,"TAC Operating - Creative Communities"
2025,"Red Sky Performance","City Wide",10,53000,"TAC"
2025,"RED SKY PERFORMANCE","Local",10,53000,"TAC Operating - Dance"
2025,"RedBred","Local",11,17350,"ICAG"
2025,"REEL CANADA (CANADIAN FILM IN THE SCHOOLS)","Local",11,10000,"Creative Industries Grant"
2025,"REELWORLD SCREEN INSTITUTE","Local",10,10000,"Creative Industries Grant"
2025,"REEM RIZK","Local",10,10000,"TAC Project - Literary"
2025,"REGAL HEIGHTS VILLAGE BIA","Local",9,15000,"Community Celebration Support Fund"
2025,"Regenesis York","Local",1,19442.5,"FOR"
2025,"Regenesis York","Local",7,19442.5,"FOR"
2025,"Regenesis York","Local",1,19442.5,"FOR"
2025,"Regenesis York","Local",7,19442.5,"FOR"
2025,"Regent Park Film Festival","City Wide",13,42700,"TAC"
2025,"REGENT PARK FILM FESTIVAL","Local",13,42700,"TAC Operating - Visual and Media Arts"
2025,"REGINA D'CRUZ PSYCHOTHERAPY","Local",1,5000,"SBEC Core, Starter Company Plus & Summer Company"
2025,"Resident for Resident","Local",24,5000,"CCRF"
2025,"Residents Engagement - Action for Climate (RE- AC)","Local",15,7500,"NCAG"
2025,"Rexdale Community Health Centre","Local",1,197214.86,"CSP"
2025,"REXDALE COMMUNITY HEALTH CENTRE","Local",1,22500,"Community Celebration Support Fund"
2025,"Rexdale Community Health Centre & Think 2wice","Local",1,215694,"YVP"
2025,"Rexdale Community Hub","Local",1,365052.81,"CSP"
2025,"Rexdale Rising","Local",1,7175.29,"NCAG"
2025,"Rexdale Women's Centre","Local",1,126324.9,"CSP"
2025,"RHONDA LUCY","Local",10,5840,"TAC Project - Creative Communities"
2025,"RHONDA LUCY","Local",10,13700,"TAC Project - Indigenous Arts"
2025,"RHOZELAND MANIFESTO DESIGN INC.","Local",5,20000,"Main Street Recovery & Rebuild Initiative"
2025,"RICHARD B. PIERRE","Local",3,14500,"TAC Project - Visual and Media Arts"
2025,"RICHARD DANG","Local",18,15000,"TAC Project - Visual and Media Arts"
2025,"RICHMOND NANTWI","Local",21,10000,"TAC Project - Music"
2025,"RIPPAH CHILI OIL","Local",9,5000,"SBEC Core, Starter Company Plus & Summer Company"
2025,"RISE","City Wide",25,21000,"YCISI"
2025,"RISE Arts and Community Services","Local",25,40000,"BMFF"
2025,"Rise In STEM","Local",10,40000,"BMFF"
2025,"Riverdale Immigrant Women Enterprises","City Wide",14,8000,"TAC"
2025,"RIVERDALE IMMIGRANT WOMEN ENTERPRISES","Local",14,8000,"TAC Project - Visual and Media Arts"
2025,"Riverdale Library Gardeners","Local",14,4900,"PTCG"
2025,"RIVERSIDE BIA","Local",14,25000,"Main Street Recovery & Rebuild Initiative"
2025,"RIVERSIDE BIA","Local",14,4611.25,"Special Events Stabilization Initiative"
2025,"RIVERSIDE BIA","Local",14,12000,"Cultural Festivals Funding Program"
2025,"RIVERSIDE BIA","Local",14,1e+05,"Transit Construction Mitigation Fund"
2025,"RIVERSIDE BIA","Local",14,17531.25,"Community Celebration Support Fund"
2025,"RIVERSIDE BIA","Local",14,201639.25,"Economic Development Services Directed Grants"
2025,"Rivertowne Healing Group","Neighbourhood",16,5000,"CCRF"
2025,"RIZO RADIANCE LTD.","Local",10,5000,"SBEC Core, Starter Company Plus & Summer Company"
2025,"ROBERT LEE","Local",19,4000,"TAC Project - Music"
2025,"ROBERT MENTOV","Local",10,15000,"TAC Project - Visual and Media Arts"
2025,"ROBLE ISSA","Local",7,11250,"TAC Project - Black Arts"
2025,"Rock Bottom Movement Dance Company","City Wide",14,11000,"TAC"
2025,"ROCK BOTTOM MOVEMENT DANCE COMPANY","Local",14,11000,"TAC Project - Dance"
2025,"RODNEY DIVERLUS","Local",10,12600,"TAC Project - Black Arts"
2025,"RODNEY DIVERLUS","Local",10,8000,"TAC Project - Dance"
2025,"ROGERS ROAD BIA","Local",5,12675,"Community Celebration Support Fund"
2025,"ROGERS ROAD BIA","Local",5,31250,"BIA Capacity Development Grant"
2025,"RONALD SIU","Local",14,10000,"TAC Project - Visual and Media Arts"
2025,"RONCESVALLES VILLAGE BIA","Local",4,30000,"Special Events Stabilization Initiative"
2025,"RONCESVALLES VILLAGE BIA","Local",4,15000,"Cultural Festivals Funding Program"
2025,"RONCESVALLES VILLAGE BIA","Local",4,12500,"Community Celebration Support Fund"
2025,"RONCESVALLES VILLAGE BIA","Local",4,2000,"BIA Capacity Development Grant"
2025,"RONCY PACKS","Local",4,5000,"SBEC Core, Starter Company Plus & Summer Company"
2025,"Roots of Wisdom","Local",7,5000,"PTCG"
2025,"ROSEDALE MAINSTREET BIA","Local",12,2240.84,"Special Events Stabilization Initiative"
2025,"ROSEDALE MAINSTREET BIA","Local",12,16875,"Community Celebration Support Fund"
2025,"Roseneath Theatre","City Wide",9,74825,"TAC"
2025,"ROSENEATH THEATRE","Local",9,74825,"TAC Operating - Theatre"
2025,"ROSY ZHANG","Local",17,17662.5,"TAC Project - Animating"
2025,"ROTARY CLUB OF SCARBOROUGH","Local",25,34000,"Special Events Stabilization Initiative"
2025,"ROYALTY HELPING HANDS","Neighbourhood",7,5000,"CCRF"
2025,"RUMI JERAJ","Local",13,8000,"TAC Project - Dance"
2025,"Rwandan Canadian Healing Centre","City Wide",13,35000,"BMFF"
2025,"RYAN FERKO","Local",11,15000,"TAC Project - Visual and Media Arts"
2025,"RYAN VAN DER HOUT","Local",4,16000,"TAC Project - Animating"
2025,"RYAN VAN DER HOUT","Local",4,10000,"TAC Project - Visual and Media Arts"
2025,"S A U E R","Local",3,5000,"TAC Project - Music"
2025,"S. Thomas More C.S. EcoTeam","Local",24,4340,"PTCG"
2025,"S.M. TURRELL","Local",4,10000,"TAC Project - Indigenous Arts"
2025,"Saawan Collective","City Wide",7,11250,"TAC"
2025,"SAAWAN COLLECTIVE","Local",7,11250,"TAC Project - Theatre"
2025,"SABRINA STUART SMITH","Local",20,5000,"TAC Project - Literary"
2025,"Sacred Earth Guardians","Neighbourhood",14,17000,"INI"
2025,"SADIEL GOMEZ","Local",11,7500,"TAC Project - Visual and Media Arts"
2025,"Safe Place","City Wide",15,40000,"BMFF"
2025,"Safe Space","Local",7,7499,"NCAG"
2025,"Safeword","City Wide",11,5250,"TAC"
2025,"SAFEWORD","Local",11,5250,"TAC Project - Theatre"
2025,"SAGAL DUALE","Local",24,8756,"TAC Project - Black Arts"
2025,"Salmon Project","City Wide",14,15000,"TAC"
2025,"SALMON PROJECT","Local",14,15000,"TAC Project - Theatre"
2025,"Salon Du Livre De Toronto","City Wide",11,20000,"TAC"
2025,"SALON DU LIVRE DE TORONTO","Local",11,20000,"TAC Operating - Literary"
2025,"SAMA MOUSAVI","Local",12,5000,"TAC Project - Theatre"
2025,"SAMAN SHAHI","Local",13,2400,"TAC Project - Music"
2025,"San Romanoway Revitalization Association","Local",7,35000,"BMFF"
2025,"San Romanoway Revitalization Association","Local",7,116470.22,"CSP"
2025,"SANGMIN LEE","Local",13,10000,"TAC Project - Visual and Media Arts"
2025,"SANKOFA SQUARE","Local",13,15000,"Film and Creative Industries Directed Grants"
2025,"SARA SABBAGH","Local",11,15000,"TAC Project - Visual and Media Arts"
2025,"SARAH ZANCHETTA","Local",4,18300,"TAC Project - Animating"
2025,"SARAH ZANCHETTA","Local",4,10000,"TAC Project - Visual and Media Arts"
2025,"SARRA MALEK","Local",10,15000,"TAC Project - Literary"
2025,"SASHA L HENRY","Local",1,3950,"TAC Project - Music"
2025,"Savac","City Wide",10,60100,"TAC"
2025,"SAVAC","Local",10,60100,"TAC Operating - Visual and Media Arts"
2025,"Scadding Court Community Centre","Local",10,12750,"TAC"
2025,"SCADDING COURT COMMUNITY CENTRE","Local",10,10000,"Business Incubation & Commercialization Grant"
2025,"SCADDING COURT COMMUNITY CENTRE","Local",10,12750,"TAC Project - Creative Communities"
2025,"Scadding Court Community Centre Incorporated","Neighbourhood",10,223713.44,"CSP"
2025,"SCARB PAN-ASIAN RESIDENTS COLLECTIVE","Local",23,2330,"TAC Project - Art Reach"
2025,"Scarborough Arts","Local",20,317750,"LASO"
2025,"SCARBOROUGH ARTS","Local",20,25000,"Main Street Recovery & Rebuild Initiative"
2025,"SCARBOROUGH ARTS","Local",20,36000,"Community Celebration Support Fund"
2025,"SCARBOROUGH ARTS","Local",20,420250,"Local Arts Service Organizations"
2025,"SCARBOROUGH ARTS","Local",20,11000,"Cultural Hotspot"
2025,"Scarborough Centre for Healthy Communities","Local",24,1294921.81,"AASSP"
2025,"Scarborough Centre for Healthy Communities","Local",24,237288.73,"CSP"
2025,"Scarborough Centre for Healthy Communities","Local",24,215694,"YVP"
2025,"Scarborough Environmental Asc","Local",21,3722.5,"NCAG"
2025,"Scarborough Environmental Asc","Local",24,3722.5,"NCAG"
2025,"SCARBOROUGH FOOD SECURITY INITIATIVE","Local",20,115000,"Business Incubation & Commercialization Grant"
2025,"Scarborough Philharmonic Orchestra","Local",21,23575,"TAC"
2025,"SCARBOROUGH PHILHARMONIC ORCHESTRA","Local",21,10000,"Creative Industries Grant"
2025,"SCARBOROUGH PHILHARMONIC ORCHESTRA","Local",21,23575,"TAC Operating - Community Music Making"
2025,"Scarborough Rising Green","Local",19,3650,"NCAG"
2025,"Scarborough Rising Green","Local",20,3650,"NCAG"
2025,"Scarborough Women's Centre","Neighbourhood",24,46770.47,"CSP"
2025,"Scarbrite","Local",25,15000,"TAC"
2025,"SCARBRITE","Local",25,15000,"TAC Project - Art Reach"
2025,"SCARLETT JODHA","Local",20,5000,"TAC Project - Theatre"
2025,"Scarlettwood Warriors for Change","Local",2,7500,"NCAG"
2025,"School Advisory Council of Seventh Street Junior School","Neighbourhood",3,4413.25,"CCRF"
2025,"SCOTT MISSION, THE","Local",11,87218.94,"HPP"
2025,"SCREEN COMPOSERS GUILD OF CANADA","Local",16,1000,"Creative Industries Grant"
2025,"Seagull 1 Seagull 2","City Wide",1,8750,"TAC"
2025,"SEAGULL 1 SEAGULL 2","Local",1,8750,"TAC Project - Theatre"
2025,"SEAN WEISGERBER","Local",12,10000,"TAC Project - Visual and Media Arts"
2025,"Seaton Village Green Neighbours","Local",11,3660,"NCAG"
2025,"SEDINA FIATI","Local",10,5000,"TAC Project - Theatre"
2025,"Seeking The Fruits Of Our Labor","Neighbourhood",8,4700,"CCRF"
2025,"SEGUN CAEZAR","Local",13,22500,"TAC Project - Animating"
2025,"Seneca Polytechnic","Local",17,6300,"FOR"
2025,"Seneca Polytechnic","Local",17,6300,"FOR"
2025,"Senior Persons Living Connected","Local",22,126847.7,"CSP"
2025,"Senior Tamils' Centre of Ontario","City Wide",23,75771.44,"CSP"
2025,"SERVE","Local",13,15000,"TAC Project - Visual and Media Arts"
2025,"Settlement Assistance and Family Support Services (SAFSS)","Local",24,66913.14,"CSP"
2025,"SEW-RITE STUDIO INC.","Local",9,5000,"SBEC Core, Starter Company Plus & Summer Company"
2025,"SEYED HONEY HOSEINY MOGHADDAM","Local",18,15000,"TAC Project - Newcomer and Refugee"
2025,"Shadowland Theatre","Local",10,24000,"TAC"
2025,"Shadowland Theatre","Local",10,22500,"TAC"
2025,"SHADOWLAND THEATRE","Local",10,24000,"TAC Operating - Creative Communities"
2025,"SHADOWLAND THEATRE","Local",10,22500,"TAC Project - Animating"
2025,"SHAGHAYEGH BAGHERI","Local",8,15000,"TAC Project - Newcomer and Refugee"
2025,"SHAHANA RAJANI","Local",9,15000,"TAC Project - Newcomer and Refugee"
2025,"Shakespeare In The Ruff","City Wide",14,20000,"TAC"
2025,"SHAKESPEARE IN THE RUFF","Local",14,20000,"TAC Operating - Theatre"
2025,"SHALON WEBBER-HEFFERNAN","Local",4,22500,"TAC Project - Animating"
2025,"SHALON WEBBER-HEFFERNAN","Local",4,12000,"TAC Project - Visual and Media Arts"
2025,"SHANDINA EMPIRE INC.","Local",19,5000,"SBEC Core, Starter Company Plus & Summer Company"
2025,"SHANTIA ZAKERAMELI RENANI","Local",13,15000,"TAC Project - Newcomer and Refugee"
2025,"SHARON LEWIS","Local",14,7900,"TAC Project - Black Arts"
2025,"Shawish Market Inc","City Wide",3,9000,"TAC"
2025,"SHAWISH MARKET INC.","Local",3,9000,"TAC Project - Indigenous Arts"
2025,"SHEA GREEN COMPANY","Local",11,5000,"SBEC Core, Starter Company Plus & Summer Company"
2025,"Sheeep Collective","City Wide",9,22400,"TAC"
2025,"SHEEEP COLLECTIVE","Local",9,22400,"TAC Project - Animating"
2025,"SHELBY'S COOKIE CO.","Local",8,5000,"SBEC Core, Starter Company Plus & Summer Company"
2025,"SHEPPARD EAST VILLAGE BIA","Local",23,42415.66,"Main Street Recovery & Rebuild Initiative"
2025,"SHERBOURNE HEALTH CENTRE","Local",13,25300.32,"HPP"
2025,"SHERVIN KERMANI","Local",1,15000,"TAC Project - Visual and Media Arts"
2025,"SHIRIN FATHI","Local",15,10000,"TAC Project - Visual and Media Arts"
2025,"Shkaabe Makwa (Centre for Addiction and Mental Health - CAMH)","Local",10,19000,"ICAG"
2025,"SHUCHI DAMANI","Local",13,15000,"TAC Project - Newcomer and Refugee"
2025,"SHYAM SELVADURAI","Local",12,10000,"TAC Project - Literary"
2025,"SHYLA GRAY","Local",11,10000,"TAC Project - Music"
2025,"Sick Muse Art Projects","City Wide",9,13000,"TAC"
2025,"SICK MUSE ARTS PROJECTS","Local",9,1235.9,"Special Events Stabilization Initiative"
2025,"SICK MUSE ARTS PROJECTS","Local",9,18000,"Cultural Festivals Funding Program"
2025,"SICK MUSE ARTS PROJECTS","Local",9,13000,"TAC Project - Creative Communities"
2025,"Silent Voice Canada Inc.","City Wide",12,40537.93,"CSP"
2025,"Silver Springs Public School","Local",22,1000,"YCAG"
2025,"Silverthorn Community School","Local",5,1000,"YCAG"
2025,"SIMON HOWARD SHIM SUTCLIFFE","Local",14,14500,"TAC Project - Visual and Media Arts"
2025,"SIMON PALUCK","Local",13,15000,"TAC Project - Visual and Media Arts"
2025,"SIN TUNG NG","Local",18,15000,"TAC Project - Newcomer and Refugee"
2025,"Sinfonia Toronto","City Wide",17,12350,"TAC"
2025,"SINFONIA TORONTO","Local",17,12350,"TAC Operating - Music"
2025,"Sir Ernest MacMillan Senior Public School","Local",22,1000,"YCAG"
2025,"Sistema Toronto Academy","Local",4,7000,"TAC"
2025,"SISTEMA TORONTO ACADEMY","Local",4,7000,"TAC Project - Creative Communities"
2025,"Sisters in Solidarity","Local",10,8900,"ICAG"
2025,"SLOWMAKING MEDIA INC.","Local",18,5000,"SBEC Core, Starter Company Plus & Summer Company"
2025,"Small World Music Society","City Wide",10,94000,"TAC"
2025,"SMALL WORLD MUSIC SOCIETY","Local",10,40000,"Community Celebration Support Fund"
2025,"SMALL WORLD MUSIC SOCIETY","Local",10,20000,"Business Incubation & Commercialization Grant"
2025,"SMALL WORLD MUSIC SOCIETY","Local",10,7500,"Creative Industries Grant"
2025,"SMALL WORLD MUSIC SOCIETY","Local",10,94000,"TAC Operating - Music"
2025,"SMOKE & TEARS CORP.","Local",13,5000,"SBEC Core, Starter Company Plus & Summer Company"
2025,"SOCIETY OF PHILIPPINE ARTISTS, RECREATION AND COMMUNITY","Local",8,34000,"Special Events Stabilization Initiative"
2025,"Society of Sharing: Inner-City Volunteers","Local",13,20976.8,"CSP"
2025,"SOFIA BERGER","Local",4,10000,"TAC Project - Visual and Media Arts"
2025,"SOFT DOUGH CO. BAKERY LTD.","Local",10,5000,"SBEC Core, Starter Company Plus & Summer Company"
2025,"Somali Canadian Association of Etobicoke","Local",1,30363.8,"CSP"
2025,"Somali Women's and Children's Support Network","City Wide",1,52832.65,"CSP"
2025,"Somali Women's and Children's Support Network","Local",1,35000,"BMFF"
2025,"SOPHIE DUMESNY","Local",4,15000,"TAC Project - Newcomer and Refugee"
2025,"SOS Program","Local",24,5000,"CCRF"
2025,"SOUL MADE PATISSERIE & CAFE INC.","Local",18,5000,"SBEC Core, Starter Company Plus & Summer Company"
2025,"Soulpepper","City Wide",10,10500,"YCISI"
2025,"Soulpepper Theatre Company","City Wide",10,461000,"TAC"
2025,"SOULPEPPER THEATRE COMPANY","Local",10,10500,"Youth Cultural Incubators Stabilization Initiative"
2025,"SOULPEPPER THEATRE COMPANY","Local",10,461000,"TAC Large Institutions"
2025,"Soundcheck Youth Arts Inc.","City Wide",8,55000,"TAC"
2025,"Soundcheck Youth Arts Inc.","City Wide",8,29375,"TAC"
2025,"SOUNDCHECK YOUTH ARTS INC.","Local",8,29375,"TAC Operating - Black Arts"
2025,"SOUNDCHECK YOUTH ARTS INC.","Local",8,55000,"TAC Project - Innovation and Capacity Building"
2025,"SoundStock Academy","City Wide",13,53000,"YCISI"
2025,"Soundstreams","City Wide",13,95000,"TAC"
2025,"SOUNDSTREAMS","Local",13,95000,"TAC Operating - Music"
2025,"SOUTH ACSA - AGINCOURT COMMUNITY SER","Local",24,58430.74,"HPP"
2025,"South Asian Women's Centre","City Wide",9,113806.94,"CSP"
2025,"South Parkdale Community Pollinator Gardens Group","Local",4,5000,"PTCG"
2025,"South Riverdale Community Health Centre","Local",14,124057.45,"CSP"
2025,"Southern Currents Film & Video Collective","City Wide",9,24000,"TAC"
2025,"SOUTHERN CURRENTS FILM & VIDEO COLLECTIVE","Local",9,24000,"TAC Operating - Visual and Media Arts"
2025,"Sparc (Scarb Pan-Asian Residents Collective)","Local",23,2330,"TAC"
2025,"SPEECH ALLY INC.","Local",17,5000,"SBEC Core, Starter Company Plus & Summer Company"
2025,"SPIN EL POETA","Local",18,10000,"TAC Project - Literary"
2025,"Spirit of Caribbean Arts","Local",24,5000,"CHS"
2025,"Spirit Of Caribbean Arts Inc.","Local",23,15000,"TAC"
2025,"SPIRIT OF CARIBBEAN ARTS INC.","Local",23,5000,"Cultural Hotspot"
2025,"SPIRIT OF CARIBBEAN ARTS INC.","Local",23,15000,"TAC Project - Black Arts"
2025,"SPRINT Senior Care (SPRINT - Senior People's Resources Toronto)","Local",12,125232.29,"CSP"
2025,"Spy Collective","Local",9,18300,"TAC"
2025,"SPY COLLECTIVE","Local",9,18300,"TAC Project - Animating"
2025,"SQA LEADERS INC.","Local",21,5000,"SBEC Core, Starter Company Plus & Summer Company"
2025,"St Brigid Catholic School","Local",19,912,"YCAG"
2025,"ST CLAIR GARDENS BIA","Local",9,48054.2,"BIA Capacity Development Grant"
2025,"ST JOHN THE COMPASSIONATE MISS","Local",14,39441.48,"HPP"
2025,"St Margaret New Toronto","Local",3,5000,"CCRF"
2025,"St. Alban's Boys and Girls Club","Local",11,251521.93,"CSP"
2025,"St. Benedict Catholic School","Local",1,1000,"YCAG"
2025,"St. Clair O'Connor Community Inc.","Neighbourhood",19,23273.62,"CSP"
2025,"St. Dorothy Catholic School","Local",1,1000,"YCAG"
2025,"St. Dorothy Catholic School","Local",1,1000,"YCAG"
2025,"St. Fidelis Golden Age Club","Local",5,25000,"TCDI"
2025,"St. Jamestown Youth United","Local",13,5000,"CCRF"
2025,"St. Joachim Catholic School","Local",20,1000,"YCAG"
2025,"St. Josephs College School","Local",11,1000,"YCAG"
2025,"St. Josephs College School","Local",11,1000,"YCAG"
2025,"St. Joseph's College School","Local",11,1000,"YCAG"
2025,"St. Joseph's College School","Local",11,1000,"YCAG"
2025,"St. Margaret Catholic School","Local",8,900,"YCAG"
2025,"St. Margaret Catholic School","Local",8,1000,"YCAG"
2025,"St. Matthew's Bracondale House","Neighbourhood",12,62583.84,"CSP"
2025,"St. Paschal Baylon School","Local",18,1000,"YCAG"
2025,"ST. PATRICK'S PARADE SOCIETY","Local",11,17046.75,"Special Events Stabilization Initiative"
2025,"ST. PATRICK'S PARADE SOCIETY","Local",11,20000,"Strategic Policy and Management Services  Event Sponsorships"
2025,"St.Jamestown Youth United","Neighbourhood",13,5000,"CCRF"
2025,"St.Timothy Catholic School","Local",17,1000,"YCAG"
2025,"STAC(S) INC.","Local",10,5000,"SBEC Core, Starter Company Plus & Summer Company"
2025,"STACKT PROPERTIES LP","Local",11,17027,"Main Street Recovery & Rebuild Initiative"
2025,"STARTUP FASHION WEEK","Local",10,10000,"Business Incubation & Commercialization Grant"
2025,"Stay Golden","City Wide",17,53000,"YCISI"
2025,"Stay Golden","City Wide",23,25000,"TAC"
2025,"Stay Golden","City Wide",23,6400,"TAC"
2025,"STAY GOLDEN","Local",23,6400,"TAC Project - Creative Communities"
2025,"STAY GOLDEN","Local",23,25000,"TAC Project - Innovation and Capacity Building"
2025,"STEADFAST BREWING COMPANY INC.","Local",9,4011.5,"CaféTO Grant"
2025,"STEPH HARKNESS","Local",14,15000,"TAC Project - Dance"
2025,"Steps Public Art","Local",10,24541,"TAC"
2025,"STEPS PUBLIC ART","Local",10,24541,"TAC Project - Animating"
2025,"STEVEN SCHMID","Local",12,10000,"TAC Project - Visual and Media Arts"
2025,"STIM MIE INC.","Local",12,5000,"SBEC Core, Starter Company Plus & Summer Company"
2025,"Stolen From Africa","Local",22,35000,"BMFF"
2025,"Stonegate Community Association","Local",3,113654.21,"CSP"
2025,"STOP COMMUNITY FOOD CENTRE, TH","Local",12,94950.12,"HPP"
2025,"Story Planet","Local",11,16850,"TAC"
2025,"STORY PLANET","Local",11,16850,"TAC Project - Animating"
2025,"STRATEGIC REGIONAL RESEARCH ALLIANCE","Local",11,61056,"Economic Development Services Directed Grants"
2025,"Street Dance Fest To","City Wide",4,25000,"TAC"
2025,"STREET DANCE FEST TO","Local",4,25000,"TAC Project - Innovation and Capacity Building"
2025,"Street Joint Dance Collective","City Wide",5,5000,"TAC"
2025,"STREET JOINT DANCE COLLECTIVE","Local",5,5000,"TAC Project - Dance"
2025,"Street Voices","City Wide",11,40000,"BMFF"
2025,"Street Voices","City Wide",11,15000,"TAC"
2025,"Street Voices","City Wide",11,11000,"TAC"
2025,"Street Voices","Local",11,60000,"TAC"
2025,"STREET VOICES","Local",11,11000,"TAC Project - Creative Communities"
2025,"STREET VOICES","Local",11,75000,"TAC Project - Innovation and Capacity Building"
2025,"Stressless Strollers","Neighbourhood",18,5000,"CCRF"
2025,"Studio 180 Theatre","City Wide",11,20000,"TAC"
2025,"STUDIO 180 THEATRE","Local",11,20000,"TAC Operating - Theatre"
2025,"STUDIO FLUX INC.","Local",13,5000,"SBEC Core, Starter Company Plus & Summer Company"
2025,"STUSH FOODS INC.","Local",5,5000,"SBEC Core, Starter Company Plus & Summer Company"
2025,"SUBHANYA SIVAJOTHY","Local",13,5000,"TAC Project - Literary"
2025,"SUKAINA KUBBA","Local",9,10000,"TAC Project - Visual and Media Arts"
2025,"Summerworks Performance Festival","City Wide",10,15900,"TAC"
2025,"Summerworks Performance Festival","Local",10,58000,"TAC"
2025,"SUMMERWORKS PERFORMANCE FESTIVAL","Local",10,58000,"TAC Operating - Theatre"
2025,"SUMMERWORKS PERFORMANCE FESTIVAL","Local",10,15900,"TAC Project - Innovation and Capacity Building"
2025,"SUNNY DRAKE","Local",9,10000,"TAC Project - Theatre"
2025,"Sunshine Centres for Seniors","City Wide",11,110289.15,"CSP"
2025,"Support Enhance Access Services Centre (S.E.A.S. Centre)","Local",13,105682.91,"CSP"
2025,"SUSAN BLIGHT","Local",9,6000,"TAC Project - Visual and Media Arts"
2025,"SUSANNA FOURNIER","Local",9,10000,"TAC Project - Theatre"
2025,"SUZANNE LISKA","Local",9,14000,"TAC Project - Dance"
2025,"Swahili Cultural Center","Neighbourhood",7,17000,"INI"
2025,"SYLPHIA CONSULTING INC.","Local",10,5000,"SBEC Core, Starter Company Plus & Summer Company"
2025,"Syme Woolner Neighbourhood and Family Centre (SWNFC)","Neighbourhood",5,136293.42,"CSP"
2025,"SYME-WOOLNER NEIGHBOURHOOD &","Local",5,78122.76,"HPP"
2025,"SYRUS MARCUS WARE","Local",10,16450,"TAC Project - Black Arts"
2025,"Sze-Yang Lam","City Wide",9,12420,"TAC"
2025,"SZE-YANG LAM","Local",9,12420,"TAC Project - Dance"
2025,"T.O. Hustle Sessions","City Wide",17,8400,"TAC"
2025,"T.O. HUSTLE SESSIONS","Local",17,8400,"TAC Project - Dance"
2025,"TÃ©A MUTONJI","Local",10,10000,"TAC Project - Literary"
2025,"TABULE INC.","Local",12,4237.5,"CaféTO Grant"
2025,"TACOZ A PATA INC.","Local",6,5000,"SBEC Core, Starter Company Plus & Summer Company"
2025,"Tafelmusik","City Wide",11,180000,"TAC"
2025,"TAFELMUSIK","Local",11,180000,"TAC Operating - Music"
2025,"TAHSINE AL HASSANE","Local",14,10000,"TAC Project - Visual and Media Arts"
2025,"Taiaiako'n Historical Preservation Society","Local",13,14600,"ICAG"
2025,"TAIBU Community Health Centre","City Wide",23,20400,"INI"
2025,"TALIYAH'S LEGACY COUTURE","Local",19,5000,"SBEC Core, Starter Company Plus & Summer Company"
2025,"TAM PHAN","Local",14,10000,"TAC Project - Visual and Media Arts"
2025,"TAMIKO POTTS","Local",8,15000,"TAC Project - Visual and Media Arts"
2025,"Tamil Wellness Club","Neighbourhood",21,5000,"CCRF"
2025,"Tangled Art + Disability","City Wide",10,72000,"TAC"
2025,"TANGLED ART + DISABILITY","Local",10,72000,"TAC Operating - Creative Communities"
2025,"TANVEER ALAM","Local",11,11500,"TAC Project - Dance"
2025,"Tapestry Music Theatre","City Wide",11,90000,"TAC"
2025,"TAPESTRY MUSIC THEATRE","Local",11,90000,"TAC Operating - Music"
2025,"TARA HAKIM","Local",10,10000,"TAC Project - Visual and Media Arts"
2025,"TARA LORD","Local",8,3800,"TAC Project - Music"
2025,"TAREK GHRIRI","Local",14,4000,"TAC Project - Music"
2025,"Tarragon Theatre","City Wide",12,215500,"TAC"
2025,"TARRAGON THEATRE","Local",12,215500,"TAC Operating - Theatre"
2025,"TASTE OF BANGLADESH INC.","Local",24,31768.75,"Special Events Stabilization Initiative"
2025,"TASTE OF THE MIDDLE EAST FOUNDATION","Local",21,34000,"Special Events Stabilization Initiative"
2025,"TASTE OF THE MIDDLE EAST FOUNDATION","Local",21,22500,"Cultural Festivals Funding Program"
2025,"Tb West Community Services","City Wide",3,20000,"TAC"
2025,"TB WEST COMMUNITY SERVICES","Local",3,20000,"TAC Project - Newcomer and Refugee"
2025,"Tdot Batu Percussion Arts Group Inc.","City Wide",5,10000,"TAC"
2025,"TDOT BATU PERCUSSION ARTS GROUP INC.","Local",5,10000,"TAC Project - Music"
2025,"TDSBCREATES","Local",18,160000,"TAC Strategic Partnership"
2025,"TECH CANADA","Local",11,15000,"Business Incubation & Commercialization Grant"
2025,"TECH TORONTO","Local",11,5000,"Business Incubation & Commercialization Grant"
2025,"TENSEGRITY MANUAL THERAPY","Local",9,5000,"SBEC Core, Starter Company Plus & Summer Company"
2025,"TERESE MASON PIERRE","Local",12,10000,"TAC Project - Literary"
2025,"Terra Elysium Foundation","City Wide",20,5000,"CHS"
2025,"Terra Elysium Foundation","Local",20,9000,"CHS"
2025,"TERRA ELYSIUM FOUNDATION","Local",20,14000,"Cultural Hotspot"
2025,"TERRILL MAGUIRE","Local",12,15000,"TAC Project - Dance"
2025,"Tesoc Multicultural Settlement and Community Services","City Wide",21,47046.55,"CSP"
2025,"TESSA SHANK","Local",19,10000,"TAC Project - Indigenous Arts"
2025,"Texas7s","Neighbourhood",19,5000,"CCRF"
2025,"Textile Museum Of Canada","City Wide",10,73800,"TAC"
2025,"TEXTILE MUSEUM OF CANADA","Local",10,73800,"TAC Operating - Visual and Media Arts"
2025,"That Arts Group","City Wide",13,5000,"TAC"
2025,"THAT ARTS GROUP","Local",13,5000,"TAC Project - Music"
2025,"The African Centre for Refugees in Ontario Canada","City Wide",13,40000,"BMFF"
2025,"The Arab Community Centre of Toronto","City Wide",2,51041.02,"CSP"
2025,"The Arab Community Centre of Toronto","Local",2,78000,"LLG"
2025,"The Arab Community Centre of Toronto (trustee for Born Somali)","Local",24,9900,"CHS"
2025,"THE ART CONSERVATORY INC.","Local",5,5000,"SBEC Core, Starter Company Plus & Summer Company"
2025,"THE ART MUSEUM AT THE UNIVERSITY OF TORONTO","Local",11,3500,"Museum and Heritage Services Directed Grants"
2025,"THE ART MUSEUM AT THE UNIVERSITY OF TORONTO","Local",11,30000,"TAC Operating - Visual and Media Arts"
2025,"The BAND Bloom Bunch","Local",4,4790,"PTCG"
2025,"THE BATA SHOE MUSEUM","Local",11,21000,"Community Celebration Support Fund"
2025,"The Beacon Project (Youth-led)","Neighbourhood",8,5000,"CCRF"
2025,"THE BENTWAY CONSERVANCY","Local",10,25000,"Main Street Recovery & Rebuild Initiative"
2025,"THE BENTWAY CONSERVANCY","Local",10,38921.04,"Special Events Stabilization Initiative"
2025,"THE BENTWAY CONSERVANCY","Local",10,2e+05,"Cultural Organization Operating Partnership"
2025,"THE BENUE INC.","Local",12,5000,"SBEC Core, Starter Company Plus & Summer Company"
2025,"The Blackstone Foundation Library","City Wide",22,40000,"BMFF"
2025,"The Cabbagetown Community Arts Centre","City Wide",13,40000,"TAC"
2025,"THE CABBAGETOWN COMMUNITY ARTS CENTRE","Local",13,40000,"TAC Operating - Creative Communities"
2025,"The Centre for Spanish-Speaking Peoples","City Wide",6,80094.87,"CSP"
2025,"The Children'S Bookbank And Literacy Foundation","Local",13,8000,"TAC"
2025,"THE CHILDREN'S BOOKBANK AND LITERACY FOUNDATION","Local",13,8000,"TAC Project - Literary"
2025,"The Chimera Project Dance Theatre","City Wide",19,15000,"TAC"
2025,"THE CHIMERA PROJECT DANCE THEATRE","Local",19,15000,"TAC Operating - Dance"
2025,"THE COUNCIL FOR BUSINESS FOR THE ARTS IN CANADA","Local",10,80000,"Arts and Culture Services Directed Grants"
2025,"THE CREATIVE CHILD INC.","Local",12,5000,"SBEC Core, Starter Company Plus & Summer Company"
2025,"The Cross-Cultural Community Services Association (TCCSA)","City Wide",11,34405.25,"CSP"
2025,"The Dance Umbrella Of Ontario","City Wide",13,47000,"TAC"
2025,"THE DANCE UMBRELLA OF ONTARIO","Local",13,47000,"TAC Operating - Dance"
2025,"The D'Arcy Gardeners","Local",12,3186.95,"PTCG"
2025,"The Digital Healing Studio","Local",1,8496.29,"INI"
2025,"The Digital Healing Studio","Local",5,8496.29,"INI"
2025,"The Disability Collective","City Wide",14,50000,"TAC"
2025,"The Disability Collective","City Wide",14,20000,"TAC"
2025,"The Disability Collective","Local",14,20000,"TAC"
2025,"THE DISABILITY COLLECTIVE","Local",11,4162.5,"Special Events Stabilization Initiative"
2025,"THE DISABILITY COLLECTIVE","Local",11,18000,"Cultural Festivals Funding Program"
2025,"THE DISABILITY COLLECTIVE","Local",14,70000,"TAC Project - Innovation and Capacity Building"
2025,"THE DISABILITY COLLECTIVE","Local",14,20000,"TAC Project - Theatre"
2025,"The Elmer Iseler Singers","City Wide",15,25159,"TAC"
2025,"THE ELMER ISELER SINGERS","Local",15,25159,"TAC Operating - Music"
2025,"The Empress Walk Initiative","City Wide",8,40000,"BMFF"
2025,"The Esprit Orchestra","City Wide",10,24083,"TAC"
2025,"THE ESPRIT ORCHESTRA","Local",10,24083,"TAC Operating - Music"
2025,"THE FEDERATION OF BLACK CANADIANS","Local",10,9900,"Cultural Hotspot"
2025,"The Fire And Rescue Team","Local",10,20000,"TAC"
2025,"THE FIRE AND RESCUE TEAM","Local",10,20000,"TAC Project - Innovation and Capacity Building"
2025,"THE FIREHOOD INC.","Local",10,40000,"Business Incubation & Commercialization Grant"
2025,"The First Portuguese Canadian Cultural Centre","Local",9,17516.9,"CSP"
2025,"The Freesound Series","City Wide",9,8000,"TAC"
2025,"THE FREESOUND SERIES","Local",9,8000,"TAC Project - Music"
2025,"The Fringe Of Toronto Theatre Festival","City Wide",14,85787,"TAC"
2025,"THE FRINGE OF TORONTO THEATRE FESTIVAL","Local",14,15882.75,"Special Events Stabilization Initiative"
2025,"THE FRINGE OF TORONTO THEATRE FESTIVAL","Local",14,85787,"TAC Operating - Theatre"
2025,"THE FUZZY SPROUT INC.","Local",15,5000,"SBEC Core, Starter Company Plus & Summer Company"
2025,"The Gatehouse Child Abuse Investigation & Support Site","City Wide",3,30363.8,"CSP"
2025,"The George R. Gardiner Museum Of Ceramic Art","City Wide",11,140000,"TAC"
2025,"THE GEORGE R. GARDINER MUSEUM OF CERAMIC ART","Local",11,140000,"TAC Large Institutions"
2025,"The George S. Seniors’ Centre of York","Neighbourhood",5,115022.91,"CSP"
2025,"The Good Swap","Local",10,2000,"NCAG"
2025,"The Good Swap","Local",13,2000,"NCAG"
2025,"The Good Swap","Local",4,2000,"NCAG"
2025,"THE GOVERNING COUNCIL OF THE UNIVERSITY OF TORONTO","Local",11,37150,"Business Incubation & Commercialization Grant"
2025,"THE GOVERNING COUNCIL OF THE UNIVERSITY OF TORONTO","Local",25,20000,"Business Incubation & Commercialization Grant"
2025,"THE GREATER TORONTO KURDISH HOUSE","Local",17,4908.75,"Special Events Stabilization Initiative"
2025,"The Greenprint Network","Local",7,22000,"CHS"
2025,"The Greenprint Network","Local",7,19959,"TAC"
2025,"THE GREENPRINT NETWORK","Local",7,22000,"Cultural Hotspot"
2025,"THE GREENPRINT NETWORK","Local",7,19959,"TAC Project - Art Reach"
2025,"The Hannaford Street Silver Band","City Wide",14,26600,"TAC"
2025,"THE HANNAFORD STREET SILVER BAND","Local",14,26600,"TAC Operating - Music"
2025,"The Happenstancers","City Wide",4,7500,"TAC"
2025,"THE HAPPENSTANCERS","Local",4,7500,"TAC Project - Music"
2025,"The Hispanic Council of Metropolitan Toronto (Hispanic Developoment Council)","City Wide",6,73004.69,"CSP"
2025,"The Howland Company","City Wide",9,13000,"TAC"
2025,"THE HOWLAND COMPANY","Local",9,13000,"TAC Project - Theatre"
2025,"The Inclusivity Institute for Better Data","City Wide",10,40000,"BMFF"
2025,"THE INPRINT COLLECTIVE INC.","Local",9,23397,"Community Celebration Support Fund"
2025,"The Joan and Martin Goldfarb Gallery of York University","Local",7,20000,"CHS"
2025,"THE JOAN AND MARTIN GOLDFARB GALLERY OF YORK UNIVERSITY","Local",7,20000,"Cultural Hotspot"
2025,"THE JOAN AND MARTIN GOLDFARB GALLERY OF YORK UNIVERSITY","Local",7,86000,"TAC Operating - Visual and Media Arts"
2025,"THE JOAN AND MARTIN GOLDFARB GALLERY OF YORK UNIVERSITY","Local",7,20000,"TAC Project - Animating"
2025,"The Joan And Martin Goldfarb Gallery Of York University (Formerly The Agyu)","City Wide",7,20000,"TAC"
2025,"The Joan And Martin Goldfarb Gallery Of York University (Formerly The Agyu)","Local",7,86000,"TAC"
2025,"THE KICKBACK FOUNDATION","Local",14,53000,"Youth Cultural Incubators Stabilization Initiative"
2025,"THE LISTENING PARTY","Local",13,1925,"Creative Industries Grant"
2025,"THE LOW CARB CORP.","Local",11,5000,"SBEC Core, Starter Company Plus & Summer Company"
2025,"The Melanin Takeover","Local",23,5000,"CCRF"
2025,"The Mexicans Folk Ballet","City Wide",8,8000,"TAC"
2025,"THE MEXICANS FOLK BALLET","Local",8,8000,"TAC Project - Creative Communities"
2025,"The Music Gallery","City Wide",11,96000,"TAC"
2025,"THE MUSIC GALLERY","Local",11,96000,"TAC Operating - Music"
2025,"The Musical Stage Company","City Wide",10,42500,"TAC"
2025,"THE MUSICAL STAGE COMPANY","Local",10,42500,"TAC Operating - Theatre"
2025,"The Nathaniel Dett Chorale","City Wide",16,25000,"TAC"
2025,"THE NATHANIEL DETT CHORALE","Local",16,25000,"TAC Operating - Black Arts"
2025,"The National Ballet Of Canada","City Wide",10,1390000,"TAC"
2025,"THE NATIONAL BALLET OF CANADA","Local",10,1390000,"TAC Large Institutions"
2025,"The Neighbourhood Group & St. Jamestown Youth United","Local",13,215694,"YVP"
2025,"THE NEIGHBOURHOOD GROUP COMMUNITY","Local",12,20000,"Cultural Hotspot"
2025,"The Neighbourhood Group Community Services","City Wide",13,50000,"CCRF"
2025,"The Neighbourhood Group Community Services","City Wide",13,75000,"CCRF"
2025,"The Neighbourhood Group Community Services","City Wide",13,30000,"CCRF"
2025,"The Neighbourhood Group Community Services","City Wide",13,40000,"CCRF"
2025,"The Neighbourhood Group Community Services","City Wide",13,10200,"INI"
2025,"The Neighbourhood Group Community Services","City Wide",13,18000,"INI"
2025,"The Neighbourhood Group Community Services","City Wide",13,2400,"INI"
2025,"The Neighbourhood Group Community Services","Local",13,804367.74,"CSP"
2025,"The Neighbourhood Group Community Services","Neighbourhood",13,60000,"LLG"
2025,"The Neighbourhood Group Community Services","Local",6,20000,"CHS"
2025,"The Neighbourhood Organization","Local",15,48000,"LLG"
2025,"THE ORIGINAL SANTA CLAUS PARADE","Local",5,85000,"Special Events Stabilization Initiative"
2025,"THE ORIGINAL SANTA CLAUS PARADE","Local",5,15000,"Strategic Policy and Management Services  Event Sponsorships"
2025,"The Power Plant Contemporary Art Gallery","City Wide",10,206000,"TAC"
2025,"THE POWER PLANT CONTEMPORARY ART GALLERY","Local",10,206000,"TAC Large Institutions"
2025,"The Public Clinic","City Wide",25,40000,"BMFF"
2025,"The Public Great","Local",9,10500,"TAC"
2025,"THE PUBLIC GREAT","Local",9,10500,"TAC Project - Creative Communities"
2025,"The Pucking Fuppet Co.","City Wide",12,11625,"TAC"
2025,"THE PUCKING FUPPET CO.","Local",12,11625,"TAC Project - Theatre"
2025,"The Purple Stage","City Wide",9,8000,"TAC"
2025,"THE PURPLE STAGE","Local",9,8000,"TAC Project - Creative Communities"
2025,"The Ramla Collective","City Wide",11,12750,"TAC"
2025,"THE RAMLA COLLECTIVE","Local",11,12750,"TAC Project - Theatre"
2025,"THE READING PARTNERSHIP","Local",24,22500,"Cultural Festivals Funding Program"
2025,"The Remix Project","City Wide",10,10500,"YCISI"
2025,"The Remix Project","City Wide",10,55000,"TAC"
2025,"THE REMIX PROJECT","Local",10,63500,"Youth Cultural Incubators Stabilization Initiative"
2025,"THE REMIX PROJECT","Local",10,20000,"Business Incubation & Commercialization Grant"
2025,"THE REMIX PROJECT","Local",10,25000,"Creative Industries Grant"
2025,"THE REMIX PROJECT","Local",10,55000,"TAC Operating - Creative Communities"
2025,"THE RE-SEASONING COALITION","Local",9,22513.27,"Economic Development Services Event Sponsorships"
2025,"The Rights Project","Local",4,4915.6,"CCRF"
2025,"The Rosewood Pollinator Garden Group","Local",23,1060,"PTCG"
2025,"The Royal Conservatory Of Music","City Wide",11,1e+05,"TAC"
2025,"THE ROYAL CONSERVATORY OF MUSIC","Local",11,1e+05,"TAC Operating - Music"
2025,"The Second Mile Club of Toronto","Local",11,89458.35,"CSP"
2025,"THE SIR WILLIAM CAMPBELL FOUNDATION","Local",10,140687.65,"Museum and Heritage Services Directed Grants"
2025,"The Sixth Sense Collective","Local",9,15000,"TAC"
2025,"THE SIXTH SENSE COLLECTIVE","Local",9,15000,"TAC Project - Art Reach"
2025,"The Smile Company - Theatrical Productions","City Wide",11,30750,"TAC"
2025,"THE SMILE COMPANY - THEATRICAL PRODUCTIONS","Local",11,30750,"TAC Operating - Theatre"
2025,"The St. Christopher House","Local",10,381124.67,"CSP"
2025,"THE STEPS INITIATIVE","Local",10,25000,"Main Street Recovery & Rebuild Initiative"
2025,"The Stop Community Food Centre","City Wide",9,36467.1,"CSP"
2025,"The Storytellers School Of Toronto","City Wide",12,38000,"TAC"
2025,"THE STORYTELLERS SCHOOL OF TORONTO","Local",12,38000,"TAC Operating - Literary"
2025,"The Tawoos Initiative","City Wide",13,6800,"TAC"
2025,"THE TAWOOS INITIATIVE","Local",13,2000,"Creative Industries Grant"
2025,"THE TAWOOS INITIATIVE","Local",13,3000,"Film and Creative Industries Event Sponsorships"
2025,"THE TAWOOS INITIATIVE","Local",13,6800,"TAC Project - Creative Communities"
2025,"The Teresa Group Child and Family Aid","City Wide",12,37947.39,"CSP"
2025,"The Theatre Centre","City Wide",9,160000,"TAC"
2025,"THE TORONTO BOARD OF TRADE","Local",10,50000,"SBEC Core, Starter Company Plus & Summer Company"
2025,"THE TORONTO BOARD OF TRADE","Local",10,31545.6,"Economic Development Services Event Sponsorships"
2025,"The Toronto Consort","City Wide",11,25650,"TAC"
2025,"THE TORONTO CONSORT","Local",11,25650,"TAC Operating - Music"
2025,"The Toronto International Festival Of Authors","City Wide",10,161000,"TAC"
2025,"THE TORONTO INTERNATIONAL FESTIVAL OF AUTHORS","Local",10,161000,"TAC Large Institutions"
2025,"The Tropicana Community Services Organization of Scarborough","City Wide",24,119681.17,"CSP"
2025,"THE VILLIJ WELLNESS INC.","Local",8,5000,"SBEC Core, Starter Company Plus & Summer Company"
2025,"The Watah Black Theatre/School","City Wide",9,15000,"TAC"
2025,"THE WATAH BLACK THEATRE/SCHOOL","Local",9,15000,"TAC Project - Theatre"
2025,"The Wexford Residence","Local",21,27179.97,"CSP"
2025,"The Word On The Street","City Wide",10,53500,"TAC"
2025,"THE WORD ON THE STREET","Local",11,22504.5,"Special Events Stabilization Initiative"
2025,"THE WORD ON THE STREET","Local",11,15000,"Arts and Culture Services Directed Grants"
2025,"THE WORD ON THE STREET","Local",10,53500,"TAC Operating - Literary"
2025,"THE YOUNGEST IN CHARGE","Local",23,5000,"SBEC Core, Starter Company Plus & Summer Company"
2025,"Theatre Artaud","City Wide",10,17000,"TAC"
2025,"THEATRE ARTAUD","Local",10,17000,"TAC Project - Theatre"
2025,"Theatre Direct Canada","City Wide",8,69000,"TAC"
2025,"THEATRE DIRECT CANADA","Local",8,69000,"TAC Operating - Theatre"
2025,"Theatre Gargantua","City Wide",9,20000,"TAC"
2025,"THEATRE GARGANTUA","Local",9,20000,"TAC Operating - Theatre"
2025,"THEATRE MAKING IMPACT","Local",12,17050,"TAC Project - Creative Communities"
2025,"Theatre Of The Beat Inc.","City Wide",19,9750,"TAC"
2025,"THEATRE OF THE BEAT INC.","Local",19,9750,"TAC Project - Theatre"
2025,"Theatre Passe Muraille","City Wide",10,70000,"TAC"
2025,"Theatre Passe Muraille","City Wide",10,179000,"TAC"
2025,"THEATRE PASSE MURAILLE","Local",10,179000,"TAC Operating - Theatre"
2025,"THEATRE PASSE MURAILLE","Local",10,70000,"TAC Project - Innovation and Capacity Building"
2025,"Theatre Rusticle","City Wide",9,10000,"TAC"
2025,"THEATRE RUSTICLE","Local",9,10000,"TAC Project - Theatre"
2025,"THEODORE WALKER ROBINSON","Local",10,19550,"TAC Project - Black Arts"
2025,"THEODORE WALKER ROBINSON","Local",13,15000,"TAC Project - Visual and Media Arts"
2025,"ThePitch.Toronto","Local",24,8500,"INI"
2025,"ThePitch.Toronto","Local",22,8500,"INI"
2025,"THERESA STEVENSON","Local",11,10000,"TAC Project - Indigenous Arts"
2025,"Third Shore Collective","Neighbourhood",13,14280,"INI"
2025,"Thorncliffe Park Urban Farmers","Local",15,3900,"PTCG"
2025,"Throbbing Rose Collective","Local",11,8000,"TAC"
2025,"THROBBING ROSE COLLECTIVE","Local",11,8000,"TAC Project - Visual and Media Arts"
2025,"TIE TORONTO","Local",10,20000,"Business Incubation & Commercialization Grant"
2025,"TIENDA MOVIL CANADA INC.","Local",19,5000,"SBEC Core, Starter Company Plus & Summer Company"
2025,"Tiger Princess Dance Projects Inc.","City Wide",9,43000,"TAC"
2025,"TIGER PRINCESS DANCE PROJECTS INC.","Local",9,43000,"TAC Operating - Dance"
2025,"TIMOTHY ISHERWOOD","Local",4,15000,"TAC Project - Visual and Media Arts"
2025,"TINA FUSHELL","Local",19,7500,"TAC Project - Dance"
2025,"Tirgan Centre For Art And Culture","City Wide",18,38000,"TAC"
2025,"TIRGAN CENTRE FOR ART AND CULTURE","Local",18,38000,"TAC Operating - Creative Communities"
2025,"Tlaf Collective","City Wide",13,7900,"TAC"
2025,"TLAF COLLECTIVE","Local",13,7900,"TAC Project - Visual and Media Arts"
2025,"Tmi: Theatre Making Impact","Local",12,17050,"TAC"
2025,"TNO – The Neighbourhood Organization","Local",15,10000,"CPP"
2025,"TNO-The Neighbourhood Organization","Local",15,573205.61,"CSP"
2025,"Toby'S Place","Local",20,10850,"TAC"
2025,"TOBY'S PLACE","Local",20,10850,"TAC Project - Art Reach"
2025,"TODO - TOR DESIGN OFFSITE FESTIVAL C/O DESIGNTO","Local",9,22500,"Cultural Festivals Funding Program"
2025,"Toes For Dance Inc.","City Wide",12,15000,"TAC"
2025,"Toes For Dance Inc.","Local",12,22500,"TAC"
2025,"TOES FOR DANCE INC.","Local",12,23692,"Cultural Festivals Funding Program"
2025,"TOES FOR DANCE INC.","Local",12,22500,"TAC Project - Animating"
2025,"TOES FOR DANCE INC.","Local",12,15000,"TAC Project - Dance"
2025,"Toffan Rhythm Projects","Local",13,7500,"TAC"
2025,"TOFFAN RHYTHM PROJECTS","Local",13,7500,"TAC Project - Dance"
2025,"TONALITY RECORDS INC.","Local",4,5000,"SBEC Core, Starter Company Plus & Summer Company"
2025,"Tones Meet (Youth-led)","Local",13,4995,"CCRF"
2025,"Toronto Aboriginal Support Services Council","City Wide",11,1490000,"IFF"
2025,"Toronto Aboriginal Support Services Council","City Wide",11,148505.91,"CSP"
2025,"Toronto Aboriginal Support Services Council","City Wide",11,2e+05,"CSP"
2025,"Toronto Aboriginal Support Services Council (TASSC)","City Wide",11,25000,"ILG"
2025,"Toronto Alliance For The Performing Arts","City Wide",11,80000,"TAC"
2025,"TORONTO ALLIANCE FOR THE PERFORMING ARTS","Local",11,80000,"TAC Operating - Theatre"
2025,"Toronto and Region Conservation Authority","Local",7,20000,"CPP"
2025,"Toronto and Region Conservation Authority","City Wide",7,24960.48,"FOR"
2025,"Toronto and Region Conservation Authority","City Wide",13,24960.48,"FOR"
2025,"Toronto and Region Conservation Authority","City Wide",14,24960.48,"FOR"
2025,"Toronto and Region Conservation Authority","City Wide",18,24960.48,"FOR"
2025,"Toronto and Region Conservation Authority","City Wide",7,24960.48,"FOR"
2025,"Toronto and Region Conservation Authority","City Wide",13,24960.48,"FOR"
2025,"Toronto and Region Conservation Authority","City Wide",14,24960.48,"FOR"
2025,"Toronto and Region Conservation Authority","City Wide",18,24960.48,"FOR"
2025,"Toronto Animated Image Society","City Wide",9,22000,"TAC"
2025,"TORONTO ANIMATED IMAGE SOCIETY","Local",9,22000,"TAC Operating - Visual and Media Arts"
2025,"TORONTO ANIMATION ARTS FESTIVAL INTERNATIONAL","Local",8,25440,"Creative Industries Grant"
2025,"TORONTO ANIMATION ARTS FESTIVAL INTERNATIONAL","Local",8,7000,"Film and Creative Industries Event Sponsorships"
2025,"Toronto Arab Film","City Wide",9,10000,"TAC"
2025,"TORONTO ARAB FILM","Local",9,10000,"TAC Project - Visual and Media Arts"
2025,"Toronto Arab Orchestra","City Wide",17,7400,"TAC"
2025,"TORONTO ARAB ORCHESTRA","Local",17,3000,"Creative Industries Grant"
2025,"TORONTO ARAB ORCHESTRA","Local",17,7400,"TAC Project - Music"
2025,"TORONTO ARTS COUNCIL","Local",10,2789290,"TAC - Administrative Fee"
2025,"TORONTO ASSOCIATION OF BUSINESS IMPROVEMENT AREAS","Local",10,25000,"Main Street Recovery & Rebuild Initiative"
2025,"TORONTO ASSOCIATION OF BUSINESS IMPROVEMENT AREAS","Local",10,366790.4,"BIA Capacity Development Grant"
2025,"TORONTO ASSOCIATION OF BUSINESS IMPROVEMENT AREAS","Local",10,250000,"Dining District Grant Program"
2025,"TORONTO ASSOCIATION OF BUSINESS IMPROVEMENT AREAS","Local",10,20352,"Economic Development Services Event Sponsorships"
2025,"Toronto Bach Festival","City Wide",14,7500,"TAC"
2025,"TORONTO BACH FESTIVAL","Local",14,7500,"TAC Project - Music"
2025,"TORONTO BIENNIAL OF ART","Local",9,180000,"Cultural Organization Operating Partnership"
2025,"Toronto Black Farmers","City Wide",14,11250,"TAC"
2025,"TORONTO BLACK FARMERS & FOOD GROWERS COLLECTIVE","Local",14,1e+05,"Transit Construction Mitigation Fund"
2025,"TORONTO BLACK FARMERS & FOOD GROWERS COLLECTIVE","Local",14,11250,"TAC Project - Black Arts"
2025,"Toronto Black Film Festival","City Wide",14,5000,"TAC"
2025,"TORONTO BLACK FILM FESTIVAL","Local",14,5000,"TAC Project - Visual and Media Arts"
2025,"Toronto Blues Society","City Wide",8,20000,"TAC"
2025,"TORONTO BLUES SOCIETY","Local",8,20000,"TAC Operating - Music"
2025,"TORONTO BOTANICAL GARDEN","Local",16,3000,"Creative Industries Grant"
2025,"Toronto Burlesque Festival","City Wide",12,20000,"TAC"
2025,"TORONTO BURLESQUE FESTIVAL","Local",12,20000,"TAC Project - Dance"
2025,"Toronto Centre for Community Learning & Development","City Wide",13,58513.01,"CSP"
2025,"Toronto Chamber Choir","City Wide",19,11000,"TAC"
2025,"TORONTO CHAMBER CHOIR","Local",19,11000,"TAC Operating - Community Music Making"
2025,"Toronto Children'S Chorus","City Wide",12,45000,"TAC"
2025,"TORONTO CHILDREN'S CHORUS","Local",12,45000,"TAC Operating - Music"
2025,"TORONTO CHINATOWN LAND TRUST","Local",11,49980.79,"Main Street Recovery & Rebuild Initiative"
2025,"Toronto City Opera","City Wide",18,20000,"TAC"
2025,"TORONTO CITY OPERA","Local",18,20000,"TAC Operating - Music"
2025,"Toronto Community for Better Child Care","City Wide",14,30363.8,"CSP"
2025,"Toronto Council Fire","City Wide",13,50000,"ILG"
2025,"TORONTO COUNCIL FIRE NATIVE CULTURAL CENTRE","Local",13,29750,"Special Events Stabilization Initiative"
2025,"Toronto Dance Community Love-In","City Wide",9,22000,"TAC"
2025,"TORONTO DANCE COMMUNITY LOVE-IN","Local",9,22000,"TAC Operating - Dance"
2025,"Toronto Dance Theatre","City Wide",13,166000,"TAC"
2025,"TORONTO DANCE THEATRE","Local",13,166000,"TAC Operating - Dance"
2025,"Toronto District School Board","City Wide",5,10000,"FOR"
2025,"Toronto District School Board","City Wide",7,10000,"FOR"
2025,"Toronto District School Board","City Wide",9,10000,"FOR"
2025,"Toronto District School Board","City Wide",11,10000,"FOR"
2025,"Toronto District School Board","City Wide",14,10000,"FOR"
2025,"Toronto District School Board","City Wide",18,10000,"FOR"
2025,"Toronto District School Board","City Wide",19,10000,"FOR"
2025,"Toronto District School Board","City Wide",20,10000,"FOR"
2025,"Toronto District School Board","City Wide",21,10000,"FOR"
2025,"Toronto District School Board","City Wide",24,10000,"FOR"
2025,"Toronto District School Board","City Wide",5,10000,"FOR"
2025,"Toronto District School Board","City Wide",7,10000,"FOR"
2025,"Toronto District School Board","City Wide",9,10000,"FOR"
2025,"Toronto District School Board","City Wide",11,10000,"FOR"
2025,"Toronto District School Board","City Wide",14,10000,"FOR"
2025,"Toronto District School Board","City Wide",18,10000,"FOR"
2025,"Toronto District School Board","City Wide",19,10000,"FOR"
2025,"Toronto District School Board","City Wide",20,10000,"FOR"
2025,"Toronto District School Board","City Wide",21,10000,"FOR"
2025,"Toronto District School Board","City Wide",24,10000,"FOR"
2025,"TORONTO DISTRICT SCHOOL BOARD","Local",18,1000,"Museum and Heritage Services Directed Grants"
2025,"Toronto Downtown Jazz Society","City Wide",12,56000,"TAC"
2025,"TORONTO DOWNTOWN JAZZ SOCIETY","Local",11,19397.14,"Special Events Stabilization Initiative"
2025,"TORONTO DOWNTOWN JAZZ SOCIETY","Local",11,40000,"Community Celebration Support Fund"
2025,"TORONTO DOWNTOWN JAZZ SOCIETY","Local",11,15000,"Film and Creative Industries Event Sponsorships"
2025,"TORONTO DOWNTOWN JAZZ SOCIETY","Local",12,56000,"TAC Operating - Music"
2025,"Toronto Downtown West BIA","Local",10,5000,"PTCG"
2025,"TORONTO DOWNTOWN WEST BIA","Local",10,50000,"Transit Construction Mitigation Fund"
2025,"TORONTO DOWNTOWN WEST BIA","Local",10,36000,"Community Celebration Support Fund"
2025,"TORONTO ENVIRONMENTAL ALLIANCE","Local",10,500,"Creative Industries Grant"
2025,"Toronto Experimental Translation Collective","City Wide",4,5440,"TAC"
2025,"TORONTO EXPERIMENTAL TRANSLATION COLLECTIVE","Local",4,5440,"TAC Project - Literary"
2025,"TORONTO FASHION INCUBATOR","Local",10,75000,"Business Incubation & Commercialization Grant"
2025,"TORONTO FESTIVAL OF ARTS, CULTURE AND CREATIVITY","Local",10,43052,"Special Events Stabilization Initiative"
2025,"TORONTO FESTIVAL OF ARTS, CULTURE AND CREATIVITY","Local",10,410000,"Cultural Festivals Funding Program"
2025,"TORONTO FESTIVAL OF ARTS, CULTURE AND CREATIVITY","Local",10,40000,"Community Celebration Support Fund"
2025,"TORONTO FESTIVAL OF ARTS, CULTURE AND CREATIVITY","Local",10,5500,"Cultural Hotspot"
2025,"Toronto Festival Of Comics And Graphic Arts","City Wide",11,25500,"TAC"
2025,"TORONTO FESTIVAL OF COMICS AND GRAPHIC ARTS","Local",11,25500,"TAC Operating - Literary"
2025,"Toronto Finnish-Canadian Seniors Centre (Suomi-Koti)","City Wide",15,22468.86,"CSP"
2025,"TORONTO FORUM FOR GLOBAL CITIES","Local",8,228960,"Economic Development Services Directed Grants"
2025,"TORONTO GARLIC FESTIVAL CORP","Local",13,32685.05,"Special Events Stabilization Initiative"
2025,"TORONTO GARLIC FESTIVAL CORP","Local",13,18000,"Cultural Festivals Funding Program"
2025,"TORONTO HOTEL ASSOCIATION","Local",10,25000,"Transit Construction Mitigation Fund"
2025,"TORONTO INTERNATIONAL FILM FESTIVAL","Local",10,72000,"Special Events Stabilization Initiative"
2025,"TORONTO INTERNATIONAL FILM FESTIVAL","Local",10,1165113,"Cultural Organization Operating Partnership"
2025,"TORONTO INTERNATIONAL FILM FESTIVAL","Local",10,10000,"Film and Creative Industries Event Sponsorships"
2025,"TORONTO INTERNATIONAL MUSIC","Local",3,5000,"Creative Industries Grant"
2025,"Toronto Jewish Film Foundation/Festival","City Wide",11,29000,"TAC"
2025,"TORONTO JEWISH FILM FOUNDATION/FESTIVAL","Local",11,29000,"TAC Operating - Visual and Media Arts"
2025,"Toronto Kiwanis Boys & Girls Clubs","Local",13,48115.66,"CSP"
2025,"Toronto Kiwanis Boys & Girls Clubs","Local",13,124668.36,"CSP"
2025,"TORONTO LIT UP","Local",10,120000,"TAC Strategic Partnership"
2025,"Toronto Mendelssohn Choir","City Wide",9,72775,"TAC"
2025,"TORONTO MENDELSSOHN CHOIR","Local",9,72775,"TAC Operating - Music"
2025,"Toronto Metropolitan University","Local",13,4925,"PTCG"
2025,"TORONTO METROPOLITAN UNIVERSITY","Local",13,95000,"Business Incubation & Commercialization Grant"
2025,"TORONTO METROPOLITAN UNIVERSITY–CENTRE FOR URBAN ENERGY","Local",10,5000,"Business Incubation & Commercialization Grant"
2025,"Toronto Operetta Theatre","City Wide",14,20000,"TAC"
2025,"TORONTO OPERETTA THEATRE","Local",14,20000,"TAC Operating - Music"
2025,"TORONTO OUTDOOR ART FAIR","Local",10,34173.43,"Special Events Stabilization Initiative"
2025,"TORONTO OUTDOOR ART FAIR","Local",10,51250,"Cultural Festivals Funding Program"
2025,"Toronto Outdoor Picture Show","City Wide",11,22500,"TAC"
2025,"Toronto Outdoor Picture Show","Local",11,5000,"TAC"
2025,"TORONTO OUTDOOR PICTURE SHOW","Local",11,23877.35,"Special Events Stabilization Initiative"
2025,"TORONTO OUTDOOR PICTURE SHOW","Local",11,22500,"Cultural Festivals Funding Program"
2025,"TORONTO OUTDOOR PICTURE SHOW","Local",11,40000,"Community Celebration Support Fund"
2025,"TORONTO OUTDOOR PICTURE SHOW","Local",11,22500,"TAC Project - Animating"
2025,"TORONTO OUTDOOR PICTURE SHOW","Local",11,5000,"TAC Project - Visual and Media Arts"
2025,"Toronto Palestine Film Festival","City Wide",12,10000,"TAC"
2025,"TORONTO PALESTINE FILM FESTIVAL","Local",12,10000,"TAC Project - Visual and Media Arts"
2025,"Toronto People With AIDS Foundation","City Wide",13,41178.22,"CSP"
2025,"Toronto Photographers Workshop","City Wide",9,70000,"TAC"
2025,"Toronto Photographers Workshop","City Wide",9,76000,"TAC"
2025,"TORONTO PHOTOGRAPHERS WORKSHOP","Local",9,76000,"TAC Operating - Visual and Media Arts"
2025,"TORONTO PHOTOGRAPHERS WORKSHOP","Local",9,70000,"TAC Project - Innovation and Capacity Building"
2025,"Toronto Queer Media & Arts Centre","City Wide",10,24000,"TAC"
2025,"TORONTO QUEER MEDIA & ARTS CENTRE","Local",10,24000,"TAC Operating - Visual and Media Arts"
2025,"TORONTO RAILWAY HISTORICAL ASSOCIATION","Local",10,38122.36,"Museum and Heritage Services Directed Grants"
2025,"Toronto Rape Crisis Centre","City Wide",10,68575.53,"CSP"
2025,"Toronto Reel Asian International Film Festival","City Wide",10,56000,"TAC"
2025,"TORONTO REEL ASIAN INTERNATIONAL FILM FESTIVAL","Local",10,32000,"Community Celebration Support Fund"
2025,"TORONTO REEL ASIAN INTERNATIONAL FILM FESTIVAL","Local",10,15000,"Creative Industries Grant"
2025,"TORONTO REEL ASIAN INTERNATIONAL FILM FESTIVAL","Local",10,56000,"TAC Operating - Visual and Media Arts"
2025,"Toronto Sketch Comedy Festival Inc.","City Wide",10,20000,"TAC"
2025,"TORONTO SKETCH COMEDY FESTIVAL INC.","Local",10,20000,"TAC Operating - Theatre"
2025,"Toronto Summer Music Foundation","City Wide",10,40775,"TAC"
2025,"TORONTO SUMMER MUSIC FOUNDATION","Local",10,40775,"TAC Operating - Music"
2025,"Toronto Symphony Orchestra","City Wide",10,1220000,"TAC"
2025,"TORONTO SYMPHONY ORCHESTRA","Local",10,1220000,"TAC Large Institutions"
2025,"Toronto Writers Collective","Local",14,7300,"TAC"
2025,"TORONTO WRITERS COLLECTIVE","Local",14,7300,"TAC Project - Literary"
2025,"TORONTO'S FIRST POST OFFICE","Local",13,28304,"Museum and Heritage Services Directed Grants"
2025,"Toronto's Link Up (Youth-led)","Neighbourhood",15,5000,"CCRF"
2025,"Trace Of Craft","City Wide",11,20000,"TAC"
2025,"TRACE OF CRAFT","Local",11,20000,"TAC Project - Newcomer and Refugee"
2025,"Trace Press","City Wide",3,7200,"TAC"
2025,"TRACE PRESS","Local",3,7200,"TAC Project - Literary"
2025,"TRACEY NORMAN","Local",12,8000,"TAC Project - Dance"
2025,"TRACEY-MAE CHAMBERS","Local",13,10000,"TAC Project - Visual and Media Arts"
2025,"TRAM ANH NGUYEN","Local",11,15000,"TAC Project - Newcomer and Refugee"
2025,"TRANS FILM MENTORSHIP INC.","Local",9,78000,"Creative Industries Grant"
2025,"Transcare Community Support Services","City Wide",22,106211.61,"CSP"
2025,"TREVOR CUNNINGTON","Local",13,10000,"TAC Project - Literary"
2025,"Tribal Crackling Wind For The Arts","City Wide",13,33000,"TAC"
2025,"TRIBAL CRACKLING WIND FOR THE ARTS","Local",13,33000,"TAC Operating - Dance"
2025,"Trinity Square Video","City Wide",10,44000,"TAC"
2025,"TRINITY SQUARE VIDEO","Local",10,44000,"TAC Operating - Visual and Media Arts"
2025,"TRUE DALEY","Local",4,8200,"TAC Project - Black Arts"
2025,"Turtle Protectors","Local",4,20000,"ICAG"
2025,"Turtle Protectors/Mishiikenh Gizhaasowin","Local",4,1831.25,"NCAG"
2025,"Turtle Protectors/Mishiikenh Gizhaasowin","Local",3,1831.25,"NCAG"
2025,"Turtle Protectors/Mishiikenh Gizhaasowin","Local",5,1831.25,"NCAG"
2025,"Turtle Protectors/Mishiikenh Gizhaasowin","Local",14,1831.25,"NCAG"
2025,"Ubuntu - Black Trans, Non-Binary and 2Spirit Collective","City Wide",19,40000,"BMFF"
2025,"UBUNTU NEIGHBOURHOOD ORGANIZATION (UNO)","Neighbourhood",13,17000,"INI"
2025,"UKRAINIAN CANADIAN CONGRESS","Local",3,10540,"Special Events Stabilization Initiative"
2025,"Ukrainian Canadian Social Services (Toronto) Inc.","City Wide",4,50189.25,"CSP"
2025,"UKRAINIAN CULTURE FESTIVAL","Local",4,63750,"Cultural Festivals Funding Program"
2025,"ULTRAHAUS DIGITAL SERVICES INC.","Local",10,5000,"SBEC Core, Starter Company Plus & Summer Company"
2025,"UMA FOUNDATION","Local",8,4926.15,"Special Events Stabilization Initiative"
2025,"UMA FOUNDATION","Local",8,15000,"Cultural Festivals Funding Program"
2025,"Uma Nota Culture","City Wide",9,10000,"TAC"
2025,"UMA NOTA CULTURE","Local",9,10000,"TAC Project - Music"
2025,"UMA NOTA MUSIC AND PRODUCTION","Local",9,20000,"Cultural Festivals Funding Program"
2025,"UMA NOTA MUSIC AND PRODUCTION","Local",9,40000,"Community Celebration Support Fund"
2025,"Unboxing Accessibility","Local",19,20000,"TAC"
2025,"UNBOXING ACCESSIBILITY","Local",19,20000,"TAC Project - Art Reach"
2025,"Unbridled Theatre Collective","City Wide",14,15000,"TAC"
2025,"UNBRIDLED THEATRE COLLECTIVE","Local",14,15000,"TAC Project - Theatre"
2025,"Undivided Productions","City Wide",10,60000,"TAC"
2025,"UNDIVIDED PRODUCTIONS","Local",10,60000,"TAC Project - Innovation and Capacity Building"
2025,"UNIQUE PASTRY INC.","Local",18,5000,"SBEC Core, Starter Company Plus & Summer Company"
2025,"Unison Health and Community Services","City Wide",8,50000,"CCRF"
2025,"Unison Health and Community Services","City Wide",8,10000,"CCRF"
2025,"Unison Health and Community Services","Neighbourhood",8,30000,"LLG"
2025,"Unison Health and Community Services & Mind on Strength","Local",8,215694,"YVP"
2025,"UNITED FORUM OF BANGLADESHI CANADIAN","Local",20,4318,"Special Events Stabilization Initiative"
2025,"Unity Charity","City Wide",12,50000,"YCISI"
2025,"Unity Charity","City Wide",12,60000,"TAC"
2025,"UNITY CHARITY","Local",12,50000,"Youth Cultural Incubators Stabilization Initiative"
2025,"UNITY CHARITY","Local",12,60000,"TAC Operating - Creative Communities"
2025,"UNITY EMPOWERMENT FOUNDATION","Local",13,18000,"Creative Industries Grant"
2025,"Unity For Change Coalition Scarborough","Local",21,8483.5,"INI"
2025,"Unity For Change Coalition Scarborough","Local",24,8483.5,"INI"
2025,"Unity Foundation Inc.","Neighbourhood",7,17000,"INI"
2025,"Unity Heath Toronto - Providence Health Care","Local",20,19066.5,"FOR"
2025,"Unity Heath Toronto - Providence Health Care","Local",20,19066.5,"FOR"
2025,"UNIVERSITY HEALTH NETWORK","Local",11,5000,"Business Incubation & Commercialization Grant"
2025,"UNIVERSITY OF TORONTO","Local",11,34287,"Business Incubation & Commercialization Grant"
2025,"University of Toronto Faculty of Architecture, Landscape and Design","City Wide",6,24875,"FOR"
2025,"University of Toronto Faculty of Architecture, Landscape and Design","City Wide",11,24875,"FOR"
2025,"University of Toronto Faculty of Architecture, Landscape and Design","City Wide",20,24875,"FOR"
2025,"University of Toronto Faculty of Architecture, Landscape and Design","City Wide",25,24875,"FOR"
2025,"University of Toronto Faculty of Architecture, Landscape and Design","City Wide",6,24875,"FOR"
2025,"University of Toronto Faculty of Architecture, Landscape and Design","City Wide",11,24875,"FOR"
2025,"University of Toronto Faculty of Architecture, Landscape and Design","City Wide",20,24875,"FOR"
2025,"University of Toronto Faculty of Architecture, Landscape and Design","City Wide",25,24875,"FOR"
2025,"University Settlement","Local",10,166504.51,"CSP"
2025,"University Settlement","Local",10,29000,"TAC"
2025,"UNIVERSITY SETTLEMENT","Local",10,29000,"TAC Operating - Music"
2025,"Unspun Theatre","City Wide",9,15000,"TAC"
2025,"UNSPUN THEATRE","Local",9,15000,"TAC Project - Theatre"
2025,"Uptown Climate Conversations","Local",18,2383.33333333333,"NCAG"
2025,"Uptown Climate Conversations","Local",17,2383.33333333333,"NCAG"
2025,"UPTOWN YONGE BIA","Local",8,50000,"Transit Construction Mitigation Fund"
2025,"UPTOWN YONGE BIA","Local",8,17000,"Community Celebration Support Fund"
2025,"Urban Promise Toronto","Local",20,50000,"TCDI"
2025,"UrbanArts","Local",5,420250,"LASO"
2025,"URBANARTS COMMUNITY ARTS COUNCIL","Local",5,410116,"Local Arts Service Organizations"
2025,"URBANARTS COMMUNITY ARTS COUNCIL","Local",5,13500,"Arts and Culture Services Directed Grants"
2025,"URSULA HANDLEIGH","Local",20,18250,"TAC Project - Animating"
2025,"Uzima Women Relief Group International","Local",24,40000,"BMFF"
2025,"VANESSA MAGIC","Local",10,9780,"TAC Project - Black Arts"
2025,"VARUN TRIKHA","Local",4,15000,"TAC Project - Visual and Media Arts"
2025,"VEMU ESTONIAN MUSEUM CANADA","Local",11,5000,"Film and Creative Industries Event Sponsorships"
2025,"Venus Fest Inc.","City Wide",10,20000,"TAC"
2025,"VENUS FEST INC.","Local",10,20000,"TAC Operating - Music"
2025,"Vermont Square Parent-Child Mother Goose Program","City Wide",11,33994.06,"CSP"
2025,"Verse & Visual Expressions","Local",17,15394,"TAC"
2025,"VERSE & VISUAL EXPRESSIONS","Local",17,15394,"TAC Project - Art Reach"
2025,"Vesnivka Choir","City Wide",4,8000,"TAC"
2025,"VESNIVKA CHOIR","Local",4,8000,"TAC Operating - Community Music Making"
2025,"Vibe Arts","City Wide",10,90000,"TAC"
2025,"VIBE ARTS","Local",10,90000,"TAC Operating - Creative Communities"
2025,"Vibrant Healthcare Alliance","City Wide",8,48227.27,"CSP"
2025,"Victim Services Toronto","City Wide",13,339893.57,"CSP"
2025,"Victim Services Toronto","City Wide",13,9400,"TAC"
2025,"VICTIM SERVICES TORONTO","Local",13,9400,"TAC Project - Creative Communities"
2025,"VICTORIA MILLER","Local",13,9000,"TAC Project - Black Arts"
2025,"Victoria Park Family Games Healing Time","Neighbourhood",22,5000,"CCRF"
2025,"Victoria Park Youth Rebuild (Youth-led)","Local",22,5000,"CCRF"
2025,"Videocabaret","City Wide",14,17550,"TAC"
2025,"VIDEOCABARET","Local",14,17550,"TAC Operating - Theatre"
2025,"Vietnamese Women's Association of Toronto","City Wide",9,78878.91,"CSP"
2025,"VINCENZO MACCARONE","Local",9,10000,"TAC Project - Music"
2025,"VINCY LIM","Local",14,20000,"TAC Project - Art Reach"
2025,"VIR-GO' DESIGN","Local",22,5000,"SBEC Core, Starter Company Plus & Summer Company"
2025,"Vision Supports Opportunities (VSO)","Local",16,5000,"CCRF"
2025,"Viva! Youth Singers Of Toronto, Inc.","City Wide",11,60000,"TAC"
2025,"VIVA! YOUTH SINGERS OF TORONTO, INC.","Local",11,60000,"TAC Operating - Music"
2025,"Vivi'R Lgbtq+","City Wide",12,7950,"TAC"
2025,"VIVI'R LGBTQ+","Local",12,7950,"TAC Project - Literary"
2025,"Voices to Vision","Neighbourhood",7,17000,"INI"
2025,"Voices Within: Empowerment Through Storytelling (Youth-led)","Neighbourhood",5,4982,"CCRF"
2025,"Volcano Non-Profit Productions Inc.","City Wide",10,55350,"TAC"
2025,"VOLCANO NON-PROFIT PRODUCTIONS INC.","Local",10,55350,"TAC Operating - Theatre"
2025,"Volunteer Centre of Toronto","City Wide",11,253407.56,"CSP"
2025,"Vox Choirs","City Wide",18,15750,"TAC"
2025,"VOX CHOIRS","Local",18,15750,"TAC Operating - Community Music Making"
2025,"VP Family Tenant Group","Local",23,5000,"CCRF"
2025,"VP Youth Tenant Group (Youth-led)","Local",22,5000,"CCRF"
2025,"Vtape","City Wide",10,91000,"TAC"
2025,"VTAPE","Local",10,91000,"TAC Operating - Visual and Media Arts"
2025,"WAEEL SAAD ALDIN","Local",4,10000,"TAC Project - Literary"
2025,"Wanasah Mental Health Services for Black Youth","City Wide",13,40000,"CB"
2025,"Ward 4 HIRD Learning Circle","Local",4,6400,"NCAG"
2025,"Warden Woods Church and Community Centre","Local",20,355122.47,"CSP"
2025,"WARDEN WOODS COMMUNITY CENTRE","Local",20,26293.9,"HPP"
2025,"WARDROBE FOR MEN","Local",14,20000,"Main Street Recovery & Rebuild Initiative"
2025,"Warren Park Outdoor Education Centre","Local",4,1000,"YCAG"
2025,"Waterfront Neighbourhood Centre","Local",10,60000,"LLG"
2025,"Waterfront Neighbourhood Centre","Neighbourhood",10,90768.3,"CSP"
2025,"WATER'S EDGE FESTIVALS & EVENTS","Local",14,21522.3,"Special Events Stabilization Initiative"
2025,"WATER'S EDGE FESTIVALS & EVENTS","Local",14,40000,"Community Celebration Support Fund"
2025,"WATER'S EDGE FESTIVALS & EVENTS","Local",14,105000,"Toronto Significant Event Investment Program"
2025,"Wavelength Music","Local",9,5500,"CHS"
2025,"Wavelength Music Arts Projects","City Wide",9,38000,"TAC"
2025,"WAVELENGTH MUSIC ARTS PROJECTS","Local",9,21000,"Community Celebration Support Fund"
2025,"WAVELENGTH MUSIC ARTS PROJECTS","Local",9,5500,"Cultural Hotspot"
2025,"WAVELENGTH MUSIC ARTS PROJECTS","Local",9,20000,"Creative Industries Grant"
2025,"WAVELENGTH MUSIC ARTS PROJECTS","Local",9,38000,"TAC Operating - Music"
2025,"We Liberate The World","City Wide",3,7000,"TAC"
2025,"WE LIBERATE THE WORLD","Local",3,7000,"TAC Project - Creative Communities"
2025,"We Support Pollinator Posse (WSPP)","Local",20,2337,"PTCG"
2025,"WEBSERIES CANADA","Local",13,1000,"Film and Creative Industries Event Sponsorships"
2025,"WECONNECT COMMUNITY SERVICES","Local",17,8403.1,"Special Events Stabilization Initiative"
2025,"Weefestival Of Arts And Culture","City Wide",9,11250,"TAC"
2025,"WEEFESTIVAL OF ARTS AND CULTURE","Local",9,11250,"TAC Project - Theatre"
2025,"West Hill CI","Local",24,5000,"CCRF"
2025,"West Humber Junior Middle School","Local",1,1000,"YCAG"
2025,"West Humber Junior Middle School","Local",1,1000,"YCAG"
2025,"WEST NEIGHBOURHOOD HOUSE","Local",10,63957.62,"HPP"
2025,"West Neighbourhood House (The St. Christopher House)","Local",10,20000,"CPP"
2025,"WEST QUEEN WEST BIA","Local",7,25000,"Main Street Recovery & Rebuild Initiative"
2025,"West Scarborough Neighbourhood Community Centre","Local",20,356867.47,"CSP"
2025,"West Scarborough Neighbourhood Community Centre","Local",20,66000,"LLG"
2025,"West Toronto Church of God","Neighbourhood",7,4950,"CCRF"
2025,"Westmount Junior School","Local",2,1000,"YCAG"
2025,"Weston Frontlines Centre","Local",5,117484.21,"CSP"
2025,"WESTON KING NEIGHBOURHOOD CENT","Local",5,77459.74,"HPP"
2025,"Weston Village Residents' Association","Local",5,75000,"TCDI"
2025,"WEXFORD HEIGHTS BIA","Local",21,29924.25,"Special Events Stabilization Initiative"
2025,"WEXFORD HEIGHTS BIA","Local",21,19000,"Community Celebration Support Fund"
2025,"Whippersnapper Gallery Inc","Local",11,24000,"TAC"
2025,"WHIPPERSNAPPER GALLERY INC.","Local",11,24000,"TAC Operating - Visual and Media Arts"
2025,"Why Not Theatre","City Wide",11,61000,"TAC"
2025,"WHY NOT THEATRE","Local",11,61000,"TAC Operating - Theatre"
2025,"Wildseed Centre For Art And Activism","City Wide",11,42500,"TAC"
2025,"Wildseed Centre For Art And Activism","Local",11,15000,"TAC"
2025,"Wildseed Centre For Art And Activism","Local",11,35000,"TAC"
2025,"WILDSEED CENTRE FOR ART AND ACTIVISM","Local",11,35000,"TAC Operating - Black Arts"
2025,"WILDSEED CENTRE FOR ART AND ACTIVISM","Local",11,57500,"TAC Project - Innovation and Capacity Building"
2025,"William J McCordic School","Local",19,800,"YCAG"
2025,"Willowdale Central Ratepayers' Association","Local",18,15993,"TAC"
2025,"WILLOWDALE CENTRAL RATEPAYERS' ASSOCIATION","Local",18,15993,"TAC Project - Animating"
2025,"Wind In The Leaves Collective","City Wide",14,25000,"TAC"
2025,"WIND IN THE LEAVES COLLECTIVE","Local",14,25000,"TAC Operating - Dance"
2025,"Windfields Middle School","Local",15,1000,"YCAG"
2025,"Winston Churchill Collegiate Institute","Local",21,1000,"YCAG"
2025,"Woburn Junior Public School","Local",24,1000,"YCAG"
2025,"WOE LOTTA INC.","Local",4,5000,"SBEC Core, Starter Company Plus & Summer Company"
2025,"WOKA SOUNDZ","Local",5,5000,"Creative Industries Grant"
2025,"Woman Abuse Council of Toronto","City Wide",5,75877.19,"CSP"
2025,"Women From Space","City Wide",9,7000,"TAC"
2025,"WOMEN FROM SPACE","Local",9,7000,"TAC Project - Music"
2025,"WOMEN IN FILM AND TELEVISION","Local",10,20000,"Creative Industries Grant"
2025,"WOMEN IN FILM AND TELEVISION","Local",10,15000,"Film and Creative Industries Event Sponsorships"
2025,"Women'S Musical Club Of Toronto","City Wide",11,3538,"TAC"
2025,"WOMEN'S MUSICAL CLUB OF TORONTO","Local",11,3538,"TAC Operating - Music"
2025,"Women's Warrior Wellness Collective","Local",19,11960,"ICAG"
2025,"Woodgreen Community Services","Local",14,517288.84,"CSP"
2025,"WoodGreen Community Services Youth Advisory Council 2025","Neighbourhood",21,16991,"INI"
2025,"Word Media Group Inc.","City Wide",9,12000,"TAC"
2025,"WORD MEDIA GROUP INC.","Local",11,4000,"Arts and Culture Services Directed Grants"
2025,"WORD MEDIA GROUP INC.","Local",11,2000,"Film and Creative Industries Event Sponsorships"
2025,"WORD MEDIA GROUP INC.","Local",9,12000,"TAC Project - Black Arts"
2025,"Work Book","City Wide",13,10000,"TAC"
2025,"WORK BOOK","Local",13,10000,"TAC Project - Visual and Media Arts"
2025,"Workers' Action Centre","City Wide",11,72822.59,"CSP"
2025,"Working Women Community Centre","City Wide",9,263652.19,"CSP"
2025,"Working Women Community Centre","Local",9,20000,"CPP"
2025,"Workman Arts Project Of Ontario","City Wide",10,46000,"TAC"
2025,"WORKMAN ARTS PROJECT OF ONTARIO","Local",10,46000,"TAC Operating - Creative Communities"
2025,"Works-in-Progress","Local",12,1843.75,"NCAG"
2025,"Works-in-Progress","Local",13,1843.75,"NCAG"
2025,"Works-in-Progress","Local",10,1843.75,"NCAG"
2025,"Works-in-Progress","Local",5,1843.75,"NCAG"
2025,"WOUESSI INC.","Local",6,5000,"SBEC Core, Starter Company Plus & Summer Company"
2025,"WTEN COLOURS INCORPORATED","Local",11,5000,"SBEC Core, Starter Company Plus & Summer Company"
2025,"Wychwood Clarinet Choir","City Wide",11,5000,"TAC"
2025,"WYCHWOOD CLARINET CHOIR","Local",11,5000,"TAC Operating - Community Music Making"
2025,"WYNNE NEILLY","Local",9,10000,"TAC Project - Visual and Media Arts"
2025,"Xenia Concerts Inc.","City Wide",13,45000,"TAC"
2025,"XENIA CONCERTS INC.","Local",13,45000,"TAC Operating - Music"
2025,"XING MU SPACE INC.","Local",18,5000,"SBEC Core, Starter Company Plus & Summer Company"
2025,"XP GAMING INC.","Local",18,10176,"Film and Creative Industries Event Sponsorships"
2025,"Xpace Cultural Centre","City Wide",9,26000,"TAC"
2025,"XPACE CULTURAL CENTRE","Local",9,26000,"TAC Operating - Visual and Media Arts"
2025,"YIRAN LIU","Local",10,14500,"TAC Project - Visual and Media Arts"
2025,"YMCA OF GREATER TORONTO","Local",10,43822.74,"HPP"
2025,"YMCA OF GREATER TORONTO","Local",12,255000,"HIF"
2025,"YONGE & ST CLAIR BIA","Local",12,36000,"Community Celebration Support Fund"
2025,"YONGE & ST CLAIR BIA","Local",12,20000,"BIA Capacity Development Grant"
2025,"YONGE NORTH YORK BIA","Local",18,50000,"Main Street Recovery & Rebuild Initiative"
2025,"YONGE NORTH YORK BIA","Local",18,8373.76,"Special Events Stabilization Initiative"
2025,"YONGE NORTH YORK BIA","Local",18,10000,"Cultural Festivals Funding Program"
2025,"YONGE NORTH YORK BIA","Local",18,50000,"Transit Construction Mitigation Fund"
2025,"YONGE NORTH YORK BIA","Local",18,36000,"Community Celebration Support Fund"
2025,"YONGE NORTH YORK BIA","Local",18,25000,"BIA Capacity Development Grant"
2025,"York Mills Collegiate Institute","Local",15,971.91,"YCAG"
2025,"YORK UNIVERSITY","Local",7,60000,"Business Incubation & Commercialization Grant"
2025,"YORK UNIVERSITY","Local",7,2630,"Economic Development Services Event Sponsorships"
2025,"YORK UNIVERSITY - GLENDON COLLEGE","Local",15,20000,"Business Incubation & Commercialization Grant"
2025,"York West Active Living Centre","Neighbourhood",5,145128.25,"CSP"
2025,"YORK-EGLINTON BIA","Local",12,15000,"Cultural Festivals Funding Program"
2025,"York-Fairbank Centre for Seniors in the City of York","Local",12,344578.37,"CSP"
2025,"Yorkminster Park Meals on Wheels","Local",12,11766.05,"CSP"
2025,"YORKVILLE MURALS INC.","Local",11,32087.5,"Special Events Stabilization Initiative"
2025,"YORKVILLE MURALS INC.","Local",11,15000,"Cultural Festivals Funding Program"
2025,"You Do You Foundation","City Wide",10,10000,"TAC"
2025,"YOU DO YOU FOUNDATION","Local",10,10000,"TAC Project - Music"
2025,"YOUNG MUSIC PROFESSIONALS","Local",3,10000,"Creative Industries Grant"
2025,"Young People'S Theatre","City Wide",13,358600,"TAC"
2025,"YOUNG PEOPLE'S THEATRE","Local",13,358600,"TAC Operating - Theatre"
2025,"Young Voices Toronto Children'S Choir","City Wide",4,3000,"TAC"
2025,"YOUNG VOICES TORONTO CHILDREN'S CHOIR","Local",4,3000,"TAC Project - Music"
2025,"Youth Assisting Youth","City Wide",18,71377.53,"CSP"
2025,"Youth Compass (Youth-led)","Local",16,5000,"CCRF"
2025,"YOUTH FILM AND MEDIA TRAINING NETWORK","Local",10,60000,"Creative Industries Grant"
2025,"YOUTH FILM AND MEDIA TRAINING NETWORK","Local",10,60000,"Film and Creative Industries Directed Grants"
2025,"YOUTH FOR CHANGE","Local",18,18000,"Cultural Festivals Funding Program"
2025,"Youth Inclusivity Program","Local",23,8500,"INI"
2025,"Youth Inclusivity Program","Local",21,8500,"INI"
2025,"Youth Voices project-Regent Park","Neighbourhood",13,17000,"INI"
2025,"YouthLink & MIC Check","Local",21,215694,"YVP"
2025,"Youthpower","Local",12,15450,"TAC"
2025,"YOUTHPOWER","Local",12,15450,"TAC Project - Creative Communities"
2025,"YUHALA MUY GARCIA","Local",9,10950,"TAC Project - Black Arts"
2025,"YUI UGAI","Local",10,7500,"TAC Project - Dance"
2025,"YUN TEIN SHIA","Local",9,5000,"TAC Project - Music"
2025,"YVETTE SIN","Local",13,15000,"TAC Project - Visual and Media Arts"
2025,"Yyz Artists' Outlet","City Wide",10,70000,"TAC"
2025,"YYZ ARTISTS' OUTLET","Local",10,70000,"TAC Operating - Visual and Media Arts"
2025,"ZAHRA BADUA","Local",24,7782.75,"TAC Project - Dance"
2025,"ZANETTE SINGH","Local",9,10000,"TAC Project - Visual and Media Arts"
2025,"ZARMINA RAFI","Local",11,10000,"TAC Project - Literary"
2025,"ZENN ENTERPRISE LTD. O/A SOOS","Local",10,1298.38,"CaféTO Grant"
2025,"ZERO SOAP CO.","Local",9,5000,"SBEC Core, Starter Company Plus & Summer Company"
2025,"ZINNIA NAQVI","Local",19,10000,"TAC Project - Visual and Media Arts"
2025,"Zion Heights Middle School","Local",17,4612.66,"PTCG"
2025,"ZOÃ« ERWIN-LONGSTAFF","Local",11,5000,"TAC Project - Theatre"
