"Organization","Total Number of Grants","Ward","Service Area","Total Funding Amount","Funder/ Funding Program","S/N","year"
"1S1 Collective","1","10","City Wide",20000,"TAC",1,"2019"
"50/50 Performing Arts Collective","1","9","City Wide",8000,"TAC",2,"2019"
"The 519 Church Street Community Centre","1 of 2","13","City wide",76755,"HIF",3,"2019"
"The 519 Church Street Community Centre","2 of 2","13","City Wide",62420,"CSP",4,"2019"
"A Different Booklist Cultural Centre","1","11","City Wide",7000,"TAC",5,"2019"
"A Space Gallery","1","10","City Wide",62000,"TAC",6,"2019"
"Aaoodsokawin Aki","1","11","Local",12000,"TAC",7,"2019"
"Aboriginal Curatorial Collective","1","10","City Wide",8000,"TAC",8,"2019"
"Abrigo Centre","1","9","Local",112070,"CSP",9,"2019"
"Access Alliance Multicultural Health and Community Services","1","11","City Wide",212635,"CSP",10,"2019"
"Across Oceans","1","11","City Wide",8000,"TAC",11,"2019"
"Actors Repertory Company","1","13","City Wide",15000,"TAC",12,"2019"
"Adelheid Dance Projects","1","9","City Wide",15000,"TAC",13,"2019"
"Adornment Collective","1","5","Local",14944,"TAC",14,"2019"
"Afghan Women's Counseling and Integration Community Support Organization","1","17","City Wide",79615,"CSP",15,"2019"
"Afghan Youth Engagement and Development Initiative","1","24","Local",10000,"INI",16,"2019"
"African Women Acting","1 of 2","13","City Wide",20000,"TAC",17,"2019"
"African Women Acting","2 of 2","13","City Wide",12000,"TAC",18,"2019"
"Africans In Partnership Against AIDS","1","13","City Wide",109755,"CSP",19,"2019"
"Aga Khan Museum","1","16","City Wide",2e+05,"GSCM",20,"2019"
"Against the Grain Theatre","1","13","City Wide",15000,"TAC",21,"2019"
"Agincourt Community Services Association","1 of 6","22","Local",1e+05,"GV",22,"2019"
"Agincourt Community Services Association","2 of 6","22","City Wide",214690,"CSP",23,"2019"
"Agincourt Community Services Association - ACSA Scarborough Drop in South Housing Support","3 of 6","22","City wide",17875,"HIF",24,"2019"
"Agincourt Community Services Association - Housing Follow-up Case Management Project","4 of 6","22","City wide",86212,"HIF",25,"2019"
"Agincourt Community Services Association - Housing Help Program","5 of 6","22","City wide",86811,"HIF",26,"2019"
"Agincourt Community Services Association - Landlord Recruitment Specialist Project","6 of 6","22","City wide",72328,"HIF",27,"2019"
"Ahuri Theatre","1","9","Local",17250,"TAC",28,"2019"
"AIDS Committee of Toronto","1","13","City Wide",73435,"CSP",29,"2019"
"Albion Neighbourhood Services","1 of 2","3","Local",443741,"HIF",30,"2019"
"Albion Neighbourhood Services","2 of 2","1","Local",160150,"CSP",31,"2019"
"Alex Lazich","1","10","Neighbourhood",50000,"StART PP",32,"2019"
"Alexandra Park Neighbourhood Learning Centre","1","10","local",19960,"EG",33,"2019"
"Alliance Francaise de Toronto","1","11","City Wide",9000,"TAC",34,"2019"
"Aluna Theatre","1","9","City Wide",45500,"TAC",35,"2019"
"Amadeus Choir of Greater Toronto","1","23","City Wide",25375,"TAC",36,"2019"
"Amadeuz","1","3","Citywide",1e+05,"GV",37,"2019"
"Amici Chamber Ensemble","1","16","City Wide",20000,"TAC",38,"2019"
"Amplified Opera","1","9","City Wide",12000,"TAC",39,"2019"
"Anandam Dancetheatre Productions","1","9","City Wide",21000,"TAC",40,"2019"
"ANDPVA","1","11","Local",15000,"TAC",41,"2019"
"Andrew Moodie Productions","1","14","City Wide",10000,"TAC",42,"2019"
"Angel Foundation for Learning","1","18","City Wide",10925804,"SNP",43,"2019"
"Animacy Theatre Collective","1 of 2","13","Local",25000,"TAC",44,"2019"
"Animacy Theatre Collective","2 of 2","13","Local",10000,"TAC",45,"2019"
"Anne Johnston Health Station – Tobias House Attendant Care (operating as Vibrant Healthcare Alliance)","1","8","City Wide",39815,"CSP",46,"2019"
"Aphasia Institute","1","16","City Wide",23820,"CSP",47,"2019"
"Applegrove Community Complex","1","14","neighbourhood",60000,"CB",48,"2019"
"Appleton Ave. Community Organization","1","9","Neighbourhood",5000,"PTCG",49,"2019"
"Arab Community Centre of Toronto","1 of 2","2","Local",20000,"TAC",50,"2019"
"The Arab Community Centre of Toronto","2 of 2","2","City Wide",42140,"CSP",51,"2019"
"Arabesque Canada","1","12","City Wide",10781,"TAC",52,"2019"
"ARCH Disability Law Centre","1","10","City Wide",33715,"CSP",53,"2019"
"Argonaut Rowing Club","1","4","Neighbourhood",2728.95,"PTCG",54,"2019"
"Armenian Relief Society Inc. Roubina Chapter","1","17","City Wide",23820,"CSP",55,"2019"
"Arraymusic","1","10","City Wide",48090,"TAC",56,"2019"
"ArsMusica","1","11","Local",25000,"TAC",57,"2019"
"Art Gallery of Ontario","1","10","City Wide",684000,"MCO",58,"2019"
"Art Gallery of York University","1 of 2","7","Local",25000,"TAC",59,"2019"
"Art Gallery of York University","2 of 2","7","City Wide",73000,"TAC",60,"2019"
"Art Ignite","1 of 2","16","Local",13500,"TAC",61,"2019"
"Art Ignite","2 of 2","16","Local",10000,"TAC",62,"2019"
"Art Metropole","1","9","City Wide",40000,"TAC",63,"2019"
"Art Museum University of Toronto","1","11","City Wide",20000,"TAC",64,"2019"
"Art Starts","1","8","City Wide",72000,"TAC",65,"2019"
"Arterias Collective","1","9","Local",10000,"TAC",66,"2019"
"Artists Film Exhibition Group","1 of 2","9","Local",7930,"TAC",67,"2019"
"Artists Film Exhibition Group","2 of 2","9","City Wide",23000,"TAC",68,"2019"
"Artists' Network","1","14","City Wide",8850,"TAC",69,"2019"
"Arts Etobicoke","1 of 3","3","Local",12500,"TAC",70,"2019"
"Arts Etobicoke","2 of 3","1","Neighbourhood",50000,"StART PP",71,"2019"
"Arts Etobicoke","3 of 3","3","City-wide",436295,"LASO",72,"2019"
"Arts Inter-Media Canada/Dance Collection Danse","1","13","City Wide",37400,"TAC",73,"2019"
"Arts4All Creative Society","1","9","Local",15000,"TAC",74,"2019"
"Asah Productions","1","9","City Wide",13000,"TAC",75,"2019"
"Ashkenaz Foundation","1","11","City Wide",50000,"TAC",76,"2019"
"Augur Magazine Literary Society","1","22","City Wide",11920,"TAC",77,"2019"
"Awaken","1","6","Neighbourhood",3000,"CCRF",78,"2019"
"AWHL - Assaulted Women's Helpline","1","10","City Wide",62635,"CSP",79,"2019"
"Axis Music Inc.","1","11","Local",14000,"TAC",80,"2019"
"b current Performing Arts Corp","1","12","City Wide",30000,"TAC",81,"2019"
"Bach Children's Chorus of Scarborough","1","24","City Wide",31100,"TAC",82,"2019"
"Bain Butterfly Way","1","14","Neighbourhood",4976,"PTCG",83,"2019"
"Back Lane Studios","1","4","Neighbourhood",11140,"WRCG",84,"2019"
"Ballet Creole","1","3","City Wide",18000,"TAC",85,"2019"
"Ballet Jörgen Canada","1","12","City Wide",95000,"TAC",86,"2019"
"Bangla School Advisory Group","1","19","Neighbourhood",4940,"NCAG",87,"2019"
"Barbra Schlifer Commemorative Clinic","1","11","City Wide",54665,"CSP",88,"2019"
"Bare Nerve","1","11","City Wide",6000,"TAC",89,"2019"
"BASHY Magazine","1","5","City Wide",5000,"TAC",90,"2019"
"Bathurst Finch Women's Group","1","6","Neighbourhood",3000,"NG",91,"2019"
"Batuki Music Society","1","11","City Wide",9700,"TAC",92,"2019"
"Bay Mills Youth Support","1","22","Neighbourhood",3000,"CCRF",93,"2019"
"Be the Change","1","24","Neighbourhood",6750,"NCAG",94,"2019"
"Bell Manor Pollinators Group","1","3","Neighbourhood",5000,"PTCG",95,"2019"
"Beautiful Minds","1","21","Local",9920,"TAC",96,"2019"
"Beloved Sibling Collective","1","14","City Wide",10000,"TAC",97,"2019"
"Bereaved Families of Ontario-Toronto","1","12","City Wide",71820,"CSP",98,"2019"
"Bernard Betel Centre","1 of 2","6","Neighbourhood",4600,"PTCG",99,"2019"
"Bernard Betel Centre","2 of 2","6","Local",130965,"CSP",100,"2019"
"Better Living Health and  Community Services","1","16","Neighbourhood",234535,"CSP",101,"2019"
"Bi Arts Festival","1","4","City Wide",15000,"TAC",102,"2019"
"Birchmount Bluffs Neighbourhood Centre","1","20","Local",89315,"CSP",103,"2019"
"BirdO","1","12","Neighbourhood",46083,"StART MP",104,"2019"
"Birkdale Art in the Park","1","21","local",10000,"EG",105,"2019"
"Black Coalition for AIDS Prevention","1","13","City Wide",1e+05,"INI",106,"2019"
"Black Health Alliance","1","16","local",20000,"EG",107,"2019"
"Black New Youth in the 6ix","1","17","Neighbourhood",9900,"INI",108,"2019"
"Black Triangle Arts Collective","1","12","City Wide",27500,"TAC",109,"2019"
"Blanket Sexual Abuse Youth Program","1","6","Neighbourhood",3000,"NG",110,"2019"
"Bob Rumball Canadian Centre of Excellence for the Deaf","1","15","City Wide",14460,"CSP",111,"2019"
"Boost Child and Youth Advocacy Centre","1","15","City Wide",279350,"CSP",112,"2019"
"BoucharDanse","1","9","City Wide",15000,"TAC",113,"2019"
"Boys In Chairs Collective","1","13","City Wide",20000,"TAC",114,"2019"
"Braeburn Neighbourhood Place","1","1","Local",50935,"CSP",115,"2019"
"Breakthroughs Film Festival","1","9","City Wide",7000,"TAC",116,"2019"
"Buddies in Bad Times Theatre","1","13","City Wide",168500,"TAC",117,"2019"
"Burn Down The Capital","1","14","City Wide",5000,"TAC",118,"2019"
"Cabbagetown Youth Centre Inc.","1","13","Neighbourhood",39725,"CSP",119,"2019"
"cacao collective","1","9","City Wide",26700,"TAC",120,"2019"
"CADA-ON","1","13","City Wide",21000,"TAC",121,"2019"
"Cahoots Theatre","1","13","City Wide",50000,"TAC",122,"2019"
"Cajuca Mas Arts Producers","1 of 2","21","Local",15000,"TAC",123,"2019"
"Cajuca Mas Arts Producers","2 of 2","21","City Wide",8000,"TAC",124,"2019"
"Canada Comics Open Library","1","13","City Wide",7000,"TAC",125,"2019"
"Canada's National Ballet School","1","13","City Wide",225000,"MCO",126,"2019"
"Canadian Centre for Victims of Torture","1","13","City Wide",28200,"CSP",127,"2019"
"Canadian Children's Opera Company","1","13","City Wide",24700,"TAC",128,"2019"
"Canadian Contemporary Dance Theatre","1","13","City Wide",56000,"TAC",129,"2019"
"Canadian Dance Assembly / Assemblée canadienne de la danse","1","13","City Wide",15000,"TAC",130,"2019"
"Canadian Green Building Council","1 of 2","10","City-wide",198372,"TAF",131,"2019"
"Canadian Green Building Council","2 of 2","10","City-wide",3e+05,"TAF",132,"2019"
"Canadian Hearing Society","1","12","City Wide",18560,"CSP",133,"2019"
"Canadian Music Centre","1","13","Local",73000,"TAC",134,"2019"
"Canadian Opera Company","1","10","City Wide",1500000,"MCO",135,"2019"
"Canadian Stage","1","13","City Wide",832000,"TAC",136,"2019"
"Canadian Tamil Youth Development Centre","1","24","City Wide",133905,"CSP",137,"2019"
"CanAsian Dance Festival","1","13","City Wide",22000,"TAC",138,"2019"
"CANVAS Arts Action Programs","1","12","Local",14000,"TAC",139,"2019"
"Careers Education Empowerment Centre for Young Black Professionals","1 of 2","17","City Wide",104000,"CB",140,"2019"
"Careers Education Empowerment Centre for Young Black Professionals","2 of 2","17","City Wide",35000,"CB",141,"2019"
"Carefirst Seniors and Community Services Association","1","22","City Wide",98930,"CSP",142,"2019"
"CARFAC Ontario","1","10","City Wide",24000,"TAC",143,"2019"
"Caribbean Canadian Artistic Stars INC","1","7","Neighbourhood",3000,"CCRF",144,"2019"
"Carlton-Sherbourne Garden Group","1","13","Neighbourhood",4951.53,"PTCG",145,"2019"
"Casa Maiz Cultural Centre Inc.","1","6","Local",13500,"TAC",146,"2019"
"Cathedral Bluffs Symphony Orchestra","1","20","Local",20000,"TAC",147,"2019"
"Catholic Crosscultural Services","1 of 2","21","Local",20000,"TAC",148,"2019"
"Catholic Crosscultural Services","2 of 2","21","City Wide",28130,"CSP",149,"2019"
"Cecil Community Centre","1","11","Local",5415,"CSP",150,"2019"
"Central Eglinton Community Centre","1","12","Neighbourhood",29030,"CSP",151,"2019"
"Centre for Connected Communities","1 of 3","25","city wide",175000,"CB",152,"2019"
"Centre for Connected Communities (Local Champion Onetime)","2 of 3","25","city wide",75000,"CB",153,"2019"
"Centre for Connected Communities/Tides Canada Initiatives (Mornelle Court Hub)","3 of 3","25","neighbourhood",65000,"CB",154,"2019"
"Centre for Equality Rights in Accommodation (CERA)","1","10","City wide",118670,"HIF",155,"2019"
"Centre for Immigrant and Community Services","1 of 2","22","City Wide",125560,"CSP",156,"2019"
"Centre for Immigrant and Community Services (CICS)","2 OF 2","22","Neighbourhood",5000,"PTCG",157,"2019"
"Centre for Independent Living in Toronto (C.I.L.T.)","1","13","City Wide",25090,"CSP",158,"2019"
"Centre for Indigenous Theatre","1","10","City Wide",54450,"TAC",159,"2019"
"Centro Cultural Latinoamericano CCL","1","8","local",10000,"EG",160,"2019"
"CFMDC","1","9","City Wide",51000,"TAC",161,"2019"
"Chalkfarm Group","1","6","Neighbourhood",1000,"NG",162,"2019"
"Chester School Pollinator Garden Team","1","14","Neighbourhood",5000,"PTCG",163,"2019"
"Charles Street Video","1","9","City Wide",54500,"TAC",164,"2019"
"Children's Aid Society of Toronto","1","14","City wide",57409,"HIF",165,"2019"
"Children's and Parents' Empowerment (CAPE)","1","1","Neighbourhood",3000,"NG",166,"2019"
"Children's Peace Theatre","1","19","City Wide",50000,"TAC",167,"2019"
"Chinatown Oral History Project","1","11","City Wide",8000,"TAC",168,"2019"
"Chinese Artists Society of Toronto","1","22","City Wide",14500,"TAC",169,"2019"
"Chinese Canadian National Council Toronto Chapter","1","21","City Wide",60275,"CSP",170,"2019"
"Chinese Family Services of Ontario","1","22","City Wide",40095,"CSP",171,"2019"
"Christie Ossington Neighbourhood Centre","1","9","City Wide",73500,"CSP",172,"2019"
"Church of the Resurrection","1","19","Neighbourhood",4740,"PTCG",173,"2019"
"Circle of Home Care Services (Toronto)","1","15","City Wide",105545,"CSP",174,"2019"
"Citadel + Compagnie","1 of 2","13","City Wide",57000,"TAC",175,"2019"
"Citadel + Compagnie","2 of 2","13","City Wide",65000,"TAC",176,"2019"
"Clairlea-Birchmount Community support group","1","20","Neighbourhood",3000,"NG",177,"2019"
"Clay and Paper Theatre","1 of 2","9","Local",25000,"TAC",178,"2019"
"Clay and Paper Theatre","2 of 2","9","Local",24000,"TAC",179,"2019"
"Cliffcrest Community Centre (operating as Heart Beatz)","1","24","Local",36125,"CSP",180,"2019"
"Climate Action Change Champions","1","7","Neighbourhood",7498,"NCAG",181,"2019"
"Climate Change in Mount Dennis","1","5","Neighbourhood",7500,"NCAG",182,"2019"
"Coalition Building","1","9","City Wide",17000,"TAC",183,"2019"
"Coco Collective","1","1","Local",10250,"TAC",184,"2019"
"Collective 65","1","15","City Wide",7900,"TAC",185,"2019"
"Collective Community Building Initiative","1","13","local",5000,"EG",186,"2019"
"Community Arts Guild","1","19","Local",25000,"TAC",187,"2019"
"Community Bridges","1","24","Neighbourhood",2950,"NG",188,"2019"
"Community Information Fairview","1","17","Local",34465,"CSP",189,"2019"
"Community Social Planning Council of Toronto","1 of 4","13","City Wide",305903.43,"NG",190,"2019"
"Community Social Planning Council of Toronto","2 of 4","13","City Wide",48900,"NG",191,"2019"
"Community Social Planning Council of Toronto","3 of 4","13","city wide",120000,"CB",192,"2019"
"Community Social Planning Council of Toronto","4 of 4","13","City Wide",417595,"CSP",193,"2019"
"Community Story Collective","1","14","Local",20000,"TAC",194,"2019"
"Compania Carmen Romero","1","16","City Wide",8000,"TAC",195,"2019"
"Confluence Arts Collective","1","9","Local",14000,"TAC",196,"2019"
"Confluence Concerts","1","11","City Wide",10400,"TAC",197,"2019"
"Connect Youth","1","5","Neighbourhood",3000,"NG",198,"2019"
"Contact Toronto Photography Festival","1","10","City Wide",30000,"TAC",199,"2019"
"Continuum Contemporary Music Ensemble","1","11","City Wide",26000,"TAC",200,"2019"
"Corpoluz Theatre","1","9","Local",4500,"TAC",201,"2019"
"CORPUS","1","9","City Wide",33000,"TAC",202,"2019"
"COSTI Immigrant Services","1 of 2","7","City wide",520335,"HIF",203,"2019"
"COSTI Immigrant Services","2 of 2","9","City Wide",137960,"CSP",204,"2019"
"Council of Agencies Serving South Asians","1 of 2","23","Local",20000,"TAC",205,"2019"
"Council of Agencies Serving South Asians","2 of 2","23","City Wide",60275,"CSP",206,"2019"
"Craft Ontario","1","9","City Wide",23100,"TAC",207,"2019"
"Creative Mafia Arts","1","3","City Wide",9195,"TAC",208,"2019"
"Creative Users Projects","1","9","Local",15000,"TAC",209,"2019"
"Critical Distance Centre for Curators","1","10","City Wide",15000,"TAC",210,"2019"
"Cross Toronto Community Development Corporation (Fresh Start Cleaning)","1","4","Local",139108,"HIF",211,"2019"
"CSPC - Transfiguration","1","2","Neighbourhood",4650,"PTCG",212,"2019"
"Crows Theatre","1","14","City Wide",48000,"TAC",213,"2019"
"CSW’s@Work","1","25","Neighbourhood",2400,"NG",214,"2019"
"CUE-SKETCH","1 of 2","10","City Wide",15000,"TAC",215,"2019"
"CUE-SKETCH","2 of 2","10","City Wide",7000,"TAC",216,"2019"
"Culchahworks Arts Collective","1","10","City Wide",15000,"TAC",217,"2019"
"CultureLink Settlement and Community Services","1 of 2","4","Local",20000,"TAC",218,"2019"
"CultureLink Settlement and Community Services","2 of 2","4","City Wide",73840,"CSP",219,"2019"
"Dance Immersion Ontario","1 of 2","11","City Wide",35000,"TAC",220,"2019"
"Dance Immersion Ontario","2 of 2","11","City Wide",45050,"TAC",221,"2019"
"Dance Matters Dance Productions","1","14","City Wide",10000,"TAC",222,"2019"
"Dance Ontario Association","1","10","City Wide",20000,"TAC",223,"2019"
"DANCE TOGETHER FESTIVAL","1","3","Local",15000,"TAC",224,"2019"
"Dancemakers","1","10","City Wide",96600,"TAC",225,"2019"
"DanceWorks","1","10","City Wide",55000,"TAC",226,"2019"
"Dancing Damsels Inc.","1","20","City Wide",13500,"TAC",227,"2019"
"Dancing Life","1","7","Neighbourhood",2000,"NG",228,"2019"
"Dandelion Initiative","1","9","local",20000,"EG",229,"2019"
"Danforth Gardens Neighbourhood Association","1","20","Neighbourhood",4960.8,"PTCG",230,"2019"
"Davenport-Perth Neighbourhood and Community Health Centre","1","9","Neighbourhood",92400,"CSP",231,"2019"
"David Hornell Junior School & Mimico Residents Association","1","3","Neighbourhood",5000,"PTCG",232,"2019"
"Dawea Road","1","19","Neighbourhood",2500,"NG",233,"2019"
"Dead Roads Collective","1","9","Local",15000,"TAC",234,"2019"
"Delta Family Resource Centre","1 of 3","1","city wide",15000,"CCRF",235,"2019"
"Delta Family Resource Centre","2 of 3","1","City Wide",116310,"CSP",236,"2019"
"Delta Family Resource Centre","3 of 3","1","local",174781,"CSP",237,"2019"
"Derrydowns Park Revival","1","7","Neighbourhood",3000,"NG",238,"2019"
"DevelopMe Youth Centre","1","5","Neighbourhood",1000,"NG",239,"2019"
"Dia de los Muertos Collective","1","12","City Wide",14000,"TAC",240,"2019"
"Diaspora Dialogues Charitable Society","1","11","City Wide",46000,"TAC",241,"2019"
"Diasporadicals","1","11","City Wide",13500,"TAC",242,"2019"
"Directors Lab North","1","14","City Wide",10000,"TAC",243,"2019"
"Discord and Din Theatre","1","13","City Wide",15000,"TAC",244,"2019"
"Distress Centres of Toronto","1","13","City Wide",121370,"CSP",245,"2019"
"Dixon Community Services","1 of 2","1","local",20000,"EG",246,"2019"
"Dixon Community Services","2 of 2","1","Local",57800,"CSP",247,"2019"
"Dixon Hall (operating as Dixon Hall Neighbourhood Services)","1 of 2","13","Local",336705,"CSP",248,"2019"
"Dixon Hall Music School","2 of 2","13","Local",25000,"TAC",249,"2019"
"DOC Toronto","1","10","City Wide",10000,"TAC",250,"2019"
"Don Youth Group","1","20","Neighbourhood",3000,"NG",251,"2019"
"Doris McCarthy Gallery","1","25","City Wide",54900,"TAC",252,"2019"
"Doubletalks Collective","1","9","City Wide",8000,"TAC",253,"2019"
"Dovercourt Boys' and Girls' Club","1","9","Local",56995,"CSP",254,"2019"
"Dreamers League","1","8","Neighbourhood",3000,"NG",255,"2019"
"Dreamwalker Dance Company","1","9","City Wide",25000,"TAC",256,"2019"
"Dugout Collective","1","9","City Wide",6111,"TAC",257,"2019"
"Dusk Dances Inc.","1","9","City Wide",33000,"TAC",258,"2019"
"Dyade Dances","1","13","City Wide",8000,"TAC",259,"2019"
"East End Arts","1","14","City Wide",183000,"LASO",260,"2019"
"East Metro Youth Services","1 of 3","24","city wide",15000,"CCRF",261,"2019"
"East Metro Youth Services","2 of 3","13","Neighbourhood",50000,"GV",262,"2019"
"East Metro Youth Services","3 of 3","24","City Wide",30720,"CSP",263,"2019"
"East Scarborough Boys & Girls Club","1 of 2","24","Neighbourhood",40000,"StART PP",264,"2019"
"East Scarborough Boys and Girls Club","2 of 2","24","Local",180680,"CSP",265,"2019"
"East Scarborough Storefront-Tides Canada","1","24","City Wide",91430,"CSP",266,"2019"
"East York and East Toronto Family Resources Organization","1 of 3","14","City Wide",23040,"CSP",267,"2019"
"East York East Toronto Family Resources - Integrated Service Hub","2 of 3","14","Local",225767,"HIF",268,"2019"
"East York East Toronto Family Resources - Landlord Connect Program","3 of 3","14","City wide",18544,"HIF",269,"2019"
"East York Meals on Wheels","1","15","Local",29535,"CSP",270,"2019"
"Eastview Neighbourhood Community Centre","1","14","Local",68495,"CSP",271,"2019"
"Eastview Neighbourhood Community Centre","1","14","neighbourhood",24101,"CSP",272,"2019"
"Echo Women's Choir","1","13","City Wide",9000,"TAC",273,"2019"
"ECT Collective","1","4","City Wide",14601,"TAC",274,"2019"
"Efficiency Canada","1","13","City-wide",290000,"TAF",275,"2019"
"E-Heroes","1","15","Neighbourhood",5424,"NCAG",276,"2019"
"Eight Fest Small-Gauge Film Festival","1","11","City Wide",11000,"TAC",277,"2019"
"Elevate Resiliency","1","21","Neighbourhood",3000,"NG",278,"2019"
"Elmbank Youth Council","1","1","Neighbourhood",2450,"CCRF",279,"2019"
"Elspeth Heyworth Centre For Women (North York)","1","7","Local",30610,"CSP",280,"2019"
"Emerging Writers","1","14","City Wide",3680,"TAC",281,"2019"
"Emmett Ave Group","1","5","Neighbourhood",2920,"NG",282,"2019"
"Emotionart","1","14","Local",5000,"TAC",283,"2019"
"Enchanted","1","1","City Wide",10000,"TAC",284,"2019"
"Environmental Defence","1","10","City-wide",75000,"TAF",285,"2019"
"Epilepsy Toronto","1","13","City Wide",43765,"CSP",286,"2019"
"Eritrean Canadian Community Centre of Metropolitan Toronto","1","12","City Wide",31330,"CSP",287,"2019"
"Esmeralda Enrique Spanish Dance Company","1","10","City Wide",28000,"TAC",288,"2019"
"Esports Flemingdon Park","1","16","Neighbourhood",2900,"NG",289,"2019"
"Etobicoke Centennial Choir","1","2","Local",4750,"TAC",290,"2019"
"Etobicoke Community Concert Band","1","3","City Wide",6500,"TAC",291,"2019"
"Etobicoke Jazz Festival","1","2","City Wide",4000,"TAC",292,"2019"
"Etobicoke Philharmonic Orchestra","1","2","City Wide",11000,"TAC",293,"2019"
"Etobicoke Services for Seniors","1","2","Local",109590,"CSP",294,"2019"
"Evangel Hall","1","10","Neighbourhood",61312,"HIF",295,"2019"
"Evergreen","1","11","Neighbourhood",5000,"PTCG",296,"2019"
"Extend-A-Family","1","8","City Wide",25065,"CSP",297,"2019"
"Exultate Chamber Singers","1","11","City Wide",8000,"TAC",298,"2019"
"Factory Theatre","1","10","City Wide",169500,"TAC",299,"2019"
"FADO Performance Inc.","1","10","City Wide",24000,"TAC",300,"2019"
"Fall for Dance North Festival Inc.","1","18","City Wide",15000,"TAC",301,"2019"
"Falstaff Junior Youth Council","1","5","Neighbourhood",1000,"NG",302,"2019"
"Falstaff Women's Group","1","5","Neighbourhood",1000,"NG",303,"2019"
"Family Service Toronto","1","13","City Wide",110920,"CSP",304,"2019"
"Favour The Brave","1","19","Local",10000,"TAC",305,"2019"
"FAWN Chamber Creative Collective","1","9","City Wide",6426,"TAC",306,"2019"
"Feast In The East","1","14","Local",15984,"TAC",307,"2019"
"FEM SCRIPT LAB","1","5","City Wide",7900,"TAC",308,"2019"
"Festival Management Committee (Toronto Caribbean Carnival)","1","19","City Wide",625000,"MCO",309,"2019"
"Fife House Foundation Inc.","1","13","City wide",137500,"HIF",310,"2019"
"Film For Artists","1","11","City Wide",10000,"TAC",311,"2019"
"Findhelp Information Services","1","12","City Wide",643340,"CSP",312,"2019"
"First Portuguese Canadian Cultural Centre of Toronto","1","9","Local",14460,"CSP",313,"2019"
"FJR Pollinator Group","1","3","Neighbourhood",5000,"PTCG",314,"2019"
"Flemingdon Thorncliffe Bike Group G9","1","16","Neighbourhood",2100,"NG",315,"2019"
"FoodShare Toronto","1 of 2","5","City Wide",225665,"CSP",316,"2019"
"FoodShare Toronto","2 of 2","5","neighbourhood",17250,"CSP",317,"2019"
"For You Telecare Family Service","1","16","City Wide",16380,"CSP",318,"2019"
"For Youth Initiative in Toronto","1","5","Local",158040,"CSP",319,"2019"
"FRANCO-FÊTE DE LA COMMUNAUTÉ URBAINE DE TORONTO","1","11","City Wide",7500,"TAC",320,"2019"
"Franklin Carmichael Art Group","1","1","Local",4600,"TAC",321,"2019"
"Franklin Horner Community Centre","1","3","City Wide",30730,"CSP",322,"2019"
"Friends Grow Together","1","5","Neighbourhood",2000,"NG",323,"2019"
"Friends of Lawrence-Orton Park","1","24","Neighbourhood",1000,"NG",324,"2019"
"Friends of Roding Park","1","6","Neighbourhood",1000,"NG",325,"2019"
"fu-GEN Theatre Company","1 of 2","13","City Wide",28500,"TAC",326,"2019"
"fu-GEN Theatre Company","2 of 2","13","City Wide",58775,"TAC",327,"2019"
"Fujiwara Dance Inventions","1","13","City Wide",22000,"TAC",328,"2019"
"Forgiveness Project","1 of 2","10","City Wide",91000,"GV",329,"2019"
"F-You: The Forgiveness Project","2 of 2","10","City Wide",13500,"TAC",330,"2019"
"Gallery 44 Centre for Contemporary Photography","1","10","City Wide",86500,"TAC",331,"2019"
"Gardiner Museum","1","11","City Wide",161535,"GSCM",332,"2019"
"Garrison Creek Park Community Garden","1","12","Neighbourhood",5000,"PTCG",333,"2019"
"Generator Performance","1","11","City Wide",36000,"TAC",334,"2019"
"George Chuvalo Community Centre","1","9","Neighbourhood",4151.92,"PTCG",335,"2019"
"Genevieve Collective","1","11","City Wide",10000,"TAC",336,"2019"
"GHANAFEST","1","1","Local",13500,"TAC",337,"2019"
"Glad Day Bookshop Proud Voices Collective","1","13","City Wide",12200,"TAC",338,"2019"
"Glendower Ladies Back to School","1","22","Neighbourhood",3000,"NG",339,"2019"
"Glory Hole Gallery","1","13","Local",5000,"TAC",340,"2019"
"Good Food Good People","1","23","local",17404,"EG",341,"2019"
"Gordonridge Action Group","1","20","Neighbourhood",1400,"CCRF",342,"2019"
"Green Room Sound Collective","1","13","City Wide",900,"TAC",343,"2019"
"Green Thumbs Growing Kids","1 of 2","13","Neighbourhood",5000,"PTCG",344,"2019"
"Green Thumbs Growing Kids","2 of 2","14, 19, 13, 10, 11","City-wide",15818,"FOR",345,"2019"
"Greenest City","1","4","local",19914,"EG",346,"2019"
"Greenland & Community Butterflyway Pollinator Garden","1","16","Neighbourhood",4677.82,"PTCG",347,"2019"
"Harbord Collegiate Institute and Palmerston Area Residents Association (PARA)","1","11","Neighbourhood",5000,"PTCG",348,"2019"
"Hand Eye Society","1","11","City Wide",15000,"TAC",349,"2019"
"Harbourfront Centre","1","10","City Wide",1315500,"MCO",350,"2019"
"Harriet Tubman Community Organization","1","17","Local",53170,"CSP",351,"2019"
"Healing As One","1","13","Neighbourhood",3000,"CCRF",352,"2019"
"Health Arts Society of Ontario","1","13","City Wide",3250,"TAC",353,"2019"
"Hemophilia Ontario","1","18","City Wide",28200,"CSP",354,"2019"
"Henry G20 Group","1","4","City Wide",14000,"TAC",355,"2019"
"HER Creative TO","1","10","City Wide",6500,"TAC",356,"2019"
"Hercinia Arts Collective","1","14","Local",25000,"TAC",357,"2019"
"Heritage Red Oak Committee","1","7","Neighbourhood",3000,"NG",358,"2019"
"Heron Park Youth Council","1","25","Neighbourhood",2981,"CCRF",359,"2019"
"Highway of Heroes","1","6, 8, 16, 17","City-wide",1e+05,"FOR",360,"2019"
"Hispanic Development Council","1","6","City Wide",60275,"CSP",361,"2019"
"Holla Jazz Performance Projects","1","12","City Wide",10000,"TAC",362,"2019"
"Hong Fook Mental Health Association","1","22","City Wide",25065,"CSP",363,"2019"
"Hope and Hustle Heights","1","8","Neighbourhood",2791.56,"CCRF",364,"2019"
"Hopewell Community Garden","1","8","Neighbourhood",4972,"PTCG",365,"2019"
"Hot Damn It's A Queer Slam","1","19","City Wide",7000,"TAC",366,"2019"
"Hot Docs","1 of 2","11","Local",29200,"TAC",367,"2019"
"Hot Docs","2 of 2","11","City Wide",190000,"TAC",368,"2019"
"HOUSE AND BODY","1","9","City Wide",10000,"TAC",369,"2019"
"Human Body Expression","1","19","Local",13000,"TAC",370,"2019"
"Human Cargo","1","14","Local",15000,"TAC",371,"2019"
"HumberleaStrong","1","7","Neighbourhood",1750,"CCRF",372,"2019"
"Humewood House Association","1","12","City wide",71915.45,"HIF",373,"2019"
"Hydrate Like A Hero Program Champions","1","1","Neighbourhood",7500,"NCAG",374,"2019"
"iBall","1","16","Neighbourhood",3000,"NG",375,"2019"
"Illumine Media Project","1","11","Local",15000,"TAC",376,"2019"
"imagineNATIVE Film + Media Arts Festival","1","10","City Wide",75000,"TAC",377,"2019"
"IMMER","1","4","City Wide",7772,"TAC",378,"2019"
"Improving Healthy Lives","1","9","Neighbourhood",2157,"NG",379,"2019"
"InDANCE South Asian Dance Arts Inc.","1","13","City Wide",15000,"TAC",380,"2019"
"Indefiniable Folks","1","9","City Wide",12000,"TAC",381,"2019"
"Indians Out in the Park Collective II","1","9","City Wide",8000,"TAC",382,"2019"
"Indigenous Fashion Week Toronto","1","14","City Wide",12000,"TAC",383,"2019"
"Indigenous Performing Arts Alliance","1","10","City Wide",12000,"TAC",384,"2019"
"INKspire Youth Organization","1","10","Local",9952.5,"INI",385,"2019"
"InkWell Workshops","1","4","City Wide",14000,"TAC",386,"2019"
"Inner City Angels","1 of 2","3","City Wide",20000,"TAC",387,"2019"
"Inner City Angels","2 of 2","3","City Wide",35000,"TAC",388,"2019"
"Inside Out Lesbian and Gay Film Festival Inc.","1","10","City Wide",52000,"TAC",389,"2019"
"Insomniac Film Festival","1","3","City Wide",15000,"TAC",390,"2019"
"Inspirations Studio","1","4","Local",14000,"TAC",391,"2019"
"InterAccess","1","9","City Wide",51000,"TAC",392,"2019"
"International Readings at Harbourfront","1","10","City Wide",161000,"TAC",393,"2019"
"Ionview Zero Waste Collective","1","21","Neighbourhood",5800,"NCAG",394,"2019"
"Ipsita Nova Dance Projects","1","9","City Wide",25000,"TAC",395,"2019"
"Iranian Canadian Centre for Art and Culture","1","17","City Wide",25000,"TAC",396,"2019"
"Iranian Women's Organization of Ontario","1","17","City Wide",36630,"CSP",397,"2019"
"Islington Centre - Etobicoke Senior Citizens","1","3","Neighbourhood",36980,"CSP",398,"2019"
"Ismailova Theatre of Dance","1 of 2","6","Local",15000,"TAC",399,"2019"
"Ismailova Theatre of Dance","2 of 2","6","Local",13000,"TAC",400,"2019"
"It's OK Inc.","1","11","City Wide",11250,"TAC",401,"2019"
"Jacqueline Comrie","1","10","Neighbourhood",30500,"StART PP",402,"2019"
"Jamestown","1","1","Neighbourhood",3000,"NG",403,"2019"
"Jamii","1","10","Local",11000,"TAC",404,"2019"
"Jane Alliance Neighbourhood Services","1","5","local",16896,"EG",405,"2019"
"Jane/Finch Community and Family Centre","1 of 2","7","local",125000,"CCRF",406,"2019"
"Jane/Finch Community and Family Centre","2 of 2","7","Local",166645,"CSP",407,"2019"
"Japanese Social Services","1","16","City Wide",31330,"CSP",408,"2019"
"JAYU Festival Inc","1","10","Local",20000,"TAC",409,"2019"
"Jeng Yi","1 of 2","18","Local",14430,"TAC",410,"2019"
"Jeng Yi","2 of 2","18","City Wide",10000,"TAC",411,"2019"
"Jessie's - The June Callwood Centre for Young Women","1 of 2","13","City Wide",23530,"CSP",412,"2019"
"Jessie's, The June Callwood Centre for Young Women","2 of 2","13","City wide",54782,"HIF",413,"2019"
"JKCD3","1","7","Neighbourhood",2000,"NG",414,"2019"
"Jubilate Singers","1","8","City Wide",5000,"TAC",415,"2019"
"Jumblies Theatre","1 of 2","10","Local",24500,"TAC",416,"2019"
"Jumblies Theatre","2 of 2","10","City Wide",82000,"TAC",417,"2019"
"K.E Residents (Keele and Eglinton residents)","1","5","Neighbourhood",3000,"NG",418,"2019"
"Kababayan Community Service Centre Inc","1","4","City Wide",36125,"CSP",419,"2019"
"Kaeja d'Dance","1 of 2","11","Local",25000,"TAC",420,"2019"
"Kaeja d'Dance","2 of 2","11","City Wide",34600,"TAC",421,"2019"
"Kapapamahchakwew Parent Council","1","14","Neighbourhood",4980,"PTCG",422,"2019"
"Kaha:wi Dance Theatre","1","11","Local",40000,"TAC",423,"2019"
"KasheDance","1","13","City Wide",10000,"TAC",424,"2019"
"KCWA Family and Social Services","1","11","City Wide",42680,"CSP",425,"2019"
"Kemi Contemporary Dance Projects","1","13","Local",15000,"TAC",426,"2019"
"Kennedy & Eglington Youth Advisory Group","1","20","Neighbourhood",2000,"NG",427,"2019"
"KGO Seniors Resident Group","1","24","Neighbourhood",1000,"NG",428,"2019"
"KGO Story Tellers Group","1","24","Neighbourhood",1000,"NG",429,"2019"
"Khedmaat and Support for Seniors","1","8","local",11720,"EG",430,"2019"
"Kick Start Arts Society","1 of 2","1","Local",20000,"TAC",431,"2019"
"Kick Start Arts Society","2 of 2","1","Local",13500,"TAC",432,"2019"
"King George Junior Public School Parent Council","1","4","Neighbourhood",4560,"PTCG",433,"2019"
"Kingsview Village Westway 21st Century Learners","1","1","Neighbourhood",2000,"NG",434,"2019"
"Kingsview-The Westway NIA members","1","2","Neighbourhood",3000,"NG",435,"2019"
"KJ Bit","1","18","Neighbourhood",18595,"StART PP",436,"2019"
"Koffler Gallery of the Koffler Centre of the Arts","1","10","City Wide",50000,"TAC",437,"2019"
"Korean Dance Studies Society of Canada","1","16","City Wide",17000,"TAC",438,"2019"
"Korean Senior Citizens Society of Toronto","1","11","City Wide",24090,"CSP",439,"2019"
"Korean-Canadian Physically Challenged Adults Community","1","17","local",20000,"EG",440,"2019"
"Kumasi Asafo Charitable Foundation","1","7","local",5000,"EG",441,"2019"
"La Passerelle Integration et Development Economique","1","13","City Wide",67980,"CSP",442,"2019"
"Labyrinth Musical Workshop Ontario","1 of 2","14","Local",19204,"TAC",443,"2019"
"Labyrinth Musical Workshop Ontario","2 of 2","14","City Wide",12000,"TAC",444,"2019"
"Lake Effect Projects","1","10","Local",19000,"TAC",445,"2019"
"Lakeshore Area Multi-Service Project","1","3","Local",86720,"CSP",446,"2019"
"Lakeshore Arts Committee","1","3","City-wide",313430,"LASO",447,"2019"
"Lao Association of Ontario","1","6","City Wide",33845,"CSP",448,"2019"
"Latin American Art Projects","1","10","City Wide",25000,"TAC",449,"2019"
"Latin Mom in Canada","1","8","Neighbourhood",2000,"NG",450,"2019"
"Latvian Senior Citizens' Association in Metropolitan Toronto","1","16","City Wide",12055,"CSP",451,"2019"
"Latvian Song Festival Association in Canada","1","16","City Wide",7200,"TAC",452,"2019"
"Laurier Students Support Group","1","24","Neighbourhood",2450,"CCRF",453,"2019"
"Lawrence Galloway Community Group","1","24","Neighbourhood",1000,"NG",454,"2019"
"Lawrence Galloway Resident Committee (LGRC)","1","24","Neighbourhood",3000,"CCRF",455,"2019"
"Lawrence Heights Parents Association","1","8","Neighbourhood",2750,"CCRF",456,"2019"
"Le Laboratoire d'Art","1","10","City Wide",18000,"TAC",457,"2019"
"Le Theatre francais de Toronto","1","11","City Wide",115000,"TAC",458,"2019"
"Le Theatre La Tangente","1","12","Local",15000,"TAC",459,"2019"
"LEAF - Local Enhancement and Appreciation of Forests","1 of 3","12","City-wide",51800,"FOR",460,"2019"
"LEAF - Local Enhancement and Appreciation of Forests","2 of 3","6,14, 24","City-wide",66000,"FOR",461,"2019"
"LEAF - Local Enhancement and Appreciation of Forests","3 of 3","12","City-wide",1e+05,"FOR",462,"2019"
"League of Canadian Poets","1","13","City Wide",19100,"TAC",463,"2019"
"Learning Disabilities Association of Toronto District","1","18","City Wide",64290,"CSP",464,"2019"
"Learning Is For Everyone Foundation","1","3","City Wide",9999,"TAC",465,"2019"
"Les Centres d'Accueil Héritage","1","10","City Wide",65145,"CSP",466,"2019"
"Lesbian Gay Bi Trans Youth Line","1","13","City Wide",45450,"CSP",467,"2019"
"Leyland Adams","1","1","Neighbourhood",23000,"StART PP",468,"2019"
"Liaison of Independent Filmmakers of Toronto","1","9","City Wide",77000,"TAC",469,"2019"
"Lifted by Purpose","1","13","Neighbourhood",10000,"INI",470,"2019"
"Little Pear Garden Dance Company","1 of 2","17","Local",15000,"TAC",471,"2019"
"Little Pear Garden Dance Company","2 of 2","17","Local",18000,"TAC",472,"2019"
"Long Branch Neighbourhood Association","1","3","Neighbourhood",49500,"FOR",473,"2019"
"Long Winter","1","9","City Wide",17100,"TAC",474,"2019"
"LOVE - Leave Out Violence, Ontario","1","8","local",19905,"EG",475,"2019"
"Lovely Women Rising","1","7","Neighbourhood",1550,"NG",476,"2019"
"Loyola Arrupe Centre for Seniors (operating as LA Centre for Active Living)","1","9","City Wide",23585,"CSP",477,"2019"
"Lula Music and Arts Centre","1","9","City Wide",65000,"TAC",478,"2019"
"Lumacare Services","1","6","City Wide",91295,"CSP",479,"2019"
"MABELLEarts","1 of 2","9","Local",25000,"TAC",480,"2019"
"MABELLEarts","2 of 2","9","Local",24000,"TAC",481,"2019"
"MADE IN EXILE","1","4","Local",14000,"TAC",482,"2019"
"Make Friends Creative Community Collaborative","1","11","Local",15452,"TAC",483,"2019"
"Malvern Family Resource Centre","1","25","Local",208455,"CSP",484,"2019"
"Malvern Youth Cabinet","1","25","neighbourhood",15000,"EG",485,"2019"
"Mammalian Diving Reflex Theatre Group","1","10","City Wide",25000,"TAC",486,"2019"
"manidoons collective","1","4","City Wide",10000,"TAC",487,"2019"
"Manifesto Community Projects Inc.","1","10","City Wide",39000,"TAC",488,"2019"
"Mass Culture","1","10","Local",15000,"TAC",489,"2019"
"Mayworks Festival","1 of 2","11","Local",29997,"TAC",490,"2019"
"Mayworks Festival","2 of 2","11","City Wide",25000,"TAC",491,"2019"
"Members of Malvern","1","25","Neighbourhood",2600,"NG",492,"2019"
"Menaka Thakkar Dance Company of Canada","1","18","City Wide",12600,"TAC",493,"2019"
"Mercer Union, A Centre for Contemporary Visual Art","1","9","Local",72500,"TAC",494,"2019"
"Metropolitan Action Committee on Violence Against Women and Children","1","11","City Wide",330805,"CSP",495,"2019"
"Miles Nadal Jewish Community Centre","1","11","City Wide",10500,"TAC",496,"2019"
"Mixed Company Theatre","1","13","City Wide",18825,"TAC",497,"2019"
"Modern Batik Couture","1","6","Local",13500,"TAC",498,"2019"
"Modern Times Stage Company","1","9","City Wide",37500,"TAC",499,"2019"
"Momiji Health Care Society","1","24","City Wide",38595,"CSP",500,"2019"
"Monica Wickeler","1","13","Neighbourhood",39200,"StART PP",501,"2019"
"Mood Disorders Association of Ontario and Toronto","1","8","City Wide",18810,"CSP",502,"2019"
"Moonhorse Dance Theatre","1","9","City Wide",15000,"TAC",503,"2019"
"Mooredale Concerts","1","11","City Wide",3750,"TAC",504,"2019"
"More than Special Needs","1","7","Neighbourhood",2000,"NG",505,"2019"
"Morningside","1","24","Neighbourhood",2500,"NG",506,"2019"
"Mother Of Peace","1","13","Neighbourhood",2603.5,"CCRF",507,"2019"
"Mothers of North York","1","6","Neighbourhood",2000,"NG",508,"2019"
"Mothers of O'Connor","1","16","Neighbourhood",2000,"NG",509,"2019"
"Motivated Citizens","1","4","Neighbourhood",7500,"NCAG",510,"2019"
"Mount Dennis Eco-Neighbourhood Initiative","1","5","Neighbourhood",7500,"NCAG",511,"2019"
"Moveable Beast","1","9","City Wide",13000,"TAC",512,"2019"
"Muhtadi International Drumming Festival","1","12","City Wide",12000,"TAC",513,"2019"
"Mural Routes Inc.","1 of 2","20","City Wide",30000,"TAC",514,"2019"
"Mural Routes Inc.","2 of 2","25","Neighbourhood",50000,"StART PP",515,"2019"
"Museum of Contemporary Art Toronto (MOCA Toronto)","1","9","City Wide",321313,"GSCM",516,"2019"
"Museum of Toronto History","1","10","City Wide",75000,"TAC",517,"2019"
"Music Africa of Canada Inc.","1","12","City Wide",43375,"TAC",518,"2019"
"Music From Hope","1","14","Local",13500,"TAC",519,"2019"
"Music Toronto","1","13","City Wide",86500,"TAC",520,"2019"
"Naadmaagit Ki (NKG) “Helpers of the Earth”","1","9","Neighbourhood",5000,"PTCG",521,"2019"
"Na Me Res Sagatay","1","12","Neighbourhood",25600,"StART PP",522,"2019"
"Nagata Shachu Japanese Taiko and Music Group","1 of 2","23","Local",15000,"TAC",523,"2019"
"Nagata Shachu Japanese Taiko and Music Group","2 of 2","23","City Wide",23000,"TAC",524,"2019"
"National Ballet of Canada","1","10","City Wide",1390000,"MCO",525,"2019"
"National Initiative for the Care of the Elderly (NICE) (HomeShare Pilot Project)","1","11","City Wide",120000,"CB",526,"2019"
"National Shevchenko Musical Ensemble Guild of Canada","1","11","City Wide",7500,"TAC",527,"2019"
"Native Canadian Centre of Toronto","1","11","City Wide",85210,"CSP",528,"2019"
"Native Child and  Family Services of Toronto","1 of 2","13","City Wide",125195,"CSP",529,"2019"
"Native Child and Family Services of Toronto","2 of 2","13","Local",15000,"TAC",530,"2019"
"Native Earth Performing Arts Inc.","1","13","City Wide",89250,"TAC",531,"2019"
"Native Women in the Arts","1","10","City Wide",40000,"TAC",532,"2019"
"Native Women's Resource Centre of Toronto","1","13","City Wide",96045,"CSP",533,"2019"
"Nazar-i Turkwaz","1","9","City Wide",9075,"TAC",534,"2019"
"Necessary Angel Theatre Company","1","10","City Wide",60300,"TAC",535,"2019"
"Neighbourhood Information Post","1","13","Neighbourhood",43220,"CSP",536,"2019"
"Neighbours4Nectar","1","19","Neighbourhood",4890,"PTCG",537,"2019"
"Nepalese Group","1","19","Neighbourhood",2500,"NG",538,"2019"
"New Blue Emerging Dance","1","13","City Wide",8000,"TAC",539,"2019"
"New Canadian Community Centre","1","17","City Wide",47290,"CSP",540,"2019"
"New Friends DIY","1","9","City Wide",3500,"TAC",541,"2019"
"New Music Concerts","1","13","City Wide",52250,"TAC",542,"2019"
"New Tradition Music","1","7","Local",13000,"TAC",543,"2019"
"Newcomer Women's Services Toronto","1","14","City Wide",45120,"CSP",544,"2019"
"Nia Centre for the Arts","1 of 2","12","City Wide",25000,"TAC",545,"2019"
"Nia Centre for the Arts","2 of 2","12","City Wide",24875,"TAC",546,"2019"
"Nick Sweetman","1","17","Neighbourhood",24500,"StART PP",547,"2019"
"Nightswimming Repertory Theatre","1","10","City Wide",17000,"TAC",548,"2019"
"Nightwood Theatre","1","10","City Wide",73000,"TAC",549,"2019"
"Nikki Knows","1","11","Citywide",150000,"GV",550,"2019"
"Noble Solutions","1","7","Neighbourhood",2000,"NG",551,"2019"
"North Etobicoke Residents' Council","1","7","Neighbourhood",3000,"NG",552,"2019"
"North York Arts","1","18","City Wide",287240,"LASO",553,"2019"
"North York Community House","1","8","Local",224415,"CSP",554,"2019"
"North York Harvest Food Bank","1 of 2","5","City-wide",25000,"WRCG",555,"2019"
"North York Harvest Food Bank","2 of 2","5","Local",25065,"CSP",556,"2019"
"North York Seniors Centre","1","18","Neighbourhood",97475,"CSP",557,"2019"
"North York Women's Resource Centre","1","5","Local",53545,"CSP",558,"2019"
"Northern Visions Independent Film & Video Association","1","10","City Wide",58000,"TAC",559,"2019"
"Northwood Neighbourhood Services","1","7","Local",49635,"CSP",560,"2019"
"NOWADAYS THEATRE","1","18","City Wide",10000,"TAC",561,"2019"
"Obsidian Theatre Company Inc.","1","14","City Wide",65500,"TAC",562,"2019"
"OCASI - Ontario Council of Agencies Serving Immigrants","1 of 2","8","City Wide",30105,"CSP",563,"2019"
"OCASI - Ontario Council of Agencies Serving Immigrants","2 of 2","8","city wide",1e+05,"CB",564,"2019"
"Onsite Gallery at OCAD University","1","10","City Wide",15000,"TAC",565,"2019"
"Ontario Association of Art Galleries","1","10","City Wide",24000,"TAC",566,"2019"
"Ontario Library Association","1","13","City Wide",6500,"TAC",567,"2019"
"Open Book Foundation","1","11","City Wide",15000,"TAC",568,"2019"
"Open Heart Surgery Theatre","1","9","City Wide",8500,"TAC",569,"2019"
"Open HXOUSE Inc.","1","10","City Wide",70000,"TAC",570,"2019"
"Open Studio","1","10","City Wide",73000,"TAC",571,"2019"
"Opera Atelier","1","13","City Wide",90000,"TAC",572,"2019"
"Opera in Concert","1","14","City Wide",30000,"TAC",573,"2019"
"OperaQ","1","12","City Wide",8000,"TAC",574,"2019"
"Opportunity for Advancement","1","9","City Wide",50110,"CSP",575,"2019"
"Orchestra Toronto","1","18","City Wide",22000,"TAC",576,"2019"
"Oriana Women's Choir","1","14","City Wide",12500,"TAC",577,"2019"
"Orpheus Choir of Toronto","1","12","City Wide",27000,"TAC",578,"2019"
"Outside the March Theatre Company Inc","1","11","City Wide",23000,"TAC",579,"2019"
"PAL- Reading Services Inc.","1","13","City Wide",16680,"CSP",580,"2019"
"Panorama Community Garden Group","1","1","Neighbourhood",2000,"NG",581,"2019"
"Paperhouse Outreach Collective","1","10","City Wide",13944,"TAC",582,"2019"
"Paprika Theatre Festival","1","10","City Wide",15000,"TAC",583,"2019"
"Paradigm Productions","1","9","City Wide",14601,"TAC",584,"2019"
"Parenting Group","1 of 2","15","Neighbourhood",7500,"NCAG",585,"2019"
"Parenting Group","2 of 2","15","Neighbourhood",1900,"NG",586,"2019"
"Parents of Carleton Village","1","9","Neighbourhood",2843,"NG",587,"2019"
"Parkdale Activity - Recreation Centre","1 of 2","4","Local",7950,"TAC",588,"2019"
"Parkdale Activity Recreation Centre","2 of 2","4","City wide",26593,"HIF",589,"2019"
"Parkdale Community Information Centre Toronto","1","4","Neighbourhood",29030,"CSP",590,"2019"
"Parkdale Community Peer Musicians Collective","1","4","Neighbourhood",1000,"NG",591,"2019"
"Parkdale English as a Second Language Group","1","4","Neighbourhood",1450,"NG",592,"2019"
"Parkdale Golden Age Foundation","1","4","Neighbourhood",60920,"CSP",593,"2019"
"Parkdale Intercultural Association (Toronto)","1","4","Neighbourhood",70145,"CSP",594,"2019"
"Parkdale Project Read Inc.","1","10","City Wide",7850,"TAC",595,"2019"
"Parks N' Wreck","1","4","Local",25000,"TAC",596,"2019"
"Pathway Community Foundation","1","6","neighbourhood",10000,"EG",597,"2019"
"paul watson productions","1","14","City Wide",10000,"TAC",598,"2019"
"Pax Christi Chorale","1","17","City Wide",20000,"TAC",599,"2019"
"Peacebuilders","1","13","Local",98000,"GV",600,"2019"
"Pearle Harbour","1","9","City Wide",5000,"TAC",601,"2019"
"Peggy Baker Dance Projects","1","11","City Wide",35000,"TAC",602,"2019"
"Peru  Dyer Jalea","1","8","Neighbourhood",50000,"StART PP",603,"2019"
"Peter Pan Collective","1","11","City Wide",5000,"TAC",604,"2019"
"PIECE OF MINE Festival","1","8","City Wide",8000,"TAC",605,"2019"
"Pink Pluto","1","9","City Wide",15000,"TAC",606,"2019"
"Pivot Readings Series","1","9","City Wide",7000,"TAC",607,"2019"
"Planet in Focus","1","10","City Wide",25000,"TAC",608,"2019"
"Playwrights Guild of Canada","1","10","City Wide",25000,"TAC",609,"2019"
"Pleiades Theatre","1","10","City Wide",23000,"TAC",610,"2019"
"Pollution Probe","1","16","Local",50000,"TAF",611,"2019"
"Polycultural Immigrant and Community Services","1","2","City Wide",31190,"CSP",612,"2019"
"PositiveVibes T.O.","1","25","Neighbourhood",9965,"INI",613,"2019"
"Possibility Thinkers","1","24","Neighbourhood",1000,"NG",614,"2019"
"pounds per square inch performance","1","13","City Wide",15000,"TAC",615,"2019"
"Prairie Drive Park","1 of 2","20","Neighbourhood",5462.5,"NCAG",616,"2019"
"Prairie Drive Park","2 of 2","20","Neighbourhood",1800,"NG",617,"2019"
"PRATIBHA ARTS","1 of 2","10","Local",20000,"TAC",618,"2019"
"PRATIBHA ARTS","2 of 2","10","City Wide",15000,"TAC",619,"2019"
"Prefix Institute of Contemporary Art, Inc.","1","10","City Wide",34000,"TAC",620,"2019"
"Pride Toronto","1","13","City Wide",260000,"MCO",621,"2019"
"ProArteDanza Performance Inc","1","13","City Wide",15000,"TAC",622,"2019"
"Professional Association of Canadian Theatres","1","10","City Wide",8000,"TAC",623,"2019"
"Project 40 Collective","1 of 2","11","City Wide",10000,"TAC",624,"2019"
"Project 40 Collective","2 of 2","11","City Wide",12000,"TAC",625,"2019"
"Prologue to the Performing Arts","1","10","City Wide",35000,"TAC",626,"2019"
"Promoting Education and Community Health","1 of 2","7","Neighbourhood",64080,"CSP",627,"2019"
"Promoting Education and Community Health (PEACH)","2 of 2","7","Local",1e+05,"GV",628,"2019"
"Prosserman Jewish Community Centre","1","6","City Wide",14330,"CSP",629,"2019"
"Public Access","1","7","Local",15000,"TAC",630,"2019"
"Public Recordings Performance Projects","1","4","City Wide",20400,"TAC",631,"2019"
"Puppetmongers Theatre","1","11","City Wide",20000,"TAC",632,"2019"
"Qi2Tech","1","21","City Wide",9200,"INI",633,"2019"
"QuipTake","1","12","City Wide",10000,"TAC",634,"2019"
"Quote Unquote Collective","1","4","Local",15000,"TAC",635,"2019"
"Racial Justice Fund","1","9","City Wide",13500,"TAC",636,"2019"
"Rain Gardens United (RGU)","1","14","Neighbourhood",5000,"PTCG",637,"2019"
"Raging Asian Women Taiko Drummers","1","5","City Wide",12000,"TAC",638,"2019"
"Rainbow West","1","5","Neighbourhood",10000,"INI",639,"2019"
"Ralph Thornton Community Centre","1 of 2","14","Local",36530,"CSP",640,"2019"
"Ralph Thornton Community Centre","2 of 2","14","neighbourhood",20000,"CSP",641,"2019"
"Ravina Community Garden","1","4","Neighbourhood",5000,"PTCG",642,"2019"
"Reach for Change","1","15","Neighbourhood",1300,"NG",643,"2019"
"REAson d'etre dance productions","1","4","City Wide",15000,"TAC",644,"2019"
"Red Dress Productions Incorporated","1 of 2","14","City Wide",23000,"TAC",645,"2019"
"Red Dress Productions Incorporated","2 of 2","14","City Wide",60000,"TAC",646,"2019"
"Red Embers","1","19","City Wide",12000,"TAC",647,"2019"
"Red Pepper Spectacle Arts","1","11","City Wide",35000,"TAC",648,"2019"
"Red Sky Performance","1","10","City Wide",45000,"TAC",649,"2019"
"ReelAbilities Film Festival Toronto","1","11","City Wide",12000,"TAC",650,"2019"
"Regenesis","1","25","Neighbourhood",5000,"PTCG",651,"2019"
"Reelworld Film Festival Inc.","1","14","Local",15000,"TAC",652,"2019"
"Regent Park Film Festival Inc.","1","13","City Wide",28000,"TAC",653,"2019"
"Regent Park Focus Youth Media Arts Centre","1","13","City Wide",48000,"TAC",654,"2019"
"Regent Park Mothers of Peace","1","13","Neighbourhood",2695,"NG",655,"2019"
"Regional Communities Bridge (Community Bridges)","1","20","Neighbourhood",7400,"NCAG",656,"2019"
"Residents of South Parkdale","1","4","Neighbourhood",1550,"NG",657,"2019"
"Resilient Residents","1","21","Neighbourhood",2200,"CCRF",658,"2019"
"reWork Productions","1","10","Local",15000,"TAC",659,"2019"
"Rexdale Community Health Centre","1","1","Local",162845,"CSP",660,"2019"
"Rexdale Community Hub","1","1","Local",301435,"CSP",661,"2019"
"Rexdale Women's Centre","1","1","Local",104310,"CSP",662,"2019"
"Rexdale Youth Mentorship","1","1","Local",10000,"INI",663,"2019"
"Right Path World Arts Centre","1","7","Local",9800,"TAC",664,"2019"
"Ringfire Productions","1","11","Neighbourhood",47560,"StART PP",665,"2019"
"Rising Tamil Youth","1","21","Neighbourhood",2700,"NG",666,"2019"
"Rock sin Banderas","1","9","City Wide",11000,"TAC",667,"2019"
"Rouge Valley Foundation","1","25","Neighbourhood",2300,"PTCG",668,"2019"
"Roseneath Theatre","1","9","City Wide",73000,"TAC",669,"2019"
"RT Collective","1","4","City Wide",3000,"TAC",670,"2019"
"Rustic Community Network","1","5","Neighbourhood",1000,"NG",671,"2019"
"Ryerson City Building Institute","1","13","City-wide",20000,"TAF",672,"2019"
"S.E.A.S. Centre (Support Enhance Access Services Centre)","1","22","City Wide",87260,"CSP",673,"2019"
"San Lorenzo Latin American Community Centre","1","8","City Wide",4000,"TAC",674,"2019"
"San Romanoway Revitalization Association","1","7","Local",83760,"CSP",675,"2019"
"SAVAC","1","10","City Wide",45000,"TAC",676,"2019"
"SaveOurSomaliYouth","1","7","Neighbourhood",7476.5,"INI",677,"2019"
"Scadding Court Community Centre","1 of 2","10","Neighbourhood",184720,"CSP",678,"2019"
"Scadding Court Community Centre","2 of 2","10","neighbourhood",160000,"CSP",679,"2019"
"Scarborough Arts","1 of 2","20","Neighbourhood",5000,"PTCG",680,"2019"
"Scarborough Arts","2 of 2","20","City-wide",282000,"LASO",681,"2019"
"Scarborough Bluffs Community Association","1","20","Neighbourhood",5000,"PTCG",682,"2019"
"Scarborough Centre for Healthy Communities","1","24","Local",195935,"CSP",683,"2019"
"Scarborough Philharmonic Orchestra","1","8","City Wide",23000,"TAC",684,"2019"
"Scarborough Women's Centre","1","24","Neighbourhood",38615,"CSP",685,"2019"
"Scribble Me Silly","1","14","City Wide",8000,"TAC",686,"2019"
"SEAT - Scarlett Environmental Awareness","1","2","Neighbourhood",2800,"NG",687,"2019"
"Second Sleep Stage Creations","1","18","Local",2250,"TAC",688,"2019"
"Seeking Bridge","1","11","Local",8000,"TAC",689,"2019"
"Senior Peoples' Resources In North Toronto Incorporated (operating as SPRINT Senior Care)","1","12","Local",103400,"CSP",690,"2019"
"Senior Persons Living Connected","1","22","Local",104740,"CSP",691,"2019"
"Senior Tamils' Centre of Ontario","1","23","City Wide",62565,"CSP",692,"2019"
"Settlement Assistance and Family Support Services (SAFSS)","1","24","Local",55250,"CSP",693,"2019"
"Shadowland Theatre","1 of 2","10","Local",25000,"TAC",694,"2019"
"Shadowland Theatre","2 of 2","10","Local",20000,"TAC",695,"2019"
"Shakespeare In Action","1","10","Local",25000,"TAC",696,"2019"
"Shakespeare in the Ruff","1","11","City Wide",15000,"TAC",697,"2019"
"Shameless Media","1","19","City Wide",10200,"TAC",698,"2019"
"SICK MUSE ART PROJECTS","1","9","Local",13000,"TAC",699,"2019"
"Silent Voice Canada Inc.","1","12","City Wide",33470,"CSP",700,"2019"
"Silversprings Youth Group","1","22","Neighbourhood",2000,"NG",701,"2019"
"Sinfonia Toronto","1","17","City Wide",12350,"TAC",702,"2019"
"SING! The Toronto Vocal Arts Festival","1","19","City Wide",6480,"TAC",703,"2019"
"Sister Circle Collective","1","3","City Wide",10000,"INI",704,"2019"
"Sistercode","1","5","Neighbourhood",8000,"INI",705,"2019"
"SKETCH Working Arts for Street-involved and Homeless Youth","1 of 2","10","City Wide",110000,"TAC",706,"2019"
"SKETCH Working Arts for Street-involved and Homeless Youth","2 of 2","10","City Wide",65000,"TAC",707,"2019"
"Small World Music Society","1 of 2","4","City Wide",20000,"TAC",708,"2019"
"Small World Music Society","2 of 2","4","City Wide",54500,"TAC",709,"2019"
"Smutburger","1","11","City Wide",5620,"TAC",710,"2019"
"So Much Drama","1","11","City Wide",14000,"TAC",711,"2019"
"Social Growl Dance Inc.","1","13","City Wide",8000,"TAC",712,"2019"
"Social Issues Puppeteers","1","4","Neighbourhood",1000,"NG",713,"2019"
"Society of Sharing: Inner-City Volunteers","1","13","Local",17315,"CSP",714,"2019"
"SoCirC","1","11","City Wide",12500,"TAC",715,"2019"
"Somali Canadian Association for Etobicoke","1 of 2","1","neighbourhood",9425,"EG",716,"2019"
"Somali Canadian Association of Etobicoke","2 of 2","1","Local",25065,"CSP",717,"2019"
"Somali Canadian Centre","1","24","Neighbourhood",2500,"NG",718,"2019"
"Somali Women's and Children's Support Network","1","1","City Wide",43620,"CSP",719,"2019"
"Soulpepper Theatre Company","1","10","City Wide",461000,"TAC",720,"2019"
"Soundstreams","1","10","City Wide",88000,"TAC",721,"2019"
"South Asian Women's Centre","1","9","City Wide",93970,"CSP",722,"2019"
"South Parkdale Climate Action Group","1","4","Neighbourhood",7500,"NCAG",723,"2019"
"South Riverdale Community Health Centre","1","14","Local",102430,"CSP",724,"2019"
"southern currents film & video collective","1","9","Local",20000,"TAC",725,"2019"
"Sparroways Wellness Committee","1","17","Neighbourhood",1900,"CCRF",726,"2019"
"Springtide Resources Inc.","1","10","City Wide",25065,"CSP",727,"2019"
"St. Alban's Boys' and Girls' Club","1","11","Local",207690,"CSP",728,"2019"
"St. Clair O'Connor Community Inc.","1","19","Neighbourhood",19210,"CSP",729,"2019"
"St. Lucia Toronto United Planning Committee","1","7","Neighbourhood",2800,"CCRF",730,"2019"
"St. Matthew's Bracondale House","1","12","Neighbourhood",51675,"CSP",731,"2019"
"St. Stephen's Community House","1 of 3","11","city wide",15000,"CCRF",732,"2019"
"St. Stephen's Community House","2 of 3","11","Local",72000,"GV",733,"2019"
"St. Stephen's Community House","3 of 3","11","City Wide",256205,"CSP",734,"2019"
"St. Wilfrid Catholic School","1","7","Neighbourhood",5000,"PTCG",735,"2019"
"Starfruit Projects","1","11","City Wide",4976,"TAC",736,"2019"
"Stephanie Racquelle","1","1","Neighbourhood",3000,"CCRF",737,"2019"
"Stolen from Africa","1","22","local",10000,"EG",738,"2019"
"Stonegate Community Association","1","3","Neighbourhood",12000,"WRCG",739,"2019"
"Stonegate Community Health Centre","1","3","Local",93845,"CSP",740,"2019"
"Storefront Humber Inc.","1","3","Local",61990,"CSP",741,"2019"
"StoryCentre Canada","1","11","City Wide",20000,"TAC",742,"2019"
"Stranger Engagers","1","22","Neighbourhood",3000,"NG",743,"2019"
"Street Voices","1","13","local",20000,"EG",744,"2019"
"Strive","1","5","local",7000,"EG",745,"2019"
"Striving Mother's","1","7","Neighbourhood",2000,"NG",746,"2019"
"Studio 180 Theatre","1","11","City Wide",17000,"TAC",747,"2019"
"SuiteLife Arts for Youth","1","19","local",10000,"EG",748,"2019"
"Sunshine Centres for Seniors","1 of 2","10","Neighbourhood",5000,"PTCG",749,"2019"
"Sunshine Centres for Seniors","2 of 2","11","Local",47635,"CSP",750,"2019"
"SummerWorks Performance Festival","1","10","City Wide",52000,"TAC",751,"2019"
"Sustainable Textile Art","1","6","Local",14000,"TAC",752,"2019"
"Syme Woolner Neighbourhood and Family Centre","1","5","Neighbourhood",112540,"CSP",753,"2019"
"Syrian Film Festival","1","6","City Wide",7000,"TAC",754,"2019"
"T.O. Hustle Sessions","1","9","City Wide",7800,"TAC",755,"2019"
"Tafelmusik","1","11","City Wide",180000,"TAC",756,"2019"
"Tamboolay Ensemble","1","19","City Wide",7000,"TAC",757,"2019"
"Tangled Art + Disability","1","10","City Wide",48000,"TAC",758,"2019"
"Tapestry Music Theatre","1","10","City Wide",53000,"TAC",759,"2019"
"Tarragon Theatre","1","12","Local",211500,"TAC",760,"2019"
"TB West Community Services","1","3","Local",20000,"TAC",761,"2019"
"TD learning center: Sewing Circle","1","13","Neighbourhood",2305,"NG",762,"2019"
"TDto Batu Percussion Arts Group Inc.","1","9","City Wide",2000,"TAC",763,"2019"
"Team Spudbomb","1","9","Neighbourhood",37951,"StART PP",764,"2019"
"Tesoc Multicultural Settlement Services","1","21","City Wide",38840,"CSP",765,"2019"
"Textile Museum of Canada","1","10","City Wide",72000,"TAC",766,"2019"
"That's So Gay Collective","1","12","City Wide",10016,"TAC",767,"2019"
"The 44 Community","1","1","Neighbourhood",3000,"CCRF",768,"2019"
"The 501 Centre","1","12","Neighbourhood",2950,"CCRF",769,"2019"
"The Art of Time Ensemble","1","10","City Wide",58000,"TAC",770,"2019"
"The Artillery Collective","1","12","City Wide",3344,"TAC",771,"2019"
"The Artists Mentoring Youth Project Inc.","1 of 2","9","City Wide",25000,"TAC",772,"2019"
"The Artists Mentoring Youth Project Inc.","2 of 2","9","City Wide",24900,"TAC",773,"2019"
"The Assembly Theatre","1","4","Local",14601,"TAC",774,"2019"
"The Association of Committed and Engaged Youth","1","24","neighbourhood",20000,"EG",775,"2019"
"The Blackstone Foundation Library","1","22","local",20000,"EG",776,"2019"
"The Broke Gallery","1","4","City Wide",10000,"TAC",777,"2019"
"The Brown Girl Diary","1","23","Local",10000,"TAC",778,"2019"
"The Cabbagetown Community Arts Centre","1","13","City Wide",23000,"TAC",779,"2019"
"The Canadian Mental Health Association Toronto Branch","1","8","City Wide",18810,"CSP",780,"2019"
"The Canadian Red Cross Society","1","1","City Wide",188355,"CSP",781,"2019"
"The Centre for Spanish Speaking Peoples","1","6","City Wide",66135,"CSP",782,"2019"
"The Child-ish Collective","1","9","City Wide",10000,"TAC",783,"2019"
"The Children's Bookbank and Literacy Foundation","1","13","City-wide",9700,"WRCG",784,"2019"
"The Chimera Project Dance Theatre","1","13","Local",15000,"TAC",785,"2019"
"The Company Theatre","1","10","City Wide",18000,"TAC",786,"2019"
"The Cross-Cultural Community Services Association","1","11","City Wide",28405,"CSP",787,"2019"
"The Cyborg Circus Project","1","5","City Wide",22976,"TAC",788,"2019"
"The Dance Umbrella of Ontario","1","13","City Wide",30000,"TAC",789,"2019"
"The Dietrich Group","1","14","City Wide",15000,"TAC",790,"2019"
"The Dream Team","1","4","local",16898,"EG",791,"2019"
"The Elmer Iseler Singers","1","15","City Wide",24545,"TAC",792,"2019"
"The Esprit Orchestra","1","10","City Wide",84500,"TAC",793,"2019"
"The Flaunt It Movement","1","7","neighbourhood",10000,"EG",794,"2019"
"The Flin Flon Cowboy Collective","1","10","City Wide",13000,"TAC",795,"2019"
"The Freesound Series","1","9","City Wide",7200,"TAC",796,"2019"
"The Fringe of Toronto Theatre Festival","1","10","City Wide",77000,"TAC",797,"2019"
"The Gatehouse Child Abuse Investigation and Support Site","1","3","City Wide",25065,"CSP",798,"2019"
"The George S. Syme Seniors’ Centre of York (operating as Syme 55+ Centre)","1","5","Neighbourhood",94975,"CSP",799,"2019"
"The Hannaford Street Silver Band","1","13","City Wide",28000,"TAC",800,"2019"
"The HeART of Communities","1","19","Neighbourhood",3000,"CCRF",801,"2019"
"The Industry TO","1","16","City Wide",8000,"TAC",802,"2019"
"The International Love Project","1","11","City Wide",8000,"TAC",803,"2019"
"The International Resource Centre for Performing Artists","1","13","City Wide",7800,"TAC",804,"2019"
"The Library for Social Change","1","1","Neighbourhood",1374,"CCRF",805,"2019"
"The Massey Centre For Women","1","14","City Wide",29205,"CSP",806,"2019"
"The Mexicans Folk Ballet","1","8","City Wide",11000,"TAC",807,"2019"
"The Music Gallery","1","11","City Wide",87000,"TAC",808,"2019"
"The Musical Stage Company","1","13","City Wide",36000,"TAC",809,"2019"
"The Neighbourhood Group Community Services","1","13","Local",362400,"CSP",810,"2019"
"The New Way of Life Community Development","1","5","Neighbourhood",2980,"CCRF",811,"2019"
"The Next Edition","1","9","City Wide",10000,"TAC",812,"2019"
"The Power Plant","1","10","City Wide",206000,"TAC",813,"2019"
"The Purple Stage","1","4","City Wide",8000,"TAC",814,"2019"
"The Regent Park School of Music","1","13","Local",30000,"TAC",815,"2019"
"THE RELLA COLLECTIVE","1","12","City Wide",9871,"TAC",816,"2019"
"The Remix Project","1 of 2","10","City Wide",28000,"TAC",817,"2019"
"The Remix Project","2 of 2","10","Local",1e+05,"GV",818,"2019"
"The RESILIENCY Project","1","11","Neighbourhood",2150,"CCRF",819,"2019"
"The Royal Conservatory of Music","1","11","City Wide",50000,"TAC",820,"2019"
"The RUDE Collective","1","11","Local",6000,"TAC",821,"2019"
"The Second Mile Club of Toronto","1","11","Local",73865,"CSP",822,"2019"
"The Smile Company - Theatrical Productions","1","11","City Wide",28000,"TAC",823,"2019"
"The STEPS Initiative","1","10","Local",14000,"TAC",824,"2019"
"The Stop Community Food Centre","1","9","City Wide",30105,"CSP",825,"2019"
"The Storytellers School of Toronto","1","12","City Wide",34500,"TAC",826,"2019"
"The Teresa Group - Child And Family Aid","1","12","City Wide",31330,"CSP",827,"2019"
"The Theatre Centre","1","9","City Wide",144000,"TAC",828,"2019"
"The Toronto Heschel School","1","6","Neighbourhood",5000,"PTCG",829,"2019"
"The Toronto Consort","1","11","Local",27000,"TAC",830,"2019"
"The Truth & Dare Project","1","14","City Wide",6000,"TAC",831,"2019"
"The Wexford Residence Inc.","1","21","Local",22440,"CSP",832,"2019"
"The Word On The Street","1","10","City Wide",46500,"TAC",833,"2019"
"Theatre Born Between","1","19","City Wide",5000,"TAC",834,"2019"
"Theatre Columbus","1","13","City Wide",41000,"TAC",835,"2019"
"Theatre Direct Canada","1","9","Local",69000,"TAC",836,"2019"
"Theatre Gargantua","1","9","City Wide",15000,"TAC",837,"2019"
"Theatre Ontario","1","10","City Wide",12500,"TAC",838,"2019"
"Theatre Passe Muraille","1","10","City Wide",165500,"TAC",839,"2019"
"Theatre Smith-Gilmour","1","10","City Wide",41000,"TAC",840,"2019"
"Theatrefront Inc.","1","10","City Wide",15000,"TAC",841,"2019"
"Thin Edge New Music Collective","1","13","City Wide",10800,"TAC",842,"2019"
"Think 2wice","1 of 2","1","local",20000,"EG",843,"2019"
"Think 2wice","2 of 2","1","Citywide",130000,"GV",844,"2019"
"Throwdown Collective","1","13","City Wide",8000,"TAC",845,"2019"
"tiger princess dance projects inc.","1","13","City Wide",32000,"TAC",846,"2019"
"timeshare","1","13","City Wide",14000,"TAC",847,"2019"
"Tita Collective","1","9","City Wide",5000,"TAC",848,"2019"
"TNO- The Neighbourhood Organization","1 of 3","16","Local",372308,"HIF",849,"2019"
"TNO- The Neighbourhood Organization","2 of 3","15","neighbourhood",112400,"CSP",850,"2019"
"TNO-The Neighbourhood Organization","3 of 3","15","Local",133070,"CSP",851,"2019"
"Toronto Aboriginal Support Services Council","1 of 2","11","city wide",110000,"CB",852,"2019"
"Toronto Aboriginal Support Services Council","2 of 2","11","City Wide",122620,"CSP",853,"2019"
"Toronto Alliance for the Performing Arts","1","10","City Wide",78000,"TAC",854,"2019"
"Toronto Animated Image Society","1","9","City Wide",18000,"TAC",855,"2019"
"Toronto Artscape Inc.","1","10","City Wide",415000,"MCO",856,"2019"
"Toronto Beekeepers Collective","1","5","local",19878,"EG",857,"2019"
"Toronto Bengali Drama/Dance Group","1","6","City Wide",5250,"TAC",858,"2019"
"Toronto Black Film Festival","1","14","City Wide",14000,"TAC",859,"2019"
"Toronto Blues Society","1","10","City Wide",32000,"TAC",860,"2019"
"Toronto Centre for Community Learning and Development","1","13","City Wide",48310,"CSP",861,"2019"
"Toronto Chamber Choir","1","12","City Wide",8500,"TAC",862,"2019"
"Toronto Chinese Mennonite Church","1","19","Neighbourhood",5000,"PTCG",863,"2019"
"Toronto Children's Chorus","1","12","Local",40000,"TAC",864,"2019"
"Toronto Coalition for Better Child Care","1","11","City Wide",25065,"CSP",865,"2019"
"Toronto Community & Culture Centre","1","10","City Wide",22470,"CSP",866,"2019"
"Toronto Creative Music Lab (TCML)","1","9","Local",10220,"TAC",867,"2019"
"Toronto Dance Community Love-In","1","13","City Wide",15000,"TAC",868,"2019"
"Toronto Dance Theatre","1","13","City Wide",157000,"TAC",869,"2019"
"Toronto developmental association of youth","1","5","Neighbourhood",2500,"CCRF",870,"2019"
"Toronto District School Board","1","18","City Wide",1e+05,"FOR",871,"2019"
"Toronto Downtown Jazz Society","1","12","City Wide",50000,"TAC",872,"2019"
"Toronto Environmental Alliance","1 of 2","10","City-wide",21700,"TAF",873,"2019"
"Toronto Environmental Alliance","2 of 2","10","Neighbourhood",155459,"TAF",874,"2019"
"Toronto Festival of Arts, Culture and Creativity (Luminato)","1","10","City Wide",4e+05,"MCO",875,"2019"
"Toronto Festival of Comics and Graphic Arts","1","11","City Wide",20000,"TAC",876,"2019"
"Toronto Finnish-Canadian Seniors Centre","1","15","City Wide",18550,"CSP",877,"2019"
"Toronto Foundation for Student Success","1","5","City Wide",4004313,"SNP",878,"2019"
"Toronto Intergenerational Partnerships in Community","1","20","Local",51390,"CSP",879,"2019"
"Toronto International Film Festival Inc.","1","10","City Wide",1195735,"MCO",880,"2019"
"Toronto Jewish Film Festival","1","11","City Wide",24000,"TAC",881,"2019"
"Toronto Kiwanis Boys & Girls Clubs","1 of 2","13","Local",102935,"CSP",882,"2019"
"Toronto Kiwanis Boys and Girls Club (Girls Trip project)","2 of 2","13","Neighbourhood",3000,"CCRF",883,"2019"
"Toronto Mendelssohn Choir","1","11","City Wide",70000,"TAC",884,"2019"
"Toronto Operetta Theatre","1","14","City Wide",23000,"TAC",885,"2019"
"Toronto Outdoor Picture Show","1","11","Local",5000,"TAC",886,"2019"
"Toronto Palestine Film Festival Collective","1","12","City Wide",7500,"TAC",887,"2019"
"Toronto People With AIDS Foundation","1","13","City Wide",33995,"CSP",888,"2019"
"Toronto Performance Art Collective","1 of 2","13","City Wide",8000,"TAC",889,"2019"
"Toronto Performance Art Collective","2 of 2","13","Local",15000,"TAC",890,"2019"
"Toronto Photographers Workshop","1","9","City Wide",70000,"TAC",891,"2019"
"Toronto Queer Media & Arts Centre","1 of 2","12","City Wide",16200,"TAC",892,"2019"
"Toronto Queer Media & Arts Centre","2 of 2","12","Local",27500,"TAC",893,"2019"
"Toronto Rape Crisis Centre/Multicultural Women Against Rape","1","4","City Wide",56620,"CSP",894,"2019"
"Toronto Reel Asian International Film Festival","1","10","City Wide",50000,"TAC",895,"2019"
"Toronto Region Conservation Authority","1","6,14","City-wide",98319.33,"FOR",896,"2019"
"Toronto Sketch Comedy Festival Inc.","1","9","City Wide",15000,"TAC",897,"2019"
"Toronto Summer Music Foundation","1","4","City Wide",39780,"TAC",898,"2019"
"Toronto Symphony Orchestra","1","10","City Wide",1220000,"MCO",899,"2019"
"Toronto Tabla Ensemble","1","19","City Wide",6310,"TAC",900,"2019"
"Toronto Undergraduate Jazz Festival","1","4","City Wide",10000,"TAC",901,"2019"
"Toronto Urban Book Expo","1","20","City Wide",8000,"TAC",902,"2019"
"Toronto Writers Collective","1","14","City Wide",5250,"TAC",903,"2019"
"TorQ Percussion Quartet","1","3","City Wide",4536,"TAC",904,"2019"
"Transcare Community Support Services","1","22","City Wide",87695,"CSP",905,"2019"
"Tranz Healing Arts Collective","1","4","City Wide",15100,"TAC",906,"2019"
"Tribal Crackling Wind for the Arts","1 of 2","13","Local",19000,"TAC",907,"2019"
"Tribal Crackling Wind for the Arts","2 of 2","13","City Wide",30000,"TAC",908,"2019"
"Trinity Square Video","1","10","City Wide",55000,"TAC",909,"2019"
"Tropicana Community Services Organization","1","23","City Wide",98820,"CSP",910,"2019"
"Tune Your Ride Collective","1","11","Local",12500,"TAC",911,"2019"
"U.N.I.T. Productions","1","19","City Wide",5000,"TAC",912,"2019"
"UforChange Movement","1","13","neighbourhood",5000,"EG",913,"2019"
"UKAI Projects","1","18","City Wide",24900,"TAC",914,"2019"
"Ukrainian Canadian Social Services (Toronto) Inc.","1","4","City Wide",41440,"CSP",915,"2019"
"Undercurrent Creations","1","11","City Wide",6650,"TAC",916,"2019"
"Unison Health and Community Services","1","8","Local",33110,"CSP",917,"2019"
"United Way Greater Toronto","1","13","city wide",30000,"CB",918,"2019"
"Unity Charity","1","13","City Wide",28000,"TAC",919,"2019"
"University of Toronto","1 of 2","11, 13, 14","City-wide",1e+05,"FOR",920,"2019"
"University of Toronto","2 of 2","25","Neighbourhood",65000,"FOR",921,"2019"
"University Settlement","1 of 2","10","Local",26500,"TAC",922,"2019"
"University Settlement","2 of 2","10","Local",137485,"CSP",923,"2019"
"UnObscured Open Mic","1","20","Neighbourhood",5000,"INI",924,"2019"
"UrbanArts Community Arts Council","1","5","City-wide",315435,"LASO",925,"2019"
"UrbanLink","1","24","Neighbourhood",1600,"NG",926,"2019"
"Urbanvessel","1 of 2","4","City Wide",29420,"TAC",927,"2019"
"Urbanvessel","2 of 2","4","City Wide",5271,"TAC",928,"2019"
"Venus Fest Inc.","1","13","City Wide",13000,"TAC",929,"2019"
"Vermont Square Parent-Child Mother Goose Program","1","11","City Wide",28065,"CSP",930,"2019"
"Vesnivka Choir Inc.","1","4","City Wide",8000,"TAC",931,"2019"
"VIBE Arts","1 of 2","10","City Wide",68000,"TAC",932,"2019"
"VIBE ARTS","2 of 2","20","Neighbourhood",41228,"StART PP",933,"2019"
"Victim Services Toronto","1","13","City Wide",280660,"CSP",934,"2019"
"VideoCabaret","1","10","City Wide",65000,"TAC",935,"2019"
"Vietnamese Women's Association of Toronto (operating as VWAT Family Services)","1","9","City Wide",65130,"CSP",936,"2019"
"Villa Colombo Home for the Aged Inc.","1","8","City Wide",32680,"CSP",937,"2019"
"VIVA! Youth Singers of Toronto, Inc.","1","11","City Wide",35000,"TAC",938,"2019"
"Voices of Today","1","10","City Wide",5000,"TAC",939,"2019"
"Volcano Non-Profit Productions Inc.","1","11","City Wide",50000,"TAC",940,"2019"
"Volunteer Centre of Toronto (operating as Volunteer Toronto)","1","11","City Wide",209240,"CSP",941,"2019"
"Vox Choirs","1","9","City Wide",15000,"TAC",942,"2019"
"Vtape","1","10","City Wide",80000,"TAC",943,"2019"
"Walpole Youth Council","1","14","Neighbourhood",2540,"CCRF",944,"2019"
"Warden Woods Church and Community Centre","1","20","Local",256250,"CSP",945,"2019"
"Waterfront Neighbourhood Centre","1","10","Neighbourhood",74950,"CSP",946,"2019"
"Wave Art Collective","1","13","Neighbourhood",10000,"INI",947,"2019"
"Wavelength Music Arts Projects","1","9","City Wide",25000,"TAC",948,"2019"
"WE-CAN Community Network","1","5","Neighbourhood",3000,"NG",949,"2019"
"Wellness Café","1","15","Neighbourhood",1800,"NG",950,"2019"
"West Neighbourhood House","1 of 2","10","Local",24000,"TAC",951,"2019"
"The St. Christopher House (operating as West Neighbourhood House)","2 of 2","10","Local",314705,"CSP",952,"2019"
"West Scarborough Neighbourhood Community Centre","1","20","Local",212105,"CSP",953,"2019"
"West Toronto Support Services for Senior Citizens and Disabled Inc.","1","4","Local",83995,"CSP",954,"2019"
"Weston Flows","1","5","Neighbourhood",3000,"NG",955,"2019"
"Weston Frontlines Centre","1 of 2","5","neighbourhood",6000,"EG",956,"2019"
"Weston Frontlines Centre","2 of 2","5","neighbourhood",1e+05,"CB",957,"2019"
"Weston Pelham Park Neighbourhood Association","1","9","Neighbourhood",6975,"NCAG",958,"2019"
"Whippersnapper Gallery Inc","1","11","City Wide",15000,"TAC",959,"2019"
"Why Not Theatre","1 of 2","10","City Wide",40000,"TAC",960,"2019"
"Why Not Theatre","2 of 2","10","City Wide",49800,"TAC",961,"2019"
"William Dennison Residents Association","1","13","Neighbourhood",2975,"CCRF",962,"2019"
"Windermere United Church","1","4","Neighbourhood",4365,"PTCG",963,"2019"
"wind in the leaves collective","1","14","Local",15000,"TAC",964,"2019"
"Winterstations Inc","1","10","Local",6000,"TAC",965,"2019"
"With/out Pretend","1","4","City Wide",7500,"TAC",966,"2019"
"Woburn Community Residents","1","24","Neighbourhood",6440,"NCAG",967,"2019"
"Woburn Park Community Residents","1","24","Neighbourhood",1500,"NG",968,"2019"
"Woman Abuse Council of Toronto","1","5","City Wide",62650,"CSP",969,"2019"
"Women From Space","1","9","City Wide",5250,"TAC",970,"2019"
"Women in STEM (WIS)","1","19","Local",10000,"INI",971,"2019"
"Women's Musical Club of Toronto","1","13","City Wide",2500,"TAC",972,"2019"
"WoodGreen Community Services","1","14","Local",427145,"CSP",973,"2019"
"Wordswell","1","17","Neighbourhood",1700,"CCRF",974,"2019"
"Workers' Action Centre","1","11","City Wide",60130,"CSP",975,"2019"
"Working Women Community Centre","1","9","City Wide",217705,"CSP",976,"2019"
"Workman Arts Project of Ontario","1","9","City Wide",20000,"TAC",977,"2019"
"Xenia Concerts Inc.","1","11","City Wide",14638,"TAC",978,"2019"
"xLq Pop Art Performance","1","9","City Wide",5000,"TAC",979,"2019"
"Xpace Cultural Centre","1","9","City Wide",18000,"TAC",980,"2019"
"Y+ Contemporary","1","25","Local",12000,"TAC",981,"2019"
"YDM416","1","13","Neighbourhood",10000,"INI",982,"2019"
"Yonge Street Mission","1","13","local",1e+05,"CB",983,"2019"
"York West Active Living Centre","1","5","Neighbourhood",119835,"CSP",984,"2019"
"York-Fairbank Centre for Seniors of the City of York","1 of 3","12","Neighbourhood",225500,"CSP",985,"2019"
"York-Fairbank Centre for Seniors of the City of York","2 of 3","12","local",38685,"CSP",986,"2019"
"York-Fairbank Centre for Seniors of the City of York","3 of 3","12","local",15000,"CSP",987,"2019"
"Yorkminster Park Meals on Wheels","1","12","Local",9710,"CSP",988,"2019"
"Yorktown Family Services","1","8","Local",37610,"CSP",989,"2019"
"Yoru Collective","1","9","City Wide",10000,"TAC",990,"2019"
"Young and Potential Fathers Initiative","1","5","neighbourhood",10000,"EG",991,"2019"
"Young People's Theatre","1","13","City Wide",326000,"TAC",992,"2019"
"Young Women's Group","1","5","Neighbourhood",3000,"CCRF",993,"2019"
"Youth Assisting Youth","1","18","City Wide",58935,"CSP",994,"2019"
"Youth Empowering Parents","1","13","City-wide",14300,"WRCG",995,"2019"
"Youth Program","1","5","Neighbourhood",1000,"NG",996,"2019"
"Youth Without Shelter","1","1","Neighbourhood",3000,"CCRF",997,"2019"
"YWCA Toronto","1","1","Neighbourhood",2308,"CCRF",998,"2019"
"YYZ Artists' Outlet","1","10","City Wide",65000,"TAC",999,"2019"
"Zata Omm Dance Projects","1","13","Local",15000,"TAC",1000,"2019"
"ZOU Theatre Company","1","4","City Wide",15000,"TAC",1001,"2019"
NA,NA,NA,NA,NA,NA,NA,"2019"
NA,NA,NA,NA,NA,NA,NA,"2019"
NA,NA,NA,NA,NA,NA,NA,"2019"
NA,NA,NA,NA,67891111.79,NA,NA,"2019"
NA,NA,NA,NA,NA,NA,NA,"2019"
NA,NA,NA,NA,NA,NA,NA,"2019"
NA,NA,NA,NA,NA,NA,NA,"2019"
NA,NA,NA,NA,NA,NA,NA,"2019"
NA,NA,NA,NA,NA,NA,NA,"2019"
NA,NA,NA,NA,NA,NA,NA,"2019"
NA,NA,NA,NA,NA,NA,NA,"2019"
NA,NA,NA,NA,NA,NA,NA,"2019"
NA,NA,NA,NA,NA,NA,NA,"2019"
NA,NA,NA,NA,NA,NA,NA,"2019"
NA,NA,NA,NA,NA,NA,NA,"2019"
NA,NA,NA,NA,NA,NA,NA,"2019"
NA,NA,NA,NA,NA,NA,NA,"2019"
NA,NA,NA,NA,NA,NA,NA,"2019"
NA,NA,NA,NA,NA,NA,NA,"2019"
NA,NA,NA,NA,NA,NA,NA,"2019"
NA,NA,NA,NA,NA,NA,NA,"2019"
NA,NA,NA,NA,NA,NA,NA,"2019"
NA,NA,NA,NA,NA,NA,NA,"2019"
NA,NA,NA,NA,NA,NA,NA,"2019"
NA,NA,NA,NA,NA,NA,NA,"2019"
NA,NA,NA,NA,NA,NA,NA,"2019"
NA,NA,NA,NA,NA,NA,NA,"2019"
NA,NA,NA,NA,NA,NA,NA,"2019"
NA,NA,NA,NA,NA,NA,NA,"2019"
NA,NA,NA,NA,NA,NA,NA,"2019"
NA,NA,NA,NA,NA,NA,NA,"2019"
NA,NA,NA,NA,NA,NA,NA,"2019"
NA,NA,NA,NA,NA,NA,NA,"2019"
NA,NA,NA,NA,NA,NA,NA,"2019"
NA,NA,NA,NA,NA,NA,NA,"2019"
NA,NA,NA,NA,NA,NA,NA,"2019"
NA,NA,NA,NA,NA,NA,NA,"2019"
NA,NA,NA,NA,NA,NA,NA,"2019"
NA,NA,NA,NA,NA,NA,NA,"2019"
NA,NA,NA,NA,NA,NA,NA,"2019"
NA,NA,NA,NA,NA,NA,NA,"2019"
NA,NA,NA,NA,NA,NA,NA,"2019"
NA,NA,NA,NA,NA,NA,NA,"2019"
NA,NA,NA,NA,NA,NA,NA,"2019"
NA,NA,NA,NA,NA,NA,NA,"2019"
NA,NA,NA,NA,NA,NA,NA,"2019"
NA,NA,NA,NA,NA,NA,NA,"2019"
NA,NA,NA,NA,NA,NA,NA,"2019"
NA,NA,NA,NA,NA,NA,NA,"2019"
NA,NA,NA,NA,NA,NA,NA,"2019"
NA,NA,NA,NA,NA,NA,NA,"2019"
NA,NA,NA,NA,NA,NA,NA,"2019"
NA,NA,NA,NA,NA,NA,NA,"2019"
NA,NA,NA,NA,NA,NA,NA,"2019"
NA,NA,NA,NA,NA,NA,NA,"2019"
NA,NA,NA,NA,NA,NA,NA,"2019"
NA,NA,NA,NA,NA,NA,NA,"2019"
NA,NA,NA,NA,NA,NA,NA,"2019"
NA,NA,NA,NA,NA,NA,NA,"2019"
NA,NA,NA,NA,NA,NA,NA,"2019"
NA,NA,NA,NA,NA,NA,NA,"2019"
NA,NA,NA,NA,NA,NA,NA,"2019"
NA,NA,NA,NA,NA,NA,NA,"2019"
NA,NA,NA,NA,NA,NA,NA,"2019"
NA,NA,NA,NA,NA,NA,NA,"2019"
NA,NA,NA,NA,NA,NA,NA,"2019"
NA,NA,NA,NA,NA,NA,NA,"2019"
NA,NA,NA,NA,NA,NA,NA,"2019"
NA,NA,NA,NA,NA,NA,NA,"2019"
NA,NA,NA,NA,NA,NA,NA,"2019"
NA,NA,NA,NA,NA,NA,NA,"2019"
NA,NA,NA,NA,NA,NA,NA,"2019"
NA,NA,NA,NA,NA,NA,NA,"2019"
NA,NA,NA,NA,NA,NA,NA,"2019"
NA,NA,NA,NA,NA,NA,NA,"2019"
NA,NA,NA,NA,NA,NA,NA,"2019"
NA,NA,NA,NA,NA,NA,NA,"2019"
NA,NA,NA,NA,NA,NA,NA,"2019"
NA,NA,NA,NA,NA,NA,NA,"2019"
NA,NA,NA,NA,NA,NA,NA,"2019"
NA,NA,NA,NA,NA,NA,NA,"2019"
NA,NA,NA,NA,NA,NA,NA,"2019"
NA,NA,NA,NA,NA,NA,NA,"2019"
NA,NA,NA,NA,NA,NA,NA,"2019"
NA,NA,NA,NA,NA,NA,NA,"2019"
NA,NA,NA,NA,NA,NA,NA,"2019"
NA,NA,NA,NA,NA,NA,NA,"2019"
NA,NA,NA,NA,NA,NA,NA,"2019"
NA,NA,NA,NA,NA,NA,NA,"2019"
NA,NA,NA,NA,NA,NA,NA,"2019"
NA,NA,NA,NA,NA,NA,NA,"2019"
NA,NA,NA,NA,NA,NA,NA,"2019"
NA,NA,NA,NA,NA,NA,NA,"2019"
NA,NA,NA,NA,NA,NA,NA,"2019"
NA,NA,NA,NA,NA,NA,NA,"2019"
NA,NA,NA,NA,NA,NA,NA,"2019"
NA,NA,NA,NA,NA,NA,NA,"2019"
NA,NA,NA,NA,NA,NA,NA,"2019"
NA,NA,NA,NA,NA,NA,NA,"2019"
NA,NA,NA,NA,NA,NA,NA,"2019"
NA,NA,NA,NA,NA,NA,NA,"2019"
NA,NA,NA,NA,NA,NA,NA,"2019"
NA,NA,NA,NA,NA,NA,NA,"2019"
NA,NA,NA,NA,NA,NA,NA,"2019"
NA,NA,NA,NA,NA,NA,NA,"2019"
NA,NA,NA,NA,NA,NA,NA,"2019"
NA,NA,NA,NA,NA,NA,NA,"2019"
NA,NA,NA,NA,NA,NA,NA,"2019"
NA,NA,NA,NA,NA,NA,NA,"2019"
NA,NA,NA,NA,NA,NA,NA,"2019"
NA,NA,NA,NA,NA,NA,NA,"2019"
NA,NA,NA,NA,NA,NA,NA,"2019"
NA,NA,NA,NA,NA,NA,NA,"2019"
NA,NA,NA,NA,NA,NA,NA,"2019"
NA,NA,NA,NA,NA,NA,NA,"2019"
NA,NA,NA,NA,NA,NA,NA,"2019"
NA,NA,NA,NA,NA,NA,NA,"2019"
NA,NA,NA,NA,NA,NA,NA,"2019"
NA,NA,NA,NA,NA,NA,NA,"2019"
NA,NA,NA,NA,NA,NA,NA,"2019"
NA,NA,NA,NA,NA,NA,NA,"2019"
NA,NA,NA,NA,NA,NA,NA,"2019"
NA,NA,NA,NA,NA,NA,NA,"2019"
NA,NA,NA,NA,NA,NA,NA,"2019"
NA,NA,NA,NA,NA,NA,NA,"2019"
NA,NA,NA,NA,NA,NA,NA,"2019"
NA,NA,NA,NA,NA,NA,NA,"2019"
NA,NA,NA,NA,NA,NA,NA,"2019"
NA,NA,NA,NA,NA,NA,NA,"2019"
NA,NA,NA,NA,NA,NA,NA,"2019"
NA,NA,NA,NA,NA,NA,NA,"2019"
NA,NA,NA,NA,NA,NA,NA,"2019"
NA,NA,NA,NA,NA,NA,NA,"2019"
NA,NA,NA,NA,NA,NA,NA,"2019"
NA,NA,NA,NA,NA,NA,NA,"2019"
NA,NA,NA,NA,NA,NA,NA,"2019"
NA,NA,NA,NA,NA,NA,NA,"2019"
NA,NA,NA,NA,NA,NA,NA,"2019"
NA,NA,NA,NA,NA,NA,NA,"2019"
NA,NA,NA,NA,NA,NA,NA,"2019"
NA,NA,NA,NA,NA,NA,NA,"2019"
NA,NA,NA,NA,NA,NA,NA,"2019"
NA,NA,NA,NA,NA,NA,NA,"2019"
NA,NA,NA,NA,NA,NA,NA,"2019"
NA,NA,NA,NA,NA,NA,NA,"2019"
NA,NA,NA,NA,NA,NA,NA,"2019"
NA,NA,NA,NA,NA,NA,NA,"2019"
NA,NA,NA,NA,NA,NA,NA,"2019"
NA,NA,NA,NA,NA,NA,NA,"2019"
NA,NA,NA,NA,NA,NA,NA,"2019"
NA,NA,NA,NA,NA,NA,NA,"2019"
NA,NA,NA,NA,NA,NA,NA,"2019"
NA,NA,NA,NA,NA,NA,NA,"2019"
NA,NA,NA,NA,NA,NA,NA,"2019"
NA,NA,NA,NA,NA,NA,NA,"2019"
NA,NA,NA,NA,NA,NA,NA,"2019"
NA,NA,NA,NA,NA,NA,NA,"2019"
NA,NA,NA,NA,NA,NA,NA,"2019"
NA,NA,NA,NA,NA,NA,NA,"2019"
NA,NA,NA,NA,NA,NA,NA,"2019"
NA,NA,NA,NA,NA,NA,NA,"2019"
NA,NA,NA,NA,NA,NA,NA,"2019"
NA,NA,NA,NA,NA,NA,NA,"2019"
NA,NA,NA,NA,NA,NA,NA,"2019"
NA,NA,NA,NA,NA,NA,NA,"2019"
NA,NA,NA,NA,NA,NA,NA,"2019"
NA,NA,NA,NA,NA,NA,NA,"2019"
NA,NA,NA,NA,NA,NA,NA,"2019"
NA,NA,NA,NA,NA,NA,NA,"2019"
NA,NA,NA,NA,NA,NA,NA,"2019"
NA,NA,NA,NA,NA,NA,NA,"2019"
NA,NA,NA,NA,NA,NA,NA,"2019"
NA,NA,NA,NA,NA,NA,NA,"2019"
NA,NA,NA,NA,NA,NA,NA,"2019"
NA,NA,NA,NA,NA,NA,NA,"2019"
NA,NA,NA,NA,NA,NA,NA,"2019"
NA,NA,NA,NA,NA,NA,NA,"2019"
NA,NA,NA,NA,NA,NA,NA,"2019"
NA,NA,NA,NA,NA,NA,NA,"2019"
NA,NA,NA,NA,NA,NA,NA,"2019"
NA,NA,NA,NA,NA,NA,NA,"2019"
NA,NA,NA,NA,NA,NA,NA,"2019"
NA,NA,NA,NA,NA,NA,NA,"2019"
NA,NA,NA,NA,NA,NA,NA,"2019"
NA,NA,NA,NA,NA,NA,NA,"2019"
NA,NA,NA,NA,NA,NA,NA,"2019"
NA,NA,NA,NA,NA,NA,NA,"2019"
NA,NA,NA,NA,NA,NA,NA,"2019"
NA,NA,NA,NA,NA,NA,NA,"2019"
NA,NA,NA,NA,NA,NA,NA,"2019"
NA,NA,NA,NA,NA,NA,NA,"2019"
NA,NA,NA,NA,NA,NA,NA,"2019"
NA,NA,NA,NA,NA,NA,NA,"2019"
NA,NA,NA,NA,NA,NA,NA,"2019"
NA,NA,NA,NA,NA,NA,NA,"2019"
NA,NA,NA,NA,NA,NA,NA,"2019"
NA,NA,NA,NA,NA,NA,NA,"2019"
NA,NA,NA,NA,NA,NA,NA,"2019"
NA,NA,NA,NA,NA,NA,NA,"2019"
NA,NA,NA,NA,NA,NA,NA,"2019"
NA,NA,NA,NA,NA,NA,NA,"2019"
NA,NA,NA,NA,NA,NA,NA,"2019"
NA,NA,NA,NA,NA,NA,NA,"2019"
NA,NA,NA,NA,NA,NA,NA,"2019"
NA,NA,NA,NA,NA,NA,NA,"2019"
NA,NA,NA,NA,NA,NA,NA,"2019"
NA,NA,NA,NA,NA,NA,NA,"2019"
NA,NA,NA,NA,NA,NA,NA,"2019"
NA,NA,NA,NA,NA,NA,NA,"2019"
NA,NA,NA,NA,NA,NA,NA,"2019"
NA,NA,NA,NA,NA,NA,NA,"2019"
NA,NA,NA,NA,NA,NA,NA,"2019"
NA,NA,NA,NA,NA,NA,NA,"2019"
NA,NA,NA,NA,NA,NA,NA,"2019"
NA,NA,NA,NA,NA,NA,NA,"2019"
NA,NA,NA,NA,NA,NA,NA,"2019"
NA,NA,NA,NA,NA,NA,NA,"2019"
NA,NA,NA,NA,NA,NA,NA,"2019"
NA,NA,NA,NA,NA,NA,NA,"2019"
NA,NA,NA,NA,NA,NA,NA,"2019"
NA,NA,NA,NA,NA,NA,NA,"2019"
NA,NA,NA,NA,NA,NA,NA,"2019"
NA,NA,NA,NA,NA,NA,NA,"2019"
NA,NA,NA,NA,NA,NA,NA,"2019"
NA,NA,NA,NA,NA,NA,NA,"2019"
NA,NA,NA,NA,NA,NA,NA,"2019"
NA,NA,NA,NA,NA,NA,NA,"2019"
NA,NA,NA,NA,NA,NA,NA,"2019"
NA,NA,NA,NA,NA,NA,NA,"2019"
NA,NA,NA,NA,NA,NA,NA,"2019"
NA,NA,NA,NA,NA,NA,NA,"2019"
NA,NA,NA,NA,NA,NA,NA,"2019"
NA,NA,NA,NA,NA,NA,NA,"2019"
NA,NA,NA,NA,NA,NA,NA,"2019"
NA,NA,NA,NA,NA,NA,NA,"2019"
NA,NA,NA,NA,NA,NA,NA,"2019"
NA,NA,NA,NA,NA,NA,NA,"2019"
NA,NA,NA,NA,NA,NA,NA,"2019"
NA,NA,NA,NA,NA,NA,NA,"2019"
NA,NA,NA,NA,NA,NA,NA,"2019"
NA,NA,NA,NA,NA,NA,NA,"2019"
NA,NA,NA,NA,NA,NA,NA,"2019"
NA,NA,NA,NA,NA,NA,NA,"2019"
NA,NA,NA,NA,NA,NA,NA,"2019"
NA,NA,NA,NA,NA,NA,NA,"2019"
NA,NA,NA,NA,NA,NA,NA,"2019"
NA,NA,NA,NA,NA,NA,NA,"2019"
NA,NA,NA,NA,NA,NA,NA,"2019"
NA,NA,NA,NA,NA,NA,NA,"2019"
NA,NA,NA,NA,NA,NA,NA,"2019"
NA,NA,NA,NA,NA,NA,NA,"2019"
NA,NA,NA,NA,NA,NA,NA,"2019"
NA,NA,NA,NA,NA,NA,NA,"2019"
NA,NA,NA,NA,NA,NA,NA,"2019"
NA,NA,NA,NA,NA,NA,NA,"2019"
NA,NA,NA,NA,NA,NA,NA,"2019"
NA,NA,NA,NA,NA,NA,NA,"2019"
NA,NA,NA,NA,NA,NA,NA,"2019"
NA,NA,NA,NA,NA,NA,NA,"2019"
NA,NA,NA,NA,NA,NA,NA,"2019"
NA,NA,NA,NA,NA,NA,NA,"2019"
NA,NA,NA,NA,NA,NA,NA,"2019"
NA,NA,NA,NA,NA,NA,NA,"2019"
NA,NA,NA,NA,NA,NA,NA,"2019"
NA,NA,NA,NA,NA,NA,NA,"2019"
NA,NA,NA,NA,NA,NA,NA,"2019"
NA,NA,NA,NA,NA,NA,NA,"2019"
NA,NA,NA,NA,NA,NA,NA,"2019"
NA,NA,NA,NA,NA,NA,NA,"2019"
NA,NA,NA,NA,NA,NA,NA,"2019"
NA,NA,NA,NA,NA,NA,NA,"2019"
NA,NA,NA,NA,NA,NA,NA,"2019"
NA,NA,NA,NA,NA,NA,NA,"2019"
NA,NA,NA,NA,NA,NA,NA,"2019"
NA,NA,NA,NA,NA,NA,NA,"2019"
NA,NA,NA,NA,NA,NA,NA,"2019"
NA,NA,NA,NA,NA,NA,NA,"2019"
NA,NA,NA,NA,NA,NA,NA,"2019"
NA,NA,NA,NA,NA,NA,NA,"2019"
NA,NA,NA,NA,NA,NA,NA,"2019"
NA,NA,NA,NA,NA,NA,NA,"2019"
NA,NA,NA,NA,NA,NA,NA,"2019"
NA,NA,NA,NA,NA,NA,NA,"2019"
NA,NA,NA,NA,NA,NA,NA,"2019"
NA,NA,NA,NA,NA,NA,NA,"2019"
NA,NA,NA,NA,NA,NA,NA,"2019"
NA,NA,NA,NA,NA,NA,NA,"2019"
NA,NA,NA,NA,NA,NA,NA,"2019"
NA,NA,NA,NA,NA,NA,NA,"2019"
NA,NA,NA,NA,NA,NA,NA,"2019"
NA,NA,NA,NA,NA,NA,NA,"2019"
NA,NA,NA,NA,NA,NA,NA,"2019"
NA,NA,NA,NA,NA,NA,NA,"2019"
NA,NA,NA,NA,NA,NA,NA,"2019"
NA,NA,NA,NA,NA,NA,NA,"2019"
NA,NA,NA,NA,NA,NA,NA,"2019"
NA,NA,NA,NA,NA,NA,NA,"2019"
NA,NA,NA,NA,NA,NA,NA,"2019"
NA,NA,NA,NA,NA,NA,NA,"2019"
NA,NA,NA,NA,NA,NA,NA,"2019"
NA,NA,NA,NA,NA,NA,NA,"2019"
NA,NA,NA,NA,NA,NA,NA,"2019"
NA,NA,NA,NA,NA,NA,NA,"2019"
NA,NA,NA,NA,NA,NA,NA,"2019"
NA,NA,NA,NA,NA,NA,NA,"2019"
NA,NA,NA,NA,NA,NA,NA,"2019"
NA,NA,NA,NA,NA,NA,NA,"2019"
NA,NA,NA,NA,NA,NA,NA,"2019"
NA,NA,NA,NA,NA,NA,NA,"2019"
NA,NA,NA,NA,NA,NA,NA,"2019"
NA,NA,NA,NA,NA,NA,NA,"2019"
NA,NA,NA,NA,NA,NA,NA,"2019"
NA,NA,NA,NA,NA,NA,NA,"2019"
NA,NA,NA,NA,NA,NA,NA,"2019"
NA,NA,NA,NA,NA,NA,NA,"2019"
NA,NA,NA,NA,NA,NA,NA,"2019"
NA,NA,NA,NA,NA,NA,NA,"2019"
NA,NA,NA,NA,NA,NA,NA,"2019"
NA,NA,NA,NA,NA,NA,NA,"2019"
NA,NA,NA,NA,NA,NA,NA,"2019"
NA,NA,NA,NA,NA,NA,NA,"2019"
NA,NA,NA,NA,NA,NA,NA,"2019"
NA,NA,NA,NA,NA,NA,NA,"2019"
NA,NA,NA,NA,NA,NA,NA,"2019"
NA,NA,NA,NA,NA,NA,NA,"2019"
NA,NA,NA,NA,NA,NA,NA,"2019"
NA,NA,NA,NA,NA,NA,NA,"2019"
NA,NA,NA,NA,NA,NA,NA,"2019"
NA,NA,NA,NA,NA,NA,NA,"2019"
NA,NA,NA,NA,NA,NA,NA,"2019"
NA,NA,NA,NA,NA,NA,NA,"2019"
NA,NA,NA,NA,NA,NA,NA,"2019"
NA,NA,NA,NA,NA,NA,NA,"2019"
NA,NA,NA,NA,NA,NA,NA,"2019"
NA,NA,NA,NA,NA,NA,NA,"2019"
NA,NA,NA,NA,NA,NA,NA,"2019"
NA,NA,NA,NA,NA,NA,NA,"2019"
NA,NA,NA,NA,NA,NA,NA,"2019"
NA,NA,NA,NA,NA,NA,NA,"2019"
NA,NA,NA,NA,NA,NA,NA,"2019"
NA,NA,NA,NA,NA,NA,NA,"2019"
NA,NA,NA,NA,NA,NA,NA,"2019"
NA,NA,NA,NA,NA,NA,NA,"2019"
NA,NA,NA,NA,NA,NA,NA,"2019"
NA,NA,NA,NA,NA,NA,NA,"2019"
NA,NA,NA,NA,NA,NA,NA,"2019"
NA,NA,NA,NA,NA,NA,NA,"2019"
NA,NA,NA,NA,NA,NA,NA,"2019"
NA,NA,NA,NA,NA,NA,NA,"2019"
NA,NA,NA,NA,NA,NA,NA,"2019"
NA,NA,NA,NA,NA,NA,NA,"2019"
NA,NA,NA,NA,NA,NA,NA,"2019"
NA,NA,NA,NA,NA,NA,NA,"2019"
NA,NA,NA,NA,NA,NA,NA,"2019"
NA,NA,NA,NA,NA,NA,NA,"2019"
NA,NA,NA,NA,NA,NA,NA,"2019"
NA,NA,NA,NA,NA,NA,NA,"2019"
NA,NA,NA,NA,NA,NA,NA,"2019"
NA,NA,NA,NA,NA,NA,NA,"2019"
NA,NA,NA,NA,NA,NA,NA,"2019"
NA,NA,NA,NA,NA,NA,NA,"2019"
NA,NA,NA,NA,NA,NA,NA,"2019"
NA,NA,NA,NA,NA,NA,NA,"2019"
NA,NA,NA,NA,NA,NA,NA,"2019"
NA,NA,NA,NA,NA,NA,NA,"2019"
NA,NA,NA,NA,NA,NA,NA,"2019"
NA,NA,NA,NA,NA,NA,NA,"2019"
NA,NA,NA,NA,NA,NA,NA,"2019"
NA,NA,NA,NA,NA,NA,NA,"2019"
NA,NA,NA,NA,NA,NA,NA,"2019"
NA,NA,NA,NA,NA,NA,NA,"2019"
NA,NA,NA,NA,NA,NA,NA,"2019"
NA,NA,NA,NA,NA,NA,NA,"2019"
NA,NA,NA,NA,NA,NA,NA,"2019"
NA,NA,NA,NA,NA,NA,NA,"2019"
NA,NA,NA,NA,NA,NA,NA,"2019"
NA,NA,NA,NA,NA,NA,NA,"2019"
NA,NA,NA,NA,NA,NA,NA,"2019"
NA,NA,NA,NA,NA,NA,NA,"2019"
NA,NA,NA,NA,NA,NA,NA,"2019"
NA,NA,NA,NA,NA,NA,NA,"2019"
NA,NA,NA,NA,NA,NA,NA,"2019"
NA,NA,NA,NA,NA,NA,NA,"2019"
NA,NA,NA,NA,NA,NA,NA,"2019"
NA,NA,NA,NA,NA,NA,NA,"2019"
NA,NA,NA,NA,NA,NA,NA,"2019"
NA,NA,NA,NA,NA,NA,NA,"2019"
NA,NA,NA,NA,NA,NA,NA,"2019"
NA,NA,NA,NA,NA,NA,NA,"2019"
NA,NA,NA,NA,NA,NA,NA,"2019"
NA,NA,NA,NA,NA,NA,NA,"2019"
NA,NA,NA,NA,NA,NA,NA,"2019"
NA,NA,NA,NA,NA,NA,NA,"2019"
NA,NA,NA,NA,NA,NA,NA,"2019"
NA,NA,NA,NA,NA,NA,NA,"2019"
NA,NA,NA,NA,NA,NA,NA,"2019"
NA,NA,NA,NA,NA,NA,NA,"2019"
NA,NA,NA,NA,NA,NA,NA,"2019"
NA,NA,NA,NA,NA,NA,NA,"2019"
NA,NA,NA,NA,NA,NA,NA,"2019"
NA,NA,NA,NA,NA,NA,NA,"2019"
NA,NA,NA,NA,NA,NA,NA,"2019"
NA,NA,NA,NA,NA,NA,NA,"2019"
NA,NA,NA,NA,NA,NA,NA,"2019"
NA,NA,NA,NA,NA,NA,NA,"2019"
NA,NA,NA,NA,NA,NA,NA,"2019"
NA,NA,NA,NA,NA,NA,NA,"2019"
NA,NA,NA,NA,NA,NA,NA,"2019"
NA,NA,NA,NA,NA,NA,NA,"2019"
NA,NA,NA,NA,NA,NA,NA,"2019"
NA,NA,NA,NA,NA,NA,NA,"2019"
NA,NA,NA,NA,NA,NA,NA,"2019"
NA,NA,NA,NA,NA,NA,NA,"2019"
NA,NA,NA,NA,NA,NA,NA,"2019"
NA,NA,NA,NA,NA,NA,NA,"2019"
NA,NA,NA,NA,NA,NA,NA,"2019"
NA,NA,NA,NA,NA,NA,NA,"2019"
NA,NA,NA,NA,NA,NA,NA,"2019"
NA,NA,NA,NA,NA,NA,NA,"2019"
NA,NA,NA,NA,NA,NA,NA,"2019"
NA,NA,NA,NA,NA,NA,NA,"2019"
NA,NA,NA,NA,NA,NA,NA,"2019"
NA,NA,NA,NA,NA,NA,NA,"2019"
NA,NA,NA,NA,NA,NA,NA,"2019"
NA,NA,NA,NA,NA,NA,NA,"2019"
NA,NA,NA,NA,NA,NA,NA,"2019"
NA,NA,NA,NA,NA,NA,NA,"2019"
NA,NA,NA,NA,NA,NA,NA,"2019"
NA,NA,NA,NA,NA,NA,NA,"2019"
NA,NA,NA,NA,NA,NA,NA,"2019"
NA,NA,NA,NA,NA,NA,NA,"2019"
NA,NA,NA,NA,NA,NA,NA,"2019"
NA,NA,NA,NA,NA,NA,NA,"2019"
NA,NA,NA,NA,NA,NA,NA,"2019"
NA,NA,NA,NA,NA,NA,NA,"2019"
NA,NA,NA,NA,NA,NA,NA,"2019"
NA,NA,NA,NA,NA,NA,NA,"2019"
NA,NA,NA,NA,NA,NA,NA,"2019"
NA,NA,NA,NA,NA,NA,NA,"2019"
NA,NA,NA,NA,NA,NA,NA,"2019"
NA,NA,NA,NA,NA,NA,NA,"2019"
NA,NA,NA,NA,NA,NA,NA,"2019"
NA,NA,NA,NA,NA,NA,NA,"2019"
NA,NA,NA,NA,NA,NA,NA,"2019"
NA,NA,NA,NA,NA,NA,NA,"2019"
NA,NA,NA,NA,NA,NA,NA,"2019"
NA,NA,NA,NA,NA,NA,NA,"2019"
NA,NA,NA,NA,NA,NA,NA,"2019"
NA,NA,NA,NA,NA,NA,NA,"2019"
NA,NA,NA,NA,NA,NA,NA,"2019"
NA,NA,NA,NA,NA,NA,NA,"2019"
NA,NA,NA,NA,NA,NA,NA,"2019"
NA,NA,NA,NA,NA,NA,NA,"2019"
NA,NA,NA,NA,NA,NA,NA,"2019"
NA,NA,NA,NA,NA,NA,NA,"2019"
NA,NA,NA,NA,NA,NA,NA,"2019"
NA,NA,NA,NA,NA,NA,NA,"2019"
NA,NA,NA,NA,NA,NA,NA,"2019"
NA,NA,NA,NA,NA,NA,NA,"2019"
NA,NA,NA,NA,NA,NA,NA,"2019"
NA,NA,NA,NA,NA,NA,NA,"2019"
NA,NA,NA,NA,NA,NA,NA,"2019"
NA,NA,NA,NA,NA,NA,NA,"2019"
NA,NA,NA,NA,NA,NA,NA,"2019"
NA,NA,NA,NA,NA,NA,NA,"2019"
NA,NA,NA,NA,NA,NA,NA,"2019"
NA,NA,NA,NA,NA,NA,NA,"2019"
NA,NA,NA,NA,NA,NA,NA,"2019"
NA,NA,NA,NA,NA,NA,NA,"2019"
NA,NA,NA,NA,NA,NA,NA,"2019"
NA,NA,NA,NA,NA,NA,NA,"2019"
NA,NA,NA,NA,NA,NA,NA,"2019"
NA,NA,NA,NA,NA,NA,NA,"2019"
NA,NA,NA,NA,NA,NA,NA,"2019"
NA,NA,NA,NA,NA,NA,NA,"2019"
NA,NA,NA,NA,NA,NA,NA,"2019"
NA,NA,NA,NA,NA,NA,NA,"2019"
NA,NA,NA,NA,NA,NA,NA,"2019"
NA,NA,NA,NA,NA,NA,NA,"2019"
NA,NA,NA,NA,NA,NA,NA,"2019"
NA,NA,NA,NA,NA,NA,NA,"2019"
NA,NA,NA,NA,NA,NA,NA,"2019"
NA,NA,NA,NA,NA,NA,NA,"2019"
NA,NA,NA,NA,NA,NA,NA,"2019"
NA,NA,NA,NA,NA,NA,NA,"2019"
NA,NA,NA,NA,NA,NA,NA,"2019"
NA,NA,NA,NA,NA,NA,NA,"2019"
NA,NA,NA,NA,NA,NA,NA,"2019"
NA,NA,NA,NA,NA,NA,NA,"2019"
NA,NA,NA,NA,NA,NA,NA,"2019"
NA,NA,NA,NA,NA,NA,NA,"2019"
NA,NA,NA,NA,NA,NA,NA,"2019"
NA,NA,NA,NA,NA,NA,NA,"2019"
NA,NA,NA,NA,NA,NA,NA,"2019"
NA,NA,NA,NA,NA,NA,NA,"2019"
NA,NA,NA,NA,NA,NA,NA,"2019"
NA,NA,NA,NA,NA,NA,NA,"2019"
NA,NA,NA,NA,NA,NA,NA,"2019"
NA,NA,NA,NA,NA,NA,NA,"2019"
NA,NA,NA,NA,NA,NA,NA,"2019"
NA,NA,NA,NA,NA,NA,NA,"2019"
NA,NA,NA,NA,NA,NA,NA,"2019"
NA,NA,NA,NA,NA,NA,NA,"2019"
NA,NA,NA,NA,NA,NA,NA,"2019"
NA,NA,NA,NA,NA,NA,NA,"2019"
NA,NA,NA,NA,NA,NA,NA,"2019"
NA,NA,NA,NA,NA,NA,NA,"2019"
NA,NA,NA,NA,NA,NA,NA,"2019"
NA,NA,NA,NA,NA,NA,NA,"2019"
NA,NA,NA,NA,NA,NA,NA,"2019"
NA,NA,NA,NA,NA,NA,NA,"2019"
NA,NA,NA,NA,NA,NA,NA,"2019"
NA,NA,NA,NA,NA,NA,NA,"2019"
NA,NA,NA,NA,NA,NA,NA,"2019"
NA,NA,NA,NA,NA,NA,NA,"2019"
NA,NA,NA,NA,NA,NA,NA,"2019"
NA,NA,NA,NA,NA,NA,NA,"2019"
NA,NA,NA,NA,NA,NA,NA,"2019"
NA,NA,NA,NA,NA,NA,NA,"2019"
NA,NA,NA,NA,NA,NA,NA,"2019"
NA,NA,NA,NA,NA,NA,NA,"2019"
NA,NA,NA,NA,NA,NA,NA,"2019"
NA,NA,NA,NA,NA,NA,NA,"2019"
NA,NA,NA,NA,NA,NA,NA,"2019"
NA,NA,NA,NA,NA,NA,NA,"2019"
NA,NA,NA,NA,NA,NA,NA,"2019"
NA,NA,NA,NA,NA,NA,NA,"2019"
NA,NA,NA,NA,NA,NA,NA,"2019"
NA,NA,NA,NA,NA,NA,NA,"2019"
NA,NA,NA,NA,NA,NA,NA,"2019"
NA,NA,NA,NA,NA,NA,NA,"2019"
NA,NA,NA,NA,NA,NA,NA,"2019"
NA,NA,NA,NA,NA,NA,NA,"2019"
NA,NA,NA,NA,NA,NA,NA,"2019"
NA,NA,NA,NA,NA,NA,NA,"2019"
NA,NA,NA,NA,NA,NA,NA,"2019"
NA,NA,NA,NA,NA,NA,NA,"2019"
NA,NA,NA,NA,NA,NA,NA,"2019"
NA,NA,NA,NA,NA,NA,NA,"2019"
NA,NA,NA,NA,NA,NA,NA,"2019"
NA,NA,NA,NA,NA,NA,NA,"2019"
NA,NA,NA,NA,NA,NA,NA,"2019"
NA,NA,NA,NA,NA,NA,NA,"2019"
NA,NA,NA,NA,NA,NA,NA,"2019"
NA,NA,NA,NA,NA,NA,NA,"2019"
NA,NA,NA,NA,NA,NA,NA,"2019"
NA,NA,NA,NA,NA,NA,NA,"2019"
NA,NA,NA,NA,NA,NA,NA,"2019"
NA,NA,NA,NA,NA,NA,NA,"2019"
NA,NA,NA,NA,NA,NA,NA,"2019"
NA,NA,NA,NA,NA,NA,NA,"2019"
NA,NA,NA,NA,NA,NA,NA,"2019"
NA,NA,NA,NA,NA,NA,NA,"2019"
NA,NA,NA,NA,NA,NA,NA,"2019"
NA,NA,NA,NA,NA,NA,NA,"2019"
NA,NA,NA,NA,NA,NA,NA,"2019"
NA,NA,NA,NA,NA,NA,NA,"2019"
NA,NA,NA,NA,NA,NA,NA,"2019"
NA,NA,NA,NA,NA,NA,NA,"2019"
NA,NA,NA,NA,NA,NA,NA,"2019"
NA,NA,NA,NA,NA,NA,NA,"2019"
NA,NA,NA,NA,NA,NA,NA,"2019"
NA,NA,NA,NA,NA,NA,NA,"2019"
NA,NA,NA,NA,NA,NA,NA,"2019"
NA,NA,NA,NA,NA,NA,NA,"2019"
NA,NA,NA,NA,NA,NA,NA,"2019"
NA,NA,NA,NA,NA,NA,NA,"2019"
NA,NA,NA,NA,NA,NA,NA,"2019"
NA,NA,NA,NA,NA,NA,NA,"2019"
NA,NA,NA,NA,NA,NA,NA,"2019"
NA,NA,NA,NA,NA,NA,NA,"2019"
NA,NA,NA,NA,NA,NA,NA,"2019"
NA,NA,NA,NA,NA,NA,NA,"2019"
NA,NA,NA,NA,NA,NA,NA,"2019"
NA,NA,NA,NA,NA,NA,NA,"2019"
NA,NA,NA,NA,NA,NA,NA,"2019"
NA,NA,NA,NA,NA,NA,NA,"2019"
NA,NA,NA,NA,NA,NA,NA,"2019"
NA,NA,NA,NA,NA,NA,NA,"2019"
NA,NA,NA,NA,NA,NA,NA,"2019"
NA,NA,NA,NA,NA,NA,NA,"2019"
NA,NA,NA,NA,NA,NA,NA,"2019"
NA,NA,NA,NA,NA,NA,NA,"2019"
NA,NA,NA,NA,NA,NA,NA,"2019"
NA,NA,NA,NA,NA,NA,NA,"2019"
NA,NA,NA,NA,NA,NA,NA,"2019"
NA,NA,NA,NA,NA,NA,NA,"2019"
NA,NA,NA,NA,NA,NA,NA,"2019"
NA,NA,NA,NA,NA,NA,NA,"2019"
NA,NA,NA,NA,NA,NA,NA,"2019"
NA,NA,NA,NA,NA,NA,NA,"2019"
NA,NA,NA,NA,NA,NA,NA,"2019"
NA,NA,NA,NA,NA,NA,NA,"2019"
NA,NA,NA,NA,NA,NA,NA,"2019"
NA,NA,NA,NA,NA,NA,NA,"2019"
NA,NA,NA,NA,NA,NA,NA,"2019"
NA,NA,NA,NA,NA,NA,NA,"2019"
NA,NA,NA,NA,NA,NA,NA,"2019"
NA,NA,NA,NA,NA,NA,NA,"2019"
NA,NA,NA,NA,NA,NA,NA,"2019"
NA,NA,NA,NA,NA,NA,NA,"2019"
NA,NA,NA,NA,NA,NA,NA,"2019"
NA,NA,NA,NA,NA,NA,NA,"2019"
NA,NA,NA,NA,NA,NA,NA,"2019"
NA,NA,NA,NA,NA,NA,NA,"2019"
NA,NA,NA,NA,NA,NA,NA,"2019"
NA,NA,NA,NA,NA,NA,NA,"2019"
NA,NA,NA,NA,NA,NA,NA,"2019"
NA,NA,NA,NA,NA,NA,NA,"2019"
NA,NA,NA,NA,NA,NA,NA,"2019"
NA,NA,NA,NA,NA,NA,NA,"2019"
NA,NA,NA,NA,NA,NA,NA,"2019"
NA,NA,NA,NA,NA,NA,NA,"2019"
NA,NA,NA,NA,NA,NA,NA,"2019"
NA,NA,NA,NA,NA,NA,NA,"2019"
NA,NA,NA,NA,NA,NA,NA,"2019"
NA,NA,NA,NA,NA,NA,NA,"2019"
NA,NA,NA,NA,NA,NA,NA,"2019"
NA,NA,NA,NA,NA,NA,NA,"2019"
NA,NA,NA,NA,NA,NA,NA,"2019"
NA,NA,NA,NA,NA,NA,NA,"2019"
NA,NA,NA,NA,NA,NA,NA,"2019"
NA,NA,NA,NA,NA,NA,NA,"2019"
NA,NA,NA,NA,NA,NA,NA,"2019"
NA,NA,NA,NA,NA,NA,NA,"2019"
NA,NA,NA,NA,NA,NA,NA,"2019"
NA,NA,NA,NA,NA,NA,NA,"2019"
NA,NA,NA,NA,NA,NA,NA,"2019"
NA,NA,NA,NA,NA,NA,NA,"2019"
NA,NA,NA,NA,NA,NA,NA,"2019"
NA,NA,NA,NA,NA,NA,NA,"2019"
NA,NA,NA,NA,NA,NA,NA,"2019"
NA,NA,NA,NA,NA,NA,NA,"2019"
NA,NA,NA,NA,NA,NA,NA,"2019"
NA,NA,NA,NA,NA,NA,NA,"2019"
NA,NA,NA,NA,NA,NA,NA,"2019"
NA,NA,NA,NA,NA,NA,NA,"2019"
NA,NA,NA,NA,NA,NA,NA,"2019"
NA,NA,NA,NA,NA,NA,NA,"2019"
NA,NA,NA,NA,NA,NA,NA,"2019"
NA,NA,NA,NA,NA,NA,NA,"2019"
NA,NA,NA,NA,NA,NA,NA,"2019"
NA,NA,NA,NA,NA,NA,NA,"2019"
NA,NA,NA,NA,NA,NA,NA,"2019"
NA,NA,NA,NA,NA,NA,NA,"2019"
NA,NA,NA,NA,NA,NA,NA,"2019"
NA,NA,NA,NA,NA,NA,NA,"2019"
NA,NA,NA,NA,NA,NA,NA,"2019"
NA,NA,NA,NA,NA,NA,NA,"2019"
NA,NA,NA,NA,NA,NA,NA,"2019"
NA,NA,NA,NA,NA,NA,NA,"2019"
NA,NA,NA,NA,NA,NA,NA,"2019"
NA,NA,NA,NA,NA,NA,NA,"2019"
NA,NA,NA,NA,NA,NA,NA,"2019"
NA,NA,NA,NA,NA,NA,NA,"2019"
NA,NA,NA,NA,NA,NA,NA,"2019"
NA,NA,NA,NA,NA,NA,NA,"2019"
NA,NA,NA,NA,NA,NA,NA,"2019"
NA,NA,NA,NA,NA,NA,NA,"2019"
NA,NA,NA,NA,NA,NA,NA,"2019"
NA,NA,NA,NA,NA,NA,NA,"2019"
NA,NA,NA,NA,NA,NA,NA,"2019"
NA,NA,NA,NA,NA,NA,NA,"2019"
NA,NA,NA,NA,NA,NA,NA,"2019"
NA,NA,NA,NA,NA,NA,NA,"2019"
NA,NA,NA,NA,NA,NA,NA,"2019"
NA,NA,NA,NA,NA,NA,NA,"2019"
NA,NA,NA,NA,NA,NA,NA,"2019"
NA,NA,NA,NA,NA,NA,NA,"2019"
NA,NA,NA,NA,NA,NA,NA,"2019"
NA,NA,NA,NA,NA,NA,NA,"2019"
NA,NA,NA,NA,NA,NA,NA,"2019"
NA,NA,NA,NA,NA,NA,NA,"2019"
NA,NA,NA,NA,NA,NA,NA,"2019"
NA,NA,NA,NA,NA,NA,NA,"2019"
NA,NA,NA,NA,NA,NA,NA,"2019"
NA,NA,NA,NA,NA,NA,NA,"2019"
NA,NA,NA,NA,NA,NA,NA,"2019"
NA,NA,NA,NA,NA,NA,NA,"2019"
NA,NA,NA,NA,NA,NA,NA,"2019"
NA,NA,NA,NA,NA,NA,NA,"2019"
NA,NA,NA,NA,NA,NA,NA,"2019"
NA,NA,NA,NA,NA,NA,NA,"2019"
NA,NA,NA,NA,NA,NA,NA,"2019"
NA,NA,NA,NA,NA,NA,NA,"2019"
NA,NA,NA,NA,NA,NA,NA,"2019"
NA,NA,NA,NA,NA,NA,NA,"2019"
NA,NA,NA,NA,NA,NA,NA,"2019"
NA,NA,NA,NA,NA,NA,NA,"2019"
NA,NA,NA,NA,NA,NA,NA,"2019"
NA,NA,NA,NA,NA,NA,NA,"2019"
NA,NA,NA,NA,NA,NA,NA,"2019"
NA,NA,NA,NA,NA,NA,NA,"2019"
NA,NA,NA,NA,NA,NA,NA,"2019"
NA,NA,NA,NA,NA,NA,NA,"2019"
NA,NA,NA,NA,NA,NA,NA,"2019"
NA,NA,NA,NA,NA,NA,NA,"2019"
NA,NA,NA,NA,NA,NA,NA,"2019"
NA,NA,NA,NA,NA,NA,NA,"2019"
NA,NA,NA,NA,NA,NA,NA,"2019"
NA,NA,NA,NA,NA,NA,NA,"2019"
NA,NA,NA,NA,NA,NA,NA,"2019"
NA,NA,NA,NA,NA,NA,NA,"2019"
NA,NA,NA,NA,NA,NA,NA,"2019"
NA,NA,NA,NA,NA,NA,NA,"2019"
NA,NA,NA,NA,NA,NA,NA,"2019"
NA,NA,NA,NA,NA,NA,NA,"2019"
NA,NA,NA,NA,NA,NA,NA,"2019"
NA,NA,NA,NA,NA,NA,NA,"2019"
NA,NA,NA,NA,NA,NA,NA,"2019"
NA,NA,NA,NA,NA,NA,NA,"2019"
NA,NA,NA,NA,NA,NA,NA,"2019"
NA,NA,NA,NA,NA,NA,NA,"2019"
NA,NA,NA,NA,NA,NA,NA,"2019"
NA,NA,NA,NA,NA,NA,NA,"2019"
NA,NA,NA,NA,NA,NA,NA,"2019"
NA,NA,NA,NA,NA,NA,NA,"2019"
NA,NA,NA,NA,NA,NA,NA,"2019"
NA,NA,NA,NA,NA,NA,NA,"2019"
NA,NA,NA,NA,NA,NA,NA,"2019"
NA,NA,NA,NA,NA,NA,NA,"2019"
NA,NA,NA,NA,NA,NA,NA,"2019"
NA,NA,NA,NA,NA,NA,NA,"2019"
NA,NA,NA,NA,NA,NA,NA,"2019"
NA,NA,NA,NA,NA,NA,NA,"2019"
NA,NA,NA,NA,NA,NA,NA,"2019"
NA,NA,NA,NA,NA,NA,NA,"2019"
NA,NA,NA,NA,NA,NA,NA,"2019"
NA,NA,NA,NA,NA,NA,NA,"2019"
NA,NA,NA,NA,NA,NA,NA,"2019"
NA,NA,NA,NA,NA,NA,NA,"2019"
NA,NA,NA,NA,NA,NA,NA,"2019"
NA,NA,NA,NA,NA,NA,NA,"2019"
NA,NA,NA,NA,NA,NA,NA,"2019"
NA,NA,NA,NA,NA,NA,NA,"2019"
NA,NA,NA,NA,NA,NA,NA,"2019"
NA,NA,NA,NA,NA,NA,NA,"2019"
NA,NA,NA,NA,NA,NA,NA,"2019"
NA,NA,NA,NA,NA,NA,NA,"2019"
NA,NA,NA,NA,NA,NA,NA,"2019"
NA,NA,NA,NA,NA,NA,NA,"2019"
NA,NA,NA,NA,NA,NA,NA,"2019"
NA,NA,NA,NA,NA,NA,NA,"2019"
NA,NA,NA,NA,NA,NA,NA,"2019"
NA,NA,NA,NA,NA,NA,NA,"2019"
NA,NA,NA,NA,NA,NA,NA,"2019"
NA,NA,NA,NA,NA,NA,NA,"2019"
NA,NA,NA,NA,NA,NA,NA,"2019"
NA,NA,NA,NA,NA,NA,NA,"2019"
NA,NA,NA,NA,NA,NA,NA,"2019"
NA,NA,NA,NA,NA,NA,NA,"2019"
NA,NA,NA,NA,NA,NA,NA,"2019"
NA,NA,NA,NA,NA,NA,NA,"2019"
NA,NA,NA,NA,NA,NA,NA,"2019"
NA,NA,NA,NA,NA,NA,NA,"2019"
NA,NA,NA,NA,NA,NA,NA,"2019"
NA,NA,NA,NA,NA,NA,NA,"2019"
NA,NA,NA,NA,NA,NA,NA,"2019"
NA,NA,NA,NA,NA,NA,NA,"2019"
NA,NA,NA,NA,NA,NA,NA,"2019"
NA,NA,NA,NA,NA,NA,NA,"2019"
NA,NA,NA,NA,NA,NA,NA,"2019"
NA,NA,NA,NA,NA,NA,NA,"2019"
NA,NA,NA,NA,NA,NA,NA,"2019"
NA,NA,NA,NA,NA,NA,NA,"2019"
NA,NA,NA,NA,NA,NA,NA,"2019"
NA,NA,NA,NA,NA,NA,NA,"2019"
NA,NA,NA,NA,NA,NA,NA,"2019"
NA,NA,NA,NA,NA,NA,NA,"2019"
NA,NA,NA,NA,NA,NA,NA,"2019"
NA,NA,NA,NA,NA,NA,NA,"2019"
NA,NA,NA,NA,NA,NA,NA,"2019"
NA,NA,NA,NA,NA,NA,NA,"2019"
NA,NA,NA,NA,NA,NA,NA,"2019"
NA,NA,NA,NA,NA,NA,NA,"2019"
NA,NA,NA,NA,NA,NA,NA,"2019"
NA,NA,NA,NA,NA,NA,NA,"2019"
NA,NA,NA,NA,NA,NA,NA,"2019"
NA,NA,NA,NA,NA,NA,NA,"2019"
NA,NA,NA,NA,NA,NA,NA,"2019"
NA,NA,NA,NA,NA,NA,NA,"2019"
NA,NA,NA,NA,NA,NA,NA,"2019"
NA,NA,NA,NA,NA,NA,NA,"2019"
NA,NA,NA,NA,NA,NA,NA,"2019"
NA,NA,NA,NA,NA,NA,NA,"2019"
NA,NA,NA,NA,NA,NA,NA,"2019"
NA,NA,NA,NA,NA,NA,NA,"2019"
NA,NA,NA,NA,NA,NA,NA,"2019"
NA,NA,NA,NA,NA,NA,NA,"2019"
NA,NA,NA,NA,NA,NA,NA,"2019"
NA,NA,NA,NA,NA,NA,NA,"2019"
NA,NA,NA,NA,NA,NA,NA,"2019"
NA,NA,NA,NA,NA,NA,NA,"2019"
NA,NA,NA,NA,NA,NA,NA,"2019"
NA,NA,NA,NA,NA,NA,NA,"2019"
NA,NA,NA,NA,NA,NA,NA,"2019"
NA,NA,NA,NA,NA,NA,NA,"2019"
NA,NA,NA,NA,NA,NA,NA,"2019"
NA,NA,NA,NA,NA,NA,NA,"2019"
NA,NA,NA,NA,NA,NA,NA,"2019"
NA,NA,NA,NA,NA,NA,NA,"2019"
NA,NA,NA,NA,NA,NA,NA,"2019"
NA,NA,NA,NA,NA,NA,NA,"2019"
NA,NA,NA,NA,NA,NA,NA,"2019"
NA,NA,NA,NA,NA,NA,NA,"2019"
NA,NA,NA,NA,NA,NA,NA,"2019"
NA,NA,NA,NA,NA,NA,NA,"2019"
NA,NA,NA,NA,NA,NA,NA,"2019"
NA,NA,NA,NA,NA,NA,NA,"2019"
NA,NA,NA,NA,NA,NA,NA,"2019"
NA,NA,NA,NA,NA,NA,NA,"2019"
NA,NA,NA,NA,NA,NA,NA,"2019"
NA,NA,NA,NA,NA,NA,NA,"2019"
NA,NA,NA,NA,NA,NA,NA,"2019"
NA,NA,NA,NA,NA,NA,NA,"2019"
NA,NA,NA,NA,NA,NA,NA,"2019"
NA,NA,NA,NA,NA,NA,NA,"2019"
NA,NA,NA,NA,NA,NA,NA,"2019"
NA,NA,NA,NA,NA,NA,NA,"2019"
NA,NA,NA,NA,NA,NA,NA,"2019"
NA,NA,NA,NA,NA,NA,NA,"2019"
NA,NA,NA,NA,NA,NA,NA,"2019"
NA,NA,NA,NA,NA,NA,NA,"2019"
NA,NA,NA,NA,NA,NA,NA,"2019"
NA,NA,NA,NA,NA,NA,NA,"2019"
NA,NA,NA,NA,NA,NA,NA,"2019"
NA,NA,NA,NA,NA,NA,NA,"2019"
NA,NA,NA,NA,NA,NA,NA,"2019"
NA,NA,NA,NA,NA,NA,NA,"2019"
NA,NA,NA,NA,NA,NA,NA,"2019"
NA,NA,NA,NA,NA,NA,NA,"2019"
NA,NA,NA,NA,NA,NA,NA,"2019"
NA,NA,NA,NA,NA,NA,NA,"2019"
NA,NA,NA,NA,NA,NA,NA,"2019"
NA,NA,NA,NA,NA,NA,NA,"2019"
NA,NA,NA,NA,NA,NA,NA,"2019"
NA,NA,NA,NA,NA,NA,NA,"2019"
NA,NA,NA,NA,NA,NA,NA,"2019"
NA,NA,NA,NA,NA,NA,NA,"2019"
NA,NA,NA,NA,NA,NA,NA,"2019"
NA,NA,NA,NA,NA,NA,NA,"2019"
NA,NA,NA,NA,NA,NA,NA,"2019"
NA,NA,NA,NA,NA,NA,NA,"2019"
NA,NA,NA,NA,NA,NA,NA,"2019"
NA,NA,NA,NA,NA,NA,NA,"2019"
NA,NA,NA,NA,NA,NA,NA,"2019"
NA,NA,NA,NA,NA,NA,NA,"2019"
NA,NA,NA,NA,NA,NA,NA,"2019"
NA,NA,NA,NA,NA,NA,NA,"2019"
NA,NA,NA,NA,NA,NA,NA,"2019"
NA,NA,NA,NA,NA,NA,NA,"2019"
NA,NA,NA,NA,NA,NA,NA,"2019"
NA,NA,NA,NA,NA,NA,NA,"2019"
NA,NA,NA,NA,NA,NA,NA,"2019"
NA,NA,NA,NA,NA,NA,NA,"2019"
NA,NA,NA,NA,NA,NA,NA,"2019"
NA,NA,NA,NA,NA,NA,NA,"2019"
NA,NA,NA,NA,NA,NA,NA,"2019"
NA,NA,NA,NA,NA,NA,NA,"2019"
NA,NA,NA,NA,NA,NA,NA,"2019"
NA,NA,NA,NA,NA,NA,NA,"2019"
NA,NA,NA,NA,NA,NA,NA,"2019"
NA,NA,NA,NA,NA,NA,NA,"2019"
NA,NA,NA,NA,NA,NA,NA,"2019"
NA,NA,NA,NA,NA,NA,NA,"2019"
NA,NA,NA,NA,NA,NA,NA,"2019"
NA,NA,NA,NA,NA,NA,NA,"2019"
NA,NA,NA,NA,NA,NA,NA,"2019"
NA,NA,NA,NA,NA,NA,NA,"2019"
NA,NA,NA,NA,NA,NA,NA,"2019"
NA,NA,NA,NA,NA,NA,NA,"2019"
NA,NA,NA,NA,NA,NA,NA,"2019"
NA,NA,NA,NA,NA,NA,NA,"2019"
NA,NA,NA,NA,NA,NA,NA,"2019"
NA,NA,NA,NA,NA,NA,NA,"2019"
NA,NA,NA,NA,NA,NA,NA,"2019"
NA,NA,NA,NA,NA,NA,NA,"2019"
NA,NA,NA,NA,NA,NA,NA,"2019"
NA,NA,NA,NA,NA,NA,NA,"2019"
NA,NA,NA,NA,NA,NA,NA,"2019"
NA,NA,NA,NA,NA,NA,NA,"2019"
NA,NA,NA,NA,NA,NA,NA,"2019"
NA,NA,NA,NA,NA,NA,NA,"2019"
NA,NA,NA,NA,NA,NA,NA,"2019"
NA,NA,NA,NA,NA,NA,NA,"2019"
NA,NA,NA,NA,NA,NA,NA,"2019"
NA,NA,NA,NA,NA,NA,NA,"2019"
NA,NA,NA,NA,NA,NA,NA,"2019"
NA,NA,NA,NA,NA,NA,NA,"2019"
NA,NA,NA,NA,NA,NA,NA,"2019"
NA,NA,NA,NA,NA,NA,NA,"2019"
NA,NA,NA,NA,NA,NA,NA,"2019"
NA,NA,NA,NA,NA,NA,NA,"2019"
NA,NA,NA,NA,NA,NA,NA,"2019"
NA,NA,NA,NA,NA,NA,NA,"2019"
NA,NA,NA,NA,NA,NA,NA,"2019"
NA,NA,NA,NA,NA,NA,NA,"2019"
NA,NA,NA,NA,NA,NA,NA,"2019"
NA,NA,NA,NA,NA,NA,NA,"2019"
NA,NA,NA,NA,NA,NA,NA,"2019"
NA,NA,NA,NA,NA,NA,NA,"2019"
NA,NA,NA,NA,NA,NA,NA,"2019"
NA,NA,NA,NA,NA,NA,NA,"2019"
NA,NA,NA,NA,NA,NA,NA,"2019"
NA,NA,NA,NA,NA,NA,NA,"2019"
NA,NA,NA,NA,NA,NA,NA,"2019"
NA,NA,NA,NA,NA,NA,NA,"2019"
NA,NA,NA,NA,NA,NA,NA,"2019"
NA,NA,NA,NA,NA,NA,NA,"2019"
NA,NA,NA,NA,NA,NA,NA,"2019"
NA,NA,NA,NA,NA,NA,NA,"2019"
NA,NA,NA,NA,NA,NA,NA,"2019"
NA,NA,NA,NA,NA,NA,NA,"2019"
NA,NA,NA,NA,NA,NA,NA,"2019"
NA,NA,NA,NA,NA,NA,NA,"2019"
NA,NA,NA,NA,NA,NA,NA,"2019"
NA,NA,NA,NA,NA,NA,NA,"2019"
NA,NA,NA,NA,NA,NA,NA,"2019"
NA,NA,NA,NA,NA,NA,NA,"2019"
NA,NA,NA,NA,NA,NA,NA,"2019"
NA,NA,NA,NA,NA,NA,NA,"2019"
NA,NA,NA,NA,NA,NA,NA,"2019"
NA,NA,NA,NA,NA,NA,NA,"2019"
NA,NA,NA,NA,NA,NA,NA,"2019"
NA,NA,NA,NA,NA,NA,NA,"2019"
NA,NA,NA,NA,NA,NA,NA,"2019"
NA,NA,NA,NA,NA,NA,NA,"2019"
NA,NA,NA,NA,NA,NA,NA,"2019"
NA,NA,NA,NA,NA,NA,NA,"2019"
NA,NA,NA,NA,NA,NA,NA,"2019"
NA,NA,NA,NA,NA,NA,NA,"2019"
NA,NA,NA,NA,NA,NA,NA,"2019"
NA,NA,NA,NA,NA,NA,NA,"2019"
NA,NA,NA,NA,NA,NA,NA,"2019"
NA,NA,NA,NA,NA,NA,NA,"2019"
NA,NA,NA,NA,NA,NA,NA,"2019"
NA,NA,NA,NA,NA,NA,NA,"2019"
NA,NA,NA,NA,NA,NA,NA,"2019"
NA,NA,NA,NA,NA,NA,NA,"2019"
NA,NA,NA,NA,NA,NA,NA,"2019"
NA,NA,NA,NA,NA,NA,NA,"2019"
NA,NA,NA,NA,NA,NA,NA,"2019"
NA,NA,NA,NA,NA,NA,NA,"2019"
NA,NA,NA,NA,NA,NA,NA,"2019"
NA,NA,NA,NA,NA,NA,NA,"2019"
NA,NA,NA,NA,NA,NA,NA,"2019"
NA,NA,NA,NA,NA,NA,NA,"2019"
NA,NA,NA,NA,NA,NA,NA,"2019"
NA,NA,NA,NA,NA,NA,NA,"2019"
NA,NA,NA,NA,NA,NA,NA,"2019"
NA,NA,NA,NA,NA,NA,NA,"2019"
NA,NA,NA,NA,NA,NA,NA,"2019"
NA,NA,NA,NA,NA,NA,NA,"2019"
NA,NA,NA,NA,NA,NA,NA,"2019"
NA,NA,NA,NA,NA,NA,NA,"2019"
NA,NA,NA,NA,NA,NA,NA,"2019"
NA,NA,NA,NA,NA,NA,NA,"2019"
NA,NA,NA,NA,NA,NA,NA,"2019"
NA,NA,NA,NA,NA,NA,NA,"2019"
NA,NA,NA,NA,NA,NA,NA,"2019"
NA,NA,NA,NA,NA,NA,NA,"2019"
NA,NA,NA,NA,NA,NA,NA,"2019"
NA,NA,NA,NA,NA,NA,NA,"2019"
NA,NA,NA,NA,NA,NA,NA,"2019"
NA,NA,NA,NA,NA,NA,NA,"2019"
NA,NA,NA,NA,NA,NA,NA,"2019"
NA,NA,NA,NA,NA,NA,NA,"2019"
NA,NA,NA,NA,NA,NA,NA,"2019"
NA,NA,NA,NA,NA,NA,NA,"2019"
NA,NA,NA,NA,NA,NA,NA,"2019"
NA,NA,NA,NA,NA,NA,NA,"2019"
NA,NA,NA,NA,NA,NA,NA,"2019"
NA,NA,NA,NA,NA,NA,NA,"2019"
NA,NA,NA,NA,NA,NA,NA,"2019"
NA,NA,NA,NA,NA,NA,NA,"2019"
NA,NA,NA,NA,NA,NA,NA,"2019"
NA,NA,NA,NA,NA,NA,NA,"2019"
NA,NA,NA,NA,NA,NA,NA,"2019"
NA,NA,NA,NA,NA,NA,NA,"2019"
NA,NA,NA,NA,NA,NA,NA,"2019"
NA,NA,NA,NA,NA,NA,NA,"2019"
NA,NA,NA,NA,NA,NA,NA,"2019"
NA,NA,NA,NA,NA,NA,NA,"2019"
NA,NA,NA,NA,NA,NA,NA,"2019"
NA,NA,NA,NA,NA,NA,NA,"2019"
NA,NA,NA,NA,NA,NA,NA,"2019"
NA,NA,NA,NA,NA,NA,NA,"2019"
NA,NA,NA,NA,NA,NA,NA,"2019"
NA,NA,NA,NA,NA,NA,NA,"2019"
NA,NA,NA,NA,NA,NA,NA,"2019"
NA,NA,NA,NA,NA,NA,NA,"2019"
NA,NA,NA,NA,NA,NA,NA,"2019"
NA,NA,NA,NA,NA,NA,NA,"2019"
NA,NA,NA,NA,NA,NA,NA,"2019"
NA,NA,NA,NA,NA,NA,NA,"2019"
NA,NA,NA,NA,NA,NA,NA,"2019"
NA,NA,NA,NA,NA,NA,NA,"2019"
NA,NA,NA,NA,NA,NA,NA,"2019"
NA,NA,NA,NA,NA,NA,NA,"2019"
NA,NA,NA,NA,NA,NA,NA,"2019"
NA,NA,NA,NA,NA,NA,NA,"2019"
NA,NA,NA,NA,NA,NA,NA,"2019"
NA,NA,NA,NA,NA,NA,NA,"2019"
NA,NA,NA,NA,NA,NA,NA,"2019"
NA,NA,NA,NA,NA,NA,NA,"2019"
NA,NA,NA,NA,NA,NA,NA,"2019"
NA,NA,NA,NA,NA,NA,NA,"2019"
NA,NA,NA,NA,NA,NA,NA,"2019"
NA,NA,NA,NA,NA,NA,NA,"2019"
NA,NA,NA,NA,NA,NA,NA,"2019"
NA,NA,NA,NA,NA,NA,NA,"2019"
NA,NA,NA,NA,NA,NA,NA,"2019"
NA,NA,NA,NA,NA,NA,NA,"2019"
NA,NA,NA,NA,NA,NA,NA,"2019"
NA,NA,NA,NA,NA,NA,NA,"2019"
NA,NA,NA,NA,NA,NA,NA,"2019"
NA,NA,NA,NA,NA,NA,NA,"2019"
NA,NA,NA,NA,NA,NA,NA,"2019"
NA,NA,NA,NA,NA,NA,NA,"2019"
NA,NA,NA,NA,NA,NA,NA,"2019"
NA,NA,NA,NA,NA,NA,NA,"2019"
NA,NA,NA,NA,NA,NA,NA,"2019"
NA,NA,NA,NA,NA,NA,NA,"2019"
NA,NA,NA,NA,NA,NA,NA,"2019"
NA,NA,NA,NA,NA,NA,NA,"2019"
NA,NA,NA,NA,NA,NA,NA,"2019"
NA,NA,NA,NA,NA,NA,NA,"2019"
NA,NA,NA,NA,NA,NA,NA,"2019"
NA,NA,NA,NA,NA,NA,NA,"2019"
NA,NA,NA,NA,NA,NA,NA,"2019"
NA,NA,NA,NA,NA,NA,NA,"2019"
NA,NA,NA,NA,NA,NA,NA,"2019"
NA,NA,NA,NA,NA,NA,NA,"2019"
NA,NA,NA,NA,NA,NA,NA,"2019"
NA,NA,NA,NA,NA,NA,NA,"2019"
NA,NA,NA,NA,NA,NA,NA,"2019"
NA,NA,NA,NA,NA,NA,NA,"2019"
NA,NA,NA,NA,NA,NA,NA,"2019"
NA,NA,NA,NA,NA,NA,NA,"2019"
NA,NA,NA,NA,NA,NA,NA,"2019"
NA,NA,NA,NA,NA,NA,NA,"2019"
NA,NA,NA,NA,NA,NA,NA,"2019"
NA,NA,NA,NA,NA,NA,NA,"2019"
NA,NA,NA,NA,NA,NA,NA,"2019"
NA,NA,NA,NA,NA,NA,NA,"2019"
NA,NA,NA,NA,NA,NA,NA,"2019"
NA,NA,NA,NA,NA,NA,NA,"2019"
NA,NA,NA,NA,NA,NA,NA,"2019"
NA,NA,NA,NA,NA,NA,NA,"2019"
NA,NA,NA,NA,NA,NA,NA,"2019"
NA,NA,NA,NA,NA,NA,NA,"2019"
NA,NA,NA,NA,NA,NA,NA,"2019"
NA,NA,NA,NA,NA,NA,NA,"2019"
NA,NA,NA,NA,NA,NA,NA,"2019"
NA,NA,NA,NA,NA,NA,NA,"2019"
NA,NA,NA,NA,NA,NA,NA,"2019"
NA,NA,NA,NA,NA,NA,NA,"2019"
NA,NA,NA,NA,NA,NA,NA,"2019"
NA,NA,NA,NA,NA,NA,NA,"2019"
NA,NA,NA,NA,NA,NA,NA,"2019"
NA,NA,NA,NA,NA,NA,NA,"2019"
NA,NA,NA,NA,NA,NA,NA,"2019"
NA,NA,NA,NA,NA,NA,NA,"2019"
NA,NA,NA,NA,NA,NA,NA,"2019"
NA,NA,NA,NA,NA,NA,NA,"2019"
NA,NA,NA,NA,NA,NA,NA,"2019"
NA,NA,NA,NA,NA,NA,NA,"2019"
NA,NA,NA,NA,NA,NA,NA,"2019"
NA,NA,NA,NA,NA,NA,NA,"2019"
NA,NA,NA,NA,NA,NA,NA,"2019"
NA,NA,NA,NA,NA,NA,NA,"2019"
NA,NA,NA,NA,NA,NA,NA,"2019"
NA,NA,NA,NA,NA,NA,NA,"2019"
NA,NA,NA,NA,NA,NA,NA,"2019"
NA,NA,NA,NA,NA,NA,NA,"2019"
NA,NA,NA,NA,NA,NA,NA,"2019"
NA,NA,NA,NA,NA,NA,NA,"2019"
NA,NA,NA,NA,NA,NA,NA,"2019"
NA,NA,NA,NA,NA,NA,NA,"2019"
NA,NA,NA,NA,NA,NA,NA,"2019"
NA,NA,NA,NA,NA,NA,NA,"2019"
NA,NA,NA,NA,NA,NA,NA,"2019"
NA,NA,NA,NA,NA,NA,NA,"2019"
NA,NA,NA,NA,NA,NA,NA,"2019"
NA,NA,NA,NA,NA,NA,NA,"2019"
NA,NA,NA,NA,NA,NA,NA,"2019"
NA,NA,NA,NA,NA,NA,NA,"2019"
NA,NA,NA,NA,NA,NA,NA,"2019"
NA,NA,NA,NA,NA,NA,NA,"2019"
NA,NA,NA,NA,NA,NA,NA,"2019"
NA,NA,NA,NA,NA,NA,NA,"2019"
NA,NA,NA,NA,NA,NA,NA,"2019"
NA,NA,NA,NA,NA,NA,NA,"2019"
NA,NA,NA,NA,NA,NA,NA,"2019"
NA,NA,NA,NA,NA,NA,NA,"2019"
NA,NA,NA,NA,NA,NA,NA,"2019"
NA,NA,NA,NA,NA,NA,NA,"2019"
NA,NA,NA,NA,NA,NA,NA,"2019"
NA,NA,NA,NA,NA,NA,NA,"2019"
NA,NA,NA,NA,NA,NA,NA,"2019"
NA,NA,NA,NA,NA,NA,NA,"2019"
NA,NA,NA,NA,NA,NA,NA,"2019"
NA,NA,NA,NA,NA,NA,NA,"2019"
NA,NA,NA,NA,NA,NA,NA,"2019"
NA,NA,NA,NA,NA,NA,NA,"2019"
NA,NA,NA,NA,NA,NA,NA,"2019"
NA,NA,NA,NA,NA,NA,NA,"2019"
NA,NA,NA,NA,NA,NA,NA,"2019"
NA,NA,NA,NA,NA,NA,NA,"2019"
NA,NA,NA,NA,NA,NA,NA,"2019"
NA,NA,NA,NA,NA,NA,NA,"2019"
NA,NA,NA,NA,NA,NA,NA,"2019"
NA,NA,NA,NA,NA,NA,NA,"2019"
NA,NA,NA,NA,NA,NA,NA,"2019"
NA,NA,NA,NA,NA,NA,NA,"2019"
NA,NA,NA,NA,NA,NA,NA,"2019"
NA,NA,NA,NA,NA,NA,NA,"2019"
NA,NA,NA,NA,NA,NA,NA,"2019"
NA,NA,NA,NA,NA,NA,NA,"2019"
NA,NA,NA,NA,NA,NA,NA,"2019"
NA,NA,NA,NA,NA,NA,NA,"2019"
NA,NA,NA,NA,NA,NA,NA,"2019"
NA,NA,NA,NA,NA,NA,NA,"2019"
NA,NA,NA,NA,NA,NA,NA,"2019"
NA,NA,NA,NA,NA,NA,NA,"2019"
NA,NA,NA,NA,NA,NA,NA,"2019"
NA,NA,NA,NA,NA,NA,NA,"2019"
NA,NA,NA,NA,NA,NA,NA,"2019"
NA,NA,NA,NA,NA,NA,NA,"2019"
NA,NA,NA,NA,NA,NA,NA,"2019"
NA,NA,NA,NA,NA,NA,NA,"2019"
NA,NA,NA,NA,NA,NA,NA,"2019"
NA,NA,NA,NA,NA,NA,NA,"2019"
NA,NA,NA,NA,NA,NA,NA,"2019"
NA,NA,NA,NA,NA,NA,NA,"2019"
NA,NA,NA,NA,NA,NA,NA,"2019"
NA,NA,NA,NA,NA,NA,NA,"2019"
NA,NA,NA,NA,NA,NA,NA,"2019"
NA,NA,NA,NA,NA,NA,NA,"2019"
NA,NA,NA,NA,NA,NA,NA,"2019"
NA,NA,NA,NA,NA,NA,NA,"2019"
NA,NA,NA,NA,NA,NA,NA,"2019"
NA,NA,NA,NA,NA,NA,NA,"2019"
NA,NA,NA,NA,NA,NA,NA,"2019"
NA,NA,NA,NA,NA,NA,NA,"2019"
NA,NA,NA,NA,NA,NA,NA,"2019"
NA,NA,NA,NA,NA,NA,NA,"2019"
NA,NA,NA,NA,NA,NA,NA,"2019"
NA,NA,NA,NA,NA,NA,NA,"2019"
NA,NA,NA,NA,NA,NA,NA,"2019"
NA,NA,NA,NA,NA,NA,NA,"2019"
NA,NA,NA,NA,NA,NA,NA,"2019"
NA,NA,NA,NA,NA,NA,NA,"2019"
NA,NA,NA,NA,NA,NA,NA,"2019"
NA,NA,NA,NA,NA,NA,NA,"2019"
NA,NA,NA,NA,NA,NA,NA,"2019"
NA,NA,NA,NA,NA,NA,NA,"2019"
NA,NA,NA,NA,NA,NA,NA,"2019"
NA,NA,NA,NA,NA,NA,NA,"2019"
NA,NA,NA,NA,NA,NA,NA,"2019"
NA,NA,NA,NA,NA,NA,NA,"2019"
NA,NA,NA,NA,NA,NA,NA,"2019"
NA,NA,NA,NA,NA,NA,NA,"2019"
NA,NA,NA,NA,NA,NA,NA,"2019"
NA,NA,NA,NA,NA,NA,NA,"2019"
NA,NA,NA,NA,NA,NA,NA,"2019"
NA,NA,NA,NA,NA,NA,NA,"2019"
NA,NA,NA,NA,NA,NA,NA,"2019"
NA,NA,NA,NA,NA,NA,NA,"2019"
NA,NA,NA,NA,NA,NA,NA,"2019"
NA,NA,NA,NA,NA,NA,NA,"2019"
NA,NA,NA,NA,NA,NA,NA,"2019"
NA,NA,NA,NA,NA,NA,NA,"2019"
NA,NA,NA,NA,NA,NA,NA,"2019"
NA,NA,NA,NA,NA,NA,NA,"2019"
NA,NA,NA,NA,NA,NA,NA,"2019"
NA,NA,NA,NA,NA,NA,NA,"2019"
NA,NA,NA,NA,NA,NA,NA,"2019"
NA,NA,NA,NA,NA,NA,NA,"2019"
NA,NA,NA,NA,NA,NA,NA,"2019"
NA,NA,NA,NA,NA,NA,NA,"2019"
NA,NA,NA,NA,NA,NA,NA,"2019"
NA,NA,NA,NA,NA,NA,NA,"2019"
NA,NA,NA,NA,NA,NA,NA,"2019"
NA,NA,NA,NA,NA,NA,NA,"2019"
NA,NA,NA,NA,NA,NA,NA,"2019"
NA,NA,NA,NA,NA,NA,NA,"2019"
NA,NA,NA,NA,NA,NA,NA,"2019"
NA,NA,NA,NA,NA,NA,NA,"2019"
NA,NA,NA,NA,NA,NA,NA,"2019"
NA,NA,NA,NA,NA,NA,NA,"2019"
NA,NA,NA,NA,NA,NA,NA,"2019"
NA,NA,NA,NA,NA,NA,NA,"2019"
NA,NA,NA,NA,NA,NA,NA,"2019"
NA,NA,NA,NA,NA,NA,NA,"2019"
NA,NA,NA,NA,NA,NA,NA,"2019"
NA,NA,NA,NA,NA,NA,NA,"2019"
NA,NA,NA,NA,NA,NA,NA,"2019"
NA,NA,NA,NA,NA,NA,NA,"2019"
NA,NA,NA,NA,NA,NA,NA,"2019"
NA,NA,NA,NA,NA,NA,NA,"2019"
NA,NA,NA,NA,NA,NA,NA,"2019"
NA,NA,NA,NA,NA,NA,NA,"2019"
NA,NA,NA,NA,NA,NA,NA,"2019"
NA,NA,NA,NA,NA,NA,NA,"2019"
NA,NA,NA,NA,NA,NA,NA,"2019"
NA,NA,NA,NA,NA,NA,NA,"2019"
NA,NA,NA,NA,NA,NA,NA,"2019"
NA,NA,NA,NA,NA,NA,NA,"2019"
NA,NA,NA,NA,NA,NA,NA,"2019"
NA,NA,NA,NA,NA,NA,NA,"2019"
NA,NA,NA,NA,NA,NA,NA,"2019"
NA,NA,NA,NA,NA,NA,NA,"2019"
NA,NA,NA,NA,NA,NA,NA,"2019"
NA,NA,NA,NA,NA,NA,NA,"2019"
NA,NA,NA,NA,NA,NA,NA,"2019"
NA,NA,NA,NA,NA,NA,NA,"2019"
NA,NA,NA,NA,NA,NA,NA,"2019"
NA,NA,NA,NA,NA,NA,NA,"2019"
NA,NA,NA,NA,NA,NA,NA,"2019"
NA,NA,NA,NA,NA,NA,NA,"2019"
NA,NA,NA,NA,NA,NA,NA,"2019"
NA,NA,NA,NA,NA,NA,NA,"2019"
NA,NA,NA,NA,NA,NA,NA,"2019"
NA,NA,NA,NA,NA,NA,NA,"2019"
NA,NA,NA,NA,NA,NA,NA,"2019"
NA,NA,NA,NA,NA,NA,NA,"2019"
NA,NA,NA,NA,NA,NA,NA,"2019"
NA,NA,NA,NA,NA,NA,NA,"2019"
NA,NA,NA,NA,NA,NA,NA,"2019"
NA,NA,NA,NA,NA,NA,NA,"2019"
NA,NA,NA,NA,NA,NA,NA,"2019"
NA,NA,NA,NA,NA,NA,NA,"2019"
NA,NA,NA,NA,NA,NA,NA,"2019"
NA,NA,NA,NA,NA,NA,NA,"2019"
NA,NA,NA,NA,NA,NA,NA,"2019"
NA,NA,NA,NA,NA,NA,NA,"2019"
NA,NA,NA,NA,NA,NA,NA,"2019"
NA,NA,NA,NA,NA,NA,NA,"2019"
NA,NA,NA,NA,NA,NA,NA,"2019"
NA,NA,NA,NA,NA,NA,NA,"2019"
NA,NA,NA,NA,NA,NA,NA,"2019"
NA,NA,NA,NA,NA,NA,NA,"2019"
NA,NA,NA,NA,NA,NA,NA,"2019"
NA,NA,NA,NA,NA,NA,NA,"2019"
NA,NA,NA,NA,NA,NA,NA,"2019"
NA,NA,NA,NA,NA,NA,NA,"2019"
NA,NA,NA,NA,NA,NA,NA,"2019"
NA,NA,NA,NA,NA,NA,NA,"2019"
NA,NA,NA,NA,NA,NA,NA,"2019"
NA,NA,NA,NA,NA,NA,NA,"2019"
NA,NA,NA,NA,NA,NA,NA,"2019"
NA,NA,NA,NA,NA,NA,NA,"2019"
NA,NA,NA,NA,NA,NA,NA,"2019"
NA,NA,NA,NA,NA,NA,NA,"2019"
NA,NA,NA,NA,NA,NA,NA,"2019"
NA,NA,NA,NA,NA,NA,NA,"2019"
NA,NA,NA,NA,NA,NA,NA,"2019"
NA,NA,NA,NA,NA,NA,NA,"2019"
NA,NA,NA,NA,NA,NA,NA,"2019"
NA,NA,NA,NA,NA,NA,NA,"2019"
NA,NA,NA,NA,NA,NA,NA,"2019"
NA,NA,NA,NA,NA,NA,NA,"2019"
NA,NA,NA,NA,NA,NA,NA,"2019"
NA,NA,NA,NA,NA,NA,NA,"2019"
NA,NA,NA,NA,NA,NA,NA,"2019"
NA,NA,NA,NA,NA,NA,NA,"2019"
NA,NA,NA,NA,NA,NA,NA,"2019"
NA,NA,NA,NA,NA,NA,NA,"2019"
NA,NA,NA,NA,NA,NA,NA,"2019"
NA,NA,NA,NA,NA,NA,NA,"2019"
NA,NA,NA,NA,NA,NA,NA,"2019"
NA,NA,NA,NA,NA,NA,NA,"2019"
NA,NA,NA,NA,NA,NA,NA,"2019"
NA,NA,NA,NA,NA,NA,NA,"2019"
NA,NA,NA,NA,NA,NA,NA,"2019"
NA,NA,NA,NA,NA,NA,NA,"2019"
NA,NA,NA,NA,NA,NA,NA,"2019"
NA,NA,NA,NA,NA,NA,NA,"2019"
NA,NA,NA,NA,NA,NA,NA,"2019"
NA,NA,NA,NA,NA,NA,NA,"2019"
NA,NA,NA,NA,NA,NA,NA,"2019"
NA,NA,NA,NA,NA,NA,NA,"2019"
NA,NA,NA,NA,NA,NA,NA,"2019"
NA,NA,NA,NA,NA,NA,NA,"2019"
NA,NA,NA,NA,NA,NA,NA,"2019"
NA,NA,NA,NA,NA,NA,NA,"2019"
NA,NA,NA,NA,NA,NA,NA,"2019"
NA,NA,NA,NA,NA,NA,NA,"2019"
NA,NA,NA,NA,NA,NA,NA,"2019"
NA,NA,NA,NA,NA,NA,NA,"2019"
NA,NA,NA,NA,NA,NA,NA,"2019"
NA,NA,NA,NA,NA,NA,NA,"2019"
NA,NA,NA,NA,NA,NA,NA,"2019"
NA,NA,NA,NA,NA,NA,NA,"2019"
NA,NA,NA,NA,NA,NA,NA,"2019"
NA,NA,NA,NA,NA,NA,NA,"2019"
NA,NA,NA,NA,NA,NA,NA,"2019"
NA,NA,NA,NA,NA,NA,NA,"2019"
NA,NA,NA,NA,NA,NA,NA,"2019"
NA,NA,NA,NA,NA,NA,NA,"2019"
NA,NA,NA,NA,NA,NA,NA,"2019"
NA,NA,NA,NA,NA,NA,NA,"2019"
NA,NA,NA,NA,NA,NA,NA,"2019"
NA,NA,NA,NA,NA,NA,NA,"2019"
NA,NA,NA,NA,NA,NA,NA,"2019"
NA,NA,NA,NA,NA,NA,NA,"2019"
NA,NA,NA,NA,NA,NA,NA,"2019"
NA,NA,NA,NA,NA,NA,NA,"2019"
NA,NA,NA,NA,NA,NA,NA,"2019"
NA,NA,NA,NA,NA,NA,NA,"2019"
NA,NA,NA,NA,NA,NA,NA,"2019"
NA,NA,NA,NA,NA,NA,NA,"2019"
NA,NA,NA,NA,NA,NA,NA,"2019"
NA,NA,NA,NA,NA,NA,NA,"2019"
NA,NA,NA,NA,NA,NA,NA,"2019"
NA,NA,NA,NA,NA,NA,NA,"2019"
NA,NA,NA,NA,NA,NA,NA,"2019"
NA,NA,NA,NA,NA,NA,NA,"2019"
NA,NA,NA,NA,NA,NA,NA,"2019"
NA,NA,NA,NA,NA,NA,NA,"2019"
NA,NA,NA,NA,NA,NA,NA,"2019"
NA,NA,NA,NA,NA,NA,NA,"2019"
NA,NA,NA,NA,NA,NA,NA,"2019"
NA,NA,NA,NA,NA,NA,NA,"2019"
NA,NA,NA,NA,NA,NA,NA,"2019"
NA,NA,NA,NA,NA,NA,NA,"2019"
NA,NA,NA,NA,NA,NA,NA,"2019"
NA,NA,NA,NA,NA,NA,NA,"2019"
NA,NA,NA,NA,NA,NA,NA,"2019"
NA,NA,NA,NA,NA,NA,NA,"2019"
NA,NA,NA,NA,NA,NA,NA,"2019"
NA,NA,NA,NA,NA,NA,NA,"2019"
NA,NA,NA,NA,NA,NA,NA,"2019"
NA,NA,NA,NA,NA,NA,NA,"2019"
NA,NA,NA,NA,NA,NA,NA,"2019"
NA,NA,NA,NA,NA,NA,NA,"2019"
NA,NA,NA,NA,NA,NA,NA,"2019"
NA,NA,NA,NA,NA,NA,NA,"2019"
NA,NA,NA,NA,NA,NA,NA,"2019"
NA,NA,NA,NA,NA,NA,NA,"2019"
NA,NA,NA,NA,NA,NA,NA,"2019"
NA,NA,NA,NA,NA,NA,NA,"2019"
NA,NA,NA,NA,NA,NA,NA,"2019"
NA,NA,NA,NA,NA,NA,NA,"2019"
NA,NA,NA,NA,NA,NA,NA,"2019"
NA,NA,NA,NA,NA,NA,NA,"2019"
NA,NA,NA,NA,NA,NA,NA,"2019"
NA,NA,NA,NA,NA,NA,NA,"2019"
NA,NA,NA,NA,NA,NA,NA,"2019"
NA,NA,NA,NA,NA,NA,NA,"2019"
NA,NA,NA,NA,NA,NA,NA,"2019"
NA,NA,NA,NA,NA,NA,NA,"2019"
NA,NA,NA,NA,NA,NA,NA,"2019"
NA,NA,NA,NA,NA,NA,NA,"2019"
NA,NA,NA,NA,NA,NA,NA,"2019"
NA,NA,NA,NA,NA,NA,NA,"2019"
NA,NA,NA,NA,NA,NA,NA,"2019"
NA,NA,NA,NA,NA,NA,NA,"2019"
NA,NA,NA,NA,NA,NA,NA,"2019"
NA,NA,NA,NA,NA,NA,NA,"2019"
NA,NA,NA,NA,NA,NA,NA,"2019"
NA,NA,NA,NA,NA,NA,NA,"2019"
NA,NA,NA,NA,NA,NA,NA,"2019"
NA,NA,NA,NA,NA,NA,NA,"2019"
NA,NA,NA,NA,NA,NA,NA,"2019"
NA,NA,NA,NA,NA,NA,NA,"2019"
NA,NA,NA,NA,NA,NA,NA,"2019"
NA,NA,NA,NA,NA,NA,NA,"2019"
NA,NA,NA,NA,NA,NA,NA,"2019"
NA,NA,NA,NA,NA,NA,NA,"2019"
NA,NA,NA,NA,NA,NA,NA,"2019"
NA,NA,NA,NA,NA,NA,NA,"2019"
NA,NA,NA,NA,NA,NA,NA,"2019"
NA,NA,NA,NA,NA,NA,NA,"2019"
NA,NA,NA,NA,NA,NA,NA,"2019"
NA,NA,NA,NA,NA,NA,NA,"2019"
NA,NA,NA,NA,NA,NA,NA,"2019"
NA,NA,NA,NA,NA,NA,NA,"2019"
NA,NA,NA,NA,NA,NA,NA,"2019"
NA,NA,NA,NA,NA,NA,NA,"2019"
NA,NA,NA,NA,NA,NA,NA,"2019"
NA,NA,NA,NA,NA,NA,NA,"2019"
NA,NA,NA,NA,NA,NA,NA,"2019"
NA,NA,NA,NA,NA,NA,NA,"2019"
NA,NA,NA,NA,NA,NA,NA,"2019"
NA,NA,NA,NA,NA,NA,NA,"2019"
NA,NA,NA,NA,NA,NA,NA,"2019"
NA,NA,NA,NA,NA,NA,NA,"2019"
NA,NA,NA,NA,NA,NA,NA,"2019"
NA,NA,NA,NA,NA,NA,NA,"2019"
NA,NA,NA,NA,NA,NA,NA,"2019"
NA,NA,NA,NA,NA,NA,NA,"2019"
NA,NA,NA,NA,NA,NA,NA,"2019"
NA,NA,NA,NA,NA,NA,NA,"2019"
NA,NA,NA,NA,NA,NA,NA,"2019"
NA,NA,NA,NA,NA,NA,NA,"2019"
NA,NA,NA,NA,NA,NA,NA,"2019"
NA,NA,NA,NA,NA,NA,NA,"2019"
NA,NA,NA,NA,NA,NA,NA,"2019"
NA,NA,NA,NA,NA,NA,NA,"2019"
NA,NA,NA,NA,NA,NA,NA,"2019"
NA,NA,NA,NA,NA,NA,NA,"2019"
NA,NA,NA,NA,NA,NA,NA,"2019"
NA,NA,NA,NA,NA,NA,NA,"2019"
NA,NA,NA,NA,NA,NA,NA,"2019"
NA,NA,NA,NA,NA,NA,NA,"2019"
NA,NA,NA,NA,NA,NA,NA,"2019"
NA,NA,NA,NA,NA,NA,NA,"2019"
NA,NA,NA,NA,NA,NA,NA,"2019"
NA,NA,NA,NA,NA,NA,NA,"2019"
NA,NA,NA,NA,NA,NA,NA,"2019"
NA,NA,NA,NA,NA,NA,NA,"2019"
NA,NA,NA,NA,NA,NA,NA,"2019"
NA,NA,NA,NA,NA,NA,NA,"2019"
NA,NA,NA,NA,NA,NA,NA,"2019"
NA,NA,NA,NA,NA,NA,NA,"2019"
NA,NA,NA,NA,NA,NA,NA,"2019"
NA,NA,NA,NA,NA,NA,NA,"2019"
NA,NA,NA,NA,NA,NA,NA,"2019"
NA,NA,NA,NA,NA,NA,NA,"2019"
NA,NA,NA,NA,NA,NA,NA,"2019"
NA,NA,NA,NA,NA,NA,NA,"2019"
NA,NA,NA,NA,NA,NA,NA,"2019"
NA,NA,NA,NA,NA,NA,NA,"2019"
NA,NA,NA,NA,NA,NA,NA,"2019"
NA,NA,NA,NA,NA,NA,NA,"2019"
NA,NA,NA,NA,NA,NA,NA,"2019"
NA,NA,NA,NA,NA,NA,NA,"2019"
NA,NA,NA,NA,NA,NA,NA,"2019"
NA,NA,NA,NA,NA,NA,NA,"2019"
NA,NA,NA,NA,NA,NA,NA,"2019"
NA,NA,NA,NA,NA,NA,NA,"2019"
NA,NA,NA,NA,NA,NA,NA,"2019"
NA,NA,NA,NA,NA,NA,NA,"2019"
NA,NA,NA,NA,NA,NA,NA,"2019"
NA,NA,NA,NA,NA,NA,NA,"2019"
NA,NA,NA,NA,NA,NA,NA,"2019"
NA,NA,NA,NA,NA,NA,NA,"2019"
NA,NA,NA,NA,NA,NA,NA,"2019"
NA,NA,NA,NA,NA,NA,NA,"2019"
NA,NA,NA,NA,NA,NA,NA,"2019"
NA,NA,NA,NA,NA,NA,NA,"2019"
NA,NA,NA,NA,NA,NA,NA,"2019"
NA,NA,NA,NA,NA,NA,NA,"2019"
NA,NA,NA,NA,NA,NA,NA,"2019"
NA,NA,NA,NA,NA,NA,NA,"2019"
NA,NA,NA,NA,NA,NA,NA,"2019"
NA,NA,NA,NA,NA,NA,NA,"2019"
NA,NA,NA,NA,NA,NA,NA,"2019"
NA,NA,NA,NA,NA,NA,NA,"2019"
NA,NA,NA,NA,NA,NA,NA,"2019"
NA,NA,NA,NA,NA,NA,NA,"2019"
NA,NA,NA,NA,NA,NA,NA,"2019"
NA,NA,NA,NA,NA,NA,NA,"2019"
NA,NA,NA,NA,NA,NA,NA,"2019"
NA,NA,NA,NA,NA,NA,NA,"2019"
NA,NA,NA,NA,NA,NA,NA,"2019"
NA,NA,NA,NA,NA,NA,NA,"2019"
NA,NA,NA,NA,NA,NA,NA,"2019"
NA,NA,NA,NA,NA,NA,NA,"2019"
NA,NA,NA,NA,NA,NA,NA,"2019"
NA,NA,NA,NA,NA,NA,NA,"2019"
NA,NA,NA,NA,NA,NA,NA,"2019"
NA,NA,NA,NA,NA,NA,NA,"2019"
NA,NA,NA,NA,NA,NA,NA,"2019"
NA,NA,NA,NA,NA,NA,NA,"2019"
NA,NA,NA,NA,NA,NA,NA,"2019"
NA,NA,NA,NA,NA,NA,NA,"2019"
NA,NA,NA,NA,NA,NA,NA,"2019"
NA,NA,NA,NA,NA,NA,NA,"2019"
NA,NA,NA,NA,NA,NA,NA,"2019"
NA,NA,NA,NA,NA,NA,NA,"2019"
NA,NA,NA,NA,NA,NA,NA,"2019"
NA,NA,NA,NA,NA,NA,NA,"2019"
NA,NA,NA,NA,NA,NA,NA,"2019"
NA,NA,NA,NA,NA,NA,NA,"2019"
NA,NA,NA,NA,NA,NA,NA,"2019"
NA,NA,NA,NA,NA,NA,NA,"2019"
NA,NA,NA,NA,NA,NA,NA,"2019"
NA,NA,NA,NA,NA,NA,NA,"2019"
NA,NA,NA,NA,NA,NA,NA,"2019"
NA,NA,NA,NA,NA,NA,NA,"2019"
NA,NA,NA,NA,NA,NA,NA,"2019"
NA,NA,NA,NA,NA,NA,NA,"2019"
NA,NA,NA,NA,NA,NA,NA,"2019"
NA,NA,NA,NA,NA,NA,NA,"2019"
NA,NA,NA,NA,NA,NA,NA,"2019"
NA,NA,NA,NA,NA,NA,NA,"2019"
NA,NA,NA,NA,NA,NA,NA,"2019"
NA,NA,NA,NA,NA,NA,NA,"2019"
NA,NA,NA,NA,NA,NA,NA,"2019"
NA,NA,NA,NA,NA,NA,NA,"2019"
NA,NA,NA,NA,NA,NA,NA,"2019"
NA,NA,NA,NA,NA,NA,NA,"2019"
NA,NA,NA,NA,NA,NA,NA,"2019"
NA,NA,NA,NA,NA,NA,NA,"2019"
NA,NA,NA,NA,NA,NA,NA,"2019"
NA,NA,NA,NA,NA,NA,NA,"2019"
NA,NA,NA,NA,NA,NA,NA,"2019"
NA,NA,NA,NA,NA,NA,NA,"2019"
NA,NA,NA,NA,NA,NA,NA,"2019"
NA,NA,NA,NA,NA,NA,NA,"2019"
NA,NA,NA,NA,NA,NA,NA,"2019"
NA,NA,NA,NA,NA,NA,NA,"2019"
NA,NA,NA,NA,NA,NA,NA,"2019"
NA,NA,NA,NA,NA,NA,NA,"2019"
NA,NA,NA,NA,NA,NA,NA,"2019"
NA,NA,NA,NA,NA,NA,NA,"2019"
NA,NA,NA,NA,NA,NA,NA,"2019"
NA,NA,NA,NA,NA,NA,NA,"2019"
NA,NA,NA,NA,NA,NA,NA,"2019"
NA,NA,NA,NA,NA,NA,NA,"2019"
NA,NA,NA,NA,NA,NA,NA,"2019"
NA,NA,NA,NA,NA,NA,NA,"2019"
NA,NA,NA,NA,NA,NA,NA,"2019"
NA,NA,NA,NA,NA,NA,NA,"2019"
NA,NA,NA,NA,NA,NA,NA,"2019"
NA,NA,NA,NA,NA,NA,NA,"2019"
NA,NA,NA,NA,NA,NA,NA,"2019"
NA,NA,NA,NA,NA,NA,NA,"2019"
NA,NA,NA,NA,NA,NA,NA,"2019"
NA,NA,NA,NA,NA,NA,NA,"2019"
NA,NA,NA,NA,NA,NA,NA,"2019"
NA,NA,NA,NA,NA,NA,NA,"2019"
NA,NA,NA,NA,NA,NA,NA,"2019"
NA,NA,NA,NA,NA,NA,NA,"2019"
NA,NA,NA,NA,NA,NA,NA,"2019"
NA,NA,NA,NA,NA,NA,NA,"2019"
NA,NA,NA,NA,NA,NA,NA,"2019"
NA,NA,NA,NA,NA,NA,NA,"2019"
NA,NA,NA,NA,NA,NA,NA,"2019"
NA,NA,NA,NA,NA,NA,NA,"2019"
NA,NA,NA,NA,NA,NA,NA,"2019"
NA,NA,NA,NA,NA,NA,NA,"2019"
NA,NA,NA,NA,NA,NA,NA,"2019"
NA,NA,NA,NA,NA,NA,NA,"2019"
NA,NA,NA,NA,NA,NA,NA,"2019"
NA,NA,NA,NA,NA,NA,NA,"2019"
NA,NA,NA,NA,NA,NA,NA,"2019"
NA,NA,NA,NA,NA,NA,NA,"2019"
NA,NA,NA,NA,NA,NA,NA,"2019"
NA,NA,NA,NA,NA,NA,NA,"2019"
NA,NA,NA,NA,NA,NA,NA,"2019"
NA,NA,NA,NA,NA,NA,NA,"2019"
NA,NA,NA,NA,NA,NA,NA,"2019"
NA,NA,NA,NA,NA,NA,NA,"2019"
NA,NA,NA,NA,NA,NA,NA,"2019"
NA,NA,NA,NA,NA,NA,NA,"2019"
NA,NA,NA,NA,NA,NA,NA,"2019"
NA,NA,NA,NA,NA,NA,NA,"2019"
NA,NA,NA,NA,NA,NA,NA,"2019"
NA,NA,NA,NA,NA,NA,NA,"2019"
NA,NA,NA,NA,NA,NA,NA,"2019"
NA,NA,NA,NA,NA,NA,NA,"2019"
NA,NA,NA,NA,NA,NA,NA,"2019"
NA,NA,NA,NA,NA,NA,NA,"2019"
NA,NA,NA,NA,NA,NA,NA,"2019"
NA,NA,NA,NA,NA,NA,NA,"2019"
NA,NA,NA,NA,NA,NA,NA,"2019"
NA,NA,NA,NA,NA,NA,NA,"2019"
NA,NA,NA,NA,NA,NA,NA,"2019"
NA,NA,NA,NA,NA,NA,NA,"2019"
NA,NA,NA,NA,NA,NA,NA,"2019"
NA,NA,NA,NA,NA,NA,NA,"2019"
NA,NA,NA,NA,NA,NA,NA,"2019"
NA,NA,NA,NA,NA,NA,NA,"2019"
NA,NA,NA,NA,NA,NA,NA,"2019"
NA,NA,NA,NA,NA,NA,NA,"2019"
NA,NA,NA,NA,NA,NA,NA,"2019"
NA,NA,NA,NA,NA,NA,NA,"2019"
NA,NA,NA,NA,NA,NA,NA,"2019"
NA,NA,NA,NA,NA,NA,NA,"2019"
NA,NA,NA,NA,NA,NA,NA,"2019"
NA,NA,NA,NA,NA,NA,NA,"2019"
NA,NA,NA,NA,NA,NA,NA,"2019"
NA,NA,NA,NA,NA,NA,NA,"2019"
NA,NA,NA,NA,NA,NA,NA,"2019"
NA,NA,NA,NA,NA,NA,NA,"2019"
NA,NA,NA,NA,NA,NA,NA,"2019"
NA,NA,NA,NA,NA,NA,NA,"2019"
NA,NA,NA,NA,NA,NA,NA,"2019"
NA,NA,NA,NA,NA,NA,NA,"2019"
NA,NA,NA,NA,NA,NA,NA,"2019"
NA,NA,NA,NA,NA,NA,NA,"2019"
NA,NA,NA,NA,NA,NA,NA,"2019"
NA,NA,NA,NA,NA,NA,NA,"2019"
NA,NA,NA,NA,NA,NA,NA,"2019"
NA,NA,NA,NA,NA,NA,NA,"2019"
NA,NA,NA,NA,NA,NA,NA,"2019"
NA,NA,NA,NA,NA,NA,NA,"2019"
NA,NA,NA,NA,NA,NA,NA,"2019"
NA,NA,NA,NA,NA,NA,NA,"2019"
NA,NA,NA,NA,NA,NA,NA,"2019"
NA,NA,NA,NA,NA,NA,NA,"2019"
NA,NA,NA,NA,NA,NA,NA,"2019"
NA,NA,NA,NA,NA,NA,NA,"2019"
NA,NA,NA,NA,NA,NA,NA,"2019"
NA,NA,NA,NA,NA,NA,NA,"2019"
NA,NA,NA,NA,NA,NA,NA,"2019"
NA,NA,NA,NA,NA,NA,NA,"2019"
NA,NA,NA,NA,NA,NA,NA,"2019"
NA,NA,NA,NA,NA,NA,NA,"2019"
NA,NA,NA,NA,NA,NA,NA,"2019"
NA,NA,NA,NA,NA,NA,NA,"2019"
NA,NA,NA,NA,NA,NA,NA,"2019"
NA,NA,NA,NA,NA,NA,NA,"2019"
NA,NA,NA,NA,NA,NA,NA,"2019"
NA,NA,NA,NA,NA,NA,NA,"2019"
NA,NA,NA,NA,NA,NA,NA,"2019"
NA,NA,NA,NA,NA,NA,NA,"2019"
NA,NA,NA,NA,NA,NA,NA,"2019"
NA,NA,NA,NA,NA,NA,NA,"2019"
NA,NA,NA,NA,NA,NA,NA,"2019"
NA,NA,NA,NA,NA,NA,NA,"2019"
NA,NA,NA,NA,NA,NA,NA,"2019"
NA,NA,NA,NA,NA,NA,NA,"2019"
NA,NA,NA,NA,NA,NA,NA,"2019"
NA,NA,NA,NA,NA,NA,NA,"2019"
NA,NA,NA,NA,NA,NA,NA,"2019"
NA,NA,NA,NA,NA,NA,NA,"2019"
NA,NA,NA,NA,NA,NA,NA,"2019"
NA,NA,NA,NA,NA,NA,NA,"2019"
NA,NA,NA,NA,NA,NA,NA,"2019"
NA,NA,NA,NA,NA,NA,NA,"2019"
NA,NA,NA,NA,NA,NA,NA,"2019"
NA,NA,NA,NA,NA,NA,NA,"2019"
NA,NA,NA,NA,NA,NA,NA,"2019"
NA,NA,NA,NA,NA,NA,NA,"2019"
NA,NA,NA,NA,NA,NA,NA,"2019"
NA,NA,NA,NA,NA,NA,NA,"2019"
NA,NA,NA,NA,NA,NA,NA,"2019"
NA,NA,NA,NA,NA,NA,NA,"2019"
NA,NA,NA,NA,NA,NA,NA,"2019"
NA,NA,NA,NA,NA,NA,NA,"2019"
NA,NA,NA,NA,NA,NA,NA,"2019"
NA,NA,NA,NA,NA,NA,NA,"2019"
NA,NA,NA,NA,NA,NA,NA,"2019"
NA,NA,NA,NA,NA,NA,NA,"2019"
NA,NA,NA,NA,NA,NA,NA,"2019"
NA,NA,NA,NA,NA,NA,NA,"2019"
NA,NA,NA,NA,NA,NA,NA,"2019"
NA,NA,NA,NA,NA,NA,NA,"2019"
NA,NA,NA,NA,NA,NA,NA,"2019"
NA,NA,NA,NA,NA,NA,NA,"2019"
NA,NA,NA,NA,NA,NA,NA,"2019"
NA,NA,NA,NA,NA,NA,NA,"2019"
NA,NA,NA,NA,NA,NA,NA,"2019"
NA,NA,NA,NA,NA,NA,NA,"2019"
NA,NA,NA,NA,NA,NA,NA,"2019"
NA,NA,NA,NA,NA,NA,NA,"2019"
NA,NA,NA,NA,NA,NA,NA,"2019"
NA,NA,NA,NA,NA,NA,NA,"2019"
NA,NA,NA,NA,NA,NA,NA,"2019"
NA,NA,NA,NA,NA,NA,NA,"2019"
NA,NA,NA,NA,NA,NA,NA,"2019"
NA,NA,NA,NA,NA,NA,NA,"2019"
NA,NA,NA,NA,NA,NA,NA,"2019"
NA,NA,NA,NA,NA,NA,NA,"2019"
NA,NA,NA,NA,NA,NA,NA,"2019"
NA,NA,NA,NA,NA,NA,NA,"2019"
NA,NA,NA,NA,NA,NA,NA,"2019"
NA,NA,NA,NA,NA,NA,NA,"2019"
NA,NA,NA,NA,NA,NA,NA,"2019"
NA,NA,NA,NA,NA,NA,NA,"2019"
NA,NA,NA,NA,NA,NA,NA,"2019"
NA,NA,NA,NA,NA,NA,NA,"2019"
NA,NA,NA,NA,NA,NA,NA,"2019"
NA,NA,NA,NA,NA,NA,NA,"2019"
NA,NA,NA,NA,NA,NA,NA,"2019"
NA,NA,NA,NA,NA,NA,NA,"2019"
NA,NA,NA,NA,NA,NA,NA,"2019"
NA,NA,NA,NA,NA,NA,NA,"2019"
NA,NA,NA,NA,NA,NA,NA,"2019"
NA,NA,NA,NA,NA,NA,NA,"2019"
NA,NA,NA,NA,NA,NA,NA,"2019"
NA,NA,NA,NA,NA,NA,NA,"2019"
NA,NA,NA,NA,NA,NA,NA,"2019"
NA,NA,NA,NA,NA,NA,NA,"2019"
NA,NA,NA,NA,NA,NA,NA,"2019"
NA,NA,NA,NA,NA,NA,NA,"2019"
NA,NA,NA,NA,NA,NA,NA,"2019"
NA,NA,NA,NA,NA,NA,NA,"2019"
NA,NA,NA,NA,NA,NA,NA,"2019"
NA,NA,NA,NA,NA,NA,NA,"2019"
NA,NA,NA,NA,NA,NA,NA,"2019"
NA,NA,NA,NA,NA,NA,NA,"2019"
NA,NA,NA,NA,NA,NA,NA,"2019"
NA,NA,NA,NA,NA,NA,NA,"2019"
NA,NA,NA,NA,NA,NA,NA,"2019"
NA,NA,NA,NA,NA,NA,NA,"2019"
NA,NA,NA,NA,NA,NA,NA,"2019"
NA,NA,NA,NA,NA,NA,NA,"2019"
NA,NA,NA,NA,NA,NA,NA,"2019"
NA,NA,NA,NA,NA,NA,NA,"2019"
NA,NA,NA,NA,NA,NA,NA,"2019"
NA,NA,NA,NA,NA,NA,NA,"2019"
NA,NA,NA,NA,NA,NA,NA,"2019"
NA,NA,NA,NA,NA,NA,NA,"2019"
NA,NA,NA,NA,NA,NA,NA,"2019"
NA,NA,NA,NA,NA,NA,NA,"2019"
NA,NA,NA,NA,NA,NA,NA,"2019"
NA,NA,NA,NA,NA,NA,NA,"2019"
NA,NA,NA,NA,NA,NA,NA,"2019"
NA,NA,NA,NA,NA,NA,NA,"2019"
NA,NA,NA,NA,NA,NA,NA,"2019"
NA,NA,NA,NA,NA,NA,NA,"2019"
NA,NA,NA,NA,NA,NA,NA,"2019"
NA,NA,NA,NA,NA,NA,NA,"2019"
NA,NA,NA,NA,NA,NA,NA,"2019"
NA,NA,NA,NA,NA,NA,NA,"2019"
NA,NA,NA,NA,NA,NA,NA,"2019"
NA,NA,NA,NA,NA,NA,NA,"2019"
NA,NA,NA,NA,NA,NA,NA,"2019"
NA,NA,NA,NA,NA,NA,NA,"2019"
NA,NA,NA,NA,NA,NA,NA,"2019"
NA,NA,NA,NA,NA,NA,NA,"2019"
NA,NA,NA,NA,NA,NA,NA,"2019"
NA,NA,NA,NA,NA,NA,NA,"2019"
NA,NA,NA,NA,NA,NA,NA,"2019"
NA,NA,NA,NA,NA,NA,NA,"2019"
NA,NA,NA,NA,NA,NA,NA,"2019"
NA,NA,NA,NA,NA,NA,NA,"2019"
NA,NA,NA,NA,NA,NA,NA,"2019"
NA,NA,NA,NA,NA,NA,NA,"2019"
NA,NA,NA,NA,NA,NA,NA,"2019"
NA,NA,NA,NA,NA,NA,NA,"2019"
NA,NA,NA,NA,NA,NA,NA,"2019"
NA,NA,NA,NA,NA,NA,NA,"2019"
NA,NA,NA,NA,NA,NA,NA,"2019"
NA,NA,NA,NA,NA,NA,NA,"2019"
NA,NA,NA,NA,NA,NA,NA,"2019"
NA,NA,NA,NA,NA,NA,NA,"2019"
NA,NA,NA,NA,NA,NA,NA,"2019"
NA,NA,NA,NA,NA,NA,NA,"2019"
NA,NA,NA,NA,NA,NA,NA,"2019"
NA,NA,NA,NA,NA,NA,NA,"2019"
NA,NA,NA,NA,NA,NA,NA,"2019"
NA,NA,NA,NA,NA,NA,NA,"2019"
NA,NA,NA,NA,NA,NA,NA,"2019"
NA,NA,NA,NA,NA,NA,NA,"2019"
NA,NA,NA,NA,NA,NA,NA,"2019"
NA,NA,NA,NA,NA,NA,NA,"2019"
NA,NA,NA,NA,NA,NA,NA,"2019"
NA,NA,NA,NA,NA,NA,NA,"2019"
NA,NA,NA,NA,NA,NA,NA,"2019"
NA,NA,NA,NA,NA,NA,NA,"2019"
NA,NA,NA,NA,NA,NA,NA,"2019"
NA,NA,NA,NA,NA,NA,NA,"2019"
NA,NA,NA,NA,NA,NA,NA,"2019"
NA,NA,NA,NA,NA,NA,NA,"2019"
NA,NA,NA,NA,NA,NA,NA,"2019"
NA,NA,NA,NA,NA,NA,NA,"2019"
NA,NA,NA,NA,NA,NA,NA,"2019"
NA,NA,NA,NA,NA,NA,NA,"2019"
NA,NA,NA,NA,NA,NA,NA,"2019"
NA,NA,NA,NA,NA,NA,NA,"2019"
NA,NA,NA,NA,NA,NA,NA,"2019"
NA,NA,NA,NA,NA,NA,NA,"2019"
NA,NA,NA,NA,NA,NA,NA,"2019"
NA,NA,NA,NA,NA,NA,NA,"2019"
NA,NA,NA,NA,NA,NA,NA,"2019"
NA,NA,NA,NA,NA,NA,NA,"2019"
NA,NA,NA,NA,NA,NA,NA,"2019"
NA,NA,NA,NA,NA,NA,NA,"2019"
NA,NA,NA,NA,NA,NA,NA,"2019"
NA,NA,NA,NA,NA,NA,NA,"2019"
NA,NA,NA,NA,NA,NA,NA,"2019"
NA,NA,NA,NA,NA,NA,NA,"2019"
NA,NA,NA,NA,NA,NA,NA,"2019"
NA,NA,NA,NA,NA,NA,NA,"2019"
NA,NA,NA,NA,NA,NA,NA,"2019"
NA,NA,NA,NA,NA,NA,NA,"2019"
NA,NA,NA,NA,NA,NA,NA,"2019"
NA,NA,NA,NA,NA,NA,NA,"2019"
NA,NA,NA,NA,NA,NA,NA,"2019"
NA,NA,NA,NA,NA,NA,NA,"2019"
NA,NA,NA,NA,NA,NA,NA,"2019"
NA,NA,NA,NA,NA,NA,NA,"2019"
NA,NA,NA,NA,NA,NA,NA,"2019"
NA,NA,NA,NA,NA,NA,NA,"2019"
NA,NA,NA,NA,NA,NA,NA,"2019"
NA,NA,NA,NA,NA,NA,NA,"2019"
NA,NA,NA,NA,NA,NA,NA,"2019"
NA,NA,NA,NA,NA,NA,NA,"2019"
NA,NA,NA,NA,NA,NA,NA,"2019"
NA,NA,NA,NA,NA,NA,NA,"2019"
NA,NA,NA,NA,NA,NA,NA,"2019"
NA,NA,NA,NA,NA,NA,NA,"2019"
NA,NA,NA,NA,NA,NA,NA,"2019"
NA,NA,NA,NA,NA,NA,NA,"2019"
NA,NA,NA,NA,NA,NA,NA,"2019"
NA,NA,NA,NA,NA,NA,NA,"2019"
NA,NA,NA,NA,NA,NA,NA,"2019"
NA,NA,NA,NA,NA,NA,NA,"2019"
NA,NA,NA,NA,NA,NA,NA,"2019"
NA,NA,NA,NA,NA,NA,NA,"2019"
NA,NA,NA,NA,NA,NA,NA,"2019"
NA,NA,NA,NA,NA,NA,NA,"2019"
NA,NA,NA,NA,NA,NA,NA,"2019"
NA,NA,NA,NA,NA,NA,NA,"2019"
NA,NA,NA,NA,NA,NA,NA,"2019"
NA,NA,NA,NA,NA,NA,NA,"2019"
NA,NA,NA,NA,NA,NA,NA,"2019"
NA,NA,NA,NA,NA,NA,NA,"2019"
NA,NA,NA,NA,NA,NA,NA,"2019"
NA,NA,NA,NA,NA,NA,NA,"2019"
NA,NA,NA,NA,NA,NA,NA,"2019"
NA,NA,NA,NA,NA,NA,NA,"2019"
NA,NA,NA,NA,NA,NA,NA,"2019"
NA,NA,NA,NA,NA,NA,NA,"2019"
NA,NA,NA,NA,NA,NA,NA,"2019"
NA,NA,NA,NA,NA,NA,NA,"2019"
NA,NA,NA,NA,NA,NA,NA,"2019"
NA,NA,NA,NA,NA,NA,NA,"2019"
NA,NA,NA,NA,NA,NA,NA,"2019"
NA,NA,NA,NA,NA,NA,NA,"2019"
NA,NA,NA,NA,NA,NA,NA,"2019"
NA,NA,NA,NA,NA,NA,NA,"2019"
NA,NA,NA,NA,NA,NA,NA,"2019"
NA,NA,NA,NA,NA,NA,NA,"2019"
NA,NA,NA,NA,NA,NA,NA,"2019"
NA,NA,NA,NA,NA,NA,NA,"2019"
NA,NA,NA,NA,NA,NA,NA,"2019"
NA,NA,NA,NA,NA,NA,NA,"2019"
NA,NA,NA,NA,NA,NA,NA,"2019"
NA,NA,NA,NA,NA,NA,NA,"2019"
NA,NA,NA,NA,NA,NA,NA,"2019"
NA,NA,NA,NA,NA,NA,NA,"2019"
NA,NA,NA,NA,NA,NA,NA,"2019"
NA,NA,NA,NA,NA,NA,NA,"2019"
NA,NA,NA,NA,NA,NA,NA,"2019"
NA,NA,NA,NA,NA,NA,NA,"2019"
NA,NA,NA,NA,NA,NA,NA,"2019"
NA,NA,NA,NA,NA,NA,NA,"2019"
NA,NA,NA,NA,NA,NA,NA,"2019"
NA,NA,NA,NA,NA,NA,NA,"2019"
NA,NA,NA,NA,NA,NA,NA,"2019"
NA,NA,NA,NA,NA,NA,NA,"2019"
NA,NA,NA,NA,NA,NA,NA,"2019"
NA,NA,NA,NA,NA,NA,NA,"2019"
NA,NA,NA,NA,NA,NA,NA,"2019"
NA,NA,NA,NA,NA,NA,NA,"2019"
NA,NA,NA,NA,NA,NA,NA,"2019"
NA,NA,NA,NA,NA,NA,NA,"2019"
NA,NA,NA,NA,NA,NA,NA,"2019"
NA,NA,NA,NA,NA,NA,NA,"2019"
NA,NA,NA,NA,NA,NA,NA,"2019"
NA,NA,NA,NA,NA,NA,NA,"2019"
NA,NA,NA,NA,NA,NA,NA,"2019"
NA,NA,NA,NA,NA,NA,NA,"2019"
NA,NA,NA,NA,NA,NA,NA,"2019"
NA,NA,NA,NA,NA,NA,NA,"2019"
NA,NA,NA,NA,NA,NA,NA,"2019"
NA,NA,NA,NA,NA,NA,NA,"2019"
NA,NA,NA,NA,NA,NA,NA,"2019"
NA,NA,NA,NA,NA,NA,NA,"2019"
NA,NA,NA,NA,NA,NA,NA,"2019"
NA,NA,NA,NA,NA,NA,NA,"2019"
NA,NA,NA,NA,NA,NA,NA,"2019"
NA,NA,NA,NA,NA,NA,NA,"2019"
NA,NA,NA,NA,NA,NA,NA,"2019"
NA,NA,NA,NA,NA,NA,NA,"2019"
NA,NA,NA,NA,NA,NA,NA,"2019"
NA,NA,NA,NA,NA,NA,NA,"2019"
NA,NA,NA,NA,NA,NA,NA,"2019"
NA,NA,NA,NA,NA,NA,NA,"2019"
NA,NA,NA,NA,NA,NA,NA,"2019"
NA,NA,NA,NA,NA,NA,NA,"2019"
NA,NA,NA,NA,NA,NA,NA,"2019"
NA,NA,NA,NA,NA,NA,NA,"2019"
NA,NA,NA,NA,NA,NA,NA,"2019"
NA,NA,NA,NA,NA,NA,NA,"2019"
NA,NA,NA,NA,NA,NA,NA,"2019"
NA,NA,NA,NA,NA,NA,NA,"2019"
NA,NA,NA,NA,NA,NA,NA,"2019"
NA,NA,NA,NA,NA,NA,NA,"2019"
NA,NA,NA,NA,NA,NA,NA,"2019"
NA,NA,NA,NA,NA,NA,NA,"2019"
NA,NA,NA,NA,NA,NA,NA,"2019"
NA,NA,NA,NA,NA,NA,NA,"2019"
NA,NA,NA,NA,NA,NA,NA,"2019"
NA,NA,NA,NA,NA,NA,NA,"2019"
NA,NA,NA,NA,NA,NA,NA,"2019"
NA,NA,NA,NA,NA,NA,NA,"2019"
NA,NA,NA,NA,NA,NA,NA,"2019"
NA,NA,NA,NA,NA,NA,NA,"2019"
NA,NA,NA,NA,NA,NA,NA,"2019"
NA,NA,NA,NA,NA,NA,NA,"2019"
NA,NA,NA,NA,NA,NA,NA,"2019"
NA,NA,NA,NA,NA,NA,NA,"2019"
NA,NA,NA,NA,NA,NA,NA,"2019"
NA,NA,NA,NA,NA,NA,NA,"2019"
NA,NA,NA,NA,NA,NA,NA,"2019"
NA,NA,NA,NA,NA,NA,NA,"2019"
NA,NA,NA,NA,NA,NA,NA,"2019"
NA,NA,NA,NA,NA,NA,NA,"2019"
NA,NA,NA,NA,NA,NA,NA,"2019"
NA,NA,NA,NA,NA,NA,NA,"2019"
NA,NA,NA,NA,NA,NA,NA,"2019"
NA,NA,NA,NA,NA,NA,NA,"2019"
NA,NA,NA,NA,NA,NA,NA,"2019"
NA,NA,NA,NA,NA,NA,NA,"2019"
NA,NA,NA,NA,NA,NA,NA,"2019"
NA,NA,NA,NA,NA,NA,NA,"2019"
NA,NA,NA,NA,NA,NA,NA,"2019"
NA,NA,NA,NA,NA,NA,NA,"2019"
NA,NA,NA,NA,NA,NA,NA,"2019"
NA,NA,NA,NA,NA,NA,NA,"2019"
NA,NA,NA,NA,NA,NA,NA,"2019"
NA,NA,NA,NA,NA,NA,NA,"2019"
NA,NA,NA,NA,NA,NA,NA,"2019"
NA,NA,NA,NA,NA,NA,NA,"2019"
NA,NA,NA,NA,NA,NA,NA,"2019"
NA,NA,NA,NA,NA,NA,NA,"2019"
NA,NA,NA,NA,NA,NA,NA,"2019"
NA,NA,NA,NA,NA,NA,NA,"2019"
NA,NA,NA,NA,NA,NA,NA,"2019"
NA,NA,NA,NA,NA,NA,NA,"2019"
NA,NA,NA,NA,NA,NA,NA,"2019"
NA,NA,NA,NA,NA,NA,NA,"2019"
NA,NA,NA,NA,NA,NA,NA,"2019"
NA,NA,NA,NA,NA,NA,NA,"2019"
NA,NA,NA,NA,NA,NA,NA,"2019"
NA,NA,NA,NA,NA,NA,NA,"2019"
NA,NA,NA,NA,NA,NA,NA,"2019"
NA,NA,NA,NA,NA,NA,NA,"2019"
NA,NA,NA,NA,NA,NA,NA,"2019"
NA,NA,NA,NA,NA,NA,NA,"2019"
NA,NA,NA,NA,NA,NA,NA,"2019"
NA,NA,NA,NA,NA,NA,NA,"2019"
NA,NA,NA,NA,NA,NA,NA,"2019"
NA,NA,NA,NA,NA,NA,NA,"2019"
NA,NA,NA,NA,NA,NA,NA,"2019"
NA,NA,NA,NA,NA,NA,NA,"2019"
NA,NA,NA,NA,NA,NA,NA,"2019"
NA,NA,NA,NA,NA,NA,NA,"2019"
NA,NA,NA,NA,NA,NA,NA,"2019"
NA,NA,NA,NA,NA,NA,NA,"2019"
NA,NA,NA,NA,NA,NA,NA,"2019"
NA,NA,NA,NA,NA,NA,NA,"2019"
NA,NA,NA,NA,NA,NA,NA,"2019"
NA,NA,NA,NA,NA,NA,NA,"2019"
NA,NA,NA,NA,NA,NA,NA,"2019"
NA,NA,NA,NA,NA,NA,NA,"2019"
NA,NA,NA,NA,NA,NA,NA,"2019"
NA,NA,NA,NA,NA,NA,NA,"2019"
NA,NA,NA,NA,NA,NA,NA,"2019"
NA,NA,NA,NA,NA,NA,NA,"2019"
NA,NA,NA,NA,NA,NA,NA,"2019"
NA,NA,NA,NA,NA,NA,NA,"2019"
NA,NA,NA,NA,NA,NA,NA,"2019"
NA,NA,NA,NA,NA,NA,NA,"2019"
NA,NA,NA,NA,NA,NA,NA,"2019"
NA,NA,NA,NA,NA,NA,NA,"2019"
NA,NA,NA,NA,NA,NA,NA,"2019"
NA,NA,NA,NA,NA,NA,NA,"2019"
NA,NA,NA,NA,NA,NA,NA,"2019"
NA,NA,NA,NA,NA,NA,NA,"2019"
NA,NA,NA,NA,NA,NA,NA,"2019"
NA,NA,NA,NA,NA,NA,NA,"2019"
NA,NA,NA,NA,NA,NA,NA,"2019"
NA,NA,NA,NA,NA,NA,NA,"2019"
NA,NA,NA,NA,NA,NA,NA,"2019"
NA,NA,NA,NA,NA,NA,NA,"2019"
NA,NA,NA,NA,NA,NA,NA,"2019"
NA,NA,NA,NA,NA,NA,NA,"2019"
NA,NA,NA,NA,NA,NA,NA,"2019"
NA,NA,NA,NA,NA,NA,NA,"2019"
NA,NA,NA,NA,NA,NA,NA,"2019"
NA,NA,NA,NA,NA,NA,NA,"2019"
NA,NA,NA,NA,NA,NA,NA,"2019"
NA,NA,NA,NA,NA,NA,NA,"2019"
NA,NA,NA,NA,NA,NA,NA,"2019"
NA,NA,NA,NA,NA,NA,NA,"2019"
NA,NA,NA,NA,NA,NA,NA,"2019"
NA,NA,NA,NA,NA,NA,NA,"2019"
NA,NA,NA,NA,NA,NA,NA,"2019"
NA,NA,NA,NA,NA,NA,NA,"2019"
NA,NA,NA,NA,NA,NA,NA,"2019"
NA,NA,NA,NA,NA,NA,NA,"2019"
NA,NA,NA,NA,NA,NA,NA,"2019"
NA,NA,NA,NA,NA,NA,NA,"2019"
NA,NA,NA,NA,NA,NA,NA,"2019"
NA,NA,NA,NA,NA,NA,NA,"2019"
NA,NA,NA,NA,NA,NA,NA,"2019"
NA,NA,NA,NA,NA,NA,NA,"2019"
NA,NA,NA,NA,NA,NA,NA,"2019"
NA,NA,NA,NA,NA,NA,NA,"2019"
NA,NA,NA,NA,NA,NA,NA,"2019"
NA,NA,NA,NA,NA,NA,NA,"2019"
NA,NA,NA,NA,NA,NA,NA,"2019"
NA,NA,NA,NA,NA,NA,NA,"2019"
NA,NA,NA,NA,NA,NA,NA,"2019"
NA,NA,NA,NA,NA,NA,NA,"2019"
NA,NA,NA,NA,NA,NA,NA,"2019"
NA,NA,NA,NA,NA,NA,NA,"2019"
NA,NA,NA,NA,NA,NA,NA,"2019"
NA,NA,NA,NA,NA,NA,NA,"2019"
NA,NA,NA,NA,NA,NA,NA,"2019"
NA,NA,NA,NA,NA,NA,NA,"2019"
NA,NA,NA,NA,NA,NA,NA,"2019"
NA,NA,NA,NA,NA,NA,NA,"2019"
NA,NA,NA,NA,NA,NA,NA,"2019"
NA,NA,NA,NA,NA,NA,NA,"2019"
NA,NA,NA,NA,NA,NA,NA,"2019"
NA,NA,NA,NA,NA,NA,NA,"2019"
NA,NA,NA,NA,NA,NA,NA,"2019"
NA,NA,NA,NA,NA,NA,NA,"2019"
NA,NA,NA,NA,NA,NA,NA,"2019"
NA,NA,NA,NA,NA,NA,NA,"2019"
NA,NA,NA,NA,NA,NA,NA,"2019"
NA,NA,NA,NA,NA,NA,NA,"2019"
NA,NA,NA,NA,NA,NA,NA,"2019"
NA,NA,NA,NA,NA,NA,NA,"2019"
NA,NA,NA,NA,NA,NA,NA,"2019"
NA,NA,NA,NA,NA,NA,NA,"2019"
NA,NA,NA,NA,NA,NA,NA,"2019"
NA,NA,NA,NA,NA,NA,NA,"2019"
NA,NA,NA,NA,NA,NA,NA,"2019"
NA,NA,NA,NA,NA,NA,NA,"2019"
NA,NA,NA,NA,NA,NA,NA,"2019"
NA,NA,NA,NA,NA,NA,NA,"2019"
NA,NA,NA,NA,NA,NA,NA,"2019"
NA,NA,NA,NA,NA,NA,NA,"2019"
NA,NA,NA,NA,NA,NA,NA,"2019"
NA,NA,NA,NA,NA,NA,NA,"2019"
NA,NA,NA,NA,NA,NA,NA,"2019"
NA,NA,NA,NA,NA,NA,NA,"2019"
NA,NA,NA,NA,NA,NA,NA,"2019"
NA,NA,NA,NA,NA,NA,NA,"2019"
NA,NA,NA,NA,NA,NA,NA,"2019"
NA,NA,NA,NA,NA,NA,NA,"2019"
NA,NA,NA,NA,NA,NA,NA,"2019"
NA,NA,NA,NA,NA,NA,NA,"2019"
NA,NA,NA,NA,NA,NA,NA,"2019"
NA,NA,NA,NA,NA,NA,NA,"2019"
NA,NA,NA,NA,NA,NA,NA,"2019"
NA,NA,NA,NA,NA,NA,NA,"2019"
NA,NA,NA,NA,NA,NA,NA,"2019"
NA,NA,NA,NA,NA,NA,NA,"2019"
NA,NA,NA,NA,NA,NA,NA,"2019"
NA,NA,NA,NA,NA,NA,NA,"2019"
NA,NA,NA,NA,NA,NA,NA,"2019"
NA,NA,NA,NA,NA,NA,NA,"2019"
NA,NA,NA,NA,NA,NA,NA,"2019"
NA,NA,NA,NA,NA,NA,NA,"2019"
NA,NA,NA,NA,NA,NA,NA,"2019"
NA,NA,NA,NA,NA,NA,NA,"2019"
NA,NA,NA,NA,NA,NA,NA,"2019"
NA,NA,NA,NA,NA,NA,NA,"2019"
NA,NA,NA,NA,NA,NA,NA,"2019"
NA,NA,NA,NA,NA,NA,NA,"2019"
NA,NA,NA,NA,NA,NA,NA,"2019"
NA,NA,NA,NA,NA,NA,NA,"2019"
NA,NA,NA,NA,NA,NA,NA,"2019"
NA,NA,NA,NA,NA,NA,NA,"2019"
NA,NA,NA,NA,NA,NA,NA,"2019"
NA,NA,NA,NA,NA,NA,NA,"2019"
NA,NA,NA,NA,NA,NA,NA,"2019"
NA,NA,NA,NA,NA,NA,NA,"2019"
NA,NA,NA,NA,NA,NA,NA,"2019"
NA,NA,NA,NA,NA,NA,NA,"2019"
NA,NA,NA,NA,NA,NA,NA,"2019"
NA,NA,NA,NA,NA,NA,NA,"2019"
NA,NA,NA,NA,NA,NA,NA,"2019"
NA,NA,NA,NA,NA,NA,NA,"2019"
NA,NA,NA,NA,NA,NA,NA,"2019"
NA,NA,NA,NA,NA,NA,NA,"2019"
NA,NA,NA,NA,NA,NA,NA,"2019"
NA,NA,NA,NA,NA,NA,NA,"2019"
NA,NA,NA,NA,NA,NA,NA,"2019"
NA,NA,NA,NA,NA,NA,NA,"2019"
NA,NA,NA,NA,NA,NA,NA,"2019"
NA,NA,NA,NA,NA,NA,NA,"2019"
NA,NA,NA,NA,NA,NA,NA,"2019"
NA,NA,NA,NA,NA,NA,NA,"2019"
NA,NA,NA,NA,NA,NA,NA,"2019"
NA,NA,NA,NA,NA,NA,NA,"2019"
NA,NA,NA,NA,NA,NA,NA,"2019"
NA,NA,NA,NA,NA,NA,NA,"2019"
NA,NA,NA,NA,NA,NA,NA,"2019"
NA,NA,NA,NA,NA,NA,NA,"2019"
NA,NA,NA,NA,NA,NA,NA,"2019"
NA,NA,NA,NA,NA,NA,NA,"2019"
NA,NA,NA,NA,NA,NA,NA,"2019"
NA,NA,NA,NA,NA,NA,NA,"2019"
NA,NA,NA,NA,NA,NA,NA,"2019"
NA,NA,NA,NA,NA,NA,NA,"2019"
NA,NA,NA,NA,NA,NA,NA,"2019"
NA,NA,NA,NA,NA,NA,NA,"2019"
NA,NA,NA,NA,NA,NA,NA,"2019"
NA,NA,NA,NA,NA,NA,NA,"2019"
NA,NA,NA,NA,NA,NA,NA,"2019"
NA,NA,NA,NA,NA,NA,NA,"2019"
NA,NA,NA,NA,NA,NA,NA,"2019"
NA,NA,NA,NA,NA,NA,NA,"2019"
NA,NA,NA,NA,NA,NA,NA,"2019"
NA,NA,NA,NA,NA,NA,NA,"2019"
NA,NA,NA,NA,NA,NA,NA,"2019"
NA,NA,NA,NA,NA,NA,NA,"2019"
NA,NA,NA,NA,NA,NA,NA,"2019"
NA,NA,NA,NA,NA,NA,NA,"2019"
NA,NA,NA,NA,NA,NA,NA,"2019"
NA,NA,NA,NA,NA,NA,NA,"2019"
NA,NA,NA,NA,NA,NA,NA,"2019"
NA,NA,NA,NA,NA,NA,NA,"2019"
NA,NA,NA,NA,NA,NA,NA,"2019"
NA,NA,NA,NA,NA,NA,NA,"2019"
NA,NA,NA,NA,NA,NA,NA,"2019"
NA,NA,NA,NA,NA,NA,NA,"2019"
NA,NA,NA,NA,NA,NA,NA,"2019"
NA,NA,NA,NA,NA,NA,NA,"2019"
NA,NA,NA,NA,NA,NA,NA,"2019"
NA,NA,NA,NA,NA,NA,NA,"2019"
NA,NA,NA,NA,NA,NA,NA,"2019"
NA,NA,NA,NA,NA,NA,NA,"2019"
NA,NA,NA,NA,NA,NA,NA,"2019"
NA,NA,NA,NA,NA,NA,NA,"2019"
NA,NA,NA,NA,NA,NA,NA,"2019"
NA,NA,NA,NA,NA,NA,NA,"2019"
NA,NA,NA,NA,NA,NA,NA,"2019"
NA,NA,NA,NA,NA,NA,NA,"2019"
NA,NA,NA,NA,NA,NA,NA,"2019"
NA,NA,NA,NA,NA,NA,NA,"2019"
NA,NA,NA,NA,NA,NA,NA,"2019"
NA,NA,NA,NA,NA,NA,NA,"2019"
NA,NA,NA,NA,NA,NA,NA,"2019"
NA,NA,NA,NA,NA,NA,NA,"2019"
NA,NA,NA,NA,NA,NA,NA,"2019"
NA,NA,NA,NA,NA,NA,NA,"2019"
NA,NA,NA,NA,NA,NA,NA,"2019"
NA,NA,NA,NA,NA,NA,NA,"2019"
NA,NA,NA,NA,NA,NA,NA,"2019"
NA,NA,NA,NA,NA,NA,NA,"2019"
NA,NA,NA,NA,NA,NA,NA,"2019"
NA,NA,NA,NA,NA,NA,NA,"2019"
NA,NA,NA,NA,NA,NA,NA,"2019"
NA,NA,NA,NA,NA,NA,NA,"2019"
NA,NA,NA,NA,NA,NA,NA,"2019"
NA,NA,NA,NA,NA,NA,NA,"2019"
NA,NA,NA,NA,NA,NA,NA,"2019"
NA,NA,NA,NA,NA,NA,NA,"2019"
NA,NA,NA,NA,NA,NA,NA,"2019"
NA,NA,NA,NA,NA,NA,NA,"2019"
NA,NA,NA,NA,NA,NA,NA,"2019"
NA,NA,NA,NA,NA,NA,NA,"2019"
NA,NA,NA,NA,NA,NA,NA,"2019"
NA,NA,NA,NA,NA,NA,NA,"2019"
NA,NA,NA,NA,NA,NA,NA,"2019"
NA,NA,NA,NA,NA,NA,NA,"2019"
NA,NA,NA,NA,NA,NA,NA,"2019"
NA,NA,NA,NA,NA,NA,NA,"2019"
NA,NA,NA,NA,NA,NA,NA,"2019"
NA,NA,NA,NA,NA,NA,NA,"2019"
NA,NA,NA,NA,NA,NA,NA,"2019"
NA,NA,NA,NA,NA,NA,NA,"2019"
NA,NA,NA,NA,NA,NA,NA,"2019"
NA,NA,NA,NA,NA,NA,NA,"2019"
NA,NA,NA,NA,NA,NA,NA,"2019"
NA,NA,NA,NA,NA,NA,NA,"2019"
NA,NA,NA,NA,NA,NA,NA,"2019"
NA,NA,NA,NA,NA,NA,NA,"2019"
NA,NA,NA,NA,NA,NA,NA,"2019"
NA,NA,NA,NA,NA,NA,NA,"2019"
NA,NA,NA,NA,NA,NA,NA,"2019"
NA,NA,NA,NA,NA,NA,NA,"2019"
NA,NA,NA,NA,NA,NA,NA,"2019"
NA,NA,NA,NA,NA,NA,NA,"2019"
NA,NA,NA,NA,NA,NA,NA,"2019"
NA,NA,NA,NA,NA,NA,NA,"2019"
NA,NA,NA,NA,NA,NA,NA,"2019"
NA,NA,NA,NA,NA,NA,NA,"2019"
NA,NA,NA,NA,NA,NA,NA,"2019"
NA,NA,NA,NA,NA,NA,NA,"2019"
NA,NA,NA,NA,NA,NA,NA,"2019"
NA,NA,NA,NA,NA,NA,NA,"2019"
NA,NA,NA,NA,NA,NA,NA,"2019"
NA,NA,NA,NA,NA,NA,NA,"2019"
NA,NA,NA,NA,NA,NA,NA,"2019"
NA,NA,NA,NA,NA,NA,NA,"2019"
NA,NA,NA,NA,NA,NA,NA,"2019"
NA,NA,NA,NA,NA,NA,NA,"2019"
NA,NA,NA,NA,NA,NA,NA,"2019"
NA,NA,NA,NA,NA,NA,NA,"2019"
NA,NA,NA,NA,NA,NA,NA,"2019"
NA,NA,NA,NA,NA,NA,NA,"2019"
NA,NA,NA,NA,NA,NA,NA,"2019"
NA,NA,NA,NA,NA,NA,NA,"2019"
NA,NA,NA,NA,NA,NA,NA,"2019"
NA,NA,NA,NA,NA,NA,NA,"2019"
NA,NA,NA,NA,NA,NA,NA,"2019"
NA,NA,NA,NA,NA,NA,NA,"2019"
NA,NA,NA,NA,NA,NA,NA,"2019"
NA,NA,NA,NA,NA,NA,NA,"2019"
NA,NA,NA,NA,NA,NA,NA,"2019"
NA,NA,NA,NA,NA,NA,NA,"2019"
NA,NA,NA,NA,NA,NA,NA,"2019"
NA,NA,NA,NA,NA,NA,NA,"2019"
NA,NA,NA,NA,NA,NA,NA,"2019"
NA,NA,NA,NA,NA,NA,NA,"2019"
NA,NA,NA,NA,NA,NA,NA,"2019"
NA,NA,NA,NA,NA,NA,NA,"2019"
NA,NA,NA,NA,NA,NA,NA,"2019"
NA,NA,NA,NA,NA,NA,NA,"2019"
NA,NA,NA,NA,NA,NA,NA,"2019"
NA,NA,NA,NA,NA,NA,NA,"2019"
NA,NA,NA,NA,NA,NA,NA,"2019"
NA,NA,NA,NA,NA,NA,NA,"2019"
NA,NA,NA,NA,NA,NA,NA,"2019"
NA,NA,NA,NA,NA,NA,NA,"2019"
NA,NA,NA,NA,NA,NA,NA,"2019"
NA,NA,NA,NA,NA,NA,NA,"2019"
NA,NA,NA,NA,NA,NA,NA,"2019"
NA,NA,NA,NA,NA,NA,NA,"2019"
NA,NA,NA,NA,NA,NA,NA,"2019"
NA,NA,NA,NA,NA,NA,NA,"2019"
NA,NA,NA,NA,NA,NA,NA,"2019"
NA,NA,NA,NA,NA,NA,NA,"2019"
NA,NA,NA,NA,NA,NA,NA,"2019"
NA,NA,NA,NA,NA,NA,NA,"2019"
NA,NA,NA,NA,NA,NA,NA,"2019"
NA,NA,NA,NA,NA,NA,NA,"2019"
NA,NA,NA,NA,NA,NA,NA,"2019"
NA,NA,NA,NA,NA,NA,NA,"2019"
NA,NA,NA,NA,NA,NA,NA,"2019"
NA,NA,NA,NA,NA,NA,NA,"2019"
NA,NA,NA,NA,NA,NA,NA,"2019"
NA,NA,NA,NA,NA,NA,NA,"2019"
NA,NA,NA,NA,NA,NA,NA,"2019"
NA,NA,NA,NA,NA,NA,NA,"2019"
NA,NA,NA,NA,NA,NA,NA,"2019"
NA,NA,NA,NA,NA,NA,NA,"2019"
NA,NA,NA,NA,NA,NA,NA,"2019"
NA,NA,NA,NA,NA,NA,NA,"2019"
NA,NA,NA,NA,NA,NA,NA,"2019"
NA,NA,NA,NA,NA,NA,NA,"2019"
NA,NA,NA,NA,NA,NA,NA,"2019"
NA,NA,NA,NA,NA,NA,NA,"2019"
NA,NA,NA,NA,NA,NA,NA,"2019"
NA,NA,NA,NA,NA,NA,NA,"2019"
NA,NA,NA,NA,NA,NA,NA,"2019"
NA,NA,NA,NA,NA,NA,NA,"2019"
NA,NA,NA,NA,NA,NA,NA,"2019"
NA,NA,NA,NA,NA,NA,NA,"2019"
NA,NA,NA,NA,NA,NA,NA,"2019"
NA,NA,NA,NA,NA,NA,NA,"2019"
NA,NA,NA,NA,NA,NA,NA,"2019"
NA,NA,NA,NA,NA,NA,NA,"2019"
NA,NA,NA,NA,NA,NA,NA,"2019"
NA,NA,NA,NA,NA,NA,NA,"2019"
NA,NA,NA,NA,NA,NA,NA,"2019"
NA,NA,NA,NA,NA,NA,NA,"2019"
NA,NA,NA,NA,NA,NA,NA,"2019"
NA,NA,NA,NA,NA,NA,NA,"2019"
NA,NA,NA,NA,NA,NA,NA,"2019"
NA,NA,NA,NA,NA,NA,NA,"2019"
NA,NA,NA,NA,NA,NA,NA,"2019"
NA,NA,NA,NA,NA,NA,NA,"2019"
NA,NA,NA,NA,NA,NA,NA,"2019"
NA,NA,NA,NA,NA,NA,NA,"2019"
NA,NA,NA,NA,NA,NA,NA,"2019"
NA,NA,NA,NA,NA,NA,NA,"2019"
NA,NA,NA,NA,NA,NA,NA,"2019"
NA,NA,NA,NA,NA,NA,NA,"2019"
NA,NA,NA,NA,NA,NA,NA,"2019"
NA,NA,NA,NA,NA,NA,NA,"2019"
NA,NA,NA,NA,NA,NA,NA,"2019"
NA,NA,NA,NA,NA,NA,NA,"2019"
NA,NA,NA,NA,NA,NA,NA,"2019"
NA,NA,NA,NA,NA,NA,NA,"2019"
NA,NA,NA,NA,NA,NA,NA,"2019"
NA,NA,NA,NA,NA,NA,NA,"2019"
NA,NA,NA,NA,NA,NA,NA,"2019"
NA,NA,NA,NA,NA,NA,NA,"2019"
NA,NA,NA,NA,NA,NA,NA,"2019"
NA,NA,NA,NA,NA,NA,NA,"2019"
NA,NA,NA,NA,NA,NA,NA,"2019"
NA,NA,NA,NA,NA,NA,NA,"2019"
NA,NA,NA,NA,NA,NA,NA,"2019"
NA,NA,NA,NA,NA,NA,NA,"2019"
NA,NA,NA,NA,NA,NA,NA,"2019"
NA,NA,NA,NA,NA,NA,NA,"2019"
NA,NA,NA,NA,NA,NA,NA,"2019"
NA,NA,NA,NA,NA,NA,NA,"2019"
NA,NA,NA,NA,NA,NA,NA,"2019"
NA,NA,NA,NA,NA,NA,NA,"2019"
NA,NA,NA,NA,NA,NA,NA,"2019"
NA,NA,NA,NA,NA,NA,NA,"2019"
NA,NA,NA,NA,NA,NA,NA,"2019"
NA,NA,NA,NA,NA,NA,NA,"2019"
NA,NA,NA,NA,NA,NA,NA,"2019"
NA,NA,NA,NA,NA,NA,NA,"2019"
NA,NA,NA,NA,NA,NA,NA,"2019"
NA,NA,NA,NA,NA,NA,NA,"2019"
NA,NA,NA,NA,NA,NA,NA,"2019"
NA,NA,NA,NA,NA,NA,NA,"2019"
NA,NA,NA,NA,NA,NA,NA,"2019"
NA,NA,NA,NA,NA,NA,NA,"2019"
NA,NA,NA,NA,NA,NA,NA,"2019"
NA,NA,NA,NA,NA,NA,NA,"2019"
NA,NA,NA,NA,NA,NA,NA,"2019"
NA,NA,NA,NA,NA,NA,NA,"2019"
NA,NA,NA,NA,NA,NA,NA,"2019"
NA,NA,NA,NA,NA,NA,NA,"2019"
NA,NA,NA,NA,NA,NA,NA,"2019"
NA,NA,NA,NA,NA,NA,NA,"2019"
NA,NA,NA,NA,NA,NA,NA,"2019"
NA,NA,NA,NA,NA,NA,NA,"2019"
NA,NA,NA,NA,NA,NA,NA,"2019"
NA,NA,NA,NA,NA,NA,NA,"2019"
NA,NA,NA,NA,NA,NA,NA,"2019"
NA,NA,NA,NA,NA,NA,NA,"2019"
NA,NA,NA,NA,NA,NA,NA,"2019"
NA,NA,NA,NA,NA,NA,NA,"2019"
NA,NA,NA,NA,NA,NA,NA,"2019"
NA,NA,NA,NA,NA,NA,NA,"2019"
NA,NA,NA,NA,NA,NA,NA,"2019"
NA,NA,NA,NA,NA,NA,NA,"2019"
NA,NA,NA,NA,NA,NA,NA,"2019"
NA,NA,NA,NA,NA,NA,NA,"2019"
NA,NA,NA,NA,NA,NA,NA,"2019"
NA,NA,NA,NA,NA,NA,NA,"2019"
NA,NA,NA,NA,NA,NA,NA,"2019"
NA,NA,NA,NA,NA,NA,NA,"2019"
NA,NA,NA,NA,NA,NA,NA,"2019"
NA,NA,NA,NA,NA,NA,NA,"2019"
NA,NA,NA,NA,NA,NA,NA,"2019"
NA,NA,NA,NA,NA,NA,NA,"2019"
NA,NA,NA,NA,NA,NA,NA,"2019"
NA,NA,NA,NA,NA,NA,NA,"2019"
NA,NA,NA,NA,NA,NA,NA,"2019"
NA,NA,NA,NA,NA,NA,NA,"2019"
NA,NA,NA,NA,NA,NA,NA,"2019"
NA,NA,NA,NA,NA,NA,NA,"2019"
NA,NA,NA,NA,NA,NA,NA,"2019"
NA,NA,NA,NA,NA,NA,NA,"2019"
NA,NA,NA,NA,NA,NA,NA,"2019"
NA,NA,NA,NA,NA,NA,NA,"2019"
NA,NA,NA,NA,NA,NA,NA,"2019"
NA,NA,NA,NA,NA,NA,NA,"2019"
NA,NA,NA,NA,NA,NA,NA,"2019"
NA,NA,NA,NA,NA,NA,NA,"2019"
NA,NA,NA,NA,NA,NA,NA,"2019"
NA,NA,NA,NA,NA,NA,NA,"2019"
NA,NA,NA,NA,NA,NA,NA,"2019"
NA,NA,NA,NA,NA,NA,NA,"2019"
NA,NA,NA,NA,NA,NA,NA,"2019"
NA,NA,NA,NA,NA,NA,NA,"2019"
NA,NA,NA,NA,NA,NA,NA,"2019"
NA,NA,NA,NA,NA,NA,NA,"2019"
NA,NA,NA,NA,NA,NA,NA,"2019"
NA,NA,NA,NA,NA,NA,NA,"2019"
NA,NA,NA,NA,NA,NA,NA,"2019"
NA,NA,NA,NA,NA,NA,NA,"2019"
NA,NA,NA,NA,NA,NA,NA,"2019"
NA,NA,NA,NA,NA,NA,NA,"2019"
NA,NA,NA,NA,NA,NA,NA,"2019"
NA,NA,NA,NA,NA,NA,NA,"2019"
NA,NA,NA,NA,NA,NA,NA,"2019"
NA,NA,NA,NA,NA,NA,NA,"2019"
NA,NA,NA,NA,NA,NA,NA,"2019"
NA,NA,NA,NA,NA,NA,NA,"2019"
NA,NA,NA,NA,NA,NA,NA,"2019"
NA,NA,NA,NA,NA,NA,NA,"2019"
NA,NA,NA,NA,NA,NA,NA,"2019"
NA,NA,NA,NA,NA,NA,NA,"2019"
NA,NA,NA,NA,NA,NA,NA,"2019"
NA,NA,NA,NA,NA,NA,NA,"2019"
NA,NA,NA,NA,NA,NA,NA,"2019"
NA,NA,NA,NA,NA,NA,NA,"2019"
NA,NA,NA,NA,NA,NA,NA,"2019"
NA,NA,NA,NA,NA,NA,NA,"2019"
NA,NA,NA,NA,NA,NA,NA,"2019"
NA,NA,NA,NA,NA,NA,NA,"2019"
NA,NA,NA,NA,NA,NA,NA,"2019"
NA,NA,NA,NA,NA,NA,NA,"2019"
NA,NA,NA,NA,NA,NA,NA,"2019"
NA,NA,NA,NA,NA,NA,NA,"2019"
NA,NA,NA,NA,NA,NA,NA,"2019"
NA,NA,NA,NA,NA,NA,NA,"2019"
NA,NA,NA,NA,NA,NA,NA,"2019"
NA,NA,NA,NA,NA,NA,NA,"2019"
NA,NA,NA,NA,NA,NA,NA,"2019"
NA,NA,NA,NA,NA,NA,NA,"2019"
NA,NA,NA,NA,NA,NA,NA,"2019"
NA,NA,NA,NA,NA,NA,NA,"2019"
NA,NA,NA,NA,NA,NA,NA,"2019"
NA,NA,NA,NA,NA,NA,NA,"2019"
NA,NA,NA,NA,NA,NA,NA,"2019"
NA,NA,NA,NA,NA,NA,NA,"2019"
NA,NA,NA,NA,NA,NA,NA,"2019"
NA,NA,NA,NA,NA,NA,NA,"2019"
NA,NA,NA,NA,NA,NA,NA,"2019"
NA,NA,NA,NA,NA,NA,NA,"2019"
NA,NA,NA,NA,NA,NA,NA,"2019"
NA,NA,NA,NA,NA,NA,NA,"2019"
NA,NA,NA,NA,NA,NA,NA,"2019"
NA,NA,NA,NA,NA,NA,NA,"2019"
NA,NA,NA,NA,NA,NA,NA,"2019"
NA,NA,NA,NA,NA,NA,NA,"2019"
NA,NA,NA,NA,NA,NA,NA,"2019"
NA,NA,NA,NA,NA,NA,NA,"2019"
NA,NA,NA,NA,NA,NA,NA,"2019"
NA,NA,NA,NA,NA,NA,NA,"2019"
NA,NA,NA,NA,NA,NA,NA,"2019"
NA,NA,NA,NA,NA,NA,NA,"2019"
NA,NA,NA,NA,NA,NA,NA,"2019"
NA,NA,NA,NA,NA,NA,NA,"2019"
NA,NA,NA,NA,NA,NA,NA,"2019"
NA,NA,NA,NA,NA,NA,NA,"2019"
NA,NA,NA,NA,NA,NA,NA,"2019"
NA,NA,NA,NA,NA,NA,NA,"2019"
NA,NA,NA,NA,NA,NA,NA,"2019"
NA,NA,NA,NA,NA,NA,NA,"2019"
NA,NA,NA,NA,NA,NA,NA,"2019"
NA,NA,NA,NA,NA,NA,NA,"2019"
NA,NA,NA,NA,NA,NA,NA,"2019"
NA,NA,NA,NA,NA,NA,NA,"2019"
NA,NA,NA,NA,NA,NA,NA,"2019"
NA,NA,NA,NA,NA,NA,NA,"2019"
NA,NA,NA,NA,NA,NA,NA,"2019"
NA,NA,NA,NA,NA,NA,NA,"2019"
NA,NA,NA,NA,NA,NA,NA,"2019"
NA,NA,NA,NA,NA,NA,NA,"2019"
NA,NA,NA,NA,NA,NA,NA,"2019"
NA,NA,NA,NA,NA,NA,NA,"2019"
NA,NA,NA,NA,NA,NA,NA,"2019"
NA,NA,NA,NA,NA,NA,NA,"2019"
NA,NA,NA,NA,NA,NA,NA,"2019"
NA,NA,NA,NA,NA,NA,NA,"2019"
NA,NA,NA,NA,NA,NA,NA,"2019"
NA,NA,NA,NA,NA,NA,NA,"2019"
NA,NA,NA,NA,NA,NA,NA,"2019"
NA,NA,NA,NA,NA,NA,NA,"2019"
NA,NA,NA,NA,NA,NA,NA,"2019"
NA,NA,NA,NA,NA,NA,NA,"2019"
NA,NA,NA,NA,NA,NA,NA,"2019"
NA,NA,NA,NA,NA,NA,NA,"2019"
NA,NA,NA,NA,NA,NA,NA,"2019"
NA,NA,NA,NA,NA,NA,NA,"2019"
NA,NA,NA,NA,NA,NA,NA,"2019"
NA,NA,NA,NA,NA,NA,NA,"2019"
NA,NA,NA,NA,NA,NA,NA,"2019"
NA,NA,NA,NA,NA,NA,NA,"2019"
NA,NA,NA,NA,NA,NA,NA,"2019"
NA,NA,NA,NA,NA,NA,NA,"2019"
NA,NA,NA,NA,NA,NA,NA,"2019"
NA,NA,NA,NA,NA,NA,NA,"2019"
NA,NA,NA,NA,NA,NA,NA,"2019"
NA,NA,NA,NA,NA,NA,NA,"2019"
NA,NA,NA,NA,NA,NA,NA,"2019"
NA,NA,NA,NA,NA,NA,NA,"2019"
NA,NA,NA,NA,NA,NA,NA,"2019"
NA,NA,NA,NA,NA,NA,NA,"2019"
NA,NA,NA,NA,NA,NA,NA,"2019"
NA,NA,NA,NA,NA,NA,NA,"2019"
NA,NA,NA,NA,NA,NA,NA,"2019"
NA,NA,NA,NA,NA,NA,NA,"2019"
NA,NA,NA,NA,NA,NA,NA,"2019"
NA,NA,NA,NA,NA,NA,NA,"2019"
NA,NA,NA,NA,NA,NA,NA,"2019"
NA,NA,NA,NA,NA,NA,NA,"2019"
NA,NA,NA,NA,NA,NA,NA,"2019"
NA,NA,NA,NA,NA,NA,NA,"2019"
NA,NA,NA,NA,NA,NA,NA,"2019"
NA,NA,NA,NA,NA,NA,NA,"2019"
NA,NA,NA,NA,NA,NA,NA,"2019"
NA,NA,NA,NA,NA,NA,NA,"2019"
NA,NA,NA,NA,NA,NA,NA,"2019"
NA,NA,NA,NA,NA,NA,NA,"2019"
NA,NA,NA,NA,NA,NA,NA,"2019"
NA,NA,NA,NA,NA,NA,NA,"2019"
NA,NA,NA,NA,NA,NA,NA,"2019"
NA,NA,NA,NA,NA,NA,NA,"2019"
NA,NA,NA,NA,NA,NA,NA,"2019"
NA,NA,NA,NA,NA,NA,NA,"2019"
NA,NA,NA,NA,NA,NA,NA,"2019"
NA,NA,NA,NA,NA,NA,NA,"2019"
NA,NA,NA,NA,NA,NA,NA,"2019"
NA,NA,NA,NA,NA,NA,NA,"2019"
NA,NA,NA,NA,NA,NA,NA,"2019"
NA,NA,NA,NA,NA,NA,NA,"2019"
NA,NA,NA,NA,NA,NA,NA,"2019"
NA,NA,NA,NA,NA,NA,NA,"2019"
NA,NA,NA,NA,NA,NA,NA,"2019"
NA,NA,NA,NA,NA,NA,NA,"2019"
NA,NA,NA,NA,NA,NA,NA,"2019"
NA,NA,NA,NA,NA,NA,NA,"2019"
NA,NA,NA,NA,NA,NA,NA,"2019"
NA,NA,NA,NA,NA,NA,NA,"2019"
NA,NA,NA,NA,NA,NA,NA,"2019"
NA,NA,NA,NA,NA,NA,NA,"2019"
NA,NA,NA,NA,NA,NA,NA,"2019"
NA,NA,NA,NA,NA,NA,NA,"2019"
NA,NA,NA,NA,NA,NA,NA,"2019"
NA,NA,NA,NA,NA,NA,NA,"2019"
NA,NA,NA,NA,NA,NA,NA,"2019"
NA,NA,NA,NA,NA,NA,NA,"2019"
NA,NA,NA,NA,NA,NA,NA,"2019"
NA,NA,NA,NA,NA,NA,NA,"2019"
NA,NA,NA,NA,NA,NA,NA,"2019"
NA,NA,NA,NA,NA,NA,NA,"2019"
NA,NA,NA,NA,NA,NA,NA,"2019"
NA,NA,NA,NA,NA,NA,NA,"2019"
NA,NA,NA,NA,NA,NA,NA,"2019"
NA,NA,NA,NA,NA,NA,NA,"2019"
NA,NA,NA,NA,NA,NA,NA,"2019"
NA,NA,NA,NA,NA,NA,NA,"2019"
NA,NA,NA,NA,NA,NA,NA,"2019"
NA,NA,NA,NA,NA,NA,NA,"2019"
NA,NA,NA,NA,NA,NA,NA,"2019"
NA,NA,NA,NA,NA,NA,NA,"2019"
NA,NA,NA,NA,NA,NA,NA,"2019"
NA,NA,NA,NA,NA,NA,NA,"2019"
NA,NA,NA,NA,NA,NA,NA,"2019"
NA,NA,NA,NA,NA,NA,NA,"2019"
NA,NA,NA,NA,NA,NA,NA,"2019"
NA,NA,NA,NA,NA,NA,NA,"2019"
NA,NA,NA,NA,NA,NA,NA,"2019"
NA,NA,NA,NA,NA,NA,NA,"2019"
NA,NA,NA,NA,NA,NA,NA,"2019"
NA,NA,NA,NA,NA,NA,NA,"2019"
NA,NA,NA,NA,NA,NA,NA,"2019"
NA,NA,NA,NA,NA,NA,NA,"2019"
NA,NA,NA,NA,NA,NA,NA,"2019"
NA,NA,NA,NA,NA,NA,NA,"2019"
NA,NA,NA,NA,NA,NA,NA,"2019"
NA,NA,NA,NA,NA,NA,NA,"2019"
NA,NA,NA,NA,NA,NA,NA,"2019"
NA,NA,NA,NA,NA,NA,NA,"2019"
NA,NA,NA,NA,NA,NA,NA,"2019"
NA,NA,NA,NA,NA,NA,NA,"2019"
NA,NA,NA,NA,NA,NA,NA,"2019"
NA,NA,NA,NA,NA,NA,NA,"2019"
NA,NA,NA,NA,NA,NA,NA,"2019"
NA,NA,NA,NA,NA,NA,NA,"2019"
NA,NA,NA,NA,NA,NA,NA,"2019"
NA,NA,NA,NA,NA,NA,NA,"2019"
NA,NA,NA,NA,NA,NA,NA,"2019"
NA,NA,NA,NA,NA,NA,NA,"2019"
NA,NA,NA,NA,NA,NA,NA,"2019"
NA,NA,NA,NA,NA,NA,NA,"2019"
NA,NA,NA,NA,NA,NA,NA,"2019"
NA,NA,NA,NA,NA,NA,NA,"2019"
NA,NA,NA,NA,NA,NA,NA,"2019"
NA,NA,NA,NA,NA,NA,NA,"2019"
NA,NA,NA,NA,NA,NA,NA,"2019"
NA,NA,NA,NA,NA,NA,NA,"2019"
NA,NA,NA,NA,NA,NA,NA,"2019"
NA,NA,NA,NA,NA,NA,NA,"2019"
NA,NA,NA,NA,NA,NA,NA,"2019"
NA,NA,NA,NA,NA,NA,NA,"2019"
NA,NA,NA,NA,NA,NA,NA,"2019"
NA,NA,NA,NA,NA,NA,NA,"2019"
NA,NA,NA,NA,NA,NA,NA,"2019"
NA,NA,NA,NA,NA,NA,NA,"2019"
NA,NA,NA,NA,NA,NA,NA,"2019"
NA,NA,NA,NA,NA,NA,NA,"2019"
NA,NA,NA,NA,NA,NA,NA,"2019"
NA,NA,NA,NA,NA,NA,NA,"2019"
NA,NA,NA,NA,NA,NA,NA,"2019"
NA,NA,NA,NA,NA,NA,NA,"2019"
NA,NA,NA,NA,NA,NA,NA,"2019"
NA,NA,NA,NA,NA,NA,NA,"2019"
NA,NA,NA,NA,NA,NA,NA,"2019"
NA,NA,NA,NA,NA,NA,NA,"2019"
NA,NA,NA,NA,NA,NA,NA,"2019"
NA,NA,NA,NA,NA,NA,NA,"2019"
NA,NA,NA,NA,NA,NA,NA,"2019"
NA,NA,NA,NA,NA,NA,NA,"2019"
NA,NA,NA,NA,NA,NA,NA,"2019"
NA,NA,NA,NA,NA,NA,NA,"2019"
NA,NA,NA,NA,NA,NA,NA,"2019"
NA,NA,NA,NA,NA,NA,NA,"2019"
NA,NA,NA,NA,NA,NA,NA,"2019"
NA,NA,NA,NA,NA,NA,NA,"2019"
NA,NA,NA,NA,NA,NA,NA,"2019"
NA,NA,NA,NA,NA,NA,NA,"2019"
NA,NA,NA,NA,NA,NA,NA,"2019"
NA,NA,NA,NA,NA,NA,NA,"2019"
NA,NA,NA,NA,NA,NA,NA,"2019"
NA,NA,NA,NA,NA,NA,NA,"2019"
NA,NA,NA,NA,NA,NA,NA,"2019"
NA,NA,NA,NA,NA,NA,NA,"2019"
NA,NA,NA,NA,NA,NA,NA,"2019"
NA,NA,NA,NA,NA,NA,NA,"2019"
NA,NA,NA,NA,NA,NA,NA,"2019"
NA,NA,NA,NA,NA,NA,NA,"2019"
NA,NA,NA,NA,NA,NA,NA,"2019"
NA,NA,NA,NA,NA,NA,NA,"2019"
NA,NA,NA,NA,NA,NA,NA,"2019"
NA,NA,NA,NA,NA,NA,NA,"2019"
NA,NA,NA,NA,NA,NA,NA,"2019"
NA,NA,NA,NA,NA,NA,NA,"2019"
NA,NA,NA,NA,NA,NA,NA,"2019"
NA,NA,NA,NA,NA,NA,NA,"2019"
NA,NA,NA,NA,NA,NA,NA,"2019"
NA,NA,NA,NA,NA,NA,NA,"2019"
NA,NA,NA,NA,NA,NA,NA,"2019"
NA,NA,NA,NA,NA,NA,NA,"2019"
NA,NA,NA,NA,NA,NA,NA,"2019"
NA,NA,NA,NA,NA,NA,NA,"2019"
NA,NA,NA,NA,NA,NA,NA,"2019"
NA,NA,NA,NA,NA,NA,NA,"2019"
NA,NA,NA,NA,NA,NA,NA,"2019"
NA,NA,NA,NA,NA,NA,NA,"2019"
NA,NA,NA,NA,NA,NA,NA,"2019"
NA,NA,NA,NA,NA,NA,NA,"2019"
NA,NA,NA,NA,NA,NA,NA,"2019"
NA,NA,NA,NA,NA,NA,NA,"2019"
NA,NA,NA,NA,NA,NA,NA,"2019"
NA,NA,NA,NA,NA,NA,NA,"2019"
NA,NA,NA,NA,NA,NA,NA,"2019"
NA,NA,NA,NA,NA,NA,NA,"2019"
NA,NA,NA,NA,NA,NA,NA,"2019"
NA,NA,NA,NA,NA,NA,NA,"2019"
NA,NA,NA,NA,NA,NA,NA,"2019"
NA,NA,NA,NA,NA,NA,NA,"2019"
NA,NA,NA,NA,NA,NA,NA,"2019"
NA,NA,NA,NA,NA,NA,NA,"2019"
NA,NA,NA,NA,NA,NA,NA,"2019"
NA,NA,NA,NA,NA,NA,NA,"2019"
NA,NA,NA,NA,NA,NA,NA,"2019"
NA,NA,NA,NA,NA,NA,NA,"2019"
NA,NA,NA,NA,NA,NA,NA,"2019"
NA,NA,NA,NA,NA,NA,NA,"2019"
NA,NA,NA,NA,NA,NA,NA,"2019"
NA,NA,NA,NA,NA,NA,NA,"2019"
NA,NA,NA,NA,NA,NA,NA,"2019"
NA,NA,NA,NA,NA,NA,NA,"2019"
NA,NA,NA,NA,NA,NA,NA,"2019"
NA,NA,NA,NA,NA,NA,NA,"2019"
NA,NA,NA,NA,NA,NA,NA,"2019"
NA,NA,NA,NA,NA,NA,NA,"2019"
NA,NA,NA,NA,NA,NA,NA,"2019"
NA,NA,NA,NA,NA,NA,NA,"2019"
NA,NA,NA,NA,NA,NA,NA,"2019"
NA,NA,NA,NA,NA,NA,NA,"2019"
NA,NA,NA,NA,NA,NA,NA,"2019"
NA,NA,NA,NA,NA,NA,NA,"2019"
NA,NA,NA,NA,NA,NA,NA,"2019"
NA,NA,NA,NA,NA,NA,NA,"2019"
NA,NA,NA,NA,NA,NA,NA,"2019"
NA,NA,NA,NA,NA,NA,NA,"2019"
NA,NA,NA,NA,NA,NA,NA,"2019"
NA,NA,NA,NA,NA,NA,NA,"2019"
NA,NA,NA,NA,NA,NA,NA,"2019"
NA,NA,NA,NA,NA,NA,NA,"2019"
NA,NA,NA,NA,NA,NA,NA,"2019"
NA,NA,NA,NA,NA,NA,NA,"2019"
NA,NA,NA,NA,NA,NA,NA,"2019"
NA,NA,NA,NA,NA,NA,NA,"2019"
NA,NA,NA,NA,NA,NA,NA,"2019"
NA,NA,NA,NA,NA,NA,NA,"2019"
NA,NA,NA,NA,NA,NA,NA,"2019"
NA,NA,NA,NA,NA,NA,NA,"2019"
NA,NA,NA,NA,NA,NA,NA,"2019"
NA,NA,NA,NA,NA,NA,NA,"2019"
NA,NA,NA,NA,NA,NA,NA,"2019"
NA,NA,NA,NA,NA,NA,NA,"2019"
NA,NA,NA,NA,NA,NA,NA,"2019"
NA,NA,NA,NA,NA,NA,NA,"2019"
NA,NA,NA,NA,NA,NA,NA,"2019"
NA,NA,NA,NA,NA,NA,NA,"2019"
NA,NA,NA,NA,NA,NA,NA,"2019"
NA,NA,NA,NA,NA,NA,NA,"2019"
NA,NA,NA,NA,NA,NA,NA,"2019"
NA,NA,NA,NA,NA,NA,NA,"2019"
NA,NA,NA,NA,NA,NA,NA,"2019"
NA,NA,NA,NA,NA,NA,NA,"2019"
NA,NA,NA,NA,NA,NA,NA,"2019"
NA,NA,NA,NA,NA,NA,NA,"2019"
NA,NA,NA,NA,NA,NA,NA,"2019"
NA,NA,NA,NA,NA,NA,NA,"2019"
NA,NA,NA,NA,NA,NA,NA,"2019"
NA,NA,NA,NA,NA,NA,NA,"2019"
NA,NA,NA,NA,NA,NA,NA,"2019"
NA,NA,NA,NA,NA,NA,NA,"2019"
NA,NA,NA,NA,NA,NA,NA,"2019"
NA,NA,NA,NA,NA,NA,NA,"2019"
NA,NA,NA,NA,NA,NA,NA,"2019"
NA,NA,NA,NA,NA,NA,NA,"2019"
NA,NA,NA,NA,NA,NA,NA,"2019"
NA,NA,NA,NA,NA,NA,NA,"2019"
NA,NA,NA,NA,NA,NA,NA,"2019"
NA,NA,NA,NA,NA,NA,NA,"2019"
NA,NA,NA,NA,NA,NA,NA,"2019"
NA,NA,NA,NA,NA,NA,NA,"2019"
NA,NA,NA,NA,NA,NA,NA,"2019"
NA,NA,NA,NA,NA,NA,NA,"2019"
NA,NA,NA,NA,NA,NA,NA,"2019"
NA,NA,NA,NA,NA,NA,NA,"2019"
NA,NA,NA,NA,NA,NA,NA,"2019"
NA,NA,NA,NA,NA,NA,NA,"2019"
NA,NA,NA,NA,NA,NA,NA,"2019"
NA,NA,NA,NA,NA,NA,NA,"2019"
NA,NA,NA,NA,NA,NA,NA,"2019"
NA,NA,NA,NA,NA,NA,NA,"2019"
NA,NA,NA,NA,NA,NA,NA,"2019"
NA,NA,NA,NA,NA,NA,NA,"2019"
NA,NA,NA,NA,NA,NA,NA,"2019"
NA,NA,NA,NA,NA,NA,NA,"2019"
NA,NA,NA,NA,NA,NA,NA,"2019"
NA,NA,NA,NA,NA,NA,NA,"2019"
NA,NA,NA,NA,NA,NA,NA,"2019"
NA,NA,NA,NA,NA,NA,NA,"2019"
NA,NA,NA,NA,NA,NA,NA,"2019"
NA,NA,NA,NA,NA,NA,NA,"2019"
NA,NA,NA,NA,NA,NA,NA,"2019"
NA,NA,NA,NA,NA,NA,NA,"2019"
NA,NA,NA,NA,NA,NA,NA,"2019"
NA,NA,NA,NA,NA,NA,NA,"2019"
NA,NA,NA,NA,NA,NA,NA,"2019"
NA,NA,NA,NA,NA,NA,NA,"2019"
NA,NA,NA,NA,NA,NA,NA,"2019"
NA,NA,NA,NA,NA,NA,NA,"2019"
NA,NA,NA,NA,NA,NA,NA,"2019"
NA,NA,NA,NA,NA,NA,NA,"2019"
NA,NA,NA,NA,NA,NA,NA,"2019"
NA,NA,NA,NA,NA,NA,NA,"2019"
NA,NA,NA,NA,NA,NA,NA,"2019"
NA,NA,NA,NA,NA,NA,NA,"2019"
NA,NA,NA,NA,NA,NA,NA,"2019"
NA,NA,NA,NA,NA,NA,NA,"2019"
NA,NA,NA,NA,NA,NA,NA,"2019"
NA,NA,NA,NA,NA,NA,NA,"2019"
NA,NA,NA,NA,NA,NA,NA,"2019"
NA,NA,NA,NA,NA,NA,NA,"2019"
NA,NA,NA,NA,NA,NA,NA,"2019"
NA,NA,NA,NA,NA,NA,NA,"2019"
NA,NA,NA,NA,NA,NA,NA,"2019"
NA,NA,NA,NA,NA,NA,NA,"2019"
NA,NA,NA,NA,NA,NA,NA,"2019"
NA,NA,NA,NA,NA,NA,NA,"2019"
NA,NA,NA,NA,NA,NA,NA,"2019"
NA,NA,NA,NA,NA,NA,NA,"2019"
NA,NA,NA,NA,NA,NA,NA,"2019"
NA,NA,NA,NA,NA,NA,NA,"2019"
NA,NA,NA,NA,NA,NA,NA,"2019"
NA,NA,NA,NA,NA,NA,NA,"2019"
NA,NA,NA,NA,NA,NA,NA,"2019"
NA,NA,NA,NA,NA,NA,NA,"2019"
NA,NA,NA,NA,NA,NA,NA,"2019"
NA,NA,NA,NA,NA,NA,NA,"2019"
NA,NA,NA,NA,NA,NA,NA,"2019"
NA,NA,NA,NA,NA,NA,NA,"2019"
NA,NA,NA,NA,NA,NA,NA,"2019"
NA,NA,NA,NA,NA,NA,NA,"2019"
NA,NA,NA,NA,NA,NA,NA,"2019"
NA,NA,NA,NA,NA,NA,NA,"2019"
NA,NA,NA,NA,NA,NA,NA,"2019"
NA,NA,NA,NA,NA,NA,NA,"2019"
NA,NA,NA,NA,NA,NA,NA,"2019"
NA,NA,NA,NA,NA,NA,NA,"2019"
NA,NA,NA,NA,NA,NA,NA,"2019"
NA,NA,NA,NA,NA,NA,NA,"2019"
NA,NA,NA,NA,NA,NA,NA,"2019"
NA,NA,NA,NA,NA,NA,NA,"2019"
NA,NA,NA,NA,NA,NA,NA,"2019"
NA,NA,NA,NA,NA,NA,NA,"2019"
NA,NA,NA,NA,NA,NA,NA,"2019"
NA,NA,NA,NA,NA,NA,NA,"2019"
NA,NA,NA,NA,NA,NA,NA,"2019"
NA,NA,NA,NA,NA,NA,NA,"2019"
NA,NA,NA,NA,NA,NA,NA,"2019"
NA,NA,NA,NA,NA,NA,NA,"2019"
NA,NA,NA,NA,NA,NA,NA,"2019"
NA,NA,NA,NA,NA,NA,NA,"2019"
NA,NA,NA,NA,NA,NA,NA,"2019"
NA,NA,NA,NA,NA,NA,NA,"2019"
NA,NA,NA,NA,NA,NA,NA,"2019"
NA,NA,NA,NA,NA,NA,NA,"2019"
NA,NA,NA,NA,NA,NA,NA,"2019"
NA,NA,NA,NA,NA,NA,NA,"2019"
NA,NA,NA,NA,NA,NA,NA,"2019"
NA,NA,NA,NA,NA,NA,NA,"2019"
NA,NA,NA,NA,NA,NA,NA,"2019"
NA,NA,NA,NA,NA,NA,NA,"2019"
NA,NA,NA,NA,NA,NA,NA,"2019"
NA,NA,NA,NA,NA,NA,NA,"2019"
NA,NA,NA,NA,NA,NA,NA,"2019"
NA,NA,NA,NA,NA,NA,NA,"2019"
NA,NA,NA,NA,NA,NA,NA,"2019"
NA,NA,NA,NA,NA,NA,NA,"2019"
NA,NA,NA,NA,NA,NA,NA,"2019"
NA,NA,NA,NA,NA,NA,NA,"2019"
NA,NA,NA,NA,NA,NA,NA,"2019"
NA,NA,NA,NA,NA,NA,NA,"2019"
NA,NA,NA,NA,NA,NA,NA,"2019"
NA,NA,NA,NA,NA,NA,NA,"2019"
NA,NA,NA,NA,NA,NA,NA,"2019"
NA,NA,NA,NA,NA,NA,NA,"2019"
NA,NA,NA,NA,NA,NA,NA,"2019"
NA,NA,NA,NA,NA,NA,NA,"2019"
NA,NA,NA,NA,NA,NA,NA,"2019"
NA,NA,NA,NA,NA,NA,NA,"2019"
NA,NA,NA,NA,NA,NA,NA,"2019"
NA,NA,NA,NA,NA,NA,NA,"2019"
NA,NA,NA,NA,NA,NA,NA,"2019"
NA,NA,NA,NA,NA,NA,NA,"2019"
NA,NA,NA,NA,NA,NA,NA,"2019"
NA,NA,NA,NA,NA,NA,NA,"2019"
NA,NA,NA,NA,NA,NA,NA,"2019"
NA,NA,NA,NA,NA,NA,NA,"2019"
NA,NA,NA,NA,NA,NA,NA,"2019"
NA,NA,NA,NA,NA,NA,NA,"2019"
NA,NA,NA,NA,NA,NA,NA,"2019"
NA,NA,NA,NA,NA,NA,NA,"2019"
NA,NA,NA,NA,NA,NA,NA,"2019"
NA,NA,NA,NA,NA,NA,NA,"2019"
NA,NA,NA,NA,NA,NA,NA,"2019"
NA,NA,NA,NA,NA,NA,NA,"2019"
NA,NA,NA,NA,NA,NA,NA,"2019"
NA,NA,NA,NA,NA,NA,NA,"2019"
NA,NA,NA,NA,NA,NA,NA,"2019"
NA,NA,NA,NA,NA,NA,NA,"2019"
NA,NA,NA,NA,NA,NA,NA,"2019"
NA,NA,NA,NA,NA,NA,NA,"2019"
NA,NA,NA,NA,NA,NA,NA,"2019"
NA,NA,NA,NA,NA,NA,NA,"2019"
NA,NA,NA,NA,NA,NA,NA,"2019"
NA,NA,NA,NA,NA,NA,NA,"2019"
NA,NA,NA,NA,NA,NA,NA,"2019"
NA,NA,NA,NA,NA,NA,NA,"2019"
NA,NA,NA,NA,NA,NA,NA,"2019"
NA,NA,NA,NA,NA,NA,NA,"2019"
NA,NA,NA,NA,NA,NA,NA,"2019"
NA,NA,NA,NA,NA,NA,NA,"2019"
NA,NA,NA,NA,NA,NA,NA,"2019"
NA,NA,NA,NA,NA,NA,NA,"2019"
NA,NA,NA,NA,NA,NA,NA,"2019"
NA,NA,NA,NA,NA,NA,NA,"2019"
NA,NA,NA,NA,NA,NA,NA,"2019"
NA,NA,NA,NA,NA,NA,NA,"2019"
NA,NA,NA,NA,NA,NA,NA,"2019"
NA,NA,NA,NA,NA,NA,NA,"2019"
NA,NA,NA,NA,NA,NA,NA,"2019"
NA,NA,NA,NA,NA,NA,NA,"2019"
NA,NA,NA,NA,NA,NA,NA,"2019"
NA,NA,NA,NA,NA,NA,NA,"2019"
NA,NA,NA,NA,NA,NA,NA,"2019"
NA,NA,NA,NA,NA,NA,NA,"2019"
NA,NA,NA,NA,NA,NA,NA,"2019"
NA,NA,NA,NA,NA,NA,NA,"2019"
NA,NA,NA,NA,NA,NA,NA,"2019"
NA,NA,NA,NA,NA,NA,NA,"2019"
NA,NA,NA,NA,NA,NA,NA,"2019"
NA,NA,NA,NA,NA,NA,NA,"2019"
NA,NA,NA,NA,NA,NA,NA,"2019"
NA,NA,NA,NA,NA,NA,NA,"2019"
NA,NA,NA,NA,NA,NA,NA,"2019"
NA,NA,NA,NA,NA,NA,NA,"2019"
NA,NA,NA,NA,NA,NA,NA,"2019"
NA,NA,NA,NA,NA,NA,NA,"2019"
NA,NA,NA,NA,NA,NA,NA,"2019"
NA,NA,NA,NA,NA,NA,NA,"2019"
NA,NA,NA,NA,NA,NA,NA,"2019"
NA,NA,NA,NA,NA,NA,NA,"2019"
NA,NA,NA,NA,NA,NA,NA,"2019"
NA,NA,NA,NA,NA,NA,NA,"2019"
NA,NA,NA,NA,NA,NA,NA,"2019"
NA,NA,NA,NA,NA,NA,NA,"2019"
NA,NA,NA,NA,NA,NA,NA,"2019"
NA,NA,NA,NA,NA,NA,NA,"2019"
NA,NA,NA,NA,NA,NA,NA,"2019"
NA,NA,NA,NA,NA,NA,NA,"2019"
NA,NA,NA,NA,NA,NA,NA,"2019"
NA,NA,NA,NA,NA,NA,NA,"2019"
NA,NA,NA,NA,NA,NA,NA,"2019"
NA,NA,NA,NA,NA,NA,NA,"2019"
NA,NA,NA,NA,NA,NA,NA,"2019"
NA,NA,NA,NA,NA,NA,NA,"2019"
NA,NA,NA,NA,NA,NA,NA,"2019"
NA,NA,NA,NA,NA,NA,NA,"2019"
NA,NA,NA,NA,NA,NA,NA,"2019"
NA,NA,NA,NA,NA,NA,NA,"2019"
NA,NA,NA,NA,NA,NA,NA,"2019"
NA,NA,NA,NA,NA,NA,NA,"2019"
NA,NA,NA,NA,NA,NA,NA,"2019"
NA,NA,NA,NA,NA,NA,NA,"2019"
NA,NA,NA,NA,NA,NA,NA,"2019"
NA,NA,NA,NA,NA,NA,NA,"2019"
NA,NA,NA,NA,NA,NA,NA,"2019"
NA,NA,NA,NA,NA,NA,NA,"2019"
NA,NA,NA,NA,NA,NA,NA,"2019"
NA,NA,NA,NA,NA,NA,NA,"2019"
NA,NA,NA,NA,NA,NA,NA,"2019"
NA,NA,NA,NA,NA,NA,NA,"2019"
NA,NA,NA,NA,NA,NA,NA,"2019"
NA,NA,NA,NA,NA,NA,NA,"2019"
NA,NA,NA,NA,NA,NA,NA,"2019"
NA,NA,NA,NA,NA,NA,NA,"2019"
NA,NA,NA,NA,NA,NA,NA,"2019"
NA,NA,NA,NA,NA,NA,NA,"2019"
NA,NA,NA,NA,NA,NA,NA,"2019"
NA,NA,NA,NA,NA,NA,NA,"2019"
NA,NA,NA,NA,NA,NA,NA,"2019"
NA,NA,NA,NA,NA,NA,NA,"2019"
NA,NA,NA,NA,NA,NA,NA,"2019"
NA,NA,NA,NA,NA,NA,NA,"2019"
NA,NA,NA,NA,NA,NA,NA,"2019"
NA,NA,NA,NA,NA,NA,NA,"2019"
NA,NA,NA,NA,NA,NA,NA,"2019"
NA,NA,NA,NA,NA,NA,NA,"2019"
NA,NA,NA,NA,NA,NA,NA,"2019"
NA,NA,NA,NA,NA,NA,NA,"2019"
NA,NA,NA,NA,NA,NA,NA,"2019"
NA,NA,NA,NA,NA,NA,NA,"2019"
NA,NA,NA,NA,NA,NA,NA,"2019"
NA,NA,NA,NA,NA,NA,NA,"2019"
NA,NA,NA,NA,NA,NA,NA,"2019"
NA,NA,NA,NA,NA,NA,NA,"2019"
NA,NA,NA,NA,NA,NA,NA,"2019"
NA,NA,NA,NA,NA,NA,NA,"2019"
NA,NA,NA,NA,NA,NA,NA,"2019"
NA,NA,NA,NA,NA,NA,NA,"2019"
NA,NA,NA,NA,NA,NA,NA,"2019"
NA,NA,NA,NA,NA,NA,NA,"2019"
NA,NA,NA,NA,NA,NA,NA,"2019"
NA,NA,NA,NA,NA,NA,NA,"2019"
NA,NA,NA,NA,NA,NA,NA,"2019"
NA,NA,NA,NA,NA,NA,NA,"2019"
NA,NA,NA,NA,NA,NA,NA,"2019"
NA,NA,NA,NA,NA,NA,NA,"2019"
NA,NA,NA,NA,NA,NA,NA,"2019"
NA,NA,NA,NA,NA,NA,NA,"2019"
NA,NA,NA,NA,NA,NA,NA,"2019"
NA,NA,NA,NA,NA,NA,NA,"2019"
NA,NA,NA,NA,NA,NA,NA,"2019"
NA,NA,NA,NA,NA,NA,NA,"2019"
NA,NA,NA,NA,NA,NA,NA,"2019"
NA,NA,NA,NA,NA,NA,NA,"2019"
NA,NA,NA,NA,NA,NA,NA,"2019"
NA,NA,NA,NA,NA,NA,NA,"2019"
NA,NA,NA,NA,NA,NA,NA,"2019"
NA,NA,NA,NA,NA,NA,NA,"2019"
NA,NA,NA,NA,NA,NA,NA,"2019"
NA,NA,NA,NA,NA,NA,NA,"2019"
NA,NA,NA,NA,NA,NA,NA,"2019"
NA,NA,NA,NA,NA,NA,NA,"2019"
NA,NA,NA,NA,NA,NA,NA,"2019"
NA,NA,NA,NA,NA,NA,NA,"2019"
NA,NA,NA,NA,NA,NA,NA,"2019"
NA,NA,NA,NA,NA,NA,NA,"2019"
NA,NA,NA,NA,NA,NA,NA,"2019"
NA,NA,NA,NA,NA,NA,NA,"2019"
NA,NA,NA,NA,NA,NA,NA,"2019"
NA,NA,NA,NA,NA,NA,NA,"2019"
NA,NA,NA,NA,NA,NA,NA,"2019"
NA,NA,NA,NA,NA,NA,NA,"2019"
NA,NA,NA,NA,NA,NA,NA,"2019"
NA,NA,NA,NA,NA,NA,NA,"2019"
NA,NA,NA,NA,NA,NA,NA,"2019"
NA,NA,NA,NA,NA,NA,NA,"2019"
NA,NA,NA,NA,NA,NA,NA,"2019"
NA,NA,NA,NA,NA,NA,NA,"2019"
NA,NA,NA,NA,NA,NA,NA,"2019"
NA,NA,NA,NA,NA,NA,NA,"2019"
NA,NA,NA,NA,NA,NA,NA,"2019"
NA,NA,NA,NA,NA,NA,NA,"2019"
NA,NA,NA,NA,NA,NA,NA,"2019"
NA,NA,NA,NA,NA,NA,NA,"2019"
NA,NA,NA,NA,NA,NA,NA,"2019"
NA,NA,NA,NA,NA,NA,NA,"2019"
NA,NA,NA,NA,NA,NA,NA,"2019"
NA,NA,NA,NA,NA,NA,NA,"2019"
NA,NA,NA,NA,NA,NA,NA,"2019"
NA,NA,NA,NA,NA,NA,NA,"2019"
NA,NA,NA,NA,NA,NA,NA,"2019"
NA,NA,NA,NA,NA,NA,NA,"2019"
NA,NA,NA,NA,NA,NA,NA,"2019"
NA,NA,NA,NA,NA,NA,NA,"2019"
NA,NA,NA,NA,NA,NA,NA,"2019"
NA,NA,NA,NA,NA,NA,NA,"2019"
NA,NA,NA,NA,NA,NA,NA,"2019"
NA,NA,NA,NA,NA,NA,NA,"2019"
NA,NA,NA,NA,NA,NA,NA,"2019"
NA,NA,NA,NA,NA,NA,NA,"2019"
NA,NA,NA,NA,NA,NA,NA,"2019"
NA,NA,NA,NA,NA,NA,NA,"2019"
NA,NA,NA,NA,NA,NA,NA,"2019"
NA,NA,NA,NA,NA,NA,NA,"2019"
NA,NA,NA,NA,NA,NA,NA,"2019"
NA,NA,NA,NA,NA,NA,NA,"2019"
NA,NA,NA,NA,NA,NA,NA,"2019"
NA,NA,NA,NA,NA,NA,NA,"2019"
NA,NA,NA,NA,NA,NA,NA,"2019"
NA,NA,NA,NA,NA,NA,NA,"2019"
NA,NA,NA,NA,NA,NA,NA,"2019"
NA,NA,NA,NA,NA,NA,NA,"2019"
NA,NA,NA,NA,NA,NA,NA,"2019"
NA,NA,NA,NA,NA,NA,NA,"2019"
NA,NA,NA,NA,NA,NA,NA,"2019"
NA,NA,NA,NA,NA,NA,NA,"2019"
NA,NA,NA,NA,NA,NA,NA,"2019"
NA,NA,NA,NA,NA,NA,NA,"2019"
NA,NA,NA,NA,NA,NA,NA,"2019"
NA,NA,NA,NA,NA,NA,NA,"2019"
NA,NA,NA,NA,NA,NA,NA,"2019"
NA,NA,NA,NA,NA,NA,NA,"2019"
NA,NA,NA,NA,NA,NA,NA,"2019"
NA,NA,NA,NA,NA,NA,NA,"2019"
NA,NA,NA,NA,NA,NA,NA,"2019"
NA,NA,NA,NA,NA,NA,NA,"2019"
NA,NA,NA,NA,NA,NA,NA,"2019"
NA,NA,NA,NA,NA,NA,NA,"2019"
NA,NA,NA,NA,NA,NA,NA,"2019"
NA,NA,NA,NA,NA,NA,NA,"2019"
NA,NA,NA,NA,NA,NA,NA,"2019"
NA,NA,NA,NA,NA,NA,NA,"2019"
NA,NA,NA,NA,NA,NA,NA,"2019"
NA,NA,NA,NA,NA,NA,NA,"2019"
NA,NA,NA,NA,NA,NA,NA,"2019"
NA,NA,NA,NA,NA,NA,NA,"2019"
NA,NA,NA,NA,NA,NA,NA,"2019"
NA,NA,NA,NA,NA,NA,NA,"2019"
NA,NA,NA,NA,NA,NA,NA,"2019"
NA,NA,NA,NA,NA,NA,NA,"2019"
NA,NA,NA,NA,NA,NA,NA,"2019"
NA,NA,NA,NA,NA,NA,NA,"2019"
NA,NA,NA,NA,NA,NA,NA,"2019"
NA,NA,NA,NA,NA,NA,NA,"2019"
NA,NA,NA,NA,NA,NA,NA,"2019"
NA,NA,NA,NA,NA,NA,NA,"2019"
NA,NA,NA,NA,NA,NA,NA,"2019"
NA,NA,NA,NA,NA,NA,NA,"2019"
NA,NA,NA,NA,NA,NA,NA,"2019"
NA,NA,NA,NA,NA,NA,NA,"2019"
NA,NA,NA,NA,NA,NA,NA,"2019"
NA,NA,NA,NA,NA,NA,NA,"2019"
NA,NA,NA,NA,NA,NA,NA,"2019"
NA,NA,NA,NA,NA,NA,NA,"2019"
NA,NA,NA,NA,NA,NA,NA,"2019"
NA,NA,NA,NA,NA,NA,NA,"2019"
NA,NA,NA,NA,NA,NA,NA,"2019"
NA,NA,NA,NA,NA,NA,NA,"2019"
NA,NA,NA,NA,NA,NA,NA,"2019"
NA,NA,NA,NA,NA,NA,NA,"2019"
NA,NA,NA,NA,NA,NA,NA,"2019"
NA,NA,NA,NA,NA,NA,NA,"2019"
NA,NA,NA,NA,NA,NA,NA,"2019"
NA,NA,NA,NA,NA,NA,NA,"2019"
NA,NA,NA,NA,NA,NA,NA,"2019"
NA,NA,NA,NA,NA,NA,NA,"2019"
NA,NA,NA,NA,NA,NA,NA,"2019"
NA,NA,NA,NA,NA,NA,NA,"2019"
NA,NA,NA,NA,NA,NA,NA,"2019"
NA,NA,NA,NA,NA,NA,NA,"2019"
NA,NA,NA,NA,NA,NA,NA,"2019"
NA,NA,NA,NA,NA,NA,NA,"2019"
NA,NA,NA,NA,NA,NA,NA,"2019"
NA,NA,NA,NA,NA,NA,NA,"2019"
NA,NA,NA,NA,NA,NA,NA,"2019"
NA,NA,NA,NA,NA,NA,NA,"2019"
NA,NA,NA,NA,NA,NA,NA,"2019"
NA,NA,NA,NA,NA,NA,NA,"2019"
NA,NA,NA,NA,NA,NA,NA,"2019"
NA,NA,NA,NA,NA,NA,NA,"2019"
NA,NA,NA,NA,NA,NA,NA,"2019"
NA,NA,NA,NA,NA,NA,NA,"2019"
NA,NA,NA,NA,NA,NA,NA,"2019"
NA,NA,NA,NA,NA,NA,NA,"2019"
NA,NA,NA,NA,NA,NA,NA,"2019"
NA,NA,NA,NA,NA,NA,NA,"2019"
NA,NA,NA,NA,NA,NA,NA,"2019"
NA,NA,NA,NA,NA,NA,NA,"2019"
NA,NA,NA,NA,NA,NA,NA,"2019"
NA,NA,NA,NA,NA,NA,NA,"2019"
NA,NA,NA,NA,NA,NA,NA,"2019"
NA,NA,NA,NA,NA,NA,NA,"2019"
NA,NA,NA,NA,NA,NA,NA,"2019"
NA,NA,NA,NA,NA,NA,NA,"2019"
NA,NA,NA,NA,NA,NA,NA,"2019"
NA,NA,NA,NA,NA,NA,NA,"2019"
NA,NA,NA,NA,NA,NA,NA,"2019"
NA,NA,NA,NA,NA,NA,NA,"2019"
NA,NA,NA,NA,NA,NA,NA,"2019"
NA,NA,NA,NA,NA,NA,NA,"2019"
NA,NA,NA,NA,NA,NA,NA,"2019"
NA,NA,NA,NA,NA,NA,NA,"2019"
NA,NA,NA,NA,NA,NA,NA,"2019"
NA,NA,NA,NA,NA,NA,NA,"2019"
NA,NA,NA,NA,NA,NA,NA,"2019"
NA,NA,NA,NA,NA,NA,NA,"2019"
NA,NA,NA,NA,NA,NA,NA,"2019"
NA,NA,NA,NA,NA,NA,NA,"2019"
NA,NA,NA,NA,NA,NA,NA,"2019"
NA,NA,NA,NA,NA,NA,NA,"2019"
NA,NA,NA,NA,NA,NA,NA,"2019"
NA,NA,NA,NA,NA,NA,NA,"2019"
NA,NA,NA,NA,NA,NA,NA,"2019"
NA,NA,NA,NA,NA,NA,NA,"2019"
NA,NA,NA,NA,NA,NA,NA,"2019"
NA,NA,NA,NA,NA,NA,NA,"2019"
NA,NA,NA,NA,NA,NA,NA,"2019"
NA,NA,NA,NA,NA,NA,NA,"2019"
NA,NA,NA,NA,NA,NA,NA,"2019"
NA,NA,NA,NA,NA,NA,NA,"2019"
NA,NA,NA,NA,NA,NA,NA,"2019"
NA,NA,NA,NA,NA,NA,NA,"2019"
NA,NA,NA,NA,NA,NA,NA,"2019"
NA,NA,NA,NA,NA,NA,NA,"2019"
NA,NA,NA,NA,NA,NA,NA,"2019"
NA,NA,NA,NA,NA,NA,NA,"2019"
NA,NA,NA,NA,NA,NA,NA,"2019"
NA,NA,NA,NA,NA,NA,NA,"2019"
NA,NA,NA,NA,NA,NA,NA,"2019"
NA,NA,NA,NA,NA,NA,NA,"2019"
NA,NA,NA,NA,NA,NA,NA,"2019"
NA,NA,NA,NA,NA,NA,NA,"2019"
NA,NA,NA,NA,NA,NA,NA,"2019"
NA,NA,NA,NA,NA,NA,NA,"2019"
NA,NA,NA,NA,NA,NA,NA,"2019"
NA,NA,NA,NA,NA,NA,NA,"2019"
NA,NA,NA,NA,NA,NA,NA,"2019"
NA,NA,NA,NA,NA,NA,NA,"2019"
NA,NA,NA,NA,NA,NA,NA,"2019"
NA,NA,NA,NA,NA,NA,NA,"2019"
NA,NA,NA,NA,NA,NA,NA,"2019"
NA,NA,NA,NA,NA,NA,NA,"2019"
NA,NA,NA,NA,NA,NA,NA,"2019"
NA,NA,NA,NA,NA,NA,NA,"2019"
NA,NA,NA,NA,NA,NA,NA,"2019"
NA,NA,NA,NA,NA,NA,NA,"2019"
NA,NA,NA,NA,NA,NA,NA,"2019"
NA,NA,NA,NA,NA,NA,NA,"2019"
NA,NA,NA,NA,NA,NA,NA,"2019"
NA,NA,NA,NA,NA,NA,NA,"2019"
NA,NA,NA,NA,NA,NA,NA,"2019"
NA,NA,NA,NA,NA,NA,NA,"2019"
NA,NA,NA,NA,NA,NA,NA,"2019"
NA,NA,NA,NA,NA,NA,NA,"2019"
NA,NA,NA,NA,NA,NA,NA,"2019"
NA,NA,NA,NA,NA,NA,NA,"2019"
NA,NA,NA,NA,NA,NA,NA,"2019"
NA,NA,NA,NA,NA,NA,NA,"2019"
NA,NA,NA,NA,NA,NA,NA,"2019"
NA,NA,NA,NA,NA,NA,NA,"2019"
NA,NA,NA,NA,NA,NA,NA,"2019"
NA,NA,NA,NA,NA,NA,NA,"2019"
NA,NA,NA,NA,NA,NA,NA,"2019"
NA,NA,NA,NA,NA,NA,NA,"2019"
NA,NA,NA,NA,NA,NA,NA,"2019"
NA,NA,NA,NA,NA,NA,NA,"2019"
NA,NA,NA,NA,NA,NA,NA,"2019"
NA,NA,NA,NA,NA,NA,NA,"2019"
NA,NA,NA,NA,NA,NA,NA,"2019"
NA,NA,NA,NA,NA,NA,NA,"2019"
NA,NA,NA,NA,NA,NA,NA,"2019"
NA,NA,NA,NA,NA,NA,NA,"2019"
NA,NA,NA,NA,NA,NA,NA,"2019"
NA,NA,NA,NA,NA,NA,NA,"2019"
NA,NA,NA,NA,NA,NA,NA,"2019"
NA,NA,NA,NA,NA,NA,NA,"2019"
NA,NA,NA,NA,NA,NA,NA,"2019"
NA,NA,NA,NA,NA,NA,NA,"2019"
NA,NA,NA,NA,NA,NA,NA,"2019"
NA,NA,NA,NA,NA,NA,NA,"2019"
NA,NA,NA,NA,NA,NA,NA,"2019"
NA,NA,NA,NA,NA,NA,NA,"2019"
NA,NA,NA,NA,NA,NA,NA,"2019"
NA,NA,NA,NA,NA,NA,NA,"2019"
NA,NA,NA,NA,NA,NA,NA,"2019"
NA,NA,NA,NA,NA,NA,NA,"2019"
NA,NA,NA,NA,NA,NA,NA,"2019"
NA,NA,NA,NA,NA,NA,NA,"2019"
NA,NA,NA,NA,NA,NA,NA,"2019"
NA,NA,NA,NA,NA,NA,NA,"2019"
NA,NA,NA,NA,NA,NA,NA,"2019"
NA,NA,NA,NA,NA,NA,NA,"2019"
NA,NA,NA,NA,NA,NA,NA,"2019"
NA,NA,NA,NA,NA,NA,NA,"2019"
NA,NA,NA,NA,NA,NA,NA,"2019"
NA,NA,NA,NA,NA,NA,NA,"2019"
NA,NA,NA,NA,NA,NA,NA,"2019"
NA,NA,NA,NA,NA,NA,NA,"2019"
NA,NA,NA,NA,NA,NA,NA,"2019"
NA,NA,NA,NA,NA,NA,NA,"2019"
NA,NA,NA,NA,NA,NA,NA,"2019"
NA,NA,NA,NA,NA,NA,NA,"2019"
NA,NA,NA,NA,NA,NA,NA,"2019"
NA,NA,NA,NA,NA,NA,NA,"2019"
NA,NA,NA,NA,NA,NA,NA,"2019"
NA,NA,NA,NA,NA,NA,NA,"2019"
NA,NA,NA,NA,NA,NA,NA,"2019"
NA,NA,NA,NA,NA,NA,NA,"2019"
NA,NA,NA,NA,NA,NA,NA,"2019"
NA,NA,NA,NA,NA,NA,NA,"2019"
NA,NA,NA,NA,NA,NA,NA,"2019"
NA,NA,NA,NA,NA,NA,NA,"2019"
NA,NA,NA,NA,NA,NA,NA,"2019"
NA,NA,NA,NA,NA,NA,NA,"2019"
NA,NA,NA,NA,NA,NA,NA,"2019"
NA,NA,NA,NA,NA,NA,NA,"2019"
NA,NA,NA,NA,NA,NA,NA,"2019"
NA,NA,NA,NA,NA,NA,NA,"2019"
NA,NA,NA,NA,NA,NA,NA,"2019"
NA,NA,NA,NA,NA,NA,NA,"2019"
NA,NA,NA,NA,NA,NA,NA,"2019"
NA,NA,NA,NA,NA,NA,NA,"2019"
NA,NA,NA,NA,NA,NA,NA,"2019"
NA,NA,NA,NA,NA,NA,NA,"2019"
NA,NA,NA,NA,NA,NA,NA,"2019"
NA,NA,NA,NA,NA,NA,NA,"2019"
NA,NA,NA,NA,NA,NA,NA,"2019"
NA,NA,NA,NA,NA,NA,NA,"2019"
NA,NA,NA,NA,NA,NA,NA,"2019"
NA,NA,NA,NA,NA,NA,NA,"2019"
NA,NA,NA,NA,NA,NA,NA,"2019"
NA,NA,NA,NA,NA,NA,NA,"2019"
NA,NA,NA,NA,NA,NA,NA,"2019"
NA,NA,NA,NA,NA,NA,NA,"2019"
NA,NA,NA,NA,NA,NA,NA,"2019"
NA,NA,NA,NA,NA,NA,NA,"2019"
NA,NA,NA,NA,NA,NA,NA,"2019"
NA,NA,NA,NA,NA,NA,NA,"2019"
NA,NA,NA,NA,NA,NA,NA,"2019"
NA,NA,NA,NA,NA,NA,NA,"2019"
NA,NA,NA,NA,NA,NA,NA,"2019"
NA,NA,NA,NA,NA,NA,NA,"2019"
NA,NA,NA,NA,NA,NA,NA,"2019"
NA,NA,NA,NA,NA,NA,NA,"2019"
NA,NA,NA,NA,NA,NA,NA,"2019"
NA,NA,NA,NA,NA,NA,NA,"2019"
NA,NA,NA,NA,NA,NA,NA,"2019"
NA,NA,NA,NA,NA,NA,NA,"2019"
NA,NA,NA,NA,NA,NA,NA,"2019"
NA,NA,NA,NA,NA,NA,NA,"2019"
NA,NA,NA,NA,NA,NA,NA,"2019"
NA,NA,NA,NA,NA,NA,NA,"2019"
NA,NA,NA,NA,NA,NA,NA,"2019"
NA,NA,NA,NA,NA,NA,NA,"2019"
NA,NA,NA,NA,NA,NA,NA,"2019"
NA,NA,NA,NA,NA,NA,NA,"2019"
NA,NA,NA,NA,NA,NA,NA,"2019"
NA,NA,NA,NA,NA,NA,NA,"2019"
NA,NA,NA,NA,NA,NA,NA,"2019"
NA,NA,NA,NA,NA,NA,NA,"2019"
NA,NA,NA,NA,NA,NA,NA,"2019"
NA,NA,NA,NA,NA,NA,NA,"2019"
NA,NA,NA,NA,NA,NA,NA,"2019"
NA,NA,NA,NA,NA,NA,NA,"2019"
NA,NA,NA,NA,NA,NA,NA,"2019"
NA,NA,NA,NA,NA,NA,NA,"2019"
NA,NA,NA,NA,NA,NA,NA,"2019"
NA,NA,NA,NA,NA,NA,NA,"2019"
NA,NA,NA,NA,NA,NA,NA,"2019"
NA,NA,NA,NA,NA,NA,NA,"2019"
NA,NA,NA,NA,NA,NA,NA,"2019"
NA,NA,NA,NA,NA,NA,NA,"2019"
NA,NA,NA,NA,NA,NA,NA,"2019"
NA,NA,NA,NA,NA,NA,NA,"2019"
NA,NA,NA,NA,NA,NA,NA,"2019"
NA,NA,NA,NA,NA,NA,NA,"2019"
NA,NA,NA,NA,NA,NA,NA,"2019"
NA,NA,NA,NA,NA,NA,NA,"2019"
NA,NA,NA,NA,NA,NA,NA,"2019"
NA,NA,NA,NA,NA,NA,NA,"2019"
NA,NA,NA,NA,NA,NA,NA,"2019"
NA,NA,NA,NA,NA,NA,NA,"2019"
NA,NA,NA,NA,NA,NA,NA,"2019"
NA,NA,NA,NA,NA,NA,NA,"2019"
NA,NA,NA,NA,NA,NA,NA,"2019"
NA,NA,NA,NA,NA,NA,NA,"2019"
NA,NA,NA,NA,NA,NA,NA,"2019"
NA,NA,NA,NA,NA,NA,NA,"2019"
NA,NA,NA,NA,NA,NA,NA,"2019"
NA,NA,NA,NA,NA,NA,NA,"2019"
NA,NA,NA,NA,NA,NA,NA,"2019"
NA,NA,NA,NA,NA,NA,NA,"2019"
NA,NA,NA,NA,NA,NA,NA,"2019"
NA,NA,NA,NA,NA,NA,NA,"2019"
NA,NA,NA,NA,NA,NA,NA,"2019"
NA,NA,NA,NA,NA,NA,NA,"2019"
NA,NA,NA,NA,NA,NA,NA,"2019"
NA,NA,NA,NA,NA,NA,NA,"2019"
NA,NA,NA,NA,NA,NA,NA,"2019"
NA,NA,NA,NA,NA,NA,NA,"2019"
NA,NA,NA,NA,NA,NA,NA,"2019"
NA,NA,NA,NA,NA,NA,NA,"2019"
NA,NA,NA,NA,NA,NA,NA,"2019"
NA,NA,NA,NA,NA,NA,NA,"2019"
NA,NA,NA,NA,NA,NA,NA,"2019"
NA,NA,NA,NA,NA,NA,NA,"2019"
NA,NA,NA,NA,NA,NA,NA,"2019"
NA,NA,NA,NA,NA,NA,NA,"2019"
NA,NA,NA,NA,NA,NA,NA,"2019"
NA,NA,NA,NA,NA,NA,NA,"2019"
NA,NA,NA,NA,NA,NA,NA,"2019"
NA,NA,NA,NA,NA,NA,NA,"2019"
NA,NA,NA,NA,NA,NA,NA,"2019"
NA,NA,NA,NA,NA,NA,NA,"2019"
NA,NA,NA,NA,NA,NA,NA,"2019"
NA,NA,NA,NA,NA,NA,NA,"2019"
NA,NA,NA,NA,NA,NA,NA,"2019"
NA,NA,NA,NA,NA,NA,NA,"2019"
NA,NA,NA,NA,NA,NA,NA,"2019"
NA,NA,NA,NA,NA,NA,NA,"2019"
NA,NA,NA,NA,NA,NA,NA,"2019"
NA,NA,NA,NA,NA,NA,NA,"2019"
NA,NA,NA,NA,NA,NA,NA,"2019"
NA,NA,NA,NA,NA,NA,NA,"2019"
NA,NA,NA,NA,NA,NA,NA,"2019"
NA,NA,NA,NA,NA,NA,NA,"2019"
NA,NA,NA,NA,NA,NA,NA,"2019"
NA,NA,NA,NA,NA,NA,NA,"2019"
NA,NA,NA,NA,NA,NA,NA,"2019"
NA,NA,NA,NA,NA,NA,NA,"2019"
NA,NA,NA,NA,NA,NA,NA,"2019"
NA,NA,NA,NA,NA,NA,NA,"2019"
NA,NA,NA,NA,NA,NA,NA,"2019"
NA,NA,NA,NA,NA,NA,NA,"2019"
NA,NA,NA,NA,NA,NA,NA,"2019"
NA,NA,NA,NA,NA,NA,NA,"2019"
NA,NA,NA,NA,NA,NA,NA,"2019"
NA,NA,NA,NA,NA,NA,NA,"2019"
NA,NA,NA,NA,NA,NA,NA,"2019"
NA,NA,NA,NA,NA,NA,NA,"2019"
NA,NA,NA,NA,NA,NA,NA,"2019"
NA,NA,NA,NA,NA,NA,NA,"2019"
NA,NA,NA,NA,NA,NA,NA,"2019"
NA,NA,NA,NA,NA,NA,NA,"2019"
NA,NA,NA,NA,NA,NA,NA,"2019"
NA,NA,NA,NA,NA,NA,NA,"2019"
NA,NA,NA,NA,NA,NA,NA,"2019"
NA,NA,NA,NA,NA,NA,NA,"2019"
NA,NA,NA,NA,NA,NA,NA,"2019"
NA,NA,NA,NA,NA,NA,NA,"2019"
NA,NA,NA,NA,NA,NA,NA,"2019"
NA,NA,NA,NA,NA,NA,NA,"2019"
NA,NA,NA,NA,NA,NA,NA,"2019"
NA,NA,NA,NA,NA,NA,NA,"2019"
NA,NA,NA,NA,NA,NA,NA,"2019"
NA,NA,NA,NA,NA,NA,NA,"2019"
NA,NA,NA,NA,NA,NA,NA,"2019"
NA,NA,NA,NA,NA,NA,NA,"2019"
NA,NA,NA,NA,NA,NA,NA,"2019"
NA,NA,NA,NA,NA,NA,NA,"2019"
NA,NA,NA,NA,NA,NA,NA,"2019"
NA,NA,NA,NA,NA,NA,NA,"2019"
NA,NA,NA,NA,NA,NA,NA,"2019"
NA,NA,NA,NA,NA,NA,NA,"2019"
NA,NA,NA,NA,NA,NA,NA,"2019"
NA,NA,NA,NA,NA,NA,NA,"2019"
NA,NA,NA,NA,NA,NA,NA,"2019"
NA,NA,NA,NA,NA,NA,NA,"2019"
NA,NA,NA,NA,NA,NA,NA,"2019"
NA,NA,NA,NA,NA,NA,NA,"2019"
NA,NA,NA,NA,NA,NA,NA,"2019"
NA,NA,NA,NA,NA,NA,NA,"2019"
NA,NA,NA,NA,NA,NA,NA,"2019"
NA,NA,NA,NA,NA,NA,NA,"2019"
NA,NA,NA,NA,NA,NA,NA,"2019"
NA,NA,NA,NA,NA,NA,NA,"2019"
NA,NA,NA,NA,NA,NA,NA,"2019"
NA,NA,NA,NA,NA,NA,NA,"2019"
NA,NA,NA,NA,NA,NA,NA,"2019"
NA,NA,NA,NA,NA,NA,NA,"2019"
NA,NA,NA,NA,NA,NA,NA,"2019"
NA,NA,NA,NA,NA,NA,NA,"2019"
NA,NA,NA,NA,NA,NA,NA,"2019"
NA,NA,NA,NA,NA,NA,NA,"2019"
NA,NA,NA,NA,NA,NA,NA,"2019"
NA,NA,NA,NA,NA,NA,NA,"2019"
NA,NA,NA,NA,NA,NA,NA,"2019"
NA,NA,NA,NA,NA,NA,NA,"2019"
NA,NA,NA,NA,NA,NA,NA,"2019"
NA,NA,NA,NA,NA,NA,NA,"2019"
NA,NA,NA,NA,NA,NA,NA,"2019"
NA,NA,NA,NA,NA,NA,NA,"2019"
NA,NA,NA,NA,NA,NA,NA,"2019"
NA,NA,NA,NA,NA,NA,NA,"2019"
NA,NA,NA,NA,NA,NA,NA,"2019"
NA,NA,NA,NA,NA,NA,NA,"2019"
NA,NA,NA,NA,NA,NA,NA,"2019"
NA,NA,NA,NA,NA,NA,NA,"2019"
NA,NA,NA,NA,NA,NA,NA,"2019"
NA,NA,NA,NA,NA,NA,NA,"2019"
NA,NA,NA,NA,NA,NA,NA,"2019"
NA,NA,NA,NA,NA,NA,NA,"2019"
NA,NA,NA,NA,NA,NA,NA,"2019"
NA,NA,NA,NA,NA,NA,NA,"2019"
NA,NA,NA,NA,NA,NA,NA,"2019"
NA,NA,NA,NA,NA,NA,NA,"2019"
NA,NA,NA,NA,NA,NA,NA,"2019"
NA,NA,NA,NA,NA,NA,NA,"2019"
NA,NA,NA,NA,NA,NA,NA,"2019"
NA,NA,NA,NA,NA,NA,NA,"2019"
NA,NA,NA,NA,NA,NA,NA,"2019"
NA,NA,NA,NA,NA,NA,NA,"2019"
NA,NA,NA,NA,NA,NA,NA,"2019"
NA,NA,NA,NA,NA,NA,NA,"2019"
NA,NA,NA,NA,NA,NA,NA,"2019"
NA,NA,NA,NA,NA,NA,NA,"2019"
NA,NA,NA,NA,NA,NA,NA,"2019"
NA,NA,NA,NA,NA,NA,NA,"2019"
NA,NA,NA,NA,NA,NA,NA,"2019"
NA,NA,NA,NA,NA,NA,NA,"2019"
NA,NA,NA,NA,NA,NA,NA,"2019"
NA,NA,NA,NA,NA,NA,NA,"2019"
NA,NA,NA,NA,NA,NA,NA,"2019"
NA,NA,NA,NA,NA,NA,NA,"2019"
NA,NA,NA,NA,NA,NA,NA,"2019"
NA,NA,NA,NA,NA,NA,NA,"2019"
NA,NA,NA,NA,NA,NA,NA,"2019"
NA,NA,NA,NA,NA,NA,NA,"2019"
NA,NA,NA,NA,NA,NA,NA,"2019"
NA,NA,NA,NA,NA,NA,NA,"2019"
NA,NA,NA,NA,NA,NA,NA,"2019"
NA,NA,NA,NA,NA,NA,NA,"2019"
NA,NA,NA,NA,NA,NA,NA,"2019"
NA,NA,NA,NA,NA,NA,NA,"2019"
NA,NA,NA,NA,NA,NA,NA,"2019"
NA,NA,NA,NA,NA,NA,NA,"2019"
NA,NA,NA,NA,NA,NA,NA,"2019"
NA,NA,NA,NA,NA,NA,NA,"2019"
NA,NA,NA,NA,NA,NA,NA,"2019"
NA,NA,NA,NA,NA,NA,NA,"2019"
NA,NA,NA,NA,NA,NA,NA,"2019"
NA,NA,NA,NA,NA,NA,NA,"2019"
NA,NA,NA,NA,NA,NA,NA,"2019"
NA,NA,NA,NA,NA,NA,NA,"2019"
NA,NA,NA,NA,NA,NA,NA,"2019"
NA,NA,NA,NA,NA,NA,NA,"2019"
NA,NA,NA,NA,NA,NA,NA,"2019"
NA,NA,NA,NA,NA,NA,NA,"2019"
NA,NA,NA,NA,NA,NA,NA,"2019"
NA,NA,NA,NA,NA,NA,NA,"2019"
NA,NA,NA,NA,NA,NA,NA,"2019"
NA,NA,NA,NA,NA,NA,NA,"2019"
NA,NA,NA,NA,NA,NA,NA,"2019"
NA,NA,NA,NA,NA,NA,NA,"2019"
NA,NA,NA,NA,NA,NA,NA,"2019"
NA,NA,NA,NA,NA,NA,NA,"2019"
NA,NA,NA,NA,NA,NA,NA,"2019"
NA,NA,NA,NA,NA,NA,NA,"2019"
NA,NA,NA,NA,NA,NA,NA,"2019"
NA,NA,NA,NA,NA,NA,NA,"2019"
NA,NA,NA,NA,NA,NA,NA,"2019"
NA,NA,NA,NA,NA,NA,NA,"2019"
NA,NA,NA,NA,NA,NA,NA,"2019"
NA,NA,NA,NA,NA,NA,NA,"2019"
NA,NA,NA,NA,NA,NA,NA,"2019"
NA,NA,NA,NA,NA,NA,NA,"2019"
NA,NA,NA,NA,NA,NA,NA,"2019"
NA,NA,NA,NA,NA,NA,NA,"2019"
NA,NA,NA,NA,NA,NA,NA,"2019"
NA,NA,NA,NA,NA,NA,NA,"2019"
NA,NA,NA,NA,NA,NA,NA,"2019"
NA,NA,NA,NA,NA,NA,NA,"2019"
NA,NA,NA,NA,NA,NA,NA,"2019"
NA,NA,NA,NA,NA,NA,NA,"2019"
NA,NA,NA,NA,NA,NA,NA,"2019"
NA,NA,NA,NA,NA,NA,NA,"2019"
NA,NA,NA,NA,NA,NA,NA,"2019"
NA,NA,NA,NA,NA,NA,NA,"2019"
NA,NA,NA,NA,NA,NA,NA,"2019"
NA,NA,NA,NA,NA,NA,NA,"2019"
NA,NA,NA,NA,NA,NA,NA,"2019"
NA,NA,NA,NA,NA,NA,NA,"2019"
NA,NA,NA,NA,NA,NA,NA,"2019"
NA,NA,NA,NA,NA,NA,NA,"2019"
NA,NA,NA,NA,NA,NA,NA,"2019"
NA,NA,NA,NA,NA,NA,NA,"2019"
NA,NA,NA,NA,NA,NA,NA,"2019"
NA,NA,NA,NA,NA,NA,NA,"2019"
NA,NA,NA,NA,NA,NA,NA,"2019"
NA,NA,NA,NA,NA,NA,NA,"2019"
NA,NA,NA,NA,NA,NA,NA,"2019"
NA,NA,NA,NA,NA,NA,NA,"2019"
NA,NA,NA,NA,NA,NA,NA,"2019"
NA,NA,NA,NA,NA,NA,NA,"2019"
NA,NA,NA,NA,NA,NA,NA,"2019"
NA,NA,NA,NA,NA,NA,NA,"2019"
NA,NA,NA,NA,NA,NA,NA,"2019"
NA,NA,NA,NA,NA,NA,NA,"2019"
NA,NA,NA,NA,NA,NA,NA,"2019"
NA,NA,NA,NA,NA,NA,NA,"2019"
NA,NA,NA,NA,NA,NA,NA,"2019"
NA,NA,NA,NA,NA,NA,NA,"2019"
NA,NA,NA,NA,NA,NA,NA,"2019"
NA,NA,NA,NA,NA,NA,NA,"2019"
NA,NA,NA,NA,NA,NA,NA,"2019"
NA,NA,NA,NA,NA,NA,NA,"2019"
NA,NA,NA,NA,NA,NA,NA,"2019"
NA,NA,NA,NA,NA,NA,NA,"2019"
NA,NA,NA,NA,NA,NA,NA,"2019"
NA,NA,NA,NA,NA,NA,NA,"2019"
NA,NA,NA,NA,NA,NA,NA,"2019"
NA,NA,NA,NA,NA,NA,NA,"2019"
NA,NA,NA,NA,NA,NA,NA,"2019"
NA,NA,NA,NA,NA,NA,NA,"2019"
NA,NA,NA,NA,NA,NA,NA,"2019"
NA,NA,NA,NA,NA,NA,NA,"2019"
NA,NA,NA,NA,NA,NA,NA,"2019"
NA,NA,NA,NA,NA,NA,NA,"2019"
NA,NA,NA,NA,NA,NA,NA,"2019"
NA,NA,NA,NA,NA,NA,NA,"2019"
NA,NA,NA,NA,NA,NA,NA,"2019"
NA,NA,NA,NA,NA,NA,NA,"2019"
NA,NA,NA,NA,NA,NA,NA,"2019"
NA,NA,NA,NA,NA,NA,NA,"2019"
NA,NA,NA,NA,NA,NA,NA,"2019"
NA,NA,NA,NA,NA,NA,NA,"2019"
NA,NA,NA,NA,NA,NA,NA,"2019"
NA,NA,NA,NA,NA,NA,NA,"2019"
NA,NA,NA,NA,NA,NA,NA,"2019"
NA,NA,NA,NA,NA,NA,NA,"2019"
NA,NA,NA,NA,NA,NA,NA,"2019"
NA,NA,NA,NA,NA,NA,NA,"2019"
NA,NA,NA,NA,NA,NA,NA,"2019"
NA,NA,NA,NA,NA,NA,NA,"2019"
NA,NA,NA,NA,NA,NA,NA,"2019"
NA,NA,NA,NA,NA,NA,NA,"2019"
NA,NA,NA,NA,NA,NA,NA,"2019"
NA,NA,NA,NA,NA,NA,NA,"2019"
NA,NA,NA,NA,NA,NA,NA,"2019"
NA,NA,NA,NA,NA,NA,NA,"2019"
NA,NA,NA,NA,NA,NA,NA,"2019"
NA,NA,NA,NA,NA,NA,NA,"2019"
NA,NA,NA,NA,NA,NA,NA,"2019"
NA,NA,NA,NA,NA,NA,NA,"2019"
NA,NA,NA,NA,NA,NA,NA,"2019"
NA,NA,NA,NA,NA,NA,NA,"2019"
NA,NA,NA,NA,NA,NA,NA,"2019"
NA,NA,NA,NA,NA,NA,NA,"2019"
NA,NA,NA,NA,NA,NA,NA,"2019"
NA,NA,NA,NA,NA,NA,NA,"2019"
NA,NA,NA,NA,NA,NA,NA,"2019"
NA,NA,NA,NA,NA,NA,NA,"2019"
NA,NA,NA,NA,NA,NA,NA,"2019"
NA,NA,NA,NA,NA,NA,NA,"2019"
NA,NA,NA,NA,NA,NA,NA,"2019"
NA,NA,NA,NA,NA,NA,NA,"2019"
NA,NA,NA,NA,NA,NA,NA,"2019"
NA,NA,NA,NA,NA,NA,NA,"2019"
NA,NA,NA,NA,NA,NA,NA,"2019"
NA,NA,NA,NA,NA,NA,NA,"2019"
NA,NA,NA,NA,NA,NA,NA,"2019"
NA,NA,NA,NA,NA,NA,NA,"2019"
NA,NA,NA,NA,NA,NA,NA,"2019"
NA,NA,NA,NA,NA,NA,NA,"2019"
NA,NA,NA,NA,NA,NA,NA,"2019"
NA,NA,NA,NA,NA,NA,NA,"2019"
NA,NA,NA,NA,NA,NA,NA,"2019"
NA,NA,NA,NA,NA,NA,NA,"2019"
NA,NA,NA,NA,NA,NA,NA,"2019"
NA,NA,NA,NA,NA,NA,NA,"2019"
NA,NA,NA,NA,NA,NA,NA,"2019"
NA,NA,NA,NA,NA,NA,NA,"2019"
NA,NA,NA,NA,NA,NA,NA,"2019"
NA,NA,NA,NA,NA,NA,NA,"2019"
NA,NA,NA,NA,NA,NA,NA,"2019"
NA,NA,NA,NA,NA,NA,NA,"2019"
NA,NA,NA,NA,NA,NA,NA,"2019"
NA,NA,NA,NA,NA,NA,NA,"2019"
NA,NA,NA,NA,NA,NA,NA,"2019"
NA,NA,NA,NA,NA,NA,NA,"2019"
NA,NA,NA,NA,NA,NA,NA,"2019"
NA,NA,NA,NA,NA,NA,NA,"2019"
NA,NA,NA,NA,NA,NA,NA,"2019"
NA,NA,NA,NA,NA,NA,NA,"2019"
NA,NA,NA,NA,NA,NA,NA,"2019"
NA,NA,NA,NA,NA,NA,NA,"2019"
NA,NA,NA,NA,NA,NA,NA,"2019"
NA,NA,NA,NA,NA,NA,NA,"2019"
NA,NA,NA,NA,NA,NA,NA,"2019"
NA,NA,NA,NA,NA,NA,NA,"2019"
NA,NA,NA,NA,NA,NA,NA,"2019"
NA,NA,NA,NA,NA,NA,NA,"2019"
NA,NA,NA,NA,NA,NA,NA,"2019"
NA,NA,NA,NA,NA,NA,NA,"2019"
NA,NA,NA,NA,NA,NA,NA,"2019"
NA,NA,NA,NA,NA,NA,NA,"2019"
NA,NA,NA,NA,NA,NA,NA,"2019"
NA,NA,NA,NA,NA,NA,NA,"2019"
NA,NA,NA,NA,NA,NA,NA,"2019"
NA,NA,NA,NA,NA,NA,NA,"2019"
NA,NA,NA,NA,NA,NA,NA,"2019"
NA,NA,NA,NA,NA,NA,NA,"2019"
NA,NA,NA,NA,NA,NA,NA,"2019"
NA,NA,NA,NA,NA,NA,NA,"2019"
NA,NA,NA,NA,NA,NA,NA,"2019"
NA,NA,NA,NA,NA,NA,NA,"2019"
NA,NA,NA,NA,NA,NA,NA,"2019"
NA,NA,NA,NA,NA,NA,NA,"2019"
NA,NA,NA,NA,NA,NA,NA,"2019"
NA,NA,NA,NA,NA,NA,NA,"2019"
NA,NA,NA,NA,NA,NA,NA,"2019"
NA,NA,NA,NA,NA,NA,NA,"2019"
NA,NA,NA,NA,NA,NA,NA,"2019"
NA,NA,NA,NA,NA,NA,NA,"2019"
NA,NA,NA,NA,NA,NA,NA,"2019"
NA,NA,NA,NA,NA,NA,NA,"2019"
NA,NA,NA,NA,NA,NA,NA,"2019"
NA,NA,NA,NA,NA,NA,NA,"2019"
NA,NA,NA,NA,NA,NA,NA,"2019"
NA,NA,NA,NA,NA,NA,NA,"2019"
NA,NA,NA,NA,NA,NA,NA,"2019"
NA,NA,NA,NA,NA,NA,NA,"2019"
NA,NA,NA,NA,NA,NA,NA,"2019"
NA,NA,NA,NA,NA,NA,NA,"2019"
NA,NA,NA,NA,NA,NA,NA,"2019"
NA,NA,NA,NA,NA,NA,NA,"2019"
NA,NA,NA,NA,NA,NA,NA,"2019"
NA,NA,NA,NA,NA,NA,NA,"2019"
NA,NA,NA,NA,NA,NA,NA,"2019"
NA,NA,NA,NA,NA,NA,NA,"2019"
NA,NA,NA,NA,NA,NA,NA,"2019"
NA,NA,NA,NA,NA,NA,NA,"2019"
NA,NA,NA,NA,NA,NA,NA,"2019"
NA,NA,NA,NA,NA,NA,NA,"2019"
NA,NA,NA,NA,NA,NA,NA,"2019"
NA,NA,NA,NA,NA,NA,NA,"2019"
NA,NA,NA,NA,NA,NA,NA,"2019"
NA,NA,NA,NA,NA,NA,NA,"2019"
NA,NA,NA,NA,NA,NA,NA,"2019"
NA,NA,NA,NA,NA,NA,NA,"2019"
NA,NA,NA,NA,NA,NA,NA,"2019"
