"#","Organization","Ward","Service Area","# of Grants","Total Allocations","AEHR","CR","CSI","CFSE","CSP","CBIP","StrArts","HER","HIF","INI","LASO","MCO","MUS","SDIP","SNP","TAC","OTHER","year"
1,"4 Reasonz","30","Local","1",10000,NA,NA,NA,NA,NA,NA,NA,NA,NA,NA,NA,NA,NA,NA,NA,10000,NA,"2013"
2,"20K Collective","30","City-wide","1",10000,NA,NA,NA,NA,NA,NA,NA,NA,NA,NA,NA,NA,NA,NA,NA,10000,NA,"2013"
3,"106 & York Urban Arts Festival","8","Local","1",10000,NA,NA,NA,NA,NA,NA,NA,NA,NA,NA,NA,NA,NA,NA,NA,10000,NA,"2013"
4,"519 Church Street Community Centre","27","City-wide","2",84985,30000,NA,NA,NA,54985,NA,NA,NA,NA,NA,NA,NA,NA,NA,NA,NA,NA,"2013"
5,"1652 Keele Street Community Alliance","12","Area Services","1",22840,NA,NA,NA,NA,NA,NA,NA,NA,NA,NA,NA,NA,NA,23090,NA,NA,NA,"2013"
6,"A Space Gallery","20","City-wide","1",62000,NA,NA,NA,NA,NA,NA,NA,NA,NA,NA,NA,NA,NA,NA,NA,62000,NA,"2013"
7,"Abilities Arts Festival","20","City-wide","1",8000,NA,NA,NA,NA,NA,NA,NA,NA,NA,NA,NA,NA,NA,NA,NA,8000,NA,"2013"
8,"Abrigo Centre","17","City-wide","1",94950,NA,NA,NA,NA,98750,NA,NA,NA,NA,NA,NA,NA,NA,NA,NA,NA,NA,"2013"
9,"Academy Concert Series","16","City-wide","1",1000,NA,NA,NA,NA,NA,NA,NA,NA,NA,NA,NA,NA,NA,NA,NA,1000,NA,"2013"
10,"Access Alliance Multicultural Health And Community Services","20","City-wide","2",79970,25000,NA,NA,NA,54970,NA,NA,NA,NA,NA,NA,NA,NA,NA,NA,NA,NA,"2013"
11,"Acting Up Stage Theatre Company","20","City-wide","1",15000,NA,NA,NA,NA,NA,NA,NA,NA,NA,NA,NA,NA,NA,NA,NA,15000,NA,"2013"
12,"adelheid dance projects","17","City-wide","1",7000,NA,NA,NA,NA,NA,NA,NA,NA,NA,NA,NA,NA,NA,NA,NA,7000,NA,"2013"
13,"Afghan Women's Counselling and Integration Community Support Organization","26","City-wide","1",70140,NA,NA,NA,NA,70140,NA,NA,NA,NA,NA,NA,NA,NA,NA,NA,NA,NA,"2013"
14,"African Canadian Heritage Association","35","City-wide","1",10000,NA,NA,NA,NA,NA,NA,NA,NA,NA,NA,NA,NA,NA,NA,NA,10000,NA,"2013"
15,"African Canadian Social Development Council","28","City-wide","2",58115,NA,NA,25000,NA,33115,NA,NA,NA,NA,NA,NA,NA,NA,NA,NA,NA,NA,"2013"
16,"African Women Acting","28","City-wide","1",10000,NA,NA,NA,NA,NA,NA,NA,NA,NA,NA,NA,NA,NA,NA,NA,10000,NA,"2013"
17,"Africans in Partnership Against AIDS","27","City-wide","1",96720,NA,NA,NA,NA,96720,NA,NA,NA,NA,NA,NA,NA,NA,NA,NA,NA,NA,"2013"
18,"Afrihili Cultural Association of Ontario","8","City-wide","1",3500,NA,NA,NA,NA,NA,NA,NA,NA,NA,NA,NA,NA,NA,NA,NA,3500,NA,"2013"
19,"Against the Grain Theatre","19","City-wide","1",7000,NA,NA,NA,NA,NA,NA,NA,NA,NA,NA,NA,NA,NA,NA,NA,7000,NA,"2013"
20,"Agincourt Community Services Association","41","Area services","3",222455,35000,NA,50000,NA,137455,NA,NA,NA,NA,NA,NA,NA,NA,NA,NA,NA,NA,"2013"
21,"AIDS Committee Of Toronto","27","City-wide","1",64695,NA,NA,NA,NA,64695,NA,NA,NA,NA,NA,NA,NA,NA,NA,NA,NA,NA,"2013"
22,"Alameda Theatre Company","17","City-wide","1",15000,NA,NA,NA,NA,NA,NA,NA,NA,NA,NA,NA,NA,NA,NA,NA,15000,NA,"2013"
23,"Albion Gardens Community Tennis Club","1","Local","1",40000,NA,NA,NA,NA,NA,NA,NA,NA,NA,NA,NA,NA,NA,NA,NA,NA,NA,"2013"
24,"Albion Neighbourhood Services","1","Area services","3",379728,NA,40000,NA,NA,108030,NA,NA,NA,231698,NA,NA,NA,NA,NA,NA,NA,NA,"2013"
25,"Alliance Francaise de Toronto","20","City-wide","1",6450,NA,NA,NA,NA,NA,NA,NA,NA,NA,NA,NA,NA,NA,NA,NA,6450,NA,"2013"
26,"Aluna Theatre","17","City-wide","1",45000,NA,NA,NA,NA,NA,NA,NA,NA,NA,NA,NA,NA,NA,NA,NA,45000,NA,"2013"
27,"Amadeus Choir of Greater Toronto","44","City-wide","1",25375,NA,NA,NA,NA,NA,NA,NA,NA,NA,NA,NA,NA,NA,NA,NA,25375,NA,"2013"
28,"Amadeusz","1","City-wide","1",25000,25000,NA,NA,NA,NA,NA,NA,NA,NA,NA,NA,NA,NA,NA,NA,NA,NA,"2013"
29,"Amazing Cat Performances","10","Local","1",8000,NA,NA,NA,NA,NA,NA,NA,NA,NA,NA,NA,NA,NA,NA,NA,8000,NA,"2013"
30,"Amici Chamber Ensemble","30","City-wide","1",18000,NA,NA,NA,NA,NA,NA,NA,NA,NA,NA,NA,NA,NA,NA,NA,18000,NA,"2013"
31,"AMY Project","28","City-wide","1",15000,NA,NA,NA,NA,NA,NA,NA,NA,NA,NA,NA,NA,NA,NA,NA,15000,NA,"2013"
32,"Anandam Dancetheatre Productions","18","City-wide","1",7000,NA,NA,NA,NA,NA,NA,NA,NA,NA,NA,NA,NA,NA,NA,NA,7000,NA,"2013"
33,"Angel Foundation for Learning","23","City-wide","1",1124463,NA,NA,NA,NA,NA,NA,NA,NA,NA,NA,NA,NA,NA,NA,1124463,NA,NA,"2013"
34,"Aphasia Institute","25","City-wide","1",20980,NA,NA,NA,NA,20980,NA,NA,NA,NA,NA,NA,NA,NA,NA,NA,NA,NA,"2013"
35,"Arab Community Centre of Toronto, The","3","City-wide","1",37130,NA,NA,NA,NA,37130,NA,NA,NA,NA,NA,NA,NA,NA,NA,NA,NA,NA,"2013"
36,"Arabesque Dance Company","27","City-wide","1",9000,NA,NA,NA,NA,NA,NA,NA,NA,NA,NA,NA,NA,NA,NA,NA,9000,NA,"2013"
37,"Aradia Ensemble","21","City-wide","1",10000,NA,NA,NA,NA,NA,NA,NA,NA,NA,NA,NA,NA,NA,NA,NA,10000,NA,"2013"
38,"ARCH Disability Law Centre","28","City-wide","1",29705,NA,NA,NA,NA,29705,NA,NA,NA,NA,NA,NA,NA,NA,NA,NA,NA,NA,"2013"
39,"Archie Alleyne Scholarship Fund","32","City-wide","1",4500,NA,NA,NA,NA,NA,NA,NA,NA,NA,NA,NA,NA,NA,NA,NA,4500,NA,"2013"
40,"Architect Theatre","18","City-wide","1",7000,NA,NA,NA,NA,NA,NA,NA,NA,NA,NA,NA,NA,NA,NA,NA,7000,NA,"2013"
41,"Armenian Community Centre","33","City-wide","1",10000,NA,NA,NA,NA,NA,10000,NA,NA,NA,NA,NA,NA,NA,NA,NA,NA,NA,"2013"
42,"Armenian Relief Society Inc. -""Roubina"" Chapter","33","City-wide","1",20980,NA,NA,NA,NA,20980,NA,NA,NA,NA,NA,NA,NA,NA,NA,NA,NA,NA,"2013"
43,"Arraymusic","19","City-wide","2",83090,NA,NA,NA,NA,NA,45000,NA,NA,NA,NA,NA,NA,NA,NA,NA,38090,NA,"2013"
44,"Ars Mechanica","20","Local","1",2500,NA,NA,NA,NA,NA,NA,NA,NA,NA,NA,NA,NA,NA,NA,NA,2500,NA,"2013"
45,"Art Bar Poetry Series","21","City-wide","1",7000,NA,NA,NA,NA,NA,NA,NA,NA,NA,NA,NA,NA,NA,NA,NA,7000,NA,"2013"
46,"Art City in St. James Town","28","Local","1",6400,NA,NA,NA,NA,NA,NA,16000,NA,NA,NA,NA,NA,NA,NA,NA,6400,NA,"2013"
47,"Art for Commuters","19","City-wide","1",2000,NA,NA,NA,NA,NA,NA,NA,NA,NA,NA,NA,NA,NA,NA,NA,2000,NA,"2013"
48,"Art Gallery of Ontario","20","City-wide","2",575000,NA,NA,NA,NA,NA,NA,NA,NA,NA,NA,NA,575000,NA,NA,NA,NA,NA,"2013"
49,"Art Gallery of York University","8","City-wide","1",55000,NA,NA,NA,NA,NA,NA,NA,NA,NA,NA,NA,NA,NA,NA,NA,55000,NA,"2013"
50,"Art Metropole","18","City-wide","1",38000,NA,NA,NA,NA,NA,NA,NA,NA,NA,NA,NA,NA,NA,NA,NA,38000,NA,"2013"
51,"Art of Time Ensemble","19","City-wide","1",40000,NA,NA,NA,NA,NA,NA,NA,NA,NA,NA,NA,NA,NA,NA,NA,40000,NA,"2013"
52,"Art Starts Neighbourhood Cultural Centre","16","Area services","3",117000,NA,40000,NA,NA,NA,NA,12000,NA,NA,NA,NA,NA,NA,NA,NA,65000,NA,"2013"
53,"ArtData Project","31","City-wide","1",15000,NA,NA,NA,NA,NA,NA,NA,NA,NA,NA,NA,NA,NA,NA,NA,15000,NA,"2013"
54,"Article 11","28","City-wide","1",7000,NA,NA,NA,NA,NA,NA,NA,NA,NA,NA,NA,NA,NA,NA,NA,7000,NA,"2013"
55,"Artists Film Exhibition Group","21","City-wide","1",23000,NA,NA,NA,NA,NA,NA,NA,NA,NA,NA,NA,NA,NA,NA,NA,23000,NA,"2013"
56,"Artists to Artists Foundation","11","City-wide","1",6000,NA,NA,NA,NA,NA,NA,NA,NA,NA,NA,NA,NA,NA,NA,NA,6000,NA,"2013"
57,"Arts Etobicoke","5","City-wide","2",274030,NA,NA,NA,NA,NA,NA,20500,NA,NA,NA,253530,NA,NA,NA,NA,NA,NA,"2013"
58,"Arts4All Creative Society","17","Local","1",12000,NA,NA,NA,NA,NA,NA,NA,NA,NA,NA,NA,NA,NA,NA,NA,12000,NA,"2013"
59,"Arts For Children And Youth","20","Area services","3",67000,NA,NA,NA,NA,NA,NA,30000,NA,NA,NA,NA,NA,NA,NA,NA,37000,NA,"2013"
60,"Arts Inter-Media","27","City-wide","1",31000,NA,NA,NA,NA,NA,NA,NA,NA,NA,NA,NA,NA,NA,NA,NA,31000,NA,"2013"
61,"ArtsVest Toronto - Business for the Arts","28","City-wide","1",5e+05,NA,NA,NA,NA,NA,NA,NA,NA,NA,NA,NA,NA,NA,NA,NA,5e+05,NA,"2013"
62,"Ashkenaz Foundation","20","City-wide","1",50000,NA,NA,NA,NA,NA,NA,NA,NA,NA,NA,NA,NA,NA,NA,NA,50000,NA,"2013"
63,"Asian Arts Freedom School","27","City-wide","1",11000,NA,NA,NA,NA,NA,NA,NA,NA,NA,NA,NA,NA,NA,NA,NA,11000,NA,"2013"
64,"Asbury and West United Church","15","Local","1",35000,NA,NA,NA,NA,NA,NA,NA,35000,NA,NA,NA,NA,NA,NA,NA,NA,NA,"2013"
65,"Assaulted Women's Helpline","20","City-wide","1",55190,NA,NA,NA,NA,55190,NA,NA,NA,NA,NA,NA,NA,NA,NA,NA,NA,NA,"2013"
66,"Association of Artists for A Better World","23","City-wide","1",4000,NA,NA,NA,NA,NA,NA,NA,NA,NA,NA,NA,NA,NA,NA,NA,4000,NA,"2013"
67,"Association of Improvising Musicians Toronto","17","City-wide","1",1000,NA,NA,NA,NA,NA,NA,NA,NA,NA,NA,NA,NA,NA,NA,NA,1000,NA,"2013"
68,"Avenida Magazine","9","City-wide","1",10000,NA,NA,NA,NA,NA,NA,NA,NA,NA,10000,NA,NA,NA,NA,NA,NA,NA,"2013"
69,"AWIC Community and Social Services","33","City-wide","1",75235,NA,NA,NA,NA,75235,NA,NA,NA,NA,NA,NA,NA,NA,NA,NA,NA,NA,"2013"
70,"Axis Music","19","Local","1",12000,NA,NA,NA,NA,NA,NA,NA,NA,NA,NA,NA,NA,NA,NA,NA,12000,NA,"2013"
71,"Azur Rivers","21","City-wide","1",5000,NA,NA,NA,NA,NA,NA,NA,NA,NA,NA,NA,NA,NA,NA,NA,5000,NA,"2013"
72,"b current","21","City-wide","1",35000,NA,NA,NA,NA,NA,NA,NA,NA,NA,NA,NA,NA,NA,NA,NA,35000,NA,"2013"
73,"Bach Children's Chorus of Scarborough","43","City-wide","1",28500,NA,NA,NA,NA,NA,NA,NA,NA,NA,NA,NA,NA,NA,NA,NA,28500,NA,"2013"
74,"Bain Arts Collective","30","Local","1",15000,NA,NA,NA,NA,NA,NA,NA,NA,NA,NA,NA,NA,NA,NA,NA,15000,NA,"2013"
75,"Ballet Creole","19","City-wide","1",23750,NA,NA,NA,NA,NA,NA,NA,NA,NA,NA,NA,NA,NA,NA,NA,23750,NA,"2013"
76,"Ballet Jorgen","20","City-wide","1",90000,NA,NA,NA,NA,NA,NA,NA,NA,NA,NA,NA,NA,NA,NA,NA,90000,NA,"2013"
77,"Baobab  African Arts","20","City-wide","1",8000,NA,NA,NA,NA,NA,NA,NA,NA,NA,NA,NA,NA,NA,NA,NA,8000,NA,"2013"
78,"Barbra Schlifer Commemorative Clinic","19","City-wide","1",48150,NA,NA,NA,NA,48150,NA,NA,NA,NA,NA,NA,NA,NA,NA,NA,NA,NA,"2013"
79,"Bathurst-Finch Network (BFN)","10","Area Service","2",50000,NA,NA,NA,10000,NA,NA,NA,NA,NA,NA,NA,NA,NA,40000,NA,NA,NA,"2013"
80,"Batuki Music Society","20","City-wide","1",6300,NA,NA,NA,NA,NA,NA,NA,NA,NA,NA,NA,NA,NA,NA,NA,6300,NA,"2013"
81,"Bereaved Families of Ontario-Toronto","22","City-wide","1",63280,NA,NA,NA,NA,63280,NA,NA,NA,NA,NA,NA,NA,NA,NA,NA,NA,NA,"2013"
82,"Bernard Betel Centre for Creative Living","10","Area Services","1",115405,NA,NA,NA,NA,115405,NA,NA,NA,NA,NA,NA,NA,NA,NA,NA,NA,NA,"2013"
83,"Better Living Health and Community Services","25","Area Services","1",195920,NA,NA,NA,NA,195920,NA,NA,NA,NA,NA,NA,NA,NA,NA,NA,NA,NA,"2013"
84,"Birchmount Bluffs Neighbourhood Centre","36","Area Services","3",116675,NA,32000,NA,6000,78675,NA,NA,NA,NA,NA,NA,NA,NA,NA,NA,NA,NA,"2013"
85,"Black Hammer Group","19","City-wide","1",3500,NA,NA,NA,NA,NA,NA,NA,NA,NA,NA,NA,NA,NA,NA,NA,3500,NA,"2013"
86,"blackandblue dance projects","27","City-wide","1",8000,NA,NA,NA,NA,NA,NA,NA,NA,NA,NA,NA,NA,NA,NA,NA,8000,NA,"2013"
87,"Blacknesses Between Us","30","City-wide","1",7500,NA,NA,NA,NA,NA,NA,NA,NA,NA,NA,NA,NA,NA,NA,NA,7500,NA,"2013"
88,"Black Women in Motion","15","Local","1",10000,NA,NA,NA,NA,NA,NA,NA,NA,NA,10000,NA,NA,NA,NA,NA,NA,NA,"2013"
89,"Blood Orange Theatre","27","City-wide","1",2000,NA,NA,NA,NA,NA,NA,NA,NA,NA,NA,NA,NA,NA,NA,NA,2000,NA,"2013"
90,"Bloor East Neighbourhood Association","27","Local","1",10000,NA,NA,NA,NA,NA,NA,10000,NA,NA,NA,NA,NA,NA,NA,NA,NA,NA,"2013"
91,"Bloor Information and Life Skills Centre","19","City-wide","1",33005,NA,NA,NA,NA,33005,NA,NA,NA,NA,NA,NA,NA,NA,NA,NA,NA,NA,"2013"
92,"Bloor Ossington Folk Festival","19","Local","1",5000,NA,NA,NA,5000,NA,NA,NA,NA,NA,NA,NA,NA,NA,NA,NA,NA,NA,"2013"
93,"Blossom","4","Local","1",6000,NA,NA,NA,NA,NA,NA,NA,NA,NA,NA,NA,NA,NA,NA,NA,6000,NA,"2013"
94,"Bluemouth Inc. Presents","18","City-wide","1",10000,NA,NA,NA,NA,NA,NA,NA,NA,NA,NA,NA,NA,NA,NA,NA,10000,NA,"2013"
95,"Body Percussion Festival","14","City-wide","1",8000,NA,NA,NA,NA,NA,NA,NA,NA,NA,NA,NA,NA,NA,NA,NA,8000,NA,"2013"
96,"Boost Child Abuse Prevention and Intervention","27","City-wide","1",246160,NA,NA,NA,NA,246160,NA,NA,NA,NA,NA,NA,NA,NA,NA,NA,NA,NA,"2013"
97,"Boot Camp ""Beyond Compare""","34","Area Services","1",10000,NA,NA,NA,NA,NA,NA,NA,NA,NA,10000,NA,NA,NA,NA,NA,NA,NA,"2013"
98,"BoucherDanse","17","City-wide","1",9000,NA,NA,NA,NA,NA,NA,NA,NA,NA,NA,NA,NA,NA,NA,NA,9000,NA,"2013"
99,"Bound to Create","18","City-wide","1",9000,NA,NA,NA,NA,NA,NA,NA,NA,NA,NA,NA,NA,NA,NA,NA,9000,NA,"2013"
100,"Box Collective","20","City-wide","1",3300,NA,NA,NA,NA,NA,NA,NA,NA,NA,NA,NA,NA,NA,NA,NA,3300,NA,"2013"
101,"Braeburn Neighbourhood Place Incorporated","2","Local","1",44860,NA,NA,NA,NA,44860,NA,NA,NA,NA,NA,NA,NA,NA,NA,NA,NA,NA,"2013"
102,"Breaking the Cycle","41","Local","1",10000,NA,NA,NA,NA,NA,NA,NA,NA,NA,NA,NA,NA,NA,NA,NA,10000,NA,"2013"
103,"Broadway from the Block","8","Local","1",7500,NA,NA,NA,NA,NA,NA,NA,NA,NA,NA,NA,NA,NA,NA,NA,7500,NA,"2013"
104,"Buddies In Bad Times Theatre","27","City-wide","1",137000,NA,NA,NA,NA,NA,NA,NA,NA,NA,NA,NA,NA,NA,NA,NA,137000,NA,"2013"
105,"Butcher Gallery","18","City-wide","1",4000,NA,NA,NA,NA,NA,NA,NA,NA,NA,NA,NA,NA,NA,NA,NA,4000,NA,"2013"
106,"Cabaret Theatre Company","27","City-wide","1",13000,NA,NA,NA,NA,NA,NA,NA,NA,NA,NA,NA,NA,NA,NA,NA,13000,NA,"2013"
107,"Cabbagetown Community Arts Centre","28","Local","1",18500,NA,NA,NA,NA,NA,NA,NA,NA,NA,NA,NA,NA,NA,NA,NA,18500,NA,"2013"
108,"Cabbagetown Youth Centre","28","Local","1",35000,NA,NA,NA,NA,35000,NA,NA,NA,NA,NA,NA,NA,NA,NA,NA,NA,NA,"2013"
109,"Cahoots Theatre Projects","28","City-wide","1",40000,NA,NA,NA,NA,NA,NA,NA,NA,NA,NA,NA,NA,NA,NA,NA,40000,NA,"2013"
110,"Call-A-Service Inc.","31","Area Services","1",92060,NA,NA,NA,NA,92060,NA,NA,NA,NA,NA,NA,NA,NA,NA,NA,NA,NA,"2013"
111,"Canada Clown","17","City-wide","1",8000,NA,NA,NA,NA,NA,NA,NA,NA,NA,NA,NA,NA,NA,NA,NA,8000,NA,"2013"
112,"Canada's National Ballet School","27","City-wide","1",149000,NA,NA,NA,NA,NA,NA,NA,NA,NA,NA,NA,149000,NA,NA,NA,NA,NA,"2013"
113,"Canadian Alliance of Dance Artists","28","City-wide","1",13250,NA,NA,NA,NA,NA,NA,NA,NA,NA,NA,NA,NA,NA,NA,NA,13250,NA,"2013"
114,"Canadian Centre for Victims of Torture","27","City-wide","1",24840,NA,NA,NA,NA,24840,NA,NA,NA,NA,NA,NA,NA,NA,NA,NA,NA,NA,"2013"
115,"Canadian Children's Opera Company","28","City-wide","1",30500,NA,NA,NA,NA,NA,NA,NA,NA,NA,NA,NA,NA,NA,NA,NA,30500,NA,"2013"
116,"Canadian Contemporary Dance Theatre","20","City-wide","1",45000,NA,NA,NA,NA,NA,NA,NA,NA,NA,NA,NA,NA,NA,NA,NA,45000,NA,"2013"
117,"Canadian Film in the Schools","19","City-wide","1",4000,NA,NA,NA,NA,NA,NA,NA,NA,NA,NA,NA,NA,NA,NA,NA,4000,NA,"2013"
118,"Canadian Filmmakers Distribution Centre","20","City-wide","1",48000,NA,NA,NA,NA,NA,NA,NA,NA,NA,NA,NA,NA,NA,NA,NA,48000,NA,"2013"
119,"Canadian Gay and Lesbian Archives","27","City-wide","1",3500,NA,NA,NA,NA,NA,NA,NA,NA,NA,NA,NA,NA,NA,NA,NA,3500,NA,"2013"
120,"Canadian Rep Theatre","13","City-wide","1",9000,NA,NA,NA,NA,NA,NA,NA,NA,NA,NA,NA,NA,NA,NA,NA,9000,NA,"2013"
121,"Canadian Hearing Society, The","22","City-wide","1",16345,NA,NA,NA,NA,16345,NA,NA,NA,NA,NA,NA,NA,NA,NA,NA,NA,NA,"2013"
122,"Canadian Mental Health Association, The","15","City-wide","1",16565,NA,NA,NA,NA,16565,NA,NA,NA,NA,NA,NA,NA,NA,NA,NA,NA,NA,"2013"
123,"Canadian Music Centre","27","City-wide","1",70000,NA,NA,NA,NA,NA,NA,NA,NA,NA,NA,NA,NA,NA,NA,NA,70000,NA,"2013"
124,"Canadian Opera Company","28","City-wide","1",1410000,NA,NA,NA,NA,NA,NA,NA,NA,NA,NA,NA,1410000,NA,NA,NA,NA,NA,"2013"
125,"Canadian Red Cross, Toronto Region","18","City-wide","1",26405,NA,NA,NA,NA,26405,NA,NA,NA,NA,NA,NA,NA,NA,NA,NA,NA,NA,"2013"
126,"Canadian Roots Exchange","20","City-wide","1",10000,NA,NA,NA,NA,NA,NA,NA,NA,NA,NA,NA,NA,NA,NA,NA,10000,NA,"2013"
127,"Canadian Stage Company","28","City-wide","1",820000,NA,NA,NA,NA,NA,NA,NA,NA,NA,NA,NA,NA,NA,NA,NA,820000,NA,"2013"
128,"Canadian Tamil Youth Development Centre","38","City-wide","2",123190,NA,5200,NA,NA,117990,NA,NA,NA,NA,NA,NA,NA,NA,NA,NA,NA,NA,"2013"
129,"CanAsian Dance Festival","20","City-wide","1",18000,NA,NA,NA,NA,NA,NA,NA,NA,NA,NA,NA,NA,NA,NA,NA,18000,NA,"2013"
130,"CANES Community Centre","2","Area Services","1",62245,NA,NA,NA,NA,62245,NA,NA,NA,NA,NA,NA,NA,NA,NA,NA,NA,NA,"2013"
131,"CANORAA Inc.","27","City-wide","1",10000,NA,NA,NA,NA,NA,NA,NA,NA,NA,NA,NA,NA,NA,NA,NA,10000,NA,"2013"
132,"CANSCAIP","19","City-wide","1",8000,NA,NA,NA,NA,NA,NA,NA,NA,NA,NA,NA,NA,NA,NA,NA,8000,NA,"2013"
133,"Canzine Arts Festival","18","City-wide","1",5000,NA,NA,NA,NA,NA,NA,NA,NA,NA,NA,NA,NA,NA,NA,NA,5000,NA,"2013"
134,"Cardinal/Kantor","18","City-wide","1",10000,NA,NA,NA,NA,NA,NA,NA,NA,NA,NA,NA,NA,NA,NA,NA,10000,NA,"2013"
135,"Carefirst Seniors and Community Services Association","39","City-wide","1",87160,NA,NA,NA,NA,87160,NA,NA,NA,NA,NA,NA,NA,NA,NA,NA,NA,NA,"2013"
136,"CARFAC Ontario","20","City-wide","1",20000,NA,NA,NA,NA,NA,NA,NA,NA,NA,NA,NA,NA,NA,NA,NA,20000,NA,"2013"
137,"Caribbean Chorale of Toronto","42","City-wide","1",9000,NA,NA,NA,NA,NA,NA,NA,NA,NA,NA,NA,NA,NA,NA,NA,9000,NA,"2013"
138,"Carlos Bulosan Theatre","20","City-wide","1",6000,NA,NA,NA,NA,NA,NA,NA,NA,NA,NA,NA,NA,NA,NA,NA,6000,NA,"2013"
139,"Cast Management","14","Local","1",30000,NA,NA,NA,NA,NA,NA,NA,30000,NA,NA,NA,NA,NA,NA,NA,NA,NA,"2013"
140,"Cathedral Bluffs Symphony Orchestra","42","Local","1",15000,NA,NA,NA,NA,NA,NA,NA,NA,NA,NA,NA,NA,NA,NA,NA,15000,NA,"2013"
141,"Catholic Crosscultural Services","38","Area Services","1",24775,NA,NA,NA,NA,24775,NA,NA,NA,NA,NA,NA,NA,NA,NA,NA,NA,NA,"2013"
142,"Cecil Community Centre","20","Area  services","1",4760,NA,NA,NA,NA,4760,NA,NA,NA,NA,NA,NA,NA,NA,NA,NA,NA,NA,"2013"
143,"Cedar Ridge Studio Gallery","43","City-wide","1",5500,NA,NA,NA,NA,NA,NA,NA,NA,NA,NA,NA,NA,NA,NA,NA,5500,NA,"2013"
144,"Central Eglinton Community Centre","22","Area Services","1",25565,NA,NA,NA,NA,25565,NA,NA,NA,NA,NA,NA,NA,NA,NA,NA,NA,NA,"2013"
145,"Central Neighbourhood House Association","28","Area services","2",162304,NA,NA,NA,NA,103640,NA,NA,NA,58664,NA,NA,NA,NA,NA,NA,NA,NA,"2013"
146,"Central Toronto Youth Services","27","City-wide","1",15000,NA,NA,NA,NA,NA,NA,NA,NA,NA,NA,NA,NA,NA,NA,NA,15000,NA,"2013"
147,"Centre for Aboriginal Media","20","City-wide","1",55000,NA,NA,NA,NA,NA,NA,NA,NA,NA,NA,NA,NA,NA,NA,NA,55000,NA,"2013"
148,"Centre for Community Learning and Development","28","City-wide","2",72545,NA,NA,30000,NA,42545,NA,NA,NA,NA,NA,NA,NA,NA,NA,NA,NA,NA,"2013"
149,"Centre for Equality Rights in Accommodation","20","City-wide","1",85709,NA,NA,NA,NA,NA,NA,NA,NA,85709,NA,NA,NA,NA,NA,NA,NA,NA,"2013"
150,"Centre for Independent Living in Toronto (C.I.L.T.)","27","City-wide","3",92090,30000,NA,40000,NA,22090,NA,NA,NA,NA,NA,NA,NA,NA,NA,NA,NA,NA,"2013"
151,"Centre for Indigenous Theatre","20","City-wide","2",44000,NA,NA,NA,NA,NA,10000,NA,NA,NA,NA,NA,NA,NA,NA,NA,34000,NA,"2013"
152,"Centre for Information and Community Services of Ontario","41","Area Services","1",110625,NA,NA,NA,NA,110625,NA,NA,NA,NA,NA,NA,NA,NA,NA,NA,NA,NA,"2013"
153,"Centre For Spanish Speaking Peoples (The)","9","City-wide","2",78250,20000,NA,NA,NA,58250,NA,NA,NA,NA,NA,NA,NA,NA,NA,NA,NA,NA,"2013"
154,"Charles Street Video","19","City-wide","1",54500,NA,NA,NA,NA,NA,NA,NA,NA,NA,NA,NA,NA,NA,NA,NA,54500,NA,"2013"
155,"Children's Aid Society of Toronto","30","City-wide","1",59655,NA,NA,NA,NA,NA,NA,NA,NA,59655,NA,NA,NA,NA,NA,NA,NA,NA,"2013"
156,"Children's Peace Theatre","31","Area services","3",56000,30000,NA,NA,8000,NA,NA,NA,NA,NA,NA,NA,NA,NA,NA,NA,18000,NA,"2013"
157,"Chimera Project","20","City-wide","1",10000,NA,NA,NA,NA,NA,NA,NA,NA,NA,NA,NA,NA,NA,NA,NA,10000,NA,"2013"
158,"Chinese Artists Society of Toronto","39","City-wide","1",13000,NA,NA,NA,NA,NA,NA,NA,NA,NA,NA,NA,NA,NA,NA,NA,13000,NA,"2013"
159,"Chinese Canadian National Council Toronto Chapter","20","City-wide","2",90115,37000,NA,NA,NA,53115,NA,NA,NA,NA,NA,NA,NA,NA,NA,NA,NA,NA,"2013"
160,"Chinese Family Services of Ontario","41","City-wide","1",35325,NA,NA,NA,NA,35325,NA,NA,NA,NA,NA,NA,NA,NA,NA,NA,NA,NA,"2013"
161,"Chinese National Musician Xu Ruhui Foundation","14","City-wide","1",5000,NA,NA,NA,NA,NA,NA,NA,NA,NA,NA,NA,NA,NA,NA,NA,5000,NA,"2013"
162,"Chinese Opera Group of Toronto","24","City-wide","1",6250,NA,NA,NA,NA,NA,NA,NA,NA,NA,NA,NA,NA,NA,NA,NA,10000,NA,"2013"
163,"Chocolate Women's Collective","22","City-wide","1",5000,NA,NA,NA,NA,NA,NA,NA,NA,NA,NA,NA,NA,NA,NA,NA,5000,NA,"2013"
164,"Choirs Ontario","22","City-wide","1",4000,NA,NA,NA,NA,NA,NA,NA,NA,NA,NA,NA,NA,NA,NA,NA,4000,NA,"2013"
165,"Christie Ossington Neighbourhood Centre","19","City-wide","1",64745,NA,NA,NA,NA,64745,NA,NA,NA,NA,NA,NA,NA,NA,NA,NA,NA,NA,"2013"
166,"Christie Pits Film Festival","19","Local","1",1000,NA,NA,NA,NA,NA,NA,NA,NA,NA,NA,NA,NA,NA,NA,NA,1000,NA,"2013"
167,"Church Wellesley Village BIA","27","Local","1",20000,NA,NA,NA,NA,NA,NA,20000,NA,NA,NA,NA,NA,NA,NA,NA,NA,NA,"2013"
168,"Circle of Home Care Services (Toronto)","25","City-wide","1",92990,NA,NA,NA,NA,92990,NA,NA,NA,NA,NA,NA,NA,NA,NA,NA,NA,NA,"2013"
169,"Citizen Theatre Collective","20","City-wide","1",7000,NA,NA,NA,NA,NA,NA,NA,NA,NA,NA,NA,NA,NA,NA,NA,7000,NA,"2013"
170,"Clawhammer Theatre Company","17","City-wide","1",10000,NA,NA,NA,NA,NA,NA,NA,NA,NA,NA,NA,NA,NA,NA,NA,10000,NA,"2013"
171,"Clay and Paper Theatre","19","Local","1",30000,NA,NA,NA,NA,NA,NA,NA,NA,NA,NA,NA,NA,NA,NA,NA,30000,NA,"2013"
172,"Cliffcrest Community Centre","38","Local","1",31825,NA,NA,NA,NA,31825,NA,NA,NA,NA,NA,NA,NA,NA,NA,NA,NA,NA,"2013"
173,"COBA Collective of Black Artists","28","City-wide","1",45000,NA,NA,NA,NA,NA,NA,NA,NA,NA,NA,NA,NA,NA,NA,NA,45000,NA,"2013"
174,"Coleman Lemieux & Compagnie","28","City-wide","2",50000,NA,NA,NA,NA,NA,25000,NA,NA,NA,NA,NA,NA,NA,NA,NA,25000,NA,"2013"
175,"Collective Impact Project","27","City-wide","1",30000,NA,NA,NA,NA,NA,NA,NA,NA,NA,NA,NA,NA,NA,30000,NA,NA,NA,"2013"
176,"Community Action Resource Centre","12","Area services","2",189880,NA,NA,40000,NA,149880,NA,NA,NA,NA,NA,NA,NA,NA,NA,NA,NA,NA,"2013"
177,"Community Arts Guild","32","Local","1",13000,NA,NA,NA,NA,NA,NA,NA,NA,NA,NA,NA,NA,NA,NA,NA,13000,NA,"2013"
178,"Community Cave","19","Local","1",22550,NA,NA,NA,NA,NA,NA,22550,NA,NA,NA,NA,NA,NA,NA,NA,NA,NA,"2013"
179,"Community Centre 55","32","Local","1",15000,NA,NA,NA,NA,NA,NA,15000,NA,NA,NA,NA,NA,NA,NA,NA,NA,NA,"2013"
180,"Community Health Action Team (CHAT)","38","Area services","1",45150,NA,NA,45150,NA,NA,NA,NA,NA,NA,NA,NA,NA,NA,NA,NA,NA,NA,"2013"
181,"Community Information Fairview","33","Area Services","1",30360,NA,NA,NA,NA,30360,NA,NA,NA,NA,NA,NA,NA,NA,NA,NA,NA,NA,"2013"
182,"Community Matters Toronto/St. James Town Family Literacy Services.","28","Area services","1",4000,NA,NA,NA,4000,NA,NA,NA,NA,NA,NA,NA,NA,NA,NA,NA,NA,NA,"2013"
183,"Community Microskills Development Centre","2","City-wide","1",74155,NA,NA,NA,NA,74155,NA,NA,NA,NA,NA,NA,NA,NA,NA,NA,NA,NA,"2013"
184,"Community Social Planning Council of Toronto","27","City-wide","1",368005,NA,NA,NA,NA,368005,NA,NA,NA,NA,NA,NA,NA,NA,NA,NA,NA,NA,"2013"
185,"Compania Carmen Romero","34","City-wide","1",4000,NA,NA,NA,NA,NA,NA,NA,NA,NA,NA,NA,NA,NA,NA,NA,4000,NA,"2013"
186,"Company Theatre","18","City-wide","1",15000,NA,NA,NA,NA,NA,NA,NA,NA,NA,NA,NA,NA,NA,NA,NA,15000,NA,"2013"
187,"Concreter Roses Youth Services","20","Area Services","1",40000,NA,NA,40000,NA,NA,NA,NA,NA,NA,NA,NA,NA,NA,NA,NA,NA,NA,"2013"
188,"Contact Contemporary Music","27","City-wide","1",7250,NA,NA,NA,NA,NA,NA,NA,NA,NA,NA,NA,NA,NA,NA,NA,7250,NA,"2013"
189,"Contact Toronto Photography Festival","20","City-wide","1",4000,NA,NA,NA,NA,NA,NA,NA,NA,NA,NA,NA,NA,NA,NA,NA,4000,NA,"2013"
190,"Continuum","20","City-wide","1",21000,NA,NA,NA,NA,NA,NA,NA,NA,NA,NA,NA,NA,NA,NA,NA,21000,NA,"2013"
191,"Contrary Company","32","City-wide","1",8000,NA,NA,NA,NA,NA,NA,NA,NA,NA,NA,NA,NA,NA,NA,NA,8000,NA,"2013"
192,"Convergence Theatre","21","City-wide","1",950,NA,NA,NA,NA,NA,NA,NA,NA,NA,NA,NA,NA,NA,NA,NA,950,NA,"2013"
193,"Corpus Dance Projects","19","City-wide","1",30000,NA,NA,NA,NA,NA,NA,NA,NA,NA,NA,NA,NA,NA,NA,NA,30000,NA,"2013"
194,"COSTI Immigrant Services","17","Area services","2",469594,NA,NA,NA,NA,121545,NA,NA,NA,348049,NA,NA,NA,NA,NA,NA,NA,NA,"2013"
195,"Council of Agencies Serving South Asians (CASSA)","35","City-wide","3",96115,NA,NA,35000,8000,53115,NA,NA,NA,NA,NA,NA,NA,NA,NA,NA,NA,NA,"2013"
196,"Creation Company","28","City-wide","1",4850,NA,NA,NA,NA,NA,NA,NA,NA,NA,NA,NA,NA,NA,NA,NA,4850,NA,"2013"
197,"Crescent Town Youth Fitness","31","Local","1",8265,NA,NA,NA,NA,NA,NA,NA,NA,NA,8265,NA,NA,NA,NA,NA,NA,NA,"2013"
198,"Crime Prevention Association of Toronto","31","City-wide","1",118670,NA,NA,NA,NA,118670,NA,NA,NA,NA,NA,NA,NA,NA,NA,NA,NA,NA,"2013"
199,"Cross -Cultural Community Services, The","20","City-wide","1",25020,NA,NA,NA,NA,25020,NA,NA,NA,NA,NA,NA,NA,NA,NA,NA,NA,NA,"2013"
200,"Cross Toronto Community Development Corp. (Fresh Start Cleaning)","19","Area services","1",63637,NA,NA,NA,NA,NA,NA,NA,NA,63637,NA,NA,NA,NA,NA,NA,NA,NA,"2013"
201,"Crow's Theatre Company","30","City-wide","1",34000,NA,NA,NA,NA,NA,NA,NA,NA,NA,NA,NA,NA,NA,NA,NA,34000,NA,"2013"
202,"CUE-Sketch","18","City-wide","1",13750,NA,NA,NA,NA,NA,NA,NA,NA,NA,NA,NA,NA,NA,NA,NA,13750,NA,"2013"
203,"Cultivating Herstory: The Jane-Finch Youth, Food and Health Project","9","Local","1",10000,NA,NA,NA,NA,NA,NA,NA,NA,NA,10000,NA,NA,NA,NA,NA,NA,NA,"2013"
204,"CultureLink Settlement Services","14","City-wide","1",65060,NA,NA,NA,NA,65060,NA,NA,NA,NA,NA,NA,NA,NA,NA,NA,NA,NA,"2013"
205,"Dance Collection Danse","27","City-wide","1",10000,NA,NA,NA,NA,NA,10000,NA,NA,NA,NA,NA,NA,NA,NA,NA,NA,NA,"2013"
206,"Dance Immersion","20","local","1",30000,NA,NA,NA,NA,NA,NA,NA,NA,NA,NA,NA,NA,NA,NA,NA,30000,NA,"2013"
207,"Dance Matters Dance Productions","32","City-wide","1",10000,NA,NA,NA,NA,NA,NA,NA,NA,NA,NA,NA,NA,NA,NA,NA,10000,NA,"2013"
208,"Dance Ontario Association","28","City-wide","1",20000,NA,NA,NA,NA,NA,NA,NA,NA,NA,NA,NA,NA,NA,NA,NA,20000,NA,"2013"
209,"Dance Umbrella of Ontario","28","City-wide","1",28850,NA,NA,NA,NA,NA,NA,NA,NA,NA,NA,NA,NA,NA,NA,NA,28850,NA,"2013"
210,"Dancemakers","28","City-wide","1",87000,NA,NA,NA,NA,NA,NA,NA,NA,NA,NA,NA,NA,NA,NA,NA,87000,NA,"2013"
211,"DanceWorks","28","City-wide","1",55000,NA,NA,NA,NA,NA,NA,NA,NA,NA,NA,NA,NA,NA,NA,NA,55000,NA,"2013"
212,"Dare to Create - Prologue to the Performing Arts","28","City-wide","1",105000,NA,NA,NA,NA,NA,NA,NA,NA,NA,NA,NA,NA,NA,NA,NA,105000,NA,"2013"
213,"Davenport Community Arts","14","Local","1",10000,NA,NA,NA,NA,NA,NA,10000,NA,NA,NA,NA,NA,NA,NA,NA,NA,NA,"2013"
214,"Davenport Perth Neighbourhood Centre","17","Area services","1",81400,NA,NA,NA,NA,81400,NA,NA,NA,NA,NA,NA,NA,NA,NA,NA,NA,NA,"2013"
215,"Dejinta Beesha Somali Multi-Service Centre","1","Area Services","1",43490,NA,NA,NA,NA,43490,NA,NA,NA,NA,NA,NA,NA,NA,NA,NA,NA,NA,"2013"
216,"Delta Family Resource Centre","7","Area Services","2",124965,NA,NA,22500,NA,102465,NA,NA,NA,NA,NA,NA,NA,NA,NA,NA,NA,NA,"2013"
217,"Design Exchange","28","City-wide","1",4000,NA,NA,NA,NA,NA,NA,NA,NA,NA,NA,NA,NA,NA,NA,NA,4000,NA,"2013"
218,"Diaspora Dialogues Charitable Society","20","City-wide","1",45000,NA,NA,NA,NA,NA,NA,NA,NA,NA,NA,NA,NA,NA,NA,NA,45000,NA,"2013"
219,"Diaspora Film Festival Group","21","City-wide","1",4000,NA,NA,NA,NA,NA,NA,NA,NA,NA,NA,NA,NA,NA,NA,NA,4000,NA,"2013"
220,"Dietrich Group","30","City-wide","1",8000,NA,NA,NA,NA,NA,NA,NA,NA,NA,NA,NA,NA,NA,NA,NA,8000,NA,"2013"
221,"Distress Centres","27","City-wide","1",102810,NA,NA,NA,NA,106935,NA,NA,NA,NA,NA,NA,NA,NA,NA,NA,NA,NA,"2013"
222,"Dixon Community Services","2","Local","1",50925,NA,NA,NA,NA,50925,NA,NA,NA,NA,NA,NA,NA,NA,NA,NA,NA,NA,"2013"
223,"Dixon Hall","28","Local","1",209835,NA,NA,NA,NA,209835,NA,NA,NA,NA,NA,NA,NA,NA,NA,NA,NA,NA,"2013"
224,"Dixon Hall Music School","28","Area services","1",30000,NA,NA,NA,NA,NA,NA,NA,NA,NA,NA,NA,NA,NA,NA,NA,30000,NA,"2013"
225,"Documentary Organization of Canada, Toronto Chapter","20","City-wide","1",3000,NA,NA,NA,NA,NA,NA,NA,NA,NA,NA,NA,NA,NA,NA,NA,3000,NA,"2013"
226,"Doorsteps Neighbourhood Services","7","Area Services","1",120095,NA,NA,NA,NA,120095,NA,NA,NA,NA,NA,NA,NA,NA,NA,NA,NA,NA,"2013"
227,"Doris McCarthy Gallery","44","City-wide","1",45000,NA,NA,NA,NA,NA,NA,NA,NA,NA,NA,NA,NA,NA,NA,NA,45000,NA,"2013"
228,"Dorset Park Neighbourhood Association","40","Area Services","1",40000,NA,NA,NA,NA,NA,NA,NA,NA,NA,NA,NA,NA,NA,40000,NA,NA,NA,"2013"
229,"Dos Mundos Arts and Media","17","City-wide","1",7570,NA,NA,NA,NA,NA,NA,NA,NA,NA,NA,NA,NA,NA,NA,NA,7570,NA,"2013"
230,"Dovercourt Boys' and Girls' Club","18","Local","1",50205,NA,NA,NA,NA,50205,NA,NA,NA,NA,NA,NA,NA,NA,NA,NA,NA,NA,"2013"
231,"Downsview Services for Seniors","10","Area Services","1",80415,NA,NA,NA,NA,80415,NA,NA,NA,NA,NA,NA,NA,NA,NA,NA,NA,NA,"2013"
232,"Dreamwalker Dance Co.","18","City-wide","1",15000,NA,NA,NA,NA,NA,NA,NA,NA,NA,NA,NA,NA,NA,NA,NA,15000,NA,"2013"
233,"Drag Musical Collective","18","City-wide","1",10000,NA,NA,NA,NA,NA,NA,NA,NA,NA,NA,NA,NA,NA,NA,NA,10000,NA,"2013"
234,"Driftwood Theatre Group","20","City-wide","1",10000,NA,NA,NA,NA,NA,NA,NA,NA,NA,NA,NA,NA,NA,NA,NA,10000,NA,"2013"
235,"Drum Artz Canada","17","Area services","1",32000,NA,NA,NA,NA,NA,NA,NA,NA,NA,NA,NA,NA,NA,NA,NA,32000,NA,"2013"
236,"Dusk Dances","17","Area-services","1",51000,NA,NA,NA,NA,NA,NA,NA,NA,NA,NA,NA,NA,NA,NA,NA,51000,NA,"2013"
237,"Dylan Bell and the Autonomous Collective","32","City-wide","1",2000,NA,NA,NA,NA,NA,NA,NA,NA,NA,NA,NA,NA,NA,NA,NA,2000,NA,"2013"
238,"East Danforth Creative Collective","29","Area Services","1",5000,NA,NA,NA,5000,NA,NA,NA,NA,NA,NA,NA,NA,NA,NA,NA,NA,NA,"2013"
239,"East End Arts","31","Area Services","1",1e+05,NA,NA,NA,NA,NA,NA,NA,NA,NA,NA,1e+05,NA,NA,NA,NA,NA,NA,"2013"
240,"East End Music Project","30","Local","1",6000,NA,NA,NA,NA,NA,NA,NA,NA,NA,NA,NA,NA,NA,NA,NA,6000,NA,"2013"
241,"East Metro Youth Services","38","Area Services","1",27055,NA,NA,NA,NA,27055,NA,NA,NA,NA,NA,NA,NA,NA,NA,NA,NA,NA,"2013"
242,"East Scarborough Boys & Girls Club","43","Area Services","2",175205,NA,NA,NA,NA,159205,NA,16000,NA,NA,NA,NA,NA,NA,NA,NA,NA,NA,"2013"
243,"East Scarborough Storefront / Tides Canada Initiatives","43","Area services","2",130355,NA,49800,NA,NA,80555,NA,NA,NA,NA,NA,NA,NA,NA,NA,NA,NA,NA,"2013"
244,"East Toronto Family Community Centres","30","Area Services","1",60340,NA,NA,NA,NA,60340,NA,NA,NA,NA,NA,NA,NA,NA,NA,NA,NA,NA,"2013"
245,"East York and East Toronto Family Resources Organization - Housing Help Centre","30","Area services","1",58664,NA,NA,NA,NA,NA,NA,NA,NA,58664,NA,NA,NA,NA,NA,NA,NA,NA,"2013"
246,"East York and East Toronto Family Resources Organization - Landlord Connect","30","City-wide","2",246822,NA,NA,NA,NA,27055,NA,NA,NA,219767,NA,NA,NA,NA,NA,NA,NA,NA,"2013"
247,"East York Meal on Wheels","26","Local","1",26020,NA,NA,NA,NA,26020,NA,NA,NA,NA,NA,NA,NA,NA,NA,NA,NA,NA,"2013"
248,"Ecce Homo Theatre","19","City-wide","1",6000,NA,NA,NA,NA,NA,NA,NA,NA,NA,NA,NA,NA,NA,NA,NA,6000,NA,"2013"
249,"Echo Women's Choir","27","City-wide","1",5000,NA,NA,NA,NA,NA,NA,NA,NA,NA,NA,NA,NA,NA,NA,NA,5000,NA,"2013"
250,"EEKP Community Project","38","Local","1",40000,NA,NA,NA,NA,NA,NA,NA,NA,NA,NA,NA,NA,NA,40000,NA,NA,NA,"2013"
251,"Eight Fest Smal-Gauge Film Festival","20","City-wide","1",7250,NA,NA,NA,NA,NA,NA,NA,NA,NA,NA,NA,NA,NA,NA,NA,7250,NA,"2013"
252,"Elderly Vietnamese Association, Toronto","14","City-wide","1",15880,NA,NA,NA,NA,15880,NA,NA,NA,NA,NA,NA,NA,NA,NA,NA,NA,NA,"2013"
253,"Eldritch Theatre","32","City-wide","1",10000,NA,NA,NA,NA,NA,NA,NA,NA,NA,NA,NA,NA,NA,NA,NA,10000,NA,"2013"
254,"Elimu Sanifu","4","Local","1",6500,NA,NA,NA,NA,NA,NA,NA,NA,NA,NA,NA,NA,NA,NA,NA,6500,NA,"2013"
255,"Elizabeth Fry Society, Toronto Branch","27","City-wide","1",50000,NA,NA,50000,NA,NA,NA,NA,NA,NA,NA,NA,NA,NA,NA,NA,NA,NA,"2013"
256,"Elmer Iseler Singers","25","City-wide","1",34000,NA,NA,NA,NA,NA,NA,NA,NA,NA,NA,NA,NA,NA,NA,NA,34000,NA,"2013"
257,"Elspeth Heyworth Centre for Women","7","Area Services","1",36955,NA,NA,NA,NA,26955,NA,NA,NA,NA,NA,NA,NA,NA,NA,NA,10000,NA,"2013"
258,"Enchanted","1","Area Services","1",10000,NA,NA,NA,NA,NA,NA,NA,NA,NA,10000,NA,NA,NA,NA,NA,NA,NA,"2013"
259,"Ensemble Polaris","19","City-wide","1",3500,NA,NA,NA,NA,NA,NA,NA,NA,NA,NA,NA,NA,NA,NA,NA,3500,NA,"2013"
260,"Epilepsy Toronto","28","City-wide","1",38555,NA,NA,NA,NA,38555,NA,NA,NA,NA,NA,NA,NA,NA,NA,NA,NA,NA,"2013"
261,"Eritrean Youth Collective","19","City-wide","1",9800,NA,NA,NA,NA,NA,NA,NA,NA,NA,NA,NA,NA,NA,NA,NA,NA,NA,"2013"
262,"Esmeralda Enrique Spanish Dance Company","20","City-wide","1",23000,NA,NA,NA,NA,NA,NA,NA,NA,NA,NA,NA,NA,NA,NA,NA,23000,NA,"2013"
263,"Eritrean Canadian Community Centre","21","City-wide","1",27600,NA,NA,NA,NA,27600,NA,NA,NA,NA,NA,NA,NA,NA,NA,NA,NA,NA,"2013"
264,"Esprit Orchestra","20","City-wide","1",84500,NA,NA,NA,NA,NA,NA,NA,NA,NA,NA,NA,NA,NA,NA,NA,84500,NA,"2013"
265,"Ethiopian Association in the GTA and Surrounding Regions","31","City-wide","1",21965,NA,NA,NA,NA,NA,NA,NA,NA,NA,NA,NA,NA,NA,NA,NA,NA,NA,"2013"
266,"Ethno-racial People with Disabilities Coalition of Ontario","20","City-wide","1",45000,45000,NA,NA,NA,NA,NA,NA,NA,NA,NA,NA,NA,NA,NA,NA,NA,NA,"2013"
267,"Etobicoke Centennial Choir","4","Area services","1",4750,NA,NA,NA,NA,NA,NA,NA,NA,NA,NA,NA,NA,NA,NA,NA,4750,NA,"2013"
268,"Etobicoke Community Concert Band","5","City-wide","1",7500,NA,NA,NA,NA,NA,NA,NA,NA,NA,NA,NA,NA,NA,NA,NA,7500,NA,"2013"
269,"Etobicoke Handweavers & Spinners Guild","3","City-wide","1",1200,NA,NA,NA,NA,NA,NA,NA,NA,NA,NA,NA,NA,NA,NA,NA,1200,NA,"2013"
270,"Etobicoke Philharmonic Orchestra","4","Area services","1",11000,NA,NA,NA,NA,NA,NA,NA,NA,NA,NA,NA,NA,NA,NA,NA,11000,NA,"2013"
271,"Etobicoke Services for Seniors","2","Area services","1",47025,NA,NA,NA,NA,47025,NA,NA,NA,NA,NA,NA,NA,NA,NA,NA,NA,NA,"2013"
272,"Evangel Hall","20","Local","1",58664,NA,NA,NA,NA,NA,NA,NA,NA,58664,NA,NA,NA,NA,NA,NA,NA,NA,"2013"
273,"Events in Real Time","14","City-wide","1",6000,NA,NA,NA,NA,NA,NA,NA,NA,NA,NA,NA,NA,NA,NA,NA,6000,NA,"2013"
274,"Eventual Ashes","27","City-wide","1",10000,NA,NA,NA,NA,NA,NA,NA,NA,NA,NA,NA,NA,NA,NA,NA,10000,NA,"2013"
275,"Everdale","8","Local","1",15600,NA,NA,NA,NA,NA,NA,15600,NA,NA,NA,NA,NA,NA,NA,NA,NA,NA,"2013"
276,"Evergreen","29","City-wide","1",35000,NA,35000,NA,NA,NA,NA,NA,NA,NA,NA,NA,NA,NA,NA,NA,NA,NA,"2013"
277,"Excelencias","8","Local","1",10000,NA,NA,NA,NA,NA,NA,NA,NA,NA,10000,NA,NA,NA,NA,NA,NA,NA,"2013"
278,"Express Arte","18","Local","1",7808,NA,NA,NA,NA,NA,NA,NA,NA,NA,NA,NA,NA,NA,NA,NA,7808,NA,"2013"
279,"Extend-A-Family","16","City-wide","1",22080,NA,NA,NA,NA,22080,NA,NA,NA,NA,NA,NA,NA,NA,NA,NA,NA,NA,"2013"
280,"Exultate Chamber Singers","20","City-wide","1",7000,NA,NA,NA,NA,NA,NA,NA,NA,NA,NA,NA,NA,NA,NA,NA,7000,NA,"2013"
281,"F-You:The Forgiveness Project","27","City-wide","1",10000,NA,NA,NA,NA,NA,NA,NA,NA,NA,NA,NA,NA,NA,NA,NA,10000,NA,"2013"
282,"Factory Theatre","20","City-wide","1",158000,NA,NA,NA,NA,NA,NA,NA,NA,NA,NA,NA,NA,NA,NA,NA,158000,NA,"2013"
283,"FADO Performance Inc.","20","City-wide","1",24000,NA,NA,NA,NA,NA,NA,NA,NA,NA,NA,NA,NA,NA,NA,NA,24000,NA,"2013"
284,"Family Services Toronto","27","City-wide","1",127735,NA,NA,NA,NA,127735,NA,NA,NA,NA,NA,NA,NA,NA,NA,NA,NA,NA,"2013"
285,"Family Supports Institute Ontario (formerly Metro Association of Family Resource Programs)","19","City-wide","1",13245,NA,NA,NA,NA,13245,NA,NA,NA,NA,NA,NA,NA,NA,NA,NA,NA,NA,"2013"
286,"FCJ Refugee Centre","17","City-wide","1",45000,NA,NA,45000,NA,NA,NA,NA,NA,NA,NA,NA,NA,NA,NA,NA,NA,NA,"2013"
287,"FCJ YOUTH NETWORK","17","Local","1",10000,NA,NA,NA,NA,NA,NA,NA,NA,NA,NA,NA,NA,NA,NA,NA,10000,NA,"2013"
288,"Feint of Hart Collective","19","City-wide","1",8000,NA,NA,NA,NA,NA,NA,NA,NA,NA,NA,NA,NA,NA,NA,NA,8000,NA,"2013"
289,"Festival Management Committee/Toronto Caribbean Carnival-Caribana","20","City-wide","1",525000,NA,NA,NA,NA,NA,NA,NA,NA,NA,NA,NA,525000,NA,NA,NA,NA,NA,"2013"
290,"FeverGraph","19","Local","1",7000,NA,NA,NA,NA,NA,NA,7000,NA,NA,NA,NA,NA,NA,NA,NA,NA,NA,"2013"
291,"FibreWebs Collective","6","City-wide","1",8000,NA,NA,NA,NA,NA,NA,NA,NA,NA,NA,NA,NA,NA,NA,NA,8000,NA,"2013"
292,"Fife House","27","Area services","1",58664,NA,NA,NA,NA,NA,NA,NA,NA,58664,NA,NA,NA,NA,NA,NA,NA,NA,"2013"
293,"FindHelp","20","City-wide","1",45000,45000,NA,NA,NA,NA,NA,NA,NA,NA,NA,NA,NA,NA,NA,NA,NA,NA,"2013"
294,"Firgrove Community Learning Centre","7","Local","1",40000,NA,NA,NA,NA,NA,NA,NA,NA,NA,NA,NA,NA,NA,40000,NA,NA,NA,"2013"
295,"First Portuguese Canadian Cultural Centre of Toronto","17","Area Services","1",12730,NA,NA,NA,NA,12730,NA,NA,NA,NA,NA,NA,NA,NA,NA,NA,NA,NA,"2013"
296,"Fixt Point","6","Local","1",20000,NA,NA,NA,NA,NA,NA,NA,NA,NA,NA,NA,NA,NA,NA,NA,20000,NA,"2013"
297,"Flemingdon Neighbourhood Services","26","Area services","2",268611,NA,NA,NA,NA,59410,NA,NA,NA,209201,NA,NA,NA,NA,NA,NA,NA,NA,"2013"
298,"FoodShare Toronto","18","City-wide","2",223840,25000,NA,NA,NA,198840,NA,NA,NA,NA,NA,NA,NA,NA,NA,NA,NA,NA,"2013"
299,"For You Telecare Family Services Inc. (FUTFS)","25","City-wide","1",14430,NA,NA,NA,NA,14430,NA,NA,NA,NA,NA,NA,NA,NA,NA,NA,NA,NA,"2013"
300,"For Youth Initiative in Toronto","12","Area Services","1",111400,NA,NA,NA,NA,111400,NA,NA,NA,NA,NA,NA,NA,NA,NA,NA,NA,NA,"2013"
301,"Franco-fete de la communaute urbaine de Toronto","20","City-wide","1",5000,NA,NA,NA,NA,NA,NA,NA,NA,NA,NA,NA,NA,NA,NA,NA,5000,NA,"2013"
302,"Franklin Carmichael Art Group","1","Area services","1",5000,NA,NA,NA,NA,NA,NA,NA,NA,NA,NA,NA,NA,NA,NA,NA,5000,NA,"2013"
303,"Franklin Horner Community Centre","6","City-wide","1",27060,NA,NA,NA,NA,27060,NA,NA,NA,NA,NA,NA,NA,NA,NA,NA,NA,NA,"2013"
304,"Fred Victor Centre","28","Area services","1",58664,NA,NA,NA,NA,NA,NA,NA,NA,58664,NA,NA,NA,NA,NA,NA,NA,NA,"2013"
305,"Friends in Trouble Youth Initiative","9","Local","1",10000,NA,NA,NA,NA,NA,NA,NA,NA,NA,NA,NA,NA,NA,NA,NA,10000,NA,"2013"
306,"Friends of Fort York (Summer Guard)","28","City-wide","1",15610.07,NA,NA,NA,NA,NA,NA,NA,NA,NA,NA,NA,NA,15610.07,NA,NA,NA,NA,"2013"
307,"Friends of the Pan Am Path","20","City-wide","1",1e+05,NA,NA,NA,NA,NA,NA,NA,NA,NA,NA,NA,NA,NA,NA,NA,1e+05,NA,"2013"
308,"Fringe of Toronto","19","City-wide","1",77000,NA,NA,NA,NA,NA,NA,NA,NA,NA,NA,NA,NA,NA,NA,NA,77000,NA,"2013"
309,"fu-GEN Theatre Company","28","City-wide","1",20000,NA,NA,NA,NA,NA,NA,NA,NA,NA,NA,NA,NA,NA,NA,NA,20000,NA,"2013"
310,"Fruit Loopz Collective","27","City-wide","1",13000,NA,NA,NA,NA,NA,NA,NA,NA,NA,NA,NA,NA,NA,NA,NA,13000,NA,"2013"
311,"Fujiwara Dance Inventions","28","City-wide","1",17000,NA,NA,NA,NA,NA,NA,NA,NA,NA,NA,NA,NA,NA,NA,NA,17000,NA,"2013"
312,"Gadfly","28","City-wide","1",8000,NA,NA,NA,NA,NA,NA,NA,NA,NA,NA,NA,NA,NA,NA,NA,8000,NA,"2013"
313,"Gallery 44","20","City-wide","2",93000,NA,NA,NA,NA,NA,20000,NA,NA,NA,NA,NA,NA,NA,NA,NA,73000,NA,"2013"
314,"Gashanti Unity","44","Local","1",13500,NA,NA,NA,NA,NA,NA,NA,NA,NA,NA,NA,NA,NA,NA,NA,13500,NA,"2013"
315,"Gatehouse Child Abuse Investigation and Support Site, The","6","City-wide","1",22080,NA,NA,NA,NA,22080,NA,NA,NA,NA,NA,NA,NA,NA,NA,NA,NA,NA,"2013"
316,"Geetanjali Music and Dance Group","9","City-wide","1",10000,NA,NA,NA,NA,NA,NA,NA,NA,NA,NA,NA,NA,NA,NA,NA,10000,NA,"2013"
317,"Gendai Gallery","19","Local","1",7000,NA,NA,NA,NA,NA,NA,NA,NA,NA,NA,NA,NA,NA,NA,NA,7000,NA,"2013"
318,"George R. Gardiner Museum of Ceramic Art/Gardiner Museum","27","City-wide","1",146000,NA,NA,NA,NA,NA,NA,NA,NA,NA,NA,NA,146000,NA,NA,NA,NA,NA,"2013"
319,"George S. Syme Seniors Centre of York","11","Area services","1",83680,NA,NA,NA,NA,83680,NA,NA,NA,NA,NA,NA,NA,NA,NA,NA,NA,NA,"2013"
320,"G.E.T (Grassroots Education and Training) Schooled (ArtReach Toronto/Tides Canada)","20","City-wide","1",40000,NA,NA,NA,NA,NA,NA,NA,NA,NA,NA,NA,NA,NA,40000,NA,NA,NA,"2013"
321,"Gimme One Riddim","3","City-wide","1",7000,NA,NA,NA,NA,NA,NA,NA,NA,NA,NA,NA,NA,NA,NA,NA,7000,NA,"2013"
322,"Glenn Gould Foundation","28","City-wide","1",15000,NA,NA,NA,NA,NA,NA,NA,NA,NA,NA,NA,NA,NA,NA,NA,NA,15000,"2013"
323,"Greater Toronto Chapter of the NAJC","26","City-wide","1",10000,NA,NA,NA,NA,NA,NA,NA,NA,NA,NA,NA,NA,NA,NA,NA,10000,NA,"2013"
324,"Greater Toronto Philharmonic Orchestra","6","City-wide","1",1000,NA,NA,NA,NA,NA,NA,NA,NA,NA,NA,NA,NA,NA,NA,NA,1000,NA,"2013"
325,"Greenest City Environmental Organization","14","Local","1",15000,NA,15000,NA,NA,NA,NA,NA,NA,NA,NA,NA,NA,NA,NA,NA,NA,NA,"2013"
326,"GREX","19","City-wide","1",4500,NA,NA,NA,NA,NA,NA,NA,NA,NA,NA,NA,NA,NA,NA,NA,4500,NA,"2013"
327,"Griffin Centre Mental Health Services","24","City-wide","2",37107,NA,NA,NA,NA,NA,NA,NA,NA,NA,NA,NA,NA,NA,NA,NA,NA,NA,"2013"
328,"Groundwater Productions","18","City-wide","1",4200,NA,NA,NA,NA,NA,NA,NA,NA,NA,NA,NA,NA,NA,NA,NA,4200,NA,"2013"
329,"group of 27","20","City-wide","1",8000,NA,NA,NA,NA,NA,NA,NA,NA,NA,NA,NA,NA,NA,NA,NA,8000,NA,"2013"
330,"Hand Eye Society","14","City-wide","1",4000,NA,NA,NA,NA,NA,NA,NA,NA,NA,NA,NA,NA,NA,NA,NA,4000,NA,"2013"
331,"Hannaford Street Silver Band","31","City-wide","1",34000,NA,NA,NA,NA,NA,NA,NA,NA,NA,NA,NA,NA,NA,NA,NA,34000,NA,"2013"
332,"Harbourfront Centre","20","City-wide","1",265000,NA,NA,NA,NA,NA,NA,NA,NA,NA,NA,NA,NA,NA,NA,NA,265000,NA,"2013"
333,"Harbourfront Community Centre - City Of Toronto","20","Area services","1",66040,NA,NA,NA,NA,66040,NA,NA,NA,NA,NA,NA,NA,NA,NA,NA,NA,NA,"2013"
334,"Hardworkin' Homosexuals","14","City-wide","1",4000,NA,NA,NA,NA,NA,NA,NA,NA,NA,NA,NA,NA,NA,NA,NA,4000,NA,"2013"
335,"Harriet Tubman Community Organization","33","Local","1",46830,NA,NA,NA,NA,46830,NA,NA,NA,NA,NA,NA,NA,NA,NA,NA,NA,NA,"2013"
336,"Hear Me Out","8","Local","1",10000,NA,NA,NA,NA,NA,NA,NA,NA,NA,10000,NA,NA,NA,NA,NA,NA,NA,"2013"
337,"Heritage - 469 Broadview Avenue","30","Local","1",10000,NA,NA,NA,NA,NA,NA,NA,10000,NA,NA,NA,NA,NA,NA,NA,NA,NA,"2013"
338,"Heritage - 62 Brunswick Avenue","20","Local","1",8500,NA,NA,NA,NA,NA,NA,NA,8500,NA,NA,NA,NA,NA,NA,NA,NA,NA,"2013"
339,"Heritage - 34 Chestnut Park","27","Local","1",7500,NA,NA,NA,NA,NA,NA,NA,7500,NA,NA,NA,NA,NA,NA,NA,NA,NA,"2013"
340,"Heritage - 6 Draper Street","20","Local","1",8000,NA,NA,NA,NA,NA,NA,NA,8000,NA,NA,NA,NA,NA,NA,NA,NA,NA,"2013"
341,"Heritage - 14 Draper Street","20","Local","1",10000,NA,NA,NA,NA,NA,NA,NA,10000,NA,NA,NA,NA,NA,NA,NA,NA,NA,"2013"
342,"Heritage - 23 Draper Street","20","Local","1",9000,NA,NA,NA,NA,NA,NA,NA,9000,NA,NA,NA,NA,NA,NA,NA,NA,NA,"2013"
343,"Heritage - 29 Draper St","20","Local","1",7000,NA,NA,NA,NA,NA,NA,NA,7000,NA,NA,NA,NA,NA,NA,NA,NA,NA,"2013"
344,"Heritage - 136 First Avenue","30","Local","1",3000,NA,NA,NA,NA,NA,NA,NA,3000,NA,NA,NA,NA,NA,NA,NA,NA,NA,"2013"
345,"Heritage - 194 First Avenue","30","Local","1",6000,NA,NA,NA,NA,NA,NA,NA,6000,NA,NA,NA,NA,NA,NA,NA,NA,NA,"2013"
346,"Heritage - 92 Isabella Street","27","Local","1",7700,NA,NA,NA,NA,NA,NA,NA,7700,NA,NA,NA,NA,NA,NA,NA,NA,NA,"2013"
347,"Heritage - 31 Prince Arthur Street","20","Local","1",2300,NA,NA,NA,NA,NA,NA,NA,2300,NA,NA,NA,NA,NA,NA,NA,NA,NA,"2013"
348,"Hispanic Development Council","20","City-wide","2",110627,NA,NA,NA,NA,53115,NA,NA,NA,57512,NA,NA,NA,NA,NA,NA,NA,NA,"2013"
349,"Hong Fook Mental Health Association","41","City-wide","1",22080,NA,NA,NA,NA,22080,NA,NA,NA,NA,NA,NA,NA,NA,NA,NA,NA,NA,"2013"
350,"Hope and Hell Theatre Company","14","City-wide","1",3500,NA,NA,NA,NA,NA,NA,NA,NA,NA,NA,NA,NA,NA,NA,NA,3500,NA,"2013"
351,"Hospice Toronto","16","Area services","1",35000,35000,NA,NA,NA,NA,NA,NA,NA,NA,NA,NA,NA,NA,NA,NA,NA,NA,"2013"
352,"Hot Docs Canadian International Documentary Festival","20","City-wide","1",72000,NA,NA,NA,NA,NA,NA,NA,NA,NA,NA,NA,NA,NA,NA,NA,72000,NA,"2013"
353,"Humber Community Seniors' Services Inc.","11","Area services","1",33890,NA,NA,NA,NA,33890,NA,NA,NA,NA,NA,NA,NA,NA,NA,NA,NA,NA,"2013"
354,"ICOT - Iranian Cdn Composers of Toronto","23","City-wide","1",5000,NA,NA,NA,NA,NA,NA,NA,NA,NA,NA,NA,NA,NA,NA,NA,5000,NA,"2013"
355,"IFT Theatre","20","City-wide","1",12000,NA,NA,NA,NA,NA,NA,NA,NA,NA,NA,NA,NA,NA,NA,NA,12000,NA,"2013"
356,"ILL NANA/DiversityCity Dance Company","18","City-wide","1",15000,NA,NA,NA,NA,NA,NA,NA,NA,NA,NA,NA,NA,NA,NA,NA,15000,NA,"2013"
357,"Illumine Media Project","21","Local","1",10000,NA,NA,NA,NA,NA,NA,NA,NA,NA,NA,NA,NA,NA,NA,NA,10000,NA,"2013"
358,"IMPACT Indian Martial and Performance","19","Local","1",9000,NA,NA,NA,NA,NA,NA,NA,NA,NA,NA,NA,NA,NA,NA,NA,9000,NA,"2013"
359,"Inner City Angels","28","City-wide","1",36500,NA,NA,NA,NA,NA,NA,NA,NA,NA,NA,NA,NA,NA,NA,NA,36500,NA,"2013"
360,"Inside Out Lesbian and Gay Film Festival","20","City-wide","1",45000,NA,NA,NA,NA,NA,NA,NA,NA,NA,NA,NA,NA,NA,NA,NA,45000,NA,"2013"
361,"InterAccess","19","City-wide","1",48000,NA,NA,NA,NA,NA,NA,NA,NA,NA,NA,NA,NA,NA,NA,NA,48000,NA,"2013"
362,"International Readings at Harbourfront","20","City-wide","1",140000,NA,NA,NA,NA,NA,NA,NA,NA,NA,NA,NA,NA,NA,NA,NA,140000,NA,"2013"
363,"Iranian Women's Organization of Ontario","33","City-wide","1",32260,NA,NA,NA,NA,32260,NA,NA,NA,NA,NA,NA,NA,NA,NA,NA,NA,NA,"2013"
364,"Islington Centre - Etobicoke Senior Citizens","5","Area services","1",32585,NA,NA,NA,NA,32585,NA,NA,NA,NA,NA,NA,NA,NA,NA,NA,NA,NA,"2013"
365,"It Gets Fatter Project","29","City-wide","1",10000,NA,NA,NA,NA,NA,NA,NA,NA,NA,NA,NA,NA,NA,NA,NA,10000,NA,"2013"
366,"Jamaican Canadian Association","7","City-wide","1",27875,NA,NA,NA,NA,27875,NA,NA,NA,NA,NA,NA,NA,NA,NA,NA,NA,NA,"2013"
367,"Jamii Esplanade","28","Local","1",10000,NA,NA,NA,NA,NA,NA,NA,NA,NA,NA,NA,NA,NA,NA,NA,10000,NA,"2013"
368,"Jane and Finch Unity","7","Area Services","1",5550,NA,NA,NA,5550,NA,NA,NA,NA,NA,NA,NA,NA,NA,NA,NA,NA,NA,"2013"
369,"Jane Finch Community and Family Centre","8","Local","1",146835,NA,NA,NA,NA,146835,NA,NA,NA,NA,NA,NA,NA,NA,NA,NA,NA,NA,"2013"
370,"Japanese Social Services","26","City-wide","1",27600,NA,NA,NA,NA,27600,NA,NA,NA,NA,NA,NA,NA,NA,NA,NA,NA,NA,"2013"
371,"Jeng Yi","24","City-wide","1",3150,NA,NA,NA,NA,NA,NA,NA,NA,NA,NA,NA,NA,NA,NA,NA,3150,NA,"2013"
372,"Jessie's - The June Callwood Centre for Young Women and Families","28","City-wide","1",20725,NA,NA,NA,NA,20725,NA,NA,NA,NA,NA,NA,NA,NA,NA,NA,NA,NA,"2013"
373,"Jeunessess Musicales Ontario","28","City-wide","1",2000,NA,NA,NA,NA,NA,NA,NA,NA,NA,NA,NA,NA,NA,NA,NA,2000,NA,"2013"
374,"Jewish Music Week in Toronto","21","City-wide","1",9000,NA,NA,NA,NA,NA,NA,NA,NA,NA,NA,NA,NA,NA,NA,NA,9000,NA,"2013"
375,"John Howard Society of Toronto","27","City-wide","2",110311,NA,NA,NA,NA,12695,NA,NA,NA,97616,NA,NA,NA,NA,NA,NA,NA,NA,"2013"
376,"Jubilate Singers","20","City-wide","1",5000,NA,NA,NA,NA,NA,NA,NA,NA,NA,NA,NA,NA,NA,NA,NA,5000,NA,"2013"
377,"Jumblies Theatre","28","Area services","1",48000,NA,NA,NA,NA,NA,NA,NA,NA,NA,NA,NA,NA,NA,NA,NA,48000,NA,"2013"
378,"JunctQin Keyboard Collective","18","City-wide","1",2100,NA,NA,NA,NA,NA,NA,NA,NA,NA,NA,NA,NA,NA,NA,NA,2100,NA,"2013"
379,"Kababayan Community Service Centre Inc.","14","City-wide","1",31825,NA,NA,NA,NA,31825,NA,NA,NA,NA,NA,NA,NA,NA,NA,NA,NA,NA,"2013"
380,"Kaeja d'Dance","20","City-wide","1",58400,NA,NA,NA,NA,NA,NA,NA,NA,NA,NA,NA,NA,NA,NA,NA,58400,NA,"2013"
381,"Kaha:wi Dance Theatre","27","City-wide","1",32000,NA,NA,NA,NA,NA,NA,NA,NA,NA,NA,NA,NA,NA,NA,NA,32000,NA,"2013"
382,"Kaisoca Pass De Torch","38","City-wide","1",10000,NA,NA,NA,NA,NA,NA,NA,NA,NA,NA,NA,NA,NA,NA,NA,10000,NA,"2013"
383,"Kala Nidhi Fine Arts of Canada","23","City-wide","1",10000,NA,NA,NA,NA,NA,NA,NA,NA,NA,NA,NA,NA,NA,NA,NA,10000,NA,"2013"
384,"Kapisanan Philippine Centre","20","City-wide","1",10000,NA,NA,NA,NA,NA,NA,NA,NA,NA,NA,NA,NA,NA,NA,NA,10000,NA,"2013"
385,"KCWA Family and Social Services","20","City-wide","1",37600,NA,NA,NA,NA,37600,NA,NA,NA,NA,NA,NA,NA,NA,NA,NA,NA,NA,"2013"
386,"KeepRockinYou","28","Local","1",10000,NA,NA,NA,NA,NA,NA,NA,NA,NA,NA,NA,NA,NA,NA,NA,10000,NA,"2013"
387,"Kemi Contemporary Dance Projects","14","City-wide","1",5000,NA,NA,NA,NA,NA,NA,NA,NA,NA,NA,NA,NA,NA,NA,NA,5000,NA,"2013"
388,"Keystone Theatre","38","Local","1",25500,NA,NA,NA,NA,NA,NA,NA,NA,NA,NA,NA,NA,NA,NA,NA,25500,NA,"2013"
389,"Kipling Community Centre","20","Local","1",14425,NA,NA,NA,NA,NA,NA,NA,NA,NA,NA,NA,NA,NA,NA,NA,NA,NA,"2013"
390,"Koffler Gallery","10","City-wide","1",50000,NA,NA,NA,NA,NA,NA,NA,NA,NA,NA,NA,NA,NA,NA,NA,50000,NA,"2013"
391,"Korean Canadian Symphony Orchestra","24","City-wide","1",10000,NA,NA,NA,NA,NA,NA,NA,NA,NA,NA,NA,NA,NA,NA,NA,10000,NA,"2013"
392,"Korean Dance Studies Society","34","City-wide","1",17000,NA,NA,NA,NA,NA,NA,NA,NA,NA,NA,NA,NA,NA,NA,NA,17000,NA,"2013"
393,"Korean Senior Citizens Society of Toronto, The","19","City-wide","3",66220,NA,15000,30000,NA,21220,NA,NA,NA,NA,NA,NA,NA,NA,NA,NA,NA,NA,"2013"
394,"Larkin Singers","28","City-wide","1",2500,NA,NA,NA,NA,NA,NA,NA,NA,NA,NA,NA,NA,NA,NA,NA,2500,NA,"2013"
395,"Lakeshore Area Multi-Service Project (LAMP)","6","Local","1",76405,NA,NA,NA,NA,76405,NA,NA,NA,NA,NA,NA,NA,NA,NA,NA,NA,NA,"2013"
396,"Lakeshore Arts Committee","6","Local","2",131140,NA,NA,NA,NA,NA,NA,10000,NA,NA,NA,121140,NA,NA,NA,NA,NA,NA,"2013"
397,"Lao Association of Ontario","9","City-wide","2",39810,NA,10000,NA,NA,29810,NA,NA,NA,NA,NA,NA,NA,NA,NA,NA,NA,NA,"2013"
398,"Las Perlas del Mar Productions Inc","21","City-wide","1",7000,NA,NA,NA,NA,NA,NA,NA,NA,NA,NA,NA,NA,NA,NA,NA,7000,NA,"2013"
399,"Latin American Art Projects","21","City-wide","1",3000,NA,NA,NA,NA,NA,NA,NA,NA,NA,NA,NA,NA,NA,NA,NA,3000,NA,"2013"
400,"Latin St. Music","11","Local","1",8000,NA,NA,NA,NA,NA,NA,NA,NA,NA,NA,NA,NA,NA,NA,NA,8000,NA,"2013"
401,"Latvian Senior Citizen's Association","34","City-wide","1",10610,NA,NA,NA,NA,10610,NA,NA,NA,NA,NA,NA,NA,NA,NA,NA,NA,NA,"2013"
402,"Le Laboratoire d'Art","28","City-wide","1",5000,NA,NA,NA,NA,NA,NA,NA,NA,NA,NA,NA,NA,NA,NA,NA,5000,NA,"2013"
403,"Le Théâtre français de Toronto","27","City-wide","1",107000,NA,NA,NA,NA,NA,NA,NA,NA,NA,NA,NA,NA,NA,NA,NA,107000,NA,"2013"
404,"Le Théâtre La Tangente","22","City-wide","1",10000,NA,NA,NA,NA,NA,NA,NA,NA,NA,NA,NA,NA,NA,NA,NA,10000,NA,"2013"
405,"League of Canadian Poets","20","Local","1",19100,NA,NA,NA,NA,NA,NA,NA,NA,NA,NA,NA,NA,NA,NA,NA,19100,NA,"2013"
406,"Learning Disabilities Association Toronto","23","City-wide","1",56640,NA,NA,NA,NA,56640,NA,NA,NA,NA,NA,NA,NA,NA,NA,NA,NA,NA,"2013"
407,"Les Amis Concerts","8","City-wide","1",5000,NA,NA,NA,NA,NA,NA,NA,NA,NA,NA,NA,NA,NA,NA,NA,5000,NA,"2013"
408,"Les Centres d'Accueil Heritage","28","City-wide","1",57400,NA,NA,NA,NA,57400,NA,NA,NA,NA,NA,NA,NA,NA,NA,NA,NA,NA,"2013"
409,"Lesbian Gay Bi Trans Youth Line","28","City-wide","1",40040,NA,NA,NA,NA,40040,NA,NA,NA,NA,NA,NA,NA,NA,NA,NA,NA,NA,"2013"
410,"LetsStopAIDS","11","Area services","1",7200,NA,NA,NA,NA,NA,NA,NA,NA,NA,NA,NA,NA,NA,NA,NA,NA,NA,"2013"
411,"LGBTQ Asian Youth Films","27","City-wide","1",10000,NA,NA,NA,NA,NA,NA,NA,NA,NA,NA,NA,NA,NA,NA,NA,10000,NA,"2013"
412,"Li Delun Music Foundation","33","City-wide","1",3000,NA,NA,NA,NA,NA,NA,NA,NA,NA,NA,NA,NA,NA,NA,NA,3000,NA,"2013"
413,"Liaison of Independent Filmmakers of Toronto (LIFT)","18","City-wide","1",63000,NA,NA,NA,NA,NA,NA,NA,NA,NA,NA,NA,NA,NA,NA,NA,63000,NA,"2013"
414,"Life of a Craphead","20","City-wide","1",3000,NA,NA,NA,NA,NA,NA,NA,NA,NA,NA,NA,NA,NA,NA,NA,3000,NA,"2013"
415,"Life Rattle","19","City-wide","1",3500,NA,NA,NA,NA,NA,NA,NA,NA,NA,NA,NA,NA,NA,NA,NA,3500,NA,"2013"
416,"Litmus Theatre Collective","19","City-wide","1",11000,NA,NA,NA,NA,NA,NA,NA,NA,NA,NA,NA,NA,NA,NA,NA,11000,NA,"2013"
417,"Little Pear Garden Collective","24","City-wide","1",14000,NA,NA,NA,NA,NA,NA,NA,NA,NA,NA,NA,NA,NA,NA,NA,14000,NA,"2013"
418,"Living Legendz Empire Educational Programs","1","Local","1",10000,NA,NA,NA,NA,NA,NA,NA,NA,NA,10000,NA,NA,NA,NA,NA,NA,NA,"2013"
419,"Long Winter","18","City-wide","1",6000,NA,NA,NA,NA,NA,NA,NA,NA,NA,NA,NA,NA,NA,NA,NA,6000,NA,"2013"
420,"Loyan Foundation","7","Local","1",8000,NA,NA,NA,NA,NA,NA,NA,NA,NA,NA,NA,NA,NA,NA,NA,8000,NA,"2013"
421,"Loyola Arrupe Centre for Seniors","18","Local","1",20775,NA,NA,NA,NA,20775,NA,NA,NA,NA,NA,NA,NA,NA,NA,NA,NA,NA,"2013"
422,"Lulu Music and Arts Centre","18","City-wide","1",10000,NA,NA,NA,NA,NA,NA,NA,NA,NA,NA,NA,NA,NA,NA,NA,10000,NA,"2013"
423,"MABELLEarts","17","Local","1",12000,NA,NA,NA,NA,NA,NA,NA,NA,NA,NA,NA,NA,NA,NA,NA,12000,NA,"2013"
424,"MacGregor Park Art Club","18","Local","1",6000,NA,NA,NA,NA,NA,NA,NA,NA,NA,NA,NA,NA,NA,NA,NA,6000,NA,"2013"
425,"Mad Arts Collective","8","City-wide","1",10000,NA,NA,NA,NA,NA,NA,NA,NA,NA,NA,NA,NA,NA,NA,NA,10000,NA,"2013"
426,"Malvern Family Resource Centre","42","Local","4",241170,NA,44500,NA,8000,183670,NA,NA,NA,NA,NA,NA,NA,NA,NA,NA,5000,NA,"2013"
427,"Malvern Stakeholder","42","Local","1",40000,NA,NA,NA,NA,NA,NA,NA,NA,NA,NA,NA,NA,NA,40000,NA,NA,NA,"2013"
428,"Malvern Youth Cabinet","41","Local","1",9120,NA,NA,NA,NA,NA,NA,NA,NA,NA,9120,NA,NA,NA,NA,NA,NA,NA,"2013"
429,"Mammalian Diving Reflex","18","Area services","1",40000,NA,NA,NA,NA,NA,NA,NA,NA,NA,NA,NA,NA,NA,NA,NA,40000,NA,"2013"
430,"Maniac Star","22","City-wide","1",10000,NA,NA,NA,NA,NA,NA,NA,NA,NA,NA,NA,NA,NA,NA,NA,10000,NA,"2013"
431,"Manifesto Community Projects","20","City Wide","1",45000,NA,NA,NA,NA,NA,NA,NA,NA,NA,NA,NA,NA,NA,NA,NA,45000,NA,"2013"
432,"Mapping Project - Children's Peace Theatre","31","City-wide","1",15000,NA,NA,NA,NA,NA,NA,NA,NA,NA,NA,NA,NA,NA,NA,NA,15000,NA,"2013"
433,"Maracatu Mar Aberto","22","City-wide","1",10000,NA,NA,NA,NA,NA,NA,NA,NA,NA,NA,NA,NA,NA,NA,NA,10000,NA,"2013"
434,"Mariposa in the Schools","28","City-wide","1",17000,NA,NA,NA,NA,NA,NA,NA,NA,NA,NA,NA,NA,NA,NA,NA,17000,NA,"2013"
435,"Massey Centre for Women","29","Local","2",84389,NA,NA,NA,NA,25725,NA,NA,NA,58664,NA,NA,NA,NA,NA,NA,NA,NA,"2013"
436,"Mayworks","20","Local","1",23750,NA,NA,NA,NA,NA,NA,NA,NA,NA,NA,NA,NA,NA,NA,NA,23750,NA,"2013"
437,"Median Contemporary","18","City-wide","1",4000,NA,NA,NA,NA,NA,NA,NA,NA,NA,NA,NA,NA,NA,NA,NA,4000,NA,"2013"
438,"Memories of the Future","23","Local","1",18000,NA,NA,NA,NA,NA,NA,NA,NA,NA,NA,NA,NA,NA,NA,NA,18000,NA,"2013"
439,"Menaka Thakkar Dance Company","23","City-wide","1",35000,NA,NA,NA,NA,NA,NA,NA,NA,NA,NA,NA,NA,NA,NA,NA,35000,NA,"2013"
440,"Mennonite New Life Centre of Toronto","32","Area services","1",40000,40000,NA,NA,NA,NA,NA,NA,NA,NA,NA,NA,NA,NA,NA,NA,NA,NA,"2013"
441,"Mercer Union","18","Local","1",64000,NA,NA,NA,NA,NA,NA,NA,NA,NA,NA,NA,NA,NA,NA,NA,64000,NA,"2013"
442,"Merey Ismailova Theatre of Dance","27","Local","1",10000,NA,NA,NA,NA,NA,NA,NA,NA,NA,NA,NA,NA,NA,NA,NA,10000,NA,"2013"
443,"Mermaid Collective","28","City-wide","1",10000,NA,NA,NA,NA,NA,NA,NA,NA,NA,NA,NA,NA,NA,NA,NA,10000,NA,"2013"
444,"Metropolitan Action Committee on Violence Against Women & Children (METRAC)","20","City-wide","1",242595,NA,NA,NA,NA,242595,NA,NA,NA,NA,NA,NA,NA,NA,NA,NA,NA,NA,"2013"
445,"Metropolitan United Church","27","Local","1",58532,NA,NA,NA,NA,NA,NA,NA,NA,58532,NA,NA,NA,NA,NA,NA,NA,NA,"2013"
446,"Mid-Toronto Community Services Inc","28","Area services","1",121060,NA,NA,NA,NA,121060,NA,NA,NA,NA,NA,NA,NA,NA,NA,NA,NA,NA,"2013"
447,"Midaynta Community Services","22","City-wide","1",61010,NA,NA,NA,NA,NA,NA,NA,NA,61010,NA,NA,NA,NA,NA,NA,NA,NA,"2013"
448,"Mix Mix Dance Collective","18","City-wide","1",4500,NA,NA,NA,NA,NA,NA,NA,NA,NA,NA,NA,NA,NA,NA,NA,4500,NA,"2013"
449,"Mixed Company","28","City-wide","1",18825,NA,NA,NA,NA,NA,NA,NA,NA,NA,NA,NA,NA,NA,NA,NA,18825,NA,"2013"
450,"Mobile App - Toronto Alliance for the Performing Arts","20","City-wide","1",45000,NA,NA,NA,NA,NA,NA,NA,NA,NA,NA,NA,NA,NA,NA,NA,45000,NA,"2013"
451,"Modern Times Stage Company","28","City-wide","1",28000,NA,NA,NA,NA,NA,NA,NA,NA,NA,NA,NA,NA,NA,NA,NA,28000,NA,"2013"
452,"Momiji Health Care Society","36","City-wide","1",34005,NA,NA,NA,NA,34005,NA,NA,NA,NA,NA,NA,NA,NA,NA,NA,NA,NA,"2013"
453,"Mood Disorders Association of Ontario","16","City-wide","1",16565,NA,NA,NA,NA,16565,NA,NA,NA,NA,NA,NA,NA,NA,NA,NA,NA,NA,"2013"
454,"MOonhORsE dance theatre","28","City-wide","1",10300,NA,NA,NA,NA,NA,NA,NA,NA,NA,NA,NA,NA,NA,NA,NA,10300,NA,"2013"
455,"Mooredale Concerts","27","City-wide","1",4000,NA,NA,NA,NA,NA,NA,NA,NA,NA,NA,NA,NA,NA,NA,NA,4000,NA,"2013"
456,"Moveable Beast","17","City-wide","1",3000,NA,NA,NA,NA,NA,NA,NA,NA,NA,NA,NA,NA,NA,NA,NA,3000,NA,"2013"
457,"MUC Shelter Corporation (Sojourn House)","28","City-wide","1",117327,NA,NA,NA,NA,NA,NA,NA,NA,117327,NA,NA,NA,NA,NA,NA,NA,NA,"2013"
458,"Muhtadi International Drumming Festival","21","City-wide","1",10000,NA,NA,NA,NA,NA,NA,NA,NA,NA,NA,NA,NA,NA,NA,NA,10000,NA,"2013"
459,"Mural Routes Inc.","36","City-wide","2",55500,NA,NA,NA,NA,NA,NA,27500,NA,NA,NA,NA,NA,NA,NA,NA,28000,NA,"2013"
460,"Music Africa of Canada Inc.","20","City-wide","1",31000,NA,NA,NA,NA,NA,NA,NA,NA,NA,NA,NA,NA,NA,NA,NA,31000,NA,"2013"
461,"Music Gallery","20","City-wide","1",79000,NA,NA,NA,NA,NA,NA,NA,NA,NA,NA,NA,NA,NA,NA,NA,79000,NA,"2013"
462,"Music Garden, Harbourfront Centre","20","City-Wide","1",12500,NA,NA,NA,NA,NA,NA,NA,NA,NA,NA,NA,NA,NA,NA,NA,NA,12500,"2013"
463,"Music Mondays Community Series","27","City-wide","1",3500,NA,NA,NA,NA,NA,NA,NA,NA,NA,NA,NA,NA,NA,NA,NA,3500,NA,"2013"
464,"Music Toronto","28","City-wide","1",86500,NA,NA,NA,NA,NA,NA,NA,NA,NA,NA,NA,NA,NA,NA,NA,86500,NA,"2013"
465,"Musica Reflecta","30","City-wide","1",2400,NA,NA,NA,NA,NA,NA,NA,NA,NA,NA,NA,NA,NA,NA,NA,2400,NA,"2013"
466,"Musi-ceil (60 X 60 Dance)","17","City-wide","1",6000,NA,NA,NA,NA,NA,NA,NA,NA,NA,NA,NA,NA,NA,NA,NA,6000,NA,"2013"
467,"Nagata Shachu","42","City-wide","1",7000,NA,NA,NA,NA,NA,NA,NA,NA,NA,NA,NA,NA,NA,NA,NA,7000,NA,"2013"
468,"Nathaniel Dett Chorale","15","City-wide","1",21000,NA,NA,NA,NA,NA,NA,NA,NA,NA,NA,NA,NA,NA,NA,NA,21000,NA,"2013"
469,"National Ballet of Canada","28","City-wide","1",1230000,NA,NA,NA,NA,NA,NA,NA,NA,NA,NA,NA,1230000,NA,NA,NA,NA,NA,"2013"
470,"National Council of Jewish Women of Canada, Toronto Section","10","City-wide","1",19485,NA,NA,NA,NA,19485,NA,NA,NA,NA,NA,NA,NA,NA,NA,NA,NA,NA,"2013"
471,"National Shevchenko Musical Ensemble","19","City-wide","1",7500,NA,NA,NA,NA,NA,NA,NA,NA,NA,NA,NA,NA,NA,NA,NA,7500,NA,"2013"
472,"Native Canadian Centre of Toronto","20","City-wide","1",75055,NA,NA,NA,NA,75055,NA,NA,NA,NA,NA,NA,NA,NA,NA,NA,NA,NA,"2013"
473,"Native Child and Family Services of Toronto","27","Area services","4",201576,NA,NA,20000,NA,110320,NA,12592,NA,58664,NA,NA,NA,NA,NA,NA,NA,NA,"2013"
474,"Native Earth Performing Arts","28","City-wide","1",75000,NA,NA,NA,NA,NA,NA,NA,NA,NA,NA,NA,NA,NA,NA,NA,75000,NA,"2013"
475,"Native Women in the Arts","20","City-wide","1",16500,NA,NA,NA,NA,NA,NA,NA,NA,NA,NA,NA,NA,NA,NA,NA,16500,NA,"2013"
476,"Native Women's Resource Centre of Toronto","27","Area services","3",179528,NA,NA,14100,NA,105495,NA,NA,NA,59933,NA,NA,NA,NA,NA,NA,NA,NA,"2013"
477,"Nazareth House","19","Local","1",130730,NA,NA,NA,NA,NA,NA,NA,NA,130730,NA,NA,NA,NA,NA,NA,NA,NA,"2013"
478,"Necessary Angel Theatre Company","20","City-wide","1",67000,NA,NA,NA,NA,NA,NA,NA,NA,NA,NA,NA,NA,NA,NA,NA,67000,NA,"2013"
479,"Neighbourhood Arts Network","20","City-wide","1",1e+05,NA,NA,NA,NA,NA,NA,NA,NA,NA,NA,NA,NA,NA,NA,NA,1e+05,NA,"2013"
480,"Neighbourhood Basketball Association","43","Local","1",40000,NA,NA,NA,NA,NA,NA,NA,NA,NA,NA,NA,NA,NA,40000,NA,NA,NA,"2013"
481,"Neighbourhood Festival Group","11","Area Services","1",8000,NA,NA,NA,8000,NA,NA,NA,NA,NA,NA,NA,NA,NA,NA,NA,NA,NA,"2013"
482,"Neighbourhood Information Centre","31","Area services","1",132370,NA,NA,NA,NA,132370,NA,NA,NA,NA,NA,NA,NA,NA,NA,NA,NA,NA,"2013"
483,"Neighbourhood Information Post","28","Local","1",29331,NA,NA,NA,NA,NA,NA,NA,NA,29331,NA,NA,NA,NA,NA,NA,NA,NA,"2013"
484,"Neighbourhood Link Support Services","31","Local","2",254384,NA,NA,NA,NA,195720,NA,NA,NA,58664,NA,NA,NA,NA,NA,NA,NA,NA,"2013"
485,"Neitgeist","28","City-wide","1",8000,NA,NA,NA,NA,NA,NA,NA,NA,NA,NA,NA,NA,NA,NA,NA,8000,NA,"2013"
486,"New Adventures In Sound Art","21","Area services","1",13500,NA,NA,NA,NA,NA,NA,NA,NA,NA,NA,NA,NA,NA,NA,NA,13500,NA,"2013"
487,"New Canadian Community Centre","24","City-wide","1",52075,NA,NA,NA,NA,52075,NA,NA,NA,NA,NA,NA,NA,NA,NA,NA,NA,NA,"2013"
488,"New Harlem Productions","11","City-wide","1",2500,NA,NA,NA,NA,NA,NA,NA,NA,NA,NA,NA,NA,NA,NA,NA,2500,NA,"2013"
489,"New Music Concerts","28","City-wide","1",55000,NA,NA,NA,NA,NA,NA,NA,NA,NA,NA,NA,NA,NA,NA,NA,55000,NA,"2013"
490,"Newcomers Women's Services Toronto","30","City-wide","1",39740,NA,NA,NA,NA,39740,NA,NA,NA,NA,NA,NA,NA,NA,NA,NA,NA,NA,"2013"
491,"NIA Centre for the Arts","35","City-wide","1",7000,NA,NA,NA,NA,NA,NA,NA,NA,NA,NA,NA,NA,NA,NA,NA,7000,NA,"2013"
492,"Nightswimming","28","City-wide","1",17000,NA,NA,NA,NA,NA,NA,NA,NA,NA,NA,NA,NA,NA,NA,NA,17000,NA,"2013"
493,"Nightwood Theatre","28","City-wide","1",73000,NA,NA,NA,NA,NA,NA,NA,NA,NA,NA,NA,NA,NA,NA,NA,73000,NA,"2013"
494,"NIP- Newcomer Information Post","28","City-wide","1",38080,NA,NA,NA,NA,38080,NA,NA,NA,NA,NA,NA,NA,NA,NA,NA,NA,NA,"2013"
495,"No 9","20","City-wide","1",3000,NA,NA,NA,NA,NA,NA,NA,NA,NA,NA,NA,NA,NA,NA,NA,3000,NA,"2013"
496,"Nobody's Business Theatre","18","City-wide","1",5000,NA,NA,NA,NA,NA,NA,NA,NA,NA,NA,NA,NA,NA,NA,NA,5000,NA,"2013"
497,"North York Arts","23","City Wide","1",1e+05,NA,NA,NA,NA,NA,NA,NA,NA,NA,NA,1e+05,NA,NA,NA,NA,NA,NA,"2013"
498,"North York Community House","15","Area services","3",180160,NA,44500,NA,15000,120660,NA,NA,NA,NA,NA,NA,NA,NA,NA,NA,NA,NA,"2013"
499,"North York Concert Orchestra","25","City-wide","1",2735,NA,NA,NA,NA,NA,NA,NA,NA,NA,NA,NA,NA,NA,NA,NA,2735,NA,"2013"
500,"North York Harvest Food Bank","15","Area Services","1",22080,NA,NA,NA,NA,22080,NA,NA,NA,NA,NA,NA,NA,NA,NA,NA,NA,NA,"2013"
501,"North York Seniors Centre","23","Area services","2",125895,NA,40000,NA,NA,85895,NA,NA,NA,NA,NA,NA,NA,NA,NA,NA,NA,NA,"2013"
502,"North York Women's Resource Centre","15","Area services","2",87180,NA,NA,40000,NA,47180,NA,NA,NA,NA,NA,NA,NA,NA,NA,NA,NA,NA,"2013"
503,"Northern Visions Independent Film & Video Organization","20","City-wide","1",48000,NA,NA,NA,NA,NA,NA,NA,NA,NA,NA,NA,NA,NA,NA,NA,48000,NA,"2013"
504,"Northwood Neighbourhood Services","11","Area services","1",43725,NA,NA,NA,NA,43725,NA,NA,NA,NA,NA,NA,NA,NA,NA,NA,NA,NA,"2013"
505,"Oakwood Village Community Association","15","Local","1",7000,NA,NA,NA,NA,NA,NA,7000,NA,NA,NA,NA,NA,NA,NA,NA,NA,NA,"2013"
506,"Obsidian Theatre Company","30","City-wide","1",45000,NA,NA,NA,NA,NA,NA,NA,NA,NA,NA,NA,NA,NA,NA,NA,45000,NA,"2013"
507,"On the MOVE","28","City-wide","1",4000,NA,NA,NA,NA,NA,NA,NA,NA,NA,NA,NA,NA,NA,NA,NA,4000,NA,"2013"
508,"Ontario Association of Art Galleries","20","City-wide","1",30000,NA,NA,NA,NA,NA,NA,NA,NA,NA,NA,NA,NA,NA,NA,NA,30000,NA,"2013"
509,"Ontario Community Centre for the Deaf, The","25","City-wide","1",12730,NA,NA,NA,NA,12730,NA,NA,NA,NA,NA,NA,NA,NA,NA,NA,NA,NA,"2013"
510,"Ontario Council of Agencies Serving Immigrants (OCASI)","16","City-wide","1",76520,NA,NA,NA,NA,76520,NA,NA,NA,NA,NA,NA,NA,NA,NA,NA,NA,NA,"2013"
511,"Ontario Crafts Council","19","City-wide","1",6000,NA,NA,NA,NA,NA,NA,NA,NA,NA,NA,NA,NA,NA,NA,NA,6000,NA,"2013"
512,"Ontario Justice Education Networt/Reseau Ontarien D'Education Juridicue","27","City-wide","1",16000,16000,NA,NA,NA,NA,NA,NA,NA,NA,NA,NA,NA,NA,NA,NA,NA,NA,"2013"
513,"Oolagan Community Services","27","City-wide","1",59660,NA,NA,NA,NA,NA,NA,NA,NA,59660,NA,NA,NA,NA,NA,NA,NA,NA,"2013"
514,"Open Book Foundation","20","City-wide","1",2000,NA,NA,NA,NA,NA,NA,NA,NA,NA,NA,NA,NA,NA,NA,NA,2000,NA,"2013"
515,"Open Door Storytelling Project","30","Local","1",2667,NA,NA,NA,NA,NA,NA,NA,NA,NA,NA,NA,NA,NA,NA,NA,2667,NA,"2013"
516,"Open Roof Films Entertainment Inc.","20","City-wide","1",4000,NA,NA,NA,NA,NA,NA,NA,NA,NA,NA,NA,NA,NA,NA,NA,4000,NA,"2013"
517,"Open Studio","20","City-wide","1",70000,NA,NA,NA,NA,NA,NA,NA,NA,NA,NA,NA,NA,NA,NA,NA,70000,NA,"2013"
518,"Opera Atelier","28","City-wide","1",75000,NA,NA,NA,NA,NA,NA,NA,NA,NA,NA,NA,NA,NA,NA,NA,75000,NA,"2013"
519,"Opera In Concert","30","City-wide","1",30000,NA,NA,NA,NA,NA,NA,NA,NA,NA,NA,NA,NA,NA,NA,NA,30000,NA,"2013"
520,"Opportunity for Advancement","20","City-wide","2",91155,NA,NA,47000,NA,44155,NA,NA,NA,NA,NA,NA,NA,NA,NA,NA,NA,NA,"2013"
521,"Orchestra Toronto","23","City-wide","1",20000,NA,NA,NA,NA,NA,NA,NA,NA,NA,NA,NA,NA,NA,NA,NA,20000,NA,"2013"
522,"Org. of Calypso Performing Artistes","20","City-wide","1",6000,NA,NA,NA,NA,NA,NA,NA,NA,NA,NA,NA,NA,NA,NA,NA,6000,NA,"2013"
523,"Oriana Women's Choir","4","City-wide","1",8500,NA,NA,NA,NA,NA,NA,NA,NA,NA,NA,NA,NA,NA,NA,NA,8500,NA,"2013"
524,"Orpheus Choir of Toronto","27","City-wide","1",20000,NA,NA,NA,NA,NA,NA,NA,NA,NA,NA,NA,NA,NA,NA,NA,20000,NA,"2013"
525,"Outside the March","22","City Wide","1",12000,NA,NA,NA,NA,NA,NA,NA,NA,NA,NA,NA,NA,NA,NA,NA,12000,NA,"2013"
526,"PACT","20","City-wide","1",5000,NA,NA,NA,NA,NA,NA,NA,NA,NA,NA,NA,NA,NA,NA,NA,5000,NA,"2013"
527,"PAL-Reading Services Inc.","27","City-wide","1",14685,NA,NA,NA,NA,14685,NA,NA,NA,NA,NA,NA,NA,NA,NA,NA,NA,NA,"2013"
528,"Pan Arts Network","42","City-wide","1",4000,NA,NA,NA,NA,NA,NA,NA,NA,NA,NA,NA,NA,NA,NA,NA,4000,NA,"2013"
529,"Pan Trinbago Steelband Assoc. of Ontario","32","City-wide","1",14000,NA,NA,NA,NA,NA,NA,NA,NA,NA,NA,NA,NA,NA,NA,NA,14000,NA,"2013"
530,"Paprika Festival","21","City-wide","1",13000,NA,NA,NA,NA,NA,NA,NA,NA,NA,NA,NA,NA,NA,NA,NA,13000,NA,"2013"
531,"Paradigm Productions","19","City-wide","1",5000,NA,NA,NA,NA,NA,NA,NA,NA,NA,NA,NA,NA,NA,NA,NA,5000,NA,"2013"
532,"Parkdale Activity Recreation Centre","14","Area services","3",30504,NA,NA,NA,NA,NA,NA,NA,NA,30504,NA,NA,NA,NA,NA,NA,NA,NA,"2013"
533,"Parkdale Beauty Pageant Society","18","Local","1",5000,NA,NA,NA,NA,NA,NA,NA,NA,NA,NA,NA,NA,NA,NA,NA,5000,NA,"2013"
534,"Parkdale Community Information Centre","14","Local","1",25575,NA,NA,NA,NA,25575,NA,NA,NA,NA,NA,NA,NA,NA,NA,NA,NA,NA,"2013"
535,"Parkdale Goldern Age Foundation","14","Area services","1",53650,NA,NA,NA,NA,53650,NA,NA,NA,NA,NA,NA,NA,NA,NA,NA,NA,NA,"2013"
536,"Parkdale Intercultural Association (Toronto)","14","Local","2",61600,20000,NA,NA,NA,41600,NA,NA,NA,NA,NA,NA,NA,NA,NA,NA,NA,NA,"2013"
537,"Parkdale Village Arts Collective","14","City-wide","1",2500,NA,NA,NA,NA,NA,NA,NA,NA,NA,NA,NA,NA,NA,NA,NA,2500,NA,"2013"
538,"Passerelle Intégration et Développement Économiques","27","City-wide","2",89885,30000,NA,NA,NA,59885,NA,NA,NA,NA,NA,NA,NA,NA,NA,NA,NA,NA,"2013"
539,"PATCH Porject","19","Local","1",10000,NA,NA,NA,NA,NA,NA,NA,NA,NA,NA,NA,NA,NA,NA,NA,10000,NA,"2013"
540,"Pax Christi Chorale","25","City-wide","1",15000,NA,NA,NA,NA,NA,NA,NA,NA,NA,NA,NA,NA,NA,NA,NA,15000,NA,"2013"
541,"Pegasus Group","19","Local","1",40000,NA,NA,NA,NA,NA,NA,NA,40000,NA,NA,NA,NA,NA,NA,NA,NA,NA,"2013"
542,"Peggy Baker Dance Projects","19","City-wide","1",22500,NA,NA,NA,NA,NA,NA,NA,NA,NA,NA,NA,NA,NA,NA,NA,22500,NA,"2013"
543,"People Project","20","Local","1",12000,NA,NA,NA,NA,NA,NA,NA,NA,NA,NA,NA,NA,NA,NA,NA,12000,NA,"2013"
544,"Philippine Women Centre of Ontario","21","City-wide","1",8000,NA,NA,NA,NA,NA,NA,NA,NA,NA,NA,NA,NA,NA,NA,NA,8000,NA,"2013"
545,"Planet In Focus","28","City-wide","1",23000,NA,NA,NA,NA,NA,NA,NA,NA,NA,NA,NA,NA,NA,NA,NA,23000,NA,"2013"
546,"Plasticine Poetry Series Association","14","City-wide","1",3440,NA,NA,NA,NA,NA,NA,NA,NA,NA,NA,NA,NA,NA,NA,NA,3440,NA,"2013"
547,"Platform A Collaborative Partnership","15","City-wide","1",332000,NA,NA,NA,NA,NA,NA,NA,NA,NA,NA,NA,NA,NA,NA,NA,332000,NA,"2013"
548,"Play it Again Productions","19","City-wide","1",2000,NA,NA,NA,NA,NA,NA,NA,NA,NA,NA,NA,NA,NA,NA,NA,2000,NA,"2013"
549,"Playwrights Guild of Canada","20","City-wide","1",23000,NA,NA,NA,NA,NA,NA,NA,NA,NA,NA,NA,NA,NA,NA,NA,23000,NA,"2013"
550,"Pleiades Theatre","28","City-wide","1",30000,NA,NA,NA,NA,NA,NA,NA,NA,NA,NA,NA,NA,NA,NA,NA,30000,NA,"2013"
551,"Polycultural Immigrant and Community Services","3","Area Services","1",27475,NA,NA,NA,NA,27475,NA,NA,NA,NA,NA,NA,NA,NA,NA,NA,NA,NA,"2013"
552,"Pomengranate Tree Group","18","Local","1",15000,NA,NA,NA,NA,NA,NA,NA,NA,NA,NA,NA,NA,NA,NA,NA,15000,NA,"2013"
553,"Portuguese Women 55 Plus Support Group of Ontario","19","Area services","1",4865,NA,NA,NA,NA,4865,NA,NA,NA,NA,NA,NA,NA,NA,NA,NA,NA,NA,"2013"
554,"pounds per square inch performance","28","City-wide","1",6000,NA,NA,NA,NA,NA,NA,NA,NA,NA,NA,NA,NA,NA,NA,NA,6000,NA,"2013"
555,"Power Plant","20","City-wide","1",191000,NA,NA,NA,NA,NA,NA,NA,NA,NA,NA,NA,NA,NA,NA,NA,191000,NA,"2013"
556,"Power to Girls Foundation","11","Local","1",10000,NA,NA,NA,NA,NA,NA,NA,NA,NA,10000,NA,NA,NA,NA,NA,NA,NA,"2013"
557,"Pratibha Arts","20","City-wide","1",5000,NA,NA,NA,NA,NA,NA,NA,NA,NA,NA,NA,NA,NA,NA,NA,5000,NA,"2013"
558,"Prefix Institute of Contemporary Art","20","City-wide","1",30000,NA,NA,NA,NA,NA,NA,NA,NA,NA,NA,NA,NA,NA,NA,NA,30000,NA,"2013"
559,"Pride Toronto","27","City-wide","1",139960,NA,NA,NA,NA,NA,NA,NA,NA,NA,NA,NA,139960,NA,NA,NA,NA,NA,"2013"
560,"princess productions","18","City-wide","1",18000,NA,NA,NA,NA,NA,NA,NA,NA,NA,NA,NA,NA,NA,NA,NA,18000,NA,"2013"
561,"ProArteDanza","28","City-wide","1",15000,NA,NA,NA,NA,NA,NA,NA,NA,NA,NA,NA,NA,NA,NA,NA,15000,NA,"2013"
562,"Prologue to the Performing Arts","28","City-wide","1",135000,NA,NA,NA,NA,NA,NA,NA,NA,NA,NA,NA,NA,NA,NA,NA,135000,NA,"2013"
563,"Promoting Education and Community Health (PEACH)","7","Area services","1",56455,NA,NA,NA,NA,56455,NA,NA,NA,NA,NA,NA,NA,NA,NA,NA,NA,NA,"2013"
564,"Prosserman Jewish Community Centre","10","City-wide","1",12600,NA,NA,NA,NA,12600,NA,NA,NA,NA,NA,NA,NA,NA,NA,NA,NA,NA,"2013"
565,"Puppetmongers","19","City-wide","1",20000,NA,NA,NA,NA,NA,NA,NA,NA,NA,NA,NA,NA,NA,NA,NA,20000,NA,"2013"
566,"Quip Take","21","City-wide","1",2100,NA,NA,NA,NA,NA,NA,NA,NA,NA,NA,NA,NA,NA,NA,NA,2100,NA,"2013"
567,"Raging Asian Women Taiko Drummers","21","City-wide","1",6000,NA,NA,NA,NA,NA,NA,NA,NA,NA,NA,NA,NA,NA,NA,NA,6000,NA,"2013"
568,"Rainbow Association of Canadian Artists","28","City-wide","1",9000,NA,NA,NA,NA,NA,NA,NA,NA,NA,NA,NA,NA,NA,NA,NA,9000,NA,"2013"
569,"Ralph Thornton Centre","30","Local","1",32180,NA,NA,NA,NA,32180,NA,NA,NA,NA,NA,NA,NA,NA,NA,NA,NA,NA,"2013"
570,"REAson d'etre dance productions","14","City-wide","1",7000,NA,NA,NA,NA,NA,NA,NA,NA,NA,NA,NA,NA,NA,NA,NA,7000,NA,"2013"
571,"Red Dress","30","Local","1",8000,NA,NA,NA,NA,NA,NA,NA,NA,NA,NA,NA,NA,NA,NA,NA,8000,NA,"2013"
572,"Red Pepper Spectacle Arts","20","City-wide","1",29000,NA,NA,NA,NA,NA,NA,NA,NA,NA,NA,NA,NA,NA,NA,NA,29000,NA,"2013"
573,"Red Slam Collective","15","Local","1",8000,NA,NA,NA,NA,NA,NA,NA,NA,NA,NA,NA,NA,NA,NA,NA,8000,NA,"2013"
574,"Red Sky Performance","20","City-wide","1",33000,NA,NA,NA,NA,NA,NA,NA,NA,NA,NA,NA,NA,NA,NA,NA,33000,NA,"2013"
575,"Refuge Productions","34","Local","1",10000,NA,NA,NA,NA,NA,NA,NA,NA,NA,NA,NA,NA,NA,NA,NA,10000,NA,"2013"
576,"Regent Park Community Health Centre","28","Area services","1",4609,NA,NA,NA,NA,NA,NA,NA,NA,4609,NA,NA,NA,NA,NA,NA,NA,NA,"2013"
577,"Regent Park Film Festival Inc","28","Local","1",20000,NA,NA,NA,NA,NA,NA,NA,NA,NA,NA,NA,NA,NA,NA,NA,20000,NA,"2013"
578,"Regent Park Focus","28","Area services","1",30000,NA,NA,NA,NA,NA,NA,NA,NA,NA,NA,NA,NA,NA,NA,NA,30000,NA,"2013"
579,"Regent Park School of Music","28","Area services","1",27000,NA,NA,NA,NA,NA,NA,NA,NA,NA,NA,NA,NA,NA,NA,NA,27000,NA,"2013"
580,"REH'MA Community Services","26","Area Services","1",38150,NA,NA,38150,NA,NA,NA,NA,NA,NA,NA,NA,NA,NA,NA,NA,NA,NA,"2013"
581,"Remix Project (The)","14","City-wide","1",15000,NA,NA,NA,NA,NA,NA,NA,NA,NA,NA,NA,NA,NA,NA,NA,15000,NA,"2013"
582,"Renaissance Canadian Theatre Company","29","City-wide","1",3000,NA,NA,NA,NA,NA,NA,NA,NA,NA,NA,NA,NA,NA,NA,NA,3000,NA,"2013"
583,"Renaissance Projects","19","City-wide","1",3000,NA,NA,NA,NA,NA,NA,NA,NA,NA,NA,NA,NA,NA,NA,NA,3000,NA,"2013"
584,"REX Pride","1","Area services","2",40000,25000,NA,NA,NA,NA,NA,NA,NA,NA,NA,NA,NA,NA,NA,NA,15000,NA,"2013"
585,"Rexdale Community Health Centre","2","Area services","3",206500,NA,NA,NA,8000,183500,NA,15000,NA,NA,NA,NA,NA,NA,NA,NA,NA,NA,"2013"
586,"Rexdale Women's Centre","1","Area services","2",61435,NA,NA,NA,10000,51435,NA,NA,NA,NA,NA,NA,NA,NA,NA,NA,NA,NA,"2013"
587,"Right Path Community Centre","8","City-wide","1",6500,NA,NA,NA,NA,NA,NA,NA,NA,NA,NA,NA,NA,NA,NA,NA,6500,NA,"2013"
588,"Riverdale Immigrant Women Centre","30","Local","2",76000,NA,41000,NA,NA,NA,35000,NA,NA,NA,NA,NA,NA,NA,NA,NA,NA,NA,"2013"
589,"Roarshaq","20","City-wide","1",2050,NA,NA,NA,NA,NA,NA,NA,NA,NA,NA,NA,NA,NA,NA,NA,2050,NA,"2013"
590,"Rosedale Winds","23","City-wide","1",1500,NA,NA,NA,NA,NA,NA,NA,NA,NA,NA,NA,NA,NA,NA,NA,1500,NA,"2013"
591,"Roseneath Theatre","18","City-wide","1",67000,NA,NA,NA,NA,NA,NA,NA,NA,NA,NA,NA,NA,NA,NA,NA,67000,NA,"2013"
592,"Rowers Pub Reading Series Inc.","20","City-wide","1",5100,NA,NA,NA,NA,NA,NA,NA,NA,NA,NA,NA,NA,NA,NA,NA,5100,NA,"2013"
593,"Royal Agricultural Winter Fair","19","City-wide","1",939110,NA,NA,NA,NA,NA,NA,NA,NA,NA,NA,NA,NA,NA,NA,NA,NA,939110,"2013"
594,"Royal Conservatory of Music","20","City-wide","1",7500,NA,NA,NA,NA,NA,NA,NA,NA,NA,NA,NA,NA,NA,NA,NA,7500,NA,"2013"
595,"Ryerson Image Centre/Ryerson University","27","City-wide","1",6000,NA,NA,NA,NA,NA,NA,NA,NA,NA,NA,NA,NA,NA,NA,NA,6000,NA,"2013"
596,"SAINTS (Student Assistance in North Toronto for Seniors)","25","Local","1",10715,NA,NA,NA,NA,10715,NA,NA,NA,NA,NA,NA,NA,NA,NA,NA,NA,NA,"2013"
597,"Salon du Livre de Toronto","20","City-wide","1",5500,NA,NA,NA,NA,NA,NA,NA,NA,NA,NA,NA,NA,NA,NA,NA,5500,NA,"2013"
598,"San Lorenzo Latin American Comm. Ctre","15","City-wide","1",4000,NA,NA,NA,NA,NA,NA,NA,NA,NA,NA,NA,NA,NA,NA,NA,4000,NA,"2013"
599,"San Romanoway Revitalization Association","8","Local","1",73790,NA,NA,NA,NA,73790,NA,NA,NA,NA,NA,NA,NA,NA,NA,NA,NA,NA,"2013"
600,"Scadding Court Community Centre","20","Area services","2",197755,35000,NA,NA,NA,162755,NA,NA,NA,NA,NA,NA,NA,NA,NA,NA,NA,NA,"2013"
601,"Scaramella Concerts","13","City-wide","1",1000,NA,NA,NA,NA,NA,NA,NA,NA,NA,NA,NA,NA,NA,NA,NA,1000,NA,"2013"
602,"Scarborough Access Centre","43","Area Services","1",40000,NA,NA,NA,NA,NA,NA,NA,NA,NA,NA,NA,NA,NA,40000,NA,NA,NA,"2013"
603,"Scarborough Arts Council","36","City-wide","2",146105,NA,NA,NA,8000,NA,NA,NA,NA,NA,NA,138105,NA,NA,NA,NA,NA,NA,"2013"
604,"Scarborough Caribbean Youth Dance Ensemble","42","Local","1",9000,NA,NA,NA,NA,NA,NA,NA,NA,NA,NA,NA,NA,NA,NA,NA,9000,NA,"2013"
605,"Scarborough Centre for Healthy Communities","38","Area Services","1",172645,NA,NA,NA,NA,172645,NA,NA,NA,NA,NA,NA,NA,NA,NA,NA,NA,NA,"2013"
606,"Scarborough Film Festival","20","City-wide","1",2500,NA,NA,NA,NA,NA,NA,NA,NA,NA,NA,NA,NA,NA,NA,NA,2500,NA,"2013"
607,"Scarborough Philharmonic Orchestra","36","Area services","1",20000,NA,NA,NA,NA,NA,NA,NA,NA,NA,NA,NA,NA,NA,NA,NA,20000,NA,"2013"
608,"Scarborough Women's Centre","38","Area services","2",77680,45000,NA,NA,NA,33995,NA,NA,NA,NA,NA,NA,NA,NA,NA,NA,NA,NA,"2013"
609,"S.E.A.S. Centre (Support Enhance Access Services Centre)","28","Area services","1",76860,NA,NA,NA,NA,76860,NA,NA,NA,NA,NA,NA,NA,NA,NA,NA,NA,NA,"2013"
610,"Second Mile Club of Toronto, The","20","City-wide","1",65065,NA,NA,NA,NA,65065,NA,NA,NA,NA,NA,NA,NA,NA,NA,NA,NA,NA,"2013"
611,"Seeds of Hope Foundation","27","Local","1",5900,NA,NA,NA,NA,NA,NA,5900,NA,NA,NA,NA,NA,NA,NA,NA,NA,NA,"2013"
612,"Self-Help Resource Centre","22","City-wide","2",47360,NA,33000,NA,NA,14360,NA,NA,NA,NA,NA,NA,NA,NA,NA,NA,NA,NA,"2013"
613,"Self Made","43","Area Services","1",9550,NA,NA,NA,NA,NA,NA,NA,NA,NA,9550,NA,NA,NA,NA,NA,NA,NA,"2013"
614,"Senior Adult Services in the Annex, Toronto","20","Local","1",31560,NA,NA,NA,NA,31560,NA,NA,NA,NA,NA,NA,NA,NA,NA,NA,NA,NA,"2013"
615,"Senior Peoples' Resources in North Toronto (SPRINT)","22","Area services","1",91095,NA,NA,NA,NA,91095,NA,NA,NA,NA,NA,NA,NA,NA,NA,NA,NA,NA,"2013"
616,"Senior Tamil's Centre of Ontario","41","City-wide","1",55125,NA,NA,NA,NA,55125,NA,NA,NA,NA,NA,NA,NA,NA,NA,NA,NA,NA,"2013"
617,"Series 8:08","18","City-wide","1",4800,NA,NA,NA,NA,NA,NA,NA,NA,NA,NA,NA,NA,NA,NA,NA,4800,NA,"2013"
618,"Shadowland Theatre","28","Local","1",18000,NA,NA,NA,NA,NA,NA,NA,NA,NA,NA,NA,NA,NA,NA,NA,18000,NA,"2013"
619,"Shakespeare in the Ruff","11","Local","1",10000,NA,NA,NA,NA,NA,NA,NA,NA,NA,NA,NA,NA,NA,NA,NA,10000,NA,"2013"
620,"Settlement Assistance and Family Support Services (Formerly South Asian Family Support Services)","38","Area services","1",48675,NA,NA,NA,NA,48675,NA,NA,NA,NA,NA,NA,NA,NA,NA,NA,NA,NA,"2013"
621,"Sherbourne Health Sentre - SOY","28","City-wide","1",6000,NA,NA,NA,NA,NA,NA,NA,NA,NA,NA,NA,NA,NA,NA,NA,6000,NA,"2013"
622,"Silent Voice Canada","22","City-wide","1",29470,NA,NA,NA,NA,29470,NA,NA,NA,NA,NA,NA,NA,NA,NA,NA,NA,NA,"2013"
623,"Sinfonia Toronto","24","City-wide","1",13000,NA,NA,NA,NA,NA,NA,NA,NA,NA,NA,NA,NA,NA,NA,NA,13000,NA,"2013"
624,"Single Thread Theatre Company","27","City-wide","1",10500,NA,NA,NA,NA,NA,NA,NA,NA,NA,NA,NA,NA,NA,NA,NA,10500,NA,"2013"
625,"Sino-Tibetan Buddhist Studies Association","41","City-wide","1",7000,NA,NA,NA,NA,NA,NA,NA,NA,NA,NA,NA,NA,NA,NA,NA,7000,NA,"2013"
626,"Sir William Campbell House Foundation","20","City-wide","1",3500,NA,NA,NA,NA,NA,NA,NA,NA,NA,NA,NA,NA,NA,NA,NA,3500,NA,"2013"
627,"Sir William Campbell House Museum","20","City-wide","1",36687,NA,NA,NA,NA,NA,NA,NA,NA,NA,NA,NA,NA,36687.75,NA,NA,NA,NA,"2013"
628,"Sistering-A Woman’s Place","19","Local","1",13000,NA,NA,NA,NA,NA,NA,NA,NA,NA,NA,NA,NA,NA,NA,NA,13000,NA,"2013"
629,"SKETCH Working Arts For Street Involved & Homeless Youth","18","City-wide","2",89070,24070,NA,NA,NA,NA,NA,NA,NA,NA,NA,NA,NA,NA,NA,NA,65000,NA,"2013"
630,"Small Theatre Administrative Facility","20","City-wide","1",25000,NA,NA,NA,NA,NA,NA,NA,NA,NA,NA,NA,NA,NA,NA,NA,25000,NA,"2013"
631,"Small Wooden Shoe","14","City-wide","1",10000,NA,NA,NA,NA,NA,NA,NA,NA,NA,NA,NA,NA,NA,NA,NA,10000,NA,"2013"
632,"Small World Music Society","18","City-wide","1",42500,NA,NA,NA,NA,NA,NA,NA,NA,NA,NA,NA,NA,NA,NA,NA,42500,NA,"2013"
633,"Smile Company","20","Area services","1",24000,NA,NA,NA,NA,NA,NA,NA,NA,NA,NA,NA,NA,NA,NA,NA,24000,NA,"2013"
634,"Society of Sharing: Inner-City Volunteers","27","Area services","1",15245,NA,NA,NA,NA,15245,NA,NA,NA,NA,NA,NA,NA,NA,NA,NA,NA,NA,"2013"
635,"Somali Canadian Association of Etobicoke","1","Area services","1",22080,NA,NA,NA,NA,22080,NA,NA,NA,NA,NA,NA,NA,NA,NA,NA,NA,NA,"2013"
636,"Somali Women and Children's Support Network","2","City-wide","1",38420,NA,NA,NA,NA,38420,NA,NA,NA,NA,NA,NA,NA,NA,NA,NA,NA,NA,"2013"
637,"Soulpepper Theatre Company","28","City-wide","1",285000,NA,NA,NA,NA,NA,NA,NA,NA,NA,NA,NA,NA,NA,NA,NA,285000,NA,"2013"
638,"Sound Check","11","Local","1",10000,NA,NA,NA,NA,NA,NA,NA,NA,NA,10000,NA,NA,NA,NA,NA,NA,NA,"2013"
639,"Soundstreams Canada","20","City-wide","1",84000,NA,NA,NA,NA,NA,NA,NA,NA,NA,NA,NA,NA,NA,NA,NA,84000,NA,"2013"
640,"South Asian Visual Arts Collective","20","City-wide","1",40000,NA,NA,NA,NA,NA,NA,NA,NA,NA,NA,NA,NA,NA,NA,NA,40000,NA,"2013"
641,"South Asian Women's Centre","18","City-wide","2",117800,NA,NA,35000,NA,82800,NA,NA,NA,NA,NA,NA,NA,NA,NA,NA,NA,NA,"2013"
642,"South Riverdale Community Health Centre","30","Local","1",6000,NA,NA,NA,NA,NA,NA,NA,NA,NA,NA,NA,NA,NA,NA,NA,6000,NA,"2013"
643,"Southern Currents / Corrientes Del Sur","17","City-wide","1",20000,NA,NA,NA,NA,NA,NA,NA,NA,NA,NA,NA,NA,NA,NA,NA,20000,NA,"2013"
644,"Sparroways Youth Group","24","Local","1",10000,NA,NA,NA,NA,NA,NA,NA,NA,NA,10000,NA,NA,NA,NA,NA,NA,NA,"2013"
645,"Spectrum Arts Project","19","City -wide","1",22000,NA,NA,NA,NA,NA,NA,22000,NA,NA,NA,NA,NA,NA,NA,NA,NA,NA,"2013"
646,"Spectrum Composers Collective","30","City-wide","1",6000,NA,NA,NA,NA,NA,NA,NA,NA,NA,NA,NA,NA,NA,NA,NA,6000,NA,"2013"
647,"Springtide Resources Inc.","20","City-wide","2",62780,40700,NA,NA,NA,22080,NA,NA,NA,NA,NA,NA,NA,NA,NA,NA,NA,NA,"2013"
648,"St. Alban's Boys' and Girls' Club","20","Area services","1",183015,NA,NA,NA,NA,183015,NA,NA,NA,NA,NA,NA,NA,NA,NA,NA,NA,NA,"2013"
649,"St. Bernadette's Family Resource Centre","12","Area services","1",18200,NA,NA,NA,NA,18200,NA,NA,NA,NA,NA,NA,NA,NA,NA,NA,NA,NA,"2013"
650,"St. Christopher House (The)","19","Area services","1",272430,NA,NA,NA,NA,272430,NA,NA,NA,NA,NA,NA,NA,NA,NA,NA,NA,NA,"2013"
651,"St. Ch ristopher House Music School","19","Local","1",26000,NA,NA,NA,NA,NA,NA,NA,NA,NA,NA,NA,NA,NA,NA,NA,26000,NA,"2013"
652,"St. Clair O'Connor Community Inc.","31","Area services","1",16920,NA,NA,NA,NA,16920,NA,NA,NA,NA,NA,NA,NA,NA,NA,NA,NA,NA,"2013"
653,"St. Clair West Services for Seniors, Inc.","12","Area services","1",47865,NA,NA,NA,NA,47865,NA,NA,NA,NA,NA,NA,NA,NA,NA,NA,NA,NA,"2013"
654,"St. Matthew's Bracondale House","21","Area services","1",13945,NA,NA,NA,NA,13945,NA,NA,NA,NA,NA,NA,NA,NA,NA,NA,NA,NA,"2013"
655,"St. Michael's College","20","Local","1",10000,NA,NA,NA,NA,NA,NA,NA,10000,NA,NA,NA,NA,NA,NA,NA,NA,NA,"2013"
656,"St. Patrick's Catholic Church","20","Local","1",20000,NA,NA,NA,NA,NA,NA,NA,20000,NA,NA,NA,NA,NA,NA,NA,NA,NA,"2013"
657,"St. Paul's L'Amoreaux Centre","40","Area services","1",92275,NA,NA,NA,NA,92275,NA,NA,NA,NA,NA,NA,NA,NA,NA,NA,NA,NA,"2013"
658,"St. Stephen's Community House","20","City-wide","3",238765,NA,NA,NA,NA,225765,NA,NA,NA,NA,NA,NA,NA,NA,NA,NA,13000,NA,"2013"
659,"St. Thomas' Anglican Church","20","Area services","1",5000,NA,NA,NA,NA,NA,NA,NA,NA,NA,NA,NA,NA,NA,NA,NA,NA,NA,"2013"
660,"S.P.O.T. (Success Power Opportunity Teamwork), The","42","Local","1",8265,NA,NA,NA,NA,NA,NA,NA,NA,NA,8265,NA,NA,NA,NA,NA,NA,NA,"2013"
661,"STEPS Sustainable Thinking and Expression","19","City-wide","1",24850,NA,NA,NA,NA,NA,NA,24850,NA,NA,NA,NA,NA,NA,NA,NA,NA,NA,"2013"
662,"Stolen From Africa","18","Area services","1",12000,NA,NA,NA,NA,NA,NA,NA,NA,NA,NA,NA,NA,NA,NA,NA,12000,NA,"2013"
663,"Stonegate Community Health Centre","5","Area services","1",82680,NA,NA,NA,NA,82680,NA,NA,NA,NA,NA,NA,NA,NA,NA,NA,NA,NA,"2013"
664,"Stop Community Food Centre, The","17","Area services","1",26520,NA,NA,NA,NA,26520,NA,NA,NA,NA,NA,NA,NA,NA,NA,NA,NA,NA,"2013"
665,"Storefront Humber Inc.","6","Local","1",54615,NA,NA,NA,NA,54615,NA,NA,NA,NA,NA,NA,NA,NA,NA,NA,NA,NA,"2013"
666,"Stories Beyond Borders","20","Local","1",8265,NA,NA,NA,NA,NA,NA,NA,NA,NA,8265,NA,NA,NA,NA,NA,NA,NA,"2013"
667,"Story Planet","20","City-wide","1",12000,NA,NA,NA,NA,NA,NA,NA,NA,NA,NA,NA,NA,NA,NA,NA,12000,NA,"2013"
668,"Storytellers School of Toronto","21","City Wide","1",35500,NA,NA,NA,NA,NA,NA,NA,NA,NA,NA,NA,NA,NA,NA,NA,35500,NA,"2013"
669,"Steeles L'Amoreaux Strength in Partnership","39","Area Services","1",40000,NA,NA,NA,NA,NA,NA,NA,NA,NA,NA,NA,NA,NA,40000,NA,NA,NA,"2013"
670,"Street Arts Showcase","13","Local","1",3000,NA,NA,NA,NA,NA,NA,3000,NA,NA,NA,NA,NA,NA,NA,NA,NA,NA,"2013"
671,"Studio 180 Theatre Company","20","City Wide","1",15000,NA,NA,NA,NA,NA,NA,NA,NA,NA,NA,NA,NA,NA,NA,NA,15000,NA,"2013"
672,"StudioFeed Toronto","20","City-wide","1",6000,NA,NA,NA,NA,NA,NA,NA,NA,NA,NA,NA,NA,NA,NA,NA,6000,NA,"2013"
673,"Subtle Technologies","19","City-wide","1",16000,NA,NA,NA,NA,NA,NA,NA,NA,NA,NA,NA,NA,NA,NA,NA,16000,NA,"2013"
674,"Suburban Beast","20","City-wide","1",7500,NA,NA,NA,NA,NA,NA,NA,NA,NA,NA,NA,NA,NA,NA,NA,7500,NA,"2013"
675,"SuiteLife Arts for Youth","32","Area services","1",8000,NA,NA,NA,NA,NA,NA,NA,NA,NA,NA,NA,NA,NA,NA,NA,8000,NA,"2013"
676,"SummerWorks Theatre Festival","20","Local","1",40000,NA,NA,NA,NA,NA,NA,NA,NA,NA,NA,NA,NA,NA,NA,NA,40000,NA,"2013"
677,"Sunshine Centre for Seniors","27","Local","1",41965,NA,NA,NA,NA,41965,NA,NA,NA,NA,NA,NA,NA,NA,NA,NA,NA,NA,"2013"
678,"Supernaturalz","20","City-wide","1",5000,NA,NA,NA,NA,NA,NA,NA,NA,NA,NA,NA,NA,NA,NA,NA,5000,NA,"2013"
679,"Supine Collective","13","City-wide","1",10000,NA,NA,NA,NA,NA,NA,NA,NA,NA,NA,NA,NA,NA,NA,NA,10000,NA,"2013"
680,"Syme-Woolner Neighbourhood & Family Centre","12","Area services","1",99150,NA,NA,NA,NA,99150,NA,NA,NA,NA,NA,NA,NA,NA,NA,NA,NA,NA,"2013"
681,"Syrinx Concerts Toronto","21","City-wide","1",5000,NA,NA,NA,NA,NA,NA,NA,NA,NA,NA,NA,NA,NA,NA,NA,5000,NA,"2013"
682,"Tafelmusik","20","City-wide","1",160000,NA,NA,NA,NA,NA,NA,NA,NA,NA,NA,NA,NA,NA,NA,NA,160000,NA,"2013"
683,"Talisker Players Chamber  Music","20","City-wide","1",13000,NA,NA,NA,NA,NA,NA,NA,NA,NA,NA,NA,NA,NA,NA,NA,13000,NA,"2013"
684,"Tamil Eelam Society of Canada, The","37","City-wide","1",34225,NA,NA,NA,NA,34225,NA,NA,NA,NA,NA,NA,NA,NA,NA,NA,NA,NA,"2013"
685,"Tangled Art and Disability","20","City-wide","1",10000,NA,NA,NA,NA,NA,NA,NA,NA,NA,NA,NA,NA,NA,NA,NA,10000,NA,"2013"
686,"Tapestry New Opera Works","28","City-wide","1",39000,NA,NA,NA,NA,NA,NA,NA,NA,NA,NA,NA,NA,NA,NA,NA,39000,NA,"2013"
687,"Tarragon Theatre","21","City-wide","2",235000,NA,NA,NA,NA,NA,35000,NA,NA,NA,NA,NA,NA,NA,NA,NA,2e+05,NA,"2013"
688,"Team Vector","18","City-wide","1",7000,NA,NA,NA,NA,NA,NA,NA,NA,NA,NA,NA,NA,NA,NA,NA,7000,NA,"2013"
689,"Teen Talk","28","Area Services","1",10000,NA,NA,NA,NA,NA,NA,NA,NA,NA,10000,NA,NA,NA,NA,NA,NA,NA,"2013"
690,"Teresa Group, The","22","City-wide","1",27600,NA,NA,NA,NA,27600,NA,NA,NA,NA,NA,NA,NA,NA,NA,NA,NA,NA,"2013"
691,"Textile Museum of Canada","27","City-wide","1",58000,NA,NA,NA,NA,NA,NA,NA,NA,NA,NA,NA,NA,NA,NA,NA,58000,NA,"2013"
692,"The Gallops","21","City-wide","1",6000,NA,NA,NA,NA,NA,NA,NA,NA,NA,NA,NA,NA,NA,NA,NA,6000,NA,"2013"
693,"The Young Centre (GBSP Centre Corp)","28","City-wide","1",8000,NA,NA,NA,NA,NA,NA,NA,NA,NA,NA,NA,NA,NA,NA,NA,8000,NA,"2013"
694,"Theatre Asylum","20","City-wide","1",14000,NA,NA,NA,NA,NA,NA,NA,NA,NA,NA,NA,NA,NA,NA,NA,14000,NA,"2013"
695,"Theatre Brouhaha","30","Local","1",3500,NA,NA,NA,NA,NA,NA,NA,NA,NA,NA,NA,NA,NA,NA,NA,3500,NA,"2013"
696,"Theatre Centre","18","City-wide","1",110000,NA,NA,NA,NA,NA,NA,NA,NA,NA,NA,NA,NA,NA,NA,NA,110000,NA,"2013"
697,"Theatre Collider","13","Local","1",5000,NA,NA,NA,NA,NA,NA,NA,NA,NA,NA,NA,NA,NA,NA,NA,5000,NA,"2013"
698,"Theatre Columbus","20","City-wide","1",41000,NA,NA,NA,NA,NA,NA,NA,NA,NA,NA,NA,NA,NA,NA,NA,41000,NA,"2013"
699,"Theatre Direct Canada","21","City-wide","1",77000,NA,NA,NA,NA,NA,NA,NA,NA,NA,NA,NA,NA,NA,NA,NA,77000,NA,"2013"
700,"Theatre Gargantua","18","Local","1",15000,NA,NA,NA,NA,NA,NA,NA,NA,NA,NA,NA,NA,NA,NA,NA,15000,NA,"2013"
701,"Theatre Museum Canada","28","City-wide","1",2500,NA,NA,NA,NA,NA,NA,NA,NA,NA,NA,NA,NA,NA,NA,NA,2500,NA,"2013"
702,"Theatre Ontario","20","City-wide","1",11500,NA,NA,NA,NA,NA,NA,NA,NA,NA,NA,NA,NA,NA,NA,NA,11500,NA,"2013"
703,"Theatre Passe Muraille","20","City-wide","1",154000,NA,NA,NA,NA,NA,NA,NA,NA,NA,NA,NA,NA,NA,NA,NA,154000,NA,"2013"
704,"Theatre Smash","14","City-wide","1",4500,NA,NA,NA,NA,NA,NA,NA,NA,NA,NA,NA,NA,NA,NA,NA,4500,NA,"2013"
705,"Theatre Smith-Gilmour","20","City-wide","1",41000,NA,NA,NA,NA,NA,NA,NA,NA,NA,NA,NA,NA,NA,NA,NA,41000,NA,"2013"
706,"Theatrefront Inc.","28","City-wide","1",15000,NA,NA,NA,NA,NA,NA,NA,NA,NA,NA,NA,NA,NA,NA,NA,15000,NA,"2013"
707,"TheatreRUN","18","City-wide","1",3000,NA,NA,NA,NA,NA,NA,NA,NA,NA,NA,NA,NA,NA,NA,NA,3000,NA,"2013"
708,"Thin Edge New Music Collective","27","City-wide","1",1067,NA,NA,NA,NA,NA,NA,NA,NA,NA,NA,NA,NA,NA,NA,NA,1067,NA,"2013"
709,"Thorncliffe Neighbourhood Office of Toronto for Social 
& Multi-Cultural Development","26","Area services","2",62840,NA,NA,NA,5000,57840,NA,NA,NA,NA,NA,NA,NA,NA,NA,NA,NA,NA,"2013"
710,"Throwdown Collective","28","City-wide","1",7000,NA,NA,NA,NA,NA,NA,NA,NA,NA,NA,NA,NA,NA,NA,NA,7000,NA,"2013"
711,"Tobias House Attendant Care Inc.","32","City-wide","1",35080,NA,NA,NA,NA,35080,NA,NA,NA,NA,NA,NA,NA,NA,NA,NA,NA,NA,"2013"
712,"Toronto Alliance for the Performing Arts","20","City-wide","1",83000,NA,NA,NA,NA,NA,NA,NA,NA,NA,NA,NA,NA,NA,NA,NA,83000,NA,"2013"
713,"Toronto Alternative Arts and Fashion Week","13","City-wide","1",4500,NA,NA,NA,NA,NA,NA,NA,NA,NA,NA,NA,NA,NA,NA,NA,4500,NA,"2013"
714,"Toronto and Central Ontario Hemophilia Society","27","City-wide","1",24840,NA,NA,NA,NA,24840,NA,NA,NA,NA,NA,NA,NA,NA,NA,NA,NA,NA,"2013"
715,"Toronto Animated Image Society","17","City-wide","1",4000,NA,NA,NA,NA,NA,NA,NA,NA,NA,NA,NA,NA,NA,NA,NA,4000,NA,"2013"
716,"Toronto Artscape Inc. - Artscape","19","City-wide","2",326000,NA,NA,NA,NA,NA,NA,11000,NA,NA,NA,NA,315000,NA,NA,NA,NA,NA,"2013"
717,"Toronto Blues Society","19","City-wide","1",32000,NA,NA,NA,NA,NA,NA,NA,NA,NA,NA,NA,NA,NA,NA,NA,32000,NA,"2013"
718,"Toronto Book and Magazine Fair","14","City-wide","1",41500,NA,NA,NA,NA,NA,NA,NA,NA,NA,NA,NA,NA,NA,NA,NA,41500,NA,"2013"
719,"Toronto Chamber Choir","10","City-wide","1",7500,NA,NA,NA,NA,NA,NA,NA,NA,NA,NA,NA,NA,NA,NA,NA,7500,NA,"2013"
720,"Toronto Children's Chorus","22","City-wide","1",38000,NA,NA,NA,NA,NA,NA,NA,NA,NA,NA,NA,NA,NA,NA,NA,38000,NA,"2013"
721,"Toronto City Opera","27","City-wide","1",4800,NA,NA,NA,NA,NA,NA,NA,NA,NA,NA,NA,NA,NA,NA,NA,4800,NA,"2013"
722,"Toronto Coalition for Better Child Care","19","City-wide","2",37680,15600,NA,NA,NA,22080,NA,NA,NA,NA,NA,NA,NA,NA,NA,NA,NA,NA,"2013"
723,"Toronto Comic Arts Festival","19","City-wide","1",8000,NA,NA,NA,NA,NA,NA,NA,NA,NA,NA,NA,NA,NA,NA,NA,8000,NA,"2013"
724,"Toronto Consort","20","City-wide","1",26000,NA,NA,NA,NA,NA,NA,NA,NA,NA,NA,NA,NA,NA,NA,NA,26000,NA,"2013"
725,"Toronto Community & Culture Centre","20","City-wide","2",29790,NA,10000,NA,NA,19790,NA,NA,NA,NA,NA,NA,NA,NA,NA,NA,NA,NA,"2013"
726,"Toronto Dance Community Love-In","19","City-wide","1",7000,NA,NA,NA,NA,NA,NA,NA,NA,NA,NA,NA,NA,NA,NA,NA,7000,NA,"2013"
727,"Toronto Dance Foundation","28","City-wide","1",10000,NA,NA,NA,NA,NA,10000,NA,NA,NA,NA,NA,NA,NA,NA,NA,NA,NA,"2013"
728,"Toronto Dance Theatre","28","City-wide","1",150000,NA,NA,NA,NA,NA,NA,NA,NA,NA,NA,NA,NA,NA,NA,NA,150000,NA,"2013"
729,"Toronto Downtown Jazz","28","City-wide","1",30000,NA,NA,NA,NA,NA,NA,NA,NA,NA,NA,NA,NA,NA,NA,NA,30000,NA,"2013"
730,"Toronto Early Music Centre","16","City-wide","1",4200,NA,NA,NA,NA,NA,NA,NA,NA,NA,NA,NA,NA,NA,NA,NA,4200,NA,"2013"
731,"Toronto Festival of Arts, Culture and Creativity - Luminato TO Festival","28","City-wide","1",250000,NA,NA,NA,NA,NA,NA,NA,NA,NA,NA,NA,250000,NA,NA,NA,NA,NA,"2013"
732,"Toronto Finnish-Canadain Seniores Centre","26","City-wide","1",16335,NA,NA,NA,NA,16335,NA,NA,NA,NA,NA,NA,NA,NA,NA,NA,NA,NA,"2013"
733,"Toronto Foundation for Student Success","12","City-wide","1",4125445,NA,NA,NA,NA,NA,NA,NA,NA,NA,NA,NA,NA,NA,NA,4125445,NA,NA,"2013"
734,"Toronto Heritage Dance","28","City-wide","1",3000,NA,NA,NA,NA,NA,NA,NA,NA,NA,NA,NA,NA,NA,NA,NA,3000,NA,"2013"
735,"Toronto Intergenerational Partnerships","29","Area services","1",45270,NA,NA,NA,NA,45270,NA,NA,NA,NA,NA,NA,NA,NA,NA,NA,NA,NA,"2013"
736,"Toronto International Deaf Film & Arts Festival","27","City-wide","1",4000,NA,NA,NA,NA,NA,NA,NA,NA,NA,NA,NA,NA,NA,NA,NA,4000,NA,"2013"
737,"Toronto International Film Festival TIFF","20","City-wide","1",950000,NA,NA,NA,NA,NA,NA,NA,NA,NA,NA,NA,950000,NA,NA,NA,NA,NA,"2013"
738,"Toronto International Flamenco Festival","22","City-wide","1",5000,NA,NA,NA,NA,NA,NA,NA,NA,NA,NA,NA,NA,NA,NA,NA,5000,NA,"2013"
739,"Toronto Jewish Film Festival","20","City-wide","1",24000,NA,NA,NA,NA,NA,NA,NA,NA,NA,NA,NA,NA,NA,NA,NA,24000,NA,"2013"
740,"Toronto Jewish Folk Choir","16","City-wide","1",5800,NA,NA,NA,NA,NA,NA,NA,NA,NA,NA,NA,NA,NA,NA,NA,5800,NA,"2013"
741,"Toronto Kiwanis Boys and Girls Clubs","28","Local","1",90690,NA,NA,NA,NA,90690,NA,NA,NA,NA,NA,NA,NA,NA,NA,NA,NA,NA,"2013"
742,"Toronto Masque Theatre","20","City-wide","1",10000,NA,NA,NA,NA,NA,NA,NA,NA,NA,NA,NA,NA,NA,NA,NA,10000,NA,"2013"
743,"Toronto Mendelssohn Choir","19","City-wide","1",61000,NA,NA,NA,NA,NA,NA,NA,NA,NA,NA,NA,NA,NA,NA,NA,61000,NA,"2013"
744,"Toronto Operetta Theatre","30","City-wide","1",19000,NA,NA,NA,NA,NA,NA,NA,NA,NA,NA,NA,NA,NA,NA,NA,23000,NA,"2013"
745,"Toronto Outdoor Art Exhibit","20","City-wide","1",1500,NA,NA,NA,NA,NA,NA,NA,NA,NA,NA,NA,NA,NA,NA,NA,1500,NA,"2013"
746,"Toronto Palestine Film Festival Collective","13","City-wide","1",2000,NA,NA,NA,NA,NA,NA,NA,NA,NA,NA,NA,NA,NA,NA,NA,2000,NA,"2013"
747,"Toronto People With AIDS Foundation","28","City-wide","1",29950,NA,NA,NA,NA,29950,NA,NA,NA,NA,NA,NA,NA,NA,NA,NA,NA,NA,"2013"
748,"Toronto Photographers Workshop","19","City-wide","1",65000,NA,NA,NA,NA,NA,NA,NA,NA,NA,NA,NA,NA,NA,NA,NA,65000,NA,"2013"
749,"Toronto Rape Crisis Centre / Multicultural Women Against Rape","20","City-wide","1",49885,NA,NA,NA,NA,49885,NA,NA,NA,NA,NA,NA,NA,NA,NA,NA,NA,NA,"2013"
750,"Toronto Reel Asian International Film Festival","19","City-wide","1",45000,NA,NA,NA,NA,NA,NA,NA,NA,NA,NA,NA,NA,NA,NA,NA,45000,NA,"2013"
751,"Toronto Sketch Comedy Festival Group","18","City-wide","1",7000,NA,NA,NA,NA,NA,NA,NA,NA,NA,NA,NA,NA,NA,NA,NA,7000,NA,"2013"
752,"Toronto Summer Music Foundation","27","City-wide","1",8000,NA,NA,NA,NA,NA,NA,NA,NA,NA,NA,NA,NA,NA,NA,NA,8000,NA,"2013"
753,"Toronto Symphony Orchestra","20","City-wide","1",1205000,NA,NA,NA,NA,NA,NA,NA,NA,NA,NA,NA,1205000,NA,NA,NA,NA,NA,"2013"
754,"Toronto Urban Dance Symposium","27","City-wide","1",8000,NA,NA,NA,NA,NA,NA,NA,NA,NA,NA,NA,NA,NA,NA,NA,8000,NA,"2013"
755,"Toronto Women's City Alliance","15","City-wide","1",49800,49800,NA,NA,NA,NA,NA,NA,NA,NA,NA,NA,NA,NA,NA,NA,NA,NA,"2013"
756,"TorQ Percussion Quartet","5","City-wide","1",9000,NA,NA,NA,NA,NA,NA,NA,NA,NA,NA,NA,NA,NA,NA,NA,9000,NA,"2013"
757,"Town of York Historical Society (Toronto's First Post Office)","28","City-wide","1",28302.18,NA,NA,NA,NA,NA,NA,NA,NA,NA,NA,NA,NA,28302.18,NA,NA,NA,NA,"2013"
758,"Toy Piano Composers","17","City-wide","1",4000,NA,NA,NA,NA,NA,NA,NA,NA,NA,NA,NA,NA,NA,NA,NA,4000,NA,"2013"
759,"Transcare Community Support Services","39","Area services","1",77255,NA,NA,NA,NA,77255,NA,NA,NA,NA,NA,NA,NA,NA,NA,NA,NA,NA,"2013"
760,"Tribal Crackling Wind for the Arts","27","City-wide","1",15000,NA,NA,NA,NA,NA,NA,NA,NA,NA,NA,NA,NA,NA,NA,NA,15000,NA,"2013"
761,"Trinity Square Video","20","City-wide","1",50000,NA,NA,NA,NA,NA,NA,NA,NA,NA,NA,NA,NA,NA,NA,NA,50000,NA,"2013"
762,"Tropicana Community Services","38","City-wide","2",99065,NA,NA,NA,NA,87065,NA,NA,NA,NA,NA,NA,NA,NA,NA,NA,12000,NA,"2013"
763,"True Davidson Meals on Wheels (E.York) Inc.","31","Local","1",19930,NA,NA,NA,NA,19930,NA,NA,NA,NA,NA,NA,NA,NA,NA,NA,NA,NA,"2013"
764,"Tune Your Ride Collective","19","City-wide","1",2500,NA,NA,NA,NA,NA,NA,NA,NA,NA,NA,NA,NA,NA,NA,NA,2500,NA,"2013"
765,"Turtle House Art/Play Centre","19","City-wide","1",13000,NA,NA,NA,NA,NA,NA,NA,NA,NA,NA,NA,NA,NA,NA,NA,13000,NA,"2013"
766,"Ukrainian Canadian Social Services (Toronto) Inc.","13","City-wide","1",36485,NA,NA,NA,NA,36485,NA,NA,NA,NA,NA,NA,NA,NA,NA,NA,NA,NA,"2013"
767,"Unapologetic Burlesque","20","City-wide","1",10000,NA,NA,NA,NA,NA,NA,NA,NA,NA,NA,NA,NA,NA,NA,NA,10000,NA,"2013"
768,"Urban Magazine Inc.","9","Local","1",10000,NA,NA,NA,NA,NA,NA,NA,NA,NA,NA,NA,NA,NA,NA,NA,10000,NA,"2013"
769,"Unison Health and Community Services","15","Local","2",86820,NA,NA,40000,NA,46820,NA,NA,NA,NA,NA,NA,NA,NA,NA,NA,NA,NA,"2013"
770,"U.N.I.T. Productions","30","City-wide","1",10000,NA,NA,NA,NA,NA,NA,NA,NA,NA,NA,NA,NA,NA,NA,NA,10000,NA,"2013"
771,"United Way of Greater Toronto-Toronto Enterprise Fund","28","City-wide","1",265500,NA,NA,NA,NA,NA,NA,NA,NA,265500,NA,NA,NA,NA,NA,NA,NA,NA,"2013"
772,"University Settlement","20","Local","1",121145,NA,NA,NA,NA,121145,NA,NA,NA,NA,NA,NA,NA,NA,NA,NA,NA,NA,"2013"
773,"University Settlement Music School","20","City-wide","1",30000,NA,NA,NA,NA,NA,NA,NA,NA,NA,NA,NA,NA,NA,NA,NA,30000,NA,"2013"
774,"Univox Choir Toronto","18","City-wide","1",7500,NA,NA,NA,NA,NA,NA,NA,NA,NA,NA,NA,NA,NA,NA,NA,7500,NA,"2013"
775,"Urban Alliance on Race Relations","20","City-wide","1",45000,45000,NA,NA,NA,NA,NA,NA,NA,NA,NA,NA,NA,NA,NA,NA,NA,NA,"2013"
776,"UrbanArts Community Arts Council","11","City-wide","2",147882,NA,NA,NA,NA,NA,NA,27247,NA,NA,NA,120635,NA,NA,NA,NA,NA,NA,"2013"
777,"Urban Non-violent Initiatives Through Youth","16","City-wide","1",9000,NA,NA,NA,NA,NA,NA,NA,NA,NA,NA,NA,NA,NA,NA,NA,9000,NA,"2013"
778,"V Tape","20","City-wide","1",70000,NA,NA,NA,NA,NA,NA,NA,NA,NA,NA,NA,NA,NA,NA,NA,70000,NA,"2013"
779,"Valley Park Community Association","26","Area Services","1",25000,NA,25000,NA,NA,NA,NA,NA,NA,NA,NA,NA,NA,NA,NA,NA,NA,NA,"2013"
780,"Vermont Square Parent-Child Mother Goose Program","19","City-wide","1",24725,NA,NA,NA,NA,24725,NA,NA,NA,NA,NA,NA,NA,NA,NA,NA,NA,NA,"2013"
781,"Vesnivka Choir Inc.","13","City-wide","1",8000,NA,NA,NA,NA,NA,NA,NA,NA,NA,NA,NA,NA,NA,NA,NA,8000,NA,"2013"
782,"Victim Services Program of Toronto","27","City-wide","1",178830,NA,NA,NA,NA,178830,NA,NA,NA,NA,NA,NA,NA,NA,NA,NA,NA,NA,"2013"
783,"Victoria Scholars Men's Choral Ensemble","4","City-wide","1",6600,NA,NA,NA,NA,NA,NA,NA,NA,NA,NA,NA,NA,NA,NA,NA,6600,NA,"2013"
784,"VideoCabaret International","20","City-wide","1",60000,NA,NA,NA,NA,NA,NA,NA,NA,NA,NA,NA,NA,NA,NA,NA,60000,NA,"2013"
785,"Vietnamese Women's Association Toronto","17","City-wide","1",57380,NA,NA,NA,NA,57380,NA,NA,NA,NA,NA,NA,NA,NA,NA,NA,NA,NA,"2013"
786,"Villa Colombo Homes For The Aged","15","City-wide","1",28775,NA,NA,NA,NA,28775,NA,NA,NA,NA,NA,NA,NA,NA,NA,NA,NA,NA,"2013"
787,"VIVA! Youth Singers of Toronto","20","City-wide","1",24000,NA,NA,NA,NA,NA,NA,NA,NA,NA,NA,NA,NA,NA,NA,NA,24000,NA,"2013"
788,"Volcano Non-Profit Productions Inc.","19","City-wide","1",40000,NA,NA,NA,NA,NA,NA,NA,NA,NA,NA,NA,NA,NA,NA,NA,40000,NA,"2013"
789,"Volunteer Centre of Toronto","20","City-wide","1",184380,NA,NA,NA,NA,184380,NA,NA,NA,NA,NA,NA,NA,NA,NA,NA,NA,NA,"2013"
790,"Warden Woods Church & Community Centre","35","Area services","2",231550,NA,NA,NA,5750,225800,NA,NA,NA,NA,NA,NA,NA,NA,NA,NA,NA,NA,"2013"
791,"Wavelength Music Arts Projects","19","City-wide","1",4000,NA,NA,NA,NA,NA,NA,NA,NA,NA,NA,NA,NA,NA,NA,NA,4000,NA,"2013"
792,"Wedge Curatorial Projects","20","City-wide","1",1500,NA,NA,NA,NA,NA,NA,NA,NA,NA,NA,NA,NA,NA,NA,NA,1500,NA,"2013"
793,"West Scarborough Neighbourhood Community Centre","35","Local","2",171885,NA,NA,NA,NA,156885,NA,15000,NA,NA,NA,NA,NA,NA,NA,NA,NA,NA,"2013"
794,"West Toronto Support Services for Senior Citizens and the Disabled Inc.","18","Area services","1",40090,NA,NA,NA,NA,40090,NA,NA,NA,NA,NA,NA,NA,NA,NA,NA,NA,NA,"2013"
795,"Wexford Residence Inc., The","37","Local","1",19770,NA,NA,NA,NA,19770,NA,NA,NA,NA,NA,NA,NA,NA,NA,NA,NA,NA,"2013"
796,"Whippersnapper Gallery","20","City-wide","1",3000,NA,NA,NA,NA,NA,NA,NA,NA,NA,NA,NA,NA,NA,NA,NA,3000,NA,"2013"
797,"Whynot Theatre","19","City-wide","1",15000,NA,NA,NA,NA,NA,NA,NA,NA,NA,NA,NA,NA,NA,NA,NA,15000,NA,"2013"
798,"WIAprojects","20","City-wide","1",4000,NA,NA,NA,NA,NA,NA,NA,NA,NA,NA,NA,NA,NA,NA,NA,4000,NA,"2013"
799,"Woman Abuse Council of Toronto","12","City-wide","1",55195,NA,NA,NA,NA,55195,NA,NA,NA,NA,NA,NA,NA,NA,NA,NA,NA,NA,"2013"
800,"Women's Art Resource Centre","20","City-wide","1",37000,NA,NA,NA,NA,NA,NA,NA,NA,NA,NA,NA,NA,NA,NA,NA,37000,NA,"2013"
801,"WoodGreen Community Services","30","Area services","1",376395,NA,NA,NA,NA,376395,NA,NA,NA,NA,NA,NA,NA,NA,NA,NA,NA,NA,"2013"
802,"Words in Motion","29","Local","1",15000,NA,NA,NA,NA,NA,NA,NA,NA,NA,NA,NA,NA,NA,NA,NA,15000,NA,"2013"
803,"Worker's Action Centre","20","City-wide","2",91380,38400,NA,NA,NA,52980,NA,NA,NA,NA,NA,NA,NA,NA,NA,NA,NA,NA,"2013"
804,"Working Women Community Centre","18","Area services","1",118060,NA,NA,NA,NA,118060,NA,NA,NA,NA,NA,NA,NA,NA,NA,NA,NA,NA,"2013"
805,"Workman Arts Projects","18","City-wide","1",7500,NA,NA,NA,NA,NA,NA,NA,NA,NA,NA,NA,NA,NA,NA,NA,17000,NA,"2013"
806,"WOW Project","20","City-wide","1",4250,NA,NA,NA,NA,NA,NA,NA,NA,NA,NA,NA,NA,NA,NA,NA,4250,NA,"2013"
807,"Writers for Hope","38","Local","1",9500,NA,NA,NA,NA,NA,NA,NA,NA,NA,9500,NA,NA,NA,NA,NA,NA,NA,"2013"
808,"Wychwood Clarinet Choir","22","City-wide","1",3000,NA,NA,NA,NA,NA,NA,NA,NA,NA,NA,NA,NA,NA,NA,NA,3000,NA,"2013"
809,"XPACE Cultural Centre","18","City-wide","1",2000,NA,NA,NA,NA,NA,NA,NA,NA,NA,NA,NA,NA,NA,NA,NA,2000,NA,"2013"
810,"Year Zero One","20","City-wide","1",6000,NA,NA,NA,NA,NA,NA,NA,NA,NA,NA,NA,NA,NA,NA,NA,6000,NA,"2013"
811,"York West Active Living Centre","11","Area services","1",129500,NA,NA,NA,NA,129500,NA,NA,NA,NA,NA,NA,NA,NA,NA,NA,NA,NA,"2013"
812,"York-Fairbank Centre For Seniors","15","Area services","2",216050,NA,NA,35000,NA,181050,NA,NA,NA,NA,NA,NA,NA,NA,NA,NA,NA,NA,"2013"
813,"Yorkminster Park Meals on Wheels","22","Area services","1",8545,NA,NA,NA,NA,8545,NA,NA,NA,NA,NA,NA,NA,NA,NA,NA,NA,NA,"2013"
814,"Yorktown Child and Family Centre","15","Area services","1",33120,NA,NA,NA,NA,33120,NA,NA,NA,NA,NA,NA,NA,NA,NA,NA,NA,NA,"2013"
815,"Young People's Theatre (Lorraine Kimsa Theatre For Young People)","28","City-wide","1",326000,NA,NA,NA,NA,NA,NA,NA,NA,NA,NA,NA,NA,NA,NA,NA,326000,NA,"2013"
816,"Young Voices Toronto","13","City-wide","1",8000,NA,NA,NA,NA,NA,NA,NA,NA,NA,NA,NA,NA,NA,NA,NA,8000,NA,"2013"
817,"Youth Action Network","20","City wide","1",20000,NA,NA,NA,NA,NA,NA,NA,NA,NA,NA,NA,NA,NA,20000,NA,NA,NA,"2013"
818,"Youth Assisting Youth","23","City-wide","2",51930,NA,NA,NA,NA,51930,NA,NA,NA,NA,NA,NA,NA,NA,NA,NA,NA,NA,"2013"
819,"Youth Community Action Committee","9","Local","1",9375,NA,NA,NA,NA,NA,NA,NA,NA,NA,9375,NA,NA,NA,NA,NA,NA,NA,"2013"
820,"YOUTHLINK","35","Area services","2",84705,33000,NA,NA,NA,51705,NA,NA,NA,NA,NA,NA,NA,NA,NA,NA,NA,NA,"2013"
821,"YYZ Artists Outlet","20","City-wide","1",65000,NA,NA,NA,NA,NA,NA,NA,NA,NA,NA,NA,NA,NA,NA,NA,65000,NA,"2013"
822,"Zata Omm Deance Projects","31","City-wide","1",9000,NA,NA,NA,NA,NA,NA,NA,NA,NA,NA,NA,NA,NA,NA,NA,9000,NA,"2013"
823,NA,NA,NA,NA,NA,NA,NA,NA,NA,NA,NA,NA,NA,NA,NA,NA,NA,NA,NA,NA,NA,NA,"2013"
NA,"Number of Grants",NA,NA,"819",NA,26,16,20,16,210,9,24,16,27,19,6,11,3,12,2,484,3,"2013"
NA,"TOTAL ($)",NA,NA,NA,47401502.25,839570,480000,721900,119300,14366050,2e+05,375739,214000,2659292,182340,833410,6894960,80600,433090,5249908,12691977,966610,"2013"
NA,NA,NA,NA,NA,NA,NA,NA,NA,NA,NA,NA,NA,NA,NA,NA,NA,NA,NA,NA,NA,NA,NA,"2013"
NA,"Prepared by SDF&A, Community Resources",NA,NA,NA,NA,NA,NA,NA,NA,NA,NA,NA,NA,NA,NA,NA,NA,NA,NA,NA,NA,NA,"2013"
NA,NA,NA,NA,NA,NA,NA,NA,NA,NA,NA,NA,NA,NA,NA,NA,NA,NA,NA,NA,NA,NA,NA,"2013"
NA,NA,NA,NA,NA,NA,NA,NA,NA,NA,NA,NA,NA,NA,NA,NA,NA,NA,NA,NA,NA,NA,NA,"2013"
NA,"For more information, contact:",NA,NA,NA,NA,NA,NA,NA,NA,NA,NA,NA,NA,NA,NA,NA,NA,NA,NA,NA,NA,NA,"2013"
NA,"Jenn Miller, Manager, Community Funding Programs",NA,NA,NA,NA,NA,NA,NA,NA,NA,NA,NA,NA,NA,NA,NA,NA,NA,NA,NA,NA,NA,"2013"
NA,"416-397-7302",NA,NA,NA,NA,NA,NA,NA,NA,NA,NA,NA,NA,NA,NA,NA,NA,NA,NA,NA,NA,NA,"2013"
NA,"jmiller4@toronto.ca",NA,NA,NA,NA,NA,NA,NA,NA,NA,NA,NA,NA,NA,NA,NA,NA,NA,NA,NA,NA,NA,"2013"
