"_id","Organization","Total Number of Grants","Ward","Service Area","Total Funding Amount","Funding Program","Division","date_from_filename"
1,"1 Linkz Healing Project","1","Humber River - Black Creek","Local","5000","CCRF","Social Development, Finance and Administration","2022"
2,"12022958 Canada Institute","1","Spadina - Fort York","City-Wide","15000","TAC","Toronto Arts Council","2022"
3,"121 Humber Tenant Commitee","1","York South - Weston","Neighbourhood","4972","CCRF","Social Development, Finance and Administration","2022"
4,"12639203 Canada Association","1","Toronto - Danforth","City-Wide","15000","TAC","Toronto Arts Council","2022"
5,"2-Spirited People of the 1st Nations","1 of 3","Toronto Centre","City-Wide","34599","TOS","Social Development, Finance and Administration","2022"
6,"2-Spirited People of the 1st Nations","2 of 3","Toronto Centre","City-Wide","35462","SSRF","Social Development, Finance and Administration","2022"
7,"2-Spirited People of the 1st Nations","3 of 3","Toronto Centre","City-Wide","10000","IAO","Indigenous Affairs Office","2022"
8,"2Spirits","1","Toronto Centre","City-Wide","30000","IACPF","Economic Development and Culture","2022"
9,"4 Elements","1","Toronto - St. Paul's","City-Wide","15400","TAC","Toronto Arts Council","2022"
10,"440 Parkside Collective","1","Parkdale - High Park","City-Wide","20000","IAO","Indigenous Affairs Office","2022"
11,"50/50 Performing Arts Collective","1 of 2","Eglinton - Lawrence","City-Wide","15000","TAC","Toronto Arts Council","2022"
12,"5050 Performing Arts Collective","2 of 2","Spadina - Fort York","City Wide","25000","CFFP","Economic Development and Culture","2022"
13,"519 Church St. Community Centre, The","1","Toronto Centre","City Wide","65106","HIF","Housing Secretariat","2022"
14,"5N2 Soup Kitchen Project","1 of 2","Humber River - Black Creek","Local","75000","INO","Social Development, Finance and Administration","2022"
15,"5N2 Soup Kitchen Project","2 of 2","Scarborough - Guildwood","Local","450000","INO","Social Development, Finance and Administration","2022"
16,"A Space Gallery","1","Spadina - Fort York","City-Wide","62000","TAC","Toronto Arts Council","2022"
17,"Abrigo Centre","1","Davenport","Local","117835.5","CSP","Social Development, Finance and Administration","2022"
18,"Access Alliance Multicultural Health and Community Services","1 of 5","University - Rosedale","City-Wide","223578.9","CSP","Social Development, Finance and Administration","2022"
19,"Access Alliance Multicultural Health and Community Services","2 of 5","University - Rosedale","Local","150000","IMM","Social Development, Finance and Administration","2022"
20,"Access Alliance Multicultural Health and Community Services","3 of 5","University - Rosedale","Local","150000","IMM","Social Development, Finance and Administration","2022"
21,"Access Alliance Multicultural Health and Community Services","4 of 5","University - Rosedale","Local","7050","CAF","Environment and Climate","2022"
22,"Access Alliance Multicultural Health and Community Services","5 of 5","University - Rosedale","Local","15000","CAF","Environment and Climate","2022"
23,"Across Boundaries","1 of 2","Eglinton - Lawrence","City-Wide","15237","TOS","Social Development, Finance and Administration","2022"
24,"Across Boundaries","2 of 2","Eglinton - Lawrence","City-Wide","16100","SSRF","Social Development, Finance and Administration","2022"
25,"Across Oceans","1","University - Rosedale","City-Wide","8000","TAC","Toronto Arts Council","2022"
26,"Activity Days at Susan (COVID19 Youth-Led)","1","Scarborough - Guildwood","Neighbourhood","5000","CCRF","Social Development, Finance and Administration","2022"
27,"Actors Repertory Company","1","Toronto Centre","City-Wide","15000","TAC","Toronto Arts Council","2022"
28,"Adelheid Dance Projects","1","Davenport","City-Wide","15000","TAC","Toronto Arts Council","2022"
29,"Adornment Stories Collective","1","York South - Weston","Neighbourhood","16673","INI","Social Development, Finance and Administration","2022"
30,"Afghan Women's Organization Refugee & Immigrant Services","1 of 2","Don Valley North","City-Wide","20000","TAC","Toronto Arts Council","2022"
31,"Afghan Women's Organization Refugee & Immigrant Services","2 of 2","Don Valley North","City-Wide","83716.5","CSP","Social Development, Finance and Administration","2022"
32,"African Women Acting AWA","1","Toronto Centre","Local","15000","TAC","Toronto Arts Council","2022"
33,"Africans In Partnership Against AIDS (APAA)","1 of 2","Toronto Centre","City-Wide","115407.9","CSP","Social Development, Finance and Administration","2022"
34,"Africans In Partnership Against AIDS (APAA)","2 of 2","Toronto Centre","City-Wide","30000","CSP-OneTime","Social Development, Finance and Administration","2022"
35,"Afro Jazz Project","1","Etobicoke - Lakeshore","City-Wide","15000","TAC","Toronto Arts Council","2022"
36,"Afro-Indigenous Nova Scotia Collective","1","Beaches - East York","City-Wide","20000","IAO","Indigenous Affairs Office","2022"
37,"AFROWAVETO","1","Spadina - Fort York","City-Wide","25000","TAC","Toronto Arts Council","2022"
38,"Aga Khan Museum","1","Don Valley East","City-Wide","175000","CADP","Economic Development and Culture","2022"
39,"Against the Grain Theatre Inc.","1","Toronto Centre","City-Wide","15000","TAC","Toronto Arts Council","2022"
40,"Agincourt Community Services Association","1 of 6","Scarborough Agincourt","Local","200000","YVP","Social Development, Finance and Administration","2022"
41,"Agincourt Community Services Association","2 of 6","Scarborough Agincourt","Local","225736.2","CSP","Social Development, Finance and Administration","2022"
42,"Agincourt Community Services Association","3 of 6","Scarborough Agincourt","Local","250000","IMM","Social Development, Finance and Administration","2022"
43,"Agincourt Community Services Association","4 of 6","Scarborough Agincourt","Local","100000","IMM","Social Development, Finance and Administration","2022"
44,"Agincourt Community Services Association","5 of 6","Scarborough Agincourt","Local","200000","IMM","Social Development, Finance and Administration","2022"
45,"Agincourt Community Services Association","6 of 6","Scarborough Agincourt","Local","55000","IMM","Social Development, Finance and Administration","2022"
46,"Agincourt Community Services Association Inc.","1 of 3","Scarborough Agincourt","Local","57100.5","HIF","Housing Secretariat","2022"
47,"Agincourt Community Services Association Inc.","2 of 3","Scarborough Agincourt","Local","64659","HIF","Housing Secretariat","2022"
48,"Agincourt Community Services Association Inc.","3 of 3","Scarborough Agincourt","Local","186868","HIF","Housing Secretariat","2022"
49,"AIDS Committee of Toronto (ACT)","1","Toronto Centre","City-Wide","77214","CSP","Social Development, Finance and Administration","2022"
50,"Aki Wiidookaagewin","1","University - Rosedale","City-Wide","20000","IAO","Indigenous Affairs Office","2022"
51,"AKM Youth","1","Scarborough - Rouge Park","Local","3650","CCRF","Social Development, Finance and Administration","2022"
52,"Albion Neighbourhood Services","1 of 2","Etobicoke North","Local","200000","YVP","Social Development, Finance and Administration","2022"
53,"Albion Neighbourhood Services","2 of 2","Etobicoke North","Local","168386.7","CSP","Social Development, Finance and Administration","2022"
54,"Albion Neighbourhood Services","1","Etobicoke - Lakeshore","Local","335250","HIF","Housing Secretariat","2022"
55,"Alex Usquiano - MUSE Arts","1","Davenport","City Wide","56200","StARTPP","Infrastructure & Development Services","2022"
56,"Alexandra Park Community Centre","1 of 2","Spadina - Fort York","Local","75000","CDU","Social Development, Finance and Administration","2022"
57,"Alexandra Park Community Centre","2 of 2","Spadina - Fort York","Local","220000","CIU","Social Development, Finance and Administration","2022"
58,"All Saints Pollinators","1","Toronto Centre","Local","2260","PTCG","Environment and Climate","2022"
59,"alma matters productions","1","University - Rosedale","Local","10000","TAC","Toronto Arts Council","2022"
60,"Aluna Theatre","1","Davenport","City-Wide","50000","TAC","Toronto Arts Council","2022"
61,"Amadeus Choir of Greater Toronto","1","Scarborough North","City-Wide","26025","TAC","Toronto Arts Council","2022"
62,"Amadeusz","1","Etobicoke - Lakeshore","City-Wide","45000","YDU","Social Development, Finance and Administration","2022"
63,"Amici Chamber Ensemble","1","Don Valley East","City-Wide","20000","TAC","Toronto Arts Council","2022"
64,"Amir Akbari - East Scarborough Boys & Girls Club","1","Scarborough - Guildwood","City Wide","27000","StARTPP","Infrastructure & Development Services","2022"
65,"Anandam Dancetheatre Productions","1","Davenport","City-Wide","21000","TAC","Toronto Arts Council","2022"
66,"Angel Foundation for Learning","1","Willowdale","City Wide","4492696","SNP","Toronto Public Health","2022"
67,"ANIVIA Collective","1","Willowdale","City-Wide","10000","TAC","Toronto Arts Council","2022"
68,"Annette Street Primary School & High Park Alternative School","1","Parkdale - High Park","Local","3998","PTCG","Environment and Climate","2022"
69,"Aphasia Institute","1","Don Valley East","City-Wide","25051.2","CSP","Social Development, Finance and Administration","2022"
70,"Applegrove Community Complex","1","Toronto - Danforth","Local","123624","CSP","Social Development, Finance and Administration","2022"
71,"Arab Community Centre of Toronto","1","Etobicoke Centre","City-Wide","20000","TAC","Toronto Arts Council","2022"
72,"Arbor Day Foundation","1","Etobicoke Centre, Parkdale - High Park, York Centre, University - Rosedale, Scarborough Centre","City-wide","32789","FOR","Parks, Recreation & Forestry","2022"
73,"ARCH Disability Law Centre","1","Spadina - Fort York","City-Wide","35450.1","CSP","Social Development, Finance and Administration","2022"
74,"Armenian Relief Society Inc. ""Roubina"" Chapter","1","Don Valley North","City-Wide","25051.2","CSP","Social Development, Finance and Administration","2022"
75,"Arraymusic","1","Spadina - Fort York","City-Wide","48090","TAC","Toronto Arts Council","2022"
76,"Art City in St. James Town","1","Toronto Centre","Local","4480","PTCG","Environment and Climate","2022"
77,"Art Gallery of Ontario","1","Spadina - Fort York","City-Wide","660000","CADP","Economic Development and Culture","2022"
78,"Art Gallery of York University","1 of 2","Humber River - Black Creek","City-Wide","23000","TAC","Toronto Arts Council","2022"
79,"Art Gallery of York University","2 of 2","Humber River - Black Creek","City-Wide","73000","TAC","Toronto Arts Council","2022"
80,"Art Ignite","1","Don Valley East","Local","13000","TAC","Toronto Arts Council","2022"
81,"Art Metropole","1","Davenport","City-Wide","40000","TAC","Toronto Arts Council","2022"
82,"Art Museum University of Toronto","1","University - Rosedale","City-Wide","25000","TAC","Toronto Arts Council","2022"
83,"Art Spin Toronto","1","Davenport","City-Wide","60000","TAC","Toronto Arts Council","2022"
84,"Art Starts","1 of 3","Eglinton - Lawrence","Local","20000","TAC","Toronto Arts Council","2022"
85,"Art Starts","2 of 3","Eglinton - Lawrence","Local","72000","TAC","Toronto Arts Council","2022"
86,"Art Starts","3 of 3","Eglinton - Lawrence","City Wide","20500","StARTPP","Infrastructure & Development Services","2022"
87,"ARTiculating Survival","1","Toronto - St. Paul's","City-Wide","28000","TAC","Toronto Arts Council","2022"
88,"Artist-Led Indigenous Art Market","1","Toronto - Danforth","City-Wide","20000","IAO","Indigenous Affairs Office","2022"
89,"Artists and Artisans Development and Network (AADN)","1","Scarborough Centre","Local","15000","CFFP","Economic Development and Culture","2022"
90,"Artists and Lawyers for the Advancement of Creativity","1","Beaches - East York","City-Wide","39170","TAC","Toronto Arts Council","2022"
91,"Artists Film Exhibition Group","1","Davenport","City-Wide","23000","TAC","Toronto Arts Council","2022"
92,"ArtReach Toronto","1","Spadina - Fort York","City-Wide","75000","TAC","Toronto Arts Council","2022"
93,"Arts Inter-Media Canada/Dance Collection Danse","1","Toronto Centre","City-Wide","37400","TAC","Toronto Arts Council","2022"
94,"Arts4All Creative Society","1","Davenport","Local","15000","TAC","Toronto Arts Council","2022"
95,"Artsxplosion Cultural Society","1","Toronto Centre","City Wide","20000","CFFP","Economic Development and Culture","2022"
96,"Asemaa Circles","1","Parkdale - High Park","City-Wide","20000","IAO","Indigenous Affairs Office","2022"
97,"Ashkenaz Foundation","1","University - Rosedale","City-Wide","50000","TAC","Toronto Arts Council","2022"
98,"AstroSankofa Arts Initiatives","1","Don Valley North","Local","30000","TAC","Toronto Arts Council","2022"
99,"Augur Magazine Literary Society","1","Scarborough Agincourt","City-Wide","13000","TAC","Toronto Arts Council","2022"
100,"AWHL - Assaulted Women's Helpline","1","Spadina - Fort York","City-Wide","65861.4","CSP","Social Development, Finance and Administration","2022"
101,"Axis Music Inc.","1","University - Rosedale","Local","15000","TAC","Toronto Arts Council","2022"
102,"b current Performing Arts Co.","1","Toronto - St. Paul's","City-Wide","33000","TAC","Toronto Arts Council","2022"
103,"Bach Children's Chorus of Scarborough","1","Scarborough - Guildwood","City-Wide","31100","TAC","Toronto Arts Council","2022"
104,"Bad Muse Collective","1","Davenport","Local","15000","TAC","Toronto Arts Council","2022"
105,"Bad New Days","1","Parkdale - High Park","City-Wide","15000","TAC","Toronto Arts Council","2022"
106,"Ballet Creole","1","Davenport","City-Wide","9000","TAC","Toronto Arts Council","2022"
107,"Ballet Jörgen Canada","1","Toronto - St. Paul's","City-Wide","95000","TAC","Toronto Arts Council","2022"
108,"Barbra Schlifer Commemorative Clinic","1 of 3","University - Rosedale","City-Wide","10637","TOS","Social Development, Finance and Administration","2022"
109,"Barbra Schlifer Commemorative Clinic","3 of 3","University - Rosedale","City-Wide","11500","SSRF","Social Development, Finance and Administration","2022"
110,"Barbra Schlifer Commemorative Clinic","2 of 3","University - Rosedale","City-Wide","57482.1","CSP","Social Development, Finance and Administration","2022"
111,"Bathurst Finch Seniors Society","1","York Centre","Local","5050","CAF","Environment and Climate","2022"
112,"Batuki Music Society","1","University - Rosedale","City-Wide","20000","TAC","Toronto Arts Council","2022"
113,"Bayview Village Association","1","Don Valley North","Neighbourhood","500","FOR","Parks, Recreation & Forestry","2022"
114,"Bedford Trio","1","University - Rosedale","City-Wide","8000","TAC","Toronto Arts Council","2022"
115,"Benalia","1","Scarborough Centre","City-Wide","1141","TAC","Toronto Arts Council","2022"
116,"Benevolence Collective","1","Spadina - Fort York","City-Wide","8995","TAC","Toronto Arts Council","2022"
117,"Bereaved Families of Ontario-Toronto","1","Toronto - St. Paul's","City-Wide","75515.7","CSP","Social Development, Finance and Administration","2022"
118,"Better Living Health and Community Services","1","Don Valley East","Neighbourhood","246600.3","CSP","Social Development, Finance and Administration","2022"
119,"Beyond Melodies Co.","1","University - Rosedale","Local","7500","TAC","Toronto Arts Council","2022"
120,"BGC East Scarborough","1","Scarborough - Guildwood","Neighbourhood","5000","CCRF","Social Development, Finance and Administration","2022"
121,"BIG Bloor Improvement Group","2 of 2","Davenport","Local","10000","CFFP","Economic Development and Culture","2022"
122,"BIG Bloor Improvement Group","1 of 2","University - Rosedale","City-Wide","12000","TAC","Toronto Arts Council","2022"
123,"Birchmount Bluffs Neighbourhood Centre","2 of 2","Humber River - Black Creek","Local","33600","NG","Social Development, Finance and Administration","2022"
124,"Birchmount Bluffs Neighbourhood Centre","1 of 2","Scarborough Southwest","Local","93911.4","CSP","Social Development, Finance and Administration","2022"
125,"Birkdale Arts Festival","1","Scarborough Centre","Local","2000","CFFP","Economic Development and Culture","2022"
126,"Black Artists' Networks In Dialogue Gallery and Cultural Centre","1","Parkdale - High Park","City-Wide","38000","TAC","Toronto Arts Council","2022"
127,"Black Coalition for AIDS Prevention","1 of 3","Etobicoke - Lakeshore","City-Wide","22137","TOS","Social Development, Finance and Administration","2022"
128,"Black Coalition for AIDS Prevention","3 of 3","Etobicoke - Lakeshore","City-Wide","23000","SSRF","Social Development, Finance and Administration","2022"
129,"Black Coalition for AIDS Prevention","2 of 3","Etobicoke - Lakeshore","City-Wide","30000","CSP-OneTime","Social Development, Finance and Administration","2022"
130,"Black Health Alliance","1","University - Rosedale","City-Wide","85000","CABR","Social Development, Finance and Administration","2022"
131,"Black Planners & Urbanist Association","1","Humber River - Black Creek","City-Wide","90000","CABR","Social Development, Finance and Administration","2022"
132,"Black Women Film","1","Scarborough Southwest","City-Wide","15000","TAC","Toronto Arts Council","2022"
133,"Black Women in Motion","1","Eglinton - Lawrence","Local","20000","INI","Social Development, Finance and Administration","2022"
134,"Blackhurst Cultural Centre","1","University - Rosedale","City-Wide","40000","TAC","Toronto Arts Council","2022"
135,"BLCKNBRWN","1","Eglinton - Lawrence","Local","15000","TAC","Toronto Arts Council","2022"
136,"Bloor Annex BIA","1","University - Rosedale","Local","4030","PTCG","Environment and Climate","2022"
137,"Blue Bird Theatre Collective","1","Davenport","City-Wide","15000","TAC","Toronto Arts Council","2022"
138,"Blue Ceiling Dance","1","Parkdale - High Park","City-Wide","15000","TAC","Toronto Arts Council","2022"
139,"Blythwood Winds","1","Davenport","City-Wide","2000","TAC","Toronto Arts Council","2022"
140,"Bob Rumball Canadian Centre of Excellence for the Deaf","1","Don Valley West","City-Wide","15208.2","CSP","Social Development, Finance and Administration","2022"
141,"Boost Child & Youth Advocacy Centre","1","Don Valley West","City-Wide","293719.2","CSP","Social Development, Finance and Administration","2022"
142,"BoucharDanse","1","Davenport","City-Wide","15000","TAC","Toronto Arts Council","2022"
143,"BPCI Gr 12 Youth (COVID19 Youth-Led)","1","Scarborough Southwest","Neighbourhood","5000","CCRF","Social Development, Finance and Administration","2022"
144,"Braeburn Neighbourhood Place","2 of 3","Etobicoke North","Local","150000","PG","Children's Services","2022"
145,"Braeburn Neighbourhood Place","1 of 3","Etobicoke North","Local","53555.1","CSP","Social Development, Finance and Administration","2022"
146,"Braeburn Neighbourhood Place & Boys and Girls Club","3 of 3","Etobicoke North","Local","5000","PTCG","Environment and Climate","2022"
147,"Breakaway Community Services","1 of 2","Humber River - Black Creek","City-Wide","16387","TOS","Social Development, Finance and Administration","2022"
148,"Breakaway Community Services","2 of 2","Humber River - Black Creek","City-Wide","17250","SSRF","Social Development, Finance and Administration","2022"
149,"Broken Shapes Collective","1","University - Rosedale","Local","14000","TAC","Toronto Arts Council","2022"
150,"Bruce Green Committee (BGC)","1","Toronto - Danforth","Local","2850","PTCG","Environment and Climate","2022"
151,"Buddies in Bad Times Theatre","1","Toronto Centre","City-Wide","168500","TAC","Toronto Arts Council","2022"
152,"Cabbagetown Youth Centre Inc.","1","Toronto Centre","Neighbourhood","41774.1","CSP","Social Development, Finance and Administration","2022"
153,"CADA/East","1","Toronto Centre","City-Wide","21000","TAC","Toronto Arts Council","2022"
154,"Cahoots Theatre","1","Toronto Centre","City-Wide","56000","TAC","Toronto Arts Council","2022"
155,"Cajuca Mas Arts Producers","1","Scarborough Centre","City-Wide","15000","TAC","Toronto Arts Council","2022"
156,"Caliban Arts Theatre","1","Toronto - Danforth","City-Wide","11000","TAC","Toronto Arts Council","2022"
157,"Canada's National Ballet School","1","Toronto Centre","City-Wide","210000","CADP","Economic Development and Culture","2022"
158,"Canadian Centre for Housing Rights (CCHR)","1 of 2","Spadina-Fort York","City Wide","315000","TTSP","Housing Secretariat","2022"
159,"Canadian Centre for Housing Rights (CCHR)","2 of 2","Spadina-Fort York","City Wide","45000","TTSP","Housing Secretariat","2022"
160,"Canadian Centre for Victims of Torture","1 of 2","Toronto Centre","City-Wide","29656.5","CSP","Social Development, Finance and Administration","2022"
161,"Canadian Centre for Victims of Torture","2 of 2","Toronto Centre","City-Wide","30000","CSP-OneTime","Social Development, Finance and Administration","2022"
162,"Canadian Children's Opera Company","1","Toronto Centre","City-Wide","24700","TAC","Toronto Arts Council","2022"
163,"Canadian Contemporary Dance Theatre","1","Toronto Centre","City-Wide","56000","TAC","Toronto Arts Council","2022"
164,"Canadian Dance Assembly / Assemblée canadienne de la danse","1","Toronto Centre","City-Wide","15000","TAC","Toronto Arts Council","2022"
165,"Canadian Music Centre","1","Toronto Centre","City-Wide","73000","TAC","Toronto Arts Council","2022"
166,"Canadian Musician Royalty Collection Initiative ( CMRCI)","1","Don Valley North","City-Wide","29500","TAC","Toronto Arts Council","2022"
167,"Canadian Opera Company","1","Toronto Centre","City-Wide","1500000","TAC","Toronto Arts Council","2022"
168,"Canadian Reggae Music Association","1","York Centre","City-Wide","20000","TAC","Toronto Arts Council","2022"
169,"Canadian Salsa Festivals Project","1","York Centre, Eglinton - Lawrence, Davenport, Spadina - Fort York, Toronto - St. Paul's","City Wide","100000","CFFP","Economic Development and Culture","2022"
170,"Canadian Stage","1","Toronto Centre","City-Wide","832000","TAC","Toronto Arts Council","2022"
171,"Canadian Tamil Congress Ontario","1","Scarborough North","Local","25000","CFFP","Economic Development and Culture","2022"
172,"Canadian Tamil Youth Development Centre (CanTYD)","1","Scarborough - Guildwood","City-Wide","140795.7","CSP","Social Development, Finance and Administration","2022"
173,"CanAsian Dance Festival","1 of 2","Toronto Centre","City-Wide","22000","TAC","Toronto Arts Council","2022"
174,"CanAsian Dance Festival","2 of 2","Toronto Centre","City-Wide","12000","TAC","Toronto Arts Council","2022"
175,"Canzine Arts Festival","1","Davenport","City-Wide","3000","TAC","Toronto Arts Council","2022"
176,"Carefirst Seniors and Community Services Association","1","Scarborough Agincourt","City-Wide","104019.6","CSP","Social Development, Finance and Administration","2022"
177,"CARFAC Ontario","1","Spadina - Fort York","City-Wide","24000","TAC","Toronto Arts Council","2022"
178,"CARIBANA ARTS GROUP","1","Scarborough North","City-Wide","19850","TAC","Toronto Arts Council","2022"
179,"Caribbean African Canadian Social Services (CAF CAN)","1 of 3","Humber River - Black Creek","Local","27542","TOS","Social Development, Finance and Administration","2022"
180,"Caribbean African Canadian Social Services (CAF CAN)","3 of 3","Humber River - Black Creek","Local","28405","SSRF","Social Development, Finance and Administration","2022"
181,"Caribbean African Canadian Social Services (CAF CAN)","2 of 3","Humber River - Black Creek","Neighbourhood","30000","CSP-OneTime","Social Development, Finance and Administration","2022"
182,"Caribbean Promotions Arts & Culture Inc.","1","Etobicoke Centre","City Wide","25000","CFFP","Economic Development and Culture","2022"
183,"CaribbeanTales","1","Davenport","City-Wide","17500","TAC","Toronto Arts Council","2022"
184,"Carlton Park Pollinators","1","Davenport","Local","1018","PTCG","Environment and Climate","2022"
185,"Casa Cultural Peruana Inc.","1","Etobicoke North, Spadina - Fort York","City Wide","15000","CFFP","Economic Development and Culture","2022"
186,"Casa Maiz Cultural Centre Inc.","1","York Centre","Local","13000","TAC","Toronto Arts Council","2022"
187,"Cathedral Bluffs Symphony Orchestra","1","Scarborough Southwest","City-Wide","20000","TAC","Toronto Arts Council","2022"
188,"Catholic Crosscultural Services","1","Scarborough Centre","City-Wide","29580","CSP","Social Development, Finance and Administration","2022"
189,"Cecil Community Centre","2 of 2","University - Rosedale","Local","10000","CAF","Environment and Climate","2022"
190,"Cecil Community Centre","1 of 2","University - Rosedale","Local","5701.8","CSP","Social Development, Finance and Administration","2022"
191,"Cedarbrook youth council (COVID19 Youth-led)","1","Scarborough - Guildwood","Neighbourhood","5000","CCRF","Social Development, Finance and Administration","2022"
192,"Centennial College of Applied Arts and Technology","1","Scarborough - Guildwood","Neighbourhood","26800","FOR","Parks, Recreation & Forestry","2022"
193,"Central Eglinton Community Centre","1","Toronto - St. Paul's","Neighbourhood","30528.6","CSP","Social Development, Finance and Administration","2022"
194,"Centre for Equality Rights in Accommodation (CERA)","1","Spadina - Fort York","City Wide","89003","HIF","Housing Secretariat","2022"
195,"Centre for Immigrant and Community Services","1","Scarborough Agincourt","City-Wide","132023.7","CSP","Social Development, Finance and Administration","2022"
196,"Centre for Independent Living in Toronto (C.I.L.T.)","2 of 3","Toronto Centre","City-Wide","100000","IMM","Social Development, Finance and Administration","2022"
197,"Centre for Independent Living in Toronto (C.I.L.T.)","3 of 3","Toronto Centre","City-Wide","78500","IMM","Social Development, Finance and Administration","2022"
198,"Centre for Independent Living in Toronto (C.I.L.T.)","1 of 3","Toronto Centre","City-Wide","26387.4","CSP","Social Development, Finance and Administration","2022"
199,"Centre for Indigenous Theatre","1 of 2","Spadina - Fort York","City-Wide","59140","TAC","Toronto Arts Council","2022"
200,"Centre for Indigenous Theatre","2 of 2","Spadina - Fort York","City-Wide","15000","TAC","Toronto Arts Council","2022"
201,"Centre for Social Innovation","1","Toronto Centre","Neighbourhood","58000","PG","Social Development, Finance and Administration","2022"
202,"Centre for Spanish Speaking People","1","York Centre","City-Wide","69538.5","CSP","Social Development, Finance and Administration","2022"
203,"Centre for Young Black Professions (CEE)","1 of 7","Scarborough Centre","Local","191898","YVP","Social Development, Finance and Administration","2022"
204,"Centre for Young Black Professions (CEE)","2 of 7","Scarborough Centre","City-Wide","52000","CB","Social Development, Finance and Administration","2022"
205,"Centre for Young Black Professions (CEE)","3 of 7","Scarborough Centre","City-Wide","50000","CB","Social Development, Finance and Administration","2022"
206,"Centre for Young Black Professions (CEE)","4 of 7","Scarborough Centre","City-Wide","325000","BMFF","Social Development, Finance and Administration","2022"
207,"Centre for Young Black Professions (CEE)","5 of 7","Scarborough Centre","City-Wide","19837","TOS","Social Development, Finance and Administration","2022"
208,"Centre for Young Black Professions (CEE)","6 of 7","Scarborough Centre","City-Wide","30000","CSP-OneTime","Social Development, Finance and Administration","2022"
209,"Centre for Young Black Professions (CEE)","7 of 7","Scarborough Centre","City-Wide","20700","SSRF","Social Development, Finance and Administration","2022"
210,"Centre francophone du Grand Toronto (CFGT)","1","Spadina - Fort York","Local","150000","PG","Children's Services","2022"
211,"CFMDC","1","Davenport","City-Wide","53000","TAC","Toronto Arts Council","2022"
212,"Charles Street Video","1","Davenport","City-Wide","54500","TAC","Toronto Arts Council","2022"
213,"Chester Le Community (COVID19 Youth-led)","1","Scarborough Agincourt","Neighbourhood","5000","CCRF","Social Development, Finance and Administration","2022"
214,"Chester Le Tenant Committee","1","Scarborough Agincourt","Neighbourhood","5000","CCRF","Social Development, Finance and Administration","2022"
215,"Children's Aid Society of Toronto","1","Toronto - Danforth","City Wide","43057","HIF","Housing Secretariat","2022"
216,"Children's Peace Theatre","1","Beaches - East York","City-Wide","52000","TAC","Toronto Arts Council","2022"
217,"Chinatown Business Improvement Area","1","University - Rosedale","Local","10000","CFFP","Economic Development and Culture","2022"
218,"Chinese Artists Society of Toronto","1","Scarborough Agincourt","City-Wide","14500","TAC","Toronto Arts Council","2022"
219,"Chinese Canadian National Council Toronto Chapter","1","Spadina - Fort York","City-Wide","63382.8","CSP","Social Development, Finance and Administration","2022"
220,"Chinese Cultural Centre of Greater Toronto","1","Scarborough North","Local","10000","CFFP","Economic Development and Culture","2022"
221,"Christie Ossington Neighbourhood Centre","1","Davenport","City-Wide","77285.4","CSP","Social Development, Finance and Administration","2022"
222,"CineFAM","1","Davenport","City-Wide","15000","TAC","Toronto Arts Council","2022"
223,"Circle of Cedar Singers","1","Toronto Centre","City-Wide","20000","IAO","Indigenous Affairs Office","2022"
224,"Citadel + Compagnie","1","Toronto Centre","City-Wide","57000","TAC","Toronto Arts Council","2022"
225,"Clay and Paper Theatre","1 of 2","Davenport","City-Wide","23000","TAC","Toronto Arts Council","2022"
226,"Clay and Paper Theatre","2 of 2","Davenport","City-Wide","28000","TAC","Toronto Arts Council","2022"
227,"Cliffcrest Community Centre","1","Scarborough Centre","Local","37984.8","CSP","Social Development, Finance and Administration","2022"
228,"Cliffcrest Community Centre o/a Heart Beatz","1","Scarborough Centre","Local","75000","PG","Children's Services","2022"
229,"CNIB","1","Toronto - St. Paul's","City Wide","38250","StARTPP","Infrastructure & Development Services","2022"
230,"Coalition Building","1","Davenport","City-Wide","18000","TAC","Toronto Arts Council","2022"
231,"Colectivo Satelital","1","Davenport","City-Wide","14000","TAC","Toronto Arts Council","2022"
232,"Collectif Convictions","1","University - Rosedale","City-Wide","6000","TAC","Toronto Arts Council","2022"
233,"Colouring Book Theatre","1","Beaches - East York","City-Wide","10000","TAC","Toronto Arts Council","2022"
234,"Community Arts Guild","1 of 2","Scarborough - Guildwood","Local","23000","TAC","Toronto Arts Council","2022"
235,"Community Arts Guild","2 of 2","Scarborough - Guildwood","Local","18000","TAC","Toronto Arts Council","2022"
236,"Community Family Services of Ontario","1","Scarborough Agincourt","City-Wide","42161.7","CSP","Social Development, Finance and Administration","2022"
237,"Community Garden Art Collective","1","Davenport","City-Wide","15000","TAC","Toronto Arts Council","2022"
238,"Community History Project","1","Toronto - St. Paul's","Local","4464","PTCG","Environment and Climate","2022"
239,"Community Music Schools of Toronto","1","Toronto Centre","Local","30000","TAC","Toronto Arts Council","2022"
240,"Community Social Planning Council of Toronto","2 of 2","Toronto Centre","City-Wide","144000","CDU","Social Development, Finance and Administration","2022"
241,"Community Social Planning Council of Toronto","1 of 2","Toronto Centre","City-Wide","439074.3","CSP","Social Development, Finance and Administration","2022"
242,"Compania Carmen Romero","1","Don Valley East","Local","8000","TAC","Toronto Arts Council","2022"
243,"Confluence Concerts","1","University - Rosedale","City-Wide","10400","TAC","Toronto Arts Council","2022"
244,"CONTACT Photography Festival","1","Etobicoke Centre, Parkdale - High Park, York Centre, Spadina - Fort York, Toronto Centre, Beaches - East York,Scarborough Centre","City Wide","50000","CFFP","Economic Development and Culture","2022"
245,"Continuum Contemporary Music Ensemble","1","Don Valley East","City-Wide","26000","TAC","Toronto Arts Council","2022"
246,"Corktown Residents and Business Association","1 of 2","Toronto Centre","Local","1648","PTCG","Environment and Climate","2022"
247,"Corktown Residents and Business Association","2 of 2","Toronto Centre","Neighbourhood","500","FOR","Parks, Recreation & Forestry","2022"
248,"Cornell's Butterfly Garden","1","Scarborough - Guildwood","Local","4320","PTCG","Environment and Climate","2022"
249,"Corpoluz Theatre","1","Davenport","City-Wide","8060","TAC","Toronto Arts Council","2022"
250,"CORPUS","1","Davenport","City-Wide","33000","TAC","Toronto Arts Council","2022"
251,"COSTI Immigrant Services","1","Davenport","City-Wide","145059.3","CSP","Social Development, Finance and Administration","2022"
252,"COSTI Immigrant Services","1","Humber River - Black Creek","City Wide","406294","HIF","Housing Secretariat","2022"
253,"Council of Agencies Serving South Asians","2 of 3","Humber River - Black Creek","City-Wide","150000","IMM","Social Development, Finance and Administration","2022"
254,"Council of Agencies Serving South Asians","3 of 3","Humber River - Black Creek","City-Wide","200000","IMM","Social Development, Finance and Administration","2022"
255,"Council of Agencies Serving South Asians","1 of 3","Scarborough North","City-Wide","63382.8","CSP","Social Development, Finance and Administration","2022"
256,"Counterstory Conversations","1","Spadina - Fort York","City-Wide","20000","TAC","Toronto Arts Council","2022"
257,"Craft Ontario","1","Davenport","City-Wide","23100","TAC","Toronto Arts Council","2022"
258,"Crescent Community Support Services","1","Don Valley West","Local","4983.7","CCRF","Social Development, Finance and Administration","2022"
259,"Crosby Gitigaan","1","Humber River - Black Creek","City-Wide","20000","IAO","Indigenous Affairs Office","2022"
260,"Cross Toronto Community Development Corporation (Fresh Start Cleaning)","1","Parkdale - High Park","Local","104331","HIF","Housing Secretariat","2022"
261,"Crossings Collective","1","Davenport","City-Wide","6500","TAC","Toronto Arts Council","2022"
262,"Crows Theatre","1","Toronto - Danforth","City-Wide","48000","TAC","Toronto Arts Council","2022"
263,"Cue6 Theatre Company Inc.","1","Toronto Centre","City-Wide","9700","TAC","Toronto Arts Council","2022"
264,"CUE-SKETCH","1","Spadina - Fort York","City-Wide","15000","TAC","Toronto Arts Council","2022"
265,"Culchahworks Arts Collective","1","Toronto - Danforth","City-Wide","12000","TAC","Toronto Arts Council","2022"
266,"CultureLink Settlement Services","1 of 2","Humber River - Black Creek","Local","199074","YVP","Social Development, Finance and Administration","2022"
267,"CultureLink Settlement Services","2 of 2","Parkdale - High Park","City-Wide","108160.8","CSP","Social Development, Finance and Administration","2022"
268,"Cunning Concepts & Creations","1","University - Rosedale","City-Wide","15000","TAC","Toronto Arts Council","2022"
269,"Curador R Us (formally Casual Beauty Salon)","1","Eglinton - Lawrence","Neighbourhood","3670","CCRF","Social Development, Finance and Administration","2022"
270,"CYGS (Central Youth Group of Scarborough, Curbing YV) (COVID19 Youth-led)","1","Scarborough - Guildwood","Local","5000","CCRF","Social Development, Finance and Administration","2022"
271,"D.I.A. Kollective","1","Davenport","Local","10000","TAC","Toronto Arts Council","2022"
272,"Dana Marlatt","1","Toronto Centre","City-Wide","10000","IACPF","Economic Development and Culture","2022"
273,"Dance Immersion Ontario","1","University - Rosedale","City-Wide","38000","TAC","Toronto Arts Council","2022"
274,"Dance Migration Project","1","Eglinton - Lawrence","Local","15000","TAC","Toronto Arts Council","2022"
275,"Dance Ontario Association","1","Davenport","City-Wide","20000","TAC","Toronto Arts Council","2022"
276,"DANCE TOGETHER FESTIVAL","1","Parkdale - High Park","Local","26620","TAC","Toronto Arts Council","2022"
277,"Dancemakers","1","Spadina - Fort York","City-Wide","91600","TAC","Toronto Arts Council","2022"
278,"Dancer Transition Resource Centre","1","University - Rosedale","City-Wide","15000","TAC","Toronto Arts Council","2022"
279,"DanceWorks","1","University - Rosedale","City-Wide","55000","TAC","Toronto Arts Council","2022"
280,"Dashmaawaan Bemaadzinjin - They Feed the People","1","Etobicoke - Lakeshore","City-Wide","20000","IAO","Indigenous Affairs Office","2022"
281,"Davenport-Perth Neighbourhood and Community Health Centre","1","Davenport","Neighbourhood","97155","CSP","Social Development, Finance and Administration","2022"
282,"Dear Ailment","1","Beaches - East York","City-Wide","15800","TAC","Toronto Arts Council","2022"
283,"Dear Future Me","1","Toronto Centre","Neighbourhood","70000","DON","Social Development, Finance and Administration","2022"
284,"Delta Family Resource Centre","12 of 13","Etobicoke North","Local","15000","TAC","Toronto Arts Council","2022"
285,"Delta Family Resource Centre","13 of 13","Etobicoke North","Local","150000","PG","Children's Services","2022"
286,"Delta Family Resource Centre","5 of 13","Etobicoke North","Local","175000","CB","Social Development, Finance and Administration","2022"
287,"Delta Family Resource Centre","8 of 13","Etobicoke North","Neighbourhood","30000","CSP-OneTime","Social Development, Finance and Administration","2022"
288,"Delta Family Resource Centre","9 of 13","Etobicoke North","Local","48000","NG","Social Development, Finance and Administration","2022"
289,"Delta Family Resource Centre","10 of 13","Etobicoke North","Local","100000","CSWBU","Social Development, Finance and Administration","2022"
290,"Delta Family Resource Centre","11 of 13","Etobicoke North","Local","100000","CSWBU","Social Development, Finance and Administration","2022"
291,"Delta Family Resource Centre","1 of 13","Etobicoke North","City-Wide","22500","CCRF","Social Development, Finance and Administration","2022"
292,"Delta Family Resource Centre","2 of 13","Etobicoke North","City-Wide","50000","CCRF","Social Development, Finance and Administration","2022"
293,"Delta Family Resource Centre","3 of 13","Etobicoke North","City-Wide","29000","CCRF","Social Development, Finance and Administration","2022"
294,"Delta Family Resource Centre","4 of 13","Etobicoke North","City-Wide","49000","CCRF","Social Development, Finance and Administration","2022"
295,"Delta Family Resource Centre","6 of 13","Etobicoke North","City-Wide","325000","BMFF","Social Development, Finance and Administration","2022"
296,"Delta Family Resource Centre","7 of 13","Etobicoke North","City-Wide","122298","CSP","Social Development, Finance and Administration","2022"
297,"Delta Family Resource Centre - AfroIndigenous Nova Scotian Collective","1","Etobicoke North","Local","5000","CAF","Environment and Climate","2022"
298,"Delta Family Resource Centre - TCHC Scarlettwood Community Warriors for Change","1","Etobicoke North","Local","16000","CAF","Environment and Climate","2022"
299,"DevelopME Youth","1","York South - Weston","City Wide","19992","INI","Social Development, Finance and Administration","2022"
300,"Dewson Street Junior Public School","1","Davenport","Local","3500","PTCG","Environment and Climate","2022"
301,"Dia de los Muertos Collective","1","Spadina - Fort York","Local","15000","TAC","Toronto Arts Council","2022"
302,"Diaspora Dialogues","1","University - Rosedale","City-Wide","50000","TAC","Toronto Arts Council","2022"
303,"DigiZine Collective","1","Spadina - Fort York","City-Wide","18950","TAC","Toronto Arts Council","2022"
304,"dis assembly: a neurodiverse arts collective","1","Spadina - Fort York","City-Wide","61000","TAC","Toronto Arts Council","2022"
305,"Distress Centres of Toronto","1 of 3","Toronto Centre","City-Wide","22137","TOS","Social Development, Finance and Administration","2022"
306,"Distress Centres of Toronto","3 of 3","Toronto Centre","City-Wide","23000","SSRF","Social Development, Finance and Administration","2022"
307,"Distress Centres of Toronto","2 of 3","Toronto Centre","City-Wide","127617.3","CSP","Social Development, Finance and Administration","2022"
308,"Dixon Hall","2 of 2","Toronto Centre","Local","4598","PTCG","Environment and Climate","2022"
309,"Dixon Hall","1 of 2","Toronto Centre","Local","354026.7","CSP","Social Development, Finance and Administration","2022"
310,"Doris McCarthy Gallery, University of Toronto Scarborough","1","Scarborough - Rouge Park","City-Wide","57400","TAC","Toronto Arts Council","2022"
311,"Dovercourt Boys' and Girls' Club","1","Davenport","Local","59930.1","CSP","Social Development, Finance and Administration","2022"
312,"Dreamwalker Dance Company","1","Davenport","City-Wide","28000","TAC","Toronto Arts Council","2022"
313,"Drifwood Play Fair event","1","Humber River - Black Creek","Neighbourhood","4100","CCRF","Social Development, Finance and Administration","2022"
314,"Dudebox Community Projects Inc","1","Spadina - Fort York","Local","10000","CFFP","Economic Development and Culture","2022"
315,"Dusk Dances Inc.","1","Davenport","City-Wide","33000","TAC","Toronto Arts Council","2022"
316,"Earth Work Visions","1","York South - Weston","City-Wide","20000","IAO","Indigenous Affairs Office","2022"
317,"East End Elite (COVID19 Youth-led)","1","Scarborough - Guildwood","Neighbourhood","5000","CCRF","Social Development, Finance and Administration","2022"
318,"East Scarborough Boys and Girls Club","1 of 4","Scarborough - Guildwood","Local","9000","CAF","Environment and Climate","2022"
319,"East Scarborough Boys and Girls Club","2 of 4","Humber River - Black Creek","Local","200000","YVP","Social Development, Finance and Administration","2022"
320,"East Scarborough Boys and Girls Club","4 of 4","Humber River - Black Creek","City-Wide","30000","CSP-OneTime","Social Development, Finance and Administration","2022"
321,"East Scarborough Boys and Girls Club","3 of 4","Scarborough - Guildwood","Local","189975","CSP","Social Development, Finance and Administration","2022"
322,"East Scarborough Storefront/MakeWay","1","Scarborough - Guildwood","City-Wide","96135","CSP","Social Development, Finance and Administration","2022"
323,"East Toronto Family Community Centre","1","Toronto - Danforth","Local","72022.2","CSP","Social Development, Finance and Administration","2022"
324,"East York East Toronto Family Resources","1","Toronto - Danforth","Local","170544","HIF","Housing Secretariat","2022"
325,"East York Meals on Wheels","1","Don Valley West","Local","31059","CSP","Social Development, Finance and Administration","2022"
326,"Eastview Gardeners","1","Scarborough - Guildwood","Local","4630","PTCG","Environment and Climate","2022"
327,"Echo Women's Choir","1","Toronto Centre","City-Wide","9000","TAC","Toronto Arts Council","2022"
328,"Ecru","1","Spadina - Fort York","City-Wide","13000","TAC","Toronto Arts Council","2022"
329,"Elizabeth House Community Centre","1 of 2","York Centre","Local","18900","CSWBU","Social Development, Finance and Administration","2022"
330,"Elizabeth House Community Centre","2 of 2","Eglinton - Lawrence","Local","26510","CSWBU","Social Development, Finance and Administration","2022"
331,"Elspeth Heyworth Centre for Women","1","Humber River - Black Creek","Local","18748","CAF","Environment and Climate","2022"
332,"Elspeth Heyworth Centre for Women","2 of 4","Humber River - Black Creek","Local","100000","IMM","Social Development, Finance and Administration","2022"
333,"Elspeth Heyworth Centre for Women","3 of 4","Humber River - Black Creek","Local","55000","IMM","Social Development, Finance and Administration","2022"
334,"Elspeth Heyworth Centre for Women","1 of 4","Humber River - Black Creek","Local","32191.2","CSP","Social Development, Finance and Administration","2022"
335,"Emerging Young Artists Inc.","1","Willowdale","City-Wide","12000","TAC","Toronto Arts Council","2022"
336,"Emotionart","1","Toronto - Danforth","Local","7500","TAC","Toronto Arts Council","2022"
337,"Empower the Youth Foundation","1","Scarborough Southwest","Neighbourhood","5000","CCRF","Social Development, Finance and Administration","2022"
338,"Empowered Phụ Nữ","1","Spadina - Fort York","City-Wide","14000","TAC","Toronto Arts Council","2022"
339,"ENAGB Youth Program","1 of 5","York South - Weston","City-Wide","399400","YVP","Social Development, Finance and Administration","2022"
340,"ENAGB Youth Program","2 of 5","York South - Weston","City-Wide","40000","IMM","Social Development, Finance and Administration","2022"
341,"ENAGB Youth Program","3 of 5","York South - Weston","City-Wide","60000","IMM","Social Development, Finance and Administration","2022"
342,"ENAGB Youth Program","4 of 5","York South - Weston","City-Wide","60000","IAO","Indigenous Affairs Office","2022"
343,"ENAGB Youth Program","5 of 5","York South - Weston","Local","100000","CSWBU","Social Development, Finance and Administration","2022"
344,"Epilepsy Toronto","1","Toronto Centre","City-Wide","46022.4","CSP","Social Development, Finance and Administration","2022"
345,"Eritrean Canadian Community Centre of Metropolitan Toronto","1 of 2","Toronto - St. Paul's","Neighbourhood","30000","CSP-OneTime","Social Development, Finance and Administration","2022"
346,"Eritrean Canadian Community Centre of Metropolitan Toronto","2 of 2","Toronto - St. Paul's","City-Wide","32946","CSP","Social Development, Finance and Administration","2022"
347,"Esmeralda Enrique Spanish Dance Company","1","Spadina - Fort York","City-Wide","28000","TAC","Toronto Arts Council","2022"
348,"EthioCan Bridge The Gap","1","Scarborough Southwest","Local","5000","CCRF","Social Development, Finance and Administration","2022"
349,"Etobicoke ArtsFest","1","Etobicoke - Lakeshore","City-Wide","14000","TAC","Toronto Arts Council","2022"
350,"Etobicoke Centennial Choir","1","Etobicoke Centre","Local","1900","TAC","Toronto Arts Council","2022"
351,"Etobicoke Community Concert Band","1","Etobicoke - Lakeshore","Local","5850","TAC","Toronto Arts Council","2022"
352,"Etobicoke Philharmonic Orchestra","1","Etobicoke Centre","City-Wide","9900","TAC","Toronto Arts Council","2022"
353,"Etobicoke Services for Seniors","1","York South - Weston","Local","115229.4","CSP","Social Development, Finance and Administration","2022"
354,"Evangel Hall","1","Spadina - Fort York","Neighbourhood","45983","HIF","Housing Secretariat","2022"
355,"Explore T.O (COVID19 Youth-Led)","1","Scarborough - Guildwood","Neighbourhood","4551.86","CCRF","Social Development, Finance and Administration","2022"
356,"Extend-A-Family","1","Eglinton - Lawrence","City-Wide","26361.9","CSP","Social Development, Finance and Administration","2022"
357,"Exultate Chamber Singers","1","University - Rosedale","City-Wide","8000","TAC","Toronto Arts Council","2022"
358,"FabCollab","1","University - Rosedale","City-Wide","7500","TAC","Toronto Arts Council","2022"
359,"Factory Theatre","1","Spadina - Fort York","City-Wide","169500","TAC","Toronto Arts Council","2022"
360,"FADO Performance Inc.","1","Spadina - Fort York","City-Wide","24000","TAC","Toronto Arts Council","2022"
361,"Fall for Dance North Festival Inc.","1","Willowdale","City-Wide","21000","TAC","Toronto Arts Council","2022"
362,"Family Service Toronto","1","Toronto Centre","City-Wide","116626.8","CSP","Social Development, Finance and Administration","2022"
363,"FCJ Refugee Centre","1 of 2","Davenport","City-Wide","200000","IMM","Social Development, Finance and Administration","2022"
364,"FCJ Refugee Centre","2 of 2","Davenport","City-Wide","200000","IMM","Social Development, Finance and Administration","2022"
365,"Federation of Asian Canadians Toronto","1","Scarborough North","City Wide","15000","CFFP","Economic Development and Culture","2022"
366,"Feed Scarborough","1","Scarborough Southwest","Local","4800","PTCG","Environment and Climate","2022"
367,"FEMME","None","Toronto Centre","Neighbourhood","40000","DON","Social Development, Finance and Administration","2022"
368,"Fernie Youth Services","1","Humber River - Black Creek","Local","291356","YVP","Social Development, Finance and Administration","2022"
369,"Festival Management Committee","1","Etobicoke - Lakeshore, Parkdale - High Park, Scarborough Centre, Scarborough North, Scarborough - Rouge Park","City Wide","600000","CFFP","Economic Development and Culture","2022"
370,"Fife House Foundation Inc.","1","Toronto Centre","City Wide","112500","HIF","Housing Secretariat","2022"
371,"Filipinos in Regent Park Community Group","1","Toronto Centre","Neighbourhood","12760","PG","Social Development, Finance and Administration","2022"
372,"Findhelp Information Services","1 of 2","Toronto - St. Paul's","City-Wide","100000","CB","Social Development, Finance and Administration","2022"
373,"Findhelp Information Services","2 of 2","Toronto - St. Paul's","City-Wide","676428.3","CSP","Social Development, Finance and Administration","2022"
374,"First Portuguese Canadian Cultural Centre","1","Davenport","Local","15208.2","CSP","Social Development, Finance and Administration","2022"
375,"Flaunt It Movement","1","Humber River - Black Creek","Local","20000","INI","Social Development, Finance and Administration","2022"
376,"Flemingdon Health Centre","1","Don Valley East","Local","100000","YVP","Social Development, Finance and Administration","2022"
377,"Focus Media Arts Centre","1","Toronto Centre","Local","55000","TAC","Toronto Arts Council","2022"
378,"FOCUS Media Arts Centre","1","Toronto Centre","Neighbourhood","65132","PG","Social Development, Finance and Administration","2022"
379,"FoodShare Toronto","1","York South - Weston","City-Wide","237272.4","CSP","Social Development, Finance and Administration","2022"
380,"FoodShare Toronto - Black Creek Community Farm","1","York South - Weston","Local","5000","CAF","Environment and Climate","2022"
381,"For You Telecare Family Service (FUTFS)","1","Don Valley East","City-Wide","17227.8","CSP","Social Development, Finance and Administration","2022"
382,"For Youth Initiative - Bicycle Reuse, Repair, Ride Project Team","1","York South - Weston","Local","9000","CAF","Environment and Climate","2022"
383,"For Youth Initiative in Toronto","1 of 3","York South - Weston","Local","120000","CDU","Social Development, Finance and Administration","2022"
384,"For Youth Initiative in Toronto","2 of 3","York South - Weston","Local","59968","CSWBU","Social Development, Finance and Administration","2022"
385,"For Youth Initiative in Toronto","3 of 3","York South - Weston","Local","132936.6","CSP","Social Development, Finance and Administration","2022"
386,"Francophonie en Fete Corporation","1 of 2","University - Rosedale","City-Wide","7500","TAC","Toronto Arts Council","2022"
387,"Francophonie en Fete Corporation","2 of 2","Spadina - Fort York, Toronto Centre","City Wide","15000","CFFP","Economic Development and Culture","2022"
388,"Franklin Horner Community Centre","1","Etobicoke - Lakeshore","City-Wide","32313.6","CSP","Social Development, Finance and Administration","2022"
389,"French Homework Club","1","Don Valley East","Neighbourhood","4000","CCRF","Social Development, Finance and Administration","2022"
390,"Friends of CAB","1","Scarborough Southwest, Scarborough Centre,Scarborough Agincourt,Scarborough North,Scarborough - Guildwood,Etobicoke - LakeshoreYork South - Weston","City Wide","20000","INI","Social Development, Finance and Administration","2022"
391,"Friends of Cornell Park (COVID19 Youth-led)","1","Scarborough - Guildwood","Local","5000","CCRF","Social Development, Finance and Administration","2022"
392,"Friends of Flemingdon","1","Don Valley East","Local","5000","CCRF","Social Development, Finance and Administration","2022"
393,"Friends of Henrietta Park","1","York South - Weston","Local","4450","PTCG","Environment and Climate","2022"
394,"Friends of Parkway Forest Park","1","Don Valley North","Local","9000","TAC","Toronto Arts Council","2022"
395,"Friends of Smythe Park","1","York South - Weston","Local","4448","PTCG","Environment and Climate","2022"
396,"fu-GEN Theatre Company","1","Toronto Centre","City-Wide","31360","TAC","Toronto Arts Council","2022"
397,"Fujiwara Dance Inventions","1","Toronto Centre","City-Wide","22000","TAC","Toronto Arts Council","2022"
398,"Gallery 44 Centre for Contemporary Photography","1","Spadina - Fort York","City-Wide","89500","TAC","Toronto Arts Council","2022"
399,"Gardiner Museum","1","University - Rosedale","City-Wide","140000","CADP","Economic Development and Culture","2022"
400,"Generation Chosen","1 of 3","Humber River - Black Creek","Local","9137","TOS","Social Development, Finance and Administration","2022"
401,"Generation Chosen","2 of 3","Humber River - Black Creek","Local","10000","SSRF","Social Development, Finance and Administration","2022"
402,"Generation Chosen","3 of 3","Humber River - Black Creek","Local","51333.32","CSWBU","Social Development, Finance and Administration","2022"
403,"Generator Performance","1","University - Rosedale","City-Wide","36000","TAC","Toronto Arts Council","2022"
404,"George Hull EarlyON Child and Family Centre","1","Etobicoke - Lakeshore","Local","150000","PG","Children's Services","2022"
405,"Gerstein Crisis Centre","1 of 2","University - Rosedale","City-Wide","27887","TOS","Social Development, Finance and Administration","2022"
406,"Gerstein Crisis Centre","2 of 2","University - Rosedale","City-Wide","28750","SSRF","Social Development, Finance and Administration","2022"
407,"GHANAFEST","1","Etobicoke North","Local","20000","TAC","Toronto Arts Council","2022"
408,"Girl Power'd","1","Don Valley North","City-Wide","7650","TAC","Toronto Arts Council","2022"
409,"Glad Day Bookshop Proud Voices Collective","1","Toronto Centre","City-Wide","12500","TAC","Toronto Arts Council","2022"
410,"Good Guise Youth","1","Spadina - Fort York","Neighbourhood","21840","INI","Social Development, Finance and Administration","2022"
411,"Good Questions","1","Parkdale - High Park","City Wide","21990","INI","Social Development, Finance and Administration","2022"
412,"G-Power'd Inc.","1","Don Valley North","City-Wide","10000","TAC","Toronto Arts Council","2022"
413,"Green Industries Program at David and Mary Thomson Collegiate Institute","1","Scarborough Centre","Local","5000","PTCG","Environment and Climate","2022"
414,"Green Thumbs Growing Kids","1","Toronto Centre","Neighbourhood","20000","FOR","Parks, Recreation & Forestry","2022"
415,"Greenhouse Theatre","1","Scarborough North","Local","30000","TAC","Toronto Arts Council","2022"
416,"Guild Festival Theatre","1 of 2","Scarborough - Guildwood","City-Wide","15000","TAC","Toronto Arts Council","2022"
417,"Guild Festival Theatre","2 of 2","Scarborough - Guildwood","Local","10000","CFFP","Economic Development and Culture","2022"
418,"Hand Eye Society","1","Spadina - Fort York","City-Wide","15000","TAC","Toronto Arts Council","2022"
419,"Happy Mother Happy Children","1","Toronto Centre","Neighbourhood","70102","PG","Social Development, Finance and Administration","2022"
420,"Harbourfront Centre","1","Spadina - Fort York","City-Wide","1315500","CADP","Economic Development and Culture","2022"
421,"Harriet Tubman Community Organization","1 of 7","Don Valley North","Local","100000","YVP","Social Development, Finance and Administration","2022"
422,"Harriet Tubman Community Organization","2 of 7","Don Valley North","City-Wide","54000","CB","Social Development, Finance and Administration","2022"
423,"Harriet Tubman Community Organization","3 of 7","Don Valley North","City-Wide","9137","TOS","Social Development, Finance and Administration","2022"
424,"Harriet Tubman Community Organization","4 of 7","Don Valley North","Local","55911.3","CSP","Social Development, Finance and Administration","2022"
425,"Harriet Tubman Community Organization","5 of 7","Don Valley North","Local","30000","CSP-OneTime","Social Development, Finance and Administration","2022"
426,"Harriet Tubman Community Organization","6 of 7","Don Valley North","City-Wide","10000","SSRF","Social Development, Finance and Administration","2022"
427,"Harriet Tubman Community Organization","7 of 7","Don Valley North","Local","65000","CSWBU","Social Development, Finance and Administration","2022"
428,"Healing For Scarborough (COVID19 Youth-led)","1","Scarborough - Guildwood","Neighbourhood","5000","CCRF","Social Development, Finance and Administration","2022"
429,"Hemophilia Ontario - Toronto & Central Ontario Region","1","Willowdale","City-Wide","29656.5","CSP","Social Development, Finance and Administration","2022"
430,"Hercinia Arts Collective","1 of 2","Spadina - Fort York","City-Wide","20000","TAC","Toronto Arts Council","2022"
431,"Hercinia Arts Collective","2 of 2","Spadina - Fort York","City-Wide","8000","TAC","Toronto Arts Council","2022"
432,"Heritage Skills Development Center (HSDC)","1 of 3","Scarborough Centre","Local","15000","TAC","Toronto Arts Council","2022"
433,"Heritage Skills Development Center (HSDC)","2 of 3","Scarborough Centre","Local","14900","TAC","Toronto Arts Council","2022"
434,"Heritage Skills Development Center (HSDC)","3 of 3","Scarborough Centre","Local","20000","CFFP","Economic Development and Culture","2022"
435,"Hillside Outdoor Education School","1","Scarborough - Rouge Park","Local","5000","PTCG","Environment and Climate","2022"
436,"Hispanic Canadian Heritage Council","1","University - Rosedale","City Wide","12500","CFFP","Economic Development and Culture","2022"
437,"Hispanic Developoment Council","1","York Centre","City-Wide","63382.8","CSP","Social Development, Finance and Administration","2022"
438,"Hong Fook Mental Health Association","1 of 3","Humber River - Black Creek","City-Wide","22137","TOS","Social Development, Finance and Administration","2022"
439,"Hong Fook Mental Health Association","2 of 3","Humber River - Black Creek","City-Wide","23000","SSRF","Social Development, Finance and Administration","2022"
440,"Hong Fook Mental Health Association","3 of 3","Scarborough Agincourt","City-Wide","26361.9","CSP","Social Development, Finance and Administration","2022"
441,"Hope and Hustle Heights","1","Eglinton - Lawrence","Local","50453.33","CSWBU","Social Development, Finance and Administration","2022"
442,"Hot Docs","1","University - Rosedale","City-Wide","190000","TAC","Toronto Arts Council","2022"
443,"Humewood House Association","1","Toronto - St. Paul's","City Wide","56250","HIF","Housing Secretariat","2022"
444,"Huron-Sussex Community Garden","1","University - Rosedale","Local","2830","PTCG","Environment and Climate","2022"
445,"iBall Canada Cares Community Organization","1","Don Valley East","Local","5000","CCRF","Social Development, Finance and Administration","2022"
446,"imagineNATIVE Film + Media Arts Festival","1","Spadina - Fort York","City-Wide","80000","TAC","Toronto Arts Council","2022"
447,"IMMER","1","Parkdale - High Park","City-Wide","6130","TAC","Toronto Arts Council","2022"
448,"InDANCE South Asian Dance Arts Inc.","1","Toronto Centre","City-Wide","15000","TAC","Toronto Arts Council","2022"
449,"Indigenous Curatorial Collective","1","Spadina - Fort York","City-Wide","17000","TAC","Toronto Arts Council","2022"
450,"Indigenous Fashion Arts","1 of 2","Toronto - Danforth","City-Wide","15000","TAC","Toronto Arts Council","2022"
451,"Indigenous Fashion Arts","2 of 2","Toronto - Danforth","City-Wide","20000","IAO","Indigenous Affairs Office","2022"
452,"Indigenous Land Stewardship Circle","1","Parkdale - High Park","City-Wide","30000","IACPF","Economic Development and Culture","2022"
453,"Indigenous Land Stewardship Circle - 440 Parkside Collective","1","Parkdale - High Park","Local","5000","CAF","Environment and Climate","2022"
454,"Indigenous Land Stewardship Circle - Asemma Circles","1","Parkdale - High Park","Local","5000","CAF","Environment and Climate","2022"
455,"Indigenous Land Stewardship Circle - ILSC & Becoming Praxis","1","Parkdale - High Park","Local","10000","CAF","Environment and Climate","2022"
456,"Indigenous Land Stewardship Circle - Nibi Anishnaabe Aadziwin Collective","1","Parkdale - High Park","Local","5000","CAF","Environment and Climate","2022"
457,"Indigenous Performing Arts Alliance","1","Spadina - Fort York","City-Wide","15000","TAC","Toronto Arts Council","2022"
458,"INKspire","1","Toronto Centre","Neighbourhood","19990","INI","Social Development, Finance and Administration","2022"
459,"Inside Out Lesbian and Gay Film Festival Inc.","1","Spadina - Fort York","City-Wide","52000","TAC","Toronto Arts Council","2022"
460,"Inspirad@s","1","Toronto - St. Paul's","City-Wide","7900","TAC","Toronto Arts Council","2022"
461,"INSPIRE ETOBICOKE","1","Etobicoke North","Local","4348.7","CCRF","Social Development, Finance and Administration","2022"
462,"InterAccess","1","Davenport","City-Wide","51000","TAC","Toronto Arts Council","2022"
463,"International Readings at Harbourfront (TIFA)","1 of 2","Spadina - Fort York","City-Wide","161000","TAC","Toronto Arts Council","2022"
464,"International Readings at Harbourfront (TIFA)","2 of 2","Spadina - Fort York","City-Wide","150000","TAC","Toronto Arts Council","2022"
465,"Intersection Music & Arts","1","Etobicoke - Lakeshore, Parkdale - High Park, York South - Weston, Davenport, Spadina - Fort York, Toronto - St. Paul's, Toronto Centre","City Wide","15000","CFFP","Economic Development and Culture","2022"
466,"Inuit Art Foundation","1","Davenport","City-Wide","30000","IACPF","Economic Development and Culture","2022"
467,"Ipsita Nova Dance Projects","1","Davenport","City-Wide","29000","TAC","Toronto Arts Council","2022"
468,"Iranian Women's Organization of Ontario","1","Don Valley North","City-Wide","38515.2","CSP","Social Development, Finance and Administration","2022"
469,"Islington Centre - Etobicoke Senior Citizens","1","Etobicoke - Lakeshore","Neighbourhood","38887.5","CSP","Social Development, Finance and Administration","2022"
470,"It Could Still Happen","1","Davenport","City-Wide","15000","TAC","Toronto Arts Council","2022"
471,"It's Not a Pivot Productions","1","University - Rosedale","City-Wide","10000","TAC","Toronto Arts Council","2022"
472,"It's OK Community Arts","1","University - Rosedale","City-Wide","9000","TAC","Toronto Arts Council","2022"
473,"Jaberi Dance Theatre","1","Toronto - Danforth","City-Wide","17000","TAC","Toronto Arts Council","2022"
474,"Jamii","1","Spadina - Fort York","Local","20000","TAC","Toronto Arts Council","2022"
475,"Jane/Finch Community and Family Centre","1 of 5","Humber River - Black Creek","City-Wide","100000","IMM","Social Development, Finance and Administration","2022"
476,"Jane/Finch Community and Family Centre","2 of 5","Humber River - Black Creek","City-Wide","150000","IMM","Social Development, Finance and Administration","2022"
477,"Jane/Finch Community and Family Centre","3 of 5","Humber River - Black Creek","Local","100000","CDU","Social Development, Finance and Administration","2022"
478,"Jane/Finch Community and Family Centre","4 of 5","Humber River - Black Creek","Local","200000","YVP","Social Development, Finance and Administration","2022"
479,"Jane/Finch Community and Family Centre","5 of 5","Humber River - Black Creek","Local","175220.7","CSP","Social Development, Finance and Administration","2022"
480,"Japanese Social Services","1","Don Valley East","City-Wide","32946","CSP","Social Development, Finance and Administration","2022"
481,"Jardin Des Marveilles","1","Don Valley East","Local","2961","PTCG","Environment and Climate","2022"
482,"JAYU Festival Inc.","1 of 2","Spadina - Fort York","City-Wide","22000","TAC","Toronto Arts Council","2022"
483,"JAYU Festival Inc.","2 of 2","Spadina - Fort York","City-Wide","25000","TAC","Toronto Arts Council","2022"
484,"Jeng Yi","1 of 2","Willowdale","City-Wide","12000","TAC","Toronto Arts Council","2022"
485,"Jeng Yi","2 of 2","Willowdale","City-Wide","11000","TAC","Toronto Arts Council","2022"
486,"Jessie's - The June Callwood Centre for Young Women","1","Toronto Centre","City-Wide","24745.2","CSP","Social Development, Finance and Administration","2022"
487,"Jessie's, The June Callwood Centre for Young Women","1","Toronto Centre","City Wide","45000","HIF","Housing Secretariat","2022"
488,"Joce Tremblay - Thunder Crows Land-Based Kids Camp","1","Parkdale - High Park","Local","5000","CAF","Environment and Climate","2022"
489,"Jonesville Allotments Pollinator Group","1","Don Valley East","Local","2697","PTCG","Environment and Climate","2022"
490,"JrifterS","1","Parkdale - High Park","City-Wide","6680","TAC","Toronto Arts Council","2022"
491,"Jubilate Singers","1","University - Rosedale","City-Wide","5000","TAC","Toronto Arts Council","2022"
492,"Jumblies Theatre","1","Spadina - Fort York","City-Wide","89200","TAC","Toronto Arts Council","2022"
493,"Just Breathe Serie","1","Davenport","Neighbourhood","5000","CCRF","Social Development, Finance and Administration","2022"
494,"Just for Laughs Toronto Festival","1","Toronto Centre","City Wide","100000","TSEIP","Economic Development and Culture","2022"
495,"Kababayan Community Service Centre Inc","1","Parkdale - High Park","City-Wide","37984.8","CSP","Social Development, Finance and Administration","2022"
496,"Kaeja d'Dance","1","University - Rosedale","City-Wide","34600","TAC","Toronto Arts Council","2022"
497,"Kaha:wi Dance Theatre","1","University - Rosedale","Local","43000","TAC","Toronto Arts Council","2022"
498,"Kâpapâmahchakwêw Caregiver Council","1","Toronto - Danforth","City-Wide","20000","IAO","Indigenous Affairs Office","2022"
499,"Kapisanan Philippine Arts and Culture Centre","1 of 2","Parkdale - High Park","City-Wide","8800","TAC","Toronto Arts Council","2022"
500,"Kapisanan Philippine Arts and Culture Centre","2 of 2","Scarborough Centre","Local","21000","CFFP","Economic Development and Culture","2022"
501,"KasheDance","1 of 2","Toronto Centre","City-Wide","19500","TAC","Toronto Arts Council","2022"
502,"KasheDance","2 of 2","Toronto Centre","Local","8000","TAC","Toronto Arts Council","2022"
503,"KCWA Family and Social Services","1","Willowdale","City-Wide","44880","CSP","Social Development, Finance and Administration","2022"
504,"kin + care collective","1","Scarborough North","City-Wide","9370","TAC","Toronto Arts Council","2022"
505,"KINAJ","1","Toronto Centre","City-Wide","8000","TAC","Toronto Arts Council","2022"
506,"KJ Bit","1","University - Rosedale","Local","10000","TAC","Toronto Arts Council","2022"
507,"Koffler Gallery of the Koffler Centre of the Arts","1","Spadina - Fort York","City-Wide","45000","TAC","Toronto Arts Council","2022"
508,"Korean Dance Studies Society of Canada","1","Don Valley East","City-Wide","17000","TAC","Toronto Arts Council","2022"
509,"Korean Senior Citizens Society of Toronto","1","University - Rosedale","City-Wide","10134.72","CSP","Social Development, Finance and Administration","2022"
510,"LA Centre for Active Living 55+","1","Davenport","City-Wide","24806.4","CSP","Social Development, Finance and Administration","2022"
511,"La Passerelle Integration et Developpement Economique","1 of 4","Toronto Centre","City-Wide","9137","TOS","Social Development, Finance and Administration","2022"
512,"La Passerelle Integration et Developpement Economique","2 of 4","Toronto Centre","City-Wide","30000","CSP-OneTime","Social Development, Finance and Administration","2022"
513,"La Passerelle Integration et Developpement Economique","3 of 4","Toronto Centre","City-Wide","10000","SSRF","Social Development, Finance and Administration","2022"
514,"La Passerelle Integration et Developpement Economique","4 of 4","Toronto Centre","City-Wide","71481.6","CSP","Social Development, Finance and Administration","2022"
515,"Labyrinth Musical Workshop Ontario","1 of 2","Toronto - St. Paul's","City-Wide","15000","TAC","Toronto Arts Council","2022"
516,"Labyrinth Musical Workshop Ontario","2 of 2","Toronto - St. Paul's","City-Wide","14121","TAC","Toronto Arts Council","2022"
517,"Lakeshore Area Multi-Service Project (LAMP)","1 of 4","Etobicoke - Lakeshore","Local","150000","PG","Children's Services","2022"
518,"Lakeshore Area Multi-Service Project (LAMP)","2 of 4","Etobicoke - Lakeshore","Local","225000","IMM","Social Development, Finance and Administration","2022"
519,"Lakeshore Area Multi-Service Project (LAMP)","3 of 4","Etobicoke - Lakeshore","Local","200000","IMM","Social Development, Finance and Administration","2022"
520,"Lakeshore Area Multi-Service Project (LAMP)","4 of 4","Etobicoke - Lakeshore","Local","91188","CSP","Social Development, Finance and Administration","2022"
521,"Lakeshore Arts Committee","1","Etobicoke - Lakeshore","Local","10000","CAF","Environment and Climate","2022"
522,"LAL Inc.","1","Davenport","City-Wide","13100","TAC","Toronto Arts Council","2022"
523,"Lao Association of Ontario","1","York Centre","City-Wide","35592.9","CSP","Social Development, Finance and Administration","2022"
524,"Latin American Art Projects","1","Spadina - Fort York","City-Wide","25000","TAC","Toronto Arts Council","2022"
525,"Latvian Senior Citizens' Association","1","Don Valley East","City-Wide","12678.6","CSP","Social Development, Finance and Administration","2022"
526,"Lay-Up Youth Basketball","1","Spadina - Fort York","Local","15000","TAC","Toronto Arts Council","2022"
527,"Le Laboratoire d'Art","1","Spadina - Fort York","City-Wide","18000","TAC","Toronto Arts Council","2022"
528,"Le Theatre francais de Toronto","1","University - Rosedale","City-Wide","115000","TAC","Toronto Arts Council","2022"
529,"LEAF - Local Enhancement and Appreciation of Forests","1 of 3","Toronto - St. Paul's","City-wide","31850","FOR","Parks, Recreation & Forestry","2022"
530,"LEAF - Local Enhancement and Appreciation of Forests","2 of 3","Toronto - St. Paul's","City-wide","100000","FOR","Parks, Recreation & Forestry","2022"
531,"LEAF - Local Enhancement and Appreciation of Forests","3 of 3","Etobicoke North, Etobicoke Centre, York South - Weston, York Centre, Humber River - Black Creek, University - Rosedale, Toronto Centre, Toronto - Danforth, Beaches - East York, Scarborough Southwest, Scarborough Centre, Scarborough - Guildwood","City-wide","54000","FOR","Parks, Recreation & Forestry","2022"
532,"League of Canadian Poets","1","Toronto Centre","City-Wide","19100","TAC","Toronto Arts Council","2022"
533,"Learning Disabilities Association of Toronto District","1","Willowdale","City-Wide","67600.5","CSP","Social Development, Finance and Administration","2022"
534,"lemonTree theatre creations","1","Spadina - Fort York","City-Wide","14000","TAC","Toronto Arts Council","2022"
535,"Les Centres d'Accueil Heritage","1","Spadina - Fort York","City-Wide","68498.1","CSP","Social Development, Finance and Administration","2022"
536,"Lesbian Gay Bi Trans Youth Line","1","Toronto Centre","City-Wide","47792.1","CSP","Social Development, Finance and Administration","2022"
537,"LHPA","1","Eglinton - Lawrence","Neighbourhood","5000","CCRF","Social Development, Finance and Administration","2022"
538,"Liaison of Independent Filmmakers of Toronto","1 of 2","Davenport","City-Wide","82000","TAC","Toronto Arts Council","2022"
539,"Liaison of Independent Filmmakers of Toronto","2 of 2","Davenport","City-Wide","30000","TAC","Toronto Arts Council","2022"
540,"Little Pear Garden Dance Company","1","Don Valley North","Local","18000","TAC","Toronto Arts Council","2022"
541,"Little Portugal on Dundas BIA","1","Davenport","Local","20000","CFFP","Economic Development and Culture","2022"
542,"Llalín Collective","1","Eglinton - Lawrence","Local","8000","TAC","Toronto Arts Council","2022"
543,"LOFT Community Services","1 of 2","Toronto Centre","City-Wide","22942","TOS","Social Development, Finance and Administration","2022"
544,"LOFT Community Services","2 of 2","Toronto Centre","City-Wide","23805","SSRF","Social Development, Finance and Administration","2022"
545,"Long Branch Neighbourhood Association","1 of 2","Etobicoke - Lakeshore","Neighbourhood","49500","FOR","Parks, Recreation & Forestry","2022"
546,"Long Branch Neighbourhood Association","2 of 2","Etobicoke - Lakeshore","Neighbourhood","500","FOR","Parks, Recreation & Forestry","2022"
547,"Long Live Sheldon (COVID19 Youth-Led)","1","York Centre","Neighbourhood","5000","CCRF","Social Development, Finance and Administration","2022"
548,"Long Winter","1","Davenport","City-Wide","20000","TAC","Toronto Arts Council","2022"
549,"Loop Sessions Toronto","1","Toronto - Danforth","City-Wide","15000","TAC","Toronto Arts Council","2022"
550,"Loose Tea Music Theatre","1","Toronto Centre","City-Wide","10000","TAC","Toronto Arts Council","2022"
551,"Lua Shayenne Dance Company","1","Toronto - Danforth","City-Wide","20000","TAC","Toronto Arts Council","2022"
552,"Lula Music and Arts Centre","1","Davenport","City-Wide","70000","TAC","Toronto Arts Council","2022"
553,"Lumacare Services","1 of 5","Humber River - Black Creek","Local","250000","IMM","Social Development, Finance and Administration","2022"
554,"Lumacare Services","2 of 5","Humber River - Black Creek","City-Wide","120000","IMM","Social Development, Finance and Administration","2022"
555,"Lumacare Services","3 of 5","Humber River - Black Creek","Local","350000","IMM","Social Development, Finance and Administration","2022"
556,"Lumacare Services","4 of 5","Humber River - Black Creek","City-Wide","150000","IMM","Social Development, Finance and Administration","2022"
557,"Lumacare Services","5 of 5","Humber River - Black Creek","City-Wide","95997.3","CSP","Social Development, Finance and Administration","2022"
558,"MABELLEarts","1","Davenport","Local","26000","TAC","Toronto Arts Council","2022"
559,"Macaulay Child Development Centre","1","Eglinton - Lawrence","Local","150000","PG","Children's Services","2022"
560,"Mahnoor, Isha, and Iman Cheema","1","Scarborough - Guildwood","City-Wide","12700","TAC","Toronto Arts Council","2022"
561,"Makers Collective","1","Scarborough - Guildwood","Local","15800","INI","Social Development, Finance and Administration","2022"
562,"Malvern Family Resource Centre","1 of 5","Scarborough - Rouge Park","Local","16250","CAF","Environment and Climate","2022"
563,"Malvern Family Resource Centre","2 of 5","Scarborough - Rouge Park","Local","75000","PG","Children's Services","2022"
564,"Malvern Family Resource Centre","3 of 5","Humber River - Black Creek","Neighbourhood","7000","CB","Social Development, Finance and Administration","2022"
565,"Malvern Family Resource Centre","4 of 5","Humber River - Black Creek","Local","19200","NG","Social Development, Finance and Administration","2022"
566,"Malvern Family Resource Centre","5 of 5","Scarborough - Rouge Park","Local","219177.6","CSP","Social Development, Finance and Administration","2022"
567,"Mama's Healing Garden","1","Etobicoke North","Neighbourhood","5000","CCRF","Social Development, Finance and Administration","2022"
568,"Mammalian Diving Reflex Theatre Group","1","Spadina - Fort York","City-Wide","25000","TAC","Toronto Arts Council","2022"
569,"Manifesto Community Projects Inc.","1","Spadina - Fort York","City-Wide","39000","TAC","Toronto Arts Council","2022"
570,"Manor Road United Church","1","Don Valley West","Local","1380","PTCG","Environment and Climate","2022"
571,"Markham and Lawrence Community United","1","Scarborough - Guildwood","Local","5000","CCRF","Social Development, Finance and Administration","2022"
572,"Mass Culture","1","Toronto - Danforth","City-Wide","20000","TAC","Toronto Arts Council","2022"
573,"Matthew House Refugee Services - Toronto","1","Spadina - Fort York","City-Wide","20000","TAC","Toronto Arts Council","2022"
574,"Mayworks Festival","1 of 2","University - Rosedale","City-Wide","20000","TAC","Toronto Arts Council","2022"
575,"Mayworks Festival","2 of 2","University - Rosedale","City-Wide","25000","TAC","Toronto Arts Council","2022"
576,"McGregor Park YLCCRF (COVID19 Youth-led)","1","Scarborough Centre","Neighbourhood","5000","CCRF","Social Development, Finance and Administration","2022"
577,"Means of Production Collective","1","University - Rosedale","City-Wide","65000","TAC","Toronto Arts Council","2022"
578,"Memory Work Collective","1","Don Valley West","City-Wide","12000","TAC","Toronto Arts Council","2022"
579,"Mending a Crack in the Sky","1","York South - Weston","Local","125000","CSWBU","Social Development, Finance and Administration","2022"
580,"Mental Health Matters","1","Toronto Centre","Neighbourhood","70000","DON","Social Development, Finance and Administration","2022"
581,"Mercer Union, A Centre for Contemporary Visual Art","1","Davenport","City-Wide","72500","TAC","Toronto Arts Council","2022"
582,"Metropolitan Action Committee on Violence Against Women and Children","1 of 2","University - Rosedale","City-Wide","30000","CSP-OneTime","Social Development, Finance and Administration","2022"
583,"Metropolitan Action Committee on Violence Against Women and Children","2 of 2","University - Rosedale","City-Wide","347820","CSP","Social Development, Finance and Administration","2022"
584,"Midaynta Community Services","1","Humber River - Black Creek","Neighbourhood","5000","CCRF","Social Development, Finance and Administration","2022"
585,"Miles Nadal Jewish Community Centre","1","University - Rosedale","City-Wide","12200","TAC","Toronto Arts Council","2022"
586,"MillO Dance Projects","1","Parkdale - High Park","City-Wide","8000","TAC","Toronto Arts Council","2022"
587,"Mind on Strength","1","Eglinton - Lawrence","Neighbourhood","5000","CCRF","Social Development, Finance and Administration","2022"
588,"Mirror Me Productions","1","University - Rosedale","City-Wide","10000","TAC","Toronto Arts Council","2022"
589,"Mix & Match Collective","1","Scarborough Agincourt","City-Wide","10000","TAC","Toronto Arts Council","2022"
590,"Mixed Company Theatre","1","Toronto Centre","City-Wide","18825","TAC","Toronto Arts Council","2022"
591,"Modern Batik Couture","1","York Centre","City-Wide","14000","TAC","Toronto Arts Council","2022"
592,"Modern Times Stage Company","1 of 2","Davenport","City-Wide","40500","TAC","Toronto Arts Council","2022"
593,"Modern Times Stage Company","2 of 2","Davenport","City-Wide","35742","TAC","Toronto Arts Council","2022"
594,"Moksha Canada Foundation","1","Scarborough Agincourt","Local","25000","CFFP","Economic Development and Culture","2022"
595,"Momiji Health Care Society","1","Scarborough - Guildwood","City-Wide","40585.8","CSP","Social Development, Finance and Administration","2022"
596,"Mood Disorders Association of Ontario and Toronto","1","Eglinton - Lawrence","City-Wide","19782.9","CSP","Social Development, Finance and Administration","2022"
597,"Moonhorse Dance Theatre","1","Toronto Centre","City-Wide","15000","TAC","Toronto Arts Council","2022"
598,"Mothers of Peace","1 of 2","Toronto Centre","Local","5000","CCRF","Social Development, Finance and Administration","2022"
599,"Mothers of Peace","2 of 2","Toronto Centre","Local","5000","CCRF","Social Development, Finance and Administration","2022"
600,"Mothers Wellness Retreat and Community BBQ (COVID19 Youth-Led)","1","Humber River - Black Creek","Neighbourhood","4980","CCRF","Social Development, Finance and Administration","2022"
601,"Moveable Beast","1","Davenport","City-Wide","15000","TAC","Toronto Arts Council","2022"
602,"Mural Routes Inc.","1","Scarborough Southwest","City-Wide","33000","TAC","Toronto Arts Council","2022"
603,"Museum of Contemporary Art Toronto (MOCA Toronto)","1","Davenport","City-Wide","321313","CADP","Economic Development and Culture","2022"
604,"Music Africa of Canada Inc.","1","Toronto - St. Paul's","City-Wide","43375","TAC","Toronto Arts Council","2022"
605,"Music For Climate Justice","1","Davenport","Local","7057.5","TAC","Toronto Arts Council","2022"
606,"Music From Hope","1 of 2","Toronto - Danforth","Local","15000","TAC","Toronto Arts Council","2022"
607,"Music From Hope","2 of 2","Toronto - Danforth","Local","11000","TAC","Toronto Arts Council","2022"
608,"Music Mondays Community Series","1","Toronto Centre","City-Wide","5000","TAC","Toronto Arts Council","2022"
609,"Music Toronto","1","Toronto Centre","City-Wide","69200","TAC","Toronto Arts Council","2022"
610,"Musical Story Studio","1 of 2","Davenport","Local","8000","TAC","Toronto Arts Council","2022"
611,"Musical Story Studio","2 of 2","Davenport","Local","20000","TAC","Toronto Arts Council","2022"
612,"Musicals Reimagined","1","Toronto - St. Paul's","Local","10000","TAC","Toronto Arts Council","2022"
613,"Myles Unlimited","1","Beaches - East York","Local","5000","CCRF","Social Development, Finance and Administration","2022"
614,"Nagata Shachu Japanese Taiko and Music Group","1 of 2","Scarborough North","City-Wide","23000","TAC","Toronto Arts Council","2022"
615,"Nagata Shachu Japanese Taiko and Music Group","2 of 2","Scarborough North","City-Wide","23000","TAC","Toronto Arts Council","2022"
616,"National Shevchenko Musical Ensemble Guild of Canada","1","University - Rosedale","City-Wide","6750","TAC","Toronto Arts Council","2022"
617,"Native Canadian Centre of Toronto","1 of 2","Don Valley East","City-Wide","10000","IACPF","Economic Development and Culture","2022"
618,"Native Canadian Centre of Toronto","2 of 2","University - Rosedale","City-Wide","161680.2","CSP","Social Development, Finance and Administration","2022"
619,"Native Child and  Family Services of Toronto","1 of 5","Toronto Centre","City-Wide","40348","TOS","Social Development, Finance and Administration","2022"
620,"Native Child and  Family Services of Toronto","2 of 5","Toronto Centre","City-Wide","41211","SSRF","Social Development, Finance and Administration","2022"
621,"Native Child and  Family Services of Toronto","3 of 5","Toronto Centre","City-Wide","131636.1","CSP","Social Development, Finance and Administration","2022"
622,"Native Child and Family Services of Toronto","4 of 5","Toronto Centre","City-Wide","10000","TAC","Toronto Arts Council","2022"
623,"Native Child and Family Services of Toronto","5 of 5","Toronto Centre","City-Wide","30000","IACPF","Economic Development and Culture","2022"
624,"Native Earth Performing Arts Inc.","1","Toronto Centre","City-Wide","95000","TAC","Toronto Arts Council","2022"
625,"Native Women in the Arts","1","Spadina - Fort York","City-Wide","40000","TAC","Toronto Arts Council","2022"
626,"Native Women's Resource Centre of Toronto","1 of 3","Toronto Centre","City-Wide","34599","TOS","Social Development, Finance and Administration","2022"
627,"Native Women's Resource Centre of Toronto","2 of 3","Toronto Centre","City-Wide","35462","SSRF","Social Development, Finance and Administration","2022"
628,"Native Women's Resource Centre of Toronto","3 of 3","Toronto Centre","City-Wide","100990.2","CSP","Social Development, Finance and Administration","2022"
629,"Nautanki Bazaar","1","Toronto Centre","City-Wide","15000","TAC","Toronto Arts Council","2022"
630,"Necessary Angel Theatre Company","1","Spadina - Fort York","City-Wide","60300","TAC","Toronto Arts Council","2022"
631,"Neighbourhood Arts Network","1 of 2","Spadina - Fort York","City-Wide","30000","TAC","Toronto Arts Council","2022"
632,"Neighbourhood Arts Network","2 of 2","Spadina - Fort York","City-Wide","100000","TAC","Toronto Arts Council","2022"
633,"Neighbourhood Information Post","1","Toronto Centre","Neighbourhood","45451.2","CSP","Social Development, Finance and Administration","2022"
634,"Neilson Park Creative Centre","1","Etobicoke Centre","Local","20000","TAC","Toronto Arts Council","2022"
635,"NetherMind","1","University - Rosedale","City-Wide","10000","TAC","Toronto Arts Council","2022"
636,"New Canadian Community Centre","1","Scarborough Agincourt","City-Wide","49725","CSP","Social Development, Finance and Administration","2022"
637,"New Harlem Productions","1","Parkdale - High Park","City-Wide","19000","TAC","Toronto Arts Council","2022"
638,"New Music Concerts","1","Spadina - Fort York","City-Wide","52250","TAC","Toronto Arts Council","2022"
639,"New Tradition Music","1","Humber River - Black Creek","Local","15000","TAC","Toronto Arts Council","2022"
640,"Newcomer Women's Services Toronto","1 of 2","Toronto Centre","City-Wide","30000","TAC","Toronto Arts Council","2022"
641,"Newcomer Women's Services Toronto","2 of 2","Toronto - Danforth","City-Wide","47445.3","CSP","Social Development, Finance and Administration","2022"
642,"Nia Centre for the Arts","1","Toronto - St. Paul's","City-Wide","36000","TAC","Toronto Arts Council","2022"
643,"Nibi Anishnaabe Aadziwin - Water, Honouring our Way of Life","1","Humber River - Black Creek","City-Wide","20000","IAO","Indigenous Affairs Office","2022"
644,"Nightswimming Repertory Theatre","1","Spadina - Fort York","Local","19000","TAC","Toronto Arts Council","2022"
645,"Nightwood Theatre","1","Toronto Centre","City-Wide","73000","TAC","Toronto Arts Council","2022"
646,"Nish Cultural Cuzzins","1","Don Valley North","City-Wide","20000","IAO","Indigenous Affairs Office","2022"
647,"Nishnawbe Homes Inc","1","Toronto Centre","City wide","24000","NG","Social Development, Finance and Administration","2022"
648,"North York Community House","1 of 3","Eglinton - Lawrence","Local","285000","IMM","Social Development, Finance and Administration","2022"
649,"North York Community House","2 of 3","Eglinton - Lawrence","Local","350000","IMM","Social Development, Finance and Administration","2022"
650,"North York Community House","3 of 3","Eglinton - Lawrence","Local","235961.7","CSP","Social Development, Finance and Administration","2022"
651,"North York Harvest Food Bank","1","York South - Weston","City-Wide","26361.9","CSP","Social Development, Finance and Administration","2022"
652,"North York Seniors Centre","1 of 2","Willowdale","Local","3500","CAF","Environment and Climate","2022"
653,"North York Seniors Centre","2 of 2","Willowdale","Neighbourhood","102489.6","CSP","Social Development, Finance and Administration","2022"
654,"North York Women's Resource Centre","1","York South - Weston","Local","56304","CSP","Social Development, Finance and Administration","2022"
655,"Northern Visions Independent Video & Film Association","1","Spadina - Fort York","City-Wide","58000","TAC","Toronto Arts Council","2022"
656,"Northwood Neighbourhood Services","1","Humber River - Black Creek","Local","52193.4","CSP","Social Development, Finance and Administration","2022"
657,"Not Far From The Tree, a project of MakeWay Charitable Society","1","University - Rosedale","Neighbourhood","500","FOR","Parks, Recreation & Forestry","2022"
658,"NOWADAYS THEATRE","1","Willowdale","City-Wide","15000","TAC","Toronto Arts Council","2022"
659,"Nswi Enaadimaaget (3 Helpers)","1","All Wards","City Wide","20000","INI","Social Development, Finance and Administration","2022"
660,"Nutritious Minds","1","Eglinton - Lawrence","Neighbourhood","4700","CCRF","Social Development, Finance and Administration","2022"
661,"Obsidian Theatre Company Inc.","1","Toronto - Danforth","City-Wide","72000","TAC","Toronto Arts Council","2022"
662,"OCASI - Ontario Council of Agencies Serving Immigrants","1","Eglinton - Lawrence","City-Wide","31660.8","CSP","Social Development, Finance and Administration","2022"
663,"O'Connor Hawks Youth (COVID19 Youth-Led)","1","Beaches - East York","Neighbourhood","4400","CCRF","Social Development, Finance and Administration","2022"
664,"Odemiika","1","Etobicoke - Lakeshore","City-Wide","20000","IAO","Indigenous Affairs Office","2022"
665,"One in Three Collective","1","University - Rosedale","Local","12000","TAC","Toronto Arts Council","2022"
666,"One Perfect Day Collective","1","Toronto - St. Paul's","City-Wide","9964","TAC","Toronto Arts Council","2022"
667,"Onsite Gallery at OCAD University","1","Spadina - Fort York","City-Wide","15000","TAC","Toronto Arts Council","2022"
668,"Ontario Association of Art Galleries","1","Spadina - Fort York","City-Wide","24000","TAC","Toronto Arts Council","2022"
669,"Ontario Culture Days","1","Spadina - Fort York","Local","14000","TAC","Toronto Arts Council","2022"
670,"Ontario Nonprofit Network","1","Toronto - St. Paul's","City-Wide","25000","CB","Social Development, Finance and Administration","2022"
671,"Ontario Pops Orchestra","1","Spadina - Fort York","City-Wide","8000","TAC","Toronto Arts Council","2022"
672,"Ontario Psychological Association (OPA)","1 of 2","Toronto - St. Paul's","City-Wide","28692","TOS","Social Development, Finance and Administration","2022"
673,"Ontario Psychological Association (OPA)","2 of 2","Toronto - St. Paul's","City-Wide","29555","SSRF","Social Development, Finance and Administration","2022"
674,"Open Book Foundation","1","University - Rosedale","City-Wide","19000","TAC","Toronto Arts Council","2022"
675,"Open Studio","1","Spadina - Fort York","City-Wide","73000","TAC","Toronto Arts Council","2022"
676,"Openly Connected","1 of 2","Toronto Centre","City wide","50000","NG","Social Development, Finance and Administration","2022"
677,"Openly Connected","2 of 2","Toronto Centre","City wide","50000","NG","Social Development, Finance and Administration","2022"
678,"Opera Atelier","1","Toronto Centre","City-Wide","85500","TAC","Toronto Arts Council","2022"
679,"Opera in Concert","1","Toronto - Danforth","City-Wide","30000","TAC","Toronto Arts Council","2022"
680,"Opera Queens","1","Spadina - Fort York","City-Wide","8000","TAC","Toronto Arts Council","2022"
681,"Opportunity for Advancement","1","Davenport","City-Wide","52693.2","CSP","Social Development, Finance and Administration","2022"
682,"Orchestra Toronto","1","Willowdale","City-Wide","22000","TAC","Toronto Arts Council","2022"
683,"Oriana Women's Choir","1","Toronto - Danforth","City-Wide","12500","TAC","Toronto Arts Council","2022"
684,"Orpheus Choir of Toronto","1","Toronto - St. Paul's","City-Wide","27000","TAC","Toronto Arts Council","2022"
685,"Oshkaabewisuk","1","Beaches - East York","City-Wide","20000","IAO","Indigenous Affairs Office","2022"
686,"Otherworldly Giants","1","Davenport","Local","14200","TAC","Toronto Arts Council","2022"
687,"Our Voice","1","Toronto Centre","Local","20000","INI","Social Development, Finance and Administration","2022"
688,"Out the Mud Toronto","1","Toronto - St. Paul's","Local","5000","CAF","Environment and Climate","2022"
689,"Outside Looking In","1","Spadina - Fort York","City-Wide","15000","TAC","Toronto Arts Council","2022"
690,"Outside the Box Collective","1","Toronto - Danforth","Local","10000","TAC","Toronto Arts Council","2022"
691,"Outside the March Theatre Company Inc","1","Davenport","City-Wide","23000","TAC","Toronto Arts Council","2022"
692,"PACE Collective","1","University - Rosedale","City-Wide","12760","TAC","Toronto Arts Council","2022"
693,"Pack Animal","1","Davenport","City-Wide","4000","TAC","Toronto Arts Council","2022"
694,"PAL- Reading Services Inc.","1","Toronto Centre","City-Wide","17544","CSP","Social Development, Finance and Administration","2022"
695,"Pan Arts Network","1 of 2","Spadina - Fort York","City Wide","15000","CFFP","Economic Development and Culture","2022"
696,"Pan Arts Network","2 of 2","Scarborough - Rouge Park","City-Wide","10650","TAC","Toronto Arts Council","2022"
697,"Pandemic Theatre","1","Davenport","Local","10000","TAC","Toronto Arts Council","2022"
698,"Paprika Theatre Festival","1 of 2","Spadina - Fort York","City-Wide","17000","TAC","Toronto Arts Council","2022"
699,"Paprika Theatre Festival","2 of 2","Spadina - Fort York","City-Wide","37500","TAC","Toronto Arts Council","2022"
700,"Parents Engaged in Education","1","Scarborough - Rouge Park","Local","50000","INO","Social Development, Finance and Administration","2022"
701,"Parkdale Golden Age Foundation","1","Parkdale - High Park","Neighbourhood","64056","CSP","Social Development, Finance and Administration","2022"
702,"Parkdale Intercultural Association (Toronto)","1","Parkdale - High Park","Neighbourhood","73756.2","CSP","Social Development, Finance and Administration","2022"
703,"Parkdale Junior and Senior Public School Garden Committee","1","Parkdale - High Park","Local","2278","PTCG","Environment and Climate","2022"
704,"Parvai","1 of 2","Spadina - Fort York","City-Wide","12473","TAC","Toronto Arts Council","2022"
705,"Parvai","2 of 2","Scarborough Southwest, Scarborough Centre,Scarborough Agincourt,Scarborough North,Scarborough - Guildwood,Etobicoke - LakeshoreYork Centre","Local","17293","INI","Social Development, Finance and Administration","2022"
706,"Pax Christi Chorale","1","Don Valley North","City-Wide","20000","TAC","Toronto Arts Council","2022"
707,"Peace In Pelham (COVID19 Youth-led)","1","Davenport","Neighbourhood","5000","CCRF","Social Development, Finance and Administration","2022"
708,"PEACH: Promoting Education and Community Health","1 of 2","Humber River - Black Creek","City-Wide","30000","CSP-OneTime","Social Development, Finance and Administration","2022"
709,"PEACH: Promoting Education and Community Health","2 of 2","Humber River - Black Creek","Neighbourhood","67381.2","CSP","Social Development, Finance and Administration","2022"
710,"Peggy Baker Dance Projects","1","Spadina - Fort York","City-Wide","35000","TAC","Toronto Arts Council","2022"
711,"Pemmican Collective","1","Toronto Centre","City-Wide","15000","TAC","Toronto Arts Council","2022"
712,"PEN Canada","1","Spadina - Fort York","City-Wide","1500","TAC","Toronto Arts Council","2022"
713,"Pencil Kit Productions","1","Davenport","City-Wide","10989","TAC","Toronto Arts Council","2022"
714,"PhoeNX Ensemble","1","Don Valley East","City-Wide","12000","TAC","Toronto Arts Council","2022"
715,"Pierre Elliott Trudeau Elementary School Community","1","University - Rosedale","Local","4228","PTCG","Environment and Climate","2022"
716,"Pinceles Latinos Art Studio","1","Humber River - Black Creek","Local","6400","TAC","Toronto Arts Council","2022"
717,"Planet in Focus","1","Spadina - Fort York","City-Wide","25000","TAC","Toronto Arts Council","2022"
718,"Playwrights Guild of Canada","1","Spadina - Fort York","City-Wide","25000","TAC","Toronto Arts Council","2022"
719,"Pleiades Theatre","1","Spadina - Fort York","City-Wide","18400","TAC","Toronto Arts Council","2022"
720,"Pluma Collective","1","Eglinton - Lawrence","City-Wide","8000","TAC","Toronto Arts Council","2022"
721,"Pollinator Pedestrian Access Path - Pilkington to Santa Monica","1","Willowdale","Local","5000","PTCG","Environment and Climate","2022"
722,"Portage Trail Community School","1","York South - Weston","Local","3200","PTCG","Environment and Climate","2022"
723,"pounds per square inch performance","1","Toronto Centre","City-Wide","15000","TAC","Toronto Arts Council","2022"
724,"PRATIBHA ARTS","1","Spadina - Fort York","City-Wide","15000","TAC","Toronto Arts Council","2022"
725,"Pride Toronto","1","Etobicoke Centre, York Centre, Davenport, Spadina - Fort York, University - Rosedale, Toronto Centre","City Wide","260000","CFFP","Economic Development and Culture","2022"
726,"ProArteDanza Performance Inc","1","Toronto - Danforth","City-Wide","15000","TAC","Toronto Arts Council","2022"
727,"Professional Association of Canadian Theatres","1","Spadina - Fort York","City-Wide","8000","TAC","Toronto Arts Council","2022"
728,"Progress Place","1","Toronto Centre","City-Wide","10000","SSRF","Social Development, Finance and Administration","2022"
729,"Progress Place - Community Place Hub","1","York South - Weston","Neighbourhood","4998","CCRF","Social Development, Finance and Administration","2022"
730,"Project ReDefine Arts","1","Toronto - Danforth","City-Wide","26000","TAC","Toronto Arts Council","2022"
731,"Project: Humanity Inc.","1","Eglinton - Lawrence","Local","15000","TAC","Toronto Arts Council","2022"
732,"Prologue to the Performing Arts","1 of 2","Spadina - Fort York","City-Wide","35000","TAC","Toronto Arts Council","2022"
733,"Prologue to the Performing Arts","2 of 2","Spadina - Fort York","City-Wide","160000","TAC","Toronto Arts Council","2022"
734,"Prosserman Jewish Community Centre","1","York Centre","City-Wide","15075.6","CSP","Social Development, Finance and Administration","2022"
735,"Public Recordings Performance Projects","1","Parkdale - High Park","City-Wide","20400","TAC","Toronto Arts Council","2022"
736,"Puppetmongers Theatre","1","University - Rosedale","City-Wide","20000","TAC","Toronto Arts Council","2022"
737,"Queen West Art Crawl","1","Spadina - Fort York","City Wide","20000","CFFP","Economic Development and Culture","2022"
738,"Queer AF Collective","1","Spadina - Fort York","City-Wide","10000","TAC","Toronto Arts Council","2022"
739,"Queer Songbook Orchestra","1","Spadina - Fort York","City-Wide","10500","TAC","Toronto Arts Council","2022"
740,"Quote Unquote Collective","1","Parkdale - High Park","City-Wide","9700","TAC","Toronto Arts Council","2022"
741,"Raging Asian Women Taiko Drummers","1","York South - Weston","Local","15000","TAC","Toronto Arts Council","2022"
742,"Rainbow's Pride in Scarborough","2 of 2","Spadina - Fort York","City-Wide","17497","TAC","Toronto Arts Council","2022"
743,"Rainbow's Pride in Scarborough","1 of 2","Beaches - East York","Local","19950","INI","Social Development, Finance and Administration","2022"
744,"Ralph Thornton Centre","1","Toronto - Danforth","Neighbourhood","38836.5","CSP","Social Development, Finance and Administration","2022"
745,"REAson d'etre dance productions","1","Parkdale - High Park","City-Wide","15000","TAC","Toronto Arts Council","2022"
746,"Red Pepper Spectacle Arts","1 of 2","University - Rosedale","City-Wide","40000","TAC","Toronto Arts Council","2022"
747,"Red Pepper Spectacle Arts","2 of 2","University - Rosedale","City-Wide","32400","TAC","Toronto Arts Council","2022"
748,"Red Sky Performance","1","Spadina - Fort York","City-Wide","48000","TAC","Toronto Arts Council","2022"
749,"Red Snow Collective","1","Don Valley East","City-Wide","15000","TAC","Toronto Arts Council","2022"
750,"RedbRed","1","Don Valley East","City-Wide","20000","IAO","Indigenous Affairs Office","2022"
751,"ReelAbilities Film Festival Toronto","1","University - Rosedale","City-Wide","20000","TAC","Toronto Arts Council","2022"
752,"Reelworld Screen Institute","1","Toronto Centre","City-Wide","7500","TAC","Toronto Arts Council","2022"
753,"Regenesis York","1","York Centre, Humber River - Black Creek, University - Rosedale, Don Valley West, Scarborough - Rouge Park","City-wide","49960","FOR","Parks, Recreation & Forestry","2022"
754,"Regent Park Community Health Centre","1","Toronto Centre","Local","150000","PG","Children's Services","2022"
755,"Regent Park Film Festival Inc.","1","Toronto Centre","Local","33000","TAC","Toronto Arts Council","2022"
756,"Regent Park Neighbourhood Association - Advocacy","1","Toronto Centre","Neighbourhood","75000","PG","Social Development, Finance and Administration","2022"
757,"ReSistering Collective","1","Parkdale - High Park","Local","5000","CAF","Environment and Climate","2022"
758,"Rexdale Community Health Centre","2 of 4","Etobicoke North","Local","265000","IMM","Social Development, Finance and Administration","2022"
759,"Rexdale Community Health Centre","3 of 4","Etobicoke North","Local","300000","IMM","Social Development, Finance and Administration","2022"
760,"Rexdale Community Health Centre","4 of 4","Etobicoke North","Local","289691.19","CSWBU","Social Development, Finance and Administration","2022"
761,"Rexdale Community Health Centre","1 of 4","Etobicoke North","Local","171222.3","CSP","Social Development, Finance and Administration","2022"
762,"Rexdale Community Hub","1","Etobicoke North","Local","316939.5","CSP","Social Development, Finance and Administration","2022"
763,"Rexdale Women’s Centre","1 of 2","Etobicoke North","Local","16250","CAF","Environment and Climate","2022"
764,"Rexdale Women's Centre","2 of 2","Etobicoke North","Local","109675.5","CSP","Social Development, Finance and Administration","2022"
765,"RISE Arts and Community Services","1","Scarborough Agincourt","City-Wide","20000","TAC","Toronto Arts Council","2022"
766,"Ritten-House","1","Toronto Centre","Local","7680","TAC","Toronto Arts Council","2022"
767,"Riverdale Immigrant Women's Centre","1","Toronto - Danforth","City-Wide","15000","TAC","Toronto Arts Council","2022"
768,"Rivertowne Tenant Rep and Committee","1","Toronto - Danforth","Neighbourhood","5000","CCRF","Social Development, Finance and Administration","2022"
769,"Roden School Council","1","Toronto - Danforth","Local","4730","PTCG","Environment and Climate","2022"
770,"Roncesvalles Village BIA","1","Parkdale - High Park","Local","10000","CFFP","Economic Development and Culture","2022"
771,"Roots To Bloom","1","Parkdale - High Park","Local","6800","TAC","Toronto Arts Council","2022"
772,"Rosalie Hall - Birchmount Community Action Council","1","Scarborough Centre","Local","3850","CAF","Environment and Climate","2022"
773,"Roseneath Theatre","1","Davenport","City-Wide","73000","TAC","Toronto Arts Council","2022"
774,"RT Collective","1","Parkdale - High Park","City-Wide","4000","TAC","Toronto Arts Council","2022"
775,"Ryerson Image Centre","1","Toronto Centre","City-Wide","10000","TAC","Toronto Arts Council","2022"
776,"S.E.A.S. Centre (Support Enhance Access Services Centre)","1","Toronto Centre","Local","91754.1","CSP","Social Development, Finance and Administration","2022"
777,"Saawan Theatre","1","Humber River - Black Creek","City-Wide","13000","TAC","Toronto Arts Council","2022"
778,"Sabbara","1","Willowdale","City-Wide","20000","TAC","Toronto Arts Council","2022"
779,"Salon du Livre de Toronto","1","University - Rosedale","City-Wide","15000","TAC","Toronto Arts Council","2022"
780,"San Lorenzo Latin American Community Centre","1","Eglinton - Lawrence","Local","5000","PTCG","Environment and Climate","2022"
781,"San Romanoway Revitalization Association","3 of 3","Humber River - Black Creek","Neighbourhood","10000","CFFP","Economic Development and Culture","2022"
782,"San Romanoway Revitalization Association","2 of 3","Humber River - Black Creek","Local","30000","CSP-OneTime","Social Development, Finance and Administration","2022"
783,"San Romanoway Revitalization Association","1 of 3","Humber River - Black Creek","Local","88071.9","CSP","Social Development, Finance and Administration","2022"
784,"Sara Porter Productions","1","Toronto - St. Paul's","City-Wide","15000","TAC","Toronto Arts Council","2022"
785,"SAVAC","1","Spadina - Fort York","City-Wide","45000","TAC","Toronto Arts Council","2022"
786,"Say Somali","1","Etobicoke - Lakeshore","Local","19663","INI","Social Development, Finance and Administration","2022"
787,"Scadding Court Community Centre","2 of 3","Spadina - Fort York","Local","257500","IMM","Social Development, Finance and Administration","2022"
788,"Scadding Court Community Centre","3 of 3","Spadina - Fort York","Local","300000","IMM","Social Development, Finance and Administration","2022"
789,"Scadding Court Community Centre","1 of 3","Spadina - Fort York","Neighbourhood","194228.4","CSP","Social Development, Finance and Administration","2022"
790,"Scarborough Anti-Violence Mentorship Brotherhood Association ‘SAMBA’","1","Scarborough - Guildwood","Local","5000","CCRF","Social Development, Finance and Administration","2022"
791,"Scarborough Centre for Healthy Communities","4 of 4","Scarborough - Guildwood","Local","150000","PG","Children's Services","2022"
792,"Scarborough Centre for Healthy Communities","2 of 4","Humber River - Black Creek","Local","250000","IMM","Social Development, Finance and Administration","2022"
793,"Scarborough Centre for Healthy Communities","3 of 4","Humber River - Black Creek","Local","300000","IMM","Social Development, Finance and Administration","2022"
794,"Scarborough Centre for Healthy Communities","1 of 4","Scarborough - Guildwood","Local","206014.5","CSP","Social Development, Finance and Administration","2022"
795,"Scarborough Made","1","Scarborough - Guildwood","Local","15000","TAC","Toronto Arts Council","2022"
796,"Scarborough Philharmonic Orchestra","1","Scarborough - Guildwood","Local","23000","TAC","Toronto Arts Council","2022"
797,"Scarborough Village Youth Collective (COVID19 Youth-led)","1","Scarborough Southwest","Local","5000","CCRF","Social Development, Finance and Administration","2022"
798,"Scarborough Women's Centre","1","Scarborough - Guildwood","Neighbourhood","40606.2","CSP","Social Development, Finance and Administration","2022"
799,"Scarborough Youth United","1 of 2","Scarborough Agincourt","Local","7500","TAC","Toronto Arts Council","2022"
800,"Scarborough Youth United","2 of 2","Scarborough Agincourt","Local","13000","TAC","Toronto Arts Council","2022"
801,"Scarlettwood Warriors For Change","1","Etobicoke Centre","Local","4996","CCRF","Social Development, Finance and Administration","2022"
802,"Scribble Me Silly Art for Kids","1","Toronto - Danforth","City-Wide","6800","TAC","Toronto Arts Council","2022"
803,"Seneca College of Applied Arts and Technology","1","Don Valley North","Neighbourhood","75000","FOR","Parks, Recreation & Forestry","2022"
804,"Senior Persons Living Connected","1","Scarborough Agincourt","Local","110129.4","CSP","Social Development, Finance and Administration","2022"
805,"Senior Tamils' Centre of Ontario","1","Scarborough North","City-Wide","65784.9","CSP","Social Development, Finance and Administration","2022"
806,"Seniors Safety BBQ","1","Eglinton - Lawrence","Neighbourhood","5000","CCRF","Social Development, Finance and Administration","2022"
807,"Serenity 2.0 (COVID19 Youth-Led)","1","Toronto Centre","Local","5000","CCRF","Social Development, Finance and Administration","2022"
808,"Settlement Assistance and Family Support Services (SAFSS)","1","Scarborough - Guildwood","Local","58094.1","CSP","Social Development, Finance and Administration","2022"
809,"Shadowland Theatre","1 of 2","Spadina - Fort York","City-Wide","23000","TAC","Toronto Arts Council","2022"
810,"Shadowland Theatre","2 of 2","Spadina - Fort York","City-Wide","20000","TAC","Toronto Arts Council","2022"
811,"Shakespeare In Action","3 of 4","York South - Weston","Local","20000","TAC","Toronto Arts Council","2022"
812,"Shakespeare In Action","4 of 4","York South - Weston","Local","15000","TAC","Toronto Arts Council","2022"
813,"Shakespeare In Action","1 of 4","York South - Weston","Local","100000","IMM","Social Development, Finance and Administration","2022"
814,"Shakespeare In Action","2 of 4","York South - Weston","Local","55000","IMM","Social Development, Finance and Administration","2022"
815,"Shakespeare in Action - Humber River Pals","1","York South - Weston","Local","9000","CAF","Environment and Climate","2022"
816,"Shakespeare in the Ruff","1","University - Rosedale","City-Wide","17000","TAC","Toronto Arts Council","2022"
817,"Shoot For Peace","1","Toronto - Danforth","City-Wide","14400","TAC","Toronto Arts Council","2022"
818,"SICK MUSE ART PROJECTS","1","Davenport","City-Wide","10200","TAC","Toronto Arts Council","2022"
819,"SickKids Centre for Community Mental Health","1","York Centre","Local","150000","PG","Children's Services","2022"
820,"Silent Voice Canada Inc","1","Toronto - St. Paul's","City-Wide","35195.1","CSP","Social Development, Finance and Administration","2022"
821,"Silk Bath Collective","1","Etobicoke - Lakeshore","Local","10000","TAC","Toronto Arts Council","2022"
822,"Sinfonia Toronto","1","Don Valley North","City-Wide","12350","TAC","Toronto Arts Council","2022"
823,"SING! The Toronto Vocal Arts Festival","1 of 2","Beaches - East York","City-Wide","11500","TAC","Toronto Arts Council","2022"
824,"SING! The Toronto Vocal Arts Festival","2 of 2","Parkdale - High Park, Humber River - Black Creek, Davenport, Spadina - Fort York, University - Rosedale, Toronto Centre","City Wide","20000","CFFP","Economic Development and Culture","2022"
825,"Sistema Toronto Academy","1","Parkdale - High Park","Local","8000","TAC","Toronto Arts Council","2022"
826,"Sistering: A Woman's Place","1","Davenport","Neighbourhood","7500","CFFP","Economic Development and Culture","2022"
827,"SKETCH Working Arts","1","Spadina - Fort York","Local","4332","PTCG","Environment and Climate","2022"
828,"SKETCH Working Arts for Street-involved and Homeless Youth","1","Spadina - Fort York","City-Wide","115000","TAC","Toronto Arts Council","2022"
829,"Small World Music Society","1 of 2","Spadina - Fort York","City-Wide","62000","TAC","Toronto Arts Council","2022"
830,"Small World Music Society","2 of 2","Spadina - Fort York","City-Wide","20000","TAC","Toronto Arts Council","2022"
831,"Smile For Sache (COVID19 Youth-led)","1","Humber River - Black Creek","Local","4950","CCRF","Social Development, Finance and Administration","2022"
832,"Society of Sharing: Inner-City Volunteers","1","Toronto Centre","Local","18212.1","CSP","Social Development, Finance and Administration","2022"
833,"Somali Canadian Association of Etobicoke","2 of 2","Etobicoke North","Neighbourhood","30000","CSP-OneTime","Social Development, Finance and Administration","2022"
834,"Somali Canadian Association of Etobicoke","1 of 2","Etobicoke North","Local","26361.9","CSP","Social Development, Finance and Administration","2022"
835,"Somali Women's and Children's Support Network","2 of 2","Etobicoke North","Local","30000","CSP-OneTime","Social Development, Finance and Administration","2022"
836,"Somali Women's and Children's Support Network","1 of 2","Etobicoke North","City-Wide","45869.4","CSP","Social Development, Finance and Administration","2022"
837,"Somethin’ Somethin’ Collective","1","Parkdale - High Park","City-Wide","10000","TAC","Toronto Arts Council","2022"
838,"Soulpepper Theatre Company","1","Spadina - Fort York","City-Wide","461000","TAC","Toronto Arts Council","2022"
839,"SoundCheck Youth Arts Inc.","1","Eglinton - Lawrence","City-Wide","20000","TAC","Toronto Arts Council","2022"
840,"Soundstreams","1","Toronto Centre","City-Wide","88000","TAC","Toronto Arts Council","2022"
841,"South Asian Advisory Group (COVID19 Youth-led)","1","Scarborough - Rouge Park","Local","5000","CCRF","Social Development, Finance and Administration","2022"
842,"South Asian Autism Awareness Centre","1","Scarborough - Guildwood","Local","8000","TAC","Toronto Arts Council","2022"
843,"South Asian Women's Centre","1","Davenport","City-Wide","98807.4","CSP","Social Development, Finance and Administration","2022"
844,"South Riverdale Community Health Centre","1","Toronto - Danforth","Local","107706.9","CSP","Social Development, Finance and Administration","2022"
845,"Southern Currents Film & Video Collective","1","Davenport","City-Wide","20000","TAC","Toronto Arts Council","2022"
846,"SPRINT - Senior People's Resources Toronto","1","Toronto - St. Paul's","Local","108726.9","CSP","Social Development, Finance and Administration","2022"
847,"SRHR Hubs","1","York South - Weston","Local","22000","INI","Social Development, Finance and Administration","2022"
848,"St Francis De Sales","1","Humber River - Black Creek","Local","3000","PTCG","Environment and Climate","2022"
849,"St. Aidan Catholic Elementary School","1","Scarborough Agincourt","Local","3948","PTCG","Environment and Climate","2022"
850,"St. Alban's Boys' and Girls' Club","1","University - Rosedale","Local","218371.8","CSP","Social Development, Finance and Administration","2022"
851,"St. Boniface Elementary School","1","Scarborough Southwest","Local","4875","PTCG","Environment and Climate","2022"
852,"St. Clair O'Connor Community Inc.","1","Beaches - East York","Neighbourhood","20206.2","CSP","Social Development, Finance and Administration","2022"
853,"St. James Town Community Cooperative Inc","1","Toronto Centre","Local","8990","CAF","Environment and Climate","2022"
854,"St. Matthew's Bracondale House","1","Toronto - St. Paul's","Neighbourhood","54335.4","CSP","Social Development, Finance and Administration","2022"
855,"Stolen From Africa","1 of 4","Humber River - Black Creek","Local","161423","YVP","Social Development, Finance and Administration","2022"
856,"Stolen From Africa","2 of 4","Humber River - Black Creek","Local","9137","TOS","Social Development, Finance and Administration","2022"
857,"Stolen From Africa","3 of 4","Humber River - Black Creek","City-Wide","30000","CSP-OneTime","Social Development, Finance and Administration","2022"
858,"Stolen From Africa","4 of 4","Humber River - Black Creek","Local","10000","SSRF","Social Development, Finance and Administration","2022"
859,"Stonegate Community Health Centre","1","Etobicoke - Lakeshore","Local","98674.8","CSP","Social Development, Finance and Administration","2022"
860,"Storefront Humber Inc.","1","Etobicoke - Lakeshore","Local","65183.1","CSP","Social Development, Finance and Administration","2022"
861,"Street Haven","1","Toronto Centre","Neighbourhood","100000","PG","Social Development, Finance and Administration","2022"
862,"Street Voices","1","Beaches - East York","City-Wide","12750","TAC","Toronto Arts Council","2022"
863,"Strides Toronto","1","Humber River - Black Creek","City-Wide","65000","CSWBU","Social Development, Finance and Administration","2022"
864,"Studio 180 Theatre","1","University - Rosedale","City-Wide","17000","TAC","Toronto Arts Council","2022"
865,"SummerWorks Performance Festival","1","Spadina - Fort York","City-Wide","55000","TAC","Toronto Arts Council","2022"
866,"Sunnybrook Health Sciences Centre","1","Don Valley West, Willowdale","Neighbourhood","50000","FOR","Parks, Recreation & Forestry","2022"
867,"Sunshine Centres for Seniors","1","University - Rosedale","City-Wide","50092.2","CSP","Social Development, Finance and Administration","2022"
868,"Sustainable Textile Art","1","York Centre","Local","13500","TAC","Toronto Arts Council","2022"
869,"Sweet Grass Roots Collective","1","Humber River - Black Creek","Local","5000","CAF","Environment and Climate","2022"
870,"Syme Woolner Neighbourhood and Family Centre","2 of 3","York South - Weston","Local","200000","IMM","Social Development, Finance and Administration","2022"
871,"Syme Woolner Neighbourhood and Family Centre","3 of 3","York South - Weston","Local","300000","IMM","Social Development, Finance and Administration","2022"
872,"Syme Woolner Neighbourhood and Family Centre","1 of 3","York South - Weston","Neighbourhood","118330.2","CSP","Social Development, Finance and Administration","2022"
873,"Syme Woolner Neighbourhood and Family Centre (SWNFC)","1","York South - Weston","Local","63750","HIF","Housing Secretariat","2022"
874,"Syrian Film Festival","1","York Centre","City-Wide","10000","TAC","Toronto Arts Council","2022"
875,"Tafelmusik","1","University - Rosedale","City-Wide","180000","TAC","Toronto Arts Council","2022"
876,"TAIBU Community Health Centre","1 of 5","Humber River - Black Creek","City-Wide","150000","CB","Social Development, Finance and Administration","2022"
877,"TAIBU Community Health Centre","2 of 5","Humber River - Black Creek","City-Wide","30000","CSP-OneTime","Social Development, Finance and Administration","2022"
878,"TAIBU Community Health Centre","3 of 5","Humber River - Black Creek","City-Wide","150000","IMM","Social Development, Finance and Administration","2022"
879,"TAIBU Community Health Centre","4 of 5","Humber River - Black Creek","City-Wide","270000","IMM","Social Development, Finance and Administration","2022"
880,"TAIBU Community Health Centre","5 of 5","Humber River - Black Creek","Local","25000","CDU","Social Development, Finance and Administration","2022"
881,"Taking Back what is ours","1","Eglinton - Lawrence","Neighbourhood","4950","CCRF","Social Development, Finance and Administration","2022"
882,"Takwahiminana Collective","1","Toronto Centre","City-Wide","14000","TAC","Toronto Arts Council","2022"
883,"Tangled Art + Disability","1","Spadina - Fort York","City-Wide","50000","TAC","Toronto Arts Council","2022"
884,"Tapestry Music Theatre","1","Beaches - East York","City-Wide","58000","TAC","Toronto Arts Council","2022"
885,"Tarragon Theatre","1","Toronto - St. Paul's","City-Wide","211500","TAC","Toronto Arts Council","2022"
886,"Taste of the Middle East Foundation","1","Spadina - Fort York","City Wide","25000","CFFP","Economic Development and Culture","2022"
887,"TB West Community Services","1","Etobicoke - Lakeshore","Local","20000","TAC","Toronto Arts Council","2022"
888,"TCCG - YOUTH DIVISION (COVID19 Youth-led)","1","Etobicoke North","Neighbourhood","5000","CCRF","Social Development, Finance and Administration","2022"
889,"TCCG (Tandridge Community Collective Group)","1","Etobicoke North","Neighbourhood","5000","CCRF","Social Development, Finance and Administration","2022"
890,"TCL Collective","1","Toronto Centre","City-Wide","10000","TAC","Toronto Arts Council","2022"
891,"TESOC Multicultural Settlement & Community Services","1","Scarborough Centre","City-Wide","40845.9","CSP","Social Development, Finance and Administration","2022"
892,"Textile Museum of Canada","1","Spadina - Fort York","City-Wide","72000","TAC","Toronto Arts Council","2022"
893,"The 519 Church Street Community Centre","2 of 3","Toronto Centre","Local","267500","IMM","Social Development, Finance and Administration","2022"
894,"The 519 Church Street Community Centre","3 of 3","Toronto Centre","Local","300000","IMM","Social Development, Finance and Administration","2022"
895,"The 519 Church Street Community Centre","1 of 3","Toronto Centre","City-Wide","65637","CSP","Social Development, Finance and Administration","2022"
896,"The Abwaan Chronicles Podcast","1","All Wards","City-Wide","15000","TAC","Toronto Arts Council","2022"
897,"The AppleTree Group","1","Toronto - St. Paul's","Local","3800","PTCG","Environment and Climate","2022"
898,"The Arab Community Centre of Toronto","2 of 2","Etobicoke Centre","Local","24000","NG","Social Development, Finance and Administration","2022"
899,"The Arab Community Centre of Toronto","1 of 2","Etobicoke Centre","City-Wide","44313.9","CSP","Social Development, Finance and Administration","2022"
900,"The Art of Time Ensemble","1","Toronto - St. Paul's","City-Wide","55100","TAC","Toronto Arts Council","2022"
901,"The Bentway Conservancy","1","Spadina - Fort York","City-Wide","5000","TAC","Toronto Arts Council","2022"
902,"The Bernard Betel Centre For Creative Living","1","York Centre","Local","137705.1","CSP","Social Development, Finance and Administration","2022"
903,"The Blackstone Foundation Library-Youth Advisory Group","1","Scarborough Agincourt","Local","19996","INI","Social Development, Finance and Administration","2022"
904,"The Cabbagetown Community Arts Centre","1","Toronto Centre","Local","18400","TAC","Toronto Arts Council","2022"
905,"The Canadian Mental Health Association Toronto Branch","1 of 3","University - Rosedale","City-Wide","10637","TOS","Social Development, Finance and Administration","2022"
906,"The Canadian Mental Health Association Toronto Branch","3 of 3","University - Rosedale","City-Wide","11500","SSRF","Social Development, Finance and Administration","2022"
907,"The Canadian Mental Health Association Toronto Branch","2 of 3","University - Rosedale","City-Wide","19782.9","CSP","Social Development, Finance and Administration","2022"
908,"The Canadian Red Cross Society","1","Davenport","City-Wide","159681","CSP","Social Development, Finance and Administration","2022"
909,"The Career Foundation","1","Eglinton - Lawrence","Local","75000","CDU","Social Development, Finance and Administration","2022"
910,"The Centre for Immigrant and Community Services (CICS)","1","Scarborough-Agincourt","Local","75000","TTSP","Housing Secretariat","2022"
911,"The Chimera Project Dance Theatre","1","Toronto Centre","City-Wide","15000","TAC","Toronto Arts Council","2022"
912,"The Company Theatre","1","Davenport","City-Wide","14400","TAC","Toronto Arts Council","2022"
913,"The Cross-Cultural Community Services Association (TCCSA)","1","University - Rosedale","City-Wide","29870.7","CSP","Social Development, Finance and Administration","2022"
914,"The Dance Current","1","Toronto Centre","City-Wide","8000","TAC","Toronto Arts Council","2022"
915,"The Dance Umbrella of Ontario","1","Toronto Centre","City-Wide","30000","TAC","Toronto Arts Council","2022"
916,"The Dietrich Group","1","Toronto - Danforth","City-Wide","15000","TAC","Toronto Arts Council","2022"
917,"The Elmer Iseler Singers","1","Don Valley West","City-Wide","24545","TAC","Toronto Arts Council","2022"
918,"The Esprit Orchestra","1","Spadina - Fort York","City-Wide","80275","TAC","Toronto Arts Council","2022"
919,"The Federation of Metro Tenants' Association (FMTA)","1 of 2","Toronto Centre","City Wide","207102","TTSP","Housing Secretariat","2022"
920,"The Federation of Metro Tenants' Association (FMTA)","2 of 2","Toronto Centre","City Wide","257898","TTSP","Housing Secretariat","2022"
921,"The Fire and Rescue Team","1","University - Rosedale","City-Wide","20000","TAC","Toronto Arts Council","2022"
922,"The Flin Flon Cowboy Collective","1","Spadina - Fort York","City-Wide","20000","TAC","Toronto Arts Council","2022"
923,"The Fringe of Toronto Theatre Festival","1","Toronto - Danforth","City-Wide","77000","TAC","Toronto Arts Council","2022"
924,"The Gatehouse Child Abuse Investigation and Support Site","1","Etobicoke - Lakeshore","City-Wide","26361.9","CSP","Social Development, Finance and Administration","2022"
925,"The George S. Syme Seniors’ Centre of York (Syme 55+ Centre)","1","York South - Weston","Neighbourhood","99863.1","CSP","Social Development, Finance and Administration","2022"
926,"The Greenprint Network","1","York Centre","Local","21290","INI","Social Development, Finance and Administration","2022"
927,"The Hannaford Street Silver Band","1","Toronto Centre","City-Wide","26600","TAC","Toronto Arts Council","2022"
928,"The Heard","1","Scarborough Centre","City-Wide","13000","TAC","Toronto Arts Council","2022"
929,"The inPrint Collective Inc","1","Davenport","City-Wide","11000","TAC","Toronto Arts Council","2022"
930,"The Junction Business Improvement Area","1","Parkdale - High Park","Local","5000","PTCG","Environment and Climate","2022"
931,"The Massey Centre For Women","1","Toronto - Danforth","City-Wide","30712.2","CSP","Social Development, Finance and Administration","2022"
932,"The Mexicans Folk Ballet","1","Eglinton - Lawrence","City-Wide","10000","TAC","Toronto Arts Council","2022"
933,"The Music Gallery","1","University - Rosedale","City-Wide","87000","TAC","Toronto Arts Council","2022"
934,"The Musical McCoy Collective","1","Beaches - East York","City-Wide","30000","TAC","Toronto Arts Council","2022"
935,"The Musical Stage Company","1","Spadina - Fort York","City-Wide","36000","TAC","Toronto Arts Council","2022"
936,"The National Ballet of Canada","1","Spadina - Fort York","City-Wide","1390000","TAC","Toronto Arts Council","2022"
937,"The Neighbourhood Group - Aki Wiidookaagewin","1","University - Rosedale","Local","5000","CAF","Environment and Climate","2022"
938,"The Neighbourhood Group Community Services","7 of 8","Toronto Centre","Local","200000","YVP","Social Development, Finance and Administration","2022"
939,"The Neighbourhood Group Community Services","1 of 8","Etobicoke North","City-Wide","22500","CCRF","Social Development, Finance and Administration","2022"
940,"The Neighbourhood Group Community Services","2 of 8","Toronto Centre","City-Wide","50000","CCRF","Social Development, Finance and Administration","2022"
941,"The Neighbourhood Group Community Services","3 of 8","Toronto Centre","City-Wide","25000","CCRF","Social Development, Finance and Administration","2022"
942,"The Neighbourhood Group Community Services","4 of 8","Toronto Centre","City-Wide","11000","CCRF","Social Development, Finance and Administration","2022"
943,"The Neighbourhood Group Community Services","5 of 8","Toronto Centre","City-Wide","33000","CCRF","Social Development, Finance and Administration","2022"
944,"The Neighbourhood Group Community Services","6 of 8","Toronto Centre","Local","50000","PG","Social Development, Finance and Administration","2022"
945,"The Neighbourhood Group Community Services","8 of 8","Toronto Centre","Local","698353.51","CSP","Social Development, Finance and Administration","2022"
946,"The Neighbourhood Organization - Afghan Women's Organization Refugee and Immigrant Services","1","Don Valley West","Local","10825","CAF","Environment and Climate","2022"
947,"The Neighbourhood Organization - Eheroes","1","Don Valley West","Local","9000","CAF","Environment and Climate","2022"
948,"The Neighbourhood Organization - Thorncliffe Wellness Café","1","Don Valley West","Local","8300","CAF","Environment and Climate","2022"
949,"The PACT Urban Peace Program","1","Etobicoke North","Local","4620","PTCG","Environment and Climate","2022"
950,"The Power Plant","1","All Wards","City-Wide","206000","TAC","Toronto Arts Council","2022"
951,"The Purple Stage","1","Davenport","City-Wide","8000","TAC","Toronto Arts Council","2022"
952,"the red light district","1","University - Rosedale","City-Wide","10000","TAC","Toronto Arts Council","2022"
953,"The Regent Park Women's Entrepreneur Group","1","Toronto Centre","Neighbourhood","65676","PG","Social Development, Finance and Administration","2022"
954,"The Regent Park Youth Collaboration","1","Toronto Centre","Neighbourhood","70000","DON","Social Development, Finance and Administration","2022"
955,"The Remix Project","2 of 2","Spadina - Fort York","City-Wide","28000","TAC","Toronto Arts Council","2022"
956,"The Remix Project","1 of 2","Spadina - Fort York","Local","40000","CSWBU","Social Development, Finance and Administration","2022"
957,"The resurgence","1","York Centre","Neighbourhood","4600","CCRF","Social Development, Finance and Administration","2022"
958,"The Royal Canadian College of Organists","1","University - Rosedale","City-Wide","8000","TAC","Toronto Arts Council","2022"
959,"The Royal Conservatory of Music","1","University - Rosedale","City-Wide","50000","TAC","Toronto Arts Council","2022"
960,"The Second Mile Club of Toronto","1","University - Rosedale","Local","77667.9","CSP","Social Development, Finance and Administration","2022"
961,"The Smile Company - Theatrical Productions","1","University - Rosedale","City-Wide","30000","TAC","Toronto Arts Council","2022"
962,"The St. Christopher House","1","Spadina - Fort York","Local","330893.1","CSP","Social Development, Finance and Administration","2022"
963,"The St. Clair Diggers","1","Scarborough Southwest","Local","4300","PTCG","Environment and Climate","2022"
964,"The STEPS Initiative","1","Spadina - Fort York","City-Wide","20000","TAC","Toronto Arts Council","2022"
965,"The Stop Community Food Centre","1","Davenport","City-Wide","31660.8","CSP","Social Development, Finance and Administration","2022"
966,"The Storytellers School of Toronto","1","Toronto - St. Paul's","City-Wide","38000","TAC","Toronto Arts Council","2022"
967,"The Tawoos Initiative","1","Toronto Centre","City-Wide","15000","TAC","Toronto Arts Council","2022"
968,"The Teresa Group - Child And Family Aid","2 of 2","Toronto - St. Paul's","City-Wide","30000","CSP-OneTime","Social Development, Finance and Administration","2022"
969,"The Teresa Group - Child And Family Aid","1 of 2","Toronto - St. Paul's","City-Wide","32946","CSP","Social Development, Finance and Administration","2022"
970,"The Theatre Centre","1","Davenport","City-Wide","148000","TAC","Toronto Arts Council","2022"
971,"The Toronto Consort","1","University - Rosedale","City-Wide","25650","TAC","Toronto Arts Council","2022"
972,"The Uganda Muslims association Of Canada (UMAC)","1","York South - Weston","Neighbourhood","4120","CCRF","Social Development, Finance and Administration","2022"
973,"The Village 3 on 3 BBQ and Tournament","1","Eglinton - Lawrence","Local","5000","CCRF","Social Development, Finance and Administration","2022"
974,"The Wexford Residence Inc.","1","Scarborough Centre","Local","23597.7","CSP","Social Development, Finance and Administration","2022"
975,"The Word On The Street","1","Spadina - Fort York","City-Wide","51500","TAC","Toronto Arts Council","2022"
976,"Theatre Columbus (o/a Common Boots Theatre)","1","Don Valley East","City-Wide","41000","TAC","Toronto Arts Council","2022"
977,"Theatre Direct Canada","1","Davenport","Local","69000","TAC","Toronto Arts Council","2022"
978,"Theatre Gargantua","1","Davenport","City-Wide","15000","TAC","Toronto Arts Council","2022"
979,"Theatre Passe Muraille","1","Spadina - Fort York","City-Wide","165500","TAC","Toronto Arts Council","2022"
980,"Theatre Smith-Gilmour","1","Toronto - Danforth","City-Wide","36900","TAC","Toronto Arts Council","2022"
981,"Think 2wice","None","Etobicoke North","Local","341004.4","CSWBU","Social Development, Finance and Administration","2022"
982,"Thorncliffe Neighbourhood Office","1","Don Valley West","Local","279231","HIF","Housing Secretariat","2022"
983,"Thorncliffe Park Urban Farmers (TPUF)","1","Don Valley West","Local","5000","PTCG","Environment and Climate","2022"
984,"Throwdown Collective","1","Toronto Centre","City-Wide","15000","TAC","Toronto Arts Council","2022"
985,"Tibetan Canadian Cultural Centre","1","Etobicoke - Lakeshore","Neighbourhood","5000","CCRF","Social Development, Finance and Administration","2022"
986,"tiger princess dance projects inc.","1","Davenport","City-Wide","32000","TAC","Toronto Arts Council","2022"
987,"Tirgan Centre for Art and Culture","1","Don Valley East","City-Wide","25000","TAC","Toronto Arts Council","2022"
988,"TNO- The Neighbourhood Organization","1 of 7","Don Valley West","Local","407770.5","CSP","Social Development, Finance and Administration","2022"
989,"TNO- The Neighbourhood Organization","2 of 7","Don Valley West","Neighbourhood","96000","CSP-OneTime","Social Development, Finance and Administration","2022"
990,"TNO- The Neighbourhood Organization","3 of 7","Don Valley West","Neighbourhood","96000","CSP-OneTime","Social Development, Finance and Administration","2022"
991,"TNO- The Neighbourhood Organization","4 of 7","Don Valley West","Local","33600","NG","Social Development, Finance and Administration","2022"
992,"TNO- The Neighbourhood Organization","5 of 7","Don Valley West","Local","150000","IMM","Social Development, Finance and Administration","2022"
993,"TNO- The Neighbourhood Organization","6 of 7","Don Valley West","Local","200000","IMM","Social Development, Finance and Administration","2022"
994,"TNO- The Neighbourhood Organization","7 of 7","Don Valley West","Local","150000","IMM","Social Development, Finance and Administration","2022"
995,"Toasterlab","1","Parkdale - High Park","Local","20000","TAC","Toronto Arts Council","2022"
996,"Toby's Place","1","Scarborough Southwest","City-Wide","14000","TAC","Toronto Arts Council","2022"
997,"TOES FOR DANCE INC.","1 of 3","Toronto - St. Paul's","City-Wide","20000","TAC","Toronto Arts Council","2022"
998,"TOES FOR DANCE INC.","2 of 3","Toronto - St. Paul's","City-Wide","15000","TAC","Toronto Arts Council","2022"
999,"TOES FOR DANCE INC.","3 of 3","Willowdale","Local","15000","CFFP","Economic Development and Culture","2022"
1000,"TONE Festival","1","University - Rosedale","City-Wide","10000","TAC","Toronto Arts Council","2022"
1001,"Toronto Aboriginal Support Services Council","2 of 5","University - Rosedale","City-Wide","30000","IFF","Social Development, Finance and Administration","2022"
1002,"Toronto Aboriginal Support Services Council","4 of 5","University - Rosedale","City-Wide","520000","IMM","Social Development, Finance and Administration","2022"
1003,"Toronto Aboriginal Support Services Council","1 of 5","University - Rosedale","City-Wide","750000","IFF","Social Development, Finance and Administration","2022"
1004,"Toronto Aboriginal Support Services Council","3 of 5","University - Rosedale","City-Wide","128933.1","CSP","Social Development, Finance and Administration","2022"
1005,"Toronto Aboriginal Support Services Council","5 of 5","University - Rosedale","City-Wide","500000","IAO","Indigenous Affairs Office","2022"
1006,"Toronto Alliance for the Performing Arts","1","Spadina - Fort York","City-Wide","78000","TAC","Toronto Arts Council","2022"
1007,"Toronto and Region Conservation Authority","1","York Centre, Humber River - Black Creek, Toronto - St. Paul's,Toronto - Danforth","City-wide","92381","FOR","Parks, Recreation & Forestry","2022"
1008,"Toronto Animated Image Society","1","Davenport","City-Wide","18000","TAC","Toronto Arts Council","2022"
1009,"Toronto Arts Foundation","1","Spadina - Fort York","City-Wide","276575","YDU","Social Development, Finance and Administration","2022"
1010,"Toronto Artscape Inc.","1","Spadina - Fort York","City-Wide","415000","CADP","Economic Development and Culture","2022"
1011,"Toronto Biennial of Art","1","Parkdale - High Park, Davenport, Spadina - Fort York","City Wide","100000","CFFP","Economic Development and Culture","2022"
1012,"Toronto Birth Centre","1","Toronto Centre","Neighbourhood","70620","PG","Social Development, Finance and Administration","2022"
1013,"Toronto Blues Society","1","Spadina - Fort York","City-Wide","32000","TAC","Toronto Arts Council","2022"
1014,"Toronto Botanical Garden","1","Don Valley West","Local","4950","PTCG","Environment and Climate","2022"
1015,"Toronto Centre for Community Learning and Development","1","Toronto Centre","City-Wide","50801.1","CSP","Social Development, Finance and Administration","2022"
1016,"Toronto Chamber Choir","1","Toronto - St. Paul's","City-Wide","8500","TAC","Toronto Arts Council","2022"
1017,"Toronto Children's Chorus","1","Toronto - St. Paul's","City-Wide","40000","TAC","Toronto Arts Council","2022"
1018,"Toronto Community & Culture Centre","1","Spadina - Fort York","City-Wide","23628.3","CSP","Social Development, Finance and Administration","2022"
1019,"Toronto Community for Better Child Care","1","Toronto - Danforth","City-Wide","26361.9","CSP","Social Development, Finance and Administration","2022"
1020,"Toronto Council Fire Native Cultural Centre","1","Toronto Centre","City Wide","21400","INI","Social Development, Finance and Administration","2022"
1021,"Toronto Dance Community Love-In","1","Parkdale - High Park","City-Wide","15000","TAC","Toronto Arts Council","2022"
1022,"Toronto Dance Theatre","1 of 2","Toronto Centre","City-Wide","23000","TAC","Toronto Arts Council","2022"
1023,"Toronto Dance Theatre","2 of 2","Toronto Centre","City-Wide","157000","TAC","Toronto Arts Council","2022"
1024,"Toronto Developmental association of Youth","1","York South - Weston","Local","5000","CCRF","Social Development, Finance and Administration","2022"
1025,"Toronto District School Board","1","Willowdale","Local","150000","PG","Children's Services","2022"
1026,"Toronto District School Board","1","Etobicoke North, Etobicoke Centre, Etobicoke - Lakeshore, York South - Weston, York Centre, Don Valley North, Scarborough Centre, Scarborough North","City-wide","90000","FOR","Parks, Recreation & Forestry","2022"
1027,"Toronto Downtown Jazz Society","1","Toronto - St. Paul's","City-Wide","50000","TAC","Toronto Arts Council","2022"
1028,"Toronto Environmental Alliance - Bathurst Finch Women's Group","1","Spadina - Fort York","Local","4400","CAF","Environment and Climate","2022"
1029,"Toronto Festival of Arts, Culture and Creativity","1","Etobicoke North, Parkdale - High Park, York Centre, Spadina - Fort York, Toronto Centre, Don Valley West, Beaches - East York, Scarborough Centre","City Wide","400000","CFFP","Economic Development and Culture","2022"
1030,"Toronto Festival of Comics and Graphic Arts","1","University - Rosedale","City-Wide","23500","TAC","Toronto Arts Council","2022"
1031,"Toronto Finnish-Canadian Seniors Centre","1","Don Valley West","City-Wide","19507.5","CSP","Social Development, Finance and Administration","2022"
1032,"Toronto Food Film Fest","1","Etobicoke - Lakeshore","City-Wide","6000","TAC","Toronto Arts Council","2022"
1033,"Toronto Foundation for Student Success","1","York South - Weston","City Wide","12075607","SNP","Toronto Public Health","2022"
1034,"Toronto Futbol Athletic Advancement","1 of 2","Toronto Centre","Neighbourhood","66125","PG","Social Development, Finance and Administration","2022"
1035,"Toronto Futbol Athletic Advancement","2 of 2","Toronto Centre","Local","12396","INI","Social Development, Finance and Administration","2022"
1036,"Toronto Intergenerational Partnerships in Community","1","Scarborough Southwest","Local","68457.3","CSP","Social Development, Finance and Administration","2022"
1037,"Toronto International Film Festival Inc.","1","Spadina - Fort York","City-Wide","1195735","CADP","Economic Development and Culture","2022"
1038,"Toronto Jewish Film Foundation/Festival","1","University - Rosedale","City-Wide","24000","TAC","Toronto Arts Council","2022"
1039,"Toronto Kiwanis Boys & Girls Clubs","1","Toronto Centre","Local","108237.3","CSP","Social Development, Finance and Administration","2022"
1040,"Toronto Klezmer Society","1","University - Rosedale","Local","7500","TAC","Toronto Arts Council","2022"
1041,"Toronto Mendelssohn Choir","1","Toronto - St. Paul's","City-Wide","70000","TAC","Toronto Arts Council","2022"
1042,"Toronto Operetta Theatre","1","Toronto - Danforth","City-Wide","18400","TAC","Toronto Arts Council","2022"
1043,"Toronto Outdoor Art Fair","1","Toronto Centre","City Wide","50000","CFFP","Economic Development and Culture","2022"
1044,"Toronto Outdoor Picture Show","1","University - Rosedale","City-Wide","10000","TAC","Toronto Arts Council","2022"
1045,"Toronto Palestine Film Festival","1","Toronto - St. Paul's","City-Wide","7500","TAC","Toronto Arts Council","2022"
1046,"Toronto People With AIDS Foundation","1","Toronto Centre","City-Wide","35751","CSP","Social Development, Finance and Administration","2022"
1047,"TORONTO PHILHARMONIC ORCHESTRA","1","Don Valley West","City-Wide","7288","TAC","Toronto Arts Council","2022"
1048,"Toronto Photographers Workshop","1","Davenport","City-Wide","70000","TAC","Toronto Arts Council","2022"
1049,"Toronto Queer Media & Arts Centre","1","University - Rosedale","City-Wide","17000","TAC","Toronto Arts Council","2022"
1050,"Toronto Rape Crisis Centre/Multicultural Women Against Rape","1 of 3","Spadina - Fort York","City-Wide","10637","TOS","Social Development, Finance and Administration","2022"
1051,"Toronto Rape Crisis Centre/Multicultural Women Against Rape","2 of 3","Spadina - Fort York","City-Wide","59537.4","CSP","Social Development, Finance and Administration","2022"
1052,"Toronto Rape Crisis Centre/Multicultural Women Against Rape","3 of 3","Spadina - Fort York","City-Wide","11500","SSRF","Social Development, Finance and Administration","2022"
1053,"Toronto Reel Asian International Film Festival","1","Spadina - Fort York","City-Wide","50000","TAC","Toronto Arts Council","2022"
1054,"Toronto Sketch Comedy Festival Inc.","1","Davenport","City-Wide","15000","TAC","Toronto Arts Council","2022"
1055,"Toronto Summer Music Foundation","1","Spadina - Fort York","City-Wide","39780","TAC","Toronto Arts Council","2022"
1056,"Toronto Symphony Orchestra","1","Spadina - Fort York","City-Wide","1220000","TAC","Toronto Arts Council","2022"
1057,"Toronto Undergraduate Jazz Festival","1","Parkdale - High Park","City-Wide","8000","TAC","Toronto Arts Council","2022"
1058,"Toronto Urban Book Expo","1","Scarborough Southwest","City-Wide","3000","TAC","Toronto Arts Council","2022"
1059,"Toronto Ward Museum","1","Eglinton - Lawrence","Local","20000","TAC","Toronto Arts Council","2022"
1060,"Transcare Community Support Services","1","Scarborough Agincourt","City-Wide","92213.1","CSP","Social Development, Finance and Administration","2022"
1061,"Tribal Crackling Wind for the Arts","1","Toronto Centre","City-Wide","30000","TAC","Toronto Arts Council","2022"
1062,"Triga Creative","1","Parkdale - High Park","City-Wide","9992","TAC","Toronto Arts Council","2022"
1063,"Trinity Square Video","1 of 2","Spadina - Fort York","City-Wide","60000","TAC","Toronto Arts Council","2022"
1064,"Trinity Square Video","2 of 2","Spadina - Fort York","City-Wide","35000","TAC","Toronto Arts Council","2022"
1065,"Tropicana Community Services","1 of 2","Humber River - Black Creek","Neighbourhood","30000","CSP-OneTime","Social Development, Finance and Administration","2022"
1066,"Tropicana Community Services","2 of 2","Scarborough - Guildwood","City-Wide","103907.4","CSP","Social Development, Finance and Administration","2022"
1067,"Turtle Protectors","1 of 3","Parkdale - High Park","Local","5000","CAF","Environment and Climate","2022"
1068,"Turtle Protectors","2 of 3","Humber River - Black Creek","City-Wide","20000","IAO","Indigenous Affairs Office","2022"
1069,"Turtle Protectors - Urban Animal Ceremonies","3 of 3","Parkdale - High Park","Local","5000","CAF","Environment and Climate","2022"
1070,"UKAI Projects","1","Willowdale","City-Wide","30000","TAC","Toronto Arts Council","2022"
1071,"Ukrainian Canadian Social Services","1 of 2","Humber River - Black Creek","City-Wide","30000","CB","Social Development, Finance and Administration","2022"
1072,"Ukrainian Canadian Social Services","2 of 2","Parkdale - High Park","City-Wide","43574.4","CSP","Social Development, Finance and Administration","2022"
1073,"Uma Nota Culture","1","Davenport","City-Wide","11000","TAC","Toronto Arts Council","2022"
1074,"Uma Nota Music and Production","1","Davenport","City wide","20000","CFFP","Economic Development and Culture","2022"
1075,"Under The Bus Collective","1","Toronto Centre","City-Wide","15000","TAC","Toronto Arts Council","2022"
1076,"Unified Discussions (COVID19 Youth-led)","1","Don Valley West","Local","5000","CCRF","Social Development, Finance and Administration","2022"
1077,"Unison Health and Community Services","1 of 5","Eglinton - Lawrence","Neighbourhood","100000","YVP","Social Development, Finance and Administration","2022"
1078,"Unison Health and Community Services","2 of 5","Eglinton - Lawrence","Neighbourhood","100000","YVP","Social Development, Finance and Administration","2022"
1079,"Unison Health and Community Services","4 of 5","Eglinton - Lawrence","Local","130000","CSWBU","Social Development, Finance and Administration","2022"
1080,"Unison Health and Community Services","3 of 5","Eglinton - Lawrence","Local","34817.7","CSP","Social Development, Finance and Administration","2022"
1081,"Unison Health and Community Services - Mind On Strength","5 of 5","Eglinton - Lawrence","Local","5000","CAF","Environment and Climate","2022"
1082,"Unit 2","1","Davenport","Local","14887","TAC","Toronto Arts Council","2022"
1083,"United Way Greater Toronto","1 of 2","Toronto Centre","Local","300000","CDU","Social Development, Finance and Administration","2022"
1084,"United Way Greater Toronto","2 of 2","Toronto Centre","City-Wide","300000","CDU","Social Development, Finance and Administration","2022"
1085,"Unity Charity","1","Toronto - St. Paul's","City-Wide","31000","TAC","Toronto Arts Council","2022"
1086,"Unity Youth","1","Humber River - Black Creek","Local","5000","CCRF","Social Development, Finance and Administration","2022"
1087,"Universal Collective of Artists","1","Spadina - Fort York","City-Wide","12000","TAC","Toronto Arts Council","2022"
1088,"University of Toronto, Faculty of Architecture, Landscape and Design - Nikibii Dawadinna Giigwag","1","University - Rosedale","Local","5000","CAF","Environment and Climate","2022"
1089,"University Settlement","1 of 2","Spadina - Fort York","Local","26500","TAC","Toronto Arts Council","2022"
1090,"University Settlement","2 of 2","Spadina - Fort York","Local","144559.5","CSP","Social Development, Finance and Administration","2022"
1091,"Urbanvessel","1","Parkdale - High Park","Local","23000","TAC","Toronto Arts Council","2022"
1092,"Vanguardia Dance Projects","1","Davenport","City-Wide","10000","TAC","Toronto Arts Council","2022"
1093,"Vazari Arts Company","1","Spadina - Fort York","City-Wide","15000","TAC","Toronto Arts Council","2022"
1094,"Venus Fest Inc.","1","Toronto Centre","City-Wide","8000","TAC","Toronto Arts Council","2022"
1095,"Vermont Square Parent-Child Mother Goose Program","1","University - Rosedale","City-Wide","29513.7","CSP","Social Development, Finance and Administration","2022"
1096,"Vesnivka Choir Inc.","1","Parkdale - High Park","Local","7600","TAC","Toronto Arts Council","2022"
1097,"VIBE Arts","1 of 2","Spadina - Fort York","City-Wide","68000","TAC","Toronto Arts Council","2022"
1098,"VIBE Arts","2 of 2","Beaches - East York","City Wide","18486","StARTPP","Infrastructure & Development Services","2022"
1099,"Vibrant Healthcare Alliance","1","Eglinton - Lawrence","City-Wide","41871","CSP","Social Development, Finance and Administration","2022"
1100,"Victim Services Toronto","1","Toronto Centre","City-Wide","295096.2","CSP","Social Development, Finance and Administration","2022"
1101,"Videatur Collective","1","University - Rosedale","City-Wide","14400","TAC","Toronto Arts Council","2022"
1102,"VideoCabaret","1","Toronto - Danforth","City-Wide","58500","TAC","Toronto Arts Council","2022"
1103,"Vietnamese Women's Association of Toronto","1","Davenport","City-Wide","68482.8","CSP","Social Development, Finance and Administration","2022"
1104,"Vision Quest","1","Etobicoke - Lakeshore","City-Wide","19990","IAO","Indigenous Affairs Office","2022"
1105,"VIVA! Youth Singers of Toronto, Inc.","1","University - Rosedale","City-Wide","40000","TAC","Toronto Arts Council","2022"
1106,"Volcano Non-Profit Productions Inc.","1","Spadina - Fort York","City-Wide","50000","TAC","Toronto Arts Council","2022"
1107,"Volunteer Centre of Toronto","1","University - Rosedale","City-Wide","220008.9","CSP","Social Development, Finance and Administration","2022"
1108,"Vox Choirs","1","Davenport","City-Wide","15000","TAC","Toronto Arts Council","2022"
1109,"Vtape","1","Spadina - Fort York","City-Wide","80000","TAC","Toronto Arts Council","2022"
1110,"Waadinidijig","1","Humber River - Black Creek","City-Wide","20000","IAO","Indigenous Affairs Office","2022"
1111,"Waard Ward","1","Scarborough North","Local","20000","TAC","Toronto Arts Council","2022"
1112,"Wanasah Regent Park","1 of 2","Toronto Centre","Local","36800","SSRF","Social Development, Finance and Administration","2022"
1113,"Wanasah Regent Park","2 of 2","Toronto Centre","Local","35937","TOS","Social Development, Finance and Administration","2022"
1114,"Warden Woods Community Centre","1 of 2","Scarborough Southwest","Local","9500","CAF","Environment and Climate","2022"
1115,"Warden Woods Community Centre","2 of 2","Scarborough Southwest","Local","221497.7","CSP","Social Development, Finance and Administration","2022"
1116,"Waterfront Neighbourhood Centre","1 of 2","Spadina - Fort York","Local","19200","NG","Social Development, Finance and Administration","2022"
1117,"Waterfront Neighbourhood Centre","2 of 2","Spadina - Fort York","Neighbourhood","78805.2","CSP","Social Development, Finance and Administration","2022"
1118,"Wavelength Music Arts Projects","1","Davenport","City-Wide","30000","TAC","Toronto Arts Council","2022"
1119,"WeeFestival of Arts and Culture","1","Davenport","Local","15000","TAC","Toronto Arts Council","2022"
1120,"Welcome Home Collective","1","University - Rosedale","Local","10000","TAC","Toronto Arts Council","2022"
1121,"West Bend Green Community","1","Parkdale - High Park","Local","2555","PTCG","Environment and Climate","2022"
1122,"West End Micro Music Festival","1","Parkdale - High Park","City-Wide","8000","TAC","Toronto Arts Council","2022"
1123,"West Neighbourhood House","1","Spadina - Fort York","Local","24000","TAC","Toronto Arts Council","2022"
1124,"West Scarborough Neighbourhood Community Centre","1","Scarborough Southwest","Local","223012.8","CSP","Social Development, Finance and Administration","2022"
1125,"Weston Frontlines Centre","1 of 2","York South - Weston","Local","102000","CSP","Social Development, Finance and Administration","2022"
1126,"Weston Frontlines Centre","2 of 2","York South - Weston","Local","30000","CSP-OneTime","Social Development, Finance and Administration","2022"
1127,"Whippersnapper Gallery Inc","1","University - Rosedale","Local","15000","TAC","Toronto Arts Council","2022"
1128,"Why Not Theatre","1 of 2","Davenport","City-Wide","43500","TAC","Toronto Arts Council","2022"
1129,"Why Not Theatre","2 of 2","Davenport","City-Wide","37500","TAC","Toronto Arts Council","2022"
1130,"Wildseed Centre for Art and Activism","1","University - Rosedale","City-Wide","25000","TAC","Toronto Arts Council","2022"
1131,"wind in the leaves collective","1","Toronto - Danforth","City-Wide","36000","TAC","Toronto Arts Council","2022"
1132,"Withrow Junior Public School","1","Toronto - Danforth","Local","4956","PTCG","Environment and Climate","2022"
1133,"Woburn Black Student Association (COVID19 Youth-led)","1 of 2","Scarborough - Guildwood","Neighbourhood","5000","CCRF","Social Development, Finance and Administration","2022"
1134,"Woburn Black Students' Association","2 of 2","Scarborough - Guildwood","Neighbourhood","5000","CCRF","Social Development, Finance and Administration","2022"
1135,"Woman Abuse Council of Toronto","1","York South - Weston","City-Wide","65876.7","CSP","Social Development, Finance and Administration","2022"
1136,"Women From Space","1","Parkdale - High Park","City-Wide","6900","TAC","Toronto Arts Council","2022"
1137,"Women's Musical Club of Toronto","1","Toronto Centre","City-Wide","2375","TAC","Toronto Arts Council","2022"
1138,"WoodGreen Community Services","1 of 6","Toronto - Danforth","City-Wide","22137","TOS","Social Development, Finance and Administration","2022"
1139,"WoodGreen Community Services","2 of 6","Toronto - Danforth","Local","449111.1","CSP","Social Development, Finance and Administration","2022"
1140,"WoodGreen Community Services","3 of 6","Toronto - Danforth","City-Wide","23000","SSRF","Social Development, Finance and Administration","2022"
1141,"WoodGreen Community Services","4 of 6","Toronto - Danforth","Local","100000","IMM","Social Development, Finance and Administration","2022"
1142,"WoodGreen Community Services","5 of 6","Toronto - Danforth","Local","50000","IMM","Social Development, Finance and Administration","2022"
1143,"WoodGreen Community Services","6 of 6","Toronto - Danforth","Local","65000","IMM","Social Development, Finance and Administration","2022"
1144,"Workers' Action Centre","1","University - Rosedale","City-Wide","63224.7","CSP","Social Development, Finance and Administration","2022"
1145,"Working Women Community Centre","1","Davenport","City-Wide","228903.3","CSP","Social Development, Finance and Administration","2022"
1146,"Workman Arts Project of Ontario","1","Spadina - Fort York","City-Wide","24000","TAC","Toronto Arts Council","2022"
1147,"Wychwood Clarinet Choir","1","University - Rosedale","City-Wide","7000","TAC","Toronto Arts Council","2022"
1148,"X in Residence","1","Davenport","City-Wide","10000","TAC","Toronto Arts Council","2022"
1149,"Xenia Concerts Inc.","1 of 3","Toronto Centre","City-Wide","24000","TAC","Toronto Arts Council","2022"
1150,"Xenia Concerts Inc.","2 of 3","Toronto Centre","City-Wide","15000","TAC","Toronto Arts Council","2022"
1151,"Xenia Concerts Inc.","3 of 3","Toronto Centre","City-Wide","55000","TAC","Toronto Arts Council","2022"
1152,"Xpace Cultural Centre","1","Davenport","City-Wide","18000","TAC","Toronto Arts Council","2022"
1153,"YAAACE","1","Humber River - Black Creek","Local","341004.4","CSWBU","Social Development, Finance and Administration","2022"
1154,"Yasmina Ramzy Arts","1","Toronto - St. Paul's","City-Wide","13000","TAC","Toronto Arts Council","2022"
1155,"YDM416 (Young Decision Makers)","1","Toronto Centre","Local","17800","INI","Social Development, Finance and Administration","2022"
1156,"Yonge Street Mission","1","University - Rosedale","City-Wide","100000","CIU","Social Development, Finance and Administration","2022"
1157,"York West Active Living Centre","1","York South - Weston","Neighbourhood","126000.6","CSP","Social Development, Finance and Administration","2022"
1158,"York-Fairbank Centre for Seniors","1","Toronto - St. Paul's","Local","277776.6","CSP","Social Development, Finance and Administration","2022"
1159,"Yorkminster Park Meals on Wheels","1","Toronto - St. Paul's","Local","10215.3","CSP","Social Development, Finance and Administration","2022"
1160,"Yorktown Family Services","1","Eglinton - Lawrence","Local","39545.4","CSP","Social Development, Finance and Administration","2022"
1161,"Young and Potential Fathers Initiative","1 of 2","York South - Weston","Local","9137","TOS","Social Development, Finance and Administration","2022"
1162,"Young and Potential Fathers Initiative","2 of 2","York South - Weston","Local","10000","SSRF","Social Development, Finance and Administration","2022"
1163,"Young Male Leadership Group (COVID19 Youth-Led)","1","Scarborough Centre","Local","5000","CCRF","Social Development, Finance and Administration","2022"
1164,"Young People's Theatre","1","Toronto Centre","City-Wide","326000","TAC","Toronto Arts Council","2022"
1165,"Youth Assisting Youth","1","Willowdale","City-Wide","61970.1","CSP","Social Development, Finance and Administration","2022"
1166,"Youth Innovation Program (COVID19 Youth-led)","1","Scarborough - Guildwood","Neighbourhood","5000","CCRF","Social Development, Finance and Administration","2022"
1167,"Youth Without Shelter (Youth Engagement)","1","Etobicoke North","Neighbourhood","5000","CCRF","Social Development, Finance and Administration","2022"
1168,"Yusuf Lokhat","1","Scarborough - Guildwood","Neighbourhood","5000","CCRF","Social Development, Finance and Administration","2022"
1169,"YYZ Artists' Outlet","1","Spadina - Fort York","City-Wide","65000","TAC","Toronto Arts Council","2022"
1170,"10769142 CANADA INSTITUTE (AFROPOLITAN CANADA)","1","Scarborough - Rouge Park","Local","30000","INO","Social Development, Finance and Administration","2023"
1171,"12022958 CANADA INSTITUTE","1","Spadina - Fort York","City-wide","15000","TAC","Toronto Arts Council","2023"
1172,"188th Toronto Girl Guide Unit","1","Beaches - East York","Local","2262","PTCG","Environment & Climate","2023"
1173,"291 George Street Tenant","1","Toronto Centre","Neighbourhood","8000","PG","Social Development, Finance and Administration","2023"
1174,"415 Willowdale Tenant Leaders","1","Willowdale","Neighbourhood","5000","CCRF","Social Development, Finance and Administration","2023"
1175,"440 Parkside Collective","1","Toronto Centre","City Wide","20000","CBICGG","Indigenous Affairs Office","2023"
1176,"440 Parkside Dr","1","Parkdale - High Park","Local","10000","ICAG","Environment & Climate","2023"
1177,"50/50 Performing Arts Collective","1","Eglinton - Lawrence","City-wide","13000","TAC","Toronto Arts Council","2023"
1178,"519 Church Street Community Centre","1","Toronto Centre","City-wide","70100.32","CSP","Social Development, Finance and Administration","2023"
1179,"5N2 Soup Kitchen Project","1","Scarborough-Guildwood","Local","200000","INO","Social Development, Finance and Administration","2023"
1180,"A Space Gallery","1","Spadina - Fort York","City-wide","62000","TAC","Toronto Arts Council","2023"
1181,"A Tribe Called Parents","1","York - South Weston","City-wide","6500","TAC","Toronto Arts Council","2023"
1182,"Above It All","1","Scarborough Centre","Local","4000","NG","Social Development, Finance and Administration","2023"
1183,"Abrigo Centre","1","Davenport","Local","125848.32","CSP","Social Development, Finance and Administration","2023"
1184,"Abundance and Wellness in the City","1","Etobicoke Centre","Local","4000","NG","Social Development, Finance and Administration","2023"
1185,"Access Alliance Multicultural Health and Community Services","1 of 2","University-Rosedale","City-wide","238782.26","CSP","Social Development, Finance and Administration","2023"
1186,"Access Alliance Multicultural Health and Community Services","2 of 2","University-Rosedale","Local","75000","IMM","Social Development, Finance and Administration","2023"
1187,"Access Community Capital Fund","1","Spadina - Fort York","Local","50000","BIC","Economic Development and Culture","2023"
1188,"Action for Safe and Healthy Communities (ASHC)","1","Beaches-East York","Neighbourhood","5000","CCRF","Social Development, Finance and Administration","2023"
1189,"Actors Repertory Company","1","Toronto Centre","City-wide","15000","TAC","Toronto Arts Council","2023"
1190,"Adelheid Dance Projects","1","Davenport","City-wide","18000","TAC","Toronto Arts Council","2023"
1191,"Afghan Women's Organization Refugee and Immigrant Services","1","Don Valley North","City-wide","89409.22","CSP","Social Development, Finance and Administration","2023"
1192,"African Canadian Social Development Council","1","Scarborough North","City-Wide","30000","INO","Social Development, Finance and Administration","2023"
1193,"Afri-Can FoodBasket","1","York Centre","City-Wide","30000","INO","Social Development, Finance and Administration","2023"
1194,"African Women Acting AWA","1","Toronto Centre","City-wide","15000","TAC","Toronto Arts Council","2023"
1195,"Africans in Partnership Against AIDS (APAA)","1  of 2","Toronto Centre","City-Wide","30000","INO","Social Development, Finance and Administration","2023"
1196,"Africans in Partnership Against AIDS (APAA)","2 of 2","Toronto Centre","City-wide","123255.64","CSP","Social Development, Finance and Administration","2023"
1197,"Afro-Indigenous Nova Scotian Collective","1","City-Wide","Local","7500","ICAG","Environment & Climate","2023"
1198,"Afro-Na8ive Creations","1","City-Wide","Local","7500","ICAG","Environment & Climate","2023"
1199,"AFROWAVETO","1 of 2","Spadina - Fort York","Neighbourhood","30000","INO","Social Development, Finance and Administration","2023"
1200,"AFROWAVETO","2 of 2","Spadina - Fort York","City-wide","25000","TAC","Toronto Arts Council","2023"
1201,"Aga Khan Museum","1","Don Valley East","Neighborhood","175000","COOP","Economic Development and Culture","2023"
1202,"Against the Grain Theatre Inc.","1","Toronto - St. Paul’s","City-wide","15000","TAC","Toronto Arts Council","2023"
1203,"AGATA Resource Centre. Inc.","1","Scarborough North","Local","30000","INO","Social Development, Finance and Administration","2023"
1204,"Agincourt Community Services Association","1 of 3","Scarborough-Agincourt","Local","37500","IMM","Social Development, Finance and Administration","2023"
1205,"Agincourt Community Services Association","2 of 3","Scarborough-Agincourt","City-wide","241086.26","CSP","Social Development, Finance and Administration","2023"
1206,"Agincourt Community Services Association","3 of 3","Scarborough-Agincourt","Local","130000","IMM","Social Development, Finance and Administration","2023"
1207,"AIDS Committee of Toronto","1","Toronto Centre","City-wide","82464.55","CSP","Social Development, Finance and Administration","2023"
1208,"Albion Neighbourhood Services","1","Etobicoke North","Local","179837","CSP","Social Development, Finance and Administration","2023"
1209,"All Saints Church-Community Centre","1","Toronto Centre","Neighbourhood","5000","CCRF","Social Development, Finance and Administration","2023"
1210,"All Stars Community Outreach","1","Scarborough-Guildwood","Local","5000","CCRF","Social Development, Finance and Administration","2023"
1211,"Aluna Theatre","1","Davenport","City-wide","50000","TAC","Toronto Arts Council","2023"
1212,"Amadeus Choir of Greater Toronto","1 of 2","Scarborough North","City-wide","20000","TAC","Toronto Arts Council","2023"
1213,"Amadeus Choir of Greater Toronto","2 of 2","Scarborough North","City-wide","26025","TAC","Toronto Arts Council","2023"
1214,"Amici Chamber Ensemble","1","Don Valley East","City-wide","20000","TAC","Toronto Arts Council","2023"
1215,"Amir Akbari with The East Scarborough Boys & Girls Club","1","Scarborough - Guildwood","Local","27000","StART PP","Transportation","2023"
1216,"Ana Luisa, Sebastian & Alejandro","1","Davenport","City-wide","14650","TAC","Toronto Arts Council","2023"
1217,"Anandam Dancetheatre Productions","1","Davenport","City-wide","24000","TAC","Toronto Arts Council","2023"
1218,"Anchored Minds Foundation (Trustee for Anna T. Nguyen)","1","Humber River - Black Creek","Local","5500","CB","Economic Development and Culture","2023"
1219,"Angel Foundation for Learning","1","Willowdale","City Wide","4593468","SNP","Toronto Public Health","2023"
1220,"Angela Blumberg Dance (ABD)","1","Beaches - East York","City-wide","6800","TAC","Toronto Arts Council","2023"
1221,"Anishinaabemowin at Home in Toronto","1","Beaches - East York","City Wide","20000","CBICGG","Indigenous Affairs Office","2023"
1222,"Anishnawbe Wellness Collective","1","Davenport","City Wide","20000","CBICGG","Indigenous Affairs Office","2023"
1223,"Anson S. Taylor Public School","1","Scarborough North","Local","1000","YCAG","Environment & Climate","2023"
1224,"Anthony's Journey Collective","1","5 York South-Weston","City-wide","18500","TAC","Toronto Arts Council","2023"
1225,"Antibes Youth Council","1","York Centre","Neighbourhood","10050","INI","Social Development, Finance and Administration","2023"
1226,"Aphasia Institute","1","Don Valley East","City-wide","26754.68","CSP","Social Development, Finance and Administration","2023"
1227,"Applegrove Community Complex","1","Toronto-Danforth","Local","132030.43","CSP","Social Development, Finance and Administration","2023"
1228,"ARCH Disability Law Centre","1","Spadina-Fort York","City-wide","37860.7","CSP","Social Development, Finance and Administration","2023"
1229,"Archie Alleyne Scholarship Fund","1","5 York South-Weston","Local","15000","TAC","Toronto Arts Council","2023"
1230,"Arkora","1","Beaches - East York","City-wide","6500","TAC","Toronto Arts Council","2023"
1231,"Armenian Relief Society, ARS Social Services","1","Don Valley North","City-wide","26754.68","CSP","Social Development, Finance and Administration","2023"
1232,"Arraymusic","1","Spadina - Fort York","City-wide","48090","TAC","Toronto Arts Council","2023"
1233,"Art + Health","1","Toronto - Danforth","City-Wide","30000","INO","Social Development, Finance and Administration","2023"
1234,"Art Gallery of Ontario","1","Spadina - Fort York","Neighborhood","660000","COOP","Economic Development and Culture","2023"
1235,"Art Gallery of York University","1 of 2","Humber River - Black Creek","City-wide","20000","TAC","Toronto Arts Council","2023"
1236,"Art Gallery of York University","2 of 2","Humber River - Black Creek","City-wide","73000","TAC","Toronto Arts Council","2023"
1237,"Art Metropole","1","Davenport","City-wide","40000","TAC","Toronto Arts Council","2023"
1238,"Art Museum University of Toronto","1","University - Rosedale","City-wide","25000","TAC","Toronto Arts Council","2023"
1239,"Art Starts","1 of 2","Eglinton - Lawrence","Local","78000","TAC","Toronto Arts Council","2023"
1240,"Art Starts","2 of 2","Eglinton - Lawrence","Local","28000","TAC","Toronto Arts Council","2023"
1241,"ArtHeart Community Art Centre","1","Toronto Centre","Local","7788","TAC","Toronto Arts Council","2023"
1242,"Artists Film Exhibition Group","1","Spadina - Fort York","City-wide","23000","TAC","Toronto Arts Council","2023"
1243,"Artists of The Opera Missing","1 of 2","Parkdale - High Park","Neighborhood","30000","IACPF","Economic Development and Culture","2023"
1244,"Artists of The Opera Missing","2 of 2","Parkdale - High Park","City-wide","12000","TAC","Toronto Arts Council","2023"
1245,"ArtReach Toronto","1","Spadina - Fort York","City-wide","145000","TAC","Toronto Arts Council","2023"
1246,"Arts Etobicoke","1","Etobicoke - Lakeshore","Local","407936","LASO","Economic Development and Culture","2023"
1247,"Arts Inter-Media Canada/Dance Collection Danse","1","Toronto Centre","City-wide","37400","TAC","Toronto Arts Council","2023"
1248,"Arts4All Creative Society","1","Davenport","Local","15000","TAC","Toronto Arts Council","2023"
1249,"Asemaa Circles","1 of 2","Parkdale - High Park","City Wide","20000","CBICGG","Indigenous Affairs Office","2023"
1250,"Asemaa Circles","2 of 2","City-Wide","Local","15000","ICAG","Environment & Climate","2023"
1251,"Ashe/Axé/Ase","1","Toronto Centre","City-wide","20000","TAC","Toronto Arts Council","2023"
1252,"Ashkenaz Foundation","1","University - Rosedale","City-wide","50000","TAC","Toronto Arts Council","2023"
1253,"Assaulted Women's Helpline","1","Spadina-Fort York","City-wide","70339.98","CSP","Social Development, Finance and Administration","2023"
1254,"Astrosankofa","1","Don Valley North","Local","51800","CB","Economic Development and Culture","2023"
1255,"Augur Magazine Literary Society","1","22 Scarborough-Agincourt","City-wide","13000","TAC","Toronto Arts Council","2023"
1256,"Auntie's Place","1","York South-Weston","Neighbourhood","17000","INI","Social Development, Finance and Administration","2023"
1257,"Authentic Community Services Canada","1","Humber River-Black Creek","Local","4081.44","CCRF","Social Development, Finance and Administration","2023"
1258,"Axis Music Inc.","1","University - Rosedale","Local","13500","TAC","Toronto Arts Council","2023"
1259,"b current Performing Arts Co.","1","Toronto - St. Paul’s","City-wide","33000","TAC","Toronto Arts Council","2023"
1260,"Bach Children's Chorus of Scarborough","1","Scarborough-Guildwood","Local","31100","TAC","Toronto Arts Council","2023"
1261,"Back 2 Basickz Youth Support Services","1  of 2","Humber River-Black Creek","Neighbourhood","17000","INI","Social Development, Finance and Administration","2023"
1262,"Back 2 Basickz Youth Support Services","2 of 2","Humber River - Black Creek","Neighbourhood","30000","INO","Social Development, Finance and Administration","2023"
1263,"Bad Dog Theatre Company","1","University - Rosedale","City-wide","10000","TAC","Toronto Arts Council","2023"
1264,"Bad Hats Theatre","1","Spadina - Fort York","City-wide","12750","TAC","Toronto Arts Council","2023"
1265,"Ballet Jörgen Canada","1","Toronto - St. Paul's","City-wide","95000","TAC","Toronto Arts Council","2023"
1266,"Barbra Schlifer Commemorative Clinic","1","University-Rosedale","City-wide","61390.88","CSP","Social Development, Finance and Administration","2023"
1267,"Batuki Music Society","1","University - Rosedale","City-wide","24630","TAC","Toronto Arts Council","2023"
1268,"Bayview Village Association","1","Don Valley North","Neighbourhood","500","FOR","Parks, Forestry & Recreation","2023"
1269,"BBPA","1","University-Rosedale","Local","22000","PG","Economic Development and Culture","2023"
1270,"Beautiful Families","1","Don Valley East","Local","4000","NG","Social Development, Finance and Administration","2023"
1271,"Benevolence Collective","1","Spadina - Fort York","City-wide","11150","TAC","Toronto Arts Council","2023"
1272,"Bereaved Families of Ontario-Toronto","1","Toronto-St. Paul’s","City-wide","80650.77","CSP","Social Development, Finance and Administration","2023"
1273,"Bernard Betel Centre","1","York Centre","Local","147069.05","CSP","Social Development, Finance and Administration","2023"
1274,"Better Living Health and Community Services","1","Don Valley East","Neighbourhood","263369.13","CSP","Social Development, Finance and Administration","2023"
1275,"Beverley School","1","University - Rosedale","Local","987","YCAG","Environment & Climate","2023"
1276,"BGC East Scarborough","1","Scarborough-Guildwood","City-Wide","30000","INO","Social Development, Finance and Administration","2023"
1277,"BIG Bloor Improvement Group","1","University - Rosedale","City-wide","12750","TAC","Toronto Arts Council","2023"
1278,"Birchmount Bluffs  Neighbourhood Centre","1 of 2","Scarborough Southwest","Local","6400","NG","Social Development, Finance and Administration","2023"
1279,"Birchmount Bluffs Neighbourhood Centre","2 of 2","Scarborough Southwest","Local","100297.38","CSP","Social Development, Finance and Administration","2023"
1280,"Birchmount Bluffs Neighbourhood Centre - Children's Creative Village","1","Beaches - East York, Toronto - Danforth, Toronto Centre","Neighbourhood","7500","NCAG","Environment & Climate","2023"
1281,"Birchmount Bluffs Neighbourhood Centre - Intergenerational Convergence","1","Scarborough Centre, Toronto - Danforth","Neighbourhood","7477","NCAG","Environment & Climate","2023"
1282,"Birchmount Bluffs Neighbourhood Centre - MyhomeisYourhome","1","Scarborough Southwest, Scarborough Guildwood","Neighbourhood","7487","NCAG","Environment & Climate","2023"
1283,"Birchmount Bluffs Neighbourhood Centre - Scarborough Bike Buses","1","Scarborough Centre, Scarborough Southwest","Neighbourhood","2000","NCAG","Environment & Climate","2023"
1284,"Birchmount Bluffs Neighbourhood Centre- Port Union Repair Cafe","1","Scarborough - Rouge Park","Neighbourhood","4000","NCAG","Environment & Climate","2023"
1285,"Black Artists' Networks In Dialogue Gallery and Cultural Centre","1","Parkdale - High Park","City-wide","38000","TAC","Toronto Arts Council","2023"
1286,"Black Coalition for Aids Prevention","1","Etobicoke-Lakeshore","City-Wide","30000","INO","Social Development, Finance and Administration","2023"
1287,"Black Creek Community Farm","1","Humber River - Black Creek","Neighbourhood","30000","INO","Social Development, Finance and Administration","2023"
1288,"Black Creek Community Health Centre","1","Humber River - Black Creek","Local","20000","BIC","Economic Development and Culture","2023"
1289,"Black Men’s Therapy Fund","1","Beaches - East York","City-Wide","30000","INO","Social Development, Finance and Administration","2023"
1290,"Black Screen Office","1","Spadina - Fort York","City-wide","7000","TAC","Toronto Arts Council","2023"
1291,"Black Urbanism TO","1","Toronto - St. Paul's","Neighbourhood","30000","INO","Social Development, Finance and Administration","2023"
1292,"Black Women Film","1","Scarborough Southwest","City-wide","20000","TAC","Toronto Arts Council","2023"
1293,"Blackhurst Cultural Centre","1","University - Rosedale","City-wide","40000","TAC","Toronto Arts Council","2023"
1294,"Blackstone Foundation library Youth Advisory Group (COVID19 Youth-led)","1","Scarborough-Agincourt","Neighbourhood","5000","CCRF","Social Development, Finance and Administration","2023"
1295,"Blessing Home to Alleviate Poverty","1","Scarborough Centre","Neighbourhood","5000","CCRF","Social Development, Finance and Administration","2023"
1296,"Blissymbolics Communication Institute Canada","1","Don Valley East","City-wide","12304","TAC","Toronto Arts Council","2023"
1297,"Blue Bird Theatre Collective","1","Davenport","City-wide","12750","TAC","Toronto Arts Council","2023"
1298,"Blue Ceiling Dance","1 of 2","Parkdale - High Park","City-wide","13000","TAC","Toronto Arts Council","2023"
1299,"Blue Ceiling Dance","2 of 2","Parkdale - High Park","City-wide","15000","TAC","Toronto Arts Council","2023"
1300,"Blueberry Boxing (Centre Ring)","1","Toronto - St.Paul's","City Wide","20000","CBICGG","Indigenous Affairs Office","2023"
1301,"bluemouth inc. presents","1","Spadina - Fort York","City-wide","18000","TAC","Toronto Arts Council","2023"
1302,"Bob Rumball Canadian Centre of Excellence for the Deaf","1","Don Valley West","City-wide","16242.35","CSP","Social Development, Finance and Administration","2023"
1303,"BollyHeels TO Inc.","1","Spadina - Fort York","City-wide","14000","TAC","Toronto Arts Council","2023"
1304,"Books, Art, and Music Collective (COVID19 Youth-led)","1","Don Valley East","Local","5000","CCRF","Social Development, Finance and Administration","2023"
1305,"Boost Child & Youth Advocacy Centre","1","Don Valley West","City-wide","313692.12","CSP","Social Development, Finance and Administration","2023"
1306,"Born Somali","1  of 2","York South-Weston","Local","15000","INI","Social Development, Finance and Administration","2023"
1307,"Born Somali","2 of 2","Etobicoke Centre","Local","4000","NG","Social Development, Finance and Administration","2023"
1308,"BoucharDanse","1","Davenport","City-wide","15000","TAC","Toronto Arts Council","2023"
1309,"Bowmore Road Junior and Senior Public School","1","Beaches - East York","Local","900","YCAG","Environment & Climate","2023"
1310,"Braeburn Neighbourhood Place","1  of 2","Etobicoke North","Local","150000","TCS","Children's Services","2023"
1311,"Braeburn Neighbourhood Place","2 of 2","Etobicoke North","Local","57196.85","CSP","Social Development, Finance and Administration","2023"
1312,"BrAIDS for AIDS","1","Etobicoke North","City-Wide","30000","INO","Social Development, Finance and Administration","2023"
1313,"Break Free Family centre","1","Etobicoke North","Neighbourhood","5000","CCRF","Social Development, Finance and Administration","2023"
1314,"Breaking Bad Habits","1","Humber River-Black Creek","Neighbourhood","5000","CCRF","Social Development, Finance and Administration","2023"
1315,"Breaking Canada (Toronto)","1","Scarborough - Rouge Park","City-wide","17000","TAC","Toronto Arts Council","2023"
1316,"Bring Back The Fun (COVID19 Youth-led)","1","Willowdale","Neighbourhood","5000","CCRF","Social Development, Finance and Administration","2023"
1317,"Buddies in Bad Times Theatre","1","Toronto Centre","City-wide","168500","TAC","Toronto Arts Council","2023"
1318,"Building Leaders for Change","1","Toronto Centre","Local","4000","NG","Social Development, Finance and Administration","2023"
1319,"Building Positive Communities – A Seniors Collective","1","Humber River - Black Creek","Local","4000","NG","Social Development, Finance and Administration","2023"
1320,"Burrows Hall Junior Public School","1","Scarborough North","Local","435","YCAG","Environment & Climate","2023"
1321,"Business in the Streets","1","Spadina - Fort York","Local","37500","BIC","Economic Development and Culture","2023"
1322,"Butterfly (Asian and Migrant Sex Workers Support Network)","1","Toronto Centre","Local","8000","PG","Social Development, Finance and Administration","2023"
1323,"C The Visual Arts Foundation","1","Spadina - Fort York","City-wide","12000","TAC","Toronto Arts Council","2023"
1324,"cacao collective","1","Davenport","City-wide","15000","TAC","Toronto Arts Council","2023"
1325,"CADA/East","1","Toronto Centre","City-wide","21000","TAC","Toronto Arts Council","2023"
1326,"Cahoots Theatre","1","Toronto Centre","City-wide","60000","TAC","Toronto Arts Council","2023"
1327,"Call Auntie","1","Toronto - Danforth","Local","14000","ICAG","Environment & Climate","2023"
1328,"Camp RESET","1","Toronto-St Paul's","Local","22000","PG","Economic Development and Culture","2023"
1329,"Canada's Music Incubator","1","Spadina - Fort York","Local","47320","BIC","Economic Development and Culture","2023"
1330,"Canada's National Ballet School","1","Toronto Centre","Neighborhood","210000","COOP","Economic Development and Culture","2023"
1331,"Canadian Centre for Housing Rights (CCHR)","1 of 2","Spadina-Fort York","City Wide","276136","TTSP","Housing Secretariat","2023"
1332,"Canadian Centre for Housing Rights (CCHR)","2 of 2","Spadina-Fort York","City Wide","343864","TTSP","Housing Secretariat","2023"
1333,"Canadian Centre for Victims of Torture","1  of 2","Toronto Centre","City-Wide","30000","INO","Social Development, Finance and Administration","2023"
1334,"Canadian Centre for Victims of Torture","2 of 2","Toronto Centre","City-wide","31673.15","CSP","Social Development, Finance and Administration","2023"
1335,"Canadian Children's Opera Company","1","Toronto Centre","City-wide","24700","TAC","Toronto Arts Council","2023"
1336,"Canadian Contemporary Dance Theatre","1","Toronto Centre","City-wide","56000","TAC","Toronto Arts Council","2023"
1337,"Canadian Dance Assembly / Assemblée canadienne de la danse","1","Toronto Centre","City-wide","20000","TAC","Toronto Arts Council","2023"
1338,"Canadian Film Centre","1","Don Valley West","Local","20000","BIC","Economic Development and Culture","2023"
1339,"Canadian Gambian Youth Development Association","1","Etobicoke - Lakeshore","Local","30000","INO","Social Development, Finance and Administration","2023"
1340,"Canadian Mental Health Association Toronto Branch","1","University-Rosedale","City-wide","21128.13","CSP","Social Development, Finance and Administration","2023"
1341,"Canadian Music Centre","1","Toronto Centre","City-wide","73000","TAC","Toronto Arts Council","2023"
1342,"Canadian Opera Company","1","Toronto Centre","City-wide","1500000","TAC","Toronto Arts Council","2023"
1343,"Canadian Red Cross Society, Toronto Region branch","1","Davenport","City-wide","170539.3","CSP","Social Development, Finance and Administration","2023"
1344,"Canadian Reggae Music Association","1  of 2","York Centre","Local","9000","PG","Economic Development and Culture","2023"
1345,"Canadian Reggae Music Association","2 of 2","Eglinton - Lawrence","City-wide","15000","TAC","Toronto Arts Council","2023"
1346,"Canadian Stage","1","Toronto Centre","City-wide","832000","TAC","Toronto Arts Council","2023"
1347,"Canadian Tamil Youth Development Centre (CanTYD)","1","Scarborough-Guildwood","City-wide","150369.8","CSP","Social Development, Finance and Administration","2023"
1348,"Canadian-Caribbean Arts Network (C-CAN)","1","Toronto Centre","City-wide","10000","TAC","Toronto Arts Council","2023"
1349,"Canary Park Gardening Volunteers","1","Toronto Centre","Local","1050","PTCG","Environment & Climate","2023"
1350,"CanAsian Dance Festival","1","Toronto Centre","City-wide","25000","TAC","Toronto Arts Council","2023"
1351,"Canvas Arts Action Programs","1 of 2","Toronto - St. Paul’s","Local","17217","TAC","Toronto Arts Council","2023"
1352,"Canvas Arts Action Programs","2 of 2","Toronto - St. Paul’s","Local","23427","TAC","Toronto Arts Council","2023"
1353,"Carefirst Seniors & Community Services Association","1","Scarborough-Agincourt","City-wide","111092.92","CSP","Social Development, Finance and Administration","2023"
1354,"CARFAC Ontario","1","Spadina - Fort York","City-wide","24000","TAC","Toronto Arts Council","2023"
1355,"Caribbean African Canadian Social Services (CAFCAN)","1","Humber River-Black Creek","Neighbourhood","30000","INO","Social Development, Finance and Administration","2023"
1356,"CaribbeanTales","1","Davenport","City-wide","17500","TAC","Toronto Arts Council","2023"
1357,"Cathedral Bluffs Symphony Orchestra","1","Scarborough Southwest","City-wide","20000","TAC","Toronto Arts Council","2023"
1358,"Catholic Crosscultural Services","1 of 2","Scarborough Centre","City-wide","31591.44","CSP","Social Development, Finance and Administration","2023"
1359,"Catholic Crosscultural Services","2 of 2","Scarborough Centre","Local","20000","TAC","Toronto Arts Council","2023"
1360,"Cecil Community Centre","1","University-Rosedale","Local","6089.52","CSP","Social Development, Finance and Administration","2023"
1361,"Centennial College of Applied Arts and Technology","1 of 2","Scarborough Centre","Local","14603","BIC","Economic Development and Culture","2023"
1362,"Centennial College of Applied Arts and Technology","2 of 2","Scarborough - Guildwood","Neighbourhood","46355","FOR","Parks, Forestry & Recreation","2023"
1363,"Central Eglinton Community Centre","1","Toronto-St. Paul’s","Neighbourhood","32604.55","CSP","Social Development, Finance and Administration","2023"
1364,"Centre for Immigrant and Community Services","1","Scarborough-Agincourt","City-wide","141001.32","CSP","Social Development, Finance and Administration","2023"
1365,"Centre for Independent Living in Toronto","1","Toronto Centre","City-wide","28181.75","CSP","Social Development, Finance and Administration","2023"
1366,"Centre for Indigenous Theatre","1","Spadina - Fort York","City-wide","62120","TAC","Toronto Arts Council","2023"
1367,"Centre for Social Innovation","1","Spadina - Fort York","Local","20000","BIC","Economic Development and Culture","2023"
1368,"Centre for Young Black Professionals (CEE)","1  of 2","Scarborough Centre","City-wide","200000","INO","Social Development, Finance and Administration","2023"
1369,"Centre for Young Black Professionals (CEE)","2 of 2","Scarborough Centre","City-Wide","30000","INO","Social Development, Finance and Administration","2023"
1370,"Centre Francophone de Toronto","1","Spadina - Fort York","Local","150000","TCS","Children's Services","2023"
1371,"Centro Cultural Latinoamericanois (Trustee for Paul Daniel Torres)","1","Eglinton-Lawrence","Local","9900","PG","Economic Development and Culture","2023"
1372,"CFMDC","1","Davenport","City-wide","53000","TAC","Toronto Arts Council","2023"
1373,"CGLCC: Canada’s LGBTQ+ Chamber of Commerce","1","Toronto Centre","Local","20000","BIC","Economic Development and Culture","2023"
1374,"Charles Street Video","1","Davenport","City-wide","54500","TAC","Toronto Arts Council","2023"
1375,"CHE (Community Healing Event)","1","Scarborough-Guildwood","Local","5000","CCRF","Social Development, Finance and Administration","2023"
1376,"Chester Le community","1","Scarborough-Agincourt","Neighbourhood","5000","CCRF","Social Development, Finance and Administration","2023"
1377,"Children's Environmental Education Committee, Sprucecourt Co-op","1","Toronto Centre","Local","4646","PTCG","Environment & Climate","2023"
1378,"Children's Peace Theatre","1 of 2","Beaches - East York","Local","15000","ICAG","Environment & Climate","2023"
1379,"Children's Peace Theatre","2 of 2","Beaches - East York","Local","57000","TAC","Toronto Arts Council","2023"
1380,"Chinese Artists Society of Toronto","1","22 Scarborough-Agincourt","City-wide","14500","TAC","Toronto Arts Council","2023"
1381,"Chinese Canadian National Council Toronto Chapter","1","Spadina-Fort York","City-wide","67692.83","CSP","Social Development, Finance and Administration","2023"
1382,"Chop Love Cafe (COVID19 Youth-led)","1","Scarborough-Rouge Park","Local","5000","CCRF","Social Development, Finance and Administration","2023"
1383,"Christie Ossington Neighbourhood Centre","1","Davenport","City-wide","82540.8","CSP","Social Development, Finance and Administration","2023"
1384,"Citadel + Compagnie","1","Toronto Centre","City-wide","62000","TAC","Toronto Arts Council","2023"
1385,"Clay and Paper Theatre","1","Davenport","Local","28000","TAC","Toronto Arts Council","2023"
1386,"Cliffcrest / Heart Beatz","1","Scarborough - Guildwood","Neighbourhood","100000","TCS","Children's Services","2023"
1387,"Cliffcrest Community Centre","1  of 2","Scarborough Centre","Neighbourhood","5000","CCRF","Social Development, Finance and Administration","2023"
1388,"Cliffcrest Community Centre","2 of 2","Scarborough Centre","Local","40567.77","CSP","Social Development, Finance and Administration","2023"
1389,"CloudFlo","1","York Centre","City-wide","14000","TAC","Toronto Arts Council","2023"
1390,"CNIB","1","Toronto - St.Paul's","Local","38250","StART PP","Transportation","2023"
1391,"Coal Mine Theatre","1","Beaches - East York","City-wide","12750","TAC","Toronto Arts Council","2023"
1392,"Coalition of Women in Leadership","1","Don Valley West","Local","4000","NG","Social Development, Finance and Administration","2023"
1393,"Colouring Book Theatre","1  of 2","Toronto - St. Paul’s","City-wide","8000","TAC","Toronto Arts Council","2023"
1394,"Common Boots Theatre","2 of 2","Don Valley East","City-wide","41000","TAC","Toronto Arts Council","2023"
1395,"Community Arts Guild","1 of 2","Scarborough-Guildwood","Local","21000","TAC","Toronto Arts Council","2023"
1396,"Community Arts Guild","2 of 2","Scarborough-Guildwood","Local","20000","TAC","Toronto Arts Council","2023"
1397,"Community Family Services of Ontario","1","Scarborough-Agincourt","City-wide","45028.7","CSP","Social Development, Finance and Administration","2023"
1398,"Community Healing and Rebuilding Event (Humberline Rexdale Community)","1","Etobicoke North","Local","5000","CCRF","Social Development, Finance and Administration","2023"
1399,"Community Music Schools of Toronto","1","Toronto Centre","Local","30000","TAC","Toronto Arts Council","2023"
1400,"Community Shoreham Leaders","1","Humber River-Black Creek","Neighbourhood","5000","CCRF","Social Development, Finance and Administration","2023"
1401,"Community Social Planning Council of Toronto","1","Toronto Centre","City-wide","468931.35","CSP","Social Development, Finance and Administration","2023"
1402,"Concerned Tenants of Empringham","1","Scarborough-Rouge Park","Neighbourhood","5000","CCRF","Social Development, Finance and Administration","2023"
1403,"Concerts on Connolly","1","Davenport","Local","12000","TAC","Toronto Arts Council","2023"
1404,"Confluence Concerts","1","University - Rosedale","City-wide","10400","TAC","Toronto Arts Council","2023"
1405,"CONNECTED IN UNITY","1","York South-Weston","Neighbourhood","5000","CCRF","Social Development, Finance and Administration","2023"
1406,"Conseil de la Cooperation de l’Ontario","1","Spadina - Fort York","Local","20000","BIC","Economic Development and Culture","2023"
1407,"Contact Toronto Photography Festival","1","Spadina - Fort York","City-wide","8000","TAC","Toronto Arts Council","2023"
1408,"Continuum Contemporary Music Ensemble","1","Don Valley East","City-wide","28000","TAC","Toronto Arts Council","2023"
1409,"Corktown Residents and Buisness Association","1","Toronto Centre","Neighbourhood","500","FOR","Parks, Forestry & Recreation","2023"
1410,"Corpoluz Theatre","1","Davenport","City-wide","3850","TAC","Toronto Arts Council","2023"
1411,"CORPUS","1","Davenport","City-wide","33000","TAC","Toronto Arts Council","2023"
1412,"Cosburn Middle School","1","Toronto - Danforth","Local","808.08","YCAG","Environment & Climate","2023"
1413,"COSTI Immigrant Services","1","Davenport","City-wide","154923.33","CSP","Social Development, Finance and Administration","2023"
1414,"Costume Creators Cultural Arts","1","Etobicoke North","Local","8800","TAC","Toronto Arts Council","2023"
1415,"Côté Danse","1","Beaches - East York","City-wide","14000","TAC","Toronto Arts Council","2023"
1416,"Council of Agencies Serving South Asians","1  of 2","Scarborough North","City-wide","67692.83","CSP","Social Development, Finance and Administration","2023"
1417,"Council of Agencies Serving South Asians","2 of 2","Scarborough North","City-wide","110000","IMM","Social Development, Finance and Administration","2023"
1418,"Counterstory Conversations","1","Spadina - Fort York","City-wide","10000","TAC","Toronto Arts Council","2023"
1419,"Craft Ontario","1","Davenport","City-wide","23100","TAC","Toronto Arts Council","2023"
1420,"Creato Community","1 of 2","Toronto Centre","City-wide","14500","TAC","Toronto Arts Council","2023"
1421,"Creato Community","2 of 2","Toronto Centre","City-wide","6500","TAC","Toronto Arts Council","2023"
1422,"Criss-Cross Curations","1","University - Rosedale","City-wide","20000","TAC","Toronto Arts Council","2023"
1423,"Critical Distance Centre for Curators","1","Spadina - Fort York","City-wide","13500","TAC","Toronto Arts Council","2023"
1424,"Crosby Gitagaan","1  of 2","Scarborough North","Local","15000","ICAG","Environment & Climate","2023"
1425,"Crosby Gitigaan","2 of 2","Scarborough Centre","Local","4000","NG","Social Development, Finance and Administration","2023"
1426,"Crows Theatre","1","Toronto - Danforth","City-wide","48000","TAC","Toronto Arts Council","2023"
1427,"Cultureland","1","Willowdale","City-wide","9750","TAC","Toronto Arts Council","2023"
1428,"CultureLink Settlement & Community Services","1","Parkdale-High Park","City-wide","115515.73","CSP","Social Development, Finance and Administration","2023"
1429,"Curador","1","Eglinton-Lawrence","Local","4917.16","CCRF","Social Development, Finance and Administration","2023"
1430,"Curador R Us","1","Eglinton-Lawrence","Local","5000","CCRF","Social Development, Finance and Administration","2023"
1431,"Dance Immersion Ontario","1","University - Rosedale","City-wide","40000","TAC","Toronto Arts Council","2023"
1432,"Dance Migration Project","1","Eglinton - Lawrence","City-wide","20000","TAC","Toronto Arts Council","2023"
1433,"Dance Ontario Association","1","Davenport","City-wide","20000","TAC","Toronto Arts Council","2023"
1434,"DANCE TOGETHER FESTIVAL","1","Parkdale - High Park","City-wide","21250","TAC","Toronto Arts Council","2023"
1435,"Dancemakers","1","Spadina - Fort York","Local","91600","TAC","Toronto Arts Council","2023"
1436,"Dancer Transition Resource Centre","1","University - Rosedale","City-wide","15000","TAC","Toronto Arts Council","2023"
1437,"DanceWorks","1","University - Rosedale","City-wide","55000","TAC","Toronto Arts Council","2023"
1438,"Davenport-Perth Neighbourhood and Community Health Centre","1","Davenport","Neighbourhood","103761.54","CSP","Social Development, Finance and Administration","2023"
1439,"David Lewis P.S.","1","Scarborough - Agincourt","Local","3800","PTCG","Environment & Climate","2023"
1440,"Davisville Jr. Public School","3","Toronto - St.Paul's","Local","2900","YCAG","Environment & Climate","2023"
1441,"Dear Ailment","1 of 2","Beaches - East York","City-wide","7446.25","TAC","Toronto Arts Council","2023"
1442,"Dear Ailment","2 of 2","Beaches - East York","City-wide","13950","TAC","Toronto Arts Council","2023"
1443,"Deeply Rooted Farmers Market","1 of 7","City-Wide","Local","10000","ICAG","Environment & Climate","2023"
1444,"Delta Family Resource Centre","2 of 7","Humber River - Black Creek","Neighbourhood","150000","TCS","Children's Services","2023"
1445,"Delta Family Resource Centre","3 of 7","Etobicoke North","City-wide","200000","INO","Social Development, Finance and Administration","2023"
1446,"Delta Family Resource Centre","4 of 7","Etobicoke North","Neighbourhood","30000","INO","Social Development, Finance and Administration","2023"
1447,"Delta Family Resource Centre","5 of 7","Etobicoke North","City Wide","300785","INO","Social Development, Finance and Administration","2023"
1448,"Delta Family Resource Centre","6 of 7","Etobicoke North","City-wide","130614.27","CSP","Social Development, Finance and Administration","2023"
1449,"Delta Family Resource Centre","7 of 7","Etobicoke North","Local","11200","NG","Social Development, Finance and Administration","2023"
1450,"Delta Family Resource Centre - CurandorRUs","1","York South - Weston","Neighbourhood","7500","NCAG","Environment & Climate","2023"
1451,"Delta Family Resource Centre - Friends of Smythe Park","1","Davenport, York South - Weston, Etobicoke Centre, Humber River - Black Creek","Neighbourhood","7500","NCAG","Environment & Climate","2023"
1452,"Delta Family Resource Centre - Humber River Pals","1","Davenport","Neighbourhood","7500","NCAG","Environment & Climate","2023"
1453,"Delta Family Resource Centre - ReSistering","1","Parkdale - High Park","Neighbourhood","7500","NCAG","Environment & Climate","2023"
1454,"Delta Family Resource Centre - ThunderCrows Kids Camp","1","Humber River - Black Creek","Neighbourhood","7500","NCAG","Environment & Climate","2023"
1455,"Delta Family Resource Centre - West End Cycles","1","York South - Weston","Neighbourhood","7500","NCAG","Environment & Climate","2023"
1456,"Derrydown Public School","1","Humber River - Black Creek","Local","1000","YCAG","Environment & Climate","2023"
1457,"Diaspora Dialogues","1","20 Trinity-Spadina","City-wide","50000","TAC","Toronto Arts Council","2023"
1458,"Din of Shadows","1","University - Rosedale","City-wide","9000","TAC","Toronto Arts Council","2023"
1459,"Directors Lab North","1","Toronto - Danforth","City-wide","10000","TAC","Toronto Arts Council","2023"
1460,"Distress Centres of Greater Toronto","1","Toronto Centre","City-wide","136295.28","CSP","Social Development, Finance and Administration","2023"
1461,"Diversified Youth Initiative","1","Eglinton-Lawrence","Local","22000","PG","Economic Development and Culture","2023"
1462,"Dixon Hall","1","Toronto Centre","Local","378100.52","CSP","Social Development, Finance and Administration","2023"
1463,"DOC Toronto","1","Spadina - Fort York","City-wide","45000","TAC","Toronto Arts Council","2023"
1464,"Doris McCarthy Gallery, University of Toronto Scarborough","1","Scarborough - Rouge Park","City-wide","57400","TAC","Toronto Arts Council","2023"
1465,"Dovercourt Boys and Girls Club","1","Davenport","Local","64005.35","CSP","Social Development, Finance and Administration","2023"
1466,"Dreamwalker Dance Company","1","Toronto Centre","City-wide","28000","TAC","Toronto Arts Council","2023"
1467,"Dufferin Grove Park Garden Co-operative","1","Davenport","Local","2896","PTCG","Environment & Climate","2023"
1468,"Dusk Dances Inc.","1","Davenport","City-wide","33000","TAC","Toronto Arts Council","2023"
1469,"EAA Emerging Artists Association","1","6 Etobicoke-Lakeshore","City-wide","13500","TAC","Toronto Arts Council","2023"
1470,"Earth Helpers","1","City-Wide","Local","7500","ICAG","Environment & Climate","2023"
1471,"Earth Work Visions","1 of 3","York  South - Weston","City Wide","20000","CBICGG","Indigenous Affairs Office","2023"
1472,"Earth Work Visions","2 of 3","York South-Weston","Local","4000","NG","Social Development, Finance and Administration","2023"
1473,"Earth Works Visions","3 of 3","City-Wide","Local","17000","ICAG","Environment & Climate","2023"
1474,"East End Arts","1 of 2","Toronto - Danforth","Local","216453","LASO","Economic Development and Culture","2023"
1475,"East End Arts","2 of 2","Toronto - Danforth","Local","20000","LASO","Economic Development and Culture","2023"
1476,"East Scarborough Boys & Girls Club","1","Scarborough-Guildwood","Local","202893.3","CSP","Social Development, Finance and Administration","2023"
1477,"East Scarborough Boys & Girls Club & Bridging Borders with Inmates","1","Scarborough Southwest","Local","200000","YVP","Social Development, Finance and Administration","2023"
1478,"East Scarborough Storefront - MakeWay Charitable Society","1","Scarborough-Guildwood","City-wide","102672.18","CSP","Social Development, Finance and Administration","2023"
1479,"East Toronto Family Community Centre","1","Toronto-Danforth","Local","76919.71","CSP","Social Development, Finance and Administration","2023"
1480,"East York Children's Community Garden","1","Toronto - Danforth","Local","4257","PTCG","Environment & Climate","2023"
1481,"East York Meals on Wheels","1","Don Valley West","Local","33171.02","CSP","Social Development, Finance and Administration","2023"
1482,"Echo Women's Choir","1","Toronto Centre","City-wide","11000","TAC","Toronto Arts Council","2023"
1483,"EcoClub and Autism Intensive Support Program","1","York South - Weston","Local","3500","PTCG","Environment & Climate","2023"
1484,"École élémentaire Paul-Demers","1","Don Valley North","Local","5000","PTCG","Environment & Climate","2023"
1485,"Ecru","1 of 1","Spadina - Fort York","City-wide","17060","TAC","Toronto Arts Council","2023"
1486,"Education & Community Partnership Programs - ECPP","1","City-Wide","Local","243.66","YCAG","Environment & Climate","2023"
1487,"Eight Fest Small-Gauge Film Festival","1 of 2","Davenport","City-wide","22000","TAC","Toronto Arts Council","2023"
1488,"Eight Fest Small-Gauge Film Festival","2 of 2","Davenport","City-wide","14000","TAC","Toronto Arts Council","2023"
1489,"Eldritch Theatre Incorporated","1","Beaches - East York","City-wide","10000","TAC","Toronto Arts Council","2023"
1490,"Elspeth Heyworth Centre for Women","1 of 3","Humber River-Black Creek","Local","37500","IMM","Social Development, Finance and Administration","2023"
1491,"Elspeth Heyworth Centre for Women","2 of 3","Humber River-Black Creek","Local","13935","CSP","Social Development, Finance and Administration","2023"
1492,"Elspeth Heyworth Centre for Women","3 of 3","Humber River-Black  Creek","Local","34380.2","CSP","Social Development, Finance and Administration","2023"
1493,"Embrace Collective","1","Toronto Centre","City-wide","8000","TAC","Toronto Arts Council","2023"
1494,"Emerging Writers","1","Toronto Centre","City-wide","8000","TAC","Toronto Arts Council","2023"
1495,"Emotionart","1","Toronto-Danforth","Neighbourhood","5000","CCRF","Social Development, Finance and Administration","2023"
1496,"Empowering Youth","1","Eglinton-Lawrence","Neighbourhood","5000","CCRF","Social Development, Finance and Administration","2023"
1497,"Engine95 (Trustee for Aliyah Burey)","1","Not applicable (Oakville)","Local","5500","CB","Economic Development and Culture","2023"
1498,"Ensemble Topaz","1","Beaches - East York","City-wide","15000","TAC","Toronto Arts Council","2023"
1499,"Environmental Justice Committee","1","Scarborough - Agincourt","Local","2700","PTCG","Environment & Climate","2023"
1500,"Epilepsy Toronto","1","Toronto Centre","City-wide","49151.92","CSP","Social Development, Finance and Administration","2023"
1501,"Equitable Action for Change","1","Toronto Centre","Local","8000","PG","Social Development, Finance and Administration","2023"
1502,"Eritrean Canadian Community Center of Metropolitan Toronto","1  of 2","Toronto-St. Paul’s","City-wide","35186.32","CSP","Social Development, Finance and Administration","2023"
1503,"Eritrean Canadian Community Centre of Metropolitan Toronto","2 of 2","Toronto-St. Paul's","Neighbourhood","30000","INO","Social Development, Finance and Administration","2023"
1504,"Eshkiniigjik Naandwechigegamig, Aabiish Gaa Binjibaaying - ENAGB Youth Program","1","York South-Weston","City-wide","399400","YVP","Social Development, Finance and Administration","2023"
1505,"Esmeralda Enrique Spanish Dance Company","1","Spadina - Fort York","City-wide","28000","TAC","Toronto Arts Council","2023"
1506,"Etobcioke Collegiate School Council","1","Etobicoke Centre","Neighbourhood","5000","CCRF","Social Development, Finance and Administration","2023"
1507,"Etobicoke Community Concert Band","1","Etobicoke - Lakeshore","Local","5850","TAC","Toronto Arts Council","2023"
1508,"Etobicoke Philharmonic Orchestra","1","Etobicoke Centre","Local","9900","TAC","Toronto Arts Council","2023"
1509,"Etobicoke Services for Seniors","1","York South-Weston","Local","123065","CSP","Social Development, Finance and Administration","2023"
1510,"ET-Pharm","1","Scarborough Southwest","Local","4000","NG","Social Development, Finance and Administration","2023"
1511,"Evergreen","1 of 3","University - Rosedale","Local","5000","PTCG","Environment & Climate","2023"
1512,"Evergreen","2 of 3","University - Rosedale","Local","12000","TAC","Toronto Arts Council","2023"
1513,"Evergreen","3 of 3","University - Rosedale","Local","50000","TAC","Toronto Arts Council","2023"
1514,"Everything Ellse Artists’ Collective","1","Etobicoke Centre","Local","4000","NG","Social Development, Finance and Administration","2023"
1515,"Exit Points","1","Spadina - Fort York","City-wide","7000","TAC","Toronto Arts Council","2023"
1516,"Expand the Cypher","1","Toronto - Danforth","City-wide","7000","TAC","Toronto Arts Council","2023"
1517,"Extend-A-Family","1","Eglinton-Lawrence","City-wide","28154.51","CSP","Social Development, Finance and Administration","2023"
1518,"Exultate Chamber Singers","1","University - Rosedale","City-wide","12000","TAC","Toronto Arts Council","2023"
1519,"FabCollab","1","University - Rosedale","City-wide","13500","TAC","Toronto Arts Council","2023"
1520,"Factory Theatre","1","Spadina - Fort York","City-wide","169500","TAC","Toronto Arts Council","2023"
1521,"FADO Performance Inc.","1","Spadina - Fort York","City-wide","24000","TAC","Toronto Arts Council","2023"
1522,"Fall for Dance North Festival Inc.","1","Willowdale","City-wide","23000","TAC","Toronto Arts Council","2023"
1523,"Families of Danzig Community","1","Scarborough-Guildwood","Neighbourhood","5000","CCRF","Social Development, Finance and Administration","2023"
1524,"Family Service Toronto","1","Toronto Centre","City-wide","124557.42","CSP","Social Development, Finance and Administration","2023"
1525,"Fantazia Carnival","1","Parkdale - High Park","Local","15000","TAC","Toronto Arts Council","2023"
1526,"Faywood ABC School Eco-Club","1","York Centre","Local","2200","PTCG","Environment & Climate","2023"
1527,"FCJ Refugee Centre","1","Davenport","City-wide","70000","IMM","Social Development, Finance and Administration","2023"
1528,"Findhelp Information Services","1","Toronto-St. Paul’s","City-wide","722425.43","CSP","Social Development, Finance and Administration","2023"
1529,"Fintech Cadence","1","Spadina - Fort York","Local","100000","BIC","Economic Development and Culture","2023"
1530,"Flaunt It Movement","1","Eglinton - Lawrence","City-wide","15000","TAC","Toronto Arts Council","2023"
1531,"Flemingdon Community Support Services","1","Don Valley East","City-wide","25000","TAC","Toronto Arts Council","2023"
1532,"Flemingdon Health Centre & Engaged Communities","1","Don Valley West","Local","200000","YVP","Social Development, Finance and Administration","2023"
1533,"Focus Media Arts Centre","1","Toronto Centre","Local","65000","TAC","Toronto Arts Council","2023"
1534,"Food For Joy","1","Beaches-East York","Local","5000","CCRF","Social Development, Finance and Administration","2023"
1535,"FoodShare Toronto","1 of 2","York South-Weston","City-wide","253406.92","CSP","Social Development, Finance and Administration","2023"
1536,"FoodShare Toronto","2 of 2","York - South Weston","Local","13500","TAC","Toronto Arts Council","2023"
1537,"For You Telecare Family Service (FUTFS)","1","Don Valley East","City-wide","18399.29","CSP","Social Development, Finance and Administration","2023"
1538,"For Youth Initiative (Trustee for Kibra Tesfaye)","1","York South - Weston","Local","3014","CB","Economic Development and Culture","2023"
1539,"For Youth Initiative (Trustee for The Greenprint Network)","1","York South - Weston","Local","5500","CB","Economic Development and Culture","2023"
1540,"For Youth Initiative in Toronto","1","York South-Weston","Local","141976.28","CSP","Social Development, Finance and Administration","2023"
1541,"Forest Manor Public School","1","Don Valley North","Local","980","YCAG","Environment & Climate","2023"
1542,"Frankland Community School","1","Toronto - Danforth","Local","4500","PTCG","Environment & Climate","2023"
1543,"Franklin Horner Community Centre","1","Etobicoke-Lakeshore","City-wide","34510.92","CSP","Social Development, Finance and Administration","2023"
1544,"Friends in Arts","1","Don Valley North","City-wide","20000","TAC","Toronto Arts Council","2023"
1545,"Friends of Allan Gardens","1","University - Rosedale","Local","8000","TAC","Toronto Arts Council","2023"
1546,"Friends of CAB","1","Parkdale - High Park","City-wide","7500","TAC","Toronto Arts Council","2023"
1547,"Friends of Cornell Park","1  of 2","Scarborough-Guildwood","Local","5000","CCRF","Social Development, Finance and Administration","2023"
1548,"Friends of Cornell Park (COVID19 Youth-Led)","2 of 2","Scarborough-Guildwood","Neighbourhood","5000","CCRF","Social Development, Finance and Administration","2023"
1549,"Friends of Morningside High Park","1","Parkdale - High Park","Local","4050","PTCG","Environment & Climate","2023"
1550,"Friends of Parkway Forest Park","1","Don Valley North","City-wide","19900","TAC","Toronto Arts Council","2023"
1551,"Friends of Regent Park","1","Toronto Centre","Local","4000","NG","Social Development, Finance and Administration","2023"
1552,"Friends of Thorncliffe Park","1","Don Valley West","Local","4000","NG","Social Development, Finance and Administration","2023"
1553,"Friends of Wadsworth Park","1","Davenport","Local","4000","NG","Social Development, Finance and Administration","2023"
1554,"Frontlinez Barber Shop","1","York South-Weston","Neighbourhood","4825","CCRF","Social Development, Finance and Administration","2023"
1555,"fu-GEN Theatre Company","1","Toronto Centre","City-wide","31360","TAC","Toronto Arts Council","2023"
1556,"Fujiwara Dance Inventions","1","Toronto Centre","Local","25000","TAC","Toronto Arts Council","2023"
1557,"Fundy Bay & Terry Fox Community","1","Scarborough - Agincourt","Local","4000","NG","Social Development, Finance and Administration","2023"
1558,"F-You: The Forgiveness Project","1","Etobicoke - Lakeshore","City-wide","19500","TAC","Toronto Arts Council","2023"
1559,"Gallery 44 Centre for Contemporary Photography","1","Spadina - Fort York","City-wide","89500","TAC","Toronto Arts Council","2023"
1560,"Gambian Canadian Youth Association","1","Eglinton - Lawrence","Local","4000","NG","Social Development, Finance and Administration","2023"
1561,"Game Changers (COVID19 Youth-Led)","1","Humber River-Black  Creek","Local","5000","CCRF","Social Development, Finance and Administration","2023"
1562,"Gardiner Museum","1","University - Rosedale","Neighborhood","140000","COOP","Economic Development and Culture","2023"
1563,"GBC – Office of Work-Integrated Learning, Experimental Education","1","Toronto Centre","Local","20000","BIC","Economic Development and Culture","2023"
1564,"GBC – StartGBC","1","Toronto Centre","Local","20000","BIC","Economic Development and Culture","2023"
1565,"Gendai (Trustee for BAM Collective)","1","Parkdale - High Park","Local","51800","CB","Economic Development and Culture","2023"
1566,"Generator Performance","1","University - Rosedale","City-wide","39000","TAC","Toronto Arts Council","2023"
1567,"Generous Friend","1","Parkdale - High Park","City-wide","12750","TAC","Toronto Arts Council","2023"
1568,"Get Moving Rexdale: Rexdale Walking Group","1","Etobicoke North","Local","4000","NG","Social Development, Finance and Administration","2023"
1569,"GHANAFEST","1 of 2","Etobicoke North","City-wide","20000","TAC","Toronto Arts Council","2023"
1570,"GHANAFEST","2 of 2","Etobicoke North","City-wide","12000","TAC","Toronto Arts Council","2023"
1571,"Giiawind Wiisini Maamawi","1","York  South - Weston","City Wide","20000","CBICGG","Indigenous Affairs Office","2023"
1572,"Giiwednangoonhs Productions","1","Etobicoke North","City Wide","20000","CBICGG","Indigenous Affairs Office","2023"
1573,"Girl Impact","1","Etobicoke North","Neighbourhood","17000","INI","Social Development, Finance and Administration","2023"
1574,"Girls Group","1","Black Creek","Neighbourhood","16998","INI","Social Development, Finance and Administration","2023"
1575,"Glendower Birchmount Ladies Group","1","Scarborough - Agincourt","Local","4000","NG","Social Development, Finance and Administration","2023"
1576,"Glendower Ladies Group","1","Scarborough North","Neighbourhood","5000","CCRF","Social Development, Finance and Administration","2023"
1577,"Global Kingdom Ministries Church Inc. (Basketball Skills and Academic Development)","1","Scarborough-Guildwood","Local","5000","CCRF","Social Development, Finance and Administration","2023"
1578,"Good Neighbours Canada","1","Scarborough North","Local","20000","BIC","Economic Development and Culture","2023"
1579,"G-Power'd Inc.","1","Don Valley North","Neighbourhood","30000","INO","Social Development, Finance and Administration","2023"
1580,"Gradient Spaces","1","Toronto Centre","Local","10000","BIC","Economic Development and Culture","2023"
1581,"Grandravine Youth Creative Club","1","Humber River-Black Creek","Neighbourhood","5000","CCRF","Social Development, Finance and Administration","2023"
1582,"Green Thumbs Growing Kids","1","Toronto Centre","Neighbourhood","20000","FOR","Parks, Forestry & Recreation","2023"
1583,"Greenhouse Theatre","1 of 2","Scarborough North","City-wide","15000","TAC","Toronto Arts Council","2023"
1584,"Greenhouse Theatre","2 of 2","Scarborough North","Local","7000","TAC","Toronto Arts Council","2023"
1585,"Growing Roots","1","Don Valley East","City Wide","20000","CBICGG","Indigenous Affairs Office","2023"
1586,"Guildwood Butterflyway Project","1","Scarborough Guildwood","Local","2800","PTCG","Environment & Climate","2023"
1587,"Hagar Collective","1","Toronto - St. Paul's","City-wide","18000","TAC","Toronto Arts Council","2023"
1588,"Haitians of Toronto","1","Scarborough-Rouge Park","Local","5000","CCRF","Social Development, Finance and Administration","2023"
1589,"Hand Eye Society","1","Spadina - Fort York","City-wide","15000","TAC","Toronto Arts Council","2023"
1590,"Harbourfront Centre","1","Spadina - Fort York","Local","1315500","COOP","Economic Development and Culture","2023"
1591,"Harmony Nests","1","City-Wide","Local","7500","ICAG","Environment & Climate","2023"
1592,"Harold Green Jewish Theatre Company","1","Don Valley North","City-wide","10000","TAC","Toronto Arts Council","2023"
1593,"Harriet Tubman Community Organization","1  of 2","Don Valley North","Local","30000","INO","Social Development, Finance and Administration","2023"
1594,"Harriet Tubman Community Organization","2 of 2","Don Valley North","Local","59713.27","CSP","Social Development, Finance and Administration","2023"
1595,"Harriet Tubman Community Organization & National African Integration and Families Association","1","York Centre","Local","120000","YVP","Social Development, Finance and Administration","2023"
1596,"Helping Hands Platform","1","Davenport","City-Wide","30000","INO","Social Development, Finance and Administration","2023"
1597,"Hemophilia Ontario","1","Willowdale","City-wide","31673.15","CSP","Social Development, Finance and Administration","2023"
1598,"Henna Platform","1","Spadina - Fort York","City-wide","20000","TAC","Toronto Arts Council","2023"
1599,"Hercinia Arts Collective","1","Spadina - Fort York","City-wide","21250","TAC","Toronto Arts Council","2023"
1600,"Heritage Skills Development Center (HSDC)","1","Scarborough Centre","City-wide","20000","TAC","Toronto Arts Council","2023"
1601,"Hidaayah House","1","Scarborough-Guildwood","Neighbourhood","16903","INI","Social Development, Finance and Administration","2023"
1602,"Hinprov","1 of 2","Scarborough Centre","City-wide","20000","TAC","Toronto Arts Council","2023"
1603,"Hinprov","2 of 2","Scarborough Centre","City-wide","6500","TAC","Toronto Arts Council","2023"
1604,"Holla Jazz Performance Projects","1","Etobicoke Centre","City-wide","8000","TAC","Toronto Arts Council","2023"
1605,"Homefront community services","1","Toronto Centre","Local","5000","CCRF","Social Development, Finance and Administration","2023"
1606,"Hong Fook Mental Health Association","1","Scarborough-Agincourt","City-wide","28154.51","CSP","Social Development, Finance and Administration","2023"
1607,"Hope Community Services","1","Toronto Centre","Local","8000","PG","Social Development, Finance and Administration","2023"
1608,"Hot Docs","1","Toronto Centre","City-wide","190000","TAC","Toronto Arts Council","2023"
1609,"House of Arts","1","University - Rosedale","City-wide","9700","TAC","Toronto Arts Council","2023"
1610,"House of Beida Inc.","1","Spadina - Fort York","City-wide","18000","TAC","Toronto Arts Council","2023"
1611,"Housing For Youth In The City of York","1","Davenport","Local","6000","TAC","Toronto Arts Council","2023"
1612,"Howard School Community","1","Parkdale - High Park","Local","4100","PTCG","Environment & Climate","2023"
1613,"Human Body Expression Dance Company","1","Beaches - East York","City-wide","8000","TAC","Toronto Arts Council","2023"
1614,"Humber College – Centre for Creative Business Innovation","1","Etobicoke - Lakeshore","Local","20000","BIC","Economic Development and Culture","2023"
1615,"Humber River Art and Music Festival","1","Toronto - Danforth","City-wide","4500","TAC","Toronto Arts Council","2023"
1616,"iBall Canada Cares Community Organization","1  of 2","Don Valley East","Local","4997.27","CCRF","Social Development, Finance and Administration","2023"
1617,"iBall Canada Cares Community Organization","2 of 2","Don Valley North","Neighbourhood","4997.65","CCRF","Social Development, Finance and Administration","2023"
1618,"imagineNATIVE Film + Media Arts Festival","1 of 2","Spadina - Fort York","City-wide","84000","TAC","Toronto Arts Council","2023"
1619,"imagineNATIVE Film + Media Arts Festival","2 of 2","Spadina - Fort York","City-wide","72000","TAC","Toronto Arts Council","2023"
1620,"Indigenous Curatorial Collective","1","Spadina - Fort York","City-wide","17000","TAC","Toronto Arts Council","2023"
1621,"Indigenous Fashion Arts","1 of 2","Toronto - Danforth","Neighborhood","30000","IACPF","Economic Development and Culture","2023"
1622,"Indigenous Fashion Arts","2 of 2","Toronto - Danforth","City-wide","13000","TAC","Toronto Arts Council","2023"
1623,"Indigenous Guides","1","Parkdale - High Park","City Wide","20000","CBICGG","Indigenous Affairs Office","2023"
1624,"Indigenous Land Stewardship Circle","1","City-Wide","Local","17000","ICAG","Environment & Climate","2023"
1625,"Indigenous Performing Arts Alliance","1","Spadina - Fort York","City-wide","15000","TAC","Toronto Arts Council","2023"
1626,"Indigenous Teachings 101","1","University - Rosedale","City Wide","20000","CBICGG","Indigenous Affairs Office","2023"
1627,"INKspire Youth Organization","1","Spadina - Fort York","City-wide","7400","TAC","Toronto Arts Council","2023"
1628,"Inside Out Lesbian and Gay Film Festival Inc.","1","Spadina - Fort York","City-wide","52000","TAC","Toronto Arts Council","2023"
1629,"Insomniac Film Festival","1 of 2","Davenport","City-wide","18270","TAC","Toronto Arts Council","2023"
1630,"Insomniac Film Festival","2 of 2","Davenport","City-wide","12000","TAC","Toronto Arts Council","2023"
1631,"Inspirad@s","1","Toronto - St. Paul’s","City-wide","7950","TAC","Toronto Arts Council","2023"
1632,"InterAccess","1","Davenport","City-wide","51000","TAC","Toronto Arts Council","2023"
1633,"International Readings at Harbourfront (o/a TIFA)","1","Spadina - Fort York","City-wide","161000","TAC","Toronto Arts Council","2023"
1634,"International Readings at Harbourfront (o/a TIFA, for Toronto Lit Up)","1","Spadina - Fort York","City-wide","150000","TAC","Toronto Arts Council","2023"
1635,"Ipsita Nova Dance Projects","1 of 2","Davenport","City-wide","34000","TAC","Toronto Arts Council","2023"
1636,"Ipsita Nova Dance Projects","2 of 2","Davenport","Local","26400","TAC","Toronto Arts Council","2023"
1637,"Iranian Women's Organization of Ontario","1","Don Valley North","City-wide","41134.24","CSP","Social Development, Finance and Administration","2023"
1638,"Islington Seniors' Centre","1","Etobicoke-Lakeshore","Neighbourhood","41531.85","CSP","Social Development, Finance and Administration","2023"
1639,"Ismailova Theatre of Dance","1","York Centre","Local","12500","TAC","Toronto Arts Council","2023"
1640,"It's OK Community Arts","1","University - Rosedale","City-wide","10000","TAC","Toronto Arts Council","2023"
1641,"J MAR Electric","1","Spadina - Fort York","City-wide","12750","TAC","Toronto Arts Council","2023"
1642,"J.R. Wilcox C.S.","1","Toronto - St.Paul's","Local","1000","YCAG","Environment & Climate","2023"
1643,"Jaberi Dance Theatre","1","Toronto - Danforth","City-wide","22000","TAC","Toronto Arts Council","2023"
1644,"Jamii","1","Spadina - Fort York","Local","24000","TAC","Toronto Arts Council","2023"
1645,"Jane Alliance Neighbourhood Services (JANS) & Black Creek Youth Initiative","1","York South-Weston","Local","195799","YVP","Social Development, Finance and Administration","2023"
1646,"Jane and Finch Unity Organization","1","Humber River - Black Creek","Local","4000","NG","Social Development, Finance and Administration","2023"
1647,"Jane Finch Balcony Bloom","1","Humber River - Black Creek","Local","4000","NG","Social Development, Finance and Administration","2023"
1648,"Jane Finch Centre & Think 2wice","1","Etobicoke North","Local","200000","YVP","Social Development, Finance and Administration","2023"
1649,"Jane Finch Community & Family Centre  (Trustee for Heavy Steve)","1","Humber River - Black Creek","Local","5500","CB","Economic Development and Culture","2023"
1650,"Jane Finch Community & Family Centre (Trustee for Concrete Warriors 4)","1","Humber River - Black Creek","Local","5500","CB","Economic Development and Culture","2023"
1651,"Jane Finch Community & Family Centre (Trustee for Troy Budhu)","1","Humber River - Black Creek","Local","5500","CB","Economic Development and Culture","2023"
1652,"Jane/Finch Community and Family Centre","1 of 3","Humber River-Black  Creek","Local","187135.71","CSP","Social Development, Finance and Administration","2023"
1653,"Jane/Finch Community and Family Centre","2 of 3","Humber River-Black Creek","Local","13935","CSP","Social Development, Finance and Administration","2023"
1654,"Jane/Finch Community and Family Centre","3 of 3","Humber River-Black Creek","City-wide","70000","IMM","Social Development, Finance and Administration","2023"
1655,"Japanese Social Services","1","Don Valley East","City-wide","35186.33","CSP","Social Development, Finance and Administration","2023"
1656,"JAYU Festival Inc.","1 of 2","Spadina - Fort York","Local","51800","CB","Economic Development and Culture","2023"
1657,"JAYU Festival Inc.","2 of 2","Spadina - Fort York","City-wide","26000","TAC","Toronto Arts Council","2023"
1658,"Jeng Yi","1 of 2","Willowdale","City-wide","16500","TAC","Toronto Arts Council","2023"
1659,"Jeng Yi","2 of 2","Willowdale","City-wide","10625","TAC","Toronto Arts Council","2023"
1660,"Jenn Forgie","1","Beaches - East York","Neighborhood","10000","IACPF","Economic Development and Culture","2023"
1661,"Jessie's, The June Callwood Centre for Young Women","1","Toronto Centre","City-wide","26427.87","CSP","Social Development, Finance and Administration","2023"
1662,"Joys","1","Davenport","City-wide","4550","TAC","Toronto Arts Council","2023"
1663,"Jr. Entrepreneurs (COVID19 Youth-led)","1","Scarborough-Agincourt","Neighbourhood","5000","CCRF","Social Development, Finance and Administration","2023"
1664,"Jubilate Singers","1","University - Rosedale","City-wide","5000","TAC","Toronto Arts Council","2023"
1665,"Jumblies Theatre","1 of 2","Spadina - Fort York","City-wide","89200","TAC","Toronto Arts Council","2023"
1666,"Jumblies Theatre","2 of 2","Spadina - Fort York","Local","26400","TAC","Toronto Arts Council","2023"
1667,"K.E Residents","1 of 2","York South-Weston","Local","20000","PG","Economic Development and Culture","2023"
1668,"K.E Residents","2 of 2","York South-Weston","Local","5000","CCRF","Social Development, Finance and Administration","2023"
1669,"Kababayan Community Service Centre Inc.","1","Parkdale-High Park","City-wide","40567.77","CSP","Social Development, Finance and Administration","2023"
1670,"Kabenguet Youth Dance Troupe","1","Scarborough Centre","Local","9500","TAC","Toronto Arts Council","2023"
1671,"Kaeja d'Dance","1","University - Rosedale","City-wide","37600","TAC","Toronto Arts Council","2023"
1672,"Kaha:wi Dance Theatre","1","University - Rosedale","Local","45000","TAC","Toronto Arts Council","2023"
1673,"Kamalayan Konsciousness","1","Davenport","City-wide","20000","TAC","Toronto Arts Council","2023"
1674,"Kamias Collective","1","University - Rosedale","City-wide","17600","TAC","Toronto Arts Council","2023"
1675,"Kapisanan Philippine Arts and Culture Centre","1 of 3","Parkdale - High Park","City-wide","15000","TAC","Toronto Arts Council","2023"
1676,"Kapisanan Philippine Arts and Culture Centre","2 of 3","Parkdale - High Park","City-wide","14500","TAC","Toronto Arts Council","2023"
1677,"Kapisanan Philippine Arts and Culture Centre","3 of 3","Parkdale - High Park","City-wide","7500","TAC","Toronto Arts Council","2023"
1678,"Karen Kain School of the Arts","1","Etobicoke - Lakeshore","Local","550","YCAG","Environment & Climate","2023"
1679,"KARLA","1","University - Rosedale","City-wide","3421","TAC","Toronto Arts Council","2023"
1680,"KasheDance","1 of 2","Toronto Centre","City-wide","19500","TAC","Toronto Arts Council","2023"
1681,"KasheDance","2 of 2","Toronto Centre","City-wide","15000","TAC","Toronto Arts Council","2023"
1682,"KCWA Family and Social Services","1","Willowdale","City-wide","47931.84","CSP","Social Development, Finance and Administration","2023"
1683,"Kenworth Group","1","Scarborough Southwest","Neighbourhood","5000","CCRF","Social Development, Finance and Administration","2023"
1684,"KGO Growers","1","Scarborough - Guildwood","Local","4000","NG","Social Development, Finance and Administration","2023"
1685,"Kick Start Arts Society","1 of 2","Don Valley West","Local","51800","CB","Economic Development and Culture","2023"
1686,"Kick Start Arts Society","2 of 2","Don Valley West","Local","13500","TAC","Toronto Arts Council","2023"
1687,"Kids and Youth Program","1","Humber River - Black Creek","Local","4000","NG","Social Development, Finance and Administration","2023"
1688,"Kids with Incarcerated Parents & YAAACE (Youth Association for Academics, Athletics, and Character Education)","1","Humber River-Black Creek","Local","198000","YVP","Social Development, Finance and Administration","2023"
1689,"Kimbourne Community Permaculture Project","1","Beaches - East York","Local","4235","PTCG","Environment & Climate","2023"
1690,"KJ Bit","1","University - Rosedale","City-wide","12000","TAC","Toronto Arts Council","2023"
1691,"Koffler Centre of the Arts","1","Spadina - Fort York","City-wide","40500","TAC","Toronto Arts Council","2023"
1692,"Korean Dance Studies Society of Canada","1 of 2","Don Valley East","City-wide","19940","TAC","Toronto Arts Council","2023"
1693,"Korean Dance Studies Society of Canada","2 of 2","Don Valley East","City-wide","17000","TAC","Toronto Arts Council","2023"
1694,"KWH Youth Initiative","1","Humber River-Black Creek","Neighbourhood","16368","INI","Social Development, Finance and Administration","2023"
1695,"L’Amoreaux Families Group","1","Scarborough - Agincourt","Local","4000","NG","Social Development, Finance and Administration","2023"
1696,"La Passerelle Integration et Development Economique","1  of 2","Toronto Centre","City-Wide","30000","INO","Social Development, Finance and Administration","2023"
1697,"La Passerelle Integration et Development Economique","2 of 2","Toronto Centre","City-wide","76342.35","CSP","Social Development, Finance and Administration","2023"
1698,"lab x","1","Davenport","City-wide","40000","TAC","Toronto Arts Council","2023"
1699,"Labour Education Centre","1","Humber River - Black Creek","Local","1171","PTCG","Environment & Climate","2023"
1700,"Lakeshore Area Multi-Service Project (LAMP)","1 of 3","Etobicoke-Lakeshore","Local","97388.78","CSP","Social Development, Finance and Administration","2023"
1701,"Lakeshore Area Multi-Service Project (LAMP)","2 of 3","Etobicoke-Lakeshore","Local","35000","IMM","Social Development, Finance and Administration","2023"
1702,"Lakeshore Area Multi-services Project (LAMP)","3 of 3","Etobicoke - Lakeshore","Local","150000","TCS","Children's Services","2023"
1703,"Lakeshore Arts","1","Etobicoke - Lakeshore","Local","293057","LASO","Economic Development and Culture","2023"
1704,"Lakeshore Environmental Gardening Society","1","Etobicoke - Lakeshore","Local","4470","PTCG","Environment & Climate","2023"
1705,"L'Am Art Youth Group","1","Scarborough-Agincourt","Neighbourhood","16974","INI","Social Development, Finance and Administration","2023"
1706,"Lao Association of Ontario","1","York Centre","City-wide","38013.22","CSP","Social Development, Finance and Administration","2023"
1707,"LatAM","1","Spadina - Fort York","Local","83861","BIC","Economic Development and Culture","2023"
1708,"Latin American Art Projects","1","Spadina - Fort York","City-wide","25000","TAC","Toronto Arts Council","2023"
1709,"Latvian Senior Citizens' Association","1","Don Valley East","City-wide","13540.75","CSP","Social Development, Finance and Administration","2023"
1710,"Le Laboratoire d'Art","1","Spadina - Fort York","City-wide","18000","TAC","Toronto Arts Council","2023"
1711,"Le Theatre francais de Toronto","1","University - Rosedale","City-wide","115000","TAC","Toronto Arts Council","2023"
1712,"LEAF - Local Enhancement and Appreciation of Forests","1 of 4","University - Rosedale","Local","4050","PTCG","Environment & Climate","2023"
1713,"LEAF - Local Enhancemnt and Appreciation of Forests","2 of 4","Toronto - St.Paul's","City-wide","100000","FOR","Parks, Forestry & Recreation","2023"
1714,"LEAF - Local Enhancemnt and Appreciation of Forests","3 of 4","Toronto - St.Paul's","City-wide","32000","FOR","Parks, Forestry & Recreation","2023"
1715,"LEAF - Local Enhancemnt and Appreciation of Forests","4 of 4","Etobicoke North, Humber River - Black Creek, University Rosedale, Toronto Centre, Etobicoke North, Parkdale - High Park, Scarborough Southwest, Scarborough - Centre, Scarborough - Agincourt, Scarborough - Guildwood","City-wide","55000","FOR","Parks, Forestry & Recreation","2023"
1716,"League of Canadian Poets","1","University - Rosedale","City-wide","19100","TAC","Toronto Arts Council","2023"
1717,"Learning Disabilities Association of Toronto","1","Willowdale","City-wide","72197.33","CSP","Social Development, Finance and Administration","2023"
1718,"lemonade stand collective","1","Don Valley North","City-wide","7705","TAC","Toronto Arts Council","2023"
1719,"Les Centres d'Accueil Heritage","1","Spadina-Fort York","City-wide","73155.97","CSP","Social Development, Finance and Administration","2023"
1720,"Lesbian Gay Bi Trans Youth Line","1","Toronto Centre","City-wide","51041.97","CSP","Social Development, Finance and Administration","2023"
1721,"Liaison of Independent Filmmakers of Toronto","1","Davenport","City-wide","82000","TAC","Toronto Arts Council","2023"
1722,"Lifted by Purpose","1","Spadina - Fort York","Local","30000","INO","Social Development, Finance and Administration","2023"
1723,"Lights out Basketball Academy","1","Scarborough-Rouge Park","Local","5000","CCRF","Social Development, Finance and Administration","2023"
1724,"LIL SIS","1","Spadina - Fort York","Local","51800","CB","Economic Development and Culture","2023"
1725,"Link Music Lab","1","University - Rosedale","City-wide","10800","TAC","Toronto Arts Council","2023"
1726,"Little Pear Garden Dance Company","1","Don Valley North","City-wide","18000","TAC","Toronto Arts Council","2023"
1727,"Live Care Team","1","Humber River - Black Creek","Local","4000","NG","Social Development, Finance and Administration","2023"
1728,"Live Happily Live Healthily (Sống Vui Sống Khỏe)","1","Davenport","Local","4000","NG","Social Development, Finance and Administration","2023"
1729,"Living Improvement for the People","1","York South-Weston","Local","4000","NG","Social Development, Finance and Administration","2023"
1730,"Llalín Collective","1","Eglinton - Lawrence","Local","7500","TAC","Toronto Arts Council","2023"
1731,"Lonely Child Project","1","Davenport","City-wide","7000","TAC","Toronto Arts Council","2023"
1732,"Long Branch Neigbourhood Association","1 of 2","Etobicoke - Lakeshore","Neighbourhood","49800","FOR","Parks, Forestry & Recreation","2023"
1733,"Long Branch Neighbourhood Association","2 of 2","Etobicoke - Lakeshore","Neighbourhood","500","FOR","Parks, Forestry & Recreation","2023"
1734,"Long Winter","1","Davenport","City-wide","20000","TAC","Toronto Arts Council","2023"
1735,"Loop Sessions Toronto","1","Toronto - Danforth","City-wide","13500","TAC","Toronto Arts Council","2023"
1736,"Loyola Arrupe Centre for Seniors (LA Centre for Active Living 55+)","1","Davenport","City-wide","26493.23","CSP","Social Development, Finance and Administration","2023"
1737,"Lua Shayenne Dance Company","1","Toronto - Danforth","City-wide","20000","TAC","Toronto Arts Council","2023"
1738,"Lula Music and Arts Centre","1","Davenport","City-wide","75000","TAC","Toronto Arts Council","2023"
1739,"Lumacare Services","1 of 3","Humber River-Black Creek","Local","110000","IMM","Social Development, Finance and Administration","2023"
1740,"Lumacare Services","2 of 3","Humber River-Black Creek","City-wide","13935","CSP","Social Development, Finance and Administration","2023"
1741,"Lumacare Services","3 of 3","Humber River-Black  Creek","City-wide","102525.1","CSP","Social Development, Finance and Administration","2023"
1742,"Maawnj Jiigbiik","1","Etobicoke - Lakeshore","City Wide","20000","CBICGG","Indigenous Affairs Office","2023"
1743,"MABELLEarts","1 of 2","Davenport","Local","30000","TAC","Toronto Arts Council","2023"
1744,"MABELLEarts","2 of 2","Davenport","Local","35000","TAC","Toronto Arts Council","2023"
1745,"Macaulay","1","Parkdale - High Park","Local","150000","TCS","Children's Services","2023"
1746,"Makers Collective","1","Scarborough-Guildwood","City-wide","14600","TAC","Toronto Arts Council","2023"
1747,"Malakai Lafond-Wright and Aaliyah Wright (COVID19 Youth-Led)","1","Scarborough-Agincourt","Neighbourhood","5000","CCRF","Social Development, Finance and Administration","2023"
1748,"Malvern Family Resource  Centre","1 of 4","Scarborough-Rouge Park","Local","4800","NG","Social Development, Finance and Administration","2023"
1749,"Malvern Family Resource Centre","2 of 4","Scarborough - Rouge Park","Local","100000","TCS","Children's Services","2023"
1750,"Malvern Family Resource Centre","3 of 4","Scarborough-Rouge Park","Local","234081.68","CSP","Social Development, Finance and Administration","2023"
1751,"Malvern Family Resource Centre","4 of 4","Scarborough-Rouge Park","Local","300000","CSP","Social Development, Finance and Administration","2023"
1752,"Malvern Family Resource Centre - 42 Voices","1","Scarborough North, Scarborough Guildwood, Scarborough - Rouge Park","Neighbourhood","7500","NCAG","Environment & Climate","2023"
1753,"Malvern Family Resource Centre - Empowering Young Women","1","Scarborough - Agincourt","Neighbourhood","7496","NCAG","Environment & Climate","2023"
1754,"Malvern Family Resource Centre- Chinese Community in Scarborough (CCIS)","1","Scarborough North, Scarborough - Agincourt, Scarborough Centre","Neighbourhood","6200","NCAG","Environment & Climate","2023"
1755,"Malvern Rise Up (COVID19 Youth-led)","1","Scarborough North","Neighbourhood","5000","CCRF","Social Development, Finance and Administration","2023"
1756,"Mama's Healing Garden","1","Etobicoke North","Neighbourhood","30000","INO","Social Development, Finance and Administration","2023"
1757,"Mammalian Diving Reflex Theatre Group","1","Spadina - Fort York","Local","25000","TAC","Toronto Arts Council","2023"
1758,"Manifesto Community Projects Inc.","1","Spadina - Fort York","City-wide","43000","TAC","Toronto Arts Council","2023"
1759,"Manitou","1","Don Valley East","City Wide","20000","CBICGG","Indigenous Affairs Office","2023"
1760,"Massey Centre for Women, The","1","Toronto-Danforth","City-wide","32800.63","CSP","Social Development, Finance and Administration","2023"
1761,"Mayworks Festival","1 of 2","University - Rosedale","City-wide","18000","TAC","Toronto Arts Council","2023"
1762,"Mayworks Festival","2 of 2","University - Rosedale","City-wide","25000","TAC","Toronto Arts Council","2023"
1763,"McMurrich JPS","1","Toronto - St.Paul's","Local","1000","YCAG","Environment & Climate","2023"
1764,"Media Arts Network of Ontario","1","Davenport","City-wide","24500","TAC","Toronto Arts Council","2023"
1765,"Mental Health Matters","1","Scarborough-Guildwood","Local","17000","INI","Social Development, Finance and Administration","2023"
1766,"Mercer Union, A Centre for Contemporary Visual Art","1","Davenport","City-wide","72500","TAC","Toronto Arts Council","2023"
1767,"Metropolitan Action Committee on Violence Against Women and Children (METRAC: Action on Violence)","1","University-Rosedale","City-wide","371471.77","CSP","Social Development, Finance and Administration","2023"
1768,"Mgizi Basketball Program","1","Toronto Centre","City Wide","20000","CBICGG","Indigenous Affairs Office","2023"
1769,"Michele Lonechild","1","Eglinton - Lawrence","Neighborhood","30000","IACPF","Economic Development and Culture","2023"
1770,"MichiSaagiig Jiimaaneg","1","City-Wide","Local","17000","ICAG","Environment & Climate","2023"
1771,"Midynta & Mending a Crack in the Sky","1","York South-Weston","Local","200000","YVP","Social Development, Finance and Administration","2023"
1772,"Mike Lorenc","1","Spadina - Fort York","Local","60000","StART PP","Transportation","2023"
1773,"Mixed Company Theatre","1","Toronto - St. Paul’s","City-wide","18825","TAC","Toronto Arts Council","2023"
1774,"Mixtape Projects","1","Toronto - St. Paul's","City-wide","8003","TAC","Toronto Arts Council","2023"
1775,"Mobile Arts Programming Association","1","Davenport","Local","7000","TAC","Toronto Arts Council","2023"
1776,"Modern Batik Couture","1","York Centre","Local","13500","TAC","Toronto Arts Council","2023"
1777,"Modern Times Stage Company","1","Spadina - Fort York","City-wide","42000","TAC","Toronto Arts Council","2023"
1778,"Momiji Health Care Society","1","Scarborough-Guildwood","City-wide","43345.63","CSP","Social Development, Finance and Administration","2023"
1779,"Mood Disorders Association of Ontario and Toronto","1","Eglinton-Lawrence","City-wide","21128.13","CSP","Social Development, Finance and Administration","2023"
1780,"Moonhorse Dance Theatre","1","Toronto Centre","City-wide","15000","TAC","Toronto Arts Council","2023"
1781,"Moonpools Art","1","York - South Weston","Local","15000","TAC","Toronto Arts Council","2023"
1782,"Mothers of Peace Regent Park","1  of 2","Toronto Centre","Local","8000","PG","Social Development, Finance and Administration","2023"
1783,"Mothers of Peace Regent Park","2 of 2","Toronto Centre","City-Wide","30000","INO","Social Development, Finance and Administration","2023"
1784,"Moveable Beast","1","Davenport","City-wide","15000","TAC","Toronto Arts Council","2023"
1785,"Mural Routes Inc.","1 of 2","Scarborough Southwest","City-wide","33000","TAC","Toronto Arts Council","2023"
1786,"Mural Routes Inc.","2 of 2","Scarborough Southwest","City-wide","45000","TAC","Toronto Arts Council","2023"
1787,"Museum of Contemporary Art Toronto (MOCA Toronto)","1","Davenport","Neighborhood","321313","COOP","Economic Development and Culture","2023"
1788,"Music Africa of Canada Inc.","1","Toronto - St. Paul’s","City-wide","43375","TAC","Toronto Arts Council","2023"
1789,"Music From Hope","1","Toronto - Danforth","Local","13000","TAC","Toronto Arts Council","2023"
1790,"Music Mondays Community Series","1","Toronto Centre","City-wide","4968","TAC","Toronto Arts Council","2023"
1791,"Music Toronto","1","Toronto Centre","City-wide","55360","TAC","Toronto Arts Council","2023"
1792,"Musicals Reimagined","1","Toronto - St. Paul’s","City-wide","14000","TAC","Toronto Arts Council","2023"
1793,"MUSICLINKS COMMUNITY CANADA","1","York South-Weston","Local","30000","INO","Social Development, Finance and Administration","2023"
1794,"Muslim Freedom Fund","1","Don Valley East","Local","4000","NG","Social Development, Finance and Administration","2023"
1795,"NACI Robotics","1","Etobicoke North","Neighbourhood","7500","INI","Social Development, Finance and Administration","2023"
1796,"Nagata Shachu Japanese Taiko and Music Group","1","Scarborough North","City-wide","26000","TAC","Toronto Arts Council","2023"
1797,"Nairn Pollinators","1","Davenport","Local","4755","PTCG","Environment & Climate","2023"
1798,"National Shevchenko Musical Ensemble Guild of Canada","1","University - Rosedale","City-wide","6750","TAC","Toronto Arts Council","2023"
1799,"Native Canadian Centre of Toronto","1","University-Rosedale","City-wide","172674.45","CSP","Social Development, Finance and Administration","2023"
1800,"Native Child and Family Services of Toronto","1","Toronto Centre","City-wide","140587.35","CSP","Social Development, Finance and Administration","2023"
1801,"Native Earth Performing Arts Inc.","1","Toronto Centre","City-wide","100000","TAC","Toronto Arts Council","2023"
1802,"Native Women in the Arts","1","Spadina - Fort York","City-wide","40000","TAC","Toronto Arts Council","2023"
1803,"Native Women's Resource Centre","1","Toronto Centre","City-wide","107857.53","CSP","Social Development, Finance and Administration","2023"
1804,"Necessary Angel Theatre Company","1","Spadina - Fort York","City-wide","60300","TAC","Toronto Arts Council","2023"
1805,"Neighbourhood Arts Network","1 of 2","Spadina - Fort York","City-wide","130000","TAC","Toronto Arts Council","2023"
1806,"Neighbourhood Arts Network","2 of 2","Spadina - Fort York","City-wide","130000","TAC","Toronto Arts Council","2023"
1807,"Neighbourhood Developing Careers","1","Scarborough Centre","Local","30000","INO","Social Development, Finance and Administration","2023"
1808,"Neilson Community Gardeners","1","Scarborough – Rouge Park","Local","4000","NG","Social Development, Finance and Administration","2023"
1809,"Neilson Park Creative Centre","1","Etobicoke Centre","City-wide","20000","TAC","Toronto Arts Council","2023"
1810,"New Canadian Community Centre","1","Scarborough-Agincourt","City-wide","53106.3","CSP","Social Development, Finance and Administration","2023"
1811,"New Friends DIY","1","University - Rosedale","Local","4218","TAC","Toronto Arts Council","2023"
1812,"New Music Concerts","1","Spadina - Fort York","City-wide","52250","TAC","Toronto Arts Council","2023"
1813,"New Tradition Music","1","Humber River - Black Creek","Local","13500","TAC","Toronto Arts Council","2023"
1814,"Newcomer Kitchen","1","Spadina - Fort York","Local","20000","BIC","Economic Development and Culture","2023"
1815,"Newcomer Women's Services Toronto","1","Toronto-Danforth","City-wide","50671.58","CSP","Social Development, Finance and Administration","2023"
1816,"Newmarket Ave Pollinator Pathway","1","Beaches - East York","Local","3652","PTCG","Environment & Climate","2023"
1817,"Next Generation Arts","1","Scarborough - Guildwood","Local","51800","CB","Economic Development and Culture","2023"
1818,"NExT: Newcomer Education by Theatre","1","Toronto - St. Paul's","City-wide","18000","TAC","Toronto Arts Council","2023"
1819,"Nia Centre for the Arts","1 of 2","Toronto-St Paul's","Local","20000","PG","Economic Development and Culture","2023"
1820,"Nia Centre for the Arts","2 of 2","Toronto - St. Paul’s","City-wide","47000","TAC","Toronto Arts Council","2023"
1821,"Nightswimming Repertory Theatre","1","Spadina - Fort York","Local","19000","TAC","Toronto Arts Council","2023"
1822,"Nightwood Theatre","1","Toronto Centre","City-wide","77000","TAC","Toronto Arts Council","2023"
1823,"Nimahkikiike (we make medicine)","1","Toronto - Danforth","Local","4000","PTCG","Environment & Climate","2023"
1824,"NIP Information Post (Neighbourhood Information Post)","1","Toronto Centre","Neighbourhood","48541.88","CSP","Social Development, Finance and Administration","2023"
1825,"Nish Cultural Cuzzins","1","Toronto - St.Paul's","City Wide","20000","CBICGG","Indigenous Affairs Office","2023"
1826,"Nishnawbe Homes","1","Toronto Centre","City wide","28800","NG","Social Development, Finance and Administration","2023"
1827,"Nobellum Enterprise (UoT)","1","Scarborough-Rouge Park","Local","20000","BIC","Economic Development and Culture","2023"
1828,"North Etobicoke Resident Council","1","Etobicoke North","Local","4000","NG","Social Development, Finance and Administration","2023"
1829,"North York Arts","1 of 2","Willowdale","Local","287240","LASO","Economic Development and Culture","2023"
1830,"North York Arts","2 of 2","Willowdale","Local","35180","LASO","Economic Development and Culture","2023"
1831,"North York Arts (Trustee for Mindy Huynh (Dasmingle))","1","Willowdale","Local","2000","CB","Economic Development and Culture","2023"
1832,"North York Community House","1 of 2","Eglinton-Lawrence","Local","252007.1","CSP","Social Development, Finance and Administration","2023"
1833,"North York Community House","2 of 2","Eglinton-Lawrence","Local","125000","IMM","Social Development, Finance and Administration","2023"
1834,"North York Harvest Food Bank","1","York South-Weston","City-wide","28154.51","CSP","Social Development, Finance and Administration","2023"
1835,"North York Seniors Centre","1","Willowdale","Neighbourhood","109458.9","CSP","Social Development, Finance and Administration","2023"
1836,"North York Women's Resource Centre","1","York South-Weston","Local","60132.67","CSP","Social Development, Finance and Administration","2023"
1837,"Northern Visions Independent Video & Film Association","1","Spadina - Fort York","City-wide","58000","TAC","Toronto Arts Council","2023"
1838,"Northview Heights Secondary School","1","York Centre","Local","1000","YCAG","Environment & Climate","2023"
1839,"Norway Junior Public School","1","Beaches - East York","Local","3800","PTCG","Environment & Climate","2023"
1840,"Nowadays Theatre","1","Willowdale","City-wide","15000","TAC","Toronto Arts Council","2023"
1841,"Nzuko Senior Circle","1","Scarborough North","Local","4000","NG","Social Development, Finance and Administration","2023"
1842,"Oakwood Vaughan Community Organization","1","Toronto - St.Paul's","Neighbourhood","250","FOR","Parks, Forestry & Recreation","2023"
1843,"Obsidian Theatre Company Inc.","1","Toronto - Danforth","City-wide","75000","TAC","Toronto Arts Council","2023"
1844,"OCAD U","1","Spadina - Fort York","Local","20000","BIC","Economic Development and Culture","2023"
1845,"OCASI - Ontario Council of Agencies Serving Immigrants","1","Eglinton-Lawrence","City-wide","33813.73","CSP","Social Development, Finance and Administration","2023"
1846,"Oddside Arts","1","Spadina-Fort York","Local","22000","PG","Economic Development and Culture","2023"
1847,"Odemikaan","1","Etobicoke North","City Wide","20000","CBICGG","Indigenous Affairs Office","2023"
1848,"Odo Women","1","Humber River - Black Creek","Local","4000","NG","Social Development, Finance and Administration","2023"
1849,"Odum Tree Initiatives","1","Scarborough - Guildwood","Local","4000","NG","Social Development, Finance and Administration","2023"
1850,"One Mic Educators","1","Willowdale","City-wide","8000","TAC","Toronto Arts Council","2023"
1851,"One Mission Charity","1","Spadina - Fort York","City-wide","6200","TAC","Toronto Arts Council","2023"
1852,"One Perfect Day Collective","1","Toronto - St. Paul's","Local","8554","TAC","Toronto Arts Council","2023"
1853,"Onsite Gallery at OCAD University","1","Spadina - Fort York","City-wide","15000","TAC","Toronto Arts Council","2023"
1854,"Ontario Association of Art Galleries","1","Spadina - Fort York","City-wide","24000","TAC","Toronto Arts Council","2023"
1855,"Ontario Culture Days","1","Spadina - Fort York","Local","10000","TAC","Toronto Arts Council","2023"
1856,"Oor Place","1","Davenport","Local","5000","CCRF","Social Development, Finance and Administration","2023"
1857,"Open Book Foundation","1","University - Rosedale","City-wide","19000","TAC","Toronto Arts Council","2023"
1858,"Open Heart Surgery Theatre","1","Davenport","City-wide","14000","TAC","Toronto Arts Council","2023"
1859,"Open Jam Collective","1","University - Rosedale","City-wide","14619","TAC","Toronto Arts Council","2023"
1860,"Open Studio","1","Spadina - Fort York","City-wide","73000","TAC","Toronto Arts Council","2023"
1861,"Opera Atelier","1","Toronto Centre","City-wide","68400","TAC","Toronto Arts Council","2023"
1862,"Opera in Concert","1","Toronto - Danforth","City-wide","30000","TAC","Toronto Arts Council","2023"
1863,"Opera Revue","1","Davenport","City-wide","4193","TAC","Toronto Arts Council","2023"
1864,"Opportunity For Advancement","1","Davenport","City-wide","56276.34","CSP","Social Development, Finance and Administration","2023"
1865,"Orchestra Toronto","1","Willowdale","City-wide","22000","TAC","Toronto Arts Council","2023"
1866,"Organization of Calypso Performing Artistes (OCPA)","1","Scarborough Southwest","City-wide","16500","TAC","Toronto Arts Council","2023"
1867,"Oriana Women's Choir","1","Toronto - Danforth","City-wide","18000","TAC","Toronto Arts Council","2023"
1868,"Orpheus Choir of Toronto","1","Toronto - St. Paul’s","City-wide","27000","TAC","Toronto Arts Council","2023"
1869,"Orton Park - Residents for Residents","1","Scarborough-Guildwood","Neighbourhood","5000","CCRF","Social Development, Finance and Administration","2023"
1870,"Oshkaabewisuk","1 of 2","Beaches - East York","City Wide","20000","CBICGG","Indigenous Affairs Office","2023"
1871,"Oshkaabewisuk","2 of 2","City-Wide","Local","15000","ICAG","Environment & Climate","2023"
1872,"Ossington Old Orchard Parent Council","1","Spadina - Fort York","Local","3860","PTCG","Environment & Climate","2023"
1873,"Our Lady of Peace Elementary School","1","Etobicoke Centre","Local","3800","PTCG","Environment & Climate","2023"
1874,"Our Lady Of Sorrows School","1","Etobicoke - Lakeshore","Local","5000","PTCG","Environment & Climate","2023"
1875,"Out The Trenches Movement INC.","1","Scarborough Centre","Local","30000","INO","Social Development, Finance and Administration","2023"
1876,"Outreach Community Program","1","York South-Weston","Local","4000","NG","Social Development, Finance and Administration","2023"
1877,"Outside Looking In","1","Spadina - Fort York","City-wide","13000","TAC","Toronto Arts Council","2023"
1878,"Outside the March Theatre Company Inc","1","Davenport","City-wide","23000","TAC","Toronto Arts Council","2023"
1879,"Own Your Impact","1","Scarborough-Guildwood","Local","5000","CCRF","Social Development, Finance and Administration","2023"
1880,"P.S. - a Producer Showcase for women/trans/nb producers and beatmakers","1","University - Rosedale","City-wide","3000","TAC","Toronto Arts Council","2023"
1881,"Pack Animal","1","Davenport","City-wide","6500","TAC","Toronto Arts Council","2023"
1882,"PAL-Reading Services Inc.","1","Toronto Centre","City-wide","18737","CSP","Social Development, Finance and Administration","2023"
1883,"Pan Arts Network","1","Scarborough - Rouge Park","City-wide","10000","TAC","Toronto Arts Council","2023"
1884,"Pantheon Projects","1","Spadina - Fort York","City-wide","12738","TAC","Toronto Arts Council","2023"
1885,"Paprika Theatre Festival","1","Spadina - Fort York","City-wide","19000","TAC","Toronto Arts Council","2023"
1886,"Parc Downsview Park Inc","1","York Centre","Neighbourhood","49000","FOR","Parks, Forestry & Recreation","2023"
1887,"Parkdale Center for Innovation","1","Parkdale - High Park","Local","50000","BIC","Economic Development and Culture","2023"
1888,"Parkdale Golden Age Foundation","1","Parkdale-High Park","Neighbourhood","68411.8","CSP","Social Development, Finance and Administration","2023"
1889,"Parkdale Intercultural Association (Toronto)","1","Parkdale-High Park","Neighbourhood","78771.62","CSP","Social Development, Finance and Administration","2023"
1890,"Parkdale Youth Group (COVID19 Youth-led)","1","Parkdale-High Park","Neighbourhood","5000","CCRF","Social Development, Finance and Administration","2023"
1891,"Parlous Theatre","1","University - Rosedale","City-wide","17000","TAC","Toronto Arts Council","2023"
1892,"Parul Gupta Dance Works Inc.","1","Toronto - St. Paul’s","City-wide","7000","TAC","Toronto Arts Council","2023"
1893,"paul watson productions","1","Toronto - Danforth","City-wide","13400","TAC","Toronto Arts Council","2023"
1894,"Pax Christi Chorale","1","Don Valley North","City-wide","20000","TAC","Toronto Arts Council","2023"
1895,"Pelham Park","1","Davenport","Neighbourhood","5000","CCRF","Social Development, Finance and Administration","2023"
1896,"Pemmican Collective","1 of 2","Toronto Centre","City-wide","10000","TAC","Toronto Arts Council","2023"
1897,"Pemmican Collective","2 of 2","Toronto Centre","City-wide","13000","TAC","Toronto Arts Council","2023"
1898,"PEN Canada","1","Spadina - Fort York","City-wide","4500","TAC","Toronto Arts Council","2023"
1899,"Pinceles Latinos Art Studio","1","Humber River - Black Creek","Local","7000","TAC","Toronto Arts Council","2023"
1900,"Planet in Focus","1","Spadina - Fort York","City-wide","25000","TAC","Toronto Arts Council","2023"
1901,"Plantains and Plátanos Collective","1","Etobicoke - Lakeshore","City-wide","6500","TAC","Toronto Arts Council","2023"
1902,"Play day organizers","1","Eglinton-Lawrence","Neighbourhood","5000","CCRF","Social Development, Finance and Administration","2023"
1903,"Play Forever","1","All Wards","Neighbourhood","10000","INI","Social Development, Finance and Administration","2023"
1904,"Playwrights Guild of Canada","1","Spadina - Fort York","City-wide","25000","TAC","Toronto Arts Council","2023"
1905,"Pleiades Theatre","1","Spadina - Fort York","City-wide","18400","TAC","Toronto Arts Council","2023"
1906,"Plutarco “Chico” Pacheco","1","University - Rosedale","Neighborhood","5000","IACPF","Economic Development and Culture","2023"
1907,"ponyHAUS","1","University - Rosedale","City-wide","15000","TAC","Toronto Arts Council","2023"
1908,"pounds per square inch performance","1","Davenport","City-wide","18000","TAC","Toronto Arts Council","2023"
1909,"Power of Love Foundation Canada","1","Etobicoke Centre","Neighbourhood","17000","INI","Social Development, Finance and Administration","2023"
1910,"Prairie Drive Park","1","Scarborough Southwest","Local","4000","NG","Social Development, Finance and Administration","2023"
1911,"PRATIBHA ARTS","1","Spadina - Fort York","City-wide","17000","TAC","Toronto Arts Council","2023"
1912,"ProArteDanza Performance Inc","1","Toronto - Danforth","City-wide","15000","TAC","Toronto Arts Council","2023"
1913,"Professional Association of Canadian Theatres","1","Spadina - Fort York","City-wide","8000","TAC","Toronto Arts Council","2023"
1914,"Progress Place/Community Place Hub","1","York South-Weston","Neighbourhood","5000","CCRF","Social Development, Finance and Administration","2023"
1915,"Project ReDefine Arts","1 of 2","Toronto - Danforth","City-wide","26000","TAC","Toronto Arts Council","2023"
1916,"Project ReDefine Arts","2 of 2","Toronto - Danforth","City-wide","68000","TAC","Toronto Arts Council","2023"
1917,"Project: Humanity Inc.","1","Eglinton - Lawrence","Local","12750","TAC","Toronto Arts Council","2023"
1918,"Prologue to the Performing Arts","1 of 2","Spadina - Fort York","City-wide","35000","TAC","Toronto Arts Council","2023"
1919,"Prologue to the Performing Arts (for Artists in the Schools)","2 of 2","Spadina - Fort York","City-wide","160000","TAC","Toronto Arts Council","2023"
1920,"Promise Collective","1","Etobicoke - Lakeshore","City-wide","8500","TAC","Toronto Arts Council","2023"
1921,"Promoting Education and Community Health (PEACH)","1  of 2","Humber River-Black Creek","City-Wide","30000","INO","Social Development, Finance and Administration","2023"
1922,"Promoting Education and Community Health (PEACH)","2 of 2","Humber River-Black  Creek","Neighbourhood","71963.12","CSP","Social Development, Finance and Administration","2023"
1923,"Prosserman Jewish Community Centre","1","York Centre","City-wide","16100.75","CSP","Social Development, Finance and Administration","2023"
1924,"Public Recordings Performance Projects","1","Parkdale - High Park","City-wide","20400","TAC","Toronto Arts Council","2023"
1925,"Puppetmongers Theatre","1","University - Rosedale","City-wide","16000","TAC","Toronto Arts Council","2023"
1926,"Quinn Hopkins","1","Parkdale - High Park","Neighborhood","30000","IACPF","Economic Development and Culture","2023"
1927,"Racial Justice Fund","1 of 2","Davenport","City-wide","13500","TAC","Toronto Arts Council","2023"
1928,"Racial Justice Fund","2 of 2","Davenport","City-wide","16700","TAC","Toronto Arts Council","2023"
1929,"Raging Asian Women Taiko Drummers","1 of 2","York - South Weston","City-wide","20000","TAC","Toronto Arts Council","2023"
1930,"Raging Asian Women Taiko Drummers","2 of 2","York - South Weston","City-wide","20000","TAC","Toronto Arts Council","2023"
1931,"Rainbow's Pride in Scarborough","1","Spadina - Fort York","City-wide","19998","TAC","Toronto Arts Council","2023"
1932,"Ralph Thornton Community Centre","1","Toronto-Danforth","Neighbourhood","41477.38","CSP","Social Development, Finance and Administration","2023"
1933,"RastaFest (Trustee for Clifton Joseph)","1","Eglinton-Lawrence","Local","9900","PG","Economic Development and Culture","2023"
1934,"Rays of Sonshine","1","Scarborough – Rouge Park","Local","4000","NG","Social Development, Finance and Administration","2023"
1935,"RC3 Garden Group","1","Toronto Centre","Local","4400","PTCG","Environment & Climate","2023"
1936,"RCAD Initiative","1","Toronto Centre","Local","8000","PG","Social Development, Finance and Administration","2023"
1937,"REAson d'etre dance productions","1","Parkdale - High Park","City-wide","17000","TAC","Toronto Arts Council","2023"
1938,"Rebuilding our Youth Retreat (COVID19 Youth-led)","1","Etobicoke North","Local","5000","CCRF","Social Development, Finance and Administration","2023"
1939,"Red Pepper Spectacle Arts","1","University - Rosedale","City-wide","40000","TAC","Toronto Arts Council","2023"
1940,"Red Sky Performance","1","Spadina - Fort York","City-wide","50000","TAC","Toronto Arts Council","2023"
1941,"Redbred","1","Don Valley East","City Wide","20000","CBICGG","Indigenous Affairs Office","2023"
1942,"ReelAbilities Film Festival Toronto","1","University - Rosedale","City-wide","50000","TAC","Toronto Arts Council","2023"
1943,"Reelworld Screen Institute","1","Toronto Centre","City-wide","8500","TAC","Toronto Arts Council","2023"
1944,"Regenesis York","1","Humber River - Black Creek, Etobicoke NorthYork South - Weston, Don Valley North","Local","28052","FOR","Parks, Forestry & Recreation","2023"
1945,"Regent Park Community Health Centre","1","Toronto Centre","Neighbourhood","150000","TCS","Children's Services","2023"
1946,"Regent Park Film Festival","1","Toronto Centre","Local","36000","TAC","Toronto Arts Council","2023"
1947,"Regent Park Film Festival (Trustee for Lori Beazer)","2 of 2","Toronto Centre","Local","15750","CB","Economic Development and Culture","2023"
1948,"Regent Park Film Festival (Trustee for Lori Beazer)","1 of 2","Toronto Centre","Local","11000","PG","Economic Development and Culture","2023"
1949,"Regent park Youth Council (COVID19 Youth-led)","1","Toronto Centre","Neighbourhood","5000","CCRF","Social Development, Finance and Administration","2023"
1950,"Residences of the World Trade Centre (RWTC) Ageing Well Group","1","Spadina – Fort York","Local","4000","NG","Social Development, Finance and Administration","2023"
1951,"Resident First Animators","1","Eglinton - Lawrence","Local","4000","NG","Social Development, Finance and Administration","2023"
1952,"Residents of Emmett Avenue","1","York South-Weston","Local","4000","NG","Social Development, Finance and Administration","2023"
1953,"ReSistering","1","Parkdale - High Park","Local","20000","TAC","Toronto Arts Council","2023"
1954,"Rewilders","1","University - Rosedale","Local","3580","PTCG","Environment & Climate","2023"
1955,"Rexdale Community Health Centre","1  of 4","Etobicoke North","Local","37500","IMM","Social Development, Finance and Administration","2023"
1956,"Rexdale Community Health Centre","2 of 4","Etobicoke North","Local","800000","YVP","Social Development, Finance and Administration","2023"
1957,"Rexdale Community Health Centre","3 of 4","Etobicoke North","Local","182865.42","CSP","Social Development, Finance and Administration","2023"
1958,"Rexdale Community Health Centre","4 of 4","Etobicoke North","Local","150000","IMM","Social Development, Finance and Administration","2023"
1959,"Rexdale Community Health Centre & Think 2wice","1","Etobicoke North","Local","200000","YVP","Social Development, Finance and Administration","2023"
1960,"Rexdale Community Hub","1 of 2","Etobicoke North","Neighbourhood","5000","CCRF","Social Development, Finance and Administration","2023"
1961,"Rexdale Community Hub","2 of 2","Etobicoke North","Local","338491.39","CSP","Social Development, Finance and Administration","2023"
1962,"Rexdale Music Production Project","1","Etobicoke North","Neighbourhood","16548","INI","Social Development, Finance and Administration","2023"
1963,"Rexdale Women's Centre","1","Etobicoke North","Local","117133.43","CSP","Social Development, Finance and Administration","2023"
1964,"Rexdale Youths","1","Etobicoke North","Neighbourhood","4896.04","CCRF","Social Development, Finance and Administration","2023"
1965,"RISE Arts & Community Services","1 of 2","Scarboorugh-Rough Park","Local","24000","CB","Economic Development and Culture","2023"
1966,"RISE Arts and Community Services","2 of 2","Scarborough - Rouge Park","City-wide","35000","TAC","Toronto Arts Council","2023"
1967,"Rise Up","1","Scarborough Southwest","Local","4000","NG","Social Development, Finance and Administration","2023"
1968,"Roseneath Theatre","1","Spadina - Fort York","City-wide","73000","TAC","Toronto Arts Council","2023"
1969,"RT Collective","1","Parkdale - High Park","City-wide","4000","TAC","Toronto Arts Council","2023"
1970,"Runny(bee)de CI Garden Group","1","Parkdale - High Park","Local","3800","PTCG","Environment & Climate","2023"
1971,"Saawan Theatre","1","Humber River - Black Creek","City-wide","13300","TAC","Toronto Arts Council","2023"
1972,"Sackaney Art","1","Scarborough Southwest","City Wide","12210","CBICGG","Indigenous Affairs Office","2023"
1973,"SafeCommunity Watch Eyes wide Open","1","Etobicoke-Lakeshore","Neighbourhood","5000","CCRF","Social Development, Finance and Administration","2023"
1974,"Salon du Livre de Toronto","1","University - Rosedale","City-wide","15000","TAC","Toronto Arts Council","2023"
1975,"Samel Tanz","1","22 Scarborough-Agincourt","City-wide","13000","TAC","Toronto Arts Council","2023"
1976,"San Romanoway Revitalization Association","1 of 3","Humber River-Black Creek","Local","30000","INO","Social Development, Finance and Administration","2023"
1977,"San Romanoway Revitalization Association","2 of 3","Humber River-Black  Creek","Local","94060.78","CSP","Social Development, Finance and Administration","2023"
1978,"San Romanoway Revitalization Association","3 of 3","Humber River-Black Creek","Local","13935","CSP","Social Development, Finance and Administration","2023"
1979,"Sanctuary Toronto","1","Toronto Centre","Neighbourhood","4990","CCRF","Social Development, Finance and Administration","2023"
1980,"Sandra Laronde","1","University - Rosedale","Neighborhood","30000","IACPF","Economic Development and Culture","2023"
1981,"SAVAC","1","Spadina - Fort York","City-wide","50000","TAC","Toronto Arts Council","2023"
1982,"Sawubona Africentric Circle of Support","1","Scarborough - Agincourt","City-Wide","30000","INO","Social Development, Finance and Administration","2023"
1983,"Say Somaali","1","Etobicoke - Lakeshore","Local","30000","INO","Social Development, Finance and Administration","2023"
1984,"Scadding Court Community Centre","1 of 2","Spadina-Fort York","Local","100000","IMM","Social Development, Finance and Administration","2023"
1985,"Scadding Court Community Centre","2 of 2","Spadina-Fort York","Neighbourhood","207435.93","CSP","Social Development, Finance and Administration","2023"
1986,"Scarborough Arts","1 of 2","Scarborough Southwest","Local","297279","LASO","Economic Development and Culture","2023"
1987,"Scarborough Arts","2 of 2","Scarborough Southwest","Local","39820","LASO","Economic Development and Culture","2023"
1988,"Scarborough Centre for Healthy Communities","1 of 3","Scarborough - Guildwood","Local","100000","TCS","Children's Services","2023"
1989,"Scarborough Centre for Healthy Communities","2 of 3","Scarborough-Guildwood","Local","220023.48","CSP","Social Development, Finance and Administration","2023"
1990,"Scarborough Centre for Healthy Communities","3 of 3","Scarborough-Guildwood","Local","150000","IMM","Social Development, Finance and Administration","2023"
1991,"Scarborough Centre for Healthy Communities & The Good Guides","1","Scarborough-Guildwood","Local","200000","YVP","Social Development, Finance and Administration","2023"
1992,"Scarborough Made","1 of 2","Scarborough-Guildwood","Local","20000","TAC","Toronto Arts Council","2023"
1993,"Scarborough Made","2 of 2","Scarborough-Guildwood","Local","15000","TAC","Toronto Arts Council","2023"
1994,"Scarborough Philharmonic Orchestra","1","Scarborough-Guildwood","City-wide","23000","TAC","Toronto Arts Council","2023"
1995,"Scarborough Village Community","1","Scarborough - Guildwood","Local","4000","NG","Social Development, Finance and Administration","2023"
1996,"Scarborough Women's Centre","1","Scarborough-Guildwood","Neighbourhood","43367.42","CSP","Social Development, Finance and Administration","2023"
1997,"Scarbrite Collective","1","Scarborough-Rouge Park","Local","17000","INI","Social Development, Finance and Administration","2023"
1998,"Scarlettwood crt Youth Group (COVID19 Youth-Led)","1","Etobicoke Centre","Neighbourhood","4994.15","CCRF","Social Development, Finance and Administration","2023"
1999,"Scarlettwood Warriors for Change","1","Etobicoke Centre","Local","4000","NG","Social Development, Finance and Administration","2023"
2000,"Second Sleep Stage Creations","1","Willowdale","City-wide","6100","TAC","Toronto Arts Council","2023"
2001,"Secord Garden Committee","1","Beaches - East York","Local","3800","PTCG","Environment & Climate","2023"
2002,"Seneca Hill Public School","3","Don Valley North","Local","3000","YCAG","Environment & Climate","2023"
2003,"Senior Persons Living Connected","1","Scarborough-Agincourt","Local","117618.2","CSP","Social Development, Finance and Administration","2023"
2004,"Senior Tamils' Centre of Ontario","1","Scarborough North","City-wide","70258.27","CSP","Social Development, Finance and Administration","2023"
2005,"Seniors in Forefront","1","Scarborough – Rouge Park","Local","4000","NG","Social Development, Finance and Administration","2023"
2006,"Settlement Assistance and Family Support Services (SAFSS)","1","Scarborough-Guildwood","Local","62044.5","CSP","Social Development, Finance and Administration","2023"
2007,"Shadoozy Art","1","Etobicoke North","Local","4000","NG","Social Development, Finance and Administration","2023"
2008,"Shadowland Theatre","1","Spadina - Fort York","City-wide","20000","TAC","Toronto Arts Council","2023"
2009,"Shakespeare In Action","1 of 2","York - South Weston","City-wide","20000","TAC","Toronto Arts Council","2023"
2010,"Shakespeare In Action","2 of 2","York - South Weston","Local","15000","TAC","Toronto Arts Council","2023"
2011,"Shakespeare in the Ruff","1","University - Rosedale","Local","17000","TAC","Toronto Arts Council","2023"
2012,"Shelley Cares Foundation","1","Scarborough Centre","Local","30000","INO","Social Development, Finance and Administration","2023"
2013,"Sherbourne Street - Moss Park Women's Group","1","Toronto Centre","Neighbourhood","4996","CCRF","Social Development, Finance and Administration","2023"
2014,"Shkaabe Makwa - Centre for Addiction and Mental Health (CAMH)","1","Davenport","Local","7500","ICAG","Environment & Climate","2023"
2015,"Shonah Burns","1","Spadina - Fort York","Neighborhood","30000","IACPF","Economic Development and Culture","2023"
2016,"SICK MUSE ART PROJECTS","1 of 2","Davenport","Local","20000","TAC","Toronto Arts Council","2023"
2017,"SICK MUSE ART PROJECTS","2 of 2","Davenport","Local","10200","TAC","Toronto Arts Council","2023"
2018,"Sick Stories","1","University - Rosedale","Local","11060","TAC","Toronto Arts Council","2023"
2019,"SickKids Centre for Community Mental Health","1","York Centre","Local","150000","TCS","Children's Services","2023"
2020,"Silent Voice Canada Inc.","1","Toronto-St. Paul’s","City-wide","37588.36","CSP","Social Development, Finance and Administration","2023"
2021,"Silk Bath Collective","1","Etobicoke - Lakeshore","City-wide","15000","TAC","Toronto Arts Council","2023"
2022,"Sinfonia Toronto","1","Don Valley North","City-wide","12350","TAC","Toronto Arts Council","2023"
2023,"SING! The Toronto Vocal Arts Festival","1","Beaches - East York","City-wide","7500","TAC","Toronto Arts Council","2023"
2024,"Sir Samuel B Steele JPS","1","Scarborough - Agincourt","Local","1000","YCAG","Environment & Climate","2023"
2025,"Sistema Toronto Academy","1","Parkdale - High Park","Local","7000","TAC","Toronto Arts Council","2023"
2026,"Sister's Circle TO","1","Toronto Centre","Local","16803","INI","Social Development, Finance and Administration","2023"
2027,"SKETCH Working Arts","1 of 2","Spadina - Fort York","Local","24000","CB","Economic Development and Culture","2023"
2028,"SKETCH Working Arts for Street-involved and Homeless Youth","2 of 2","Spadina - Fort York","City-wide","120000","TAC","Toronto Arts Council","2023"
2029,"Skidadu Skwaad","1 of 2","Scarborough - Guildwood","Local","4000","NG","Social Development, Finance and Administration","2023"
2030,"Skidadu Skwaad (COVID19 Youth-led)","2 of 2","Scarborough-Guildwood","Local","5000","CCRF","Social Development, Finance and Administration","2023"
2031,"Small World Music Society","1 of 2","Spadina - Fort York","City-wide","65000","TAC","Toronto Arts Council","2023"
2032,"Small World Music Society","2 of 2","Spadina - Fort York","City-wide","56000","TAC","Toronto Arts Council","2023"
2033,"Smutburger","1","University - Rosedale","City-wide","9050","TAC","Toronto Arts Council","2023"
2034,"Society of Sharing: Inner-City Volunteers","1","Toronto Centre","Local","19450.52","CSP","Social Development, Finance and Administration","2023"
2035,"SoCirC","1","University - Rosedale","City-wide","18000","TAC","Toronto Arts Council","2023"
2036,"Somali Canadian Association of Etobicoke","1 of 2","Etobicoke North","Neighbourhood","30000","INO","Social Development, Finance and Administration","2023"
2037,"Somali Canadian Association of Etobicoke","2 of 2","Etobicoke North","Local","28154.51","CSP","Social Development, Finance and Administration","2023"
2038,"Somali Women’s and Children’s Support Network","1 of 2","Etobicoke North","Local","30000","INO","Social Development, Finance and Administration","2023"
2039,"Somali Women's and Children's Support Network","2 of 2","Etobicoke North","City-wide","48988.52","CSP","Social Development, Finance and Administration","2023"
2040,"Soulpepper Theatre Company","1","Spadina - Fort York","City-wide","461000","TAC","Toronto Arts Council","2023"
2041,"SoundCheck Youth Arts Inc.","1","Eglinton - Lawrence","City-wide","20000","TAC","Toronto Arts Council","2023"
2042,"Soundstreams","1 of 2","Toronto Centre","City-wide","88000","TAC","Toronto Arts Council","2023"
2043,"Soundstreams","2 of 2","Toronto Centre","City-wide","20000","TAC","Toronto Arts Council","2023"
2044,"South Asian Women – North Etobicoke","1","Etobicoke North","Local","4000","NG","Social Development, Finance and Administration","2023"
2045,"South Asian Women's Centre","1","Davenport","City-wide","105526.3","CSP","Social Development, Finance and Administration","2023"
2046,"South Parkdale Community Pollinator Gardeners","1","Parkdale - High Park","Local","4786","PTCG","Environment & Climate","2023"
2047,"South Riverdale Community Health Centre","1","Toronto-Danforth","Local","115030.97","CSP","Social Development, Finance and Administration","2023"
2048,"Southern Currents Film & Video Collective","1","Davenport","City-wide","20000","TAC","Toronto Arts Council","2023"
2049,"Spindle Collective","1","Eglinton - Lawrence","City-wide","8500","TAC","Toronto Arts Council","2023"
2050,"SPRINT Senior Care (SPRINT - Senior People's Resources Toronto)","1","Toronto-St. Paul’s","Local","116120.33","CSP","Social Development, Finance and Administration","2023"
2051,"St. Alban's Boys and Girls Club","1","University-Rosedale","Local","233221.08","CSP","Social Development, Finance and Administration","2023"
2052,"St. Basil-the-Great College School","1","Humber River - Black Creek","Local","2300","PTCG","Environment & Climate","2023"
2053,"St. Clair O'Connor Community Inc.","1","Beaches-East York","Neighbourhood","21580.22","CSP","Social Development, Finance and Administration","2023"
2054,"St. John's Gardening Group","1","Willowdale","Local","3990","PTCG","Environment & Climate","2023"
2055,"St. Matthew's Bracondale House","1","Toronto-St. Paul’s","Neighbourhood","58030.2","CSP","Social Development, Finance and Administration","2023"
2056,"St.Jamestown Youth Group","1","Toronto Centre","Neighbourhood","5000","CCRF","Social Development, Finance and Administration","2023"
2057,"Star Nahwegahbo","1","York South - Weston","Neighborhood","30000","IACPF","Economic Development and Culture","2023"
2058,"Startup Fashion Week","1","Spadina - Fort York","Local","10000","BIC","Economic Development and Culture","2023"
2059,"Stay Golden","1 of 2","Don Valley North","Local","51800","CB","Economic Development and Culture","2023"
2060,"Stay Golden","2 of 2","Scarborough North","Local","10187","TAC","Toronto Arts Council","2023"
2061,"Stay Healthy","1","Beaches – East York","Local","4000","NG","Social Development, Finance and Administration","2023"
2062,"Stella's Place","1","Spadina - Fort York","City-wide","12750","TAC","Toronto Arts Council","2023"
2063,"STEPS Public Art","1 of 3","Spadina-Fort York","Local","9000","PG","Economic Development and Culture","2023"
2064,"STEPS Public Art","2 of 3","Spadina - Fort York","Local","12000","TAC","Toronto Arts Council","2023"
2065,"STEPS Public Art","3 of 3","Spadina - Fort York","Local","20000","TAC","Toronto Arts Council","2023"
2066,"Stolen from Africa","1","Scarborough-Agincourt","City-Wide","30000","INO","Social Development, Finance and Administration","2023"
2067,"Stonegate Community Association","1","Etobicoke-Lakeshore","Local","105384.68","CSP","Social Development, Finance and Administration","2023"
2068,"Storefront Humber Inc.","1","Etobicoke-Lakeshore","Local","69615.55","CSP","Social Development, Finance and Administration","2023"
2069,"Story Planet","1","University - Rosedale","City-wide","8000","TAC","Toronto Arts Council","2023"
2070,"Street Voices","1","Spadina - Fort York","City-wide","7500","TAC","Toronto Arts Council","2023"
2071,"Strive Toronto (Trustee for Sydanie)","2 of 2","York South - Weston","Local","3014","CB","Economic Development and Culture","2023"
2072,"Strive Toronto (Trustee for Sydanie)","1 of 2","York South-Weston","Local","9900","PG","Economic Development and Culture","2023"
2073,"Studio 180 Theatre","1","University - Rosedale","City-wide","17000","TAC","Toronto Arts Council","2023"
2074,"Success Beyond Limits (Trustee for Flaunt It Movement)","1","Humber River - Black Creek","Local","5500","CB","Economic Development and Culture","2023"
2075,"Sugar Plum Collective","1","Toronto - Danforth","City-wide","13500","TAC","Toronto Arts Council","2023"
2076,"SummerWorks Performance Festival","1","Spadina - Fort York","Local","55000","TAC","Toronto Arts Council","2023"
2077,"Sunshine Centres for Seniors","1","University-Rosedale","City-wide","53498.47","CSP","Social Development, Finance and Administration","2023"
2078,"Support Enhance Access Services Centre (S.E.A.S. Centre)","1","Toronto Centre","Local","97993.38","CSP","Social Development, Finance and Administration","2023"
2079,"Sweet Grass Roots Collective","1","Toronto - Danforth","City-wide","25000","TAC","Toronto Arts Council","2023"
2080,"Syme Woolner Neighbourhood and Family Centre","1 of 2","York South-Weston","Local","125000","IMM","Social Development, Finance and Administration","2023"
2081,"Syme Woolner Neighbourhood and Family Centre","2 of 2","York South-Weston","Neighbourhood","126376.65","CSP","Social Development, Finance and Administration","2023"
2082,"Tafelmusik","1","University - Rosedale","City-wide","180000","TAC","Toronto Arts Council","2023"
2083,"Taiaiako’n Historical Preservation Society","1","City-Wide","Local","17000","ICAG","Environment & Climate","2023"
2084,"TAIBU Community Health Centre","1 of 2","Scarborough North","City-Wide","30000","INO","Social Development, Finance and Administration","2023"
2085,"TAIBU Community Health Centre","2 of 2","Scarborough North","City-wide","110000","IMM","Social Development, Finance and Administration","2023"
2086,"Tamogo Foundation","1","Humber River - Black Creek","City-Wide","30000","INO","Social Development, Finance and Administration","2023"
2087,"Tangled Art + Disability","1","Spadina - Fort York","City-wide","50000","TAC","Toronto Arts Council","2023"
2088,"Tapestry Music Theatre","1 of 2","Spadina - Fort York","City-wide","15200","TAC","Toronto Arts Council","2023"
2089,"Tapestry Music Theatre","2 of 2","Spadina - Fort York","City-wide","63000","TAC","Toronto Arts Council","2023"
2090,"Tarragon Theatre","1","Toronto - St. Paul's","City-wide","211500","TAC","Toronto Arts Council","2023"
2091,"Taylor-Massey & Oakridge Community Response Team (TMOCRT) network","1","Beaches-East York","Local","5000","CCRF","Social Development, Finance and Administration","2023"
2092,"TB West Community Services","1","Etobicoke - Lakeshore","City-wide","12750","TAC","Toronto Arts Council","2023"
2093,"TDot Batu Percussion Arts Group Inc.","1","York - South Weston","City-wide","11000","TAC","Toronto Arts Council","2023"
2094,"Team L.E.A.D (Lift, Empower, Aspire, Discover) (COVID19 Youth-led)","1","Scarborough-Guildwood","Neighbourhood","5000","CCRF","Social Development, Finance and Administration","2023"
2095,"Tenant Committee - 101 Humber Blvd S","1","York South-Weston","Neighbourhood","4992.89","CCRF","Social Development, Finance and Administration","2023"
2096,"Tesoc Multicultural Settlement and Community Services","1","Scarborough Centre","City-wide","43623.42","CSP","Social Development, Finance and Administration","2023"
2097,"Textile Museum of Canada","1","Spadina - Fort York","City-wide","72000","TAC","Toronto Arts Council","2023"
2098,"TFCA - Wexford/Maryvale Community Fun Fare","1","Scarborough Centre","Neighbourhood","5000","CCRF","Social Development, Finance and Administration","2023"
2099,"The 266th Toronto Guides","1","Toronto - Danforth","Local","5000","PTCG","Environment & Climate","2023"
2100,"The 519","1","Toronto Centre","Local","90000","IMM","Social Development, Finance and Administration","2023"
2101,"The Arab Community Centre of Toronto","1 of 2","Etobicoke Centre","City-wide","47327.25","CSP","Social Development, Finance and Administration","2023"
2102,"The Arab Community Centre of Toronto","2 of 2","Etobicoke Centre","Local","5600","NG","Social Development, Finance and Administration","2023"
2103,"The Arab Community Centre of Toronto - Etobicoke Climate Action","1","Etobicoke - Lakeshore, Etobicoke Centre, Etobicoke North","Neighbourhood","7500","NCAG","Environment & Climate","2023"
2104,"The Arbor Day Foundation","1","Etobicoke North, Etobicoke Centre, Parkdale - High Park, Don Valley North, Scarborough - Centre, Scarborough - Agincourt","City-wide","45000","FOR","Parks, Forestry & Recreation","2023"
2105,"The Art of Time Ensemble","1","Spadina - Fort York","City-wide","55100","TAC","Toronto Arts Council","2023"
2106,"The Cabbagetown Community Arts Centre","1","Toronto Centre","City-wide","20000","TAC","Toronto Arts Council","2023"
2107,"The Centre for Immigrant and Community Services (CICS)","1","Scarborough-Agincourt","Local","60000","TTSP","Housing Secretariat","2023"
2108,"The Centre for Spanish-Speaking Peoples","1","York Centre","City-wide","74267.12","CSP","Social Development, Finance and Administration","2023"
2109,"The Change-Makers Foundation for Diversity, Equity, Excellence, and Inclusion","1","Toronto Centre","Neighbourhood","17000","INI","Social Development, Finance and Administration","2023"
2110,"The Chimera Project Dance Theatre","1","Toronto Centre","City-wide","15000","TAC","Toronto Arts Council","2023"
2111,"The Cross-Cultural Community Services Association (TCCSA)","1","University-Rosedale","City-wide","31901.9","CSP","Social Development, Finance and Administration","2023"
2112,"The Dance Current","1","Toronto Centre","City-wide","8000","TAC","Toronto Arts Council","2023"
2113,"The Dance Umbrella of Ontario","1","Toronto Centre","City-wide","30000","TAC","Toronto Arts Council","2023"
2114,"The Deadly Aunties","1","Sagamok, ON P0P 2L0","City Wide","20000","CBICGG","Indigenous Affairs Office","2023"
2115,"The Dietrich Group","1","Toronto - Danforth","City-wide","12000","TAC","Toronto Arts Council","2023"
2116,"The Disability Collective","1","Toronto - Danforth","Local","17750","TAC","Toronto Arts Council","2023"
2117,"The Elmer Iseler Singers","1","Don Valley West","City-wide","24545","TAC","Toronto Arts Council","2023"
2118,"The Elms JMS Community Initiatives Group","1","Etobicoke North","Local","3300","PTCG","Environment & Climate","2023"
2119,"The Esprit Orchestra","1","Spadina - Fort York","City-wide","64220","TAC","Toronto Arts Council","2023"
2120,"The Federation of Metro Tenants' Association (FMTA)","1 of 2","Toronto Centre","City Wide","100000","TTSP","Housing Secretariat","2023"
2121,"The Federation of Metro Tenants' Association (FMTA)","2 of 2","Toronto Centre","City Wide","420000","TTSP","Housing Secretariat","2023"
2122,"The Fire and Rescue Team","1","University - Rosedale","City-wide","20000","TAC","Toronto Arts Council","2023"
2123,"The First Portuguese Canadian Cultural Centre","1","Davenport","Local","16242.35","CSP","Social Development, Finance and Administration","2023"
2124,"The Flin Flon Cowboy Collective","1","Spadina - Fort York","City-wide","20000","TAC","Toronto Arts Council","2023"
2125,"The Freesound Series","1","Davenport","City-wide","11250","TAC","Toronto Arts Council","2023"
2126,"The Fringe of Toronto Theatre Festival","1","Toronto - Danforth","City-wide","77000","TAC","Toronto Arts Council","2023"
2127,"The Gatehouse Child Abuse Investigation & Support Site","1","Etobicoke-Lakeshore","City-wide","28154.51","CSP","Social Development, Finance and Administration","2023"
2128,"The George Hull Centre for Children & Families","1","Etobicoke North","Local","150000","TCS","Children's Services","2023"
2129,"The George S. Seniors’ Centre of York","1","York South-Weston","Neighbourhood","106653.78","CSP","Social Development, Finance and Administration","2023"
2130,"The Greater Toronto Philharmonic Orchestra","1","Eglinton - Lawrence","City-wide","5000","TAC","Toronto Arts Council","2023"
2131,"The Hannaford Street Silver Band","1","Toronto - Danforth","City-wide","26600","TAC","Toronto Arts Council","2023"
2132,"The Happenstancers","1","Parkdale - High Park","City-wide","13500","TAC","Toronto Arts Council","2023"
2133,"The Helping Hand Foundation (COVID19 Youth-led)","1","York South-Weston","Local","5000","CCRF","Social Development, Finance and Administration","2023"
2134,"The Hispanic Council of Metropolitan Toronto (Hispanic Development Council)","1","York Centre","City-wide","67692.83","CSP","Social Development, Finance and Administration","2023"
2135,"The Howland Company","1","Toronto Centre","City-wide","21000","TAC","Toronto Arts Council","2023"
2136,"The Key of Sight","1","Scarborough-Agincourt","Neighbourhood","10400","INI","Social Development, Finance and Administration","2023"
2137,"The Kickback Foundation","1","Toronto - Danforth","Local","51800","CB","Economic Development and Culture","2023"
2138,"The Mexicans Folk Ballet","1","Eglinton - Lawrence","City-wide","9350","TAC","Toronto Arts Council","2023"
2139,"The Music Gallery","1","University - Rosedale","City-wide","91000","TAC","Toronto Arts Council","2023"
2140,"The Musical Stage Company","1","Spadina - Fort York","City-wide","40500","TAC","Toronto Arts Council","2023"
2141,"The National Ballet of Canada","1","Spadina - Fort York","City-wide","1390000","TAC","Toronto Arts Council","2023"
2142,"The NDN Act","1","Toronto - St. Paul’s","City-wide","13000","TAC","Toronto Arts Council","2023"
2143,"The Neighbourhood Group & St. Jamestown Youth United","1","Toronto Centre","Local","200000","YVP","Social Development, Finance and Administration","2023"
2144,"The Neighbourhood Group Community Services","1 of 3","Toronto Centre","Local","745841.55","CSP","Social Development, Finance and Administration","2023"
2145,"The Neighbourhood Group Community Services","2 of 3","Toronto Centre","Local","8000","INO","Social Development, Finance and Administration","2023"
2146,"The Neighbourhood Group Community Services","3 of 3","University - Rosedale","City-wide","12500","TAC","Toronto Arts Council","2023"
2147,"The Neighbourhood Organization","1 of 5","Don Valley West","Local","75000","IMM","Social Development, Finance and Administration","2023"
2148,"The Neighbourhood Organization","2 of 5","Don Valley West","Local","75000","IMM","Social Development, Finance and Administration","2023"
2149,"The Neighbourhood Organization","3 of 5","Don Valley West","Local","435498.9","CSP","Social Development, Finance and Administration","2023"
2150,"The Neighbourhood Organization","4 of 5","Don Valley West","Local","37500","IMM","Social Development, Finance and Administration","2023"
2151,"The Neighbourhood Organization","5 of 5","Don Valley West","Local","6400","NG","Social Development, Finance and Administration","2023"
2152,"The Neighbourhood Organization - Bathurst Finch Seniors Society","1","York Centre","Neighbourhood","5850","NCAG","Environment & Climate","2023"
2153,"The Neighbourhood Organization - Bathurst Finch Women's Group","1","York Centre","Neighbourhood","7500","NCAG","Environment & Climate","2023"
2154,"The Neighbourhood Organization - Bathurst-Finch Food Coalition (BFFC)","1","York Centre","Neighbourhood","7500","NCAG","Environment & Climate","2023"
2155,"The Neighbourhood Organization - Pocket Change Project","1","Toronto - Danforth","Neighbourhood","7300","NCAG","Environment & Climate","2023"
2156,"The Neighbourhood Organization - Residents Engagement - Action for Climate  (RE- AC)","1","Don Valley West","Neighbourhood","7500","NCAG","Environment & Climate","2023"
2157,"The Neighbourhood Organization - Thorncliffe Wellness Cafe","1","Don Valley West","Neighbourhood","7500","NCAG","Environment & Climate","2023"
2158,"The Pamoja Institute for Community Engagement and Action","1","Scarborough - Guildwood","Ciry-Wide","30000","INO","Social Development, Finance and Administration","2023"
2159,"The Power Plant Contemporary Art Gallery","1","Spadina - Fort York","City-wide","206000","TAC","Toronto Arts Council","2023"
2160,"The Public Clinic","1","Scarborough - Agincourt","Local","30000","INO","Social Development, Finance and Administration","2023"
2161,"The Purple Stage","1","Davenport","City-wide","8500","TAC","Toronto Arts Council","2023"
2162,"The QuArtz Cluster","1","Spadina-Fort York","Local","17326","INI","Social Development, Finance and Administration","2023"
2163,"The Remix Project","2 of 3","Spadina - Fort York","Local","20000","BIC","Economic Development and Culture","2023"
2164,"The Remix Project","1 of 3","Spadina - Fort York","Local","12000","CB","Economic Development and Culture","2023"
2165,"The Remix Project","3 of 3","Spadina - Fort York","City-wide","36000","TAC","Toronto Arts Council","2023"
2166,"The Remix Project (Trustee for Pierre Mvita [MxdnxghtsOnly])","1","Humber River - Black Creek","Local","5500","CB","Economic Development and Culture","2023"
2167,"The Remix Project (Trustee for Soundstock)","1","Spadina Fort York","Local","51800","CB","Economic Development and Culture","2023"
2168,"The Rights Project","1","Parkdale-High Park","Local","4518.4","CCRF","Social Development, Finance and Administration","2023"
2169,"The Royal Canadian College of Organists","1","University - Rosedale","City-wide","4550","TAC","Toronto Arts Council","2023"
2170,"The Royal Conservatory of Music","1","University - Rosedale","City-wide","57000","TAC","Toronto Arts Council","2023"
2171,"The School Bag Project","1","Don Valley West","Neighbourhood","17000","INI","Social Development, Finance and Administration","2023"
2172,"The Second Mile Club of Toronto","1","University-Rosedale","Local","82949.32","CSP","Social Development, Finance and Administration","2023"
2173,"The Sisterhood","1","Toronto Centre","Local","4000","NG","Social Development, Finance and Administration","2023"
2174,"The Smile Company - Theatrical Productions","1","University - Rosedale","City-wide","30000","TAC","Toronto Arts Council","2023"
2175,"The South Asian Yard","1","Scarborough North","Local","17000","INI","Social Development, Finance and Administration","2023"
2176,"The St. Christopher House","1","Spadina-Fort York","Local","353393.83","CSP","Social Development, Finance and Administration","2023"
2177,"The Stage Program","1","York South-Weston","Local","4000","NG","Social Development, Finance and Administration","2023"
2178,"The Stop Community Food Centre","1 of 2","Toronto - St.Paul's","Local","4450","PTCG","Environment & Climate","2023"
2179,"The Stop Community Food Centre","2 of 2","Davenport","City-wide","33813.73","CSP","Social Development, Finance and Administration","2023"
2180,"The Storytellers School of Toronto","1","Toronto - St. Paul’s","City-wide","38000","TAC","Toronto Arts Council","2023"
2181,"THE SUNFLOWERS COLLECTIVE","1","Davenport","City-wide","14414","TAC","Toronto Arts Council","2023"
2182,"The Sunglasses Monologue","1","Willowdale","City-wide","17750","TAC","Toronto Arts Council","2023"
2183,"The Teresa Group Child and Family Aid","1 of 2","Toronto-St. Paul's","City-Wide","30000","INO","Social Development, Finance and Administration","2023"
2184,"The Teresa Group Child and Family Aid","2 of 2","Toronto-St. Paul’s","City-wide","35186.32","CSP","Social Development, Finance and Administration","2023"
2185,"The Theatre Centre","1 of 2","Davenport","Local","3752","PTCG","Environment & Climate","2023"
2186,"The Theatre Centre","2 of 2","Davenport","City-wide","148000","TAC","Toronto Arts Council","2023"
2187,"The Toronto Consort","1","University - Rosedale","City-wide","25650","TAC","Toronto Arts Council","2023"
2188,"The Tropicana Community Services Organization of Scarborough","1","Scarborough-Guildwood","City-wide","110973.1","CSP","Social Development, Finance and Administration","2023"
2189,"The Vision Quest Project Giidwin","1","Etobicoke - Lakeshore","City-wide","29810","TAC","Toronto Arts Council","2023"
2190,"The Westway Butterfly Brigade","1","Etobicoke Centre","Local","2800","PTCG","Environment & Climate","2023"
2191,"The Wexford Residence","1","Scarborough Centre","Local","25202.35","CSP","Social Development, Finance and Administration","2023"
2192,"The Word On The Street","1","University - Rosedale","City-wide","51500","TAC","Toronto Arts Council","2023"
2193,"Theatre Direct Canada","1","Davenport","City-wide","69000","TAC","Toronto Arts Council","2023"
2194,"Theatre Gargantua","1","Davenport","City-wide","15000","TAC","Toronto Arts Council","2023"
2195,"Theatre Passe Muraille","1 of 2","Spadina - Fort York","City-wide","165500","TAC","Toronto Arts Council","2023"
2196,"Theatre Passe Muraille","2 of 2","Spadina - Fort York","City-wide","18630","TAC","Toronto Arts Council","2023"
2197,"Theatre Smith-Gilmour","1","Toronto - Danforth","City-wide","29520","TAC","Toronto Arts Council","2023"
2198,"Thin Edge New Music Collective","1","Toronto Centre","City-wide","9750","TAC","Toronto Arts Council","2023"
2199,"Tibetan Youth Group","1","Parkdale – High Park","Local","4000","NG","Social Development, Finance and Administration","2023"
2200,"Tie Toronto","1","Spadina - Fort York","Local","10000","BIC","Economic Development and Culture","2023"
2201,"tiger princess dance projects inc.","1","Davenport","City-wide","36000","TAC","Toronto Arts Council","2023"
2202,"Tirgan Centre for Art and Culture","1","Don Valley East","City-wide","25000","TAC","Toronto Arts Council","2023"
2203,"Tita Collective","1","Toronto - Danforth","City-wide","9000","TAC","Toronto Arts Council","2023"
2204,"TMU – Centre for Urban Energy and Clean Energy Zone","1","Toronto Centre","Local","20000","BIC","Economic Development and Culture","2023"
2205,"TMU - DMZ","1","Toronto Centre","Local","50000","BIC","Economic Development and Culture","2023"
2206,"TMU – Innovation Studio","1","University - Rosedale","Local","20000","BIC","Economic Development and Culture","2023"
2207,"TMU – Legal Innovation Zone","1","Toronto Centre","Local","16500","BIC","Economic Development and Culture","2023"
2208,"TMU – Social Venture Zone","1","Toronto Centre","Local","20000","BIC","Economic Development and Culture","2023"
2209,"TO Hub 365","1","York South-Weston","Local","9000","PG","Economic Development and Culture","2023"
2210,"TOES FOR DANCE INC.","1 of 2","Toronto - St. Paul’s","City-wide","18750","TAC","Toronto Arts Council","2023"
2211,"TOES FOR DANCE INC.","2 of 2","Toronto - St. Paul’s","City-wide","16000","TAC","Toronto Arts Council","2023"
2212,"Toffan Rhythm Projects","1","Toronto - St. Paul’s","City-wide","7000","TAC","Toronto Arts Council","2023"
2213,"TONE Festival","1","University - Rosedale","City-wide","8000","TAC","Toronto Arts Council","2023"
2214,"Toronto Aboriginal Support Services Council","1 of 2","University-Rosedale","City-wide","137700.55","CSP","Social Development, Finance and Administration","2023"
2215,"Toronto Aboriginal Support Services Council","2 of 2","University-Rosedale","City-wide","1350000","INO","Social Development, Finance and Administration","2023"
2216,"Toronto Aboriginal Support Services Council on behalf of at least 10 Indigenous","1","University-Rosedale","City-wide","200000","IMM","Social Development, Finance and Administration","2023"
2217,"Toronto Alliance for the Performing Arts","1","University - Rosedale","City-wide","78000","TAC","Toronto Arts Council","2023"
2218,"Toronto and Region Conservation Authority","1","Etobicoke North, York Centre, Humber River - Black Creek, Etobicoke NorthParkdale - High Park","City-wide","99988","FOR","Parks, Forestry & Recreation","2023"
2219,"Toronto Animated Image Society","1","Davenport","City-wide","18000","TAC","Toronto Arts Council","2023"
2220,"Toronto Artscape Inc.","1","Spadina - Fort York","Local","415000","COOP","Economic Development and Culture","2023"
2221,"Toronto Asian Youth Activists","1","Scarborough Centre","Neighbourhood","17000","INI","Social Development, Finance and Administration","2023"
2222,"Toronto Black Farmers","1","York - South Weston","City-wide","14000","TAC","Toronto Arts Council","2023"
2223,"Toronto Black Farmers and Food Growers Collective (Trustee for Lori Beazer)","1","York South-Weston","Local","24200","PG","Economic Development and Culture","2023"
2224,"Toronto Black Film Festival","1","Toronto - Danforth","City-wide","10500","TAC","Toronto Arts Council","2023"
2225,"Toronto Blues Society","1","Spadina - Fort York","City-wide","25600","TAC","Toronto Arts Council","2023"
2226,"Toronto Central Adventist Community Services","1","Eglinton - Lawrence","Local","4000","NG","Social Development, Finance and Administration","2023"
2227,"Toronto Centre for Community Learning & Development","1","Toronto Centre","City-wide","54255.57","CSP","Social Development, Finance and Administration","2023"
2228,"Toronto Chamber Choir","1","Toronto - St. Paul’s","City-wide","8500","TAC","Toronto Arts Council","2023"
2229,"Toronto Children's Chorus","1","Toronto - St. Paul’s","City-wide","40000","TAC","Toronto Arts Council","2023"
2230,"Toronto Community & Culture Centre","1","Spadina-Fort York","City-wide","25235.02","CSP","Social Development, Finance and Administration","2023"
2231,"Toronto Community for Better Child Care","1","Toronto-Danforth","City-wide","28154.52","CSP","Social Development, Finance and Administration","2023"
2232,"Toronto Dance Community Love-In","1","Parkdale - High Park","Local","15000","TAC","Toronto Arts Council","2023"
2233,"Toronto Dance Theatre","1 of 2","Toronto Centre","City-wide","162000","TAC","Toronto Arts Council","2023"
2234,"Toronto Dance Theatre","2 of 2","Toronto Centre","City-wide","18000","TAC","Toronto Arts Council","2023"
2235,"Toronto District School Board","2 of 2","Etobicoke Centre, York South - Weston, Humber River - Black Creek, Etobicoke NorthEtobicoke - Lakeshore, Etobicoke NorthParkdale - High Park,  Scarborough - Centre, Scarborough - Agincourt, Scarborough - Guildwood","City-wide","100000","FOR","Parks, Forestry & Recreation","2023"
2236,"Toronto District School Board","1 of 2","Etobicoke North, Etobicoke Centre, York South - Weston, York Centre, Humber River - Black Creek, Scarborough - Centre, Scarborough - Guildwood, Scarborough - Rouge Park","City-wide","44532.1","FOR","Parks, Forestry & Recreation","2023"
2237,"Toronto District School Board","1","Davenport","Local","150000","TCS","Children's Services","2023"
2238,"Toronto Downtown Jazz Society","1","Toronto - St. Paul’s","City-wide","50000","TAC","Toronto Arts Council","2023"
2239,"Toronto Fashion Incubator","1","Spadina - Fort York","Local","75000","BIC","Economic Development and Culture","2023"
2240,"Toronto Festival of Arts, Culture and Creativity (Luminato)","1","Spadina - Fort York","City Wide","400000","COOP","Economic Development and Culture","2023"
2241,"Toronto Festival of Comics and Graphic Arts","1","Toronto - Danforth","City-wide","23500","TAC","Toronto Arts Council","2023"
2242,"Toronto Finnish-Canadian Seniors Centre (Suomi-Koti)","1","Don Valley West","City-wide","20834.01","CSP","Social Development, Finance and Administration","2023"
2243,"Toronto Foundation for Student Success","1","York South - Weston","City Wide","13202515","SNP","Toronto Public Health","2023"
2244,"Toronto Intergenerational Partnerships","1","Scarborough Southwest","Local","73112.4","CSP","Social Development, Finance and Administration","2023"
2245,"Toronto International Film Festival Inc.","1","Spadina - Fort York","Neighborhood","1195735","COOP","Economic Development and Culture","2023"
2246,"Toronto Jewish Film Foundation/Festival","1","University - Rosedale","City-wide","24000","TAC","Toronto Arts Council","2023"
2247,"Toronto Kiwanis Boys & Girls Clubs","1","Toronto Centre","Local","160212.17","CSP","Social Development, Finance and Administration","2023"
2248,"Toronto Mendelssohn Choir","1","Toronto - St. Paul’s","City-wide","70000","TAC","Toronto Arts Council","2023"
2249,"Toronto Metropolitan University (for TAC Leaders Lab)","1","Toronto Centre","City-wide","200000","TAC","Toronto Arts Council","2023"
2250,"Toronto Music Museum","1","Toronto Centre","City-wide","8100","TAC","Toronto Arts Council","2023"
2251,"Toronto Operetta Theatre","1","Toronto - Danforth","City-wide","18400","TAC","Toronto Arts Council","2023"
2252,"Toronto Outdoor Picture Show","1 of 2","University - Rosedale","City-wide","17500","TAC","Toronto Arts Council","2023"
2253,"Toronto Outdoor Picture Show","2 of 2","University - Rosedale","City-wide","8500","TAC","Toronto Arts Council","2023"
2254,"Toronto Palestine Film Festival","1","Toronto - St. Paul's","City-wide","10000","TAC","Toronto Arts Council","2023"
2255,"Toronto People with AIDS Foundation","1","Toronto Centre","City-wide","38182.07","CSP","Social Development, Finance and Administration","2023"
2256,"Toronto Photographers Workshop","1","Davenport","City-wide","70000","TAC","Toronto Arts Council","2023"
2257,"Toronto Prep Wellness Initative (COVID19 Youth-led)","1","Toronto Centre","Local","5000","CCRF","Social Development, Finance and Administration","2023"
2258,"Toronto Queer Media & Arts Centre","1","Toronto Centre","City-wide","19500","TAC","Toronto Arts Council","2023"
2259,"Toronto Rape Crisis Centre","1","Spadina-Fort York","City-wide","63585.95","CSP","Social Development, Finance and Administration","2023"
2260,"Toronto Reel Asian International Film Festival","1","Spadina - Fort York","City-wide","50000","TAC","Toronto Arts Council","2023"
2261,"Toronto Sketch Comedy Festival Inc.","1","Davenport","City-wide","15000","TAC","Toronto Arts Council","2023"
2262,"Toronto Summer Music Foundation","1","Spadina - Fort York","City-wide","39780","TAC","Toronto Arts Council","2023"
2263,"Toronto Symphony Orchestra","1","Spadina - Fort York","City-wide","1220000","TAC","Toronto Arts Council","2023"
2264,"Toronto Urban Book Expo","1","Scarborough Southwest","City-wide","2500","TAC","Toronto Arts Council","2023"
2265,"Transcare Community Support Services","1","Scarborough-Agincourt","City-wide","98483.6","CSP","Social Development, Finance and Administration","2023"
2266,"Tribal Crackling Wind for the Arts","1","Toronto Centre","City-wide","30000","TAC","Toronto Arts Council","2023"
2267,"TRIBE CANADA COMMUNITY SERVICES","1","Etobicoke North","Neighbourhood","4132.85","CCRF","Social Development, Finance and Administration","2023"
2268,"Trinity Food Systems Lab","1","University - Rosedale","Local","4980","PTCG","Environment & Climate","2023"
2269,"Trinity Square Video","1","Spadina - Fort York","City-wide","65000","TAC","Toronto Arts Council","2023"
2270,"Tropicana Community Services","1","Scarborough-Guildwood","Neighbourhood","30000","INO","Social Development, Finance and Administration","2023"
2271,"True Heights (COVID19 Youth-led)","1","Eglinton-Lawrence","Neighbourhood","5000","CCRF","Social Development, Finance and Administration","2023"
2272,"Turtle Island Carers of Fire","1","Toronto - St.Paul's","City Wide","20000","CBICGG","Indigenous Affairs Office","2023"
2273,"Turtle Protectors","1 of 2","Parkdale - High Park","City Wide","20000","CBICGG","Indigenous Affairs Office","2023"
2274,"Turtle Protectors","2 of 2","Parkdale - High Park","Local","15000","ICAG","Environment & Climate","2023"
2275,"U.N.I.T. Productions","1","Spadina - Fort York","Local","10000","TAC","Toronto Arts Council","2023"
2276,"Ubuntu - Black Trans, Non-Binary and 2Spirit Collective","1","Beaches - East York","City-Wide","30000","INO","Social Development, Finance and Administration","2023"
2277,"Ubuntu Community Collective","1","Toronto - Danforth","Local","30000","INO","Social Development, Finance and Administration","2023"
2278,"Ubuntu Neighbourhood Organization (UNO) (COVID19 Youth-led)","1","Toronto Centre","Local","4924","CCRF","Social Development, Finance and Administration","2023"
2279,"Ubuntu T.O.","1","Scarborough Centre","Neighbourhood","12710","INI","Social Development, Finance and Administration","2023"
2280,"Ukrainian Canadian Social Services (Toronto) Inc.","1","Parkdale-High Park","City-wide","46537.45","CSP","Social Development, Finance and Administration","2023"
2281,"Uma Nota Culture","1","Davenport","City-wide","11250","TAC","Toronto Arts Council","2023"
2282,"Ummah Nabawiah Masjid Youth Committee","1","Etobicoke North","Neighbourhood","17000","INI","Social Development, Finance and Administration","2023"
2283,"Unbecoming Collective","1","Toronto Centre","City-wide","10000","TAC","Toronto Arts Council","2023"
2284,"Under The Bus Collective","1","Toronto Centre","City-wide","15000","TAC","Toronto Arts Council","2023"
2285,"Undercurrent Creations","1","Parkdale - High Park","City-wide","12750","TAC","Toronto Arts Council","2023"
2286,"Unison Health and Community Services","1","Eglinton-Lawrence","Local","37185.3","CSP","Social Development, Finance and Administration","2023"
2287,"Unison Health and Community Services & Mind on Strength","1","Eglinton-Lawrence","Local","200000","YVP","Social Development, Finance and Administration","2023"
2288,"United Way Greater Toronto","1","Toronto Centre","City Wide","175000","INO","Social Development, Finance and Administration","2023"
2289,"UNITY Charity","1","Toronto - St.Paul's","Local","49500","CB","Economic Development and Culture","2023"
2290,"Unity Charity","1","Toronto - St. Paul's","City-wide","38400","TAC","Toronto Arts Council","2023"
2291,"University of Toronto Faculty of Architecture, Landscape and Design","1","York Centre, University - Rosedale, Scarborough - Rouge Park","Local","98000","FOR","Parks, Forestry & Recreation","2023"
2292,"University of Toronto Scarborough Campus","1","Scarborough - Rouge Park","Neighbourhood","53058","FOR","Parks, Forestry & Recreation","2023"
2293,"University Settlement","1 of 2","Spadina-Fort York","Local","154389.56","CSP","Social Development, Finance and Administration","2023"
2294,"University Settlement","2 of 2","Spadina - Fort York","Local","26500","TAC","Toronto Arts Council","2023"
2295,"Urban Arts","1 of 2","York South-Weston","Local","315435","LASO","Economic Development and Culture","2023"
2296,"UrbanArts Community Arts Council","2 of 2","York South-Weston","Local","5000","LASO","Economic Development and Culture","2023"
2297,"Variety Village","1","Scarborough Southwest","Neighbourhood","6900","FOR","Parks, Forestry & Recreation","2023"
2298,"Vaughan-Oakwood Youth Network (COVID19 Youth-led)","1","Toronto-St. Paul’s","Neighbourhood","4990.28","CCRF","Social Development, Finance and Administration","2023"
2299,"Venturepark Labs","1","York South - Weston","Local","100000","BIC","Economic Development and Culture","2023"
2300,"Venus Fest Inc.","1","Spadina - Fort York","City-wide","13000","TAC","Toronto Arts Council","2023"
2301,"Vermont Square Parent-Child Mother Goose Program","1","University-Rosedale","City-wide","31520.63","CSP","Social Development, Finance and Administration","2023"
2302,"Vesnivka Choir Inc.","1","Parkdale - High Park","City-wide","8000","TAC","Toronto Arts Council","2023"
2303,"VIBE Arts","1  of 4","Spadina - Fort York","City-wide","75000","TAC","Toronto Arts Council","2023"
2304,"VIBE Arts","2 of 4","Spadina - Fort York","Local","20000","TAC","Toronto Arts Council","2023"
2305,"VIBE Arts","3 of 4","Spadina - Fort York","Local","23952","CB","Economic Development and Culture","2023"
2306,"VIBE Arts","4 of 4","Spadina-Fort York","Local","16100","PG","Economic Development and Culture","2023"
2307,"VIBE Arts (Trustee for Patrick Walters)","3 of 3","Spadina-Fort York","Local","9900","PG","Economic Development and Culture","2023"
2308,"Vibrant Healthcare Alliance","1","Eglinton-Lawrence","City-wide","44718.23","CSP","Social Development, Finance and Administration","2023"
2309,"Victim Services Toronto","1","Toronto Centre","City-wide","315162.75","CSP","Social Development, Finance and Administration","2023"
2310,"Victoria Park Collegiate Institute","1","Don Valley East","Local","1000","YCAG","Environment & Climate","2023"
2311,"Videatur Collective","1","University - Rosedale","City-wide","14000","TAC","Toronto Arts Council","2023"
2312,"VideoCabaret","1","Toronto - Danforth","City-wide","46800","TAC","Toronto Arts Council","2023"
2313,"Vietnamese Women's Association of Toronto","1","Davenport","City-wide","73139.63","CSP","Social Development, Finance and Administration","2023"
2314,"Villa Bautista Collective","1","Davenport","City-wide","13500","TAC","Toronto Arts Council","2023"
2315,"Vintage Taps","1","Parkdale - High Park","City-wide","14850","TAC","Toronto Arts Council","2023"
2316,"VIVA! Youth Singers of Toronto, Inc.","1","University - Rosedale","Local","45000","TAC","Toronto Arts Council","2023"
2317,"Voices","1","Parkdale - High Park","City-wide","12640","TAC","Toronto Arts Council","2023"
2318,"Volcano Non-Profit Productions Inc.","1","Spadina - Fort York","City-wide","54000","TAC","Toronto Arts Council","2023"
2319,"Volunteer Centre of Toronto","1","University-Rosedale","City-wide","234969.5","CSP","Social Development, Finance and Administration","2023"
2320,"Vox Choirs","1","Willowdale","City-wide","15000","TAC","Toronto Arts Council","2023"
2321,"Vtape","1","Spadina - Fort York","City-wide","85000","TAC","Toronto Arts Council","2023"
2322,"Waadinidijig","1","City-Wide","Local","5000","ICAG","Environment & Climate","2023"
2323,"Waard Ward","1","Scarborough North","Local","7500","TAC","Toronto Arts Council","2023"
2324,"Warden Woods Church and Community Centre","1","Scarborough Southwest","Local","236559.64","CSP","Social Development, Finance and Administration","2023"
2325,"Warren Park JPS Parents and Teachers","1","Parkdale - High Park","Local","2500","PTCG","Environment & Climate","2023"
2326,"Waterfront Neighbourhood Centre","1 of 2","Spadina-Fort York","Neighbourhood","84163.95","CSP","Social Development, Finance and Administration","2023"
2327,"Waterfront Neighbourhood Centre","2 of 2","Spadina-Fort York","Local","4800","NG","Social Development, Finance and Administration","2023"
2328,"Waterfront Neighbourhood Centre - Greening Liberty Village","1","Spadina - Fort York","Neighbourhood","7500","NCAG","Environment & Climate","2023"
2329,"Waterfront Neighbourhood Centre- Block Party Supply","1","Parkdale - High Park, Davenport, University - Rosedale, Toronto Centre, Don Valley East","Neighbourhood","7500","NCAG","Environment & Climate","2023"
2330,"Wavelength Music Arts Projects","1","Davenport","City-wide","30000","TAC","Toronto Arts Council","2023"
2331,"wavering band of energy","1","Scarborough - Rouge Park","City-wide","20000","TAC","Toronto Arts Council","2023"
2332,"Weaving Threads Toronto","1","York South-Weston","Local","4000","NG","Social Development, Finance and Administration","2023"
2333,"Wendaajiwandehnong Bimoseyan Mother Water Walk Collective","1","Etobicoke - Lakeshore","City Wide","20000","CBICGG","Indigenous Affairs Office","2023"
2334,"West End Micro Music Festival","1","Parkdale - High Park","City-wide","11250","TAC","Toronto Arts Council","2023"
2335,"West Hill DD Program","1","Scarborough Guildwood","Local","3600","PTCG","Environment & Climate","2023"
2336,"West Scarborough Neighbourhood Community Centre","1","Scarborough Southwest","Local","238177.67","CSP","Social Development, Finance and Administration","2023"
2337,"West Toronto Native Blooms","1","Davenport","Local","4000","NG","Social Development, Finance and Administration","2023"
2338,"Westmount JS Pollinator Club","1","Etobicoke Centre","Local","2990","PTCG","Environment & Climate","2023"
2339,"Weston Frontlines Centre","1 of 2","York South-Weston","Local","30000","INO","Social Development, Finance and Administration","2023"
2340,"Weston Frontlines Centre","2 of 2","York South-Weston","Local","108936","CSP","Social Development, Finance and Administration","2023"
2341,"Whippersnapper Gallery Inc","1","University - Rosedale","Local","15000","TAC","Toronto Arts Council","2023"
2342,"Why Not Theatre","1","Davenport","City-wide","47000","TAC","Toronto Arts Council","2023"
2343,"Wildseed Centre for Art and Activism","1","University - Rosedale","City-wide","25000","TAC","Toronto Arts Council","2023"
2344,"William Burgess Public School","1","Toronto - Danforth","Local","1500","PTCG","Environment & Climate","2023"
2345,"William Lyon Mackenzie C.I. Gardening Club","1","York Centre","Local","4793","PTCG","Environment & Climate","2023"
2346,"wind in the leaves collective","1","Toronto - Danforth","City-wide","15000","TAC","Toronto Arts Council","2023"
2347,"Witch Collective","1","Toronto - Danforth","City-wide","17000","TAC","Toronto Arts Council","2023"
2348,"Woburn Collegiate","1","Scarborough Guildwood","Local","1000","YCAG","Environment & Climate","2023"
2349,"Woburn Junior Public School","1 of 2","Scarborough Guildwood","Local","2000","YCAG","Environment & Climate","2023"
2350,"Woburn Junior Public School","2 of 2","Scarborough Guildwood","Local","1000","YCAG","Environment & Climate","2023"
2351,"Woman Abuse Council of Toronto","1","York South-Weston","City-wide","70356.32","CSP","Social Development, Finance and Administration","2023"
2352,"Women From Space","1","Davenport","City-wide","6400","TAC","Toronto Arts Council","2023"
2353,"Women's Musical Club of Toronto","1","University - Rosedale","City-wide","2140","TAC","Toronto Arts Council","2023"
2354,"Women's Warrior Wellness Collective","1","Beaches - East York","City Wide","20000","CBICGG","Indigenous Affairs Office","2023"
2355,"Woodgreen Community Services","1","Toronto-Danforth","Local","479650.65","CSP","Social Development, Finance and Administration","2023"
2356,"Workers' Action Centre","1","University-Rosedale","City-wide","67523.98","CSP","Social Development, Finance and Administration","2023"
2357,"Working for a Change","1","York South-Weston","Local","4000","NG","Social Development, Finance and Administration","2023"
2358,"Working Women Community Centre","1","Davenport","City-wide","244468.73","CSP","Social Development, Finance and Administration","2023"
2359,"Workman Arts Project of Ontario","1","Davenport","City-wide","24000","TAC","Toronto Arts Council","2023"
2360,"WST Foundation Wellness","1","Etobicoke North","Neighbourhood","5000","CCRF","Social Development, Finance and Administration","2023"
2361,"Xenia Concerts Inc.","1","University - Rosedale","City-wide","26000","TAC","Toronto Arts Council","2023"
2362,"xLq Pop Art Performance","1","Davenport","City-wide","12750","TAC","Toronto Arts Council","2023"
2363,"Xpace Cultural Centre","1","Davenport","City-wide","18000","TAC","Toronto Arts Council","2023"
2364,"York Entrepreneurship Development Institute (YEDI)","1","York Centre","Local","20000","BIC","Economic Development and Culture","2023"
2365,"York Mills Collegiate Institute","1","Don Valley West","Local","1000","YCAG","Environment & Climate","2023"
2366,"York West Active Living Centre","1","York South-Weston","Neighbourhood","134568.64","CSP","Social Development, Finance and Administration","2023"
2367,"York-Fairbank Centre for Seniors in the City of York","1 of 2","Toronto-St. Paul’s","Local","22841.26","CSP","Social Development, Finance and Administration","2023"
2368,"York-Fairbank Centre for Seniors in the City of York","2 of 2","Toronto-St. Paul’s","Local","296665.41","CSP","Social Development, Finance and Administration","2023"
2369,"Yorkminster Park Meals on Wheels","1","Toronto-St. Paul’s","Local","10909.94","CSP","Social Development, Finance and Administration","2023"
2370,"YorkU – Ella","1","Humber River - Black Creek","Local","20000","BIC","Economic Development and Culture","2023"
2371,"YorkU – Glendon College","1","Don Valley West","Local","20000","BIC","Economic Development and Culture","2023"
2372,"YorkU – Schulich School of Business","1","Humber River - Black Creek","Local","20000","BIC","Economic Development and Culture","2023"
2373,"YorkU - YSpace","1","Humber River - Black Creek","Local","20000","BIC","Economic Development and Culture","2023"
2374,"Young People's Theatre","1","Toronto Centre","City-wide","326000","TAC","Toronto Arts Council","2023"
2375,"YouSpoken","1","Scarborough-Agincourt","Local","5350","INI","Social Development, Finance and Administration","2023"
2376,"Youth Assisting Youth","1","Willowdale","City-wide","66184.07","CSP","Social Development, Finance and Administration","2023"
2377,"Youth Employment Services","1","Spadina - Fort York","Local","10000","BIC","Economic Development and Culture","2023"
2378,"YouthLink & MIC Check","1","Scarborough Centre","Local","200000","YVP","Social Development, Finance and Administration","2023"
2379,"YYZ Artists' Outlet","1","Spadina - Fort York","City-wide","65000","TAC","Toronto Arts Council","2023"
2380,"Zakide","1","Toronto Centre","City-wide","27000","TAC","Toronto Arts Council","2023"
2381,"Zero Fitna","1","University-Rosedale, Scarborough North","Local","4936","CCRF","Social Development, Finance and Administration","2023"
2382,"None","None","None","None","None","None","None","2023"
2383,"None","None","None","None","None","None","None","2023"
2384,"None","None","None","None","None","None","None","2023"
2385,"None","None","None","None","None","None","None","2023"
2386,"None","None","None","None","None","None","None","2023"
2387,"None","None","None","None","None","None","None","2023"
2388,"None","None","None","None","None","None","None","2023"
2389,"None","None","None","None","None","None","None","2023"
2390,"None","None","None","None","None","None","None","2023"
2391,"None","None","None","None","None","None","None","2023"
2392,"None","None","None","None","None","None","None","2023"
2393,"None","None","None","None","None","None","None","2023"
2394,"None","None","None","None","None","None","None","2023"
2395,"None","None","None","None","None","None","None","2023"
2396,"None","None","None","None","None","None","None","2023"
2397,"None","None","None","None","None","None","None","2023"
2398,"None","None","None","None","None","None","None","2023"
2399,"None","None","None","None","None","None","None","2023"
2400,"None","None","None","None","None","None","None","2023"
2401,"None","None","None","None","None","None","None","2023"
2402,"None","None","None","None","None","None","None","2023"
2403,"None","None","None","None","None","None","None","2023"
2404,"None","None","None","None","None","None","None","2023"
2405,"None","None","None","None","None","None","None","2023"
2406,"None","None","None","None","None","None","None","2023"
2407,"None","None","None","None","None","None","None","2023"
2408,"None","None","None","None","None","None","None","2023"
2409,"None","None","None","None","None","None","None","2023"
2410,"None","None","None","None","None","None","None","2023"
2411,"None","None","None","None","None","None","None","2023"
2412,"None","None","None","None","None","None","None","2023"
2413,"None","None","None","None","None","None","None","2023"
2414,"None","None","None","None","None","None","None","2023"
2415,"None","None","None","None","None","None","None","2023"
2416,"None","None","None","None","None","None","None","2023"
2417,"None","None","None","None","None","None","None","2023"
2418,"None","None","None","None","None","None","None","2023"
2419,"None","None","None","None","None","None","None","2023"
2420,"None","None","None","None","None","None","None","2023"
2421,"None","None","None","None","None","None","None","2023"
2422,"12022958 Canada Institute","1 of 1","Spadina-Fort York","Local","20000","TAC","Toronto Arts Council","2024"
2423,"15629004 Canada Foundation","1 of 1","Toronto-St. Paul's","City-wide","8000","TAC","Toronto Arts Council","2024"
2424,"200WELL' - 200 Wellesley's Residents Community Safety & Security Committee","1 of 1","Toronto Centre","Neighbourhood","4990","CCRF","Social Development","2024"
2425,"4 The West End","1 of 1","York South-Weston","Local","8937.85","CH","Economic Development and Culture","2024"
2426,"40 Homewood Gardening Committee","1 of 1","Toronto Centre","Local","4921.42","PTCG","Environment, Climate and Forestry","2024"
2427,"415 Willowdale Building Families","1 of 1","Willowdale","Neighbourhood","5000","CCRF","Social Development","2024"
2428,"415 Willowdale Youth Fun","1 of 1","Willowdale","Neighbourhood","5000","CCRF","Social Development","2024"
2429,"440 Parkside Collective","1 of 1","Davenport","Local","20000","CBICGG","Indigenous Affairs Office","2024"
2430,"440 Parkside Dr.","1 of 1","All Wards","Local","10000","ICAG","Environment, Climate and Forestry","2024"
2431,"519 CHURCH STREET COMMUNITY CE","1 of 1","Toronto Centre","City-Wide","41811","HPP","Toronto Shelter & Support Services","2024"
2432,"519 Church Street Community Centre","1 of 1","Toronto Centre","City-wide","73044.53","CSP","Social Development","2024"
2433,"A Space Gallery","1 of 1","Spadina-Fort York","City-wide","62000","TAC","Toronto Arts Council","2024"
2434,"Abiona Centre for Infant & Early Mental Health (formerly Massey Centre for Women, The)","1 of 1","Toronto-Danforth","City-wide","34178.26","CSP","Social Development","2024"
2435,"Abrigo Centre","1 of 1","Davenport","Local","131133.94","CSP","Social Development","2024"
2436,"Access Alliance Multicultural Health and Community Services","1 of 1","University-Rosedale","City-wide","248811.11","CSP","Social Development","2024"
2437,"ACCESS COMMUNITY CAPITAL FUND","1 of 1","Spadina-Fort York","City-wide","50000","BIC","Economic Development and Culture","2024"
2438,"ACSA - AGINCOURT COMMUNITY SER","3 of 3","Scarborough-Agincourt","City-Wide","478500","HIF","Toronto Shelter & Support Services","2024"
2439,"Act 3 Theatre","1 of 1","Toronto Centre","City-wide","15000","TAC","Toronto Arts Council","2024"
2440,"Actors Repertory Company","1 of 1","Toronto Centre","City-wide","15000","TAC","Toronto Arts Council","2024"
2441,"Adelheid Dance Projects","1 of 1","Davenport","City-wide","18000","TAC","Toronto Arts Council","2024"
2442,"Adinkra Youth Action Alliance","1 of 1","Etobicoke North, Humber River-Black Creek","Local","17000","INI","Social Development","2024"
2443,"Afghan Women's Organization Refugee And Immigrant Services","1 of 1","Don Valley North","City-wide","93164.41","CSP","Social Development","2024"
2444,"African Women Acting Awa","2 of 2","Toronto Centre","City-wide","15000","TAC","Toronto Arts Council","2024"
2445,"African Women Acting Awa","1 of 2","Toronto Centre","Local","18750","TAC","Toronto Arts Council","2024"
2446,"Africans in Partnership Against AIDS (APAA)","1 of 1","Toronto Centre","City-wide","128432.38","CSP","Social Development","2024"
2447,"Africans United Action Group for a Greener Toronto","1 of 1","Scarborough North, Scarborough-Guildwood, Scarborough Rouge-Park","Local","7400","NCAG","Environment, Climate and Forestry","2024"
2448,"Afrique Like Me","1 of 1","Parkdale-High Park","Local","15000","TAC","Toronto Arts Council","2024"
2449,"Afro Centre for the Arts","1 of 1","Toronto Centre","Local","10000","CFFP","Economic Development and Culture","2024"
2450,"Afro-Indigenous Group","1 of 1","Downtown East","City wide","5000","LLG","Social Development","2024"
2451,"Afro-N8ive Creations","1 of 1","All Wards","Local","7900","ICAG","Environment, Climate and Forestry","2024"
2452,"Afrowaveto","1 of 1","Spadina-Fort York","Local","25000","TAC","Toronto Arts Council","2024"
2453,"Aga Khan Museum","1 of 1","Don Valley East","City-wide","175000","TAC","Toronto Arts Council","2024"
2454,"Against The Grain Theatre Inc.","1 of 1","Toronto-St. Paul's","City-wide","15000","TAC","Toronto Arts Council","2024"
2455,"Agincourt Community Services Association","1 of 2","Scarborough-Agincourt","Local","250000","YVP","Social Development","2024"
2456,"Agincourt Community Services Association","2 of 2","Scarborough-Agincourt","City-wide","251211.88","CSP","Social Development","2024"
2457,"Aiding Dramatic Change In Development","1 of 1","Toronto-Danforth","Local","33800","TAC","Toronto Arts Council","2024"
2458,"AIDS Committee of Toronto","1 of 1","Toronto Centre","City-wide","85928.06","CSP","Social Development","2024"
2459,"Albion Islington Square BIA","1 of 1","Etobicoke North","Local","7500","CFFP","Economic Development and Culture","2024"
2460,"Albion Neighbourhood Services","1 of 1","Etobicoke North","Local","187390.15","CSP","Social Development","2024"
2461,"ALBION NEIGHBOURHOOD SERVICES","1 of 1","Etobicoke North","City-Wide","600000","HIF","Toronto Shelter & Support Services","2024"
2462,"Albion Neighbourhood Services (trustee to Smile for Sache)","1 of 1","Etobicoke North","Local","5500","CH","Economic Development and Culture","2024"
2463,"Aluna Theatre","1 of 1","Davenport","City-wide","51480","TAC","Toronto Arts Council","2024"
2464,"Amadeus Choir Of Greater Toronto","1 of 1","Scarborough North","City-wide","26025","TAC","Toronto Arts Council","2024"
2465,"Amici Chamber Ensemble","1 of 1","Don Valley East","City-wide","20000","TAC","Toronto Arts Council","2024"
2466,"Anandam Dancetheatre Productions","1 of 1","Davenport","City-wide","24000","TAC","Toronto Arts Council","2024"
2467,"Anchored Minds Foundation (trustee to Nancy Huynh)","2 of 2","Humber River-Black Creek","Local","5013","CH","Economic Development and Culture","2024"
2468,"Anchored Minds Foundation (trustee to The Classroom)","1 of 2","Humber River-Black Creek","Local","9900","CH","Economic Development and Culture","2024"
2469,"Andpva","1 of 1","University-Rosedale","Local","15000","TAC","Toronto Arts Council","2024"
2470,"Angel Foundation for Learning","1 of 3","Willowdale","City Wide","4919284","SNP","Toronto Public Health","2024"
2471,"Angel Foundation for Learning","2 of 3","Willowdale","City Wide","50000","SNP","Toronto Public Health","2024"
2472,"Angel Foundation for Learning","3 of 3","Willowdale","City Wide","789217","SNP","Toronto Public Health","2024"
2473,"Angela Blumberg Dance (Abd)","1 of 1","Beaches-East York","City-wide","4000","TAC","Toronto Arts Council","2024"
2474,"Anishinaabemowin at Home in Toronto","1 of 1","Beaches-East York","Local","20000","CBICGG","Indigenous Affairs Office","2024"
2475,"Anishinawbe Wellness Collective","1 of 1","York South-Weston","City wide","4000","LLG","Social Development","2024"
2476,"Anivia Collective","1 of 1","Willowdale","City-wide","10000","TAC","Toronto Arts Council","2024"
2477,"Aphasia Institute","1 of 1","Don Valley East","City-wide","27878.38","CSP","Social Development","2024"
2478,"Applegrove Community Complex","1 of 1","Toronto-Danforth","Local","137575.71","CSP","Social Development","2024"
2479,"Arab Community Centre Of Toronto","1 of 1","Etobicoke Centre","City-wide","20000","TAC","Toronto Arts Council","2024"
2480,"Arab Community Centre of Toronto (trustee to Born Somali)","1 of 1","Etobicoke Centre","Local","5500","CH","Economic Development and Culture","2024"
2481,"Arbor Day Foundation","1 of 1","All Wards","City Wide","40733","FOR","Environment, Climate and Forestry","2024"
2482,"ARCH Disability Law Centre","1 of 1","Spadina-Fort York","City-wide","39450.86","CSP","Social Development","2024"
2483,"Armenian Relief Society, ARS Social Services","1 of 1","Don Valley North","City-wide","27878.38","CSP","Social Development","2024"
2484,"Arraymusic","1 of 1","Spadina-Fort York","City-wide","51000","TAC","Toronto Arts Council","2024"
2485,"Art Bar Poetry Series","1 of 1","Etobicoke-Lakeshore","City-wide","7200","TAC","Toronto Arts Council","2024"
2486,"Art Gallery of Ontario","1 of 1","Spadina Fort-York","Local","594000","COOP","Economic Development and Culture","2024"
2487,"Art Gallery Of York University","2 of 3","Humber River-Black Creek","City-wide","73000","TAC","Toronto Arts Council","2024"
2488,"Art Gallery Of York University","3 of 3","Humber River-Black Creek","Local","19000","TAC","Toronto Arts Council","2024"
2489,"Art Gallery Of York University","1 of 3","Humber River-Black Creek","Local","22500","TAC","Toronto Arts Council","2024"
2490,"Art Metropole","1 of 1","Davenport","City-wide","40000","TAC","Toronto Arts Council","2024"
2491,"Art Museum University Of Toronto","1 of 1","University-Rosedale","City-wide","25000","TAC","Toronto Arts Council","2024"
2492,"Art Starts","1 of 1","Eglinton-Lawrence","Local","80000","TAC","Toronto Arts Council","2024"
2493,"Art Starts","1 of 1","Eglinton-Lawrence","Local","22000","StART PP","Transportation Services","2024"
2494,"Artist Film Exhibition Group","1 of 1","Spadina-Fort York","City-wide","23000","TAC","Toronto Arts Council","2024"
2495,"Arts Etobicoke","1 of 1","Etobicoke-Lakeshore","Local","425906","LASO","Economic Development and Culture","2024"
2496,"Arts for Canadians Tomorrow Society","1 of 1","Spadina-Fort York","Local","7500","CFFP","Economic Development and Culture","2024"
2497,"Arts Inter-Media Canada/Dance Collection Danse","1 of 1","Toronto Centre","City-wide","37400","TAC","Toronto Arts Council","2024"
2498,"Arts4All Creative Society","1 of 1","Davenport","Local","15000","TAC","Toronto Arts Council","2024"
2499,"ArtsPond","1 of 1","Davenport","Local","10000","YCISI","Economic Development and Culture","2024"
2500,"Artspond / Étang D'Arts","1 of 1","Davenport","City-wide","16806","TAC","Toronto Arts Council","2024"
2501,"Artsxplosion Cultural Society","1 of 1","Toronto Centre","Local","10000","CFFP","Economic Development and Culture","2024"
2502,"Ashe/Axé/Ase","1 of 1","Toronto Centre","City-wide","20000","TAC","Toronto Arts Council","2024"
2503,"Ashkenaz Foundation","1 of 1","University-Rosedale","City-wide","50000","TAC","Toronto Arts Council","2024"
2504,"Asian Arts And Culture Trust","1 of 1","Spadina-Fort York","City-wide","20000","TAC","Toronto Arts Council","2024"
2505,"Assaulted Women's Helpline","1 of 1","Spadina-Fort York","City-wide","73294.26","CSP","Social Development","2024"
2506,"AstroSankofa Arts Iniatives","1 of 2","Don Valley North","City-wide","53000","YCISI","Economic Development and Culture","2024"
2507,"AstroSankofa Arts Initiatives","2 of 2","Don Valley North","Local","20000","CH","Economic Development and Culture","2024"
2508,"Astrosankofa Arts Initiatives","1 of 1","Don Valley North","Local","7500","TAC","Toronto Arts Council","2024"
2509,"AstroSankofa Arts Initiatives","1 of 1","Humber River-Black Creek","Local","55450","StART PP","Transportation Services","2024"
2510,"At Dem","1 of 1","Davenport","Neighbourhood","14800","TAC","Toronto Arts Council","2024"
2511,"b current Performing Arts co","1 of 1","University-Rosedale","Local","35000","BMFF","Social Development","2024"
2512,"B Current Performing Arts Co.","1 of 1","Toronto-St. Paul's","City-wide","33000","TAC","Toronto Arts Council","2024"
2513,"Bach Children'S Chorus Of Scarborough","1 of 1","Scarborough-Guildwood","Local","31100","TAC","Toronto Arts Council","2024"
2514,"Bad Dog Theatre Company","1 of 1","University-Rosedale","City-wide","10000","TAC","Toronto Arts Council","2024"
2515,"Bad Hats Theatre","1 of 1","Spadina-Fort York","City-wide","14000","TAC","Toronto Arts Council","2024"
2516,"Bad Pony Productions","1 of 1","Davenport","City-wide","15000","TAC","Toronto Arts Council","2024"
2517,"Bala Garden Committee & School Advisory Council","1 of 1","York South-Weston","Local","4448","PTCG","Environment, Climate and Forestry","2024"
2518,"Ballet Creole","1 of 1","Davenport","Local","18750","TAC","Toronto Arts Council","2024"
2519,"Ballet Jörgen Canada","1 of 1","Toronto-St. Paul's","City-wide","95000","TAC","Toronto Arts Council","2024"
2520,"BAM Collective (trusteed by Gendai)","1 of 1","Parkdale High Park","Local","53000","YCISI","Economic Development and Culture","2024"
2521,"Barbra Schlifer Commemorative Clinic","1 of 1","University-Rosedale","City-wide","63969.3","CSP","Social Development","2024"
2522,"Bareket Kezwer","1 of 1","Davenport","Local","68000","StART PP","Transportation Services","2024"
2523,"Bathurst-Finch Food Coalition (BFFC)","1 of 1","York Centre","Local","7500","NCAG","Environment, Climate and Forestry","2024"
2524,"Bathurst-Finch Women's Group","1 of 1","York Centre","Local","7500","NCAG","Environment, Climate and Forestry","2024"
2525,"Batuki Music Society","1 of 1","University-Rosedale","City-wide","28500","TAC","Toronto Arts Council","2024"
2526,"Beats + Skates","1 of 1","Davenport","City-wide","7500","TAC","Toronto Arts Council","2024"
2527,"Bendale Butterflyway","1 of 1","Scarborough Centre","Local","4835","PTCG","Environment, Climate and Forestry","2024"
2528,"Bereaved Families of Ontario-Toronto","1 of 1","Toronto-St. Paul’s","City-wide","84038.1","CSP","Social Development","2024"
2529,"Bernard Betel Centre","1 of 1","York Centre","Local","153245.95","CSP","Social Development","2024"
2530,"Better Living Health and Community Services","1 of 1","Don Valley East","Neighbourhood","274430.63","CSP","Social Development","2024"
2531,"BIG Bloor Improvement Group","1 of 1","Davenport","Local","10000","CFFP","Economic Development and Culture","2024"
2532,"BIPOC TV & Film (trustee to Richard Dang)","1 of 1","Toronto-Danforth","Local","5500","CH","Economic Development and Culture","2024"
2533,"Birchmount Bluffs Neighbourhood Centre","1 of 2","Scarborough Southwest","Local","30000","LLG","Social Development","2024"
2534,"Birchmount Bluffs Neighbourhood Centre (BBNC)","2 of 2","Scarborough Southwest","Local","104509.87","CSP","Social Development","2024"
2535,"Black Artists' Networks in Dialogue","1 of 1","Davenport","Local","35000","BMFF","Social Development","2024"
2536,"Black Artists' Networks In Dialogue Gallery And Cultural Centre","1 of 1","Spadina-Fort York","City-wide","44000","TAC","Toronto Arts Council","2024"
2537,"Black Coalition for AIDS Prevention of Metropolitan Toronto","1 of 2","Toronto Centre","City-Wide","35000","BMFF","Social Development","2024"
2538,"Black Coalition for AIDS Prevention of Metropolitan Toronto","2 of 2","Etobicoke-Lakeshore","City-Wide","30000","BMFF","Social Development","2024"
2539,"BLACK CREEK COMMUNITY HEALTH C","1 of 1","Humber River-Black Creek","City-wide","20000","BIC","Economic Development and Culture","2024"
2540,"Black Creek Community Health Centre","1 of 1","Humber River-Black Creek","Local","20000","CH","Economic Development and Culture","2024"
2541,"Black Pledge Collective","1 of 1","Spadina-Fort York","City-wide","13000","TAC","Toronto Arts Council","2024"
2542,"Black Star North Film Collective","1 of 1","Toronto Centre","Neighbourhood","14225","TAC","Toronto Arts Council","2024"
2543,"Black Urbanism TO INC","1 of 1","Toronto-St. Paul's","Local","5500","CH","Economic Development and Culture","2024"
2544,"Black Women Film","1 of 1","Toronto-Danforth","City-wide","20000","TAC","Toronto Arts Council","2024"
2545,"Blackhurst Cultural Centre","1 of 1","University-Rosedale","Local","45000","TAC","Toronto Arts Council","2024"
2546,"Blooming Partners- BGC East Scarborough","1 of 1","Scarborough-Guildwood","Local","3060","PTCG","Environment, Climate and Forestry","2024"
2547,"Blue Bird Theatre Collective","1 of 1","Davenport","City-wide","10000","TAC","Toronto Arts Council","2024"
2548,"Blue Ceiling Dance","1 of 1","Parkdale-High Park","City-wide","19000","TAC","Toronto Arts Council","2024"
2549,"Blue Pond Garden Club","1 of 1","Scarborough North","Local","2811.23","PTCG","Environment, Climate and Forestry","2024"
2550,"Bob Rumball Canadian Centre of Excellence for the Deaf","1 of 1","Don Valley West","City-wide","16924.54","CSP","Social Development","2024"
2551,"Boost Child & Youth Advocacy Centre","1 of 1","Don Valley West","City-wide","326867.18","CSP","Social Development","2024"
2552,"Bouchardanse","1 of 1","Davenport","City-wide","15000","TAC","Toronto Arts Council","2024"
2553,"Braeburn Neighbourhood Place","1 of 1","Etobicoke North","Local","59599.12","CSP","Social Development","2024"
2554,"Braeburn Neighbourhood Place","1 of 1","Etobicoke North","Local","150000","TCS","Toronto Children's Services","2024"
2555,"Braeburn Neighbourhood Place Incorporated","1 of 2","Etobicoke North","Local","18750","TAC","Toronto Arts Council","2024"
2556,"Braeburn Neighbourhood Place Incorporated","2 of 2","Etobicoke North","Local","19000","TAC","Toronto Arts Council","2024"
2557,"Breaking Canada (Toronto)","1 of 1","Scarborough-Rouge Park","Local","19000","TAC","Toronto Arts Council","2024"
2558,"Breakthroughs Film Festival","1 of 1","Toronto Centre","City-wide","10000","TAC","Toronto Arts Council","2024"
2559,"Brick Literary Collective","1 of 1","University-Rosedale","City-wide","7050","TAC","Toronto Arts Council","2024"
2560,"Buddies In Bad Times Theatre","1 of 1","Toronto Centre","City-wide","173000","TAC","Toronto Arts Council","2024"
2561,"Building Leaders for Change (COVID19 Youth-led)","1 of 1","Toronto Centre","Neighbourhood","5000","CCRF","Social Development","2024"
2562,"Building Legacy","1 of 1","Davenport","Local","7500","NCAG","Environment, Climate and Forestry","2024"
2563,"BUSINESS IN THE STREETS","1 of 1","Spadina-Fort York","City-wide","20000","BIC","Economic Development and Culture","2024"
2564,"Cabbagetown Business Improvement Area","1 of 1","Toronto Centre","Local","10000","CFFP","Economic Development and Culture","2024"
2565,"Cada/East","1 of 1","Toronto Centre","City-wide","21000","TAC","Toronto Arts Council","2024"
2566,"Cahoots Theatre","1 of 1","Toronto Centre","City-wide","61500","TAC","Toronto Arts Council","2024"
2567,"Caliban Arts Theatre","1 of 1","Toronto-Danforth","City-wide","3500","TAC","Toronto Arts Council","2024"
2568,"Campus Thrift","1 of 1","York South-Weston, York Centre, Don Valley North","Local","7500","NCAG","Environment, Climate and Forestry","2024"
2569,"Canada’s Music Incubator","1 of 1","University-Rosedale","City-wide","47320","BIC","Economic Development and Culture","2024"
2570,"Canada's National Ballet School","1 of 1","Toronto Centre","Local","200000","COOP","Economic Development and Culture","2024"
2571,"Canadian Association of Chinese Performing Arts","1 of 1","Toronto Centre","Local","10000","CFFP","Economic Development and Culture","2024"
2572,"Canadian Centre for Housing Rights","1 of 2","Spadina-Fort York","City-wide","623583.33","TTSP","Housing Secretariat","2024"
2573,"Canadian Centre for Housing Rights","2 of 2","Spadina-Fort York","City-wide","60000","TTSP","Housing Secretariat","2024"
2574,"Canadian Centre for Victims of Torture","1 of 1","Toronto Centre","City-wide","33003.41","CSP","Social Development","2024"
2575,"Canadian Chamber Orchestra","1 of 1","Scarborough Southwest","City-wide","9000","TAC","Toronto Arts Council","2024"
2576,"Canadian Children'S Opera Company","1 of 1","Toronto Centre","City-wide","24700","TAC","Toronto Arts Council","2024"
2577,"Canadian Contemporary Dance Theatre","1 of 1","Toronto Centre","City-wide","56000","TAC","Toronto Arts Council","2024"
2578,"Canadian Dance Assembly / Assemblée Canadienne De La Danse","1 of 1","Toronto Centre","City-wide","20000","TAC","Toronto Arts Council","2024"
2579,"Canadian Mental Health Association Toronto Branch","1 of 1","University-Rosedale","City-wide","22015.52","CSP","Social Development","2024"
2580,"Canadian Music Centre","1 of 1","Toronto Centre","City-wide","78000","TAC","Toronto Arts Council","2024"
2581,"Canadian Opera Company","1 of 1","Toronto Centre","City-wide","1500000","TAC","Toronto Arts Council","2024"
2582,"Canadian Red Cross Society, Toronto Region branch","1 of 1","Davenport","City-wide","177701.96","CSP","Social Development","2024"
2583,"Canadian Reggae Music Association","1 of 2","York Centre","City","5500","CH","Economic Development and Culture","2024"
2584,"Canadian Reggae Music Association","2 of 2","Eglinton-Lawrence","Local","10000","CFFP","Economic Development and Culture","2024"
2585,"Canadian Reggae Music Association","1 of 1","Eglinton-Lawrence","City-wide","12000","TAC","Toronto Arts Council","2024"
2586,"Canadian Stage","1 of 1","Toronto Centre","City-wide","832000","TAC","Toronto Arts Council","2024"
2587,"Canadian Tamil Youth Development Centre (CanTYD)","1 of 1","Scarborough-Guildwood","City-wide","156685.33","CSP","Social Development","2024"
2588,"Canadian-Caribbean Arts Network (C-Can)","1 of 1","Toronto Centre","City-wide","12000","TAC","Toronto Arts Council","2024"
2589,"Canasian Dance Festival","1 of 1","Toronto Centre","City-wide","25000","TAC","Toronto Arts Council","2024"
2590,"Canvas Arts Action Programs","1 of 1","Toronto-St. Paul's","City-wide","22000","TAC","Toronto Arts Council","2024"
2591,"Carefirst Seniors & Community Services Association","1 of 1","Scarborough-Agincourt","City-wide","115758.82","CSP","Social Development","2024"
2592,"Carfac Ontario","1 of 1","Spadina-Fort York","City-wide","24000","TAC","Toronto Arts Council","2024"
2593,"Caribbean Canadian Artistic Star Inc.","1 of 1","Humber River-Black Creek","Local","5000","CH","Economic Development and Culture","2024"
2594,"Caribbean Promotions Arts & Culture Inc.","1 of 1","Etobicoke Centre","Local","15000","CFFP","Economic Development and Culture","2024"
2595,"Caribbeantales","1 of 1","Spadina-Fort York","City-wide","17500","TAC","Toronto Arts Council","2024"
2596,"Carriers of Our Messages","1 of 1","Davenport","Local","20000","CBICGG","Indigenous Affairs Office","2024"
2597,"Catalysts’ Circle","1 of 1","All Wards","City wide","50000","LLG","Social Development","2024"
2598,"Cathedral Bluffs Symphony Orchestra","1 of 1","Scarborough Southwest","City-wide","20000","TAC","Toronto Arts Council","2024"
2599,"Catholic Crosscultural Services","1 of 1","Scarborough Centre","City-wide","32918.28","CSP","Social Development","2024"
2600,"Catholic School Parent Council (Father Henry Carr C.S.S.)","1 of 1","Etobicoke North","Local","5000","CCRF","Social Development","2024"
2601,"Cecil Community Centre","1 of 1","University-Rosedale","Local","6345.28","CSP","Social Development","2024"
2602,"Centennial College of Applied Arts and Technology","1 of 1","York Centre","Neighbourhood","15500","FOR","Environment, Climate and Forestry","2024"
2603,"Central Eglinton Community Centre","1 of 1","Toronto-St. Paul’s","Neighbourhood","33973.93","CSP","Social Development","2024"
2604,"Centre for Black Young Professionals (CEE)","1 of 3","Scarborough Centre","City-Wide","15000","CB","Social Development","2024"
2605,"Centre for Black Young Professionals (CEE)","2 of 3","Scarborough Centre","City-wide","840000","BMFF","Social Development","2024"
2606,"Centre for Black Young Professionals (CEE)","3 of 2","Scarborough Centre","City-Wide","25000","INI","Social Development","2024"
2607,"Centre for Immigrant & Community Services","1 of 1","Scarborough-Agincourt","City-wide","125000","TTSP","Housing Secretariat","2024"
2608,"Centre for Immigrant and Community Services","1 of 1","Scarborough-Agincourt","City-wide","146923.38","CSP","Social Development","2024"
2609,"Centre for Independent Living in Toronto","1 of 1","Toronto Centre","City-wide","29365.37","CSP","Social Development","2024"
2610,"Centre For Indigenous Theatre","1 of 1","Spadina-Fort York","City-wide","65000","TAC","Toronto Arts Council","2024"
2611,"CENTRE FOR SOCIAL INNOVATION","1 of 3","Spadina-Fort York","City-wide","20000","BIC","Economic Development and Culture","2024"
2612,"CENTRE FOR SOCIAL INNOVATION","2 of 3","Spadina-Fort York","City-wide","10000","BIC","Economic Development and Culture","2024"
2613,"CENTRE FOR SOCIAL INNOVATION","3 of 3","Spadina-Fort York","City-wide","100000","BIC","Economic Development and Culture","2024"
2614,"Centre Francophone de Toronto","1 of 1","Spadina-Fort York","City-wide","150000","TCS","Toronto Children's Services","2024"
2615,"Cfmdc","1 of 1","Davenport","City-wide","53000","TAC","Toronto Arts Council","2024"
2616,"CGLCC: Canada's LGBT+ Chamber of Commerce","1 of 1","Spadina-Fort York","City-wide","10000","BIC","Economic Development and Culture","2024"
2617,"Charles E Webster PS Eco Club","1 of 1","York South-Weston","Local","4900","PTCG","Environment, Climate and Forestry","2024"
2618,"Charles Street Video","1 of 1","Davenport","City-wide","54500","TAC","Toronto Arts Council","2024"
2619,"Charlotte Carbone & Diséiye Thompson","1 of 1","Davenport","Neighbourhood","9900","TAC","Toronto Arts Council","2024"
2620,"Chester le Healing Families: Mending Ruptures for Change","1 of 1","Scarborough-Agincourt","Neighbourhood","4600","CCRF","Social Development","2024"
2621,"Chester Le Youth Resiliency: Activating Change for Tomorrow (COVID19 Youth-led)","1 of 1","Scarborough-Agincourt","Neighbourhood","4600","CCRF","Social Development","2024"
2622,"Children'S Peace Theatre","1 of 1","Beaches-East York","City-wide","57000","TAC","Toronto Arts Council","2024"
2623,"Chinese Artists Society Of Toronto","1 of 1","Scarborough-Agincourt","City-wide","13050","TAC","Toronto Arts Council","2024"
2624,"Chinese Canadian National Council Toronto Chapter","1 of 1","Spadina-Fort York","City-wide","70535.93","CSP","Social Development","2024"
2625,"Chinese Cultural Centre of Greater Toronto","1 of 1","Scarborough North","Local","10000","CFFP","Economic Development and Culture","2024"
2626,"Chinese Feminism Toronto","1 of 1","Toronto Centre","City-wide","10200","TAC","Toronto Arts Council","2024"
2627,"ChocoSol Traders","1 of 1","Toronto Centre","Local","28279","CFIF","Waste Management","2024"
2628,"CHPS Pollinator Propagators","1 of 1","Scarborough-Guildwood","Local","4229.5","PTCG","Environment, Climate and Forestry","2024"
2629,"CHRISTIE OSSINGTON NEIGHBOURHO","1 of 1","University-Rosedale","City-Wide","41811","HPP","Toronto Shelter & Support Services","2024"
2630,"Christie Ossington Neighbourhood Centre","1 of 1","Davenport","City-wide","86007.52","CSP","Social Development","2024"
2631,"Church and Gloucester Street Pollinator Garden","1 of 1","Toronto Centre","Local","3879.68","PTCG","Environment, Climate and Forestry","2024"
2632,"Circulr Inc.","1 of 1","Etobicoke-Lakeshore","City-wide","23400","CFIF","Waste Management","2024"
2633,"Citadel + Compagnie","1 of 1","Toronto Centre","City-wide","62000","TAC","Toronto Arts Council","2024"
2634,"Clay And Paper Theatre","1 of 1","Davenport","Local","30000","TAC","Toronto Arts Council","2024"
2635,"Clean Energy Zone, Toronto Metropolitan University","1 of 1","Toronto Centre","City-wide","20000","BIC","Economic Development and Culture","2024"
2636,"CLEAN TECH NORTH","1 of 1","Beaches-East York","City-wide","10000","BIC","Economic Development and Culture","2024"
2637,"Clic Clac Collective","1 of 1","York South-Weston","Local","14000","TAC","Toronto Arts Council","2024"
2638,"Cliffcrest / Heart Beatz","1 of 1","Scarborough-Guildwood","Neighbourhood","100000","TCS","Toronto Children's Services","2024"
2639,"Cliffcrest Community Centre","1 of 1","Scarborough Centre","Local","42271.62","CSP","Social Development","2024"
2640,"Climate Change Wellness Café","1 of 1","Don Valley East, Don Valley West","Local","7500","NCAG","Environment, Climate and Forestry","2024"
2641,"Climate Justice Toronto","1 of 1","York South-Weston","Local","7500","NCAG","Environment, Climate and Forestry","2024"
2642,"COACH JOHN LEADERSHIP 7 COMMUNITY ENGAGEMENT INITIATIVE","1 of 1","Scarborough-Rouge Park","Local","4900","CCRF","Social Development","2024"
2643,"Coalition of Women in Leadership","1 of 1","Don Valley West","Local","7500","NCAG","Environment, Climate and Forestry","2024"
2644,"Coco Collective","1 of 1","Etobicoke North","City-wide","9300","TAC","Toronto Arts Council","2024"
2645,"Coexisdance Toronto","1 of 1","Davenport","City-wide","6045","TAC","Toronto Arts Council","2024"
2646,"Common Boots Theatre","1 of 1","Don Valley East","City-wide","41000","TAC","Toronto Arts Council","2024"
2647,"Community Arts Guild","1 of 2","Scarborough-Guildwood","Local","21000","TAC","Toronto Arts Council","2024"
2648,"Community Arts Guild","2 of 2","Scarborough-Guildwood","Local","20000","TAC","Toronto Arts Council","2024"
2649,"Community Building Working Group","1 of 1","Toronto Centre","Neighbourhood","40000","RPSDP","Social Development","2024"
2650,"Community Cats Toronto","1 of 1","Toronto Centre","City-wide","2500","TAS","Toronto Animal Services","2024"
2651,"Community Family Services of Ontario","1 of 1","Scarborough-Agincourt","City-wide","20000","BIC","Economic Development and Culture","2024"
2652,"Community Family Services of Ontario","1 of 1","Scarborough-Agincourt","City-wide","46919.91","CSP","Social Development","2024"
2653,"Community Fridges Toronto","1 of 1","Parkdale-High Park, Davenport, University-Rosedale","Local","7450","NCAG","Environment, Climate and Forestry","2024"
2654,"Community Healing Journey","1 of 1","Toronto Centre","Local","5000","CCRF","Social Development","2024"
2655,"Community Music Schools of Toronto","1 of 1","Toronto Centre","Neighbourhood","25560","RPSDP","Social Development","2024"
2656,"Community Music Schools Of Toronto","1 of 1","Toronto Centre","Local","35000","TAC","Toronto Arts Council","2024"
2657,"Community Renewal Coalition","1 of 1","Humber River-Black Creek","Local","16898","INI","Social Development","2024"
2658,"Community Resilience Initiative","1 of 1","Etobicoke North","Local","5000","CCRF","Social Development","2024"
2659,"Community Social Planning Council of Toronto","1 of 1","Toronto Centre","City-wide","488626.47","CSP","Social Development","2024"
2660,"Compania Carmen Romero","1 of 1","Don Valley East","Local","12091","TAC","Toronto Arts Council","2024"
2661,"Concerts In Care Ontario","1 of 1","York South-Weston","City-wide","3500","TAC","Toronto Arts Council","2024"
2662,"Confluence Concerts","1 of 1","University-Rosedale","City-wide","10400","TAC","Toronto Arts Council","2024"
2663,"CONTACT Photography Festival","1 of 1","Multiple","City-wide","50000","CFFP","Economic Development and Culture","2024"
2664,"Continuum Contemporary Music Ensemble","1 of 1","Don Valley East","City-wide","30600","TAC","Toronto Arts Council","2024"
2665,"Cope With Art Youth (COVID19 Youth-led)","1 of 1","University-Rosedale","Local","5000","CCRF","Social Development","2024"
2666,"Corpus","1 of 1","Davenport","City-wide","33000","TAC","Toronto Arts Council","2024"
2667,"COSTI Immigrant Services","1 of 1","Davenport","City-wide","161430.11","CSP","Social Development","2024"
2668,"COTA Health","1 of 2","Toronto Centre","Local","250147.66","AASSP","Housing Secretariat","2024"
2669,"COTA Health","2 of 2","Toronto Centre","Local","273876.75","AASSP","Housing Secretariat","2024"
2670,"Council of Agencies Serving South Asians","1 of 1","Scarborough North","City-wide","70535.93","CSP","Social Development","2024"
2671,"Council of Elders (COVID19 Youth-led)","1 of 1","Eglinton-Lawrence","Local","4900","CCRF","Social Development","2024"
2672,"Craft Ontario","1 of 1","Davenport","City-wide","23100","TAC","Toronto Arts Council","2024"
2673,"Crosby Gitigaan","1 of 2","All Wards","Local","10150","ICAG","Environment, Climate and Forestry","2024"
2674,"Crosby Gitigaan","2 of 2","All Wards","Local","9850","ICAG","Environment, Climate and Forestry","2024"
2675,"Crosby Gitigaan Services","1 of 1","Toronto-Danforth","Local","20000","CBICGG","Indigenous Affairs Office","2024"
2676,"Crossroads Theatre","2 of 2","York South-Weston","Local","15000","TAC","Toronto Arts Council","2024"
2677,"Crossroads Theatre","1 of 2","York South-Weston","Local","20000","TAC","Toronto Arts Council","2024"
2678,"Crows Theatre","1 of 1","Toronto-Danforth","City-wide","48000","TAC","Toronto Arts Council","2024"
2679,"Cue Art Projects","1 of 1","Davenport","City-wide","10000","TAC","Toronto Arts Council","2024"
2680,"CultureLink Settlement & Community Services","1 of 1","Parkdale-High Park","City-wide","120367.39","CSP","Social Development","2024"
2681,"Dance Immersion Ontario","1 of 1","University-Rosedale","City-wide","40000","TAC","Toronto Arts Council","2024"
2682,"Dance Migration Project","1 of 1","Eglinton-Lawrence","Local","21000","TAC","Toronto Arts Council","2024"
2683,"Dance Ontario Association","1 of 1","Davenport","City-wide","20000","TAC","Toronto Arts Council","2024"
2684,"Dance Together Festival","2 of 2","Parkdale-High Park","Local","20000","TAC","Toronto Arts Council","2024"
2685,"Dance Together Festival","1 of 2","Parkdale-High Park","Local","20000","TAC","Toronto Arts Council","2024"
2686,"Dancemakers","1 of 1","Toronto Centre","City-wide","91600","TAC","Toronto Arts Council","2024"
2687,"Dancer Transition Resource Centre","1 of 1","University-Rosedale","City-wide","15000","TAC","Toronto Arts Council","2024"
2688,"Danceworks","1 of 1","University-Rosedale","City-wide","55000","TAC","Toronto Arts Council","2024"
2689,"Danzig Love","1 of 2","Scarborough-Guildwood","Neighbourhood","5000","CCRF","Social Development","2024"
2690,"Danzig Love","2 of 2","Scarborough-Rouge Park","Neighbourhood","5000","CCRF","Social Development","2024"
2691,"Danzig Stage One (formerly Play Therapy)","1 of 1","Scarborough-Guildwood","Neighbourhood","4850","CCRF","Social Development","2024"
2692,"Davenport-Perth Neighbourhood and Community Health Centre","1 of 1","Davenport","Neighbourhood","108119.52","CSP","Social Development","2024"
2693,"DCTI EcoClub","1 of 1","Toronto-Danforth","Local","2500","PTCG","Environment, Climate and Forestry","2024"
2694,"Delta Family Resource Centre","1 of 5","Etobicoke North","City-Wide","15000","CB","Social Development","2024"
2695,"Delta Family Resource Centre","2 of 5","Etobicoke North","City-wide","800000","BMFF","Social Development","2024"
2696,"Delta Family Resource Centre","3 of 5","Etobicoke North","City-wide","136100.06","CSP","Social Development","2024"
2697,"Delta Family Resource Centre","4 of 5","Etobicoke North","Local","65000","LLG","Social Development","2024"
2698,"Delta Family Resource Centre","5 of 5","Etobicoke North","City-Wide","25000","INI","Social Development","2024"
2699,"Delta Family Resource Centre","1 of 1","Humber River-Black Creek","Neighbourhood","150000","TCS","Toronto Children's Services","2024"
2700,"DevelopME Youth Centre","1 of 1","Etobicoke North, York South-Weston","Local","17000","INI","Social Development","2024"
2701,"Dia De Los Muertos Collective","1 of 1","Spadina-Fort York","Local","13000","TAC","Toronto Arts Council","2024"
2702,"Diaspora Dialogues","1 of 1","University-Rosedale","City-wide","50000","TAC","Toronto Arts Council","2024"
2703,"Dig","1 of 1","Parkdale-High Park","City-wide","9000","TAC","Toronto Arts Council","2024"
2704,"Digizine Collective","1 of 1","Spadina-Fort York","City-wide","18750","TAC","Toronto Arts Council","2024"
2705,"Directors Lab North","1 of 1","Toronto-Danforth","City-wide","12000","TAC","Toronto Arts Council","2024"
2706,"Distress Centres of Greater Toronto","1 of 1","Toronto Centre","City-wide","142019.68","CSP","Social Development","2024"
2707,"DISTRICT VENTURES KITCHEN","1 of 1","York South-Weston","City-wide","100000","BIC","Economic Development and Culture","2024"
2708,"DIVERSITY INSTITUTE - TORONTO","1 of 1","Toronto Centre","City-wide","10000","BIC","Economic Development and Culture","2024"
2709,"Dixon Hall","1 of 1","Toronto Centre","Local","393980.74","CSP","Social Development","2024"
2710,"DMA Green Gang","1 of 1","Don Valley East","Local","2465","PTCG","Environment, Climate and Forestry","2024"
2711,"Doris Mccarthy Gallery, University Of Toronto Scarborough","1 of 1","Scarborough-Rouge Park","City-wide","57400","TAC","Toronto Arts Council","2024"
2712,"Dovercourt Boys and Girls Club","1 of 1","Davenport","Local","66693.57","CSP","Social Development","2024"
2713,"Downtown East Care Project, Street Health Community Nursing Foundation","1 of 1","Toronto Centre","Local","5000","CCRF","Social Development","2024"
2714,"Draft Collective","1 of 1","Toronto-Danforth","City-wide","7000","TAC","Toronto Arts Council","2024"
2715,"Drawing Into Threads","1 of 1","Humber River-Black Creek","City-wide","6750","TAC","Toronto Arts Council","2024"
2716,"Dreamwalker Dance Company","1 of 1","Toronto Centre","City-wide","28000","TAC","Toronto Arts Council","2024"
2717,"Duo Cichorium","1 of 2","Toronto-St. Paul's","City-wide","9000","TAC","Toronto Arts Council","2024"
2718,"Duo Cichorium","2 of 2","Toronto-St. Paul's","Neighbourhood","15000","TAC","Toronto Arts Council","2024"
2719,"Dusk Dances Inc.","1 of 1","Toronto Centre","City-wide","33000","TAC","Toronto Arts Council","2024"
2720,"Earth Helpers","1 of 1","All Wards","Local","7238","ICAG","Environment, Climate and Forestry","2024"
2721,"Earth Helpers Garden Inc.","1 of 1","University-Rosedale","Local","20000","CBICGG","Indigenous Affairs Office","2024"
2722,"Earth Work Vision","1 of 1","York South-Weston","Local","4000","LLG","Social Development","2024"
2723,"East End Arts","1 of 1","Toronto-Danforth","Local","226010","LASO","Economic Development and Culture","2024"
2724,"East End United Regional Ministry","1 of 1","Toronto-Danforth","Local","4500","PTCG","Environment, Climate and Forestry","2024"
2725,"East Scarborough Boys & Girls Club","1 of 2","Scarborough Southwest","Local","208400","YVP","Social Development","2024"
2726,"East Scarborough Boys & Girls Club","2 of 2","Scarborough-Guildwood","Local","211414.82","CSP","Social Development","2024"
2727,"East Scarborough Storefront - MakeWay Charitable Society","1 of 1","Scarborough-Guildwood","City-wide","106984.41","CSP","Social Development","2024"
2728,"East Toronto Family Community Centre","1 of 1","Toronto-Danforth","Local","80150.34","CSP","Social Development","2024"
2729,"East York Meals on Wheels","1 of 1","Don Valley West","Local","34564.2","CSP","Social Development","2024"
2730,"East Yorker Gardeners","1 of 1","Toronto-Danforth","Local","4156.9","PTCG","Environment, Climate and Forestry","2024"
2731,"Eat Together, Grow Together (Youth-Led General)","1 of 1","Scarborough-Guildwood","Local","5000","CCRF","Social Development","2024"
2732,"Echo Effect: Youth Empowered (COVID19 Youth-led)","1 of 1","Humber River-Black Creek","Local","5000","CCRF","Social Development","2024"
2733,"Echo Women'S Choir","1 of 1","Toronto Centre","City-wide","12000","TAC","Toronto Arts Council","2024"
2734,"Eco-Just Youth Co-op","1 of 1","Davenport","Local","6500","NCAG","Environment, Climate and Forestry","2024"
2735,"Eldritch Theatre Incorporated","1 of 1","Beaches-East York","Local","12000","TAC","Toronto Arts Council","2024"
2736,"Eliana Cuevas Music Collective","1 of 1","York South-Weston","City-wide","9000","TAC","Toronto Arts Council","2024"
2737,"ELLA    Account name comes up as YSPACE, York Univ","1 of 1","Humber River-Black Creek","City-wide","20000","BIC","Economic Development and Culture","2024"
2738,"Elmbank JMA Parent Council","1 of 1","Etobicoke North","Neighbourhood","5000","CCRF","Social Development","2024"
2739,"Elspeth Heyworth Centre for Women (North York)","1 of 1","Humber River-Black Creek","Local","50344.44","CSP","Social Development","2024"
2740,"Emerging Writers","1 of 1","Davenport","City-wide","6921","TAC","Toronto Arts Council","2024"
2741,"Emotionart","1 of 1","Toronto-Danforth","Local","20000","TAC","Toronto Arts Council","2024"
2742,"Empower the Youth Foundation","1 of 1","Scarborough Centre","Neighbourhood","5000","CCRF","Social Development","2024"
2743,"Empowering Young Women","1 of 1","Scarborough Centre, Scarborough-Agincourt, Scarborough-Guildwood","Local","9923.19","INI","Social Development","2024"
2744,"ENAGB Indigenous Youth Agency","1 of 1","York South-Weston","City wide","17000","INI","Social Development","2024"
2745,"Engaged Communities","1 of 2","Don Valley West","Local","60603.6","YVP","Social Development","2024"
2746,"Engaged Communities","1 of 1","Don Valley West","Local","20000","TAC","Toronto Arts Council","2024"
2747,"Engaged Communities Youth Team (COVID19 Youth-led)","1 of 1","Don Valley West","Local","5000","CCRF","Social Development","2024"
2748,"Engaged
Communities (Trustee: TNO- The Neighbourhood Organization)","2 of 2","Don Valley East","Local","17000","INI","Social Development","2024"
2749,"EPIC Leadership","1 of 1","Eglinton-Lawrence","Local","20000","YCISI","Economic Development and Culture","2024"
2750,"Epilepsy Toronto","1 of 1","Beaches- East York","Local","10000","CFFP","Economic Development and Culture","2024"
2751,"Epilepsy Toronto","1 of 1","Toronto Centre","City-wide","51216.3","CSP","Social Development","2024"
2752,"Eritrean Canadian Community Center of Metropolitan Toronto","1 of 1","Toronto-St. Paul’s","City-wide","36664.15","CSP","Social Development","2024"
2753,"Eshkiniigjik Naandwechigegamig, Aabiish Gaa Binjibaaying - ENAGB Youth Program","1 of 1","York South-Weston","City-wide","416174.8","YVP","Social Development","2024"
2754,"Esmeralda Enrique Spanish Dance Company","1 of 1","Spadina-Fort York","City-wide","28000","TAC","Toronto Arts Council","2024"
2755,"Etobicoke Community Concert Band","1 of 1","Etobicoke-Lakeshore","Local","5090","TAC","Toronto Arts Council","2024"
2756,"Etobicoke Philharmonic Orchestra","1 of 1","Etobicoke Centre","Local","9900","TAC","Toronto Arts Council","2024"
2757,"Etobicoke Services for Seniors","1 of 1","York South-Weston","Local","128233.73","CSP","Social Development","2024"
2758,"EVANGEL HALL","1 of 1","Spadina-Fort York","City-Wide","31358","HPP","Toronto Shelter & Support Services","2024"
2759,"Eva's Initiatives for Homeless Youth","1 of 1","Spadina-Fort York","Local","35000","BMFF","Social Development","2024"
2760,"Evergreen","1 of 1","University-Rosedale","Neighbourhood","30000","CFIF","Waste Management","2024"
2761,"Evergreen Brickworks","1 of 2","All Wards","Local","10000","ICAG","Environment, Climate and Forestry","2024"
2762,"Evergreen Brickworks","2 of 2","All Wards","Local","7988.75","ICAG","Environment, Climate and Forestry","2024"
2763,"Everything Ellse Artist's Collective (COVID19 Youth-led)","1 of 1","Scarborough-Guildwood","Neighbourhood","5000","CCRF","Social Development","2024"
2764,"Extend-A-Family","1 of 1","Eglinton-Lawrence","City-wide","29337","CSP","Social Development","2024"
2765,"Exultate Chamber Singers","1 of 1","University-Rosedale","City-wide","13885","TAC","Toronto Arts Council","2024"
2766,"Fabcollab","1 of 1","University-Rosedale","City-wide","30000","TAC","Toronto Arts Council","2024"
2767,"Factory Theatre","1 of 1","Spadina-Fort York","City-wide","169500","TAC","Toronto Arts Council","2024"
2768,"Fado Performance Inc.","1 of 1","Spadina-Fort York","City-wide","24000","TAC","Toronto Arts Council","2024"
2769,"Fairbank Village Business Improvement Area","1 of 1","Eglinton-Lawrence","Local","7500","CFFP","Economic Development and Culture","2024"
2770,"Fall For Dance North Festival Inc.","1 of 1","Willowdale","City-wide","23000","TAC","Toronto Arts Council","2024"
2771,"Falstaff's Hope 4 Youth (COVID19 Youth-led)","1 of 1","York South-Weston","Neighbourhood","5000","CCRF","Social Development","2024"
2772,"Family Service Toronto","1 of 1","Toronto Centre","City-wide","129788.83","CSP","Social Development","2024"
2773,"Fashion Art Toronto","1 of 1","Davenport","City-wide","10000","TAC","Toronto Arts Council","2024"
2774,"Fat Fables Collective","1 of 1","Scarborough Centre","Neighbourhood","19350","TAC","Toronto Arts Council","2024"
2775,"FCJ Refugee Centre","1 of 1","Davenport","Local","4600","PTCG","Environment, Climate and Forestry","2024"
2776,"Federation of Asian Canadians Toronto","1 of 1","Scarborough North","Local","10000","CFFP","Economic Development and Culture","2024"
2777,"Federation of Metro Tenants' Associations","1 of 2","Toronto Centre","City-wide","301136","TTSP","Housing Secretariat","2024"
2778,"Federation of Metro Tenants' Associations","2 of 2","Toronto Centre","City-wide","425114","TTSP","Housing Secretariat","2024"
2779,"Feed Scarborough","1 of 1","Scarborough Southwest","City-wide","10000","BIC","Economic Development and Culture","2024"
2780,"Fernie Works","1 of 1","Scarborough-Rouge Park","Local","3505","PTCG","Environment, Climate and Forestry","2024"
2781,"Festival Management Committee","1 of 1","Spadina-Fort York","Local","600000","CFFP","Economic Development and Culture","2024"
2782,"FH Miller Junior Public School Naturalist Club","1 of 1","Davenport","Local","3992.94","PTCG","Environment, Climate and Forestry","2024"
2783,"Findhelp Information Services","1 of 2","Toronto-St. Paul’s","City wide","50000","CB","Social Development","2024"
2784,"Findhelp Information Services","2 of 2","Toronto-St. Paul’s","City-wide","752767.3","CSP","Social Development","2024"
2785,"Finding Our Power Together","1 of 1","All Wards","Local","7000","ICAG","Environment, Climate and Forestry","2024"
2786,"Finding Our Power Together","1 of 1","University-Rosedale","City-wide","100000","TCS","Toronto Children's Services","2024"
2787,"FINTECH CADENCE","1 of 1","Spadina-Fort York","City-wide","100000","BIC","Economic Development and Culture","2024"
2788,"Flaunt It Movement","1 of 1","York Centre","Local","22000","CH","Economic Development and Culture","2024"
2789,"Flaunt It Movement","1 of 2","York Centre","Local","7800","TAC","Toronto Arts Council","2024"
2790,"Flaunt It Movement","2 of 2","York Centre","Neighbourhood","14700","TAC","Toronto Arts Council","2024"
2791,"Flemingdon Health Centre","1 of 1","Don Valley East","Local","147796.4","YVP","Social Development","2024"
2792,"Flemingdon Park Ministry","1 of 1","Don Valley East","Local","4550","PTCG","Environment, Climate and Forestry","2024"
2793,"Focus Media Arts Centre","1 of 1","Toronto Centre","Local","65000","TAC","Toronto Arts Council","2024"
2794,"Food for Thought","1 of 1","Scarborough-Agincourt","Local","15069.47","INI","Social Development","2024"
2795,"FoodShare Toronto","1 of 1","York South-Weston","City-wide","264050.01","CSP","Social Development","2024"
2796,"Foodshare Toronto (trustee to Black Creek Community Fam)","1 of 1","York South-Weston","Local","24200","CH","Economic Development and Culture","2024"
2797,"For You Telecare Family Service (FUTFS)","1 of 1","Don Valley East","City-wide","19172.06","CSP","Social Development","2024"
2798,"For Youth Initiative in Toronto","1 of 1","York South-Weston","Local","147939.28","CSP","Social Development","2024"
2799,"Forever Building","1 of 1","Humber River-Black Creek","Neighbourhood","4750","CCRF","Social Development","2024"
2800,"Franco-Fête","1 of 1","Spadina-Fort York","Local","5000","CFFP","Economic Development and Culture","2024"
2801,"Francophonie en Fete Corporation","1 of 1","Spadina-Fort York","Local","10000","CFFP","Economic Development and Culture","2024"
2802,"Franklin Horner Community Centre","1 of 1","Etobicoke-Lakeshore","City-wide","35960.38","CSP","Social Development","2024"
2803,"Fred Victor","1 of 1","Toronto Centre","Local","4015","PTCG","Environment, Climate and Forestry","2024"
2804,"FRED VICTOR CENTRE","1 of 1","Toronto Centre","City-Wide","52264","HPP","Toronto Shelter & Support Services","2024"
2805,"French Homework Club","1 of 1","Don Valley East","Local","5000","CCRF","Social Development","2024"
2806,"Fresh Start Food Bank","1 of 1","Scarborough-Agincourt","Neighbourhood","5000","CCRF","Social Development","2024"
2807,"Friends From The Endz","1 of 1","Parkdale-High Park","Neighbourhood","9550","TAC","Toronto Arts Council","2024"
2808,"Friends of Agincourt","1 of 1","Scarborough-Agincourt, Scarborough North","Local","7460","NCAG","Environment, Climate and Forestry","2024"
2809,"Friends Of Allan Gardens","1 of 1","University-Rosedale","Local","12500","TAC","Toronto Arts Council","2024"
2810,"Friends of Cornell Park","1 of 1","Scarborough-Guildwood","Local","8000","FOR","Environment, Climate and Forestry","2024"
2811,"FRIENDS OF CORNELL PARK","1 of 1","Scarborough-Guildwood","Neighbourhood","5000","CCRF","Social Development","2024"
2812,"Friends Of Parkway Forest Park","1 of 1","Don Valley North","Local","20020","TAC","Toronto Arts Council","2024"
2813,"Friends of Regent Park","1 of 1","Toronto Centre","Neighbourhood","36795.6","RPSDP","Social Development","2024"
2814,"From Jane & Finch with Love (Trustee: Jane/Finch Community and Family Centre)","1 of 1","Humber River-Black Creek","Neighbourhood","16920","INI","Social Development","2024"
2815,"Fu-Gen Theatre Company","1 of 1","Toronto Centre","City-wide","31360","TAC","Toronto Arts Council","2024"
2816,"Fujiwara Dance Inventions","1 of 1","Toronto Centre","City-wide","25000","TAC","Toronto Arts Council","2024"
2817,"Fusion Cardio Toronto","1 of 1","Parkdale-High Park","Local","4500","TAC","Toronto Arts Council","2024"
2818,"Gallery 44 Centre For Contemporary Photography","1 of 1","Spadina-Fort York","Local","89500","TAC","Toronto Arts Council","2024"
2819,"Gendai Collective","1 of 1","Parkdale-High Park","City-wide","7500","TAC","Toronto Arts Council","2024"
2820,"General Crerar's EcoSquad","1 of 1","Scarborough Centre","Local","4200","PTCG","Environment, Climate and Forestry","2024"
2821,"Generation Chosen (COVID19 Youth-led)","1 of 1","Humber River-Black Creek","Local","5000","CCRF","Social Development","2024"
2822,"Generator Performance","1 of 2","University-Rosedale","City-wide","40000","TAC","Toronto Arts Council","2024"
2823,"Generator Performance","2 of 2","University-Rosedale","Neighbourhood","15000","TAC","Toronto Arts Council","2024"
2824,"George Brown College","1 of 1","Toronto Centre","City-wide","20000","BIC","Economic Development and Culture","2024"
2825,"GEORGE BROWN COLLEGE OF APPLIE","1 of 1","Toronto Centre","City-wide","20000","BIC","Economic Development and Culture","2024"
2826,"Gerrard India Bazaar Business Improvement Area","1 of 1","Toronto-Danforth","Local","7500","CFFP","Economic Development and Culture","2024"
2827,"Get Her'd (Trustee: Jane/Finch Community and Family Centre)","1 of 1","Humber River-Black Creek","Local","16950","INI","Social Development","2024"
2828,"Ghaddi Nafsak Circle","1 of 1","Davenport","Neighbourhood","15955.2","INI","Social Development","2024"
2829,"Ghanafest","1 of 1","Etobicoke North","Local","15000","TAC","Toronto Arts Council","2024"
2830,"Giwaabamin/Cathy Walker","1 of 2","All Wards","Local","4000","ICAG","Environment, Climate and Forestry","2024"
2831,"Giwaabamin/Cathy Walker","2 of 2","All Wards","Local","6000","ICAG","Environment, Climate and Forestry","2024"
2832,"GLOBAL STARTUPS ACCELERATOR","1 of 1","Spadina-Fort York","City-wide","83861","BIC","Economic Development and Culture","2024"
2833,"Golha Initiative For Music And Culture","1 of 1","University-Rosedale","City-wide","9000","TAC","Toronto Arts Council","2024"
2834,"GOOD NEIGHBOURS CANADA","1 of 1","Scarborough North","City-wide","20000","BIC","Economic Development and Culture","2024"
2835,"GOOD NEIGHBOURS' CLUB, THE","1 of 1","Toronto Centre","City-Wide","41811","HPP","Toronto Shelter & Support Services","2024"
2836,"GOOD SHEPHERD MINISTRIES","1 of 1","Toronto Centre","City-Wide","41811","HPP","Toronto Shelter & Support Services","2024"
2837,"GOVERNING COUNCIL OF THE SALVA","1 of 1","Toronto Centre","City-Wide","380806.37999999995","HIF","Toronto Shelter & Support Services","2024"
2838,"G-Power'D Inc.","1 of 1","Don Valley West","City-wide","11500","TAC","Toronto Arts Council","2024"
2839,"Greenprint Network, The","1 of 1","Humber River-Black Creek","Local","22000","CH","Economic Development and Culture","2024"
2840,"Groupe Artisanal Féminin Francophone De L'Ontario","1 of 1","Scarborough-Guildwood","City-wide","29074","TAC","Toronto Arts Council","2024"
2841,"GROUPE IMPACT ON","1 of 1","Spadina-Fort York","City-wide","20000","BIC","Economic Development and Culture","2024"
2842,"Guild Festival Theatre","1 of 1","Scarborough-Guildwood","Local","7500","CFFP","Economic Development and Culture","2024"
2843,"Guild Festival Theatre","2 of 2","Scarborough-Guildwood","City-wide","18000","TAC","Toronto Arts Council","2024"
2844,"Guild Festival Theatre","1 of 2","Scarborough-Guildwood","Local","14000","TAC","Toronto Arts Council","2024"
2845,"Gumawa Space","1 of 1","University-Rosedale","Neighbourhood","15000","TAC","Toronto Arts Council","2024"
2846,"Gwai-yuk Gih’nendahmoen","1 of 1","All Wards","Local","6200","ICAG","Environment, Climate and Forestry","2024"
2847,"Gwai-yuk Gih'nendahmoen","1 of 1","Parkdale-High Park","Local","20000","CBICGG","Indigenous Affairs Office","2024"
2848,"Habi Habi Po Collective","1 of 1","Scarborough Southwest","Local","8000","TAC","Toronto Arts Council","2024"
2849,"Hand Eye Society","1 of 1","Spadina-Fort York","City-wide","15000","TAC","Toronto Arts Council","2024"
2850,"Haneen Organization","1 of 1","Spadina-Fort York","City-wide","20000","TAC","Toronto Arts Council","2024"
2851,"Happy Everyday Parent Council","1 of 1","Etobicoke North","Local","5000","CCRF","Social Development","2024"
2852,"Harbourfront Centre","1 of 1","Spadina Fort-York","Local","1315500","COOP","Economic Development and Culture","2024"
2853,"Harriet Tubman Community Organization","1 of 3","Don Valley North","Local","35000","BMFF","Social Development","2024"
2854,"Harriet Tubman Community Organization","2 of 3","Don Valley North","Local","62221.23","CSP","Social Development","2024"
2855,"Harriet Tubman Community Organization","3 of 3","York Centre","Local","125040","YVP","Social Development","2024"
2856,"Healing out of Town (COVID19 Youth-led)","1 of 1","York South-Weston","Neighbourhood","5000","CCRF","Social Development","2024"
2857,"Hearth","1 of 1","Davenport","City-wide","6000","TAC","Toronto Arts Council","2024"
2858,"Hemophilia Ontario","1 of 1","Willowdale","City-wide","33003.41","CSP","Social Development","2024"
2859,"Hercinia Arts Collective","1 of 3","Spadina-Fort York","Local","18750","TAC","Toronto Arts Council","2024"
2860,"Hercinia Arts Collective","2 of 3","Spadina-Fort York","Local","20000","TAC","Toronto Arts Council","2024"
2861,"Hercinia Arts Collective","3 of 3","Spadina-Fort York","Local","13950","TAC","Toronto Arts Council","2024"
2862,"Heritage Skills Development Center (Hsdc)","1 of 1","Scarborough Centre","Local","18750","TAC","Toronto Arts Council","2024"
2863,"Heritage Skills Development Centre","1 of 1","Scarborough Centre","Local","20000","CFFP","Economic Development and Culture","2024"
2864,"Heritage Skills Development Centre","1 of 1","Scarborough Southwest","Local","35000","BMFF","Social Development","2024"
2865,"Highland Creek EcoTeam","1 of 1","Scarborough-Rouge Park","Local","1970","PTCG","Environment, Climate and Forestry","2024"
2866,"Hillcrest Green Team","1 of 1","Toronto-St. Paul’s","Local","4304.3","PTCG","Environment, Climate and Forestry","2024"
2867,"Holistic Youth United","1 of 1","Humber River-Black Creek","Local","5000","CCRF","Social Development","2024"
2868,"HOMEFRONT COMMUNITY SERVICES","1 of 1","Scarborough-Guildwood","Local","5000","CCRF","Social Development","2024"
2869,"Homes First Society","1 of 1","Toronto Centre","Local","315000","AASSP","Housing Secretariat","2024"
2870,"Hong Fook Mental Health Association","1 of 1","Scarborough-Agincourt","City-wide","29337","CSP","Social Development","2024"
2871,"Horizon Youth Academy","1 of 1","Beaches-East York","City-wide","18000","TAC","Toronto Arts Council","2024"
2872,"HOT DOCS","1 of 1","Toronto Centre","City-wide","18700","BIC","Economic Development and Culture","2024"
2873,"Hot Docs","1 of 1","University-Rosedale","City-wide","190000","TAC","Toronto Arts Council","2024"
2874,"Human Cargo","1 of 1","Toronto-Danforth","City-wide","12000","TAC","Toronto Arts Council","2024"
2875,"Humber River Pals","1 of 1","York South-Weston","Local","7500","NCAG","Environment, Climate and Forestry","2024"
2876,"Humberside Environmental Action Team","1 of 1","Parkdale-High Park","Local","2216.04","PTCG","Environment, Climate and Forestry","2024"
2877,"i Impact (COVID19 Youth-led)","1 of 1","Toronto-St. Paul’s","Local","5000","CCRF","Social Development","2024"
2878,"Ic Contemporary","1 of 1","Spadina-Fort York","City-wide","7600","TAC","Toronto Arts Council","2024"
2879,"Imaginenative Film + Media Arts Festival","1 of 1","Spadina-Fort York","City-wide","84000","TAC","Toronto Arts Council","2024"
2880,"Indigenous Curatorial Collective","1 of 1","Spadina-Fort York","City-wide","17000","TAC","Toronto Arts Council","2024"
2881,"Indigenous Fashion Arts","1 of 1","Toronto Centre","Local","10000","CFFP","Economic Development and Culture","2024"
2882,"Indigenous Teachings 101","1 of 1","University-Rosedale","Local","20000","CBICGG","Indigenous Affairs Office","2024"
2883,"INDUS ENTREPRENEURS TORONTO AS","1 of 1","Spadina-Fort York","City-wide","20000","BIC","Economic Development and Culture","2024"
2884,"Injaz","1 of 1","Scarborough Centre","Local","16965.3","INI","Social Development","2024"
2885,"Inside Out Lesbian And Gay Film Festival Inc.","1 of 1","Spadina-Fort York","City-wide","52000","TAC","Toronto Arts Council","2024"
2886,"Inspirad@S","1 of 1","Toronto-St. Paul's","City-wide","7950","TAC","Toronto Arts Council","2024"
2887,"Inspiring Community Dance Connections (COVID19 Youth-led)","1 of 1","Humber River-Black Creek","Local","4160","CCRF","Social Development","2024"
2888,"Interaccess","1 of 1","Davenport","City-wide","51000","TAC","Toronto Arts Council","2024"
2889,"International Indigenous Librarians Forum","1 of 1","Beaches-East York","Local","20000","CBICGG","Indigenous Affairs Office","2024"
2890,"International Readings At Harbourfront","1 of 1","Spadina-Fort York","City-wide","161000","TAC","Toronto Arts Council","2024"
2891,"Intersection Music & Arts","1 of 1","Toronto Centre","Local","7000","CFFP","Economic Development and Culture","2024"
2892,"Inwit Solutions Inc.","1 of 1","Spadina-Fort York","City-wide","35000","CFIF","Waste Management","2024"
2893,"Ipsita Nova Dance Projects","1 of 1","Davenport","City-wide","34000","TAC","Toronto Arts Council","2024"
2894,"Iranian Women's Organization of Ontario","1 of 1","Don Valley North","City-wide","42861.88","CSP","Social Development","2024"
2895,"Islington Seniors' Centre","1 of 1","Etobicoke-Lakeshore","Neighbourhood","43276.19","CSP","Social Development","2024"
2896,"Ismailova Theatre Of Dance","1 of 1","York Centre","Local","22000","TAC","Toronto Arts Council","2024"
2897,"It'S Ok Community Arts","1 of 1","University-Rosedale","City-wide","20000","TAC","Toronto Arts Council","2024"
2898,"It's OK Community Arts (trustee to EastMind Collective)","1 of 1","University-Rosedale","Local","4070","CH","Economic Development and Culture","2024"
2899,"Jaberi Dance Theatre","1 of 1","Toronto-Danforth","City-wide","22000","TAC","Toronto Arts Council","2024"
2900,"Jakarundi Graphics Collective","1 of 1","Spadina-Fort York","Local","13042","StART PP","Transportation Services","2024"
2901,"Jamii","1 of 1","Toronto Centre","Local","24000","TAC","Toronto Arts Council","2024"
2902,"Jane & Finch Community
Empowerment Group","1 of 1","Humber River-Black Creek","Neighbourhood","17000","INI","Social Development","2024"
2903,"Jane Alliance Neighbourhood Services (JANS)","1 of 1","York South-Weston","Local","204022.56","YVP","Social Development","2024"
2904,"Jane/Finch Community & Family Centre (trustee to Murial Lopez Silva)","1 of 1","Humber River-Black Creek","Local","5500","CH","Economic Development and Culture","2024"
2905,"Jane/Finch Community and Family Centre","1 of 2","Etobicoke North","Local","208400","YVP","Social Development","2024"
2906,"Jane/Finch Community and Family Centre","2 of 2","Humber River-Black Creek","Local","209515.68","CSP","Social Development","2024"
2907,"Janestreetspeaks","1 of 1","Humber River-Black Creek","Neighbourhood","10250","TAC","Toronto Arts Council","2024"
2908,"Japanese Social Services","1 of 1","Don Valley East","City-wide","36664.16","CSP","Social Development","2024"
2909,"Jasad Dance Projects","1 of 1","Parkdale-High Park","City-wide","9300","TAC","Toronto Arts Council","2024"
2910,"JAYU","1 of 1","Spadina-Fort York","City-wide","53000","YCISI","Economic Development and Culture","2024"
2911,"Jayu Festival Inc.","1 of 1","Spadina-Fort York","City-wide","28000","TAC","Toronto Arts Council","2024"
2912,"JAYU Festival Inc.","1 of 1","Spadina-Fort York","Local","22000","CH","Economic Development and Culture","2024"
2913,"Jean Augustine Centre for Young Women's Empowerment","1 of 1","Etobicoke-Lakeshore","City-wide","35000","BMFF","Social Development","2024"
2914,"Jeng Yi","1 of 2","Willowdale","Local","13500","TAC","Toronto Arts Council","2024"
2915,"Jeng Yi","2 of 2","Willowdale","City-wide","12500","TAC","Toronto Arts Council","2024"
2916,"Jerry Rugg Art","1 of 1","Beaches-East York","Local","20000","StART PP","Transportation Services","2024"
2917,"Jessie's, The June Callwood Centre for Young Women","1 of 1","Toronto Centre","City-wide","27537.84","CSP","Social Development","2024"
2918,"John Howard Society of Ontario","1 of 1","Toronto Centre","Local","62100","StART PP","Transportation Services","2024"
2919,"John Howard Society of Toronto","1 of 1","Etobicoke-Lakeshore","Local","5000","CCRF","Social Development","2024"
2920,"Jubilate Singers","1 of 1","University-Rosedale","City-wide","5000","TAC","Toronto Arts Council","2024"
2921,"Jumblies Theatre","1 of 1","Spadina-Fort York","City-wide","89200","TAC","Toronto Arts Council","2024"
2922,"Kababayan Community Service Centre Inc.","1 of 1","Parkdale-High Park","City-wide","42271.62","CSP","Social Development","2024"
2923,"Kaeja D'Dance","1 of 1","University-Rosedale","City-wide","37600","TAC","Toronto Arts Council","2024"
2924,"Kaha:Wi Dance Theatre","1 of 1","University-Rosedale","City-wide","45000","TAC","Toronto Arts Council","2024"
2925,"Kashedance","1 of 1","Toronto Centre","Local","19500","TAC","Toronto Arts Council","2024"
2926,"KCWA Family and Social Services","1 of 1","Willowdale","City-wide","49944.98","CSP","Social Development","2024"
2927,"KDE (COVID19 Youth-led)","1 of 1","Parkdale-High Park","Neighbourhood","5000","CCRF","Social Development","2024"
2928,"KEIRETSU FORUM CANADA","1 of 1","Spadina-Fort York","City-wide","20000","BIC","Economic Development and Culture","2024"
2929,"Ken Galloway","1 of 1","Spadina-Fort York","Local","18000","StART PP","Transportation Services","2024"
2930,"Kensington Market Jazz Festival","1 of 1","University-Rosedale","Local","10000","TAC","Toronto Arts Council","2024"
2931,"Kick Start Arts","1 of 1","Don Valley West","Local","53000","YCISI","Economic Development and Culture","2024"
2932,"Kids with Incarcerated Parents","1 of 1","Humber River-Black Creek","Local","206316","YVP","Social Development","2024"
2933,"Kj Bit","1 of 1","University-Rosedale","Local","8000","TAC","Toronto Arts Council","2024"
2934,"Koffler Centre Of The Arts","1 of 2","Spadina-Fort York","City-wide","32400","TAC","Toronto Arts Council","2024"
2935,"Koffler Centre Of The Arts","2 of 2","Spadina-Fort York","City-wide","9000","TAC","Toronto Arts Council","2024"
2936,"Korean Artists Society Of Canada","1 of 1","York Centre","City-wide","9000","TAC","Toronto Arts Council","2024"
2937,"Korean Dance Studies Society Of Canada","1 of 1","Don Valley East","Local","17000","TAC","Toronto Arts Council","2024"
2938,"Kseniya Tsoy","1 of 1","Toronto-Danforth","Local","8000","StART PP","Transportation Services","2024"
2939,"Kune Global Music","1 of 1","Davenport","City-wide","11200","TAC","Toronto Arts Council","2024"
2940,"Kuru Crew","1 of 1","Beaches-East York","City-wide","3213","TAC","Toronto Arts Council","2024"
2941,"Kwentong Bayan Collective","1 of 1","Davenport","City-wide","8000","TAC","Toronto Arts Council","2024"
2942,"KWH Youth Initiative","1 of 1","Humber River-Black Creek","Neighbourhood","17000","INI","Social Development","2024"
2943,"L’Amoreaux Community Crisis Team (COVID19 Youth-led)","1 of 1","Scarborough-Agincourt","Local","5000","CCRF","Social Development","2024"
2944,"La Cueva","1 of 1","University-Rosedale","City-wide","9300","TAC","Toronto Arts Council","2024"
2945,"La Passerelle-I.D.É.","1 of 1","Toronto Centre","City-wide","79548.73","CSP","Social Development","2024"
2946,"Labyrinth Musical Workshop Ontario","2 of 2","Toronto-St. Paul's","Local","20000","TAC","Toronto Arts Council","2024"
2947,"Labyrinth Musical Workshop Ontario","1 of 2","Toronto-St. Paul's","City-wide","13500","TAC","Toronto Arts Council","2024"
2948,"Lakeshore Area Multi-Service Project (LAMP)","1 of 1","Etobicoke-Lakeshore","Local","101479.11","CSP","Social Development","2024"
2949,"Lakeshore Area Multi-services Project (LAMP)","1 of 1","Etobicoke-Lakeshore","Local","150000","TCS","Toronto Children's Services","2024"
2950,"Lakeshore Arts","1 of 1","Etobicoke-Lakeshore","Local","305966","LASO","Economic Development and Culture","2024"
2951,"Lal Inc.","1 of 1","Davenport","City-wide","12500","TAC","Toronto Arts Council","2024"
2952,"LAMP - LAKESHORE AREA MULTI-SE","1 of 1","Etobicoke-Lakeshore","City-Wide","41811","HPP","Toronto Shelter & Support Services","2024"
2953,"Lao Association of Ontario","1 of 1","York Centre","City-wide","39609.78","CSP","Social Development","2024"
2954,"Latin American Art Projects","1 of 1","Spadina-Fort York","City-wide","25000","TAC","Toronto Arts Council","2024"
2955,"Latino Canadian Cultural Association","1 of 2","Toronto-St. Paul's","Local","20000","TAC","Toronto Arts Council","2024"
2956,"Latino Canadian Cultural Association","2 of 2","Toronto-St. Paul's","City-wide","9500","TAC","Toronto Arts Council","2024"
2957,"Latvian Senior Citizens' Association","1 of 1","Don Valley East","City-wide","14109.45","CSP","Social Development","2024"
2958,"Lay-Up Youth Basketball","1 of 1","Spadina-Fort York","Neighbourhood","15000","TAC","Toronto Arts Council","2024"
2959,"Le Laboratoire D'Art","1 of 1","Spadina-Fort York","City-wide","18000","TAC","Toronto Arts Council","2024"
2960,"Le Theatre Francais De Toronto","1 of 1","University-Rosedale","City-wide","115000","TAC","Toronto Arts Council","2024"
2961,"LEAF - Local Enhancement and Appreciation of Forests","1 of 3","All Wards","City Wide","55000","FOR","Environment, Climate and Forestry","2024"
2962,"LEAF - Local Enhancement and Appreciation of Forests","2 of 3","Toronto-St. Paul’s","City Wide","32000","FOR","Environment, Climate and Forestry","2024"
2963,"LEAF - Local Enhancement and Appreciation of Forests","3 of 3","Toronto-St. Paul’s","City Wide","100000","FOR","Environment, Climate and Forestry","2024"
2964,"League Of Canadian Poets","1 of 1","University-Rosedale","City-wide","19100","TAC","Toronto Arts Council","2024"
2965,"Learn and Grow Empringham","1 of 1","Scarborough-Rouge Park","Neighbourhood","5000","CCRF","Social Development","2024"
2966,"Learning Disabilities Association of Toronto","1 of 1","Willowdale","City-wide","75229.62","CSP","Social Development","2024"
2967,"Les Centres d'Accueil Heritage","1 of 1","Spadina-Fort York","City-wide","76228.52","CSP","Social Development","2024"
2968,"Lesbian Gay Bi Trans Youth Line","1 of 1","Toronto Centre","City-wide","53185.73","CSP","Social Development","2024"
2969,"Leyland Adams","1 of 1","Davenport","Local","65300","StART PP","Transportation Services","2024"
2970,"Liaison Of Independent Filmmakers Of Toronto","1 of 2","Davenport","City-wide","82000","TAC","Toronto Arts Council","2024"
2971,"Liaison Of Independent Filmmakers Of Toronto","2 of 2","Davenport","City-wide","20000","TAC","Toronto Arts Council","2024"
2972,"LIL SIS","1 of 1","Toronto Centre","Local","53000","YCISI","Economic Development and Culture","2024"
2973,"Little Pear Garden Dance Company","1 of 1","Don Valley North","City-wide","18000","TAC","Toronto Arts Council","2024"
2974,"Little Portugal Toronto BIA","1 of 1","Davenport","Local","20000","CFFP","Economic Development and Culture","2024"
2975,"LOFT COMMUNITY SERVICES","1 of 1","Toronto Centre","City-Wide","750000","HIF","Toronto Shelter & Support Services","2024"
2976,"Long Branch Neighbourhood Association","1 of 1","Etobicoke-Lakeshore","Local","55450","FOR","Environment, Climate and Forestry","2024"
2977,"Long Winter","1 of 1","Davenport","City-wide","20000","TAC","Toronto Arts Council","2024"
2978,"Lookup Theatre","1 of 1","Davenport","City-wide","9000","TAC","Toronto Arts Council","2024"
2979,"Loop Sessions Toronto","1 of 1","Toronto-Danforth","City-wide","12000","TAC","Toronto Arts Council","2024"
2980,"Lost Creek Collective","1 of 1","Beaches-East York","Local","6400","NCAG","Environment, Climate and Forestry","2024"
2981,"Lovers Of Planet Earth","1 of 1","Don Valley East","Local","7500","NCAG","Environment, Climate and Forestry","2024"
2982,"Loyola Arrupe Centre for Seniors","1 of 1","Davenport","City-wide","27605.96","CSP","Social Development","2024"
2983,"Lua Shayenne Dance Company","1 of 1","Toronto-Danforth","City-wide","20000","TAC","Toronto Arts Council","2024"
2984,"Lula Music And Arts Centre","1 of 1","Davenport","City-wide","75000","TAC","Toronto Arts Council","2024"
2985,"Lumacare Services","1 of 1","Humber River-Black Creek","City-wide","121351.43","CSP","Social Development","2024"
2986,"Lumenus","1 of 1","Don Valley North","City-wide","390000","TCS","Toronto Children's Services","2024"
2987,"Luminato Festival Toronto","1 of 1","Spadina-Fort York","City","5500","CH","Economic Development and Culture","2024"
2988,"Maawnj Jiigbiik","1 of 1","Scarborough Centre","Local","20000","CBICGG","Indigenous Affairs Office","2024"
2989,"Mabelle Arts","1 of 1","Etobicoke-Lakeshore","Local","10000","YCISI","Economic Development and Culture","2024"
2990,"Mabellearts","1 of 1","Davenport","Local","32000","TAC","Toronto Arts Council","2024"
2991,"Macaulay Child Development","1 of 1","Parkdale-High Park","Local","150000","TCS","Toronto Children's Services","2024"
2992,"Maher Circle Pollinator Garden Project Team","1 of 1","Parkdale-High Park","Local","2450","PTCG","Environment, Climate and Forestry","2024"
2993,"MakeWay Charitable Society (Jane's Walk)","1 of 1","Multiple","City-wide","7500","CFFP","Economic Development and Culture","2024"
2994,"Making Art.Making Change","1 of 1","University-Rosedale","Local","8000","TAC","Toronto Arts Council","2024"
2995,"Malvern Family Resource Centre","1 of 3","Scarborough-Rouge Park","Local","243913.11","CSP","Social Development","2024"
2996,"Malvern Family Resource Centre","2 of 3","Scarborough-Rouge Park","Local","25000","LLG","Social Development","2024"
2997,"Malvern Family Resource Centre","1 of 1","Scarborough-Rouge Park","Local","100000","TCS","Toronto Children's Services","2024"
2998,"Malvern Family Resource Centre","3 of 3","Scarborough-Rouge Park","Local","312600","CSP","Social Development","2024"
2999,"Mammalian Diving Reflex Theatre Group","2 of 3","Spadina-Fort York","City-wide","25000","TAC","Toronto Arts Council","2024"
3000,"Mammalian Diving Reflex Theatre Group","1 of 3","Spadina-Fort York","Local","20000","TAC","Toronto Arts Council","2024"
3001,"Mammalian Diving Reflex Theatre Group","3 of 3","Spadina-Fort York","Local","20000","TAC","Toronto Arts Council","2024"
3002,"Manitou","1 of 1","Don Valley East","Local","20000","CBICGG","Indigenous Affairs Office","2024"
3003,"MARGARETS HOUSING AND COMMUNIT","1 of 1","Toronto-Danforth","City-Wide","72811","HPP","Toronto Shelter & Support Services","2024"
3004,"Marginalized Majority","1 of 1","Spadina-Fort York","City-wide","20000","TAC","Toronto Arts Council","2024"
3005,"Markbrook Residents Group","1 of 1","Etobicoke North","Local","7500","NCAG","Environment, Climate and Forestry","2024"
3006,"Mason Road PS Eco Club","1 of 1","Scarborough Southwest","Local","1941.45","PTCG","Environment, Climate and Forestry","2024"
3007,"Matthew-John Day Care Centre of Toronto","1 of 1","Toronto-Danforth","Neighbourhood","4143.37","CCRF","Social Development","2024"
3008,"Mayworks Festival","1 of 1","University-Rosedale","City-wide","30000","TAC","Toronto Arts Council","2024"
3009,"MCCT Garden Faeries","1 of 1","Toronto-Danforth","Local","4300","PTCG","Environment, Climate and Forestry","2024"
3010,"Media Arts Network Of Ontario","1 of 1","Davenport","Local","15000","TAC","Toronto Arts Council","2024"
3011,"Melody Pollinates","1 of 1","Etobicoke North","Local","4698","PTCG","Environment, Climate and Forestry","2024"
3012,"Mental Health 
Matters (MHM)","1 of 2","Toronto Centre","Neighbourhood","95691.22","RPSDP","Social Development","2024"
3013,"Mental Health Day (COVID19 Youth-led)","1 of 1","Scarborough Southwest","Local","5000","CCRF","Social Development","2024"
3014,"Mental Health Matters (COVID19 Youth-led)","2 of 2","Toronto Centre","Local","4999.6","CCRF","Social Development","2024"
3015,"Mercer Union, A Centre For Contemporary Visual Art","1 of 1","Davenport","City-wide","72500","TAC","Toronto Arts Council","2024"
3016,"Metropolitan Action Committee on Violence Against Women and Children (METRAC: Action on Violence)","1 of 1","University-Rosedale","City-wide","387073.58","CSP","Social Development","2024"
3017,"MIC Check","1 of 1","Scarborough Centre","Neighbourhood","19000","INI","Social Development","2024"
3018,"MichiSaagiig Jiimaaneg","1 of 1","All Wards","Local","12745","ICAG","Environment, Climate and Forestry","2024"
3019,"Midaynta Community Services","1 of 1","Etobicoke North/ Parkdale-High Park/ York South-Weston/ University-Rosedale","City-wide","10000","CFFP","Economic Development and Culture","2024"
3020,"Midaynta Community Services","1 of 2","Etobicoke North","Local","35000","BMFF","Social Development","2024"
3021,"Midynta Community Services","2 of 2","York South-Weston","Local","208400","YVP","Social Development","2024"
3022,"Millo Dance Projects","1 of 1","Parkdale-High Park","Local","17930","TAC","Toronto Arts Council","2024"
3023,"Minor Break","1 of 1","Etobicoke North","Local","5000","CCRF","Social Development","2024"
3024,"Mixed Company Theatre","1 of 1","Toronto-St. Paul's","City-wide","18825","TAC","Toronto Arts Council","2024"
3025,"Mobile Arts Programming Association","1 of 1","Davenport","Local","7750","TAC","Toronto Arts Council","2024"
3026,"Modern Batik Couture","1 of 1","York Centre","Local","13000","TAC","Toronto Arts Council","2024"
3027,"Modern Times Stage Company","1 of 1","Spadina-Fort York","City-wide","44000","TAC","Toronto Arts Council","2024"
3028,"Moksha Canada Foundation","1 of 1","Scarborough Centre","Local","20000","CFFP","Economic Development and Culture","2024"
3029,"Momiji Health Care Society","1 of 1","Scarborough-Guildwood","City-wide","45166.15","CSP","Social Development","2024"
3030,"Momxwyfe","1 of 1","Parkdale-High Park","Neighbourhood","10000","TAC","Toronto Arts Council","2024"
3031,"Mood Disorders Association of Ontario and Toronto","1 of 1","Eglinton-Lawrence","City-wide","22015.52","CSP","Social Development","2024"
3032,"Moonhorse Dance Theatre","1 of 1","Toronto Centre","City-wide","20000","TAC","Toronto Arts Council","2024"
3033,"Moorish Family Services","1 of 1","York South-Weston","Neighbourhood","4999","CCRF","Social Development","2024"
3034,"Mural Routes Inc.","1 of 1","Scarborough Southwest","City-wide","35000","TAC","Toronto Arts Council","2024"
3035,"Museum of Contemporary Art Toronto","1 of 1","Davenport","Local","321312","COOP","Economic Development and Culture","2024"
3036,"Museum Of Toronto History","1 of 1","Spadina-Fort York","Neighbourhood","15000","TAC","Toronto Arts Council","2024"
3037,"Music Africa Of Canada Inc.","1 of 1","Toronto-St. Paul's","City-wide","43375","TAC","Toronto Arts Council","2024"
3038,"Music Around The Corner","1 of 1","Parkdale-High Park","City-wide","1500","TAC","Toronto Arts Council","2024"
3039,"Music From Hope","1 of 1","Toronto-Danforth","Local","20000","TAC","Toronto Arts Council","2024"
3040,"Music Toronto","1 of 1","Toronto-St. Paul's","City-wide","55360","TAC","Toronto Arts Council","2024"
3041,"Muslim Literary Festival","1 of 1","Toronto-Danforth","City-wide","8000","TAC","Toronto Arts Council","2024"
3042,"Nagata Shachu Japanese Taiko And Music Group","3 of 3","Scarborough North","Local","19650","TAC","Toronto Arts Council","2024"
3043,"Nagata Shachu Japanese Taiko And Music Group","1 of 3","Scarborough North","Local","17200","TAC","Toronto Arts Council","2024"
3044,"Nagata Shachu Japanese Taiko And Music Group","2 of 3","Scarborough North","City-wide","28000","TAC","Toronto Arts Council","2024"
3045,"NA-ME-RES (NATIVE MEN'S","1 of 1","Toronto-St. Paul’s","City-Wide","461716","HIF","Toronto Shelter & Support Services","2024"
3046,"National Shevchenko Musical Ensemble Guild Of Canada","1 of 1","University-Rosedale","City-wide","6075","TAC","Toronto Arts Council","2024"
3047,"Native Canadian Centre of Toronto","1 of 1","Spadina-Fort York","Local","10000","CFFP","Economic Development and Culture","2024"
3048,"Native Canadian Centre of Toronto","1 of 1","University-Rosedale","City-wide","179926.78","CSP","Social Development","2024"
3049,"NATIVE CHILD & FAMILY SERVICES","1 of 1","Toronto Centre","City-Wide","41811","HPP","Toronto Shelter & Support Services","2024"
3050,"Native Child and Family Services of Toronto","1 of 1","Toronto Centre","City-wide","146492.02","CSP","Social Development","2024"
3051,"Native Earth Performing Arts Inc.","1 of 1","Toronto Centre","City-wide","100000","TAC","Toronto Arts Council","2024"
3052,"Native Women In The Arts","1 of 1","Spadina-Fort York","City-wide","40000","TAC","Toronto Arts Council","2024"
3053,"Native Women’s Resource Centre of Toronto (NWRCT) and Friends of Allan Gardens","1 of 1","Toronto Centre","Local","4940","PTCG","Environment, Climate and Forestry","2024"
3054,"Native Women's Resource Centre","1 of 1","Toronto Centre","City-wide","112387.55","CSP","Social Development","2024"
3055,"Ndabaga Collective","1 of 1","Beaches-East York","City-wide","15000","TAC","Toronto Arts Council","2024"
3056,"Necessary Angel Theatre Company","1 of 1","Spadina-Fort York","City-wide","60300","TAC","Toronto Arts Council","2024"
3057,"NEIGHBOURHOOD GROUP COMMUNITY","1 of 3","University-Rosedale","City-Wide","62717","HPP","Toronto Shelter & Support Services","2024"
3058,"NEIGHBOURHOOD GROUP COMMUNITY","2 of 3","University-Rosedale","City-Wide","556000","HPP","Toronto Shelter & Support Services","2024"
3059,"NEIGHBOURHOOD GROUP COMMUNITY","3 of 3","University-Rosedale","City-Wide","747824","HPP","Toronto Shelter & Support Services","2024"
3060,"Neighbourhood Group Community Services, The","1 of 1","Toronto Centre","Local","777166.9","CSP","Social Development","2024"
3061,"NeighbourLink North York","1 of 1","Willowdale","Local","7500","CFFP","Economic Development and Culture","2024"
3062,"New Canadian Community Centre","1 of 1","Scarborough-Agincourt","City-wide","55336.76","CSP","Social Development","2024"
3063,"New Music Concerts","1 of 1","Spadina-Fort York","City-wide","52250","TAC","Toronto Arts Council","2024"
3064,"New Tradition Music","1 of 1","Humber River-Black Creek","Local","22000","CH","Economic Development and Culture","2024"
3065,"New Tradition Music","1 of 1","Humber River-Black Creek","Local","15000","TAC","Toronto Arts Council","2024"
3066,"NEWCOMER KITCHEN INC","1 of 1","Spadina-Fort York","City-wide","20000","BIC","Economic Development and Culture","2024"
3067,"Newcomer Women's Services Toronto","1 of 1","Toronto-Danforth","City-wide","52799.79","CSP","Social Development","2024"
3068,"Next Generation Arts","1 of 1","Scarborough-Guildwood","Local","53000","YCISI","Economic Development and Culture","2024"
3069,"Next Generation Arts","1 of 1","Scarborough-Guildwood","Local","15000","TAC","Toronto Arts Council","2024"
3070,"Nia Centre for the Arts","1 of 1","Toronto-St. Paul's","City","5500","CH","Economic Development and Culture","2024"
3071,"Nia Centre for the Arts","1 of 1","Toronto-St. Paul's","Local","35000","BMFF","Social Development","2024"
3072,"Nia Centre For The Arts","1 of 1","Toronto-St. Paul's","City-wide","50000","TAC","Toronto Arts Council","2024"
3073,"Nightswimming Repertory Theatre","1 of 1","Toronto Centre","Local","19000","TAC","Toronto Arts Council","2024"
3074,"Nightwood Theatre","1 of 1","Toronto Centre","City-wide","79000","TAC","Toronto Arts Council","2024"
3075,"NIP Information Post (Neighbourhood Information Post)","1 of 1","Toronto Centre","Neighbourhood","50580.64","CSP","Social Development","2024"
3076,"Nish Cultural Cuzzins","1 of 1","Don Valley North","Local","20000","CBICGG","Indigenous Affairs Office","2024"
3077,"Nishnawbe Homes","1 of 1","Toronto Centre","City wide","30000","LLG","Social Development","2024"
3078,"NOBELLUM ENTERPRISE","1 of 1","Scarborough-Rouge Park","City-wide","20000","BIC","Economic Development and Culture","2024"
3079,"NORTH ACSA - AGINCOURT COMMUNITY SER","1 of 3","Scarborough-Agincourt","City-Wide","41811","HPP","Toronto Shelter & Support Services","2024"
3080,"North York Arts","1 of 1","Willowdale","Local","299908","LASO","Economic Development and Culture","2024"
3081,"North York Community House","1 of 1","Eglinton-Lawrence","Local","262591.4","CSP","Social Development","2024"
3082,"North York Harvest Food Bank","1 of 1","York South-Weston","City-wide","29337","CSP","Social Development","2024"
3083,"NORTH YORK HARVEST FOOD BANK","1 of 1","York South-Weston","City-Wide","412610","HPP","Toronto Shelter & Support Services","2024"
3084,"North York Seniors Centre","1 of 1","Willowdale","Neighbourhood","114056.16","CSP","Social Development","2024"
3085,"North York Women's Resource Centre","1 of 1","York South-Weston","Local","62658.24","CSP","Social Development","2024"
3086,"Northern Visions Independent Video & Film Association","1 of 1","Spadina-Fort York","City-wide","58000","TAC","Toronto Arts Council","2024"
3087,"November Theatre","1 of 1","Toronto-Danforth","City-wide","10000","TAC","Toronto Arts Council","2024"
3088,"Nurturing Youth Excellence","1 of 1","Humber River-Black Creek","Neighbourhood","4900","CCRF","Social Development","2024"
3089,"Oakwood Vaugha","1 of 1","Toronto-St. Paul’s","Neighbourhood","5000","CCRF","Social Development","2024"
3090,"Oakwood Vaughan Healthy Aging Group","1 of 1","Toronto-St. Paul’s","Local","4447.5","CCRF","Social Development","2024"
3091,"Obsidian Theatre Company Inc.","1 of 1","Toronto-Danforth","City-wide","75000","TAC","Toronto Arts Council","2024"
3092,"OCAD University","1 of 1","Spadina-Fort York","Local","4800","PTCG","Environment, Climate and Forestry","2024"
3093,"OCASI - Ontario Council of Agencies Serving Immigrants","1 of 1","Eglinton-Lawrence","City-wide","35233.91","CSP","Social Development","2024"
3094,"Onsite Gallery At Ocad University","1 of 1","Spadina-Fort York","City-wide","15000","TAC","Toronto Arts Council","2024"
3095,"Ontario Association Of Art Galleries","1 of 1","Spadina-Fort York","City-wide","24000","TAC","Toronto Arts Council","2024"
3096,"Open Book Foundation","1 of 1","Toronto-St. Paul's","City-wide","19000","TAC","Toronto Arts Council","2024"
3097,"Open Studio","1 of 1","Spadina-Fort York","City-wide","73000","TAC","Toronto Arts Council","2024"
3098,"Opera Atelier","1 of 1","Toronto Centre","City-wide","68400","TAC","Toronto Arts Council","2024"
3099,"Opera In Concert","1 of 1","Toronto-Danforth","City-wide","30000","TAC","Toronto Arts Council","2024"
3100,"Operaq","1 of 1","Parkdale-High Park","City-wide","9000","TAC","Toronto Arts Council","2024"
3101,"Opportunity For Advancement","1 of 1","Davenport","City-wide","58639.95","CSP","Social Development","2024"
3102,"Oral Method","1 of 1","University-Rosedale","City-wide","7950","TAC","Toronto Arts Council","2024"
3103,"Orchestra Toronto","1 of 1","Willowdale","City-wide","22000","TAC","Toronto Arts Council","2024"
3104,"Organization Of Calypso Performing Artistes (Ocpa)","1 of 1","Scarborough Southwest","City-wide","13500","TAC","Toronto Arts Council","2024"
3105,"Oriana Women'S Choir","1 of 1","Toronto-Danforth","City-wide","18000","TAC","Toronto Arts Council","2024"
3106,"Orpheus Choir Of Toronto","1 of 1","Etobicoke-Lakeshore","City-wide","27000","TAC","Toronto Arts Council","2024"
3107,"Outside Looking In","1 of 1","Spadina-Fort York","City-wide","13500","TAC","Toronto Arts Council","2024"
3108,"Outside The March Theatre Company Inc","1 of 1","Davenport","City-wide","23000","TAC","Toronto Arts Council","2024"
3109,"Outside Together","1 of 1","Etobicoke North, Humber River-Black Creek, City Wide","Local","16300","INI","Social Development","2024"
3110,"Palan","1 of 1","Parkdale-High Park","City-wide","7600","TAC","Toronto Arts Council","2024"
3111,"PAL-Reading Services Inc.","1 of 1","Toronto Centre","City-wide","19523.94","CSP","Social Development","2024"
3112,"Pan Arts Network","1 of 1","Scarborough-Rouge Park","City-wide","8800","TAC","Toronto Arts Council","2024"
3113,"Panoply Theatre Collective","1 of 1","University-Rosedale","Local","9000","TAC","Toronto Arts Council","2024"
3114,"Paprika Theatre Festival","1 of 1","Davenport","City-wide","20000","TAC","Toronto Arts Council","2024"
3115,"Parampara Canada","1 of 1","Scarborough Centre","Local","10000","CFFP","Economic Development and Culture","2024"
3116,"PARKDALE ACTIVITY RECREATION","1 of 1","Parkdale-High Park","City-Wide","52264","HPP","Toronto Shelter & Support Services","2024"
3117,"PARKDALE CENTRE FOR INNOVATION","1 of 1","Parkdale-High Park","City-wide","50000","BIC","Economic Development and Culture","2024"
3118,"Parkdale CI (COVID19 Youth-led)","1 of 1","Parkdale-High Park","Neighbourhood","5000","CCRF","Social Development","2024"
3119,"Parkdale Golden Age Foundation","1 of 1","Parkdale-High Park","Neighbourhood","71285.11","CSP","Social Development","2024"
3120,"Parkdale Intercultural Association (Toronto)","1 of 1","Parkdale-High Park","Neighbourhood","82080.03","CSP","Social Development","2024"
3121,"PARKDALE QUEEN WEST COMMUNITY HEALTH CENTRE","1 of 1","Parkdale-High Park","City-Wide","1523717","HPP","Toronto Shelter & Support Services","2024"
3122,"PARO Centre for Women's Enterprise","1 of 1","Willowdale","City-wide","20000","BIC","Economic Development and Culture","2024"
3123,"Pax Christi Chorale","1 of 1","Don Valley North","City-wide","20000","TAC","Toronto Arts Council","2024"
3124,"PEACH","1 of 2","Humber River-Black Creek","Local","5000","CH","Economic Development and Culture","2024"
3125,"PEACH (trustee to Duraa David)","2 of 2","Humber River-Black Creek","Local","2916.2","CH","Economic Development and Culture","2024"
3126,"Pemmican Collective","2 of 2","Toronto Centre","City-wide","14000","TAC","Toronto Arts Council","2024"
3127,"Pemmican Collective","1 of 2","Toronto Centre","City-wide","12000","TAC","Toronto Arts Council","2024"
3128,"Pencil Kit Productions","1 of 1","Davenport","City-wide","11000","TAC","Toronto Arts Council","2024"
3129,"Peripheral Theatre","1 of 1","Toronto-St. Paul's","City-wide","17000","TAC","Toronto Arts Council","2024"
3130,"Phemphat Entertainment Group","1 of 1","University-Rosedale","City-wide","10000","TAC","Toronto Arts Council","2024"
3131,"Philippine Legacy and Cultural Alliance","1 of 1","Toronto Centre","Local","7500","CFFP","Economic Development and Culture","2024"
3132,"Pinceles Latinos Art Studio","1 of 1","Humber River-Black Creek","Local","8000","TAC","Toronto Arts Council","2024"
3133,"Pink Door Society","1 of 1","Toronto Centre","Local","17000","INI","Social Development","2024"
3134,"Planet In Focus","1 of 1","Spadina-Fort York","City-wide","25000","TAC","Toronto Arts Council","2024"
3135,"Play Forever (trustee to Jamal Omar)","1 of 1","York South-Weston","Local","5500","CH","Economic Development and Culture","2024"
3136,"Playwrights Guild Of Canada","1 of 1","Spadina-Fort York","City-wide","25000","TAC","Toronto Arts Council","2024"
3137,"Pleiades Theatre","1 of 1","Spadina-Fort York","City-wide","19000","TAC","Toronto Arts Council","2024"
3138,"Positive Initiatives","1 of 1","Scarborough-Rouge Park","Local","5000","CCRF","Social Development","2024"
3139,"Pounds Per Square Inch Performance","1 of 1","Davenport","City-wide","23000","TAC","Toronto Arts Council","2024"
3140,"Pratibha Arts","1 of 1","Spadina-Fort York","City-wide","17000","TAC","Toronto Arts Council","2024"
3141,"Pride Toronto","1 of 1","Toronto Centre","Local","260000","CFFP","Economic Development and Culture","2024"
3142,"Proartedanza Performance Inc","1 of 1","Toronto-Danforth","City-wide","15000","TAC","Toronto Arts Council","2024"
3143,"Professional Association Of Canadian Theatres","1 of 1","Toronto Centre","City-wide","9000","TAC","Toronto Arts Council","2024"
3144,"PROGRESS PLACE REHABILITATION","1 of 1","York South-Weston","City-Wide","10453","HPP","Toronto Shelter & Support Services","2024"
3145,"Project G.I.A. (Girls in Alliance) (COVID19 Youth-led)","1 of 1","Etobicoke North","Local","5000","CCRF","Social Development","2024"
3146,"Project Redefine Arts","1 of 1","Toronto Centre","City-wide","26000","TAC","Toronto Arts Council","2024"
3147,"Project: Humanity Inc.","1 of 1","Eglinton-Lawrence","Local","15000","TAC","Toronto Arts Council","2024"
3148,"Prologue To The Performing Arts","1 of 1","Spadina-Fort York","City-wide","35000","TAC","Toronto Arts Council","2024"
3149,"Promoting Education and Community Health (PEACH)","1 of 2","Humber River-Black Creek","Local","35000","BMFF","Social Development","2024"
3150,"Promoting Education and Community Health (PEACH)","2 of 2","Humber River-Black Creek","Neighbourhood","74985.57","CSP","Social Development","2024"
3151,"Prosserman Jewish Community Centre","1 of 1","York Centre","City-wide","16776.97","CSP","Social Development","2024"
3152,"Public Recordings Performance Projects","1 of 1","Parkdale-High Park","City-wide","20400","TAC","Toronto Arts Council","2024"
3153,"Puppetmongers Theatre","1 of 1","University-Rosedale","City-wide","8000","TAC","Toronto Arts Council","2024"
3154,"QSLA","1 of 1","Davenport","Local","5000","CCRF","Social Development","2024"
3155,"Queen West Art Crawl","1 of 1","Parkdale-High Park","Local","10000","CFFP","Economic Development and Culture","2024"
3156,"R.I.S.E Arts And Community Services","1 of 1","Scarborough Centre","City-wide","39000","TAC","Toronto Arts Council","2024"
3157,"Racial Justice Fund","1 of 1","Davenport","City-wide","13500","TAC","Toronto Arts Council","2024"
3158,"Raging Asian Women Taiko Drummers","1 of 1","York South-Weston","City-wide","20000","TAC","Toronto Arts Council","2024"
3159,"Rainbow Circus","1 of 1","Toronto-Danforth","Neighbourhood","12750","TAC","Toronto Arts Council","2024"
3160,"Rainbow'S Pride In Scarborough","1 of 1","Spadina-Fort York","Neighbourhood","19476","TAC","Toronto Arts Council","2024"
3161,"Rainbows Pride in Scarborough (RPIS) (trustee: SCARBOROUGH ARTS)","1 of 1","Scarborough Centre, Scarborough-Guildwood","Local","19000","INI","Social Development","2024"
3162,"Ralph Thornton Community Centre","1 of 1","Toronto-Danforth","Neighbourhood","43219.43","CSP","Social Development","2024"
3163,"Rave Angels","1 of 1","University-Rosedale","Neighbourhood","9955","TAC","Toronto Arts Council","2024"
3164,"Ravel Church Properties","1 of 1","Don Valley North","Local","1340","PTCG","Environment, Climate and Forestry","2024"
3165,"Reason D'Etre Dance Productions","1 of 1","Parkdale-High Park","City-wide","17000","TAC","Toronto Arts Council","2024"
3166,"Reassemblage Collective","1 of 1","Parkdale-High Park","City-wide","9000","TAC","Toronto Arts Council","2024"
3167,"Red Pepper Spectacle Arts","1 of 1","University-Rosedale","City-wide","42000","TAC","Toronto Arts Council","2024"
3168,"Red Sky Performance","1 of 1","Spadina-Fort York","City-wide","50000","TAC","Toronto Arts Council","2024"
3169,"Redbred","1 of 1","Toronto-St. Paul's","Local","20000","CBICGG","Indigenous Affairs Office","2024"
3170,"Regenesis York","1 of 1","All Wards","Local","38885","FOR","Environment, Climate and Forestry","2024"
3171,"Regent Park Community Health Centre","1 of 1","Toronto Centre","Neighbourhood","150000","TCS","Toronto Children's Services","2024"
3172,"Regent Park Film Festival","1 of 2","Toronto Centre","City-wide","36000","TAC","Toronto Arts Council","2024"
3173,"Regent Park Film Festival","2 of 2","Toronto Centre","Local","12000","TAC","Toronto Arts Council","2024"
3174,"Regent Park Lacrosse Camp","1 of 1","Toronto Centre","Local","20000","CBICGG","Indigenous Affairs Office","2024"
3175,"Regent Park OUTLOUD","1 of 1","Toronto Centre","Neighbourhood","37200","RPSDP","Social Development","2024"
3176,"Regent Park Safety Network","1 of 1","Toronto Centre","Neighbourhood","36284.54","RPSDP","Social Development","2024"
3177,"Reggae Toronto","1 of 1","Toronto-St. Paul's","City-wide","8000","TAC","Toronto Arts Council","2024"
3178,"REMIX PROJECT, THE","1 of 1","Spadina-Fort York","City-wide","20000","BIC","Economic Development and Culture","2024"
3179,"Remix Project, The (trustee to Tommy Kasi)","1 of 1","Humber River-Black Creek","Local","5500","CH","Economic Development and Culture","2024"
3180,"Renaissance Canadian Theatre Company","1 of 1","Toronto-Danforth","City-wide","18000","TAC","Toronto Arts Council","2024"
3181,"Renaissance Projects","1 of 1","Spadina-Fort York","City-wide","7450","TAC","Toronto Arts Council","2024"
3182,"Residents First","1 of 1","Eglinton-Lawrence","Local","5000","PTCG","Environment, Climate and Forestry","2024"
3183,"Residents for Residents","1 of 1","Scarborough-Guildwood","Local","5000","CCRF","Social Development","2024"
3184,"Resilient Voices Collective","1 of 1","Humber River-Black Creek","Local","5000","CCRF","Social Development","2024"
3185,"Rexdale Community Health Centre","1 of 3","Etobicoke North","Local","833600","YVP","Social Development","2024"
3186,"Rexdale Community Health Centre","2 of 3","Etobicoke North","Local","190545.77","CSP","Social Development","2024"
3187,"Rexdale Community Health Centre","3 of 3","Etobicoke North","Local","208400","YVP","Social Development","2024"
3188,"Rexdale Community Hub","1 of 1","Etobicoke North","Local","352708.03","CSP","Social Development","2024"
3189,"Rexdale Women's Centre","1 of 1","Etobicoke North","Local","122053.04","CSP","Social Development","2024"
3190,"Rhythm & Roots: Regent Park Women's Dance Collective","1 of 1","Toronto Centre","Neighbourhood","1700","RPSDP","Social Development","2024"
3191,"Ringfire Productions","1 of 1","University-Rosedale","Local","3300","StART PP","Transportation Services","2024"
3192,"RISE Arts and Community Services","1 of 1","Scarborough-Rouge Park","Local","20000","YCISI","Economic Development and Culture","2024"
3193,"Rise Together Youth Network","1 of 1","Etobicoke North","Local","5000","CCRF","Social Development","2024"
3194,"Ritten-House","1 of 1","Toronto Centre","Local","7979","TAC","Toronto Arts Council","2024"
3195,"Riverdale Environmental Action League","1 of 1","Toronto-Danforth","Local","3111.9","PTCG","Environment, Climate and Forestry","2024"
3196,"Riverside Business Improvement Area","1 of 1","Toronto-Danforth","Local","7000","CFFP","Economic Development and Culture","2024"
3197,"Ronald Taylor Dance","1 of 1","Toronto Centre","City-wide","9300","TAC","Toronto Arts Council","2024"
3198,"Roncesvalles Village BIA","1 of 1","Parkdale-High Park","Local","10000","CFFP","Economic Development and Culture","2024"
3199,"Roseneath Theatre","1 of 1","Davenport","City-wide","73000","TAC","Toronto Arts Council","2024"
3200,"Ross Iaydjiev & Rowell Soller","1 of 1","Toronto Centre","Local","63480","StART PP","Transportation Services","2024"
3201,"Rouge Butterflyway Group","1 of 1","Scarborough-Rouge Park","Local","4596.63","PTCG","Environment, Climate and Forestry","2024"
3202,"Rwandan Canadian Healing Centre","1 of 1","Toronto Centre","City-wide","35000","BMFF","Social Development","2024"
3203,"S.Y.S.T.E.M (Somali Youth in STEM)","1 of 1","York South-Weston","Local","5000","CCRF","Social Development","2024"
3204,"Sackaney Art","1 of 1","Scarborough Centre","Local","20000","CBICGG","Indigenous Affairs Office","2024"
3205,"Sacred Circle Wellness Collective","1 of 1","Toronto Centre","Local","20000","CBICGG","Indigenous Affairs Office","2024"
3206,"Sacred Earth Guardians","1 of 1","Toronto-Danforth","Local","20000","CBICGG","Indigenous Affairs Office","2024"
3207,"Safe Place","1 of 1","Scarborough Centre","Neighbourhood","17000","INI","Social Development","2024"
3208,"SafeCommunity Watch","1 of 1","Etobicoke-Lakeshore","Local","5000","CCRF","Social Development","2024"
3209,"Saga Collectif","1 of 1","Parkdale-High Park","City-wide","10000","TAC","Toronto Arts Council","2024"
3210,"Salon Du Livre De Toronto","1 of 1","University-Rosedale","City-wide","15000","TAC","Toronto Arts Council","2024"
3211,"Salsa in Toronto","1 of 1","Davenport","Local","100000","CFFP","Economic Development and Culture","2024"
3212,"Sam Wong/Humber River Lodge","1 of 1","All Wards","Local","8000","ICAG","Environment, Climate and Forestry","2024"
3213,"San Romanoway Revitalization Association","1 of 1","Humber River - Black Creek","Local","7000","CFFP","Economic Development and Culture","2024"
3214,"San Romanoway Revitalization Association","1 of 2","Humber River-Black Creek","Local","35000","BMFF","Social Development","2024"
3215,"San Romanoway Revitalization Association","2 of 2","Humber River-Black Creek","Local","112531.61","CSP","Social Development","2024"
3216,"Sanctuary Toronto","1 of 1","Toronto Centre","Local","5000","CCRF","Social Development","2024"
3217,"Santa Maria School","1 of 1","York South-Weston","Local","3711","PTCG","Environment, Climate and Forestry","2024"
3218,"Sara Porter Productions","1 of 1","Toronto-St. Paul's","City-wide","17000","TAC","Toronto Arts Council","2024"
3219,"Savac","1 of 1","Spadina-Fort York","City-wide","51100","TAC","Toronto Arts Council","2024"
3220,"Scadding Court Community Centre","1 of 1","Spadina-Fort York","Neighbourhood","34600","CFIF","Waste Management","2024"
3221,"Scadding Court Community Centre Incorporated","1 of 1","Spadina-Fort York","Neighbourhood","216148.24","CSP","Social Development","2024"
3222,"Scarborough Arts","1 of 1","Scarborough Southwest","Local","310374","LASO","Economic Development and Culture","2024"
3223,"Scarborough Centre for Healthy Communities","1 of 1","Scarborough-Guildwood","Local","539550.76","AASSP","Housing Secretariat","2024"
3224,"Scarborough Centre for Healthy Communities","1 of 2","Scarborough-Guildwood","Local","208400","YVP","Social Development","2024"
3225,"Scarborough Centre for Healthy Communities","2 of 2","Scarborough-Guildwood","Local","229264.48","CSP","Social Development","2024"
3226,"Scarborough Centre for Healthy Communities","1 of 1","Scarborough-Guildwood","Local","100000","TCS","Toronto Children's Services","2024"
3227,"Scarborough Community Unity Initiative (SCUI)","1 of 1","Scarborough Southwest","Local","4986","CCRF","Social Development","2024"
3228,"Scarborough Environmental Assoc-Free Community Bike Repair","1 of 2","Scarborough Centre","Local","7500","NCAG","Environment, Climate and Forestry","2024"
3229,"Scarborough Environmental Assoc-Sewing Program","2 of 2","Scarborough Centre","Local","6500","NCAG","Environment, Climate and Forestry","2024"
3230,"Scarborough Food Security Initiative","1 of 1","Willowdale","Neighbourhood","28670","CFIF","Waste Management","2024"
3231,"Scarborough Junction Community","1 of 1","Scarborough Southwest","Local","6800","NCAG","Environment, Climate and Forestry","2024"
3232,"Scarborough Made","1 of 1","Scarborough-Guildwood","Local","20000","TAC","Toronto Arts Council","2024"
3233,"Scarborough Philharmonic Orchestra","1 of 1","Scarborough Centre","City-wide","23000","TAC","Toronto Arts Council","2024"
3234,"Scarborough Women's Centre","1 of 1","Scarborough-Guildwood","Neighbourhood","45188.85","CSP","Social Development","2024"
3235,"Scarborough Youth Mental Health Alliance","1 of 1","Scarborough-Agincourt","Local","5000","CCRF","Social Development","2024"
3236,"Scarborough Zero Waste","1 of 1","Scarborough Southwest, Scarborough Centre, Scarborough-Rouge Park","Local","7500","NCAG","Environment, Climate and Forestry","2024"
3237,"Scarbrite","1 of 1","Scarborough-Rouge Park","Neighbourhood","14950","TAC","Toronto Arts Council","2024"
3238,"Scarlettwood Warriors for Change","1 of 1","Etobicoke Centre","Local","7500","NCAG","Environment, Climate and Forestry","2024"
3239,"Schulich School of Business, York University","1 of 1","Humber River-Black Creek","City-wide","20000","BIC","Economic Development and Culture","2024"
3240,"SCOTT MISSION, THE","1 of 1","University-Rosedale","City-Wide","62411","HPP","Toronto Shelter & Support Services","2024"
3241,"SDP
Employment and Economic Development","1 of 1","Toronto Centre","Neighbourhood","53133.96","RPSDP","Social Development","2024"
3242,"Senior Persons Living Connected","1 of 1","Scarborough-Agincourt","Local","122558.16","CSP","Social Development","2024"
3243,"Senior Tamils' Centre of Ontario","1 of 1","Scarborough North","City-wide","73209.12","CSP","Social Development","2024"
3244,"Settlement Assistance and Family Support Services (SAFSS)","1 of 1","Scarborough-Guildwood","Local","64650.37","CSP","Social Development","2024"
3245,"Shadowland Theatre","2 of 3","Spadina-Fort York","Local","20000","TAC","Toronto Arts Council","2024"
3246,"Shadowland Theatre","3 of 3","Spadina-Fort York","Local","21800","TAC","Toronto Arts Council","2024"
3247,"Shadowland Theatre","1 of 3","Spadina-Fort York","Local","20000","TAC","Toronto Arts Council","2024"
3248,"Shakespeare In The Ruff","1 of 1","University-Rosedale","City-wide","17000","TAC","Toronto Arts Council","2024"
3249,"SHERBOURNE HEALTH CENTRE","1 of 1","Toronto Centre","City-Wide","18104","HPP","Toronto Shelter & Support Services","2024"
3250,"Shoot for Peace","1 of 1","Toronto-Danforth","City wide","17000","INI","Social Development","2024"
3251,"Shoot For Peace","2 of 2","Toronto-Danforth","Local","20000","TAC","Toronto Arts Council","2024"
3252,"Shoot For Peace","1 of 2","Toronto-Danforth","Neighbourhood","14970","TAC","Toronto Arts Council","2024"
3253,"Sick Muse Art Projects","1 of 1","Davenport","City-wide","12000","TAC","Toronto Arts Council","2024"
3254,"Sick Stories","1 of 1","Parkdale-High Park","City-wide","19896","TAC","Toronto Arts Council","2024"
3255,"SickKids Centre for Community Mental Health","1 of 1","York Centre","Local","150000","TCS","Toronto Children's Services","2024"
3256,"Silent Voice Canada Inc.","1 of 1","Toronto-St. Paul’s","City-wide","39167.07","CSP","Social Development","2024"
3257,"Silverfish Magazine","1 of 1","Parkdale-High Park","City-wide","7500","TAC","Toronto Arts Council","2024"
3258,"Sinfonia Toronto","1 of 1","Don Valley North","City-wide","12350","TAC","Toronto Arts Council","2024"
3259,"Sistaz In Sound","1 of 1","Etobicoke North","Local","5000","CCRF","Social Development","2024"
3260,"Sistema Toronto Academy","1 of 1","Parkdale-High Park","Local","7000","TAC","Toronto Arts Council","2024"
3261,"Sketch Working Arts For Street-Involved And Homeless Youth","1 of 1","Spadina-Fort York","City-wide","125000","TAC","Toronto Arts Council","2024"
3262,"Small World Music","1 of 1","Spadina-Fort York","City-wide","20000","BIC","Economic Development and Culture","2024"
3263,"Small World Music Society","1 of 1","Spadina-Fort York","City-wide","73000","TAC","Toronto Arts Council","2024"
3264,"Smile For Sache","1 of 2","Etobicoke North","Local","16978.72","INI","Social Development","2024"
3265,"Smile for Sache (COVID19 Youth-led)","2 of 2","Humber River-Black Creek","Neighbourhood","5000","CCRF","Social Development","2024"
3266,"Social Ventures Zone","1 of 1","Toronto Centre","City-wide","20000","BIC","Economic Development and Culture","2024"
3267,"Society of Sharing: Inner-City Volunteers","1 of 1","Toronto Centre","Local","20267.44","CSP","Social Development","2024"
3268,"Socirc","1 of 1","University-Rosedale","City-wide","20000","TAC","Toronto Arts Council","2024"
3269,"Somali Canadian Association of Etobicoke","1 of 1","Etobicoke North","Local","29337","CSP","Social Development","2024"
3270,"Somali Women's and Children's Support Network","1 of 2","Etobicoke North","Local","35000","BMFF","Social Development","2024"
3271,"Somali Women's and Children's Support Network","2 of 2","Etobicoke North","City-wide","51046.04","CSP","Social Development","2024"
3272,"Somali Youth Wellness Fair","1 of 1","Humber River-Black Creek","Neighbourhood","5000","CCRF","Social Development","2024"
3273,"Soulpepper Theatre Company","1 of 1","Spadina-Fort York","Local","10000","YCISI","Economic Development and Culture","2024"
3274,"Soulpepper Theatre Company","1 of 1","Spadina-Fort York","City-wide","461000","TAC","Toronto Arts Council","2024"
3275,"Soundcheck Youth Arts Inc.","1 of 1","Eglinton-Lawrence","City-wide","20000","TAC","Toronto Arts Council","2024"
3276,"SoundStock Academy (trusteed by The Remix Project)","1 of 1","Spadina-Fort York","Local","53000","YCISI","Economic Development and Culture","2024"
3277,"Soundstreams","1 of 1","Toronto Centre","City-wide","88000","TAC","Toronto Arts Council","2024"
3278,"SOUTH ACSA - AGINCOURT COMMUNITY SER","2 of 3","Scarborough-Guildwood","City-Wide","41811","HPP","Toronto Shelter & Support Services","2024"
3279,"South Asian Women's Centre","1 of 1","Davenport","City-wide","109958.4","CSP","Social Development","2024"
3280,"South Riverdale Community Health Centre","1 of 1","Toronto-Danforth","Local","119862.27","CSP","Social Development","2024"
3281,"Southern Currents Film & Video Collective","1 of 1","Davenport","City-wide","20000","TAC","Toronto Arts Council","2024"
3282,"SPARC","1 of 1","Scarborough-Agincourt","Local","16908","INI","Social Development","2024"
3283,"Spirit Sisters Collective","1 of 1","Spadina-Fort York","Local","20000","CBICGG","Indigenous Affairs Office","2024"
3284,"SPRINT Senior Care ( SPRINT - Senior People's Resources Toronto)","1 of 1","Toronto-St. Paul’s","Local","120997.38","CSP","Social Development","2024"
3285,"St James Town Residents Council (COVID19 Youth-Led)","1 of 1","Toronto Centre","Neighbourhood","5000","CCRF","Social Development","2024"
3286,"ST JOHN THE COMPASSIONATE MISS","1 of 1","Toronto-Danforth","City-Wide","28223","HPP","Toronto Shelter & Support Services","2024"
3287,"St. Alban's Boys and Girls Club","1 of 1","University-Rosedale","Local","243016.37","CSP","Social Development","2024"
3288,"St. Clair O'Connor Community Inc.","1 of 1","Beaches-East York","Neighbourhood","22486.59","CSP","Social Development","2024"
3289,"St. James Town Youth Green Team","1 of 1","Toronto Centre","Local","7482","NCAG","Environment, Climate and Forestry","2024"
3290,"St. Jamestown Youth United","1 of 1","Toronto Centre","Neighbourhood","5000","CCRF","Social Development","2024"
3291,"St. Joseph’s Pollinator Garden Committee","1 of 1","Parkdale-High Park","Local","5000","PTCG","Environment, Climate and Forestry","2024"
3292,"St. Matthew's Bracondale House","1 of 1","Toronto-St. Paul’s","Neighbourhood","60467.48","CSP","Social Development","2024"
3293,"St.Luigi School Garden Brigade","1 of 1","Davenport","Local","4187.7","PTCG","Environment, Climate and Forestry","2024"
3294,"STARTUP FASHION WEEK","1 of 1","Spadina-Fort York","City-wide","10000","BIC","Economic Development and Culture","2024"
3295,"Stay Golden","1 of 1","Don Valley North","Local","53000","YCISI","Economic Development and Culture","2024"
3296,"Stay Golden","1 of 1","Scarborough Centre","Neighbourhood","17000","INI","Social Development","2024"
3297,"STEPS Initiative, The","1 of 1","Spadina-Fort York","Local","22000","CH","Economic Development and Culture","2024"
3298,"Steps Public Art","3 of 3","Spadina-Fort York","Local","20000","TAC","Toronto Arts Council","2024"
3299,"Steps Public Art","1 of 3","Spadina-Fort York","Local","20000","TAC","Toronto Arts Council","2024"
3300,"Steps Public Art","2 of 3","Spadina-Fort York","Local","13500","TAC","Toronto Arts Council","2024"
3301,"STEPS Public Art","1 of 1","Toronto-St. Paul’s","Local","17000","StART PP","Transportation Services","2024"
3302,"Stolen From Africa","1 of 1","Scarborough-Agincourt","City-Wide","35000","BMFF","Social Development","2024"
3303,"Stonegate Community Association","1 of 1","Etobicoke-Lakeshore","Local","109810.85","CSP","Social Development","2024"
3304,"STOP COMMUNITY FOOD CENTRE, TH","1 of 1","Toronto-St. Paul’s","City-Wide","67943","HPP","Toronto Shelter & Support Services","2024"
3305,"Stop The Bleed Training","1 of 1","Scarborough-Guildwood","Neighbourhood","3230","CCRF","Social Development","2024"
3306,"Strange Maker Collective","1 of 1","York Centre","City-wide","15000","TAC","Toronto Arts Council","2024"
3307,"StressLess Strollers","1 of 2","Willowdale","Local","5000","CCRF","Social Development","2024"
3308,"Stressless Strollers","2 of 2","Willowdale","Local","5000","CCRF","Social Development","2024"
3309,"Strife Collective","1 of 1","Toronto Centre","City-wide","13000","TAC","Toronto Arts Council","2024"
3310,"Strings Attached Theatre","1 of 1","Toronto-Danforth","City-wide","9993","TAC","Toronto Arts Council","2024"
3311,"Strive Toronto (trustee to Sydanie Nichol)","1 of 1","York South-Weston","Local","9900","CH","Economic Development and Culture","2024"
3312,"Studio 180 Theatre","1 of 1","University-Rosedale","City-wide","17000","TAC","Toronto Arts Council","2024"
3313,"Sugar Plum Collective","1 of 1","Toronto-Danforth","City-wide","16307","TAC","Toronto Arts Council","2024"
3314,"Summerworks Performance Festival","1 of 1","Spadina-Fort York","City-wide","55000","TAC","Toronto Arts Council","2024"
3315,"Sunshine Centres for Seniors","1 of 2","University-Rosedale","City-wide","55745.41","CSP","Social Development","2024"
3316,"Sunshine Centres for Seniors","2 of 2","University-Rosedale","Local","50814.15","CSP","Social Development","2024"
3317,"Suppli Sustainable Services Inc.","1 of 1","Toronto Centre","City-wide","35000","CFIF","Waste Management","2024"
3318,"Support Enhance Access Services Centre (S.E.A.S. Centre)","1 of 1","Toronto Centre","Local","102109.1","CSP","Social Development","2024"
3319,"Support Network For Indigenous Women & Women Of Colour","1 of 1","Parkdale-High Park","City-wide","8000","TAC","Toronto Arts Council","2024"
3320,"Syme Woolner Neighbourhood and Family Centre (SWNFC)","1 of 1","York South-Weston","Neighbourhood","131684.47","CSP","Social Development","2024"
3321,"SYME-WOOLNER NEIGHBOURHOOD &","1 of 1","York South-Weston","City-Wide","55799","HPP","Toronto Shelter & Support Services","2024"
3322,"Tafelmusik","1 of 1","University-Rosedale","City-wide","180000","TAC","Toronto Arts Council","2024"
3323,"Tamil Arts Collective","1 of 1","Davenport","City-wide","7979","TAC","Toronto Arts Council","2024"
3324,"Tangled Art + Disability","1 of 1","Spadina-Fort York","City-wide","56000","TAC","Toronto Arts Council","2024"
3325,"Tapestry Music Theatre","1 of 1","Spadina-Fort York","City-wide","70000","TAC","Toronto Arts Council","2024"
3326,"Tarragon Theatre","1 of 1","Toronto-St. Paul's","City-wide","211500","TAC","Toronto Arts Council","2024"
3327,"Taste Of Bangladesh","1 of 1","Scarborough Southwest","Local","5000","CFFP","Economic Development and Culture","2024"
3328,"Taste of the Middle East Foundation","1 of 1","Toronto Centre","Local","20000","CFFP","Economic Development and Culture","2024"
3329,"TCH SCHC EarlyON Child and Family Centre 4110/4110LAE","1 of 1","Scarborough-Guildwood","Local","4870","PTCG","Environment, Climate and Forestry","2024"
3330,"TCHC Youth Group (COVID19 Youth-led)","1 of 1","Etobicoke North","Local","4900","CCRF","Social Development","2024"
3331,"Tdot Batu Percussion Arts Group Inc.","1 of 1","York South-Weston","City-wide","9000","TAC","Toronto Arts Council","2024"
3332,"Team 188 Robotics","1 of 1","Scarborough North, Scarborough-Guildwood","Neighbourhood","11390","INI","Social Development","2024"
3333,"TECHCANADA","1 of 1","University-Rosedale","City-wide","10000","BIC","Economic Development and Culture","2024"
3334,"Teiaiaik’on Historical Preservation Society","1 of 1","All Wards","Local","8600","ICAG","Environment, Climate and Forestry","2024"
3335,"Tesoc Multicultural Settlement and Community Services","1 of 1","Scarborough Centre","City-wide","45455.6","CSP","Social Development","2024"
3336,"Textile Museum Of Canada","1 of 1","Spadina-Fort York","City-wide","72000","TAC","Toronto Arts Council","2024"
3337,"TH3RDSPACE","1 of 1","Spadina-Fort York, Toronto Centre, Toronto-Danforth","City wide","16932","INI","Social Development","2024"
3338,"That Arts Group","1 of 1","Toronto Centre","City-wide","4500","TAC","Toronto Arts Council","2024"
3339,"The 3398 Black Fathers' Group (COVID19 Youth-led)","1 of 1","York Centre","Local","5000","CCRF","Social Development","2024"
3340,"The Arab Community Centre of Toronto","1 of 2","Etobicoke Centre","City-wide","49314.99","CSP","Social Development","2024"
3341,"The Arab Community Centre of Toronto","2 of 2","Etobicoke Centre","Local","35000","LLG","Social Development","2024"
3342,"The Art Of Time Ensemble","1 of 1","Toronto-St. Paul's","City-wide","50000","TAC","Toronto Arts Council","2024"
3343,"The Baechain Collective","1 of 1","University-Rosedale","City-wide","9150","TAC","Toronto Arts Council","2024"
3344,"The Bentway Conservancy","1 of 1","Spadina Fort-York","Local","180000","COOP","Economic Development and Culture","2024"
3345,"The Brown Girl Diary","1 of 1","Scarborough North","Neighbourhood","12000","TAC","Toronto Arts Council","2024"
3346,"The Cabbagetown Community Arts Centre","1 of 1","Toronto Centre","City-wide","20000","TAC","Toronto Arts Council","2024"
3347,"The Centre for Spanish-Speaking Peoples","1 of 1","York Centre","City-wide","77386.34","CSP","Social Development","2024"
3348,"The Change-Makers Foundation for Diversity, Equity, Excellence, and Inclusion (COVID19 Youth-led)","1 of 1","Scarborough Southwest","Neighbourhood","5000","CCRF","Social Development","2024"
3349,"The Chez Moi Collective","1 of 1","University-Rosedale","City-wide","13000","TAC","Toronto Arts Council","2024"
3350,"The Children's Bookbank and Literacy Foundation","1 of 1","Toronto Centre","Neighbourhood","29945","RPSDP","Social Development","2024"
3351,"The Chimera Project Dance Theatre","1 of 1","Beaches-East York","City-wide","15000","TAC","Toronto Arts Council","2024"
3352,"The Church of St. Aidan","1 of 1","Beaches-East York","Local","2800","PTCG","Environment, Climate and Forestry","2024"
3353,"The Church of the Messiah and Partners","1 of 1","University-Rosedale","Local","4500","PTCG","Environment, Climate and Forestry","2024"
3354,"The Cross-Cultural Community Services Association (TCCSA)","1 of 1","University-Rosedale","City-wide","33241.79","CSP","Social Development","2024"
3355,"The Dance Umbrella Of Ontario","1 of 1","Toronto Centre","City-wide","30000","TAC","Toronto Arts Council","2024"
3356,"The Deadly Aunties","1 of 1","None","None","20000","CBICGG","Indigenous Affairs Office","2024"
3357,"The Decom Post","1 of 1","City Wide","City wide","17000","INI","Social Development","2024"
3358,"The Disability Collective","1 of 1","University-Rosedale","City-wide","23000","TAC","Toronto Arts Council","2024"
3359,"THE DMZ AT RYERSON","1 of 1","Toronto Centre","City-wide","50000","BIC","Economic Development and Culture","2024"
3360,"The Elmer Iseler Singers","1 of 1","Don Valley West","City-wide","24545","TAC","Toronto Arts Council","2024"
3361,"The Esprit Orchestra","1 of 1","Spadina-Fort York","City-wide","48165","TAC","Toronto Arts Council","2024"
3362,"The Finance Lab","1 of 1","Scarborough Centre","Neighbourhood","17000","INI","Social Development","2024"
3363,"The First Portuguese Canadian Cultural Centre","1 of 1","Davenport","Local","16924.54","CSP","Social Development","2024"
3364,"The Fringe Of Toronto Theatre Festival","1 of 1","Toronto-Danforth","City-wide","80000","TAC","Toronto Arts Council","2024"
3365,"The Gatehouse Child Abuse Investigation & Support Site","1 of 1","Etobicoke-Lakeshore","City-wide","29337","CSP","Social Development","2024"
3366,"The George Hull Centre for Children & Families","1 of 2","Etobicoke North","Local","150000","TCS","Toronto Children's Services","2024"
3367,"The George Hull Centre for Children & Families","2 of 2","Etobicoke North","City-wide","86000","TCS","Toronto Children's Services","2024"
3368,"The George R. Gardiner Museum Of Ceramic Art","1 of 1","University-Rosedale","City-wide","140000","TAC","Toronto Arts Council","2024"
3369,"The George S. Seniors’ Centre of York","1 of 1","York South-Weston","Neighbourhood","111133.25","CSP","Social Development","2024"
3370,"The Goodtimes","1 of 1","Davenport","City-wide","7000","TAC","Toronto Arts Council","2024"
3371,"The Greenprint Network","1 of 1","Humber River-Black Creek","Neighbourhood","14175","TAC","Toronto Arts Council","2024"
3372,"The Guys","1 of 1","Eglinton-Lawrence","Local","5000","CCRF","Social Development","2024"
3373,"The Hannaford Street Silver Band","1 of 1","Toronto-Danforth","City-wide","26600","TAC","Toronto Arts Council","2024"
3374,"The Helping Hand Foundation","1 of 1","Scarborough Southwest","Local","5000","CCRF","Social Development","2024"
3375,"The Hispanic Council of Metropolitan Toronto (Hispanic Developoment Council)","1 of 1","York Centre","City-wide","70535.93","CSP","Social Development","2024"
3376,"The Howland Company","1 of 1","Toronto Centre","City-wide","10000","TAC","Toronto Arts Council","2024"
3377,"The Kickback Foundation","1 of 1","Toronto-Danforth","Local","53000","YCISI","Economic Development and Culture","2024"
3378,"The Listening Party","1 of 1","Toronto Centre","City-wide","9000","TAC","Toronto Arts Council","2024"
3379,"The Lost Scribe Collective","1 of 1","Eglinton-Lawrence","City-wide","2595","TAC","Toronto Arts Council","2024"
3380,"The Music Gallery","1 of 1","University-Rosedale","City-wide","93000","TAC","Toronto Arts Council","2024"
3381,"The Musical Stage Company","1 of 1","Spadina-Fort York","City-wide","40500","TAC","Toronto Arts Council","2024"
3382,"The National Ballet Of Canada","1 of 1","Spadina-Fort York","Local","1390000","TAC","Toronto Arts Council","2024"
3383,"The Neighbourhood Group","1 of 3","Toronto Centre","City-Wide","15000","CB","Social Development","2024"
3384,"The Neighbourhood Group","2 of 3","Toronto Centre","City-Wide","25000","INI","Social Development","2024"
3385,"The Neighbourhood Group","3 of 3","Toronto Centre","Local","208400","YVP","Social Development","2024"
3386,"The Neighbourhood Group Community Services","1 of 2","Toronto-St. Paul's","Local","20000","CH","Economic Development and Culture","2024"
3387,"The Neighbourhood Group Community Services","1 of 1","University-Rosedale","City-wide","15000","TAC","Toronto Arts Council","2024"
3388,"The Neighbourhood Group Community Services (trustee to Black Diamonds)","2 of 2","Toronto-St. Paul's","Local","9900","CH","Economic Development and Culture","2024"
3389,"The Neighbourhood Organization","1 of 1","Don Valley West","Local","45000","LLG","Social Development","2024"
3390,"The New Age","1 of 1","York South-Weston","Neighbourhood","4950","CCRF","Social Development","2024"
3391,"The Next Edition","1 of 1","Davenport, Spadina-Fort York","Local","7500","NCAG","Environment, Climate and Forestry","2024"
3392,"The Platform","1 of 1","Etobicoke-Lakeshore","City-wide","17000","TAC","Toronto Arts Council","2024"
3393,"The Power Plant Contemporary Art Gallery","1 of 1","Spadina-Fort York","City-wide","206000","TAC","Toronto Arts Council","2024"
3394,"The Purple Stage","1 of 1","Davenport","City-wide","10000","TAC","Toronto Arts Council","2024"
3395,"The Rejuvenators","1 of 1","Toronto Centre","Neighbourhood","4971.25","CCRF","Social Development","2024"
3396,"The Remix Project","1 of 1","Spadina-Fort York","City-wide","10000","YCISI","Economic Development and Culture","2024"
3397,"The Remix Project","1 of 1","Spadina-Fort York","City-wide","36000","TAC","Toronto Arts Council","2024"
3398,"The Royal Conservatory of Music","1 of 1","University-Rosedale","Neighbourhood","27000","FOR","Environment, Climate and Forestry","2024"
3399,"The Royal Conservatory Of Music","1 of 1","University-Rosedale","City-wide","57000","TAC","Toronto Arts Council","2024"
3400,"The Second Mile Club of Toronto","1 of 1","University-Rosedale","Local","86433.19","CSP","Social Development","2024"
3401,"The Smile Company - Theatrical Productions","1 of 1","University-Rosedale","City-wide","30000","TAC","Toronto Arts Council","2024"
3402,"The St. Christopher House","1 of 1","Spadina-Fort York","Local","368236.37","CSP","Social Development","2024"
3403,"The Stop Community Food Centre","1 of 1","Davenport","City-wide","35233.91","CSP","Social Development","2024"
3404,"The Storytellers School Of Toronto","1 of 1","Toronto-St. Paul's","City-wide","38000","TAC","Toronto Arts Council","2024"
3405,"The Teresa Group Child and Family Aid","1 of 1","Toronto-St. Paul’s","City-wide","36664.15","CSP","Social Development","2024"
3406,"The Theatre Centre","1 of 1","Davenport","City-wide","151000","TAC","Toronto Arts Council","2024"
3407,"The Toronto Consort","1 of 1","University-Rosedale","City-wide","25650","TAC","Toronto Arts Council","2024"
3408,"The Tropicana Community Services Organization of Scarborough","1 of 1","Scarborough-Guildwood","City-wide","115633.97","CSP","Social Development","2024"
3409,"The Unknown Floor Force","1 of 1","University-Rosedale","City-wide","8000","TAC","Toronto Arts Council","2024"
3410,"The Walkabout","1 of 1","Beaches-East York","Local","20000","CBICGG","Indigenous Affairs Office","2024"
3411,"The Wexford Residence","1 of 1","Scarborough Centre","Local","26260.84","CSP","Social Development","2024"
3412,"The Word On The Street","1 of 1","University-Rosedale","City-wide","51500","TAC","Toronto Arts Council","2024"
3413,"The Youth Empowerment Network (COVID19 Youth-led)","1 of 1","Toronto-St. Paul’s","Local","4539","CCRF","Social Development","2024"
3414,"Theatre Artaud","1 of 1","Spadina-Fort York","City-wide","15000","TAC","Toronto Arts Council","2024"
3415,"Theatre Direct Canada","1 of 1","Eglinton-Lawrence","City-wide","69000","TAC","Toronto Arts Council","2024"
3416,"Theatre Gargantua","1 of 1","Davenport","City-wide","15000","TAC","Toronto Arts Council","2024"
3417,"Theatre Passe Muraille","1 of 1","Spadina-Fort York","City-wide","170000","TAC","Toronto Arts Council","2024"
3418,"Theatre Smith-Gilmour","1 of 1","Toronto-Danforth","City-wide","14760","TAC","Toronto Arts Council","2024"
3419,"Thundercrows Kids","1 of 1","Parkdale-High Park","Local","26610","TAC","Toronto Arts Council","2024"
3420,"Tiger Princess Dance Projects Inc.","1 of 1","Davenport","City-wide","36000","TAC","Toronto Arts Council","2024"
3421,"Tirgan Centre For Art And Culture","1 of 1","Don Valley East","City-wide","25000","TAC","Toronto Arts Council","2024"
3422,"TNO-The Neighbourhood Organization","1 of 1","Don Valley West","Local","553821.85","CSP","Social Development","2024"
3423,"TOES FOR DANCE INC.","1 of 1","Willowdale","Local","10000","CFFP","Economic Development and Culture","2024"
3424,"Toes For Dance Inc.","2 of 2","Toronto-St. Paul's","Local","20000","TAC","Toronto Arts Council","2024"
3425,"Toes For Dance Inc.","1 of 2","Toronto-St. Paul's","Local","20000","TAC","Toronto Arts Council","2024"
3426,"Topcliff's ECOclub","1 of 1","Humber River-Black Creek","Local","4500","PTCG","Environment, Climate and Forestry","2024"
3427,"Toronto Aboriginal Support Services Council","1 of 2","University-Rosedale","City-wide","1450000","IFF","Social Development","2024"
3428,"Toronto Aboriginal Support Services Council","2 of 2","University-Rosedale","City-wide","143483.97","CSP","Social Development","2024"
3429,"Toronto Alliance For The Performing Arts","1 of 1","University-Rosedale","City-wide","78000","TAC","Toronto Arts Council","2024"
3430,"Toronto All-Star Big Band","1 of 1","Etobicoke Centre","Local","8000","TAC","Toronto Arts Council","2024"
3431,"Toronto and Region Conservation Authority","1 of 1","All Wards","City Wide","99999.01","FOR","Environment, Climate and Forestry","2024"
3432,"Toronto Animated Image Society","1 of 2","Davenport","City-wide","18000","TAC","Toronto Arts Council","2024"
3433,"Toronto Animated Image Society","2 of 2","Davenport","Neighbourhood","20000","TAC","Toronto Arts Council","2024"
3434,"Toronto Animation Arts Festival International","1 of 1","Eglinton-Lawrence","City-wide","8000","TAC","Toronto Arts Council","2024"
3435,"Toronto Arab Film","1 of 1","Davenport","City-wide","12500","TAC","Toronto Arts Council","2024"
3436,"Toronto Arts Council","1 of 1","Spadina Fort-York","Multiple","26569600","TAC","Economic Development and Culture","2024"
3437,"Toronto Bach Festival","1 of 1","Toronto-Danforth","City-wide","10000","TAC","Toronto Arts Council","2024"
3438,"Toronto Biennial of Art","1 of 1","Davenport","Multiple","150000","COOP","Economic Development and Culture","2024"
3439,"Toronto Birth Centre","1 of 1","Toronto Centre","Neighbourhood","100000","RPSDP","Social Development","2024"
3440,"Toronto Black Film Festival","1 of 1","Toronto-Danforth","City-wide","15000","TAC","Toronto Arts Council","2024"
3441,"Toronto Blues Society","1 of 1","Spadina-Fort York","City-wide","19200","TAC","Toronto Arts Council","2024"
3442,"Toronto Burlesque Festival","1 of 1","Toronto-St. Paul's","City-wide","17463","TAC","Toronto Arts Council","2024"
3443,"Toronto Catholic District School Board","1 of 1","All Wards","City-wide","22774.39","YCAG","Environment, Climate and Forestry","2024"
3444,"Toronto Centre for Community Learning & Development","1 of 2","Toronto Centre","City-wide","56534.3","CSP","Social Development","2024"
3445,"Toronto Centre for Community Learning and Development","2 of 2","Toronto Centre","Neighbourhood","64150","RPSDP","Social Development","2024"
3446,"Toronto Chamber Choir","1 of 1","Toronto-St. Paul's","City-wide","8500","TAC","Toronto Arts Council","2024"
3447,"Toronto Children'S Chorus","1 of 1","Toronto-St. Paul's","City-wide","40000","TAC","Toronto Arts Council","2024"
3448,"Toronto Common Harvest","1 of 1","University-Rosedale","Local","7320.33","NCAG","Environment, Climate and Forestry","2024"
3449,"Toronto Community & Culture Centre","1 of 1","Spadina-Fort York","City-wide","26294.89","CSP","Social Development","2024"
3450,"Toronto Community for Better Child Care","1 of 1","Toronto-Danforth","City-wide","29337","CSP","Social Development","2024"
3451,"Toronto Dance Community Love-In","1 of 1","Parkdale-High Park","City-wide","20000","TAC","Toronto Arts Council","2024"
3452,"Toronto Dance Theatre","1 of 1","Toronto Centre","City-wide","162000","TAC","Toronto Arts Council","2024"
3453,"Toronto Design Offsite Festival","1 of 1","Multiple","City-wide","50000","CFFP","Economic Development and Culture","2024"
3454,"Toronto District School Board","1 of 3","All Wards","City-wide","28785.74","YCAG","Environment, Climate and Forestry","2024"
3455,"Toronto District School Board","2 of 3","All Wards","City Wide","100000","FOR","Environment, Climate and Forestry","2024"
3456,"Toronto District School Board","3 of 3","Scarborough North","City Wide","51010","FOR","Environment, Climate and Forestry","2024"
3457,"Toronto District School Board","1 of 1","Davenport","Local","150000","TCS","Toronto Children's Services","2024"
3458,"Toronto Downtown Jazz Society","1 of 1","Toronto-St. Paul's","City-wide","50000","TAC","Toronto Arts Council","2024"
3459,"Toronto Fashion Incubator","1 of 1","Spadina-Fort York","City-wide","75000","BIC","Economic Development and Culture","2024"
3460,"Toronto Festival of Arts, Culture and Creativity (Luminato Festival)","1 of 1","Multiple","City-wide","400000","CFFP","Economic Development and Culture","2024"
3461,"Toronto Festival Of Comics And Graphic Arts","1 of 1","University-Rosedale","City-wide","23500","TAC","Toronto Arts Council","2024"
3462,"Toronto Finnish-Canadian Seniors Centre (Suomi-Koti)","1 of 1","Don Valley West","City-wide","21709.04","CSP","Social Development","2024"
3463,"Toronto Foundation for Student Success","1 of 3","York South-Weston","City Wide","14214984","SNP","Toronto Public Health","2024"
3464,"Toronto Foundation for Student Success","2 of 3","York South-Weston","City Wide","100000","SNP","Toronto Public Health","2024"
3465,"Toronto Foundation for Student Success","3 of 3","York South-Weston","City Wide","1811029","SNP","Toronto Public Health","2024"
3466,"Toronto Healing Initiative","1 of 1","Etobicoke North","Local","5000","CCRF","Social Development","2024"
3467,"Toronto International Film Festival Inc","1 of 1","Spadina Fort-York","Local","1165842","COOP","Economic Development and Culture","2024"
3468,"Toronto Jewish Film Foundation/Festival","1 of 1","University-Rosedale","City-wide","24000","TAC","Toronto Arts Council","2024"
3469,"Toronto Kiwanis Boys & Girls Clubs","1 of 2","Toronto Centre","Local","46488.56","CSP","Social Development","2024"
3470,"Toronto Kiwanis Boys & Girls Clubs","2 of 2","Toronto Centre","Local","120452.53","CSP","Social Development","2024"
3471,"Toronto Mendelssohn Choir","1 of 1","Davenport","City-wide","71000","TAC","Toronto Arts Council","2024"
3472,"Toronto Metropolitan Media Inc","1 of 1","Toronto Centre","City-wide","7500","TAC","Toronto Arts Council","2024"
3473,"TORONTO METROPOLITAN UNIVERSITY - Clean Energy Zone","1 of 2","Toronto Centre","City-wide","20000","BIC","Economic Development and Culture","2024"
3474,"TORONTO METROPOLITAN UNIVERSITY - Legal Innovation Zone","2 of 2","Toronto Centre","City-wide","20000","BIC","Economic Development and Culture","2024"
3475,"Toronto Operetta Theatre","1 of 1","Toronto-Danforth","City-wide","18400","TAC","Toronto Arts Council","2024"
3476,"Toronto Outdoor Art Fair","1 of 1","Toronto Centre","Local","50000","CFFP","Economic Development and Culture","2024"
3477,"Toronto Outdoor Picture Show","1 of 1","Spadina-Fort York, Toronto-St. Paul's, Toronto Centre, Etobicoke-Lakeshore, University-Rosedale","City-wide","7500","CFFP","Economic Development and Culture","2024"
3478,"Toronto Outdoor Picture Show","1 of 2","University-Rosedale","Local","18750","TAC","Toronto Arts Council","2024"
3479,"Toronto Outdoor Picture Show","2 of 2","University-Rosedale","City-wide","8000","TAC","Toronto Arts Council","2024"
3480,"Toronto Palestine Film Festival","1 of 1","Toronto-St. Paul's","City-wide","14000","TAC","Toronto Arts Council","2024"
3481,"Toronto People With AIDS Foundation","1 of 1","Toronto Centre","City-wide","39785.72","CSP","Social Development","2024"
3482,"Toronto Performance Art Collective","1 of 1","Toronto Centre","City-wide","12500","TAC","Toronto Arts Council","2024"
3483,"Toronto Photographers Workshop","1 of 1","Davenport","City-wide","70000","TAC","Toronto Arts Council","2024"
3484,"Toronto Queer Media & Arts Centre","1 of 1","Toronto Centre","City-wide","19500","TAC","Toronto Arts Council","2024"
3485,"Toronto Rape Crisis Centre","1 of 1","Spadina-Fort York","City-wide","66256.55","CSP","Social Development","2024"
3486,"Toronto Reel Asian International Film Festival","1 of 1","Spadina-Fort York","City-wide","50000","TAC","Toronto Arts Council","2024"
3487,"Toronto Sketch Comedy Festival Inc.","1 of 1","Spadina-Fort York","City-wide","15000","TAC","Toronto Arts Council","2024"
3488,"Toronto Summer Music Foundation","1 of 1","Spadina-Fort York","City-wide","39780","TAC","Toronto Arts Council","2024"
3489,"Toronto Symphony Orchestra","1 of 1","Spadina-Fort York","City-wide","1220000","TAC","Toronto Arts Council","2024"
3490,"Toronto Tabla Ensemble","1 of 1","Eglinton-Lawrence","City-wide","6000","TAC","Toronto Arts Council","2024"
3491,"Toronto Turtle Protectors","1 of 1","Parkdale-High Park","City-wide","15000","TAS","Toronto Animal Services","2024"
3492,"Toronto Undergraduate Jazz Festival","1 of 1","Willowdale","Local","7000","CFFP","Economic Development and Culture","2024"
3493,"Transcare Community Support Services","1 of 1","Scarborough-Agincourt","City-wide","102619.91","CSP","Social Development","2024"
3494,"Tria Theatre Company","1 of 1","University-Rosedale","City-wide","15000","TAC","Toronto Arts Council","2024"
3495,"Tribal Crackling Wind For The Arts","1 of 1","Toronto Centre","City-wide","30000","TAC","Toronto Arts Council","2024"
3496,"Trinity Square Video","1 of 1","Spadina-Fort York","City-wide","55000","TAC","Toronto Arts Council","2024"
3497,"Trinity-St.Paul's United Church","1 of 1","University-Rosedale","Local","4830","PTCG","Environment, Climate and Forestry","2024"
3498,"Truspire","1 of 1","York South-Weston","Neighbourhood","5000","CCRF","Social Development","2024"
3499,"Turtle Island Carers of Fire","1 of 1","Toronto-Centre","Local","20000","CBICGG","Indigenous Affairs Office","2024"
3500,"Turtle Protectors","1 of 2","All Wards","Local","15800","ICAG","Environment, Climate and Forestry","2024"
3501,"Turtle Protectors","1 of 1","Parkdale-High Park","Local","20000","CBICGG","Indigenous Affairs Office","2024"
3502,"Turtle Protectors (Mishiikenh Gizhaasowin)","2 of 2","Parkdale-High Park","Local","7500","NCAG","Environment, Climate and Forestry","2024"
3503,"Twisted Dog Theatre","1 of 1","Toronto-Danforth","City-wide","8000","TAC","Toronto Arts Council","2024"
3504,"U.N.I.T. Productions","1 of 1","Toronto-Danforth","City-wide","8000","TAC","Toronto Arts Council","2024"
3505,"UB2STNBC (trustee to Kelewele Club)","1 of 1","Beaches-East York","Local","9900","CH","Economic Development and Culture","2024"
3506,"Ubuntu Neighbourhood Organization (UNO) (COVID19 Youth-led)","1 of 1","Toronto Centre","Neighbourhood","5000","CCRF","Social Development","2024"
3507,"UHN - TORehab - KITE","1 of 1","University-Rosedale","City-wide","20000","BIC","Economic Development and Culture","2024"
3508,"Ukrainian Canadian Social Services (Toronto) Inc.","1 of 1","Parkdale-High Park","City-wide","48492.03","CSP","Social Development","2024"
3509,"UMA Foundation","1 of 1","Toronto Centre/ Toronto-Danforth","Local","10000","CFFP","Economic Development and Culture","2024"
3510,"Uma Foundation","1 of 1","Eglinton-Lawrence","Local","10000","TAC","Toronto Arts Council","2024"
3511,"Uma Nota Culture","1 of 1","Davenport","City-wide","12000","TAC","Toronto Arts Council","2024"
3512,"Uma Nota Music and Production","1 of 1","Davenport","Local","20000","CFFP","Economic Development and Culture","2024"
3513,"Unboxing Accessibility","1 of 1","Beaches-East York","Neighbourhood","19250","TAC","Toronto Arts Council","2024"
3514,"Unbridled Theatre Collective","1 of 1","Toronto-Danforth","City-wide","8000","TAC","Toronto Arts Council","2024"
3515,"Unison Health and Community Services","1 of 1","Eglinton-Lawrence","Local","208400","YVP","Social Development","2024"
3516,"Unit 2","2 of 2","Davenport","City-wide","11500","TAC","Toronto Arts Council","2024"
3517,"Unit 2","1 of 2","Davenport","Neighbourhood","15000","TAC","Toronto Arts Council","2024"
3518,"UNITED SHIELD","1 of 1","Etobicoke-Lakeshore","Local","5000","CCRF","Social Development","2024"
3519,"Uniting Lanes","1 of 1","Humber River-Black Creek","Neighbourhood","4800","CCRF","Social Development","2024"
3520,"Unity Charity","1 of 1","Toronto-St. Paul's","City-wide","45000","YCISI","Economic Development and Culture","2024"
3521,"Unity Charity","1 of 1","Toronto-St. Paul's","City-wide","40400","TAC","Toronto Arts Council","2024"
3522,"Universal Collective Of Artists","1 of 1","Eglinton-Lawrence","City-wide","9000","TAC","Toronto Arts Council","2024"
3523,"University of Toronto Faculty of Architecture, Landscape and Design","1 of 1","All Wards","City Wide","99500","FOR","Environment, Climate and Forestry","2024"
3524,"University Settlement","1 of 1","Spadina-Fort York","Local","160873.92","CSP","Social Development","2024"
3525,"University Settlement","1 of 1","Spadina-Fort York","Local","26500","TAC","Toronto Arts Council","2024"
3526,"UrbanArts","1 of 1","York South Weston","Local","329330","LASO","Economic Development and Culture","2024"
3527,"Urbanvessel","1 of 1","Parkdale-High Park","Local","20000","TAC","Toronto Arts Council","2024"
3528,"Vanguardia Dance Projects","1 of 1","Davenport","City-wide","10000","TAC","Toronto Arts Council","2024"
3529,"Variable Academy","1 of 1","Toronto Centre","Local","17000","INI","Social Development","2024"
3530,"Variety Village","1 of 1","Scarborough Southwest","Local","15500","FOR","Environment, Climate and Forestry","2024"
3531,"Vatility Nexus Community Services","1 of 1","Humber River-Black Creek","Local","5000","CCRF","Social Development","2024"
3532,"Vemu Estonian Museum Canada","1 of 1","University-Rosedale","City-wide","9000","TAC","Toronto Arts Council","2024"
3533,"Venus Fest Inc.","1 of 1","Toronto Centre","City-wide","13000","TAC","Toronto Arts Council","2024"
3534,"Vermont Square Parent-Child Mother Goose Program","1 of 1","University-Rosedale","City-wide","32844.5","CSP","Social Development","2024"
3535,"Vesnivka Choir Inc.","1 of 1","Parkdale-High Park","City-wide","8000","TAC","Toronto Arts Council","2024"
3536,"Vibe Arts","1 of 2","Spadina-Fort York","Local","75000","TAC","Toronto Arts Council","2024"
3537,"Vibe Arts","2 of 2","Spadina-Fort York","Local","20000","TAC","Toronto Arts Council","2024"
3538,"Vibrant Healthcare Alliance","1 of 1","Eglinton-Lawrence","City-wide","46596.4","CSP","Social Development","2024"
3539,"Victim Services Toronto","1 of 1","Toronto Centre","City-wide","328399.58","CSP","Social Development","2024"
3540,"Victoria Park Family Learning","1 of 1","Scarborough-Agincourt","Neighbourhood","5000","CCRF","Social Development","2024"
3541,"Victoria Park Youth Engagement (COVID19 Youth-led)","1 of 1","Scarborough-Agincourt","Neighbourhood","5000","CCRF","Social Development","2024"
3542,"Videocabaret","1 of 1","Toronto-Danforth","City-wide","35100","TAC","Toronto Arts Council","2024"
3543,"Vietnamese Women's Association of Toronto","1 of 1","Humber River - Black Creek","Local","7000","CFFP","Economic Development and Culture","2024"
3544,"Vietnamese Women's Association of Toronto","1 of 1","Davenport","City-wide","76211.49","CSP","Social Development","2024"
3545,"Viva! Youth Singers Of Toronto, Inc.","1 of 1","University-Rosedale","City-wide","50175","TAC","Toronto Arts Council","2024"
3546,"Vivi'R Lgbtq+","1 of 1","Toronto-St. Paul's","City-wide","7950","TAC","Toronto Arts Council","2024"
3547,"Voices From Diaspora","1 of 1","Davenport","City-wide","7000","TAC","Toronto Arts Council","2024"
3548,"Volcano Non-Profit Productions Inc.","1 of 1","Spadina-Fort York","City-wide","54000","TAC","Toronto Arts Council","2024"
3549,"Volunteer Centre of Toronto","1 of 1","University-Rosedale","City-wide","244838.22","CSP","Social Development","2024"
3550,"Vox Choirs","1 of 1","Willowdale","City-wide","15000","TAC","Toronto Arts Council","2024"
3551,"VP Family Mental Health Healing","1 of 1","Scarborough-Agincourt","Neighbourhood","5000","CCRF","Social Development","2024"
3552,"VP Youth Cross Community Basketball Healing Program (COVID19 Youth-led)","1 of 1","Scarborough North","Neighbourhood","5000","CCRF","Social Development","2024"
3553,"Vtape","1 of 1","Spadina-Fort York","City-wide","85000","TAC","Toronto Arts Council","2024"
3554,"Waleed Ansari","1 of 1","Davenport","Local","13000","TAC","Toronto Arts Council","2024"
3555,"Wanasah:Mental Health Services for Black Youth","1 of 1","Toronto Centre","City wide","40000","CB","Social Development","2024"
3556,"Warden Woods Church and Community Centre","1 of 1","Scarborough Southwest","Local","246495.14","CSP","Social Development","2024"
3557,"WARDEN WOODS COMMUNITY CENTRE","1 of 1","Scarborough Southwest","City-Wide","18815","HPP","Toronto Shelter & Support Services","2024"
3558,"Waterfront Neighbourhood Centre","1 of 2","Spadina-Fort York","Neighbourhood","87698.84","CSP","Social Development","2024"
3559,"Waterfront Neighbourhood Centre","2 of 2","Spadina-Fort York","Local","30000","LLG","Social Development","2024"
3560,"Wavelength Music Arts Projects","3 of 3","Davenport","Local","20000","TAC","Toronto Arts Council","2024"
3561,"Wavelength Music Arts Projects","1 of 3","Davenport","City-wide","30000","TAC","Toronto Arts Council","2024"
3562,"Wavelength Music Arts Projects","2 of 3","Davenport","Neighbourhood","15000","TAC","Toronto Arts Council","2024"
3563,"Weefestival Of Arts And Culture","1 of 1","Davenport","Local","10000","TAC","Toronto Arts Council","2024"
3564,"West End Micro Music Festival","1 of 1","Parkdale-High Park","City-wide","10000","TAC","Toronto Arts Council","2024"
3565,"WEST NEIGHBOURHOOD HOUSE","1 of 1","Spadina-Fort York","City-Wide","45654","HPP","Toronto Shelter & Support Services","2024"
3566,"West Scarborough Neighbourhood Community Centre","1 of 1","Scarborough Southwest","Local","248181.13","CSP","Social Development","2024"
3567,"Westend Cycles","1 of 1","York South-Weston","Local","7500","NCAG","Environment, Climate and Forestry","2024"
3568,"WESTON KING NEIGHBOURHOOD CENT","1 of 1","York South-Weston","City-Wide","55338","HPP","Toronto Shelter & Support Services","2024"
3569,"Weston Neighbourhood Gardeners","1 of 1","York South-Weston","Local","4285","PTCG","Environment, Climate and Forestry","2024"
3570,"Weston Wellness Project (COVID19 Youth-led)","1 of 1","York South-Weston","Local","5000","CCRF","Social Development","2024"
3571,"Wexford Heights Business Improvement Area","1 of 1","Scarborough Centre","Neighbourhood","12925","CFIF","Waste Management","2024"
3572,"Whippersnapper Gallery Inc","1 of 1","University-Rosedale","Local","17000","TAC","Toronto Arts Council","2024"
3573,"Why Not Theatre","1 of 1","Davenport","City-wide","51000","TAC","Toronto Arts Council","2024"
3574,"Wiaprojects","1 of 1","University-Rosedale","Local","9300","TAC","Toronto Arts Council","2024"
3575,"Wildseed Centre For Art And Activism","1 of 1","University-Rosedale","City-wide","25000","TAC","Toronto Arts Council","2024"
3576,"Woman Abuse Council of Toronto","1 of 1","York South-Weston","City-wide","73311.29","CSP","Social Development","2024"
3577,"Woman, Art, Resilience","1 of 1","Toronto-St. Paul's","City-wide","9000","TAC","Toronto Arts Council","2024"
3578,"Women From Space","1 of 1","Davenport","City-wide","5000","TAC","Toronto Arts Council","2024"
3579,"Women'S Musical Club Of Toronto","1 of 1","University-Rosedale","City-wide","2140","TAC","Toronto Arts Council","2024"
3580,"Women's Warrior Wellness Collective","1 of 1","Beaches-East York","Local","20000","CBICGG","Indigenous Affairs Office","2024"
3581,"Woodgreen Community Services","1 of 1","Toronto-Danforth","Local","499795.98","CSP","Social Development","2024"
3582,"Workers' Action Centre","1 of 1","University-Rosedale","City-wide","70359.99","CSP","Social Development","2024"
3583,"Working Women Community Centre","1 of 1","Davenport","City-wide","254736.42","CSP","Social Development","2024"
3584,"Workman Arts Project Of Ontario","1 of 1","Spadina-Fort York","City-wide","26000","TAC","Toronto Arts Council","2024"
3585,"Works-in-Progress Eco Art Collective","1 of 1","Toronto-St. Paul's, Toronto Centre, Don Valley West","Local","7460","NCAG","Environment, Climate and Forestry","2024"
3586,"Xenia Concerts Inc.","1 of 1","Toronto Centre","City-wide","33000","TAC","Toronto Arts Council","2024"
3587,"Xpace Cultural Centre","1 of 1","Davenport","City-wide","18000","TAC","Toronto Arts Council","2024"
3588,"ybm (COVID19 Youth-led)","1 of 1","York Centre","Local","5000","CCRF","Social Development","2024"
3589,"YMCA OF GREATER TORONTO","1 of 2","Spadina-Fort York","City-Wide","31358","HPP","Toronto Shelter & Support Services","2024"
3590,"YMCA OF GREATER TORONTO","2 of 2","Toronto-St. Paul’s","City-Wide","250000","HIF","Toronto Shelter & Support Services","2024"
3591,"York Entrepreneurship Development Institute YEDI","1 of 1","York Centre","City-wide","20000","BIC","Economic Development and Culture","2024"
3592,"York University","1 of 1","Humber River-Black Creek","Neighbourhood","34626","CFIF","Waste Management","2024"
3593,"YORK UNIVERSITY - YSPACE","1 of 1","Humber River-Black Creek","City-wide","20000","BIC","Economic Development and Culture","2024"
3594,"York West Active Living Centre","1 of 1","York South-Weston","Neighbourhood","140220.52","CSP","Social Development","2024"
3595,"York-Eglinton Business Improvement Area","1 of 1","Eglinton-Lawrence","Local","10000","CFFP","Economic Development and Culture","2024"
3596,"York-Fairbank Centre for Seniors in the City of York","1 of 1","Toronto-St. Paul’s","Local","332925.95","CSP","Social Development","2024"
3597,"Yorkminster Park Meals on Wheels","1 of 1","Toronto-St. Paul’s","Local","11368.16","CSP","Social Development","2024"
3598,"Young People'S Theatre","1 of 1","Toronto Centre","City-wide","326000","TAC","Toronto Arts Council","2024"
3599,"Young Women'S Christian Association Of Greater Toronto (Inspirations Studio)","1 of 1","University-Rosedale","City-wide","10000","TAC","Toronto Arts Council","2024"
3600,"Youth Assisting Youth","1 of 1","Willowdale","City-wide","68963.8","CSP","Social Development","2024"
3601,"Youth Voices Project- RP","1 of 1","Toronto Centre","Local","5000","CCRF","Social Development","2024"
3602,"YouthLink","1 of 1","Scarborough Centre","Local","208400","YVP","Social Development","2024"
3603,"YouthUnlocked (COVID19 Youth-led)","1 of 1","Humber River-Black Creek","Local","5000","CCRF","Social Development","2024"
3604,"Yyz Artists' Outlet","1 of 1","Spadina-Fort York","City-wide","65000","TAC","Toronto Arts Council","2024"
3605,"Zen in Colour","1 of 1","Parkdale-High Park, Toronto-Danforth","City wide","17000","INI","Social Development","2024"
3606,"Zero Waste Women's Project","1 of 1","Toronto Centre","Local","7498","NCAG","Environment, Climate and Forestry","2024"
3607,"ZINNIA HOUSE","1 of 2","Scarborough-Rouge Park","Local","5000","CCRF","Social Development","2024"
3608,"ZINNIA HOUSE","2 of 2","Scarborough-Rouge Park","Neighbourhood","5000","CCRF","Social Development","2024"
3609,"Amexem Mu Centre for Health, Arts, Social Enterprise and Education","1 of 1","York South Weston","Local","5500","CHS","Economic Development & Culture","2025"
3610,"1000189926 ONTARIO INC.","1 of 1","Willowdale","Local","7500","CaféTO Grant","Economic Development & Culture","2025"
3611,"1000212428 ONTARIO INC.","1 of 1","University-Rosedale","Local","5000","SBEC Core, Starter Company Plus & Summer Company","Economic Development & Culture","2025"
3612,"1000404279 ONTARIO INC. O/A THE OLD YORK TAVERN","1 of 1","Spadina-Fort York","Local","4687.94","CaféTO Grant","Economic Development & Culture","2025"
3613,"1000462048 ONTARIO INC.","1 of 1","University-Rosedale","Local","5000","SBEC Core, Starter Company Plus & Summer Company","Economic Development & Culture","2025"
3614,"1000499751 ONTARIO LTD. O/A AFRO'S PIZZA","1 of 1","Toronto Centre","Local","7500","CaféTO Grant","Economic Development & Culture","2025"
3615,"1000764472 ONTARIO INC.","1 of 1","Humber River-Black Creek","Local","5000","SBEC Core, Starter Company Plus & Summer Company","Economic Development & Culture","2025"
3616,"1000947567 ONTARIO CORP.","1 of 1","Scarborough-Guildwood","Local","5000","SBEC Core, Starter Company Plus & Summer Company","Economic Development & Culture","2025"
3617,"1001021438 ONTARIO INC.","1 of 1","Toronto-Danforth","Local","5000","SBEC Core, Starter Company Plus & Summer Company","Economic Development & Culture","2025"
3618,"1066362 ONTARIO LTD. O/A LYVE PROPERTIES","1 of 1","Parkdale-High Park","Local","20000","Main Street Recovery & Rebuild Initiative","Economic Development & Culture","2025"
3619,"12022958 Canada Institute O/A Oddside Arts","3 of 3","Spadina-Fort York","City Wide","20000","TAC","Toronto Arts Council","2025"
3620,"12022958 Canada Institute O/A Oddside Arts","1 of 3","Spadina-Fort York","Local","25000","TAC","Toronto Arts Council","2025"
3621,"12022958 Canada Institute O/A Oddside Arts","2 of 3","Spadina-Fort York","Local","31500","TAC","Toronto Arts Council","2025"
3622,"12022958 CANADA INSTITUTE O/A ODDSIDE ARTS","1 of 3","Spadina-Fort York","Local","25000","TAC Operating - Black Arts","Economic Development & Culture","2025"
3623,"12022958 CANADA INSTITUTE O/A ODDSIDE ARTS","2 of 3","Spadina-Fort York","Local","31500","TAC Project - Animating","Economic Development & Culture","2025"
3624,"12022958 CANADA INSTITUTE O/A ODDSIDE ARTS","3 of 3","Spadina-Fort York","Local","20000","TAC Project - Innovation and Capacity Building","Economic Development & Culture","2025"
3625,"12129949 CANADA ASSOCIATION","1 of 1","Etobicoke-Lakeshore","Local","15000","Business Incubation & Commercialization Grant","Economic Development & Culture","2025"
3626,"12697572 CANADA INC.","1 of 1","Parkdale-High Park","Local","5000","SBEC Core, Starter Company Plus & Summer Company","Economic Development & Culture","2025"
3627,"1275825 ONTARIO INC. O/A EDO-KO","1 of 1","Toronto-St. Paul’s","Local","1977.5","CaféTO Grant","Economic Development & Culture","2025"
3628,"13817733 CANADA INC.","1 of 1","Don Valley East","Local","5000","SBEC Core, Starter Company Plus & Summer Company","Economic Development & Culture","2025"
3629,"14214765 CANADA INC.","1 of 1","Scarborough Centre","Local","5000","SBEC Core, Starter Company Plus & Summer Company","Economic Development & Culture","2025"
3630,"14423089 CANADA INC.","1 of 1","Toronto-St. Paul’s","Local","5000","SBEC Core, Starter Company Plus & Summer Company","Economic Development & Culture","2025"
3631,"14547144 CANADA INC.","1 of 1","Parkdale-High Park","Local","5000","SBEC Core, Starter Company Plus & Summer Company","Economic Development & Culture","2025"
3632,"15010853 CANADA INC.","1 of 1","Spadina-Fort York","Local","5000","SBEC Core, Starter Company Plus & Summer Company","Economic Development & Culture","2025"
3633,"15099552 CANADA INC.","1 of 1","Willowdale","Local","5000","SBEC Core, Starter Company Plus & Summer Company","Economic Development & Culture","2025"
3634,"15300797 CANADA INC.","1 of 1","Toronto-Danforth","Local","5650","CaféTO Grant","Economic Development & Culture","2025"
3635,"16357059 CANADA INC.","1 of 1","Davenport","Local","5000","SBEC Core, Starter Company Plus & Summer Company","Economic Development & Culture","2025"
3636,"1719735 ONTARIO LIMITED","1 of 1","Beaches-East York","Local","7500","CaféTO Grant","Economic Development & Culture","2025"
3637,"1775743 ONTARIO INC. O/A BAR CHEF","1 of 1","Spadina-Fort York","Local","2005.75","CaféTO Grant","Economic Development & Culture","2025"
3638,"1850168 ONTARIO INC. O/A BUTTER CHICKEN FACTORY","1 of 1","Toronto Centre","Local","2723.3","CaféTO Grant","Economic Development & Culture","2025"
3639,"1870142 ONTARIO CORP. O/A CAMPO","1 of 1","Parkdale-High Park","Local","5367.5","CaféTO Grant","Economic Development & Culture","2025"
3640,"1965322 ONTARIO LTD. O/A VIVA PIZZERIA AND PASTA","1 of 1","Toronto-Danforth","Local","5661.3","CaféTO Grant","Economic Development & Culture","2025"
3641,"1S1 Theatre","1 of 1","Davenport","City Wide","16250","TAC","Toronto Arts Council","2025"
3642,"1S1 THEATRE","1 of 1","Davenport","Local","16250","TAC Project - Theatre","Economic Development & Culture","2025"
3643,"200 Wellesley Tenants Association","1 of 1","Toronto Centre","Neighbourhood","4700","CCRF","Social Development","2025"
3644,"2034233 ONTARIO INC. O/A INTER","1 of 1","Parkdale-High Park","Local","6328","CaféTO Grant","Economic Development & Culture","2025"
3645,"2125398 ONTARIO INC.","1 of 1","Parkdale-High Park","Local","4959.67","Main Street Recovery & Rebuild Initiative","Economic Development & Culture","2025"
3646,"2258192 ONTARIO INC. O/A EHWA RESTAURANT","1 of 1","Toronto Centre","Local","3352.9","CaféTO Grant","Economic Development & Culture","2025"
3647,"2283731 ONTARIO INC. O/A THE WREN","1 of 2","Toronto-Danforth","Local","1961","CaféTO Grant","Economic Development & Culture","2025"
3648,"2283731 ONTARIO INC. O/A THE WREN","2 of 2","Toronto-Danforth","Local","2400","Main Street Recovery & Rebuild Initiative","Economic Development & Culture","2025"
3649,"2331067 ONTARIO INC.","1 of 1","Toronto-St. Paul’s","Local","3121","CaféTO Grant","Economic Development & Culture","2025"
3650,"2403268 ONTARIO INC.","1 of 1","Scarborough North","Local","5644.35","Main Street Recovery & Rebuild Initiative","Economic Development & Culture","2025"
3651,"2472503 ONTARIO INC. O/A MENAMI RESTAURANT","1 of 1","Willowdale","Local","5000","CaféTO Grant","Economic Development & Culture","2025"
3652,"2492141 ONTARIO INC. O/A XO BISOUS","1 of 1","University-Rosedale","Local","7500","CaféTO Grant","Economic Development & Culture","2025"
3653,"2568593 ONTARIO INC. O/A KOSAM KOREAN RESTAURANT & BAR","1 of 1","Willowdale","Local","5000","CaféTO Grant","Economic Development & Culture","2025"
3654,"2631118 ONTARIO INC.","1 of 1","Davenport","Local","1993.13","CaféTO Grant","Economic Development & Culture","2025"
3655,"2681086 ONTARIO LTD.","1 of 1","Etobicoke-Lakeshore","Local","5000","SBEC Core, Starter Company Plus & Summer Company","Economic Development & Culture","2025"
3656,"2701407 ONTARIO INC.","1 of 1","Willowdale","Local","5000","SBEC Core, Starter Company Plus & Summer Company","Economic Development & Culture","2025"
3657,"2701407 ONTARIO INC. O/A LUNA BAKERY","1 of 1","Willowdale","Local","6000","CaféTO Grant","Economic Development & Culture","2025"
3658,"2702950 ONTARIO INC. O/A LA DIEPERIE","1 of 1","Eglinton-Lawrence","Local","5645.1","CaféTO Grant","Economic Development & Culture","2025"
3659,"2726045 ONTARIO CORP.","1 of 1","Spadina-Fort York","Local","5000","SBEC Core, Starter Company Plus & Summer Company","Economic Development & Culture","2025"
3660,"2732131 ONTARIO INC.","1 of 1","Scarborough-Agincourt","Local","5000","SBEC Core, Starter Company Plus & Summer Company","Economic Development & Culture","2025"
3661,"2766911 ONTARIO LTD.","1 of 1","Etobicoke Centre","Local","5000","SBEC Core, Starter Company Plus & Summer Company","Economic Development & Culture","2025"
3662,"345 CENTRAL","1 of 1","Outside Toronto","Local","2500","Economic Development Services Event Sponsorships","Economic Development & Culture","2025"
3663,"4 The West End","1 of 1","York South-Weston","Local","3935","TAC","Toronto Arts Council","2025"
3664,"4 THE WEST END","1 of 1","York South-Weston","Local","3935","TAC Project - Art Reach","Economic Development & Culture","2025"
3665,"5046084 ONTARIO LTD. O/A CASAMIENTO","1 of 1","University-Rosedale","Local","1517.17","CaféTO Grant","Economic Development & Culture","2025"
3666,"519 CHURCH STREET COMMUNITY CE","1 of 1","Toronto Centre","Local","58430.740000000005","HPP","Toronto Shelter & Support Services","2025"
3667,"519 Church Street Community Centre","1 of 1","Toronto Centre","City Wide","75601.1","CSP","Social Development","2025"
3668,"519 CHURCH STREET COMMUNITY CENTRE","1 of 1","Toronto Centre","Local","54000","Special Events Stabilization Initiative","Economic Development & Culture","2025"
3669,"6361374 CANADA INC. O/A DUFFERIN SEOUL HOUSE","1 of 1","Eglinton-Lawrence","Local","7500","CaféTO Grant","Economic Development & Culture","2025"
3670,"6791859 CANADA LTD.","1 of 1","Toronto Centre","Local","3940","CaféTO Grant","Economic Development & Culture","2025"
3671,"88CAMINO","1 of 1","Don Valley West","Local","10000","TAC Project - Music","Economic Development & Culture","2025"
3672,"925 AGENCY INC.","1 of 1","Outside Toronto","Local","5000","Film and Creative Industries Event Sponsorships","Economic Development & Culture","2025"
3673,"9877835 CANADA INC.","1 of 1","Toronto Centre","Local","5000","SBEC Core, Starter Company Plus & Summer Company","Economic Development & Culture","2025"
3674,"99 FRAMES CORP.","1 of 1","Toronto Centre","Local","5000","SBEC Core, Starter Company Plus & Summer Company","Economic Development & Culture","2025"
3675,"A JOURNEY INWARD THERAPY WEITING PAN","1 of 1","Spadina-Fort York","Local","5000","SBEC Core, Starter Company Plus & Summer Company","Economic Development & Culture","2025"
3676,"A Space Gallery","1 of 1","Spadina-Fort York","City Wide","68000","TAC","Toronto Arts Council","2025"
3677,"A SPACE GALLERY","1 of 1","Spadina-Fort York","Local","68000","TAC Operating - Visual and Media Arts","Economic Development & Culture","2025"
3678,"A Yarn Or Two Arts Collective","1 of 1","Toronto-Danforth","City Wide","15000","TAC","Toronto Arts Council","2025"
3679,"A YARN OR TWO ARTS COLLECTIVE","1 of 1","Toronto-Danforth","Local","15000","TAC Project - Theatre","Economic Development & Culture","2025"
3680,"A.C. BIRCH","1 of 1","Parkdale-High Park","Local","16320","TAC Project - Visual and Media Arts","Economic Development & Culture","2025"
3681,"AARON HARPER","1 of 1","Beaches-East York","Local","6000","TAC Project - Black Arts","Economic Development & Culture","2025"
3682,"AARON RIDGE","1 of 1","Etobicoke North","Local","10000","TAC Project - Music","Economic Development & Culture","2025"
3683,"AB CREATIVE SOLUTIONS INC.","1 of 1","Toronto Centre","Local","5000","SBEC Core, Starter Company Plus & Summer Company","Economic Development & Culture","2025"
3684,"ABBI WOODS","1 of 1","Don Valley East","Local","4000","TAC Project - Music","Economic Development & Culture","2025"
3685,"ABDELGHAFOR ELGAMRI","1 of 1","Toronto-St. Paul’s","Local","15000","TAC Project - Newcomer and Refugee","Economic Development & Culture","2025"
3686,"ABEBE ATLABACHEW","1 of 1","Don Valley West","Local","23750","TAC Project - Animating","Economic Development & Culture","2025"
3687,"ABENI AFRICAN FOOD INC.","1 of 1","York South-Weston","Local","5000","SBEC Core, Starter Company Plus & Summer Company","Economic Development & Culture","2025"
3688,"Abiona Centre for Infant & Early Mental Health (formerly Massey Centre for Women, The)","1 of 1","Toronto-Danforth","City Wide","35374.5","CSP","Social Development","2025"
3689,"Abrigo Centre","1 of 1","Davenport","Local","135723.63","CSP","Social Development","2025"
3690,"ACADEMY OF CANADIAN CINEMA","1 of 1","Spadina-Fort York","Local","15000","Film and Creative Industries Event Sponsorships","Economic Development & Culture","2025"
3691,"Access Alliance","1 of 1","University-Rosedale","Local","20000","CPP","Social Development","2025"
3692,"Access Alliance Multicultural Health and Community Services","1 of 1","University-Rosedale","City Wide","257519.5","CSP","Social Development","2025"
3693,"ACCESS COMMUNITY CAPITAL FUND","1 of 1","Spadina-Fort York","Local","50000","Business Incubation & Commercialization Grant","Economic Development & Culture","2025"
3694,"ACCESSNOW","1 of 1","Spadina-Fort York","Local","40000","Strategic Policy and Management Services  Event Sponsorships","Economic Development & Culture","2025"
3695,"ACOCLEAN SERVICES AND SOLUTION INC.","1 of 1","Spadina-Fort York","Local","5000","SBEC Core, Starter Company Plus & Summer Company","Economic Development & Culture","2025"
3696,"Across Oceans","1 of 1","University-Rosedale","City Wide","7000","TAC","Toronto Arts Council","2025"
3697,"ACROSS OCEANS","1 of 1","University-Rosedale","Local","7000","TAC Project - Dance","Economic Development & Culture","2025"
3698,"ACSA - AGINCOURT COMMUNITY SER","3 of 3","Scarborough - Agincourt","Local","488070","HIF","Toronto Shelter & Support Services","2025"
3699,"Actors Repertory Company","1 of 1","Toronto Centre","City Wide","15000","TAC","Toronto Arts Council","2025"
3700,"ACTORS REPERTORY COMPANY","1 of 1","Toronto Centre","Local","15000","TAC Operating - Theatre","Economic Development & Culture","2025"
3701,"ADAM BOMB","1 of 1","Spadina-Fort York","Local","10000","TAC Project - Music","Economic Development & Culture","2025"
3702,"ADAM FEIBEL","1 of 1","Toronto-Danforth","Local","10000","TAC Project - Literary","Economic Development & Culture","2025"
3703,"ADAM LABADIE","1 of 1","Davenport","Local","15000","TAC Project - Visual and Media Arts","Economic Development & Culture","2025"
3704,"ADAM SEWARD","1 of 1","Parkdale-High Park","Local","11500","TAC Project - Visual and Media Arts","Economic Development & Culture","2025"
3705,"Adelheid Dance Projects","1 of 1","Davenport","City Wide","20000","TAC","Toronto Arts Council","2025"
3706,"ADELHEID DANCE PROJECTS","1 of 1","Davenport","Local","20000","TAC Operating - Dance","Economic Development & Culture","2025"
3707,"ADELINE BIRD","1 of 1","Davenport","Local","9000","TAC Project - Black Arts","Economic Development & Culture","2025"
3708,"ADEY MULUGETA","1 of 1","Humber River-Black Creek","Local","10000","TAC Project - Music","Economic Development & Culture","2025"
3709,"ADEYEMI ADEGBESAN","1 of 1","University-Rosedale","Local","7313","TAC Project - Black Arts","Economic Development & Culture","2025"
3710,"ADRIENNE SCOTT","1 of 1","Davenport","Local","15000","TAC Project - Visual and Media Arts","Economic Development & Culture","2025"
3711,"AEFA MULHOLLAND","1 of 1","Davenport","Local","10000","TAC Project - Literary","Economic Development & Culture","2025"
3712,"AFARIN MANSOURI","1 of 1","Willowdale","Local","10000","TAC Project - Music","Economic Development & Culture","2025"
3713,"Afghan Women's Organization Refugee And Immigrant Services","1 of 1","Don Valley North","City Wide","96425.18","CSP","Social Development","2025"
3714,"AFRAKAREN","1 of 1","Parkdale-High Park","Local","17550","TAC Project - Black Arts","Economic Development & Culture","2025"
3715,"African Centre for Refugees in Ontario Canada","1 of 1","Toronto Centre","Local","5000","CCRF","Social Development","2025"
3716,"AFRICAN WOMEN ACTING","1 of 1","Toronto Centre","Local","15000","TAC Operating - Creative Communities","Economic Development & Culture","2025"
3717,"African Women Acting Awa","1 of 1","Toronto Centre","City Wide","15000","TAC","Toronto Arts Council","2025"
3718,"African Youths for Pollinator Progress Toronto","1 of 1","Scarborough-Rouge Park","Local","4100","PTCG","Environment, Climate and Forestry","2025"
3719,"Africans in Partnership Against AIDS (APAA)","1 of 1","Toronto Centre","City Wide","132927.51","CSP","Social Development","2025"
3720,"Afro N8ive Creations","1 of 1","Toronto-Danforth","Local","10000","ICAG","Environment, Climate and Forestry","2025"
3721,"Afro-Indigenous Nova Scotia Collective","1 of 1","Beaches-East York","Local","5000","LLG","Social Development","2025"
3722,"Afrowaveto","1 of 1","Spadina-Fort York","City Wide","25625","TAC","Toronto Arts Council","2025"
3723,"AFROWAVETO","1 of 2","Spadina-Fort York","Local","3000","Film and Creative Industries Event Sponsorships","Economic Development & Culture","2025"
3724,"AFROWAVETO","2 of 2","Spadina-Fort York","Local","25625","TAC Operating - Black Arts","Economic Development & Culture","2025"
3725,"Aga Khan Museum","1 of 1","Don Valley East","City Wide","175000","TAC","Toronto Arts Council","2025"
3726,"AGA KHAN MUSEUM","1 of 2","Don Valley East","Local","36000","Community Celebration Support Fund","Economic Development & Culture","2025"
3727,"AGA KHAN MUSEUM","2 of 2","Don Valley East","Local","175000","TAC Large Institutions","Economic Development & Culture","2025"
3728,"Against The Grain Theatre Inc.","1 of 1","Spadina-Fort York","City Wide","20000","TAC","Toronto Arts Council","2025"
3729,"AGAINST THE GRAIN THEATRE INC.","1 of 1","Spadina-Fort York","Local","20000","TAC Operating - Music","Economic Development & Culture","2025"
3730,"Agincourt Community Services Association","1 of 2","Scarborough-Agincourt","City Wide","260004.3","CSP","Social Development","2025"
3731,"Agincourt Community Services Association","2 of 2","Scarborough-Agincourt","Local","200000","TCDI","Social Development","2025"
3732,"AGNEYA CHIKTE","1 of 1","Spadina-Fort York","Local","10000","TAC Project - Music","Economic Development & Culture","2025"
3733,"AGROWARE INC.","1 of 1","Scarborough Southwest","Local","5000","SBEC Core, Starter Company Plus & Summer Company","Economic Development & Culture","2025"
3734,"AIDAN BELO-NASCIMENTO","1 of 1","Toronto Centre","Local","10000","TAC Project - Music","Economic Development & Culture","2025"
3735,"AIDS Committee of Toronto","1 of 1","Toronto Centre","City Wide","88935.54","CSP","Social Development","2025"
3736,"AIM 2 IMPACT / AFRICAN MUSIC WEEK","1 of 1","Toronto Centre","Local","5000","Creative Industries Grant","Economic Development & Culture","2025"
3737,"AKIN COLLECTIVE PROJECTS","1 of 1","Parkdale-High Park","Local","100000","Cultural Organization Operating Partnership","Economic Development & Culture","2025"
3738,"ALAN COLLEY","1 of 1","University-Rosedale","Local","22500","TAC Project - Animating","Economic Development & Culture","2025"
3739,"ALBI SUSHI","1 of 1","Scarborough Centre","Local","5000","SBEC Core, Starter Company Plus & Summer Company","Economic Development & Culture","2025"
3740,"Albion Neighbourhood Services","1 of 1","Etobicoke North","Local","193948.8","CSP","Social Development","2025"
3741,"ALBION NEIGHBOURHOOD SERVICES","1 of 1","University-Rosedale","Local","612000","HIF","Toronto Shelter & Support Services","2025"
3742,"ALBION-ISLINGTON SQUARE BIA","1 of 2","Etobicoke North","Local","17500","BIA Capacity Development Grant","Economic Development & Culture","2025"
3743,"ALBION-ISLINGTON SQUARE BIA","2 of 2","Etobicoke North","Local","12029.95","Dining District Grant Program","Economic Development & Culture","2025"
3744,"ALENA KOROLEVA","1 of 1","Spadina-Fort York","Local","15000","TAC Project - Newcomer and Refugee","Economic Development & Culture","2025"
3745,"ALEX CORONADO","1 of 1","Beaches-East York","Local","13000","TAC Project - Visual and Media Arts","Economic Development & Culture","2025"
3746,"ALEX ESKANDARKHAH","1 of 1","Etobicoke-Lakeshore","Local","13000","TAC Project - Black Arts","Economic Development & Culture","2025"
3747,"ALEX WINE BAR INC.","1 of 1","University-Rosedale","Local","2621.74","CaféTO Grant","Economic Development & Culture","2025"
3748,"ALEXANDER KATO","1 of 1","Toronto Centre","Local","13050","TAC Project - Black Arts","Economic Development & Culture","2025"
3749,"ALEXANDER ROBINSON","1 of 1","Etobicoke Centre","Local","9975","TAC Project - Art Reach","Economic Development & Culture","2025"
3750,"ALEXANDRA INNOCENT","1 of 1","Don Valley East","Local","8000","TAC Project - Black Arts","Economic Development & Culture","2025"
3751,"Alexandra Park Community Centre","2 of 2","Spadina-Fort York","Neighbourhood","42000","LLG","Social Development","2025"
3752,"Alexandra Park Community Centre","1 of 2","Spadina-Fort York","Local","20400","INI","Social Development","2025"
3753,"ALEXANDRA PARK NEIGHBOURHOOD LEARNING CENTRE","1 of 1","Spadina-Fort York","Local","20000","Community Celebration Support Fund","Economic Development & Culture","2025"
3754,"Alexmuir Guardians of the Garden","1 of 1","Scarborough North","Local","2500","PTCG","Environment, Climate and Forestry","2025"
3755,"ALHANA","1 of 1","Willowdale","Local","5000","SBEC Core, Starter Company Plus & Summer Company","Economic Development & Culture","2025"
3756,"ALIE RUTTY","1 of 1","Davenport","Local","5000","TAC Project - Theatre","Economic Development & Culture","2025"
3757,"ALIZE ZORLUTUNA","1 of 1","Parkdale-High Park","Local","10000","TAC Project - Visual and Media Arts","Economic Development & Culture","2025"
3758,"All Blocks 1 Goal","1 of 1","Don Valley East","Neighbourhood","16500","INI","Social Development","2025"
3759,"Allenby Environmental Educators","1 of 1","Eglinton-Lawrence","Local","5000","PTCG","Environment, Climate and Forestry","2025"
3760,"ALLIANCE MEDIAS JEUNESSE/YOUTH","1 of 1","Outside Toronto","Local","5000","Creative Industries Grant","Economic Development & Culture","2025"
3761,"ALLIANCE OF PORTUGUESE CLUBS AND ASSOCIATIONS OF ONTARIO","1 of 2","Davenport","Local","75000","Special Events Stabilization Initiative","Economic Development & Culture","2025"
3762,"ALLIANCE OF PORTUGUESE CLUBS AND ASSOCIATIONS OF ONTARIO","2 of 2","Davenport","Local","18000","Cultural Festivals Funding Program","Economic Development & Culture","2025"
3763,"Alpha 2 Alternative School","1 of 1","Davenport","Local","1000","YCAG","Environment, Climate and Forestry","2025"
3764,"Aluna Theatre","1 of 1","Davenport","City Wide","56000","TAC","Toronto Arts Council","2025"
3765,"ALUNA THEATRE","1 of 1","Davenport","Local","56000","TAC Operating - Theatre","Economic Development & Culture","2025"
3766,"ALVIN LUONG","1 of 1","York South-Weston","Local","10000","TAC Project - Visual and Media Arts","Economic Development & Culture","2025"
3767,"Amadeus Choir Of Greater Toronto","1 of 1","Scarborough North","City Wide","28000","TAC","Toronto Arts Council","2025"
3768,"AMADEUS CHOIR OF GREATER TORONTO","1 of 1","Scarborough North","Local","28000","TAC Operating - Music","Economic Development & Culture","2025"
3769,"Amazing Chase Collective","1 of 1","Toronto-Danforth","City Wide","15000","TAC","Toronto Arts Council","2025"
3770,"AMAZING CHASE COLLECTIVE","1 of 1","Toronto-Danforth","Local","15000","TAC Project - Theatre","Economic Development & Culture","2025"
3771,"AMEER IDREIS","1 of 1","University-Rosedale","Local","5000","TAC Project - Theatre","Economic Development & Culture","2025"
3772,"Amexem Mu Centre","1 of 1","York South-Weston","Neighbourhood","5000","CCRF","Social Development","2025"
3773,"AMEXEM MU CENTRE FOR HEALTH, ARTS, SOCIAL ENTERPRISE & EDUCATION","1 of 1","York South-Weston","Local","5500","Cultural Hotspot","Economic Development & Culture","2025"
3774,"Amici Chamber Ensemble","1 of 1","Don Valley East","City Wide","23000","TAC","Toronto Arts Council","2025"
3775,"AMICI CHAMBER ENSEMBLE","1 of 1","Don Valley East","Local","23000","TAC Operating - Music","Economic Development & Culture","2025"
3776,"Amir Akbari","1 of 1","N/A, Whitby","Local","5500","CHS","Economic Development & Culture","2025"
3777,"AMIRHASAN SAFARI","1 of 1","Parkdale-High Park","Local","15000","TAC Project - Newcomer and Refugee","Economic Development & Culture","2025"
3778,"AMY NOSEWORTHY","1 of 1","Davenport","Local","5000","TAC Project - Literary","Economic Development & Culture","2025"
3779,"ANA LOPEZ CASTRO","1 of 1","Toronto-Danforth","Local","18300","TAC Project - Animating","Economic Development & Culture","2025"
3780,"ANAHITA AKHAVAN","1 of 1","Parkdale-High Park","Local","10000","TAC Project - Visual and Media Arts","Economic Development & Culture","2025"
3781,"Anandam Dancetheatre Productions","1 of 1","Davenport","City Wide","25000","TAC","Toronto Arts Council","2025"
3782,"ANANDAM DANCETHEATRE PRODUCTIONS","1 of 1","Davenport","Local","25000","TAC Operating - Dance","Economic Development & Culture","2025"
3783,"ANASTASIA KATSOUPA","1 of 1","Toronto-St. Paul’s","Local","5000","TAC Project - Literary","Economic Development & Culture","2025"
3784,"ANDREW HARDING","1 of 1","Davenport","Local","10000","TAC Project - Visual and Media Arts","Economic Development & Culture","2025"
3785,"ANDREW KUSHNIR","1 of 1","University-Rosedale","Local","10000","TAC Project - Theatre","Economic Development & Culture","2025"
3786,"ANELIA VICTOR","1 of 1","Don Valley West","Local","5720","TAC Project - Creative Communities","Economic Development & Culture","2025"
3787,"ANGEL DI ZHANG","1 of 1","Toronto Centre","Local","10000","TAC Project - Literary","Economic Development & Culture","2025"
3788,"ANGELIQUE DANCEL","1 of 1","Toronto Centre","Local","3790","TAC Project - Music","Economic Development & Culture","2025"
3789,"Anishinawbe Niibi Gitigaan","1 of 1","Parkdale - High Park","Local","9000","ICAG","Environment, Climate and Forestry","2025"
3790,"Anishinawbe Wellness Collective","1 of 1","York South-Weston","Local","10350","ICAG","Environment, Climate and Forestry","2025"
3791,"ANNA MORREALE","1 of 1","University-Rosedale","Local","5000","TAC Project - Theatre","Economic Development & Culture","2025"
3792,"Annette St Public School","1 of 1","Parkdale-High Park","Local","1000","YCAG","Environment, Climate and Forestry","2025"
3793,"Annex Residents Association","1 of 1","University-Rosedale","Local","75","FOR","Environment, Climate and Forestry","2025"
3794,"Annex Residents Association","1 of 1","University-Rosedale","Local","75","FOR","Environment, Climate and Forestry","2025"
3795,"ANSLEY SIMPSON","1 of 1","Davenport","Local","10000","TAC Project - Indigenous Arts","Economic Development & Culture","2025"
3796,"ANUPA MISTRY","1 of 1","Beaches-East York","Local","10000","TAC Project - Literary","Economic Development & Culture","2025"
3797,"Aphasia Institute","1 of 1","Don Valley East","City Wide","28854.12","CSP","Social Development","2025"
3798,"Applegrove Community Complex","1 of 1","Toronto-Danforth","Local","142390.86","CSP","Social Development","2025"
3799,"Arab Community Centre of Toronto","1 of 1","Etobicoke Centre","City Wide","20400","INI","Social Development","2025"
3800,"ARAB COMMUNITY CENTRE OF TORONTO","1 of 1","Davenport","Local","9900","Cultural Hotspot","Economic Development & Culture","2025"
3801,"ARCASCENT INC.","1 of 1","Toronto-Danforth","Local","25440","Economic Development Services Event Sponsorships","Economic Development & Culture","2025"
3802,"ARCH Disability Law Centre","1 of 1","Spadina-Fort York","City Wide","40831.64","CSP","Social Development","2025"
3803,"Armenian Relief Society, ARS Social Services","1 of 1","Don Valley North","City Wide","28854.12","CSP","Social Development","2025"
3804,"Arraymusic","1 of 1","Spadina-Fort York","City Wide","65000","TAC","Toronto Arts Council","2025"
3805,"ARRAYMUSIC","1 of 1","Spadina-Fort York","Local","65000","TAC Operating - Music","Economic Development & Culture","2025"
3806,"ART & WATER CULTURAL GROUP","1 of 1","Spadina-Fort York","Local","10000","Cultural Festivals Funding Program","Economic Development & Culture","2025"
3807,"Art City In St. James Town","2 of 2","Toronto Centre","Local","7100","TAC","Toronto Arts Council","2025"
3808,"Art City In St. James Town","1 of 2","Toronto Centre","Local","11000","TAC","Toronto Arts Council","2025"
3809,"ART CITY IN ST. JAMES TOWN","1 of 2","Toronto Centre","Local","7100","TAC Project - Art Reach","Economic Development & Culture","2025"
3810,"ART CITY IN ST. JAMES TOWN","2 of 2","Toronto Centre","Local","11000","TAC Project - Creative Communities","Economic Development & Culture","2025"
3811,"ART GALLERY OF ONTARIO","1 of 1","Spadina-Fort York","Local","547965","Cultural Organization Operating Partnership","Economic Development & Culture","2025"
3812,"Art It Forward","1 of 1","Scarborough-Guildwood","Local","5000","CHS","Economic Development & Culture","2025"
3813,"ART IT FORWARD","1 of 1","Scarborough-Guildwood","Local","5000","Cultural Hotspot","Economic Development & Culture","2025"
3814,"Art Metropole","1 of 1","Davenport","City Wide","46000","TAC","Toronto Arts Council","2025"
3815,"ART METROPOLE","1 of 1","Davenport","Local","46000","TAC Operating - Visual and Media Arts","Economic Development & Culture","2025"
3816,"Art Museum University Of Toronto","1 of 2","University-Rosedale","City Wide","25000","TAC","Toronto Arts Council","2025"
3817,"Art Museum University Of Toronto","2 of 2","University-Rosedale","City Wide","30000","TAC","Toronto Arts Council","2025"
3818,"ART MUSEUM UNIVERSITY OF TORONTO","3 of 3","University-Rosedale","Local","25000","TAC Project - Innovation and Capacity Building","Economic Development & Culture","2025"
3819,"Art Spin Toronto","1 of 1","Davenport","City Wide","9000","TAC","Toronto Arts Council","2025"
3820,"ART SPIN TORONTO","1 of 1","Davenport","Local","9000","TAC Project - Visual and Media Arts","Economic Development & Culture","2025"
3821,"Art Starts","1 of 1","Eglinton-Lawrence","Local","95000","TAC","Toronto Arts Council","2025"
3822,"ART STARTS","1 of 1","Eglinton-Lawrence","Local","95000","TAC Operating - Creative Communities","Economic Development & Culture","2025"
3823,"ARTHUBS TORONTO INC.","1 of 1","Toronto Centre","Local","662500","Cultural Organization Operating Partnership","Economic Development & Culture","2025"
3824,"Artist Film Exhibition Group","1 of 1","Spadina-Fort York","City Wide","25500","TAC","Toronto Arts Council","2025"
3825,"ARTIST FILM EXHIBITION GROUP","1 of 1","Spadina-Fort York","Local","25500","TAC Operating - Visual and Media Arts","Economic Development & Culture","2025"
3826,"Artists And Lawyers For The Advancement Of Creativity","1 of 1","Beaches-East York","City Wide","31500","TAC","Toronto Arts Council","2025"
3827,"ARTISTS AND LAWYERS FOR THE ADVANCEMENT OF CREATIVITY","1 of 1","Beaches-East York","Local","31500","TAC Project - Innovation and Capacity Building","Economic Development & Culture","2025"
3828,"ARTREACH TORONTO","1 of 1","Spadina-Fort York","Local","145000","TAC Strategic Partnership","Economic Development & Culture","2025"
3829,"Arts Etobicoke","1 of 1","Etobicoke-Lakeshore","Local","441679","LASO","Economic Development & Culture","2025"
3830,"ARTS ETOBICOKE","1 of 2","Etobicoke-Lakeshore","Local","10000","Community Celebration Support Fund","Economic Development & Culture","2025"
3831,"ARTS ETOBICOKE","2 of 2","Etobicoke-Lakeshore","Local","441679","Local Arts Service Organizations","Economic Development & Culture","2025"
3832,"Arts Inter-Media Canada/Dance Collection Danse","1 of 1","Toronto Centre","City Wide","40000","TAC","Toronto Arts Council","2025"
3833,"ARTS INTER-MEDIA CANADA/DANCE COLLECTION DANSE","1 of 1","Toronto Centre","Local","40000","TAC Operating - Dance","Economic Development & Culture","2025"
3834,"Arts4All Creative Society","1 of 1","Davenport","Local","30000","TAC","Toronto Arts Council","2025"
3835,"ARTS4ALL CREATIVE SOCIETY","1 of 1","Davenport","Local","30000","TAC Operating - Creative Communities","Economic Development & Culture","2025"
3836,"ArtsPond","1 of 1","Davenport","City Wide","10500","YCISI","Economic Development & Culture","2025"
3837,"ARTSPOND INC.","1 of 1","Davenport","Local","10500","Youth Cultural Incubators Stabilization Initiative","Economic Development & Culture","2025"
3838,"ARTSXPLOSION CULTURAL SOCIETY","1 of 2","Spadina-Fort York","Local","42920","Special Events Stabilization Initiative","Economic Development & Culture","2025"
3839,"ARTSXPLOSION CULTURAL SOCIETY","2 of 2","Spadina-Fort York","Local","18000","Cultural Festivals Funding Program","Economic Development & Culture","2025"
3840,"ARZADON FITNESS INC.","1 of 1","Spadina-Fort York","Local","5000","SBEC Core, Starter Company Plus & Summer Company","Economic Development & Culture","2025"
3841,"Ashe/AxÃ©/Ase","1 of 1","Toronto Centre","City Wide","20000","TAC","Toronto Arts Council","2025"
3842,"ASHE/AXÃ©/ASE","1 of 1","Toronto Centre","Local","20000","TAC Project - Newcomer and Refugee","Economic Development & Culture","2025"
3843,"Ashkenaz Foundation","1 of 1","University-Rosedale","City Wide","56000","TAC","Toronto Arts Council","2025"
3844,"ASHKENAZ FOUNDATION","1 of 2","University-Rosedale","Local","11907.9","Special Events Stabilization Initiative","Economic Development & Culture","2025"
3845,"ASHKENAZ FOUNDATION","2 of 2","University-Rosedale","Local","56000","TAC Operating - Music","Economic Development & Culture","2025"
3846,"ASHLEY HASFAL","1 of 1","Beaches-East York","Local","8000","TAC Project - Black Arts","Economic Development & Culture","2025"
3847,"ASHLEY JANE","1 of 1","Eglinton-Lawrence","Local","10000","TAC Project - Music","Economic Development & Culture","2025"
3848,"ASHLI AGATE","1 of 1","Parkdale-High Park","Local","15950","TAC Project - Black Arts","Economic Development & Culture","2025"
3849,"ASLI KAHRAMAN SERVICES INC.","1 of 1","Toronto-Danforth","Local","5000","SBEC Core, Starter Company Plus & Summer Company","Economic Development & Culture","2025"
3850,"Assaulted Women's Helpline","1 of 1","Spadina-Fort York","City Wide","75859.56","CSP","Social Development","2025"
3851,"Astar Editions","1 of 1","Parkdale-High Park","City Wide","2800","TAC","Toronto Arts Council","2025"
3852,"ASTAR EDITIONS","1 of 1","Parkdale-High Park","Local","2800","TAC Project - Literary","Economic Development & Culture","2025"
3853,"AstroSankofa Arts Initiatives","1 of 1","Don Valley North","City Wide","22000","CHS","Economic Development & Culture","2025"
3854,"Astrosankofa Arts Initiatives","1 of 3","Don Valley North","City Wide","11000","TAC","Toronto Arts Council","2025"
3855,"Astrosankofa Arts Initiatives","3 of 3","Don Valley North","Local","15000","TAC","Toronto Arts Council","2025"
3856,"Astrosankofa Arts Initiatives","2 of 3","Don Valley North","Local","25000","TAC","Toronto Arts Council","2025"
3857,"AstroSankofa Arts Initiatives","1 of 1","Don Valley North","Local","53000","YCISI","Economic Development & Culture","2025"
3858,"ASTROSANKOFA ARTS INITIATIVES","1 of 5","Don Valley North","Local","53000","Youth Cultural Incubators Stabilization Initiative","Economic Development & Culture","2025"
3859,"ASTROSANKOFA ARTS INITIATIVES","2 of 5","Don Valley North","Local","22000","Cultural Hotspot","Economic Development & Culture","2025"
3860,"ASTROSANKOFA ARTS INITIATIVES","3 of 5","Don Valley North","Local","25000","TAC Operating - Black Arts","Economic Development & Culture","2025"
3861,"ASTROSANKOFA ARTS INITIATIVES","4 of 5","Don Valley North","Local","11000","TAC Project - Creative Communities","Economic Development & Culture","2025"
3862,"ASTROSANKOFA ARTS INITIATIVES","5 of 5","Don Valley North","Local","15000","TAC Project - Innovation and Capacity Building","Economic Development & Culture","2025"
3863,"ASTROSANKOFA ARTS INITIATVES","1 of 1","Don Valley North","Local","18485","Community Celebration Support Fund","Economic Development & Culture","2025"
3864,"At Any Age","1 of 1","Etobicoke-Lakeshore","Local","22500","TAC","Toronto Arts Council","2025"
3865,"AT ANY AGE","1 of 1","Etobicoke-Lakeshore","Local","22500","TAC Project - Animating","Economic Development & Culture","2025"
3866,"ATISH MUKHOPADHYAY","1 of 1","Don Valley East","Local","10000","TAC Project - Music","Economic Development & Culture","2025"
3867,"AVIATOR DANFORTH INC.","1 of 2","Toronto-Danforth","Local","2039.65","CaféTO Grant","Economic Development & Culture","2025"
3868,"AVIATOR DANFORTH INC.","2 of 2","Toronto-Danforth","Local","1805","Main Street Recovery & Rebuild Initiative","Economic Development & Culture","2025"
3869,"AVIV ON ST CLAIR INC. O/A AVIV IMMIGRANT KITCHEN","1 of 1","Toronto-St. Paul’s","Local","4650","Main Street Recovery & Rebuild Initiative","Economic Development & Culture","2025"
3870,"Avondale Public School","1 of 1","Willowdale","Local","5000","PTCG","Environment, Climate and Forestry","2025"
3871,"AY Jackson Secondary School","1 of 1","Don Valley North","Local","230","YCAG","Environment, Climate and Forestry","2025"
3872,"AZURE PUBLISHING INC.","1 of 1","Davenport","Local","10176","Economic Development Services Event Sponsorships","Economic Development & Culture","2025"
3873,"b current Performing Arts co","1 of 1","University-Rosedale","City Wide","35000","BMFF","Social Development","2025"
3874,"B Current Performing Arts Co.","1 of 1","Toronto-St. Paul's","City Wide","33000","TAC","Toronto Arts Council","2025"
3875,"B CURRENT PERFORMING ARTS CO.","1 of 1","Toronto-St. Paul’s","Local","33000","TAC Operating - Theatre","Economic Development & Culture","2025"
3876,"B.A.A.N.N. THEATRE CENTRE (THE THEATRE CENTRE)","1 of 2","Davenport","Local","33440","Community Celebration Support Fund","Economic Development & Culture","2025"
3877,"B.A.A.N.N. THEATRE CENTRE (THE THEATRE CENTRE)","2 if 2","Davenport","Local","160000","TAC Operating - Theatre","Economic Development & Culture","2025"
3878,"Bach Children'S Chorus Of Scarborough","1 of 1","Scarborough-Guildwood","City Wide","32000","TAC","Toronto Arts Council","2025"
3879,"BACH CHILDREN'S CHORUS OF SCARBOROUGH","1 of 1","Scarborough-Guildwood","Local","32000","TAC Operating - Music","Economic Development & Culture","2025"
3880,"Back 2 Basickz Youth Support Services","1 of 1","Scarborough Centre","Local","18300","TAC","Toronto Arts Council","2025"
3881,"BACK 2 BASICKZ YOUTH SUPPORT SERVICES","1 of 1","Scarborough Centre","Local","18300","TAC Project - Animating","Economic Development & Culture","2025"
3882,"Bad Hats Theatre","1 of 1","Spadina-Fort York","City Wide","30000","TAC","Toronto Arts Council","2025"
3883,"BAD HATS THEATRE","1 of 1","Spadina-Fort York","Local","30000","TAC Operating - Theatre","Economic Development & Culture","2025"
3884,"Bad New Days","1 of 1","Parkdale-High Park","City Wide","15000","TAC","Toronto Arts Council","2025"
3885,"BAD NEW DAYS","1 of 1","Parkdale-High Park","Local","15000","TAC Project - Theatre","Economic Development & Culture","2025"
3886,"Bad Pony Productions","1 of 1","Davenport","City Wide","15000","TAC","Toronto Arts Council","2025"
3887,"BAD PONY PRODUCTIONS","1 of 1","Davenport","Local","15000","TAC Project - Theatre","Economic Development & Culture","2025"
3888,"Ball and Beyond","1 of 1","Scarborough-Agincourt","Neighbourhood","17000","INI","Social Development","2025"
3889,"Ballet Creole","1 of 1","Humber River-Black Creek","Local","22500","TAC","Toronto Arts Council","2025"
3890,"BALLET CREOLE","1 of 1","Humber River-Black Creek","Local","22500","TAC Project - Animating","Economic Development & Culture","2025"
3891,"Ballet JÃ¶rgen Canada","1 of 1","Toronto-St. Paul's","City Wide","98000","TAC","Toronto Arts Council","2025"
3892,"BALLET JÃ¶RGEN CANADA","1 of 1","Toronto-St. Paul’s","Local","98000","TAC Operating - Dance","Economic Development & Culture","2025"
3893,"Bangladeshi Queer Liberation Collective","1 of 1","Parkdale-High Park","Local","18250","TAC","Toronto Arts Council","2025"
3894,"BANGLADESHI QUEER LIBERATION COLLECTIVE","1 of 1","Parkdale-High Park","Local","18250","TAC Project - Animating","Economic Development & Culture","2025"
3895,"Banker Ladies Council","1 of 1","Parkdale-High Park","City Wide","40000","BMFF","Social Development","2025"
3896,"BAR BACAN INCORPORATED","1 of 1","Davenport","Local","1369.56","CaféTO Grant","Economic Development & Culture","2025"
3897,"BARAA ARAR","1 of 1","Toronto-Danforth","Local","5000","TAC Project - Literary","Economic Development & Culture","2025"
3898,"Barbra Schlifer Commemorative Clinic","1 of 1","University-Rosedale","City Wide","66208.23","CSP","Social Development","2025"
3899,"Bathurst Finch Food Coalition","1 of 1","York Centre","Local","6250","NCAG","Environment, Climate and Forestry","2025"
3900,"Bathurst Finch Women's Group","1 of 1","York Centre","Local","7380","NCAG","Environment, Climate and Forestry","2025"
3901,"Batuki Music Society","1 of 1","University-Rosedale","City Wide","35000","TAC","Toronto Arts Council","2025"
3902,"BATUKI MUSIC SOCIETY","1 of 1","University-Rosedale","Local","35000","TAC Operating - Music","Economic Development & Culture","2025"
3903,"BAYISSA HASSEN","1 of 1","University-Rosedale","Local","8000","TAC Project - Black Arts","Economic Development & Culture","2025"
3904,"Baymills","1 of 1","Scarborough North","Neighbourhood","5000","CCRF","Social Development","2025"
3905,"BEACHES INTERNATIONAL JAZZ FESTIVAL","1 of 2","Beaches-East York","Local","90000","Special Events Stabilization Initiative","Economic Development & Culture","2025"
3906,"BEACHES INTERNATIONAL JAZZ FESTIVAL","2 of 2","Beaches-East York","Local","34000","Community Celebration Support Fund","Economic Development & Culture","2025"
3907,"Beats + Skates","1 of 1","Davenport","City Wide","6000","TAC","Toronto Arts Council","2025"
3908,"BEATS + SKATES","1 of 1","Davenport","Local","6000","TAC Project - Creative Communities","Economic Development & Culture","2025"
3909,"BEAU GOMEZ","1 of 1","York Centre","Local","10000","TAC Project - Visual and Media Arts","Economic Development & Culture","2025"
3910,"Beaumonde Heights","1 of 1","Etobicoke North","Local","1000","YCAG","Environment, Climate and Forestry","2025"
3911,"Beautifully Minded","1 of 1","Scarborough-Rouge Park","City Wide","40000","BMFF","Social Development","2025"
3912,"Bedford Trio","1 of 1","Beaches-East York","City Wide","5950","TAC","Toronto Arts Council","2025"
3913,"BEDFORD TRIO","1 of 1","Beaches-East York","Local","5950","TAC Project - Music","Economic Development & Culture","2025"
3914,"Being~Inbetween","1 of 1","University-Rosedale","Local","16700","TAC","Toronto Arts Council","2025"
3915,"BEING~INBETWEEN","1 of 1","University-Rosedale","Local","16700","TAC Project - Animating","Economic Development & Culture","2025"
3916,"BELLVINES INFLUENCE INC.","1 of 1","Toronto-Danforth","Local","5000","SBEC Core, Starter Company Plus & Summer Company","Economic Development & Culture","2025"
3917,"BEN","1 of 1","Parkdale-High Park","Local","15000","TAC Project - Visual and Media Arts","Economic Development & Culture","2025"
3918,"Bereaved Families of Ontario-Toronto","1 of 1","Toronto-St. Paul’s","City Wide","86979.43","CSP","Social Development","2025"
3919,"Bernard Betel Centre","1 of 1","York Centre","Local","3900","PTCG","Environment, Climate and Forestry","2025"
3920,"Bernard Betel Centre","1 of 1","York Centre","Local","158609.55","CSP","Social Development","2025"
3921,"BERNARD GRAY","1 of 1","Toronto-St. Paul’s","Local","17420","TAC Project - Black Arts","Economic Development & Culture","2025"
3922,"Bet on Yourself","1 of 1","Humber River-Black Creek","Neighbourhood","5000","CCRF","Social Development","2025"
3923,"BETAKIT INC.","1 of 1","Toronto-Danforth","Local","5650","Strategic Policy and Management Services  Event Sponsorships","Economic Development & Culture","2025"
3924,"BETHANY LITTLEBIRD","1 of 1","Parkdale-High Park","Local","10000","TAC Project - Indigenous Arts","Economic Development & Culture","2025"
3925,"BETTER FUTURES FOR KIDS FOUNDATION","1 of 1","Eglinton-Lawrence","Local","16320","Special Events Stabilization Initiative","Economic Development & Culture","2025"
3926,"Better Living Health and Community Services","1 of 1","Don Valley East","Neighbourhood","284035.69","CSP","Social Development","2025"
3927,"Beyond the Rim (Youth-led)","1 of 1","Scarborough-Guildwood","Neighbourhood","5000","CCRF","Social Development","2025"
3928,"BGC Dovercourt Club","1 of 1","Davenport","Local","1650","PTCG","Environment, Climate and Forestry","2025"
3929,"BIANCA WEEKO MARTIN","1 of 1","Scarborough North","Local","5000","TAC Project - Literary","Economic Development & Culture","2025"
3930,"BIDHAN BERMA","1 of 1","Scarborough-Guildwood","Local","14983","TAC Project - Art Reach","Economic Development & Culture","2025"
3931,"Big Bloor Improvement Group","1 of 1","University-Rosedale","City Wide","11000","TAC","Toronto Arts Council","2025"
3932,"BIG BLOOR IMPROVEMENT GROUP","1 of 4","University-Rosedale","Local","26094.15","Special Events Stabilization Initiative","Economic Development & Culture","2025"
3933,"BIG BLOOR IMPROVEMENT GROUP","2 of 4","University-Rosedale","Local","11250","Cultural Festivals Funding Program","Economic Development & Culture","2025"
3934,"BIG BLOOR IMPROVEMENT GROUP","3 of 4","University-Rosedale","Local","30650","Community Celebration Support Fund","Economic Development & Culture","2025"
3935,"BIG BLOOR IMPROVEMENT GROUP","4 of 4","University-Rosedale","Local","11000","TAC Project - Creative Communities","Economic Development & Culture","2025"
3936,"BIG SPROXX","1 of 1","Etobicoke-Lakeshore","Local","10000","TAC Project - Music","Economic Development & Culture","2025"
3937,"BINCLAW INC.","1 of 1","Don Valley West","Local","5000","SBEC Core, Starter Company Plus & Summer Company","Economic Development & Culture","2025"
3938,"BIPOC TV & FILM","1 of 1","Spadina-Fort York","Local","5500","Cultural Hotspot","Economic Development & Culture","2025"
3939,"Birchmount Bluffs Neighbourhood Centre (BBNC)","1 of 1","Scarborough Southwest","Local","108167.72","CSP","Social Development","2025"
3940,"Birchmount Park Collegiate Institute","1 of 1","Scarborough Southwest","Local","1000","YCAG","Environment, Climate and Forestry","2025"
3941,"BISTITCHUAL INC.","1 of 1","Parkdale-High Park","Local","5000","SBEC Core, Starter Company Plus & Summer Company","Economic Development & Culture","2025"
3942,"Black Action Defense Committee","1 of 1","Toronto-St. Paul’s","City Wide","40000","BMFF","Social Development","2025"
3943,"Black Artists' Networks in Dialogue","1 of 1","Davenport","City Wide","35000","BMFF","Social Development","2025"
3944,"Black Artists' Networks In Dialogue Gallery And Cultural Centre","1 of 1","Parkdale-High Park","City Wide","46000","TAC","Toronto Arts Council","2025"
3945,"BLACK ARTISTS' NETWORKS IN DIALOGUE GALLERY AND CULTURAL CENTRE","1 of 1","Parkdale-High Park","Local","46000","TAC Operating - Black Arts","Economic Development & Culture","2025"
3946,"Black August Arts Residency","1 of 1","Spadina-Fort York","City Wide","13400","TAC","Toronto Arts Council","2025"
3947,"BLACK AUGUST ARTS RESIDENCY","1 of 1","Spadina-Fort York","Local","13400","TAC Project - Black Arts","Economic Development & Culture","2025"
3948,"BLACK BUSINESS & PROFESSIONAL ASSOCIATION","1 of 1","University-Rosedale","Local","1000","Cultural Hotspot","Economic Development & Culture","2025"
3949,"Black Coalition for AIDS Prevention of Metropolitan Toronto","1 of 1","Toronto Centre","City Wide","35000","BMFF","Social Development","2025"
3950,"Black Creek Community Farm","1 of 1","Humber River-Black Creek","Local","40000","BMFF","Social Development","2025"
3951,"BLACK CREEK COMMUNITY HEALTH CENTRE","1 of 1","Humber River-Black Creek","Local","20000","Business Incubation & Commercialization Grant","Economic Development & Culture","2025"
3952,"Black Creek Youth Initiative","1 of 2","York South-Weston","Local","40000","BMFF","Social Development","2025"
3953,"Black Creek Youth Initiative (Youth-led)","2 of 2","Humber River-Black Creek","Local","5000","CCRF","Social Development","2025"
3954,"BLACK DIAMOND ART JEWELLERY PLUS GIFTS O/A BLACK DIAMOND GALLERY","1 of 1","Eglinton-Lawrence","Local","20000","Main Street Recovery & Rebuild Initiative","Economic Development & Culture","2025"
3955,"Black Environmental Intiative","1 of 1","Humber River-Black Creek","Local","92000","FOR","Environment, Climate and Forestry","2025"
3956,"Black Environmental Intiative","1 of 1","Humber River-Black Creek","Local","92000","FOR","Environment, Climate and Forestry","2025"
3957,"Black Health Alliance","1 of 1","University-Rosedale","Local","10000","CPP","Social Development","2025"
3958,"Black Leaders Foundation","1 of 1","Scarborough-Guildwood","Local","5000","CCRF","Social Development","2025"
3959,"Black Moms Connection","1 of 1","Eglinton-Lawrence","Local","40000","BMFF","Social Development","2025"
3960,"BLACK SCREEN OFFICE","1 of 2","Spadina-Fort York","Local","4124.5","Creative Industries Grant","Economic Development & Culture","2025"
3961,"BLACK SCREEN OFFICE","2 of 2","Spadina-Fort York","Local","8000","Film and Creative Industries Event Sponsorships","Economic Development & Culture","2025"
3962,"BLACK URBANISM TORONTO INC.","1 of 2","Toronto-St. Paul’s","Local","48949.85","Dining District Grant Program","Economic Development & Culture","2025"
3963,"BLACK URBANISM TORONTO INC.","2 of 2","Toronto-St. Paul’s","Local","649.31","Arts and Culture Services Directed Grants","Economic Development & Culture","2025"
3964,"Black Women's Institute For Health","1 of 1","Don Valley East","City Wide","40000","BMFF","Social Development","2025"
3965,"Blackhurst Cultural Centre","1 of 1","University-Rosedale","Local","77000","TAC","Toronto Arts Council","2025"
3966,"BLACKHURST CULTURAL CENTRE","1 of 1","University-Rosedale","Local","77000","TAC Operating - Black Arts","Economic Development & Culture","2025"
3967,"BLANDINE MBIYA-KANIKI","1 of 1","Scarborough-Rouge Park","Local","13763","TAC Project - Black Arts","Economic Development & Culture","2025"
3968,"Blantyre Garden Society","1 of 1","Scarborough Southwest","Local","5000","PTCG","Environment, Climate and Forestry","2025"
3969,"BLESSING NWODO","1 of 1","Davenport","Local","10000","TAC Project - Literary","Economic Development & Culture","2025"
3970,"BLKZ COMMUNITY (Youth-led)","1 of 1","Toronto Centre","Neighbourhood","5000","CCRF","Social Development","2025"
3971,"BLOORCOURT VILLAGE BIA","1 of 1","Davenport","Local","1371.66","Main Street Recovery & Rebuild Initiative","Economic Development & Culture","2025"
3972,"BLOOR-YORKVILLE BIA","1 of 1","University-Rosedale","Local","34000","Special Events Stabilization Initiative","Economic Development & Culture","2025"
3973,"Bob Rumball Canadian Centre of Excellence for the Deaf","1 of 1","Don Valley West","City Wide","17516.9","CSP","Social Development","2025"
3974,"BODY OF WORK STUDIO, INC.","1 of 1","Davenport","Local","5000","SBEC Core, Starter Company Plus & Summer Company","Economic Development & Culture","2025"
3975,"Boost Child & Youth Advocacy Centre","1 of 1","Don Valley West","City Wide","338307.54","CSP","Social Development","2025"
3976,"BOOYAH INC.","1 of 1","Toronto-St. Paul’s","Local","1271.25","CaféTO Grant","Economic Development & Culture","2025"
3977,"BOOZIES INC.","1 of 1","York Centre","Local","5000","SBEC Core, Starter Company Plus & Summer Company","Economic Development & Culture","2025"
3978,"BOSSANOVA WINE AND BEER INC.","1 of 1","Parkdale-High Park","Local","1890.49","CaféTO Grant","Economic Development & Culture","2025"
3979,"Bossy Dance","1 of 1","University-Rosedale","City Wide","12750","TAC","Toronto Arts Council","2025"
3980,"BOSSY DANCE","1 of 1","University-Rosedale","Local","12750","TAC Project - Creative Communities","Economic Development & Culture","2025"
3981,"Bouchardanse","1 of 1","Davenport","City Wide","22000","TAC","Toronto Arts Council","2025"
3982,"BOUCHARDANSE","1 of 1","Davenport","Local","22000","TAC Operating - Dance","Economic Development & Culture","2025"
3983,"Boys 2 Men (Youth-led)","1 of 1","Beaches-East York","Local","5000","CCRF","Social Development","2025"
3984,"Braeburn Neighbourhood Place","1 of 1","Etobicoke North","Local","61685.09","CSP","Social Development","2025"
3985,"Braeburn Neighbourhood Place Incorporated","1 of 1","Etobicoke North","Local","22500","TAC","Toronto Arts Council","2025"
3986,"BRAEBURN NEIGHBOURHOOD PLACE INCORPORATED","1 of 1","Etobicoke North","Local","22500","TAC Project - Animating","Economic Development & Culture","2025"
3987,"BRAEDEN SOLTYS","1 of 1","University-Rosedale","Local","10000","TAC Project - Theatre","Economic Development & Culture","2025"
3988,"BrAIDS for AIDS","1 of 1","York South-Weston","Local","40000","BMFF","Social Development","2025"
3989,"Breaking Canada","1 of 1","Scarborough-Rouge Park","City Wide","15000","TAC","Toronto Arts Council","2025"
3990,"BREAKING CANADA","1 of 1","Scarborough-Rouge Park","Local","15000","TAC Project - Dance","Economic Development & Culture","2025"
3991,"Breakthroughs Film Festival","1 of 1","Toronto Centre","City Wide","5000","TAC","Toronto Arts Council","2025"
3992,"BREAKTHROUGHS FILM FESTIVAL","1 of 1","Toronto Centre","Local","5000","TAC Project - Visual and Media Arts","Economic Development & Culture","2025"
3993,"BREATHE Midwives","1 of 1","Humber River-Black Creek","City Wide","40000","BMFF","Social Development","2025"
3994,"Bremen Town Collective","1 of 1","Toronto Centre","City Wide","9750","TAC","Toronto Arts Council","2025"
3995,"BREMEN TOWN COLLECTIVE","1 of 1","Toronto Centre","Local","9750","TAC Project - Theatre","Economic Development & Culture","2025"
3996,"BRIAN RIGG","1 of 1","Toronto Centre","Local","10000","TAC Project - Literary","Economic Development & Culture","2025"
3997,"BRIANA ARMSON","1 of 1","University-Rosedale","Local","5000","TAC Project - Literary","Economic Development & Culture","2025"
3998,"BRIGHID FRY","1 of 1","Parkdale-High Park","Local","10000","TAC Project - Music","Economic Development & Culture","2025"
3999,"Brighter Smiles","1 of 1","Scarborough-Guildwood","Neighbourhood","5000","CCRF","Social Development","2025"
4000,"BRITTANY PITT","1 of 1","Don Valley West","Local","5000","TAC Project - Music","Economic Development & Culture","2025"
4001,"Broadacres Junior School","1 of 1","Etobicoke Centre","Local","1000","YCAG","Environment, Climate and Forestry","2025"
4002,"BROADVIEW DANFORTH BIA","1 of 1","Toronto-Danforth","Local","10000","Community Celebration Support Fund","Economic Development & Culture","2025"
4003,"Brockton Writers Series","1 of 1","Parkdale-High Park","Local","4250","TAC","Toronto Arts Council","2025"
4004,"BROCKTON WRITERS SERIES","1 of 1","Parkdale-High Park","Local","4250","TAC Project - Literary","Economic Development & Culture","2025"
4005,"Brookview Fun Fair Committee (Youth-led)","1 of 1","Humber River-Black Creek","Local","4998.05","CCRF","Social Development","2025"
4006,"BRUNO ARAUJO TEIXEIRA","1 of 1","Davenport","Local","10000","TAC Project - Music","Economic Development & Culture","2025"
4007,"Brush & Pixel","1 of 1","Beaches-East York","Local","9000","TAC","Toronto Arts Council","2025"
4008,"BRUSH & PIXEL","1 of 1","Beaches-East York","Local","9000","TAC Project - Art Reach","Economic Development & Culture","2025"
4009,"BrushForward - Youths Empowering Survivors Through Creative Healing","1 of 1","Eglinton-Lawrence","Neighbourhood","16770","INI","Social Development","2025"
4010,"BRYN","1 of 1","Don Valley West","Local","10000","TAC Project - Music","Economic Development & Culture","2025"
4011,"Buddies In Bad Times Theatre","1 of 1","Toronto Centre","City Wide","207600","TAC","Toronto Arts Council","2025"
4012,"BUDDIES IN BAD TIMES THEATRE","1 of 1","Toronto Centre","Local","207600","TAC Operating - Theatre","Economic Development & Culture","2025"
4013,"Built By Us Market","1 of 1","Willowdale, Humber River-Black Creek","Local","17000","INI","Social Development","2025"
4014,"Burrows Hall Public School","1 of 1","Scarborough North","Local","1000","YCAG","Environment, Climate and Forestry","2025"
4015,"BUSINESS IN THE STREETS","1 of 1","Spadina-Fort York","Local","50000","Business Incubation & Commercialization Grant","Economic Development & Culture","2025"
4016,"Butterfly Gardens of Dovercourt Park","1 of 1","Davenport","Local","4740","PTCG","Environment, Climate and Forestry","2025"
4017,"C. WHITE","1 of 1","Toronto-St. Paul’s","Local","10000","TAC Project - Literary","Economic Development & Culture","2025"
4018,"CABBAGETOWN BIA","1 of 3","Toronto Centre","Local","36000","Special Events Stabilization Initiative","Economic Development & Culture","2025"
4019,"CABBAGETOWN BIA","2 of 3","Toronto Centre","Local","22500","Cultural Festivals Funding Program","Economic Development & Culture","2025"
4020,"CABBAGETOWN BIA","3 of 3","Toronto Centre","Local","25057","Community Celebration Support Fund","Economic Development & Culture","2025"
4021,"Cada/East","1 of 1","Davenport","Local","22500","TAC","Toronto Arts Council","2025"
4022,"CADA/EAST","1 of 1","Davenport","Local","22500","TAC Operating - Dance","Economic Development & Culture","2025"
4023,"Cahoots Theatre","1 of 1","Toronto Centre","City Wide","64575","TAC","Toronto Arts Council","2025"
4024,"CAHOOTS THEATRE","1 of 1","Toronto Centre","Local","64575","TAC Operating - Theatre","Economic Development & Culture","2025"
4025,"Call Auntie","1 of 1","Toronto Centre","Local","17076","ICAG","Environment, Climate and Forestry","2025"
4026,"CAM CHAMP","1 of 1","Davenport","Local","10000","TAC Project - Visual and Media Arts","Economic Development & Culture","2025"
4027,"CAMILA SALCEDO","1 of 2","Davenport","Local","15862","TAC Project - Art Reach","Economic Development & Culture","2025"
4028,"CAMILA SALCEDO","2 of 2","Davenport","Local","10000","TAC Project - Visual and Media Arts","Economic Development & Culture","2025"
4029,"CAMILLE HERNÃ¡NDEZ-RAMDWAR","1 of 1","Don Valley North","Local","10000","TAC Project - Literary","Economic Development & Culture","2025"
4030,"Camp RESET","1 of 1","Toronto Centre","Local","5500","CHS","Economic Development & Culture","2025"
4031,"CAMP RESET","1 of 2","Toronto Centre","Local","25000","Dining District Grant Program","Economic Development & Culture","2025"
4032,"CAMP RESET","2 of 2","Toronto Centre","Local","5500","Cultural Hotspot","Economic Development & Culture","2025"
4033,"Canada Pansori Center","1 of 1","Willowdale","City Wide","6400","TAC","Toronto Arts Council","2025"
4034,"CANADA PANSORI CENTER","1 of 1","Willowdale","Local","6400","TAC Project - Creative Communities","Economic Development & Culture","2025"
4035,"CANADA TECH WEEK ORGANIZATION","1 of 1","Spadina-Fort York","Local","100000","Economic Development Services Directed Grants","Economic Development & Culture","2025"
4036,"CANADA'S LGBT+ CHAMBER OF COMMERCE","1 of 1","Toronto Centre","Local","2500","Business Incubation & Commercialization Grant","Economic Development & Culture","2025"
4037,"CANADA'S MUSIC INCUBATOR LIMITED","1 of 2","University-Rosedale","Local","20000","Business Incubation & Commercialization Grant","Economic Development & Culture","2025"
4038,"CANADA'S MUSIC INCUBATOR LIMITED","2 of 2","University-Rosedale","Local","7000","Creative Industries Grant","Economic Development & Culture","2025"
4039,"CANADA'S NATIONAL BALLET SCHOOL","1 of 1","Toronto Centre","Local","199875","Cultural Organization Operating Partnership","Economic Development & Culture","2025"
4040,"CANADIAN ALLIANCE OF FILM & TELEVISION COSTUME ARTS & DESIGN","1 of 1","Toronto-Danforth","Local","7500","Film and Creative Industries Event Sponsorships","Economic Development & Culture","2025"
4041,"CANADIAN ALLIANCE OF FILM AND TELEVISION COSTUME","1 of 1","Toronto-Danforth","Local","7500","Creative Industries Grant","Economic Development & Culture","2025"
4042,"CANADIAN ASSOCIATION OF CHINESE PERFORMING ARTS","1 of 2","Scarborough North","Local","9645.95","Special Events Stabilization Initiative","Economic Development & Culture","2025"
4043,"CANADIAN ASSOCIATION OF CHINESE PERFORMING ARTS","2 of 2","Scarborough North","Local","18000","Cultural Festivals Funding Program","Economic Development & Culture","2025"
4044,"Canadian Association of Rwandan Youth Toronto","1 of 1","Scarborough-Rouge Park","City Wide","40000","BMFF","Social Development","2025"
4045,"Canadian Centre for Housing Rights","1 of 2","Spadina-Fort York","City Wide","871262.5","TTSP","Housing Secretariat","2025"
4046,"Canadian Centre for Housing Rights","2 of 2","Spadina-Fort York","City Wide","62250","TTSP","Housing Secretariat","2025"
4047,"Canadian Centre for Victims of Torture","1 of 1","Toronto Centre","City Wide","34158.53","CSP","Social Development","2025"
4048,"Canadian Children'S Opera Company","1 of 1","Toronto Centre","City Wide","27000","TAC","Toronto Arts Council","2025"
4049,"CANADIAN CHILDREN'S OPERA COMPANY","1 of 1","Toronto Centre","Local","27000","TAC Operating - Music","Economic Development & Culture","2025"
4050,"CANADIAN CINEMA EDITORS","1 of 2","Beaches-East York","Local","5000","Creative Industries Grant","Economic Development & Culture","2025"
4051,"CANADIAN CINEMA EDITORS","2 of 2","Beaches-East York","Local","4000","Film and Creative Industries Event Sponsorships","Economic Development & Culture","2025"
4052,"Canadian Dance Assembly / AssemblÃ©e Canadienne De La Danse","1 of 1","Toronto Centre","City Wide","25000","TAC","Toronto Arts Council","2025"
4053,"CANADIAN DANCE ASSEMBLY / ASSEMBLÃ©E CANADIENNE DE LA DANSE","1 of 1","Toronto Centre","Local","25000","TAC Operating - Dance","Economic Development & Culture","2025"
4054,"CANADIAN FEDERATION OF INDEPENDENT GROCERS","1 of 1","Don Valley North","Local","14144.64","Economic Development Services Event Sponsorships","Economic Development & Culture","2025"
4055,"CANADIAN FILM CENTRE","1 of 1","Don Valley West","Local","20000","Creative Industries Grant","Economic Development & Culture","2025"
4056,"CANADIAN FILMAKERS FESTIVAL","1 of 1","Toronto-Danforth","Local","10000","Film and Creative Industries Event Sponsorships","Economic Development & Culture","2025"
4057,"CANADIAN FOOD TRUCK FESTIVALS","1 of 1","Beaches-East York","Local","16405","Special Events Stabilization Initiative","Economic Development & Culture","2025"
4058,"CANADIAN GAME AWARDS","1 of 1","Etobicoke North","Local","5088","Film and Creative Industries Event Sponsorships","Economic Development & Culture","2025"
4059,"CANADIAN GAY & LESBIAN CHAMBER OF COMMERCE","1 of 1","Spadina-Fort York","Local","7500","Business Incubation & Commercialization Grant","Economic Development & Culture","2025"
4060,"Canadian Gay And Lesbian Archives","1 of 1","Toronto Centre","City Wide","8000","TAC","Toronto Arts Council","2025"
4061,"CANADIAN GAY AND LESBIAN ARCHIVES","1 of 1","Toronto Centre","Local","8000","TAC Project - Visual and Media Arts","Economic Development & Culture","2025"
4062,"CANADIAN INDEPENDENT MUSIC ASSOCIATION","1 of 1","Spadina-Fort York","Local","195000","Creative Industries Grant","Economic Development & Culture","2025"
4063,"CANADIAN MEDIA PRODUCERS ASSOCIATION","1 of 1","Outside Toronto","Local","5000","Film and Creative Industries Event Sponsorships","Economic Development & Culture","2025"
4064,"CANADIAN MEDIA PRODUCTION ASSOCIATION","1 of 1","Outside Toronto","Local","8500","Film and Creative Industries Event Sponsorships","Economic Development & Culture","2025"
4065,"Canadian Mental Health Association Toronto Branch","1 of 1","University-Rosedale","City Wide","22786.06","CSP","Social Development","2025"
4066,"Canadian Mental Health Association, Toronto Branch","1 of 1","Eglinton-Lawrence","Local","20000","TAC","Toronto Arts Council","2025"
4067,"CANADIAN MENTAL HEALTH ASSOCIATION, TORONTO BRANCH","1 of 1","Eglinton-Lawrence","Local","20000","TAC Project - Newcomer and Refugee","Economic Development & Culture","2025"
4068,"Canadian Music Centre","1 of 1","Toronto Centre","City Wide","90000","TAC","Toronto Arts Council","2025"
4069,"CANADIAN MUSIC CENTRE","1 of 1","Toronto Centre","Local","90000","TAC Operating - Music","Economic Development & Culture","2025"
4070,"CANADIAN MUSIC PUBLISHERS ASSOCIATION","1 of 1","University-Rosedale","Local","4622.42","Film and Creative Industries Event Sponsorships","Economic Development & Culture","2025"
4071,"Canadian Opera Company","1 of 1","Toronto Centre","City Wide","1500000","TAC","Toronto Arts Council","2025"
4072,"CANADIAN OPERA COMPANY","1 of 1","Toronto Centre","Local","1500000","TAC Large Institutions","Economic Development & Culture","2025"
4073,"CANADIAN POLISH CONGRESS","1 of 1","University-Rosedale","Local","7500","Cultural Festivals Funding Program","Economic Development & Culture","2025"
4074,"Canadian Red Cross Society, Toronto Region branch","1 of 1","Davenport","City Wide","183921.53","CSP","Social Development","2025"
4075,"CANADIAN REGGAE MUSIC ASSOCIATION","1 of 6","York Centre","Local","24550.5","Main Street Recovery & Rebuild Initiative","Economic Development & Culture","2025"
4076,"CANADIAN REGGAE MUSIC ASSOCIATION","2 of 6","York Centre","Local","4905","Special Events Stabilization Initiative","Economic Development & Culture","2025"
4077,"CANADIAN REGGAE MUSIC ASSOCIATION","3 of 6","York Centre","Local","23000","Cultural Festivals Funding Program","Economic Development & Culture","2025"
4078,"CANADIAN REGGAE MUSIC ASSOCIATION","4 of 6","York Centre","Local","50000","Transit Construction Mitigation Fund","Economic Development & Culture","2025"
4079,"CANADIAN REGGAE MUSIC ASSOCIATION","5 of 6","York Centre","Local","25000","Community Celebration Support Fund","Economic Development & Culture","2025"
4080,"CANADIAN REGGAE MUSIC ASSOCIATION","6 of 6","York Centre","Local","50000","Dining District Grant Program","Economic Development & Culture","2025"
4081,"CANADIAN SALSA FESTIVALS PROJECT","1 of 2","Eglinton-Lawrence","Local","87957","Special Events Stabilization Initiative","Economic Development & Culture","2025"
4082,"CANADIAN SALSA FESTIVALS PROJECT","2 of 2","Eglinton-Lawrence","Local","110000","Cultural Festivals Funding Program","Economic Development & Culture","2025"
4083,"Canadian Stage","1 of 1","Toronto Centre","City Wide","832000","TAC","Toronto Arts Council","2025"
4084,"CANADIAN STAGE","1 of 1","Toronto Centre","Local","832000","TAC Large Institutions","Economic Development & Culture","2025"
4085,"Canadian Tamil Youth Development Centre (CanTYD)","1 of 2","Scarborough-Guildwood","City Wide","162169.32","CSP","Social Development","2025"
4086,"Canadian Tamil Youth Development Centre (Youth-led)","2 of 2","Scarborough-Guildwood","Local","4992.69","CCRF","Social Development","2025"
4087,"CANADIAN TENNIS ASSOCIATION","1 of 1","Humber River-Black Creek","Local","200000","Toronto Significant Event Investment Program","Economic Development & Culture","2025"
4088,"CANADIAN URBAN INSTITUTE","1 of 1","Spadina-Fort York","Local","320000","Economic Development Services Directed Grants","Economic Development & Culture","2025"
4089,"CANADIAN WOMEN'S CHAMBER OF COMMERCE","1 of 1","Toronto Centre","Local","10000","Business Incubation & Commercialization Grant","Economic Development & Culture","2025"
4090,"Canasian Dance Festival","1 of 1","Toronto Centre","City Wide","30000","TAC","Toronto Arts Council","2025"
4091,"CANASIAN DANCE FESTIVAL","1 of 1","Toronto Centre","Local","30000","TAC Operating - Dance","Economic Development & Culture","2025"
4092,"Canvas Arts Action Programs","1 of 1","Toronto-St. Paul's","City Wide","35000","TAC","Toronto Arts Council","2025"
4093,"CANVAS ARTS ACTION PROGRAMS","1 of 1","Toronto-St. Paul’s","Local","35000","TAC Operating - Creative Communities","Economic Development & Culture","2025"
4094,"Cardinal Carter Academy for the Arts","1 of 1","Willowdale","Local","1000","YCAG","Environment, Climate and Forestry","2025"
4095,"Carefirst Seniors & Community Services Association","1 of 1","Scarborough-Agincourt","City Wide","119810.38","CSP","Social Development","2025"
4096,"Carfac Ontario","1 of 1","Spadina-Fort York","City Wide","31000","TAC","Toronto Arts Council","2025"
4097,"CARFAC ONTARIO","1 of 1","Spadina-Fort York","Local","31000","TAC Operating - Visual and Media Arts","Economic Development & Culture","2025"
4098,"CARIBANA ARTS GROUP","1 of 1","Scarborough-Agincourt","Local","5514.38","Special Events Stabilization Initiative","Economic Development & Culture","2025"
4099,"CARIBBEAN PROMOTIONS ARTS & CULTURE INC.","1 of 2","Etobicoke-Lakeshore","Local","52955","Special Events Stabilization Initiative","Economic Development & Culture","2025"
4100,"CARIBBEAN PROMOTIONS ARTS & CULTURE INC.","2 of 2","Etobicoke-Lakeshore","Local","20000","Cultural Festivals Funding Program","Economic Development & Culture","2025"
4101,"CARIBBEAN SCHOLARSHIP FOUNDATION","1 of 1","Willowdale","Local","25843.26","Special Events Stabilization Initiative","Economic Development & Culture","2025"
4102,"CARIBBEAN TALES MEDIA","1 of 1","Outside Toronto","Local","30000","Creative Industries Grant","Economic Development & Culture","2025"
4103,"Caribbeantales","1 of 1","Spadina-Fort York","City Wide","23000","TAC","Toronto Arts Council","2025"
4104,"CARIBBEANTALES","1 of 1","Spadina-Fort York","Local","23000","TAC Operating - Visual and Media Arts","Economic Development & Culture","2025"
4105,"Carleton Village Community Gardeners / Arts4All","1 of 1","Davenport","Local","4900","PTCG","Environment, Climate and Forestry","2025"
4106,"CARMEN CECILIA OCAMPO VELAZQUEZ","1 of 1","Etobicoke-Lakeshore","Local","18300","TAC Project - Animating","Economic Development & Culture","2025"
4107,"Carol Shields Prize Foundation","1 of 1","Don Valley West","City Wide","3600","TAC","Toronto Arts Council","2025"
4108,"CAROL SHIELDS PRIZE FOUNDATION","1 of 1","Don Valley West","Local","3600","TAC Project - Literary","Economic Development & Culture","2025"
4109,"CARRIE PERREAULT","1 of 1","York South-Weston","Local","13500","TAC Project - Animating","Economic Development & Culture","2025"
4110,"CASA CULTURAL PERUANA INC.","1 of 2","Etobicoke North","Local","13738.65","Special Events Stabilization Initiative","Economic Development & Culture","2025"
4111,"CASA CULTURAL PERUANA INC.","2 of 2","Etobicoke North","Local","20000","Cultural Festivals Funding Program","Economic Development & Culture","2025"
4112,"Casa De Danza","1 of 1","Toronto-St. Paul's","City Wide","7500","TAC","Toronto Arts Council","2025"
4113,"CASA DE DANZA","1 of 1","Toronto-St. Paul’s","Local","7500","TAC Project - Dance","Economic Development & Culture","2025"
4114,"CASA FOUNDATION FOR INTERNATIONAL DEVELOPMENT","1 of 1","Spadina-Fort York","Local","20000","Business Incubation & Commercialization Grant","Economic Development & Culture","2025"
4115,"CASSANDRA MYERS","1 of 1","Davenport","Local","12410","TAC Project - Dance","Economic Development & Culture","2025"
4116,"CATHARINE CHEN","1 of 1","Spadina-Fort York","Local","5000","TAC Project - Literary","Economic Development & Culture","2025"
4117,"Cathedral Bluffs Symphony Orchestra","1 of 1","Scarborough Southwest","City Wide","20500","TAC","Toronto Arts Council","2025"
4118,"CATHEDRAL BLUFFS SYMPHONY ORCHESTRA","1 of 1","Scarborough Southwest","Local","20500","TAC Operating - Community Music Making","Economic Development & Culture","2025"
4119,"Catholic Crosscultural Services","1 of 1","Scarborough Centre","City Wide","34070.42","CSP","Social Development","2025"
4120,"Catholic Education Centre","1 of 1","Willowdale","Local","1000","YCAG","Environment, Climate and Forestry","2025"
4121,"CATRIONA WRIGHT","1 of 1","Davenport","Local","10000","TAC Project - Literary","Economic Development & Culture","2025"
4122,"Cecil Community Centre","1 of 1","University-Rosedale","Local","6567.36","CSP","Social Development","2025"
4123,"CEE Centre for Young Black Professionals","1 of 1","Scarborogh-Centre","City Wide","80000","BMFF","Social Development","2025"
4124,"CEE CENTRE FOR YOUNG BLACK PROFESSIONALS","1 of 1","Scarborough Centre","Local","153000","Film and Creative Industries Directed Grants","Economic Development & Culture","2025"
4125,"CELEBRATE TORONTO","1 of 1","Parkdale-High Park","Local","30000","Strategic Policy and Management Services Directed Grants","Economic Development & Culture","2025"
4126,"CELIA GREEN","1 of 1","Davenport","Local","8400","TAC Project - Dance","Economic Development & Culture","2025"
4127,"Central Eglinton Community Centre","1 of 1","Toronto-St. Paul’s","Neighbourhood","35163.02","CSP","Social Development","2025"
4128,"Central Toronto Academy","1 of 2","University-Rosedale","Local","1000","YCAG","Environment, Climate and Forestry","2025"
4129,"Central Toronto Academy","2 of 2","University-Rosedale","Local","1000","YCAG","Environment, Climate and Forestry","2025"
4130,"Centre de l’Identité et de la Culture Africaines","1 of 1","York South-Weston","City Wide","40000","BMFF","Social Development","2025"
4131,"Centre for Immigrant & Community Services","1 of 1","Scarborough-Agincourt","City Wide","253750","TTSP","Housing Secretariat","2025"
4132,"Centre for Immigrant and Community Services","1 of 1","Scarborough-Agincourt","City Wide","152065.7","CSP","Social Development","2025"
4133,"Centre for Independent Living in Toronto","1 of 1","Toronto Centre","City Wide","30393.16","CSP","Social Development","2025"
4134,"Centre For Indigenous Theatre","1 of 1","Spadina-Fort York","City Wide","66625","TAC","Toronto Arts Council","2025"
4135,"CENTRE FOR INDIGENOUS THEATRE","1 of 1","Spadina-Fort York","Local","66625","TAC Operating - Theatre","Economic Development & Culture","2025"
4136,"CENTRE FOR SUSTAINABLE PRACTICE IN THE ARTS","1 of 1","Parkdale-High Park","Local","5000","TAC Strategic Partnership","Economic Development & Culture","2025"
4137,"Cfmdc","1 of 1","Spadina-Fort York","City Wide","56000","TAC","Toronto Arts Council","2025"
4138,"CFMDC","1 of 1","Spadina-Fort York","Local","56000","TAC Operating - Visual and Media Arts","Economic Development & Culture","2025"
4139,"Chai And Jam","1 of 1","Spadina-Fort York","City Wide","8000","TAC","Toronto Arts Council","2025"
4140,"CHAI AND JAM","1 of 1","Spadina-Fort York","Local","8000","TAC Project - Music","Economic Development & Culture","2025"
4141,"Charles Street Video","1 of 1","Davenport","City Wide","58600","TAC","Toronto Arts Council","2025"
4142,"CHARLES STREET VIDEO","1 of 1","Davenport","Local","58600","TAC Operating - Visual and Media Arts","Economic Development & Culture","2025"
4143,"CHARLIE HOUSTON","1 of 1","Eglinton-Lawrence","Local","4000","TAC Project - Music","Economic Development & Culture","2025"
4144,"Charlotte Carbone & DisÃ©iye Thompson","1 of 1","Davenport","Local","14992","TAC","Toronto Arts Council","2025"
4145,"CHARLOTTE CARBONE & DISÃ©IYE THOMPSON","1 of 1","Davenport","Local","14992","TAC Project - Art Reach","Economic Development & Culture","2025"
4146,"CHARMIE DELLER","1 of 1","Etobicoke-Lakeshore","Local","4000","TAC Project - Music","Economic Development & Culture","2025"
4147,"CHELSEA NYOMI","1 of 1","University-Rosedale","Local","12300","TAC Project - Black Arts","Economic Development & Culture","2025"
4148,"CHELSEA OSEI","1 of 2","Toronto Centre","Local","16300","TAC Project - Black Arts","Economic Development & Culture","2025"
4149,"CHELSEA OSEI","2 of 2","Toronto Centre","Local","16500","TAC Project - Visual and Media Arts","Economic Development & Culture","2025"
4150,"CHIAMAKA AZUBUIKE","1 of 1","Spadina-Fort York","Local","10500","TAC Project - Black Arts","Economic Development & Culture","2025"
4151,"CHIEDZA PASIPANODYA","1 of 1","Toronto-Danforth","Local","8200","TAC Project - Black Arts","Economic Development & Culture","2025"
4152,"Children'S Peace Theatre","1 of 1","Beaches-East York","Local","58425","TAC","Toronto Arts Council","2025"
4153,"CHILDREN'S PEACE THEATRE","1 of 1","Beaches-East York","Local","58425","TAC Operating - Creative Communities","Economic Development & Culture","2025"
4154,"Chimneystack Homework Club","1 of 1","Humber River-Black Creek","Neighbourhood","17000","INI","Social Development","2025"
4155,"CHIN YI CHEN","1 of 1","Spadina-Fort York","Local","15000","TAC Project - Newcomer and Refugee","Economic Development & Culture","2025"
4156,"CHINATOWN BIA","1 of 2","University-Rosedale","Local","14694.04","Special Events Stabilization Initiative","Economic Development & Culture","2025"
4157,"CHINATOWN BIA","2 of 2","University-Rosedale","Local","15000","Cultural Festivals Funding Program","Economic Development & Culture","2025"
4158,"Chinese Artists Society Of Toronto","1 of 1","Scarborough-Agincourt","City Wide","10440","TAC","Toronto Arts Council","2025"
4159,"CHINESE ARTISTS SOCIETY OF TORONTO","1 of 1","Scarborough-Agincourt","Local","10440","TAC Operating - Community Music Making","Economic Development & Culture","2025"
4160,"Chinese Canadian National Council Toronto Chapter","1 of 1","Spadina-Fort York","City Wide","73004.68","CSP","Social Development","2025"
4161,"Chinese Community in Scarborough (CCIS)","1 of 1","Scarborough Centre, Scarborough North, Scarborough-Agincourt","Local","7500","NCAG","Environment, Climate and Forestry","2025"
4162,"CHINESE CULTURAL CENTRE OF GREATER TORONTO FOUNDATION","1 of 2","Scarborough North","Local","3800.87","Special Events Stabilization Initiative","Economic Development & Culture","2025"
4163,"CHINESE CULTURAL CENTRE OF GREATER TORONTO FOUNDATION","2 of 2","Scarborough North","Local","26235","Community Celebration Support Fund","Economic Development & Culture","2025"
4164,"CHRISTIE OSSINGTON NEIGHBOURHO","1 of 1","University-Rosedale","Local","58430.740000000005","HPP","Toronto Shelter & Support Services","2025"
4165,"Christie Ossington Neighbourhood Centre","1 of 1","Davenport","City Wide","89017.8","CSP","Social Development","2025"
4166,"CHRISTINE BOUGIE","1 of 1","Parkdale-High Park","Local","5000","TAC Project - Music","Economic Development & Culture","2025"
4167,"CHRISTOPHER DELA CRUZ","1 of 1","Scarborough-Rouge Park","Local","15000","TAC Project - Visual and Media Arts","Economic Development & Culture","2025"
4168,"CHRISTOPHER GUDGEON","1 of 1","University-Rosedale","Local","10000","TAC Project - Literary","Economic Development & Culture","2025"
4169,"CHURCH-WELLESLEY VILLAGE BIA","1 of 1","Toronto Centre","Local","14875","Special Events Stabilization Initiative","Economic Development & Culture","2025"
4170,"CINEMA BIDCO, ULC","1 of 1","Etobicoke-Lakeshore","Local","15000","Film and Creative Industries Directed Grants","Economic Development & Culture","2025"
4171,"Citadel + Compagnie","1 of 1","Toronto Centre","City Wide","66000","TAC","Toronto Arts Council","2025"
4172,"CITADEL + COMPAGNIE","1 of 1","Toronto Centre","Local","66000","TAC Operating - Dance","Economic Development & Culture","2025"
4173,"CITYPLACE AND FORT YORK BIA","1 of 3","Spadina-Fort York","Local","31796.7","Main Street Recovery & Rebuild Initiative","Economic Development & Culture","2025"
4174,"CITYPLACE AND FORT YORK BIA","2 of 3","Spadina-Fort York","Local","100000","Transit Construction Mitigation Fund","Economic Development & Culture","2025"
4175,"CITYPLACE AND FORT YORK BIA","3 of 3","Spadina-Fort York","Local","40000","Community Celebration Support Fund","Economic Development & Culture","2025"
4176,"CIVIC CIRCLES","1 of 1","Spadina-Fort York","Local","53000","Youth Cultural Incubators Stabilization Initiative","Economic Development & Culture","2025"
4177,"Civic Circles","1 of 1","Spadina-Fort York","City Wide","53000","YCISI","Economic Development & Culture","2025"
4178,"Clay And Paper Theatre","1 of 1","Davenport","Local","30750","TAC","Toronto Arts Council","2025"
4179,"CLAY AND PAPER THEATRE","1 of 1","Davenport","Local","30750","TAC Operating - Theatre","Economic Development & Culture","2025"
4180,"CLEANAI INC.","1 of 1","Parkdale-High Park","Local","10176","Economic Development Services Event Sponsorships","Economic Development & Culture","2025"
4181,"Clic Clac Collective","1 of 1","York South-Weston","City Wide","20000","TAC","Toronto Arts Council","2025"
4182,"CLIC CLAC COLLECTIVE","1 of 1","York South-Weston","Local","20000","TAC Project - Newcomer and Refugee","Economic Development & Culture","2025"
4183,"Cliffcrest Community Centre","1 of 1","Scarborough Centre","Local","43751.11","CSP","Social Development","2025"
4184,"ClimateCareTO","1 of 1","Willowdale, Scarborough Southwest","Local","6725.95","NCAG","Environment, Climate and Forestry","2025"
4185,"Cloudflo","1 of 2","Don Valley West","City Wide","15000","TAC","Toronto Arts Council","2025"
4186,"Cloudflo","2 of 2","Don Valley West","City Wide","12000","TAC","Toronto Arts Council","2025"
4187,"CLOUDFLO","1 of 2","Don Valley West","Local","12000","TAC Project - Black Arts","Economic Development & Culture","2025"
4188,"CLOUDFLO","2 of 2","Don Valley West","Local","15000","TAC Project - Innovation and Capacity Building","Economic Development & Culture","2025"
4189,"CML VILLAGE BIA PROJECT","1 of 3","Scarborough-Guildwood","Local","25000","Main Street Recovery & Rebuild Initiative","Economic Development & Culture","2025"
4190,"CML VILLAGE BIA PROJECT","2 of 3","Scarborough-Guildwood","Local","15375","Community Celebration Support Fund","Economic Development & Culture","2025"
4191,"CML VILLAGE BIA PROJECT","3 of 3","Scarborough-Guildwood","Local","7500","BIA Capacity Development Grant","Economic Development & Culture","2025"
4192,"COLUMBUS CENTRE OF TORONTO","1 of 1","Eglinton-Lawrence","Local","30000","Community Celebration Support Fund","Economic Development & Culture","2025"
4193,"COMMERCIAL PRODUCTION ASSOCIATION","1 of 1","Outside Toronto","Local","5000","Creative Industries Grant","Economic Development & Culture","2025"
4194,"Common Boots Theatre","1 of 1","Don Valley East","City Wide","41000","TAC","Toronto Arts Council","2025"
4195,"COMMON BOOTS THEATRE","1 of 1","Don Valley East","Local","41000","TAC Operating - Theatre","Economic Development & Culture","2025"
4196,"Common Thread Community Chorus Of Toronto","1 of 1","University-Rosedale","City Wide","11850","TAC","Toronto Arts Council","2025"
4197,"COMMON THREAD COMMUNITY CHORUS OF TORONTO","1 of 1","University-Rosedale","Local","11850","TAC Project - Music","Economic Development & Culture","2025"
4198,"Community Arts Guild","1 of 1","Scarborough-Guildwood","Local","5000","CHS","Economic Development & Culture","2025"
4199,"Community Arts Guild","1 of 2","Scarborough-Guildwood","Local","37000","TAC","Toronto Arts Council","2025"
4200,"Community Arts Guild","2 of 2","Scarborough-Guildwood","Local","20000","TAC","Toronto Arts Council","2025"
4201,"COMMUNITY ARTS GUILD","1 of 3","Scarborough-Guildwood","Local","5000","Cultural Hotspot","Economic Development & Culture","2025"
4202,"COMMUNITY ARTS GUILD","2 of 3","Scarborough-Guildwood","Local","37000","TAC Operating - Creative Communities","Economic Development & Culture","2025"
4203,"COMMUNITY ARTS GUILD","3 of 3","Scarborough-Guildwood","Local","20000","TAC Project - Newcomer and Refugee","Economic Development & Culture","2025"
4204,"Community Family Services of Ontario","1 of 1","Scarborough-Agincourt","City Wide","48562.11","CSP","Social Development","2025"
4205,"Community member","1 of 1","Toronto Centre","Neighbourhood","5000","CCRF","Social Development","2025"
4206,"Community Music Schools Of Toronto","1 of 1","Toronto Centre","City Wide","50000","TAC","Toronto Arts Council","2025"
4207,"COMMUNITY MUSIC SCHOOLS OF TORONTO","1 of 1","Toronto Centre","Local","50000","TAC Operating - Music","Economic Development & Culture","2025"
4208,"Community Social Planning Council of Toronto","1 of 1","Toronto Centre","City Wide","505728.38","CSP","Social Development","2025"
4209,"COMPLEX- Community Arts Initiative (Youth-led)","1 of 1","Etobicoke North","Local","5000","CCRF","Social Development","2025"
4210,"COMPROMISO INC.","1 of 1","York Centre","Local","5000","SBEC Core, Starter Company Plus & Summer Company","Economic Development & Culture","2025"
4211,"Concerts In Care Ontario","1 of 1","York South-Weston","Local","2389","TAC","Toronto Arts Council","2025"
4212,"CONCERTS IN CARE ONTARIO","1 of 1","York South-Weston","Local","2389","TAC Project - Music","Economic Development & Culture","2025"
4213,"Concerts On Connolly","1 of 2","Davenport","Local","12000","TAC","Toronto Arts Council","2025"
4214,"Concerts On Connolly","2 of 2","Davenport","Local","7500","TAC","Toronto Arts Council","2025"
4215,"CONCERTS ON CONNOLLY","1 of 1","Davenport","Local","19500","TAC Project - Music","Economic Development & Culture","2025"
4216,"Concrete Cabaret","1 of 1","Davenport","City Wide","12750","TAC","Toronto Arts Council","2025"
4217,"CONCRETE CABARET","1 of 1","Davenport","Local","12750","TAC Project - Theatre","Economic Development & Culture","2025"
4218,"Confluence Concerts","1 of 1","University-Rosedale","City Wide","15000","TAC","Toronto Arts Council","2025"
4219,"CONFLUENCE CONCERTS","1 of 1","University-Rosedale","Local","15000","TAC Operating - Music","Economic Development & Culture","2025"
4220,"CONNECTED INTELLIGENCE (CANADA) LTD.","1 of 1","Outside Toronto","Local","157500","Economic Development Services Event Sponsorships","Economic Development & Culture","2025"
4221,"CONOR MCBRIDE RMT","1 of 1","Toronto Centre","Local","5000","SBEC Core, Starter Company Plus & Summer Company","Economic Development & Culture","2025"
4222,"CONTACT PHOTOGRAPHY FESTIVAL","1 of 1","Spadina-Fort York","Local","60000","Cultural Festivals Funding Program","Economic Development & Culture","2025"
4223,"Continuum Contemporary Music Ensemble","1 of 1","Don Valley East","City Wide","37000","TAC","Toronto Arts Council","2025"
4224,"CONTINUUM CONTEMPORARY MUSIC ENSEMBLE","1 of 1","Don Valley East","Local","37000","TAC Operating - Music","Economic Development & Culture","2025"
4225,"Corktown Residents and Business Association","1 of 1","Toronto Centre","Local","350","FOR","Environment, Climate and Forestry","2025"
4226,"Corktown Residents and Business Association","1 of 1","Toronto Centre","Local","350","FOR","Environment, Climate and Forestry","2025"
4227,"Corpus","1 of 1","Davenport","City Wide","35000","TAC","Toronto Arts Council","2025"
4228,"CORPUS","1 of 1","Davenport","Local","35000","TAC Operating - Dance","Economic Development & Culture","2025"
4229,"COSTI Immigrant Services","1 of 1","Davenport","City Wide","167080.16","CSP","Social Development","2025"
4230,"COTA Health","2 of 2","University-Rosedale","Local","383427","AASSP","Housing Secretariat","2025"
4231,"COTA Health","1 of 2","York Centre","Local","600354.38","AASSP","Housing Secretariat","2025"
4232,"Council of Agencies Serving South Asians","1 of 1","Scarborough North","City Wide","73004.69","CSP","Social Development","2025"
4233,"COWORKING CANADA","1 of 1","University-Rosedale","Local","5000","Strategic Policy and Management Services  Event Sponsorships","Economic Development & Culture","2025"
4234,"Craft Ontario","1 of 1","Davenport","City Wide","25000","TAC","Toronto Arts Council","2025"
4235,"CRAFT ONTARIO","1 of 1","Davenport","Local","25000","TAC Operating - Visual and Media Arts","Economic Development & Culture","2025"
4236,"CRAIG PALMER","1 of 1","Davenport","Local","12300","TAC Project - Black Arts","Economic Development & Culture","2025"
4237,"CREATIVE CITY NETWORK OF CANADA","1 of 1","Outside Toronto","Local","1000","Arts and Culture Services Event Sponsorships","Economic Development & Culture","2025"
4238,"Creato Community","1 of 1","Parkdale-High Park","City Wide","11250","TAC","Toronto Arts Council","2025"
4239,"CREATO COMMUNITY","1 of 1","Parkdale-High Park","Local","11250","TAC Project - Creative Communities","Economic Development & Culture","2025"
4240,"CRISTAL BUEMI","1 of 1","Davenport","Local","15000","TAC Project - Visual and Media Arts","Economic Development & Culture","2025"
4241,"Crossroads Theatre","1 of 2","York South-Weston","Local","15375","TAC","Toronto Arts Council","2025"
4242,"Crossroads Theatre","2 of 2","York South-Weston","Local","22500","TAC","Toronto Arts Council","2025"
4243,"CROSSROADS THEATRE","1 of 3","York South-Weston","Local","15000","Arts and Culture Services Directed Grants","Economic Development & Culture","2025"
4244,"CROSSROADS THEATRE","2 of 3","York South-Weston","Local","15375","TAC Operating - Theatre","Economic Development & Culture","2025"
4245,"CROSSROADS THEATRE","3 of 3","York South-Weston","Local","22500","TAC Project - Animating","Economic Development & Culture","2025"
4246,"Crows Theatre","1 of 1","Toronto-Danforth","City Wide","49200","TAC","Toronto Arts Council","2025"
4247,"CROWS THEATRE","1 of 1","Toronto-Danforth","Local","49200","TAC Operating - Theatre","Economic Development & Culture","2025"
4248,"Cue Art Projects","1 of 1","Davenport","City Wide","8000","TAC","Toronto Arts Council","2025"
4249,"CUE ART PROJECTS","1 of 1","Davenport","Local","8000","TAC Project - Creative Communities","Economic Development & Culture","2025"
4250,"CULTURAL POLICY HUB AT OCADU","1 of 1","Spadina-Fort York","Local","40000","TAC Strategic Partnership","Economic Development & Culture","2025"
4251,"Cultureland","1 of 1","Willowdale","City Wide","6000","TAC","Toronto Arts Council","2025"
4252,"CULTURELAND","1 of 1","Willowdale","Local","6000","TAC Project - Creative Communities","Economic Development & Culture","2025"
4253,"CultureLink Settlement & Community Services","1 of 1","Parkdale-High Park","City Wide","124580.25","CSP","Social Development","2025"
4254,"CuradorRUs","1 of 1","Eglinton-Lawrence","Local","5000","CCRF","Social Development","2025"
4255,"CURIOUS EPICUREANS INC.","1 of 1","Toronto-Danforth","Local","1306.27","CaféTO Grant","Economic Development & Culture","2025"
4256,"CURRYISH INC.","1 of 1","Spadina-Fort York","Local","1127.92","CaféTO Grant","Economic Development & Culture","2025"
4257,"DAN PITT","1 of 1","Don Valley West","Local","5000","TAC Project - Music","Economic Development & Culture","2025"
4258,"DANA FRADKIN","1 of 1","Toronto-Danforth","Local","15000","TAC Project - Visual and Media Arts","Economic Development & Culture","2025"
4259,"Dance Immersion Ontario","1 of 2","Toronto Centre","City Wide","65000","TAC","Toronto Arts Council","2025"
4260,"Dance Immersion Ontario","2 of 2","Toronto Centre","City Wide","55000","TAC","Toronto Arts Council","2025"
4261,"DANCE IMMERSION ONTARIO","1 of 2","Toronto Centre","Local","55000","TAC Operating - Dance","Economic Development & Culture","2025"
4262,"DANCE IMMERSION ONTARIO","2 of 2","Toronto Centre","Local","65000","TAC Project - Innovation and Capacity Building","Economic Development & Culture","2025"
4263,"Dance Me A Song Collective","1 of 1","Toronto-Danforth","City Wide","4500","TAC","Toronto Arts Council","2025"
4264,"DANCE ME A SONG COLLECTIVE","1 of 1","Toronto-Danforth","Local","4500","TAC Project - Theatre","Economic Development & Culture","2025"
4265,"Dance Migration Project","1 of 1","Eglinton-Lawrence","Local","22500","TAC","Toronto Arts Council","2025"
4266,"DANCE MIGRATION PROJECT","1 of 1","Eglinton-Lawrence","Local","22500","TAC Project - Animating","Economic Development & Culture","2025"
4267,"Dance Ontario Association","1 of 1","Davenport","City Wide","22000","TAC","Toronto Arts Council","2025"
4268,"DANCE ONTARIO ASSOCIATION","1 of 1","Davenport","Local","22000","TAC Operating - Dance","Economic Development & Culture","2025"
4269,"Dance Together Festival","1 of 1","Etobicoke-Lakeshore","Local","22500","TAC","Toronto Arts Council","2025"
4270,"DANCE TOGETHER FESTIVAL","1 of 1","Etobicoke-Lakeshore","Local","22500","TAC Project - Animating","Economic Development & Culture","2025"
4271,"Dancemakers","1 of 1","Toronto Centre","City Wide","93890","TAC","Toronto Arts Council","2025"
4272,"DANCEMAKERS","1 of 1","Toronto Centre","Local","93890","TAC Operating - Dance","Economic Development & Culture","2025"
4273,"Dancer Transition Resource Centre","1 of 1","University-Rosedale","City Wide","28210","TAC","Toronto Arts Council","2025"
4274,"DANCER TRANSITION RESOURCE CENTRE","1 of 1","University-Rosedale","Local","28210","TAC Operating - Dance","Economic Development & Culture","2025"
4275,"Danceworks","1 of 1","Spadina-Fort York","City Wide","64000","TAC","Toronto Arts Council","2025"
4276,"DANCEWORKS","1 of 1","Spadina-Fort York","Local","64000","TAC Operating - Dance","Economic Development & Culture","2025"
4277,"DANFORTH MOSAIC BIA","1 of 3","Toronto-Danforth","Local","2005.13","Special Events Stabilization Initiative","Economic Development & Culture","2025"
4278,"DANFORTH MOSAIC BIA","2 of 3","Toronto-Danforth","Local","32000","Community Celebration Support Fund","Economic Development & Culture","2025"
4279,"DANFORTH MOSAIC BIA","3 of 3","Toronto-Danforth","Local","12500","Dining District Grant Program","Economic Development & Culture","2025"
4280,"DANI NASH","1 of 1","Davenport","Local","5000","TAC Project - Music","Economic Development & Culture","2025"
4281,"DAST_GA","1 of 1","Toronto Centre","Local","18890","TAC Project - Animating","Economic Development & Culture","2025"
4282,"Davenport-Perth Neighbourhood and Community Health Centre","1 of 1","Davenport","Neighbourhood","111903.71","CSP","Social Development","2025"
4283,"DAVID HAN","1 of 1","Toronto-St. Paul’s","Local","6000","TAC Project - Creative Communities","Economic Development & Culture","2025"
4284,"DAVID OCCHIPINTI","1 of 1","Beaches-East York","Local","5000","TAC Project - Music","Economic Development & Culture","2025"
4285,"DAVID ROBINSON-CROMWELL","1 of 1","Scarborough-Guildwood","Local","10000","TAC Project - Indigenous Arts","Economic Development & Culture","2025"
4286,"DECOR. TO","1 of 1","Etobicoke North","Local","5000","SBEC Core, Starter Company Plus & Summer Company","Economic Development & Culture","2025"
4287,"DEEP TECH CANADA","1 of 1","Outside Toronto","Local","10000","Business Incubation & Commercialization Grant","Economic Development & Culture","2025"
4288,"DEEPI AHLUWALIA","1 of 1","Etobicoke-Lakeshore","Local","10000","TAC Project - Literary","Economic Development & Culture","2025"
4289,"Delta Family Resource Centre","1 of 5","Etobicoke North","City Wide","492","INI","Social Development","2025"
4290,"Delta Family Resource Centre","2 of 5","Etobicoke North","City Wide","128000","BMFF","Social Development","2025"
4291,"Delta Family Resource Centre","3 of 5","Etobicoke North","City Wide","140863.56","CSP","Social Development","2025"
4292,"Delta Family Resource Centre","5 of 5","Etobicoke North","City Wide","30000","CCRF","Social Development","2025"
4293,"Delta Family Resource Centre","4 of 5","Etobicoke North","Local","66000","LLG","Social Development","2025"
4294,"DENNIS LIN","1 of 1","Parkdale-High Park","Local","10000","TAC Project - Visual and Media Arts","Economic Development & Culture","2025"
4295,"DEON MARS","1 of 1","Beaches-East York","Local","8500","TAC Project - Black Arts","Economic Development & Culture","2025"
4296,"Department Of Imaginary Affairs","1 of 1","Toronto Centre","Local","27000","TAC","Toronto Arts Council","2025"
4297,"DEPARTMENT OF IMAGINARY AFFAIRS","1 of 1","Toronto Centre","Local","27000","TAC Project - Animating","Economic Development & Culture","2025"
4298,"DEREK CHRISTOFF","1 of 1","York South-Weston","Local","4500","TAC Project - Music","Economic Development & Culture","2025"
4299,"DESIGN BY NATURE GEMS INC.","1 of 1","University-Rosedale","Local","5000","SBEC Core, Starter Company Plus & Summer Company","Economic Development & Culture","2025"
4300,"DESIGN INDUSTRY ADVISORY COMMITTEE","1 of 1","Spadina-Fort York","Local","24158.4","Economic Development Services Directed Grants","Economic Development & Culture","2025"
4301,"DEVAN","1 of 1","Eglinton-Lawrence","Local","10000","TAC Project - Music","Economic Development & Culture","2025"
4302,"DEVON PRYCE","1 of 1","Davenport","Local","10000","TAC Project - Visual and Media Arts","Economic Development & Culture","2025"
4303,"Dia De Los Muertos Collective","1 of 1","Spadina-Fort York","Local","11000","TAC","Toronto Arts Council","2025"
4304,"DIA DE LOS MUERTOS COLLECTIVE","1 of 1","Spadina-Fort York","Local","11000","TAC Project - Creative Communities","Economic Development & Culture","2025"
4305,"Diamondsinthadirt","1 of 1","Eglinton-Lawrence","Neighbourhood","17000","INI","Social Development","2025"
4306,"Diaspora Dialogues","1 of 1","University-Rosedale","City Wide","55000","TAC","Toronto Arts Council","2025"
4307,"DIASPORA DIALOGUES","1 of 1","University-Rosedale","Local","55000","TAC Operating - Literary","Economic Development & Culture","2025"
4308,"DILAY TASKAYA","1 of 1","Don Valley West","Local","15000","TAC Project - Newcomer and Refugee","Economic Development & Culture","2025"
4309,"Directors Lab North","1 of 1","Toronto-Danforth","City Wide","12580","TAC","Toronto Arts Council","2025"
4310,"DIRECTORS LAB NORTH","1 of 1","Toronto-Danforth","Local","12580","TAC Project - Theatre","Economic Development & Culture","2025"
4311,"DISABILITY SCREEN OFFICE","1 of 1","University-Rosedale","Local","20000","Film and Creative Industries Directed Grants","Economic Development & Culture","2025"
4312,"Distress Centres of Greater Toronto","1 of 1","Toronto Centre","City Wide","146990.35","CSP","Social Development","2025"
4313,"DISTRICT VENTURES KITCHEN","1 of 1","York South-Weston","Local","25000","Business Incubation & Commercialization Grant","Economic Development & Culture","2025"
4314,"Diversity Dance Stars (Youth-led)","1 of 1","Humber River-Black Creek","Neighbourhood","5000","CCRF","Social Development","2025"
4315,"Dixon Hall","1 of 1","Toronto Centre","Local","407770.07","CSP","Social Development","2025"
4316,"Dlt","1 of 1","Spadina-Fort York","City Wide","9560","TAC","Toronto Arts Council","2025"
4317,"DLT","1 of 1","Spadina-Fort York","Local","9560","TAC Project - Theatre","Economic Development & Culture","2025"
4318,"Doc Toronto","1 of 1","Spadina-Fort York","City Wide","8000","TAC","Toronto Arts Council","2025"
4319,"DOC TORONTO","1 of 1","Spadina-Fort York","Local","8000","TAC Project - Visual and Media Arts","Economic Development & Culture","2025"
4320,"DON MACDOUGALL","1 of 1","Don Valley West","Local","5000","TAC Project - Literary","Economic Development & Culture","2025"
4321,"Don Valley Middle School","1 of 1","Don Valley North","Local","800","YCAG","Environment, Climate and Forestry","2025"
4322,"DONNÃ© ROBERTS","1 of 1","Parkdale-High Park","Local","4000","TAC Project - Music","Economic Development & Culture","2025"
4323,"Donwood Park Public School","1 of 1","Scarborough Centre","Local","696.7900000000001","YCAG","Environment, Climate and Forestry","2025"
4324,"Doris Mccarthy Gallery, University Of Toronto Scarborough","1 of 1","Scarborough-Rouge Park","City Wide","72000","TAC","Toronto Arts Council","2025"
4325,"DORIS MCCARTHY GALLERY, UNIVERSITY OF TORONTO SCARBOROUGH","1 of 1","Scarborough-Rouge Park","Local","72000","TAC Operating - Visual and Media Arts","Economic Development & Culture","2025"
4326,"Dorset Park Public School","1 of 1","Scarborough Centre","Local","500","YCAG","Environment, Climate and Forestry","2025"
4327,"DOUBL MANUFACTURING LTD.","1 of 1","Spadina-Fort York","Local","5000","SBEC Core, Starter Company Plus & Summer Company","Economic Development & Culture","2025"
4328,"Dovercourt Boys and Girls Club","1 of 1","Davenport","Local","69027.84","CSP","Social Development","2025"
4329,"DOWNSVIEW AEROSPACE INNOVATION & RESEARCH CENTRE","1 of 1","Scarborough Southwest","Local","29400","Economic Development Services Directed Grants","Economic Development & Culture","2025"
4330,"Downsview Lands Community Voice Association","1 of 1","York Centre","Local","200","FOR","Environment, Climate and Forestry","2025"
4331,"Downsview Lands Community Voice Association","1 of 1","York Centre","Local","200","FOR","Environment, Climate and Forestry","2025"
4332,"DOWNTOWN YONGE BIA","1 of 3","University-Rosedale","Local","42443.55","Main Street Recovery & Rebuild Initiative","Economic Development & Culture","2025"
4333,"DOWNTOWN YONGE BIA","2 of 3","University-Rosedale","Local","11250","Special Events Stabilization Initiative","Economic Development & Culture","2025"
4334,"DOWNTOWN YONGE BIA","3 of 3","University-Rosedale","Local","5000","BIA Capacity Development Grant","Economic Development & Culture","2025"
4335,"DRAKE WILLIAMS","1 of 1","Spadina-Fort York","Local","10000","TAC Project - Indigenous Arts","Economic Development & Culture","2025"
4336,"Drama & Queers!","1 of 1","Toronto Centre","Local","11950","TAC","Toronto Arts Council","2025"
4337,"DRAMA & QUEERS!","1 of 1","Toronto Centre","Local","11950","TAC Project - Art Reach","Economic Development & Culture","2025"
4338,"Dramaway","1 of 1","York South-Weston","City Wide","20000","TAC","Toronto Arts Council","2025"
4339,"DRAMAWAY","1 of 1","York South-Weston","Local","20000","TAC Project - Animating","Economic Development & Culture","2025"
4340,"DREAM LEGACY FOUNDATION","1 of 1","Outside Toronto","Local","9258","Business Incubation & Commercialization Grant","Economic Development & Culture","2025"
4341,"Dreamwalker Dance Company","1 of 1","Toronto Centre","City Wide","30000","TAC","Toronto Arts Council","2025"
4342,"DREAMWALKER DANCE COMPANY","1 of 1","Toronto Centre","Local","30000","TAC Operating - Dance","Economic Development & Culture","2025"
4343,"DUPONT BY THE CASTLE BIA","1 of 1","University-Rosedale","Local","13667","Special Events Stabilization Initiative","Economic Development & Culture","2025"
4344,"Dusk Dances Inc.","2 of 2","Toronto Centre","City Wide","42000","TAC","Toronto Arts Council","2025"
4345,"Dusk Dances Inc.","1 of 2","Toronto Centre","City Wide","25000","TAC","Toronto Arts Council","2025"
4346,"DUSK DANCES INC.","1 of 2","Toronto Centre","Local","42000","TAC Operating - Dance","Economic Development & Culture","2025"
4347,"DUSK DANCES INC.","2 of 2","Toronto Centre","Local","25000","TAC Project - Innovation and Capacity Building","Economic Development & Culture","2025"
4348,"D-way Mentorship Program (Youth-led)","1 of 1","Spadina-Fort York","Local","5000","CCRF","Social Development","2025"
4349,"D-Way Youth Organization","1 of 1","Spadina-Fort York","Neighbourhood","17000","INI","Social Development","2025"
4350,"DYLAN MITRO","1 of 1","Davenport","Local","15000","TAC Project - Visual and Media Arts","Economic Development & Culture","2025"
4351,"DYLAN PILCHER","1 of 1","University-Rosedale","Local","7000","TAC Project - Indigenous Arts","Economic Development & Culture","2025"
4352,"DYLAN PUN","1 of 1","University-Rosedale","Local","15000","TAC Project - Visual and Media Arts","Economic Development & Culture","2025"
4353,"Eaa Emerging Artists Association","1 of 1","Spadina-Fort York","City Wide","11000","TAC","Toronto Arts Council","2025"
4354,"Earth Work Visions","1 of 1","Toronto-St. Paul's","Local","5000","LLG","Social Development","2025"
4355,"East End Arts","1 of 1","East End Arts","Local","323362","LASO","Economic Development & Culture","2025"
4356,"EAST END ARTS TORONTO","1 of 1","Toronto-Danforth","Local","317750","Local Arts Service Organizations","Economic Development & Culture","2025"
4357,"East Scarborough Boys & Girls Club","1 of 1","Scarborough-Guildwood","Local","218814.32","CSP","Social Development","2025"
4358,"East Scarborough Boys & Girls Club & Bridging Borders with Inmates","1 of 1","Scarborough Southwest","Local","215694","YVP","Social Development","2025"
4359,"East Scarborough Storefront","1 of 1","Scarborough-Guildwood","Local","5000","CHS","Economic Development & Culture","2025"
4360,"East Scarborough Storefront","1 of 2","Scarborough-Guildwood","Local","20000","CPP","Social Development","2025"
4361,"East Scarborough Storefront - MakeWay Charitable Society","2 of 2","Scarborough-Guildwood","City Wide","110728.87","CSP","Social Development","2025"
4362,"East Toronto Family Community Centre","1 of 1","Toronto-Danforth","Local","107955.6","CSP","Social Development","2025"
4363,"East York Meals on Wheels","1 of 1","Don Valley West","Local","35773.96","CSP","Social Development","2025"
4364,"EAST YORK TORONTO CANADA DAY","1 of 1","Beaches-East York","Local","10084.17","Special Events Stabilization Initiative","Economic Development & Culture","2025"
4365,"Eastview Public School","1 of 1","Scarborough-Guildwood","Local","1000","YCAG","Environment, Climate and Forestry","2025"
4366,"Echo Women'S Choir","1 of 1","Toronto Centre","City Wide","12000","TAC","Toronto Arts Council","2025"
4367,"ECHO WOMEN'S CHOIR","1 of 1","Toronto Centre","Local","12000","TAC Operating - Community Music Making","Economic Development & Culture","2025"
4368,"Echoes For Excellence","1 of 1","York South-Weston, Don Valley North, Scarborough Southwest, Beaches-East York","Local","17000","INI","Social Development","2025"
4369,"ECOM NORTH INC.","1 of 1","Outside Toronto","Local","6105.6","Economic Development Services Event Sponsorships","Economic Development & Culture","2025"
4370,"ECONOMIC DEVELOPERS COUCIL OF ONTARIO INCORPORATED","1 of 1","Toronto Centre","Local","30000","Economic Development Services Event Sponsorships","Economic Development & Culture","2025"
4371,"EGLINTON HILL BIA","1 of 1","York South-Weston","Local","31250","BIA Capacity Development Grant","Economic Development & Culture","2025"
4372,"EGLINTON WAY BIA","1 of 3","Toronto-St. Paul’s","Local","11045.22","Special Events Stabilization Initiative","Economic Development & Culture","2025"
4373,"EGLINTON WAY BIA","2 of 3","Toronto-St. Paul’s","Local","12500","Transit Construction Mitigation Fund","Economic Development & Culture","2025"
4374,"EGLINTON WAY BIA","3 of 3","Toronto-St. Paul’s","Local","37500","Dining District Grant Program","Economic Development & Culture","2025"
4375,"E-Heroes","1 of 1","Don Valley East,  Don Valley West, Danforth, Scarborough Centre,  Scarborough Southwest","Local","7020","NCAG","Environment, Climate and Forestry","2025"
4376,"Eilers Dance Theatre Inc.","1 of 2","Toronto Centre","City Wide","10000","TAC","Toronto Arts Council","2025"
4377,"Eilers Dance Theatre Inc.","2 of 2","Toronto Centre","Local","18300","TAC","Toronto Arts Council","2025"
4378,"EILERS DANCE THEATRE INC.","1 of 2","Toronto Centre","Local","18300","TAC Project - Animating","Economic Development & Culture","2025"
4379,"EILERS DANCE THEATRE INC.","2 of 2","Toronto Centre","Local","10000","TAC Project - Dance","Economic Development & Culture","2025"
4380,"EILISH SHIN-CULHANE","1 of 1","Toronto Centre","Local","7500","TAC Project - Dance","Economic Development & Culture","2025"
4381,"Eldritch Theatre Incorporated","1 of 1","Beaches-East York","City Wide","20000","TAC","Toronto Arts Council","2025"
4382,"ELDRITCH THEATRE INCORPORATED","1 of 1","Beaches-East York","Local","20000","TAC Operating - Theatre","Economic Development & Culture","2025"
4383,"ELEVATE TORONTO","1 of 1","Spadina-Fort York","Local","131250","Economic Development Services Event Sponsorships","Economic Development & Culture","2025"
4384,"ELI HOWEY","1 of 1","Parkdale-High Park","Local","11500","TAC Project - Visual and Media Arts","Economic Development & Culture","2025"
4385,"Elizabeth Simcoe Junior Public School","1 of 1","Scarborough-Guildwood","Local","1000","YCAG","Environment, Climate and Forestry","2025"
4386,"ELLEN DENNY","1 of 1","Davenport","Local","10000","TAC Project - Theatre","Economic Development & Culture","2025"
4387,"Ellen Mcgreal Housing Co-op","1 of 1","Scarborough-Rouge Park","Local","4311","PTCG","Environment, Climate and Forestry","2025"
4388,"Elspeth Heyworth Centre for Women","1 of 2","Humber River-Black Creek","Local","54000","LLG","Social Development","2025"
4389,"Elspeth Heyworth Centre for Women (North York)","2 of 2","Humber River-Black Creek","Local","52106.49","CSP","Social Development","2025"
4390,"ELYSSA JANE PLAZA","1 of 1","Scarborough Centre","Local","4000","TAC Project - Music","Economic Development & Culture","2025"
4391,"EMERGING ARTISTS ASSOCIATION","1 of 2","Willowdale","Local","10170","Special Events Stabilization Initiative","Economic Development & Culture","2025"
4392,"EMERGING ARTISTS ASSOCIATION","2 of 2","Willowdale","Local","18000","Cultural Festivals Funding Program","Economic Development & Culture","2025"
4393,"EMERGING ARTISTS ASSOCIATION","1 of 1","Spadina-Fort York","Local","11000","TAC Project - Music","Economic Development & Culture","2025"
4394,"EMILIE JABOUIN","1 of 1","University-Rosedale","Local","8500","TAC Project - Black Arts","Economic Development & Culture","2025"
4395,"EMMA WORLEY","1 of 1","Toronto-St. Paul’s","Local","6200","TAC Project - Music","Economic Development & Culture","2025"
4396,"EMMANUEL PARISH CELESTIAL CHURCH OF CHRIST","1 of 2","Humber River-Black Creek","Local","3000","Special Events Stabilization Initiative","Economic Development & Culture","2025"
4397,"EMMANUEL PARISH CELESTIAL CHURCH OF CHRIST","2 of 2","Humber River-Black Creek","Local","10800","Community Celebration Support Fund","Economic Development & Culture","2025"
4398,"Empower Youth (Youth-led)","1 of 1","Toronto-St. Paul's","Local","5000","CCRF","Social Development","2025"
4399,"Engaged Communities","1 of 2","Don Valley East","Local","5000","CCRF","Social Development","2025"
4400,"Engaged Communities","1 of 1","Toronto Centre","Local","20000","TAC","Toronto Arts Council","2025"
4401,"ENGAGED COMMUNITIES","1 of 1","Toronto Centre","Local","20000","TAC Project - Newcomer and Refugee","Economic Development & Culture","2025"
4402,"Engaged Communities (Trustee: Go Green Youth Centre)","2 of 2","Don Valley West","Local","62724.73","YVP","Social Development","2025"
4403,"Ensemble Makedonka","1 of 1","Don Valley West","City Wide","6400","TAC","Toronto Arts Council","2025"
4404,"ENSEMBLE MAKEDONKA","1 of 1","Don Valley West","Local","6400","TAC Project - Creative Communities","Economic Development & Culture","2025"
4405,"EPIC Leadership","1 of 1","Eglinton-Lawrence","City Wide","25000","YCISI","Economic Development & Culture","2025"
4406,"EPIC LEADERSHIP","1 of 1","Eglinton-Lawrence","Local","45000","Youth Cultural Incubators Stabilization Initiative","Economic Development & Culture","2025"
4407,"Epilepsy Toronto","1 of 1","Toronto Centre","City Wide","53008.87","CSP","Social Development","2025"
4408,"EPILEPSY TORONTO","1 of 2","Don Valley West","Local","30915","Special Events Stabilization Initiative","Economic Development & Culture","2025"
4409,"EPILEPSY TORONTO","2 of 2","Don Valley West","Local","15000","Cultural Festivals Funding Program","Economic Development & Culture","2025"
4410,"ERDEM TASDELEN","1 of 1","Davenport","Local","10000","TAC Project - Visual and Media Arts","Economic Development & Culture","2025"
4411,"ERIC ABRAMOVITZ","1 of 1","Toronto Centre","Local","10000","TAC Project - Music","Economic Development & Culture","2025"
4412,"ERIC SEGUIN","1 of 1","Parkdale-High Park","Local","10000","TAC Project - Music","Economic Development & Culture","2025"
4413,"ERIC YENSU","1 of 1","University-Rosedale","Local","10500","TAC Project - Black Arts","Economic Development & Culture","2025"
4414,"ERICA WHYTE","1 of 1","Toronto-St. Paul’s","Local","12000","TAC Project - Black Arts","Economic Development & Culture","2025"
4415,"ERIN MICK","1 of 1","University-Rosedale","Local","5000","TAC Project - Literary","Economic Development & Culture","2025"
4416,"Eritrean Canadian Community Center of Metropolitan Toronto","1 of 1","Toronto-St. Paul’s","City Wide","37947.39","CSP","Social Development","2025"
4417,"ERITREAN COMMUNITY NETWORK (NEW NAKFA)","1 of 1","Toronto Centre","Local","15000","Cultural Festivals Funding Program","Economic Development & Culture","2025"
4418,"ERIYANI","1 of 1","Toronto-St. Paul’s","Local","5000","SBEC Core, Starter Company Plus & Summer Company","Economic Development & Culture","2025"
4419,"ERNESTO CERVINI","1 of 1","Etobicoke-Lakeshore","Local","10000","TAC Project - Music","Economic Development & Culture","2025"
4420,"Eshkiniigjik Naandwechigegamig, Aabiish Gaa Binjibaaying - ENAGB Youth Program","1 of 1","York South-Weston","City Wide","430740.92","YVP","Social Development","2025"
4421,"ESIE MENSAH","1 of 1","Toronto-Danforth","Local","18000","TAC Project - Dance","Economic Development & Culture","2025"
4422,"Esmeralda Enrique Spanish Dance Company","1 of 1","Spadina-Fort York","City Wide","35000","TAC","Toronto Arts Council","2025"
4423,"ESMERALDA ENRIQUE SPANISH DANCE COMPANY","1 of 1","Spadina-Fort York","Local","35000","TAC Operating - Dance","Economic Development & Culture","2025"
4424,"ESTHETEAK INC.","1 of 1","Toronto Centre","Local","5000","SBEC Core, Starter Company Plus & Summer Company","Economic Development & Culture","2025"
4425,"ETHAN GODEL","1 of 1","Don Valley West","Local","15000","TAC Project - Visual and Media Arts","Economic Development & Culture","2025"
4426,"ETHAN KEYES","1 of 1","Don Valley West","Local","5000","TAC Project - Theatre","Economic Development & Culture","2025"
4427,"Etobicoke Collegiate Institute","1 of 1","Etobicoke Centre","Local","700","YCAG","Environment, Climate and Forestry","2025"
4428,"Etobicoke Collegiate Institute Eco Club","1 of 1","Etobicoke Centre","Local","958","PTCG","Environment, Climate and Forestry","2025"
4429,"Etobicoke Community Concert Band","1 of 1","Etobicoke-Lakeshore","Local","4072","TAC","Toronto Arts Council","2025"
4430,"ETOBICOKE COMMUNITY CONCERT BAND","1 of 1","Etobicoke-Lakeshore","Local","4072","TAC Operating - Community Music Making","Economic Development & Culture","2025"
4431,"Etobicoke Philharmonic Orchestra","1 of 1","Etobicoke Centre","Local","10148","TAC","Toronto Arts Council","2025"
4432,"ETOBICOKE PHILHARMONIC ORCHESTRA","1 of 1","Etobicoke Centre","Local","10148","TAC Operating - Community Music Making","Economic Development & Culture","2025"
4433,"Etobicoke Services for Seniors","1 of 1","York South-Weston","Local","132721.91","CSP","Social Development","2025"
4434,"EVANGEL HALL","1 of 1","Spadina-Fort York","Local","43822.740000000005","HPP","Toronto Shelter & Support Services","2025"
4435,"Eva's Initiatives for Homeless Youth","1 of 1","Spadina-Fort York","City Wide","35000","BMFF","Social Development","2025"
4436,"EVEN MATCHUP GAMING INC.","1 of 1","Davenport","Local","7500","Film and Creative Industries Event Sponsorships","Economic Development & Culture","2025"
4437,"Evergreen","1 of 1","University-Rosedale","City Wide","8000","TAC","Toronto Arts Council","2025"
4438,"EVERGREEN","1 of 4","University-Rosedale","Local","28050","Special Events Stabilization Initiative","Economic Development & Culture","2025"
4439,"EVERGREEN","2 of 4","University-Rosedale","Local","22500","Cultural Festivals Funding Program","Economic Development & Culture","2025"
4440,"EVERGREEN","3 of 4","University-Rosedale","Local","40000","Community Celebration Support Fund","Economic Development & Culture","2025"
4441,"EVERGREEN","4 of 4","University-Rosedale","Local","8000","TAC Project - Visual and Media Arts","Economic Development & Culture","2025"
4442,"Evergreen Brick Works","1 of 1","University-Rosedale","Local","19911","ICAG","Environment, Climate and Forestry","2025"
4443,"EVIL LLAMA AND FRIENDS","1 of 1","University-Rosedale","Local","5000","SBEC Core, Starter Company Plus & Summer Company","Economic Development & Culture","2025"
4444,"EXCLUSIVE DRY CLEANERS INC.","1 of 1","University-Rosedale","Local","5000","SBEC Core, Starter Company Plus & Summer Company","Economic Development & Culture","2025"
4445,"EXHIBITION PLACE","1 of 1","Spadina-Fort York","Local","969110","Arts and Culture Services Directed Grants","Economic Development & Culture","2025"
4446,"Exit Points","1 of 1","Davenport","City Wide","6000","TAC","Toronto Arts Council","2025"
4447,"EXIT POINTS","1 of 2","Davenport","Local","3000","Creative Industries Grant","Economic Development & Culture","2025"
4448,"EXIT POINTS","2 of 2","Davenport","Local","6000","TAC Project - Music","Economic Development & Culture","2025"
4449,"Expand The Cypher","1 of 1","Beaches-East York","City Wide","3000","TAC","Toronto Arts Council","2025"
4450,"EXPAND THE CYPHER","1 of 1","Beaches-East York","Local","3000","TAC Project - Dance","Economic Development & Culture","2025"
4451,"Expect Theatre Inc.","1 of 1","Eglinton-Lawrence","City Wide","12250","TAC","Toronto Arts Council","2025"
4452,"EXPECT THEATRE INC.","1 of 1","Eglinton-Lawrence","Local","12250","TAC Project - Creative Communities","Economic Development & Culture","2025"
4453,"EXPO CANADA FRANCE INC.","1 of 1","Outside Toronto","Local","42859.31","Economic Development Services Event Sponsorships","Economic Development & Culture","2025"
4454,"Extend-A-Family","1 of 1","Eglinton-Lawrence","City Wide","30363.8","CSP","Social Development","2025"
4455,"Extended Family","1 of 1","Davenport","City Wide","8100","TAC","Toronto Arts Council","2025"
4456,"EXTENDED FAMILY","1 of 1","Davenport","Local","8100","TAC Project - Black Arts","Economic Development & Culture","2025"
4457,"Exultate Chamber Singers","1 of 1","University-Rosedale","Local","15915","TAC","Toronto Arts Council","2025"
4458,"EXULTATE CHAMBER SINGERS","1 of 1","University-Rosedale","Local","15915","TAC Operating - Community Music Making","Economic Development & Culture","2025"
4459,"Fabcollab","1 of 1","University-Rosedale","City Wide","10000","TAC","Toronto Arts Council","2025"
4460,"FABCOLLAB","1 of 1","Davenport","Local","17120","Community Celebration Support Fund","Economic Development & Culture","2025"
4461,"FABCOLLAB","1 of 1","University-Rosedale","Local","10000","TAC Project - Music","Economic Development & Culture","2025"
4462,"Factory Theatre","1 of 1","Spadina-Fort York","City Wide","176280","TAC","Toronto Arts Council","2025"
4463,"FACTORY THEATRE","1 of 1","Spadina-Fort York","Local","176280","TAC Operating - Theatre","Economic Development & Culture","2025"
4464,"Fado Performance Inc.","1 of 1","Spadina-Fort York","City Wide","27000","TAC","Toronto Arts Council","2025"
4465,"FADO PERFORMANCE INC.","1 of 1","Spadina-Fort York","Local","27000","TAC Operating - Visual and Media Arts","Economic Development & Culture","2025"
4466,"FAIR CATCH SEAFOOD INC.","1 of 1","Don Valley West","Local","5000","SBEC Core, Starter Company Plus & Summer Company","Economic Development & Culture","2025"
4467,"FAIRBANK VILLAGE BIA","1 of 3","Eglinton-Lawrence","Local","12168.59","Main Street Recovery & Rebuild Initiative","Economic Development & Culture","2025"
4468,"FAIRBANK VILLAGE BIA","2 of 3","Eglinton-Lawrence","Local","22583.23","Special Events Stabilization Initiative","Economic Development & Culture","2025"
4469,"FAIRBANK VILLAGE BIA","3 of 3","Eglinton-Lawrence","Local","25000","Transit Construction Mitigation Fund","Economic Development & Culture","2025"
4470,"Fall For Dance North Festival Inc.","1 of 1","Spadina-Fort York","City Wide","32000","TAC","Toronto Arts Council","2025"
4471,"FALL FOR DANCE NORTH FESTIVAL INC.","1 of 1","Spadina-Fort York","Local","32000","TAC Operating - Dance","Economic Development & Culture","2025"
4472,"Family Service Toronto","1 of 1","Toronto Centre","City Wide","134331.44","CSP","Social Development","2025"
4473,"FARHIA TATO","1 of 1","Toronto-St. Paul’s","Local","30500","TAC Project - Animating","Economic Development & Culture","2025"
4474,"FAROUGH SAMANI","1 of 1","Spadina-Fort York","Local","15000","TAC Project - Newcomer and Refugee","Economic Development & Culture","2025"
4475,"FASHION ART TORONTO","1 of 1","Davenport","Local","2544","Economic Development Services Event Sponsorships","Economic Development & Culture","2025"
4476,"FASHION TAKES ACTION","1 of 1","Beaches-East York","Local","5000","Economic Development Services Event Sponsorships","Economic Development & Culture","2025"
4477,"Father Henry Carr Catholic Secondary School","1 of 3","Etobicoke North","Local","1000","YCAG","Environment, Climate and Forestry","2025"
4478,"Father Henry Carr Catholic Secondary School","2 of 3","Etobicoke North","Local","1000","YCAG","Environment, Climate and Forestry","2025"
4479,"Father Henry Carr Catholic Secondary School","3 of 3","Etobicoke North","Local","1000","YCAG","Environment, Climate and Forestry","2025"
4480,"Fathers for the Future","1 of 1","Scarborough-Guildwood","Local","5000","CCRF","Social Development","2025"
4481,"FCJ REFUGEE CENTRE","1 of 1","Davenport","Local","5000","Cultural Festivals Funding Program","Economic Development & Culture","2025"
4482,"Federation of Black Canadians (trustee for Chimneystack Youth Support)","1 of 1","Spadina-Fort York","Local","9900","CHS","Economic Development & Culture","2025"
4483,"Federation of Metro Tenants' Associations","1 of 2","Toronto Centre","City Wide","584571.25","TTSP","Housing Secretariat","2025"
4484,"Federation of Metro Tenants' Associations","2 of 2","Toronto Centre","City Wide","436491.25","TTSP","Housing Secretariat","2025"
4485,"FEED SCARBOROUGH","1 of 1","Scarborough Southwest","Local","20000","Business Incubation & Commercialization Grant","Economic Development & Culture","2025"
4486,"Fernie Youth Services","1 of 1","Scarborough-Rouge Park","Local","5600","TAC","Toronto Arts Council","2025"
4487,"FERNIE YOUTH SERVICES","1 of 1","Scarborough-Rouge Park","Local","5600","TAC Project - Creative Communities","Economic Development & Culture","2025"
4488,"FESTIVAL KOMPA ZOUK ONTARIO","1 of 2","Eglinton-Lawrence","Local","24277.5","Special Events Stabilization Initiative","Economic Development & Culture","2025"
4489,"FESTIVAL KOMPA ZOUK ONTARIO","2 of 2","Eglinton-Lawrence","Local","15000","Cultural Festivals Funding Program","Economic Development & Culture","2025"
4490,"FESTIVAL MANAGEMENT COMMITTEE","1 of 2","Don Valley North","Local","90000","Special Events Stabilization Initiative","Economic Development & Culture","2025"
4491,"FESTIVAL MANAGEMENT COMMITTEE","2 of 2","Don Valley North","Local","650000","Cultural Festivals Funding Program","Economic Development & Culture","2025"
4492,"FESTIVAL TENTS CANADA INC.","1 of 1","Toronto-Danforth","Local","5000","SBEC Core, Starter Company Plus & Summer Company","Economic Development & Culture","2025"
4493,"Filltheblnk Community","1 of 1","Spadina-Fort York","City Wide","8000","TAC","Toronto Arts Council","2025"
4494,"FILLTHEBLNK COMMUNITY","1 of 1","Spadina-Fort York","Local","8000","TAC Project - Music","Economic Development & Culture","2025"
4495,"FILMODIGITAL AGENCY LTD.","1 of 1","York Centre","Local","5000","SBEC Core, Starter Company Plus & Summer Company","Economic Development & Culture","2025"
4496,"Finch Keele Community Association","1 of 1","Humber River-Black Creek","Local","2000","PTCG","Environment, Climate and Forestry","2025"
4497,"Findhelp Information Services","1 of 1","Toronto-St. Paul’s","City Wide","779114.15","CSP","Social Development","2025"
4498,"Finding Our Power Together","1 of 1","University-Rosedale","Local","19550","ICAG","Environment, Climate and Forestry","2025"
4499,"FINDLAY IRONSIDE","1 of 1","Toronto-Danforth","Local","11000","TAC Project - Visual and Media Arts","Economic Development & Culture","2025"
4500,"FINTECH CADENCE","1 of 1","Spadina-Fort York","Local","20000","Business Incubation & Commercialization Grant","Economic Development & Culture","2025"
4501,"Fisherville Senior Public School","1 of 1","Willowdale","Local","1000","YCAG","Environment, Climate and Forestry","2025"
4502,"FITC","1 of 1","Outside Toronto","Local","7632","Film and Creative Industries Event Sponsorships","Economic Development & Culture","2025"
4503,"Fix The Projects (Youth-led)","1 of 1","Scarborough Southwest","Neighbourhood","5000","CCRF","Social Development","2025"
4504,"Flaunt It Movement","1 of 1","Humber River-Black Creek","Local","22000","CHS","Economic Development & Culture","2025"
4505,"Flaunt It Movement","1 of 1","York Centre","Local","15000","TAC","Toronto Arts Council","2025"
4506,"FLAUNT IT MOVEMENT","1 of 1","Humber River-Black Creek","Local","24000","Cultural Hotspot","Economic Development & Culture","2025"
4507,"FLAUNT IT MOVEMENT","1 of 1","York Centre","Local","15000","TAC Project - Creative Communities","Economic Development & Culture","2025"
4508,"Flemingdon Health Centre","1 of 1","Don Valley East","Local","152969.27","YVP","Social Development","2025"
4509,"Flemo Youth (Youth-led)","1 of 1","Don Valley East","Neighbourhood","5000","CCRF","Social Development","2025"
4510,"Focus Media Arts Centre","1 of 1","Toronto Centre","Local","85000","TAC","Toronto Arts Council","2025"
4511,"FOCUS MEDIA ARTS CENTRE","1 of 1","Toronto Centre","Local","85000","TAC Operating - Creative Communities","Economic Development & Culture","2025"
4512,"FOLK CANADA","1 of 1","Outside Toronto","Local","3000","Creative Industries Grant","Economic Development & Culture","2025"
4513,"FOODPRENEUR LAB","1 of 1","Scarborough Centre","Local","20000","Business Incubation & Commercialization Grant","Economic Development & Culture","2025"
4514,"FoodShare Toronto","1 of 1","York South-Weston","City Wide","273291.76","CSP","Social Development","2025"
4515,"FOODSHARE TORONTO","1 of 2","York South-Weston","Local","49991","Dining District Grant Program","Economic Development & Culture","2025"
4516,"FOODSHARE TORONTO","2 of 2","York South-Weston","Local","24200","Cultural Hotspot","Economic Development & Culture","2025"
4517,"Foodshare Toronto Inc. (trustee for Black Creek Community Farm)","1 of 1","York South-Weston","Local","24200","CHS","Economic Development & Culture","2025"
4518,"For You Telecare Family Service (FUTFS)","1 of 1","Don Valley East","City Wide","19843.08","CSP","Social Development","2025"
4519,"For Youth Initiative in Toronto","1 of 1","York South-Weston","Local","153117.17","CSP","Social Development","2025"
4520,"FOUNDATION CREATIVE STUDIO INC.","1 of 1","Spadina-Fort York","Local","15000","Film and Creative Industries Event Sponsorships","Economic Development & Culture","2025"
4521,"FRANCESCA HAUSER","1 of 1","Toronto Centre","Local","5000","TAC Project - Music","Economic Development & Culture","2025"
4522,"FRANCO-FETE DE LA COMMUNAUTE URBAINE DE TORONTO","1 of 1","University-Rosedale","Local","7500","Cultural Festivals Funding Program","Economic Development & Culture","2025"
4523,"Francophones pour un Environnement Durable Inc.","1 of 1","University-Rosedale","City Wide","40000","BMFF","Social Development","2025"
4524,"Francophonie En Fete Corporation","1 of 1","University-Rosedale","City Wide","7500","TAC","Toronto Arts Council","2025"
4525,"FRANCOPHONIE EN FETE CORPORATION","1 of 1","University-Rosedale","Local","7500","TAC Project - Music","Economic Development & Culture","2025"
4526,"Franklin Horner Community Centre","1 of 1","Etobicoke-Lakeshore","City Wide","37218.99","CSP","Social Development","2025"
4527,"FRANTZ BRENT-HARRIS","1 of 1","Beaches-East York","Local","27200","TAC Project - Animating","Economic Development & Culture","2025"
4528,"FRASER COLLINS","1 of 3","Toronto-Danforth","Local","22500","TAC Project - Animating","Economic Development & Culture","2025"
4529,"FRASER COLLINS","2 of 3","Toronto-Danforth","Local","15000","TAC Project - Black Arts","Economic Development & Culture","2025"
4530,"FRASER COLLINS","3 of 3","Toronto-Danforth","Local","15000","TAC Project - Visual and Media Arts","Economic Development & Culture","2025"
4531,"FRED VICTOR CENTRE","1 of 1","Toronto Centre","Local","73038.75","HPP","Toronto Shelter & Support Services","2025"
4532,"FRED VICTOR CENTRE","1 of 1","Toronto Centre","Local","1566.75","Special Events Stabilization Initiative","Economic Development & Culture","2025"
4533,"FreedomSchool - Toronto","1 of 1","Beaches-East York","City Wide","40000","BMFF","Social Development","2025"
4534,"FREEUP! ARTS","1 of 1","Toronto-St. Paul’s","Local","18000","Cultural Festivals Funding Program","Economic Development & Culture","2025"
4535,"FRIENDS OF ALLAN GARDENS","1 of 1","Toronto Centre","Local","25000","Main Street Recovery & Rebuild Initiative","Economic Development & Culture","2025"
4536,"Friends Of Cab","1 of 1","Scarborough Southwest","Local","23299","TAC","Toronto Arts Council","2025"
4537,"FRIENDS OF CAB","1 of 1","Scarborough Southwest","Local","23299","TAC Project - Animating","Economic Development & Culture","2025"
4538,"Fu-Gen Theatre Company","1 of 1","Toronto Centre","City Wide","32144","TAC","Toronto Arts Council","2025"
4539,"FU-GEN THEATRE COMPANY","1 of 1","Toronto Centre","Local","32144","TAC Operating - Theatre","Economic Development & Culture","2025"
4540,"Fujiwara Dance Inventions","1 of 1","Toronto Centre","City Wide","27000","TAC","Toronto Arts Council","2025"
4541,"FUJIWARA DANCE INVENTIONS","1 of 1","Toronto Centre","Local","27000","TAC Operating - Dance","Economic Development & Culture","2025"
4542,"FUSION HOMESTYLE HEALTHY MEALS","1 of 1","Spadina-Fort York","Local","5000","SBEC Core, Starter Company Plus & Summer Company","Economic Development & Culture","2025"
4543,"FUTURE OF FILM SHOWCASE","1 of 1","Spadina-Fort York","Local","6000","Film and Creative Industries Event Sponsorships","Economic Development & Culture","2025"
4544,"GABRIEL WALTA BUSULWA","1 of 1","Humber River-Black Creek","Local","15000","TAC Project - Visual and Media Arts","Economic Development & Culture","2025"
4545,"Gallery 44 Centre For Contemporary Photography","1 of 1","Spadina-Fort York","City Wide","98000","TAC","Toronto Arts Council","2025"
4546,"GALLERY 44 CENTRE FOR CONTEMPORARY PHOTOGRAPHY","1 of 1","Spadina-Fort York","Local","98000","TAC Operating - Visual and Media Arts","Economic Development & Culture","2025"
4547,"Galloway Youth United: Indoor Soccer & Wellness Initiative","1 of 1","Scarborough-Guildwood","Neighbourhood","17000","INI","Social Development","2025"
4548,"GAME ARTS INTERNATIONAL NETWORK","1 of 3","Parkdale-High Park","Local","12500","Cultural Festivals Funding Program","Economic Development & Culture","2025"
4549,"GAME ARTS INTERNATIONAL NETWORK","2 of 3","Parkdale-High Park","Local","18750","Community Celebration Support Fund","Economic Development & Culture","2025"
4550,"GAME ARTS INTERNATIONAL NETWORK","3 of 3","Parkdale-High Park","Local","15000","Creative Industries Grant","Economic Development & Culture","2025"
4551,"Gardening Mamas","1 of 1","Scarborough-Guildwood","Local","7250","NCAG","Environment, Climate and Forestry","2025"
4552,"GARY KIYOSHI NAGATA","1 of 1","Scarborough North","Local","10000","TAC Project - Music","Economic Development & Culture","2025"
4553,"Gaza Biennale Tkaronto","1 of 1","Parkdale-High Park","City Wide","9000","TAC","Toronto Arts Council","2025"
4554,"GAZA BIENNALE TKARONTO","1 of 1","Parkdale-High Park","Local","9000","TAC Project - Visual and Media Arts","Economic Development & Culture","2025"
4555,"GBOLAHAN ADEYI","1 of 1","Etobicoke North","Local","15000","TAC Project - Newcomer and Refugee","Economic Development & Culture","2025"
4556,"Generator Performance","2 of 2","University-Rosedale","City Wide","41000","TAC","Toronto Arts Council","2025"
4557,"Generator Performance","1 of 2","University-Rosedale","Local","60000","TAC","Toronto Arts Council","2025"
4558,"GENERATOR PERFORMANCE","1 of 2","University-Rosedale","Local","41000","TAC Operating - Theatre","Economic Development & Culture","2025"
4559,"GENERATOR PERFORMANCE","2 of 2","University-Rosedale","Local","60000","TAC Project - Innovation and Capacity Building","Economic Development & Culture","2025"
4560,"George B. Little PS Parent Council","1 of 1","Scarborough-Guildwood","Local","2855.65","PTCG","Environment, Climate and Forestry","2025"
4561,"GEORGE BROWN COLLEGE","1 of 1","Toronto Centre","Local","5000","Business Incubation & Commercialization Grant","Economic Development & Culture","2025"
4562,"GEORGE BROWN COLLEGE FOUNDATION","1 of 1","Toronto Centre","Local","15000","Business Incubation & Commercialization Grant","Economic Development & Culture","2025"
4563,"GERRARD INDIA BAZAAR BIA","1 of 2","Toronto-Danforth","Local","20811.83","Special Events Stabilization Initiative","Economic Development & Culture","2025"
4564,"GERRARD INDIA BAZAAR BIA","2 of 2","Toronto-Danforth","Local","10000","Cultural Festivals Funding Program","Economic Development & Culture","2025"
4565,"Ghanafest","2 of 2","Etobicoke North","City Wide","18000","TAC","Toronto Arts Council","2025"
4566,"Ghanafest","1 of 2","Etobicoke North","Local","8000","TAC","Toronto Arts Council","2025"
4567,"GHANAFEST","1 of 4","Etobicoke North","Local","3762.23","Special Events Stabilization Initiative","Economic Development & Culture","2025"
4568,"GHANAFEST","2 of 4","Etobicoke North","Local","15000","Cultural Festivals Funding Program","Economic Development & Culture","2025"
4569,"GHANAFEST","3 of 4","Etobicoke North","Local","18000","TAC Project - Animating","Economic Development & Culture","2025"
4570,"GHANAFEST","4 of 4","Etobicoke North","Local","8000","TAC Project - Music","Economic Development & Culture","2025"
4571,"Ghanaian-Canadian Association of Ontario","1 of 1","Humber River-Black Creek","City Wide","40000","BMFF","Social Development","2025"
4572,"GIRAN FINDLAY LIU","1 of 1","Don Valley West","Local","15000","TAC Project - Visual and Media Arts","Economic Development & Culture","2025"
4573,"Girl Power'D","1 of 1","Don Valley North","Local","12500","TAC","Toronto Arts Council","2025"
4574,"GIRL POWER'D","1 of 1","Don Valley North","Local","12500","TAC Project - Art Reach","Economic Development & Culture","2025"
4575,"Gisha Nankunda Arts Association","1 of 1","Toronto Centre","City Wide","13000","TAC","Toronto Arts Council","2025"
4576,"GISHA NANKUNDA ARTS ASSOCIATION","1 of 1","Scarborough Southwest","Local","836.64","Special Events Stabilization Initiative","Economic Development & Culture","2025"
4577,"GISHA NANKUNDA ARTS ASSOCIATION","1 of 1","Toronto Centre","Local","13000","TAC Project - Black Arts","Economic Development & Culture","2025"
4578,"GLENNON RICKETTS","1 of 1","Spadina-Fort York","Local","7700","TAC Project - Black Arts","Economic Development & Culture","2025"
4579,"GLO ROMY","1 of 1","University-Rosedale","Local","12300","TAC Project - Black Arts","Economic Development & Culture","2025"
4580,"Global Kingdom Ministries Church","1 of 1","Scarborough-Guildwood","Neighbourhood","5000","CCRF","Social Development","2025"
4581,"GLOBAL SHARE SUPPORT YOUTH ASSOCIATION","1 of 3","Toronto-St. Paul’s","Local","5275.1","Special Events Stabilization Initiative","Economic Development & Culture","2025"
4582,"GLOBAL SHARE SUPPORT YOUTH ASSOCIATION","2 of 3","Toronto-St. Paul’s","Local","15000","Cultural Festivals Funding Program","Economic Development & Culture","2025"
4583,"GLOBAL SHARE SUPPORT YOUTH ASSOCIATION","3 of 3","Toronto-St. Paul’s","Local","10000","Business Incubation & Commercialization Grant","Economic Development & Culture","2025"
4584,"GLOBAL STARTUPS","1 of 1","Toronto-St. Paul’s","Local","5000","Business Incubation & Commercialization Grant","Economic Development & Culture","2025"
4585,"GLOBAL STARTUPS ACCELERATOR","1 of 1","Spadina-Fort York","Local","15000","Business Incubation & Commercialization Grant","Economic Development & Culture","2025"
4586,"Go Green Youth Centre (GGYC)","1 of 1","Don Valley East","Local","50000","CB","Social Development","2025"
4587,"GOLDEN HORSESHOE FOOD & FARMING ALLIANCE","1 of 1","Outside Toronto","Local","30000","Economic Development Services Directed Grants","Economic Development & Culture","2025"
4588,"Golha Initiative For Music And Culture","1 of 1","University-Rosedale","City Wide","6361","TAC","Toronto Arts Council","2025"
4589,"GOLHA INITIATIVE FOR MUSIC AND CULTURE","1 of 1","University-Rosedale","Local","6361","TAC Project - Music","Economic Development & Culture","2025"
4590,"GOOD NEIGHBOURS CANADA","1 of 1","Scarborough North","Local","20000","Business Incubation & Commercialization Grant","Economic Development & Culture","2025"
4591,"GOOD NEIGHBOURS' CLUB, THE","1 of 1","Toronto Centre","Local","58430.740000000005","HPP","Toronto Shelter & Support Services","2025"
4592,"GOOD SHEPHERD MINISTRIES","1 of 1","Toronto Centre","Local","58430.740000000005","HPP","Toronto Shelter & Support Services","2025"
4593,"Good Tree Korean United Church","1 of 1","Willowdale","Local","4500","PTCG","Environment, Climate and Forestry","2025"
4594,"GOVERNING COUNCIL OF THE SALVA","1 of 1","Toronto Centre","Local","388422.50999999995","HIF","Toronto Shelter & Support Services","2025"
4595,"G-Power'D Inc.","1 of 1","Don Valley West","Local","10875","TAC","Toronto Arts Council","2025"
4596,"G-POWER'D INC.","1 of 1","Don Valley West","Local","10875","TAC Project - Creative Communities","Economic Development & Culture","2025"
4597,"GRACE","1 of 1","Toronto Centre","Local","10000","TAC Project - Visual and Media Arts","Economic Development & Culture","2025"
4598,"GRAEME JONEZ","1 of 1","Toronto Centre","Local","10000","TAC Project - Indigenous Arts","Economic Development & Culture","2025"
4599,"GRAHAM CAMPBELL","1 of 1","Beaches-East York","Local","5000","TAC Project - Music","Economic Development & Culture","2025"
4600,"GRAYS SHOP INC.","1 of 1","Davenport","Local","5000","SBEC Core, Starter Company Plus & Summer Company","Economic Development & Culture","2025"
4601,"GREATER TORONTO MUSIC SCHOOL","1 of 1","Davenport","Local","5000","SBEC Core, Starter Company Plus & Summer Company","Economic Development & Culture","2025"
4602,"GREEKTOWN ON THE DANFORTH BIA","1 of 3","Toronto-Danforth","Local","100000","Main Street Recovery & Rebuild Initiative","Economic Development & Culture","2025"
4603,"GREEKTOWN ON THE DANFORTH BIA","2 of 3","Toronto-Danforth","Local","50807.96","Transit Construction Mitigation Fund","Economic Development & Culture","2025"
4604,"GREEKTOWN ON THE DANFORTH BIA","3 of 3","Toronto-Danforth","Local","10000","Community Celebration Support Fund","Economic Development & Culture","2025"
4605,"GREG STAATS","1 of 1","Toronto-Danforth","Local","14960","TAC Project - Visual and Media Arts","Economic Development & Culture","2025"
4606,"Groundwork","1 of 1","Parkdale-High Park","City Wide","2560","TAC","Toronto Arts Council","2025"
4607,"GROUNDWORK","1 of 1","Parkdale-High Park","Local","2560","TAC Project - Literary","Economic Development & Culture","2025"
4608,"GROWING TKARONTO FLORISTRY","1 of 1","Parkdale-High Park","Local","5000","SBEC Core, Starter Company Plus & Summer Company","Economic Development & Culture","2025"
4609,"GTA REGION INVESTMENT ATTRACTION (TORONTO GLOBAL)","1 of 1","Spadina-Fort York","Local","1822600","Economic Development Services Directed Grants","Economic Development & Culture","2025"
4610,"Guild Festival Theatre","2 of 2","Scarborough-Guildwood","City Wide","22500","TAC","Toronto Arts Council","2025"
4611,"Guild Festival Theatre","1 of 2","Scarborough-Guildwood","Local","26000","TAC","Toronto Arts Council","2025"
4612,"GUILD FESTIVAL THEATRE","1 of 4","Scarborough-Guildwood","Local","9000","Cultural Festivals Funding Program","Economic Development & Culture","2025"
4613,"GUILD FESTIVAL THEATRE","2 of 4","Scarborough-Guildwood","Local","24752","Community Celebration Support Fund","Economic Development & Culture","2025"
4614,"GUILD FESTIVAL THEATRE","3 of 4","Scarborough-Guildwood","Local","26000","TAC Operating - Theatre","Economic Development & Culture","2025"
4615,"GUILD FESTIVAL THEATRE","4 of 4","Scarborough-Guildwood","Local","22500","TAC Project - Animating","Economic Development & Culture","2025"
4616,"Gumawa Space","1 of 1","University-Rosedale","Local","19900","TAC","Toronto Arts Council","2025"
4617,"GUMAWA SPACE","1 of 1","University-Rosedale","Local","19900","TAC Project - Art Reach","Economic Development & Culture","2025"
4618,"Gwai-yuk Gih’nendahmoen","1 of 1","Toronto Centre, Etobicoke Centre, Toronto-Danforth","Local","20000","ICAG","Environment, Climate and Forestry","2025"
4619,"HADIYA RODERIQUE","1 of 2","Toronto-St. Paul’s","Local","13785","TAC Project - Black Arts","Economic Development & Culture","2025"
4620,"HADIYA RODERIQUE","2 of 2","Toronto-St. Paul’s","Local","10000","TAC Project - Literary","Economic Development & Culture","2025"
4621,"HAFSA ABDULSAMED","1 of 1","York South-Weston","Local","12250","TAC Project - Creative Communities","Economic Development & Culture","2025"
4622,"HALEY'S PANTRY INC.","1 of 1","Toronto-St. Paul’s","Local","5000","SBEC Core, Starter Company Plus & Summer Company","Economic Development & Culture","2025"
4623,"Hand Eye Society","1 of 1","University-Rosedale","City Wide","20000","TAC","Toronto Arts Council","2025"
4624,"HAND EYE SOCIETY","1 of 1","University-Rosedale","Local","20000","TAC Operating - Visual and Media Arts","Economic Development & Culture","2025"
4625,"HANNAH CHEESMAN","1 of 1","Davenport","Local","14500","TAC Project - Visual and Media Arts","Economic Development & Culture","2025"
4626,"HANNAH DOUCET","1 of 1","Davenport","Local","10000","TAC Project - Visual and Media Arts","Economic Development & Culture","2025"
4627,"HANNIA CHENG","1 of 1","Toronto-St. Paul’s","Local","13104","TAC Project - Creative Communities","Economic Development & Culture","2025"
4628,"Happy Mom Happy Children","1 of 1","Regent Park","Neighbourhood","4845","CCRF","Social Development","2025"
4629,"HARBOURFRONT CENTRE","1 of 3","Spadina-Fort York","Local","14046.12","Special Events Stabilization Initiative","Economic Development & Culture","2025"
4630,"HARBOURFRONT CENTRE","2 of 3","Spadina-Fort York","Local","40000","Community Celebration Support Fund","Economic Development & Culture","2025"
4631,"HARBOURFRONT CENTRE","3 of 3","Spadina-Fort York","Local","1015000","Cultural Organization Operating Partnership","Economic Development & Culture","2025"
4632,"HARRIET LYE","1 of 1","Parkdale-High Park","Local","10000","TAC Project - Literary","Economic Development & Culture","2025"
4633,"Harriet Tubman Community Organization","1 of 2","Don Valley North","City Wide","35000","BMFF","Social Development","2025"
4634,"Harriet Tubman Community Organization","2 of 2","Don Valley North","Local","64398.97","CSP","Social Development","2025"
4635,"Harriet Tubman Community Organization & National African Integration and Families Association","1 of 1","York Centre","Local","129416.4","YVP","Social Development","2025"
4636,"HAYDEN","1 of 1","Parkdale-High Park","Local","10000","TAC Project - Music","Economic Development & Culture","2025"
4637,"HAYLEY GORESKI","1 of 1","University-Rosedale","Local","4000","TAC Project - Music","Economic Development & Culture","2025"
4638,"HEAR AND NOW MUSIC INC.","1 of 1","Beaches-East York","Local","5000","SBEC Core, Starter Company Plus & Summer Company","Economic Development & Culture","2025"
4639,"HEATHER CANLAS RIGG","1 of 1","Davenport","Local","7000","TAC Project - Visual and Media Arts","Economic Development & Culture","2025"
4640,"Heaven Legacy Collective","1 of 1","Davenport","City Wide","14000","TAC","Toronto Arts Council","2025"
4641,"HEAVEN LEGACY COLLECTIVE","1 of 1","Davenport","Local","14000","TAC Project - Dance","Economic Development & Culture","2025"
4642,"HEIMONG INC.","1 of 1","Beaches-East York","Local","5000","SBEC Core, Starter Company Plus & Summer Company","Economic Development & Culture","2025"
4643,"HELEN LEE","1 of 1","Davenport","Local","15000","TAC Project - Visual and Media Arts","Economic Development & Culture","2025"
4644,"Hemophilia Ontario","1 of 1","Willowdale","City Wide","34158.54","CSP","Social Development","2025"
4645,"HER BLACK HEALTH","1 of 1","Scarborough Southwest","Local","5000","SBEC Core, Starter Company Plus & Summer Company","Economic Development & Culture","2025"
4646,"Her Rhythm rising","1 of 1","Toronto Centre","Neighbourhood","15000","INI","Social Development","2025"
4647,"Hercinia Arts Collective","1 of 1","Spadina-Fort York","Local","22500","TAC","Toronto Arts Council","2025"
4648,"HERCINIA ARTS COLLECTIVE","1 of 1","Spadina-Fort York","Local","22500","TAC Project - Animating","Economic Development & Culture","2025"
4649,"HERITAGE SKILLS DEVELOPMENT CENTER","1 of 3","Scarborough Southwest","Local","34785","Special Events Stabilization Initiative","Economic Development & Culture","2025"
4650,"HERITAGE SKILLS DEVELOPMENT CENTER","2 of 3","Scarborough Southwest","Local","30000","Cultural Festivals Funding Program","Economic Development & Culture","2025"
4651,"HERITAGE SKILLS DEVELOPMENT CENTER","3 of 3","Scarborough Southwest","Local","22500","TAC Project - Animating","Economic Development & Culture","2025"
4652,"Heritage Skills Development Center (Hsdc)","1 of 1","Scarborough Southwest","Local","22500","TAC","Toronto Arts Council","2025"
4653,"Heritage Skills Development Centre","1 of 1","Scarborough Southwest","City Wide","35000","BMFF","Social Development","2025"
4654,"HIGH AURA PRODUCTIONS INC.","1 of 1","Etobicoke-Lakeshore","Local","7000","Creative Industries Grant","Economic Development & Culture","2025"
4655,"High Park Alternative School","1 of 1","Parkdale-High Park","Local","1000","YCAG","Environment, Climate and Forestry","2025"
4656,"Hillside Outdoor Education School","1 of 1","Scarborough-Rouge Park","Local","1000","YCAG","Environment, Climate and Forestry","2025"
4657,"HISPANIC CANADIAN HERITAGE COUNCIL","1 of 1","University-Rosedale","Local","30000","Community Celebration Support Fund","Economic Development & Culture","2025"
4658,"Holla Jazz Performance Projects","1 of 1","Etobicoke Centre","City Wide","15000","TAC","Toronto Arts Council","2025"
4659,"HOLLA JAZZ PERFORMANCE PROJECTS","1 of 1","Etobicoke Centre","Local","15000","TAC Project - Dance","Economic Development & Culture","2025"
4660,"Holy Cross Catholic School","1 of 2","Toronto-Danforth","Local","1000","YCAG","Environment, Climate and Forestry","2025"
4661,"Holy Cross Catholic School","2 of 2","Toronto-Danforth","Local","1000","YCAG","Environment, Climate and Forestry","2025"
4662,"Homes First Foundation","1 of 1","Toronto Centre","Local","20000","TAC","Toronto Arts Council","2025"
4663,"HOMES FIRST FOUNDATION","1 of 1","Toronto Centre","Local","20000","TAC Project - Newcomer and Refugee","Economic Development & Culture","2025"
4664,"Homes First Society","1 of 1","Etobicoke North","Local","756000","AASSP","Housing Secretariat","2025"
4665,"Hong Fook Mental Health Association","1 of 1","Scarborough-Agincourt","City Wide","30363.8","CSP","Social Development","2025"
4666,"Hope for Refugees International","1 of 1","Toronto-St. Paul’s","City Wide","40000","BMFF","Social Development","2025"
4667,"Hot Docs","1 of 1","University-Rosedale","City Wide","190000","TAC","Toronto Arts Council","2025"
4668,"HOT DOCS","1 of 3","University-Rosedale","Local","190000","TAC Large Institutions","Economic Development & Culture","2025"
4669,"HOT DOCS","2 of 3","University-Rosedale","Local","20000","Business Incubation & Commercialization Grant","Economic Development & Culture","2025"
4670,"HOT DOCS","3 of 3","University-Rosedale","Local","15000","Film and Creative Industries Event Sponsorships","Economic Development & Culture","2025"
4671,"Howard Junior Public School","1 of 2","Parkdale-High Park","Local","1000","YCAG","Environment, Climate and Forestry","2025"
4672,"Howard Junior Public School","2 of 2","Parkdale-High Park","Local","602","YCAG","Environment, Climate and Forestry","2025"
4673,"HUMBER COLLEGE","1 of 1","Etobicoke North","Local","2500","Arts and Culture Services Directed Grants","Economic Development & Culture","2025"
4674,"HUMBER COLLEGE","1 of 1","Etobicoke-Lakeshore","Local","20000","Business Incubation & Commercialization Grant","Economic Development & Culture","2025"
4675,"Humber River Galz","1 of 1","York South-Weston","Local","13100","ICAG","Environment, Climate and Forestry","2025"
4676,"Humber River Pals","1 of 1","Etobicoke Centre, York South-Weston","Local","7500","NCAG","Environment, Climate and Forestry","2025"
4677,"Humberwood Downs Junior Middle School","1 of 1","Etobicoke North","Local","1000","YCAG","Environment, Climate and Forestry","2025"
4678,"HUNTLEY, AUDREY NO MORE SILENCE","1 of 1","Davenport","Local","24300","Indigenous Arts & Culture Fund","Economic Development & Culture","2025"
4679,"Hurt to Heal","1 of 1","Etobicoke North","Neighbourhood","4800","CCRF","Social Development","2025"
4680,"Hype Heights (Youth-led)","1 of 1","Eglinton-Lawrence","Neighbourhood","5000","CCRF","Social Development","2025"
4681,"ICE RAY HOCKEY INC.","1 of 1","Toronto-St. Paul’s","Local","5000","SBEC Core, Starter Company Plus & Summer Company","Economic Development & Culture","2025"
4682,"ICONS","1 of 1","Etobicoke-Lakeshore","Local","16800","TAC Project - Animating","Economic Development & Culture","2025"
4683,"IDEABOX CREATIONS INC.","1 of 1","Scarborough-Guildwood","Local","5000","SBEC Core, Starter Company Plus & Summer Company","Economic Development & Culture","2025"
4684,"Imaginenative Film + Media Arts Festival","1 of 1","Spadina-Fort York","City Wide","90000","TAC","Toronto Arts Council","2025"
4685,"IMAGINENATIVE FILM + MEDIA ARTS FESTIVAL","1 of 1","Spadina-Fort York","Local","90000","TAC Operating - Visual and Media Arts","Economic Development & Culture","2025"
4686,"Iman Dirie & Ahmed Adan","1 of 1","Etobicoke North","Local","10000","TAC","Toronto Arts Council","2025"
4687,"IMAN DIRIE & AHMED ADAN","1 of 1","Etobicoke North","Local","10000","TAC Project - Art Reach","Economic Development & Culture","2025"
4688,"IMPACT ON","1 of 1","Spadina-Fort York","Local","40000","Business Incubation & Commercialization Grant","Economic Development & Culture","2025"
4689,"IMPACT ZERO CORP","1 of 1","Spadina-Fort York","Local","10200","Business Incubation & Commercialization Grant","Economic Development & Culture","2025"
4690,"Impactful Hands","1 of 1","Etobicoke North","Local","6625","NCAG","Environment, Climate and Forestry","2025"
4691,"Indian Road Crescent Junior Public School","1 of 1","Parkdale-High Park","Local","970","YCAG","Environment, Climate and Forestry","2025"
4692,"Indigenous Fashion Arts","1 of 1","Toronto-Danforth","Local","9000","TAC","Toronto Arts Council","2025"
4693,"INDIGENOUS FASHION ARTS","1 of 1","Toronto-Danforth","Local","9000","TAC Project - Indigenous Arts","Economic Development & Culture","2025"
4694,"Indigenous Learning Committee at O’Connor Public School","1 of 1","Beaches-East York","Local","4999","PTCG","Environment, Climate and Forestry","2025"
4695,"Indigenous Peoples Solidarity Group (IPSG) at St. Matthew's United Church","1 of 1","Toronto-St. Paul’s","Local","4817.25","PTCG","Environment, Climate and Forestry","2025"
4696,"Indigenous Seniors Helping Seniors (ISHS)","1 of 1","University-Rosedale","Local","10000","ICAG","Environment, Climate and Forestry","2025"
4697,"INDIVIDUAL X","1 of 1","Toronto-St. Paul’s","Local","21600","Indigenous Arts & Culture Fund","Economic Development & Culture","2025"
4698,"INDIVIDUAL X","1 of 1","Parkdale-High Park","Local","3000","Indigenous Arts & Culture Fund","Economic Development & Culture","2025"
4699,"INDIVIDUAL X","1 of 1","Humber River-Black Creek","Local","100","Cultural Hotspot","Economic Development & Culture","2025"
4700,"INDIVIDUAL X","1 of 1","Etobicoke-Lakeshore","Local","100","Cultural Hotspot","Economic Development & Culture","2025"
4701,"INDIVIDUAL X","1 of 1","Willowdale","Local","3000","SBEC Core, Starter Company Plus & Summer Company","Economic Development & Culture","2025"
4702,"INDIVIDUAL X","1 of 1","Don Valley West","Local","3000","SBEC Core, Starter Company Plus & Summer Company","Economic Development & Culture","2025"
4703,"INDIVIDUAL X","1 of 1","University-Rosedale","Local","3000","SBEC Core, Starter Company Plus & Summer Company","Economic Development & Culture","2025"
4704,"INDIVIDUAL X","1 of 1","Outside Toronto","Local","3000","SBEC Core, Starter Company Plus & Summer Company","Economic Development & Culture","2025"
4705,"INDIVIDUAL X","1 of 1","Don Valley North","Local","3000","SBEC Core, Starter Company Plus & Summer Company","Economic Development & Culture","2025"
4706,"INDIVIDUAL X","1 of 1","Davenport","Local","3000","SBEC Core, Starter Company Plus & Summer Company","Economic Development & Culture","2025"
4707,"INDIVIDUAL X","1 of 1","York South-Weston","Local","3000","SBEC Core, Starter Company Plus & Summer Company","Economic Development & Culture","2025"
4708,"INDIVIDUAL X","1 of 1","Scarborough Centre","Local","3000","SBEC Core, Starter Company Plus & Summer Company","Economic Development & Culture","2025"
4709,"INDIVIDUAL X","1 of 1","Humber River-Black Creek","Local","3000","SBEC Core, Starter Company Plus & Summer Company","Economic Development & Culture","2025"
4710,"INDIVIDUAL X","1 of 1","Parkdale-High Park","Local","3000","SBEC Core, Starter Company Plus & Summer Company","Economic Development & Culture","2025"
4711,"INDIVIDUAL X","1 of 1","Outside Toronto","Local","3000","SBEC Core, Starter Company Plus & Summer Company","Economic Development & Culture","2025"
4712,"INDIVIDUAL X","1 of 1","Scarborough-Rouge Park","Local","3000","SBEC Core, Starter Company Plus & Summer Company","Economic Development & Culture","2025"
4713,"INDIVIDUAL X","1 of 1","Scarborough-Rouge Park","Local","1500","SBEC Core, Starter Company Plus & Summer Company","Economic Development & Culture","2025"
4714,"INDIVIDUAL X","1 of 1","Toronto Centre","Local","3000","SBEC Core, Starter Company Plus & Summer Company","Economic Development & Culture","2025"
4715,"INDIVIDUAL X","1 of 1","Don Valley North","Local","3000","SBEC Core, Starter Company Plus & Summer Company","Economic Development & Culture","2025"
4716,"INDIVIDUAL X","1 of 1","Toronto Centre","Local","3000","SBEC Core, Starter Company Plus & Summer Company","Economic Development & Culture","2025"
4717,"INDIVIDUAL X","1 of 1","Scarborough North","Local","3000","SBEC Core, Starter Company Plus & Summer Company","Economic Development & Culture","2025"
4718,"INDIVIDUAL X","1 of 1","Parkdale-High Park","Local","3000","SBEC Core, Starter Company Plus & Summer Company","Economic Development & Culture","2025"
4719,"INDIVIDUAL X","1 of 1","Humber River-Black Creek","Local","1500","SBEC Core, Starter Company Plus & Summer Company","Economic Development & Culture","2025"
4720,"INDIVIDUAL X","1 of 1","Scarborough-Rouge Park","Local","1500","SBEC Core, Starter Company Plus & Summer Company","Economic Development & Culture","2025"
4721,"INDIVIDUAL X","1 of 1","Toronto Centre","Local","3000","SBEC Core, Starter Company Plus & Summer Company","Economic Development & Culture","2025"
4722,"INDIVIDUAL X","1 of 1","Davenport","Local","3000","SBEC Core, Starter Company Plus & Summer Company","Economic Development & Culture","2025"
4723,"INDIVIDUAL X","1 of 1","Spadina-Fort York","Local","1500","SBEC Core, Starter Company Plus & Summer Company","Economic Development & Culture","2025"
4724,"INDIVIDUAL X","1 of 1","Scarborough Centre","Local","3000","SBEC Core, Starter Company Plus & Summer Company","Economic Development & Culture","2025"
4725,"INDIVIDUAL X","1 of 1","Willowdale","Local","3000","SBEC Core, Starter Company Plus & Summer Company","Economic Development & Culture","2025"
4726,"INDIVIDUAL X","1 of 1","Don Valley North","Local","3000","SBEC Core, Starter Company Plus & Summer Company","Economic Development & Culture","2025"
4727,"INDIVIDUAL X","1 of 1","Don Valley West","Local","3000","SBEC Core, Starter Company Plus & Summer Company","Economic Development & Culture","2025"
4728,"INDIVIDUAL X","1 of 1","Toronto-Danforth","Local","1500","SBEC Core, Starter Company Plus & Summer Company","Economic Development & Culture","2025"
4729,"INDIVIDUAL X","1 of 1","Etobicoke Centre","Local","3000","SBEC Core, Starter Company Plus & Summer Company","Economic Development & Culture","2025"
4730,"INDIVIDUAL X","1 of 1","Parkdale-High Park","Local","3000","SBEC Core, Starter Company Plus & Summer Company","Economic Development & Culture","2025"
4731,"INDIVIDUAL X","1 of 1","Don Valley North","Local","3000","SBEC Core, Starter Company Plus & Summer Company","Economic Development & Culture","2025"
4732,"INDIVIDUAL X","1 of 1","Willowdale","Local","3000","SBEC Core, Starter Company Plus & Summer Company","Economic Development & Culture","2025"
4733,"INDIVIDUAL X","1 of 1","Scarborough Southwest","Local","3000","SBEC Core, Starter Company Plus & Summer Company","Economic Development & Culture","2025"
4734,"INDIVIDUAL X","1 of 1","Willowdale","Local","3000","SBEC Core, Starter Company Plus & Summer Company","Economic Development & Culture","2025"
4735,"INDIVIDUAL X","1 of 1","Eglinton-Lawrence","Local","3000","SBEC Core, Starter Company Plus & Summer Company","Economic Development & Culture","2025"
4736,"INDIVIDUAL X","1 of 1","Humber River-Black Creek","Local","1500","SBEC Core, Starter Company Plus & Summer Company","Economic Development & Culture","2025"
4737,"INDIVIDUAL X","1 of 1","Scarborough Centre","Local","3000","SBEC Core, Starter Company Plus & Summer Company","Economic Development & Culture","2025"
4738,"INDIVIDUAL X","1 of 1","Etobicoke-Lakeshore","Local","3000","SBEC Core, Starter Company Plus & Summer Company","Economic Development & Culture","2025"
4739,"INDIVIDUAL X","1 of 1","Scarborough Centre","Local","1500","SBEC Core, Starter Company Plus & Summer Company","Economic Development & Culture","2025"
4740,"INDIVIDUAL X","1 of 1","Outside Toronto","Local","3000","SBEC Core, Starter Company Plus & Summer Company","Economic Development & Culture","2025"
4741,"INDIVIDUAL X","1 of 1","York Centre","Local","3000","SBEC Core, Starter Company Plus & Summer Company","Economic Development & Culture","2025"
4742,"INDIVIDUAL X","1 of 1","Outside Toronto","Local","1526.4","Economic Development Services Event Sponsorships","Economic Development & Culture","2025"
4743,"INFORMA CANADA INC.","1 of 1","Eglinton-Lawrence","Local","12720","Economic Development Services Event Sponsorships","Economic Development & Culture","2025"
4744,"INGLEDODD MEDIA","1 of 1","Outside Toronto","Local","6831","Film and Creative Industries Event Sponsorships","Economic Development & Culture","2025"
4745,"INNOVATORS AND ENTREPRENEURS FOUNDATION","1 of 1","Etobicoke-Lakeshore","Local","18250","Business Incubation & Commercialization Grant","Economic Development & Culture","2025"
4746,"Inside Out Lesbian And Gay Film Festival Inc.","1 of 1","Spadina-Fort York","City Wide","55000","TAC","Toronto Arts Council","2025"
4747,"INSIDE OUT LESBIAN AND GAY FILM FESTIVAL INC.","1 of 2","Spadina-Fort York","Local","11500","Creative Industries Grant","Economic Development & Culture","2025"
4748,"INSIDE OUT LESBIAN AND GAY FILM FESTIVAL INC.","2 of 2","Spadina-Fort York","Local","55000","TAC Operating - Visual and Media Arts","Economic Development & Culture","2025"
4749,"Insomniac Film Festival","1 of 1","Davenport","City Wide","14500","TAC","Toronto Arts Council","2025"
4750,"INSOMNIAC FILM FESTIVAL","1 of 1","Davenport","Local","14500","TAC Project - Visual and Media Arts","Economic Development & Culture","2025"
4751,"Interaccess","1 of 1","Spadina-Fort York","City Wide","56000","TAC","Toronto Arts Council","2025"
4752,"INTERACCESS","1 of 1","Davenport","Local","18885","Community Celebration Support Fund","Economic Development & Culture","2025"
4753,"INTERACCESS","1 of 1","Spadina-Fort York","Local","56000","TAC Operating - Visual and Media Arts","Economic Development & Culture","2025"
4754,"INTERACTIVE ONTARIO INDUSTRY ASSOCIATION","1 of 1","Spadina-Fort York","Local","35616","Creative Industries Grant","Economic Development & Culture","2025"
4755,"INTERNATIONAL DOWNTOWN ASSOCIATION","1 of 1","Outside Toronto","Local","176286.76","BIA Capacity Development Grant","Economic Development & Culture","2025"
4756,"INTERNATIONAL MUSIC SOFTWARE TRADE ASSOCIATION","1 of 1","Scarborough Centre","Local","5000","Creative Industries Grant","Economic Development & Culture","2025"
4757,"INTERNATIONAL YOUTH CANADA","1 of 1","Scarborough-Agincourt","Local","20655","Special Events Stabilization Initiative","Economic Development & Culture","2025"
4758,"INTERSECTION MUSIC & ARTS","1 of 1","Toronto Centre","Local","13050","Cultural Festivals Funding Program","Economic Development & Culture","2025"
4759,"Ionview Net Zero Neighbours","1 of 1","Scarborough Centre, Scarborough Southwest","Local","7300","NCAG","Environment, Climate and Forestry","2025"
4760,"Ipsita Nova Dance Projects","1 of 1","Davenport","City Wide","36000","TAC","Toronto Arts Council","2025"
4761,"IPSITA NOVA DANCE PROJECTS INC.","1 of 2","Davenport","Local","20000","Community Celebration Support Fund","Economic Development & Culture","2025"
4762,"IPSITA NOVA DANCE PROJECTS INC.","2 of 2","Davenport","Local","36000","TAC Operating - Dance","Economic Development & Culture","2025"
4763,"IRANIAN FIRE FESTIVAL AND CELEBRATIONS COMMITTEE-ONTARIO","1 of 2","Don Valley North","Local","2662.5","Special Events Stabilization Initiative","Economic Development & Culture","2025"
4764,"IRANIAN FIRE FESTIVAL AND CELEBRATIONS COMMITTEE-ONTARIO","2 of 2","Don Valley North","Local","8000","Cultural Festivals Funding Program","Economic Development & Culture","2025"
4765,"Iranian Women's Organization of Ontario","1 of 1","Don Valley North","City Wide","44362.04","CSP","Social Development","2025"
4766,"ISABEL ZAW-TUN","1 of 1","Scarborough Centre","Local","8100","TAC Project - Indigenous Arts","Economic Development & Culture","2025"
4767,"ISKCON TORONTO","1 of 1","University-Rosedale","Local","11517.04","Special Events Stabilization Initiative","Economic Development & Culture","2025"
4768,"Island Public School","1 of 1","Spadina Fort-York","Local","1000","YCAG","Environment, Climate and Forestry","2025"
4769,"Islington Junior Middle School","1 of 5","Etobicoke-Lakeshore","Local","1000","YCAG","Environment, Climate and Forestry","2025"
4770,"Islington Junior Middle School","2 of 5","Etobicoke-Lakeshore","Local","1000","YCAG","Environment, Climate and Forestry","2025"
4771,"Islington Junior Middle School","3 of 5","Etobicoke-Lakeshore","Local","850","YCAG","Environment, Climate and Forestry","2025"
4772,"Islington Junior Middle School","4 of 5","Etobicoke-Lakeshore","Local","1000","YCAG","Environment, Climate and Forestry","2025"
4773,"Islington Junior Middle School","5 of 5","Etobicoke-Lakeshore","Local","1000","YCAG","Environment, Climate and Forestry","2025"
4774,"Islington Seniors' Centre","1 of 1","Etobicoke-Lakeshore","Neighbourhood","44790.86","CSP","Social Development","2025"
4775,"Ismailova Theatre Of Dance","1 of 1","York Centre","Local","25700","TAC","Toronto Arts Council","2025"
4776,"ISMAILOVA THEATRE OF DANCE","1 of 1","York Centre","Local","25700","TAC Project - Animating","Economic Development & Culture","2025"
4777,"ITALIAN CONTEMPORARY FILM FESTIVAL","1 of 1","University-Rosedale","Local","23587.5","Special Events Stabilization Initiative","Economic Development & Culture","2025"
4778,"ITALIAN CONTEMPORARY FILM FESTIVAL","1 of 1","Davenport","Local","5000","Film and Creative Industries Event Sponsorships","Economic Development & Culture","2025"
4779,"IT'S OK COMMUNITY ARTS","1 of 2","University-Rosedale","Local","9900","Cultural Hotspot","Economic Development & Culture","2025"
4780,"IT'S OK COMMUNITY ARTS","2 of 2","University-Rosedale","Local","4767","Arts and Culture Services Directed Grants","Economic Development & Culture","2025"
4781,"It's OK Community Arts (trustee for EastMind Collective)","1 of 1","Spadina-Fort York","Local","9900","CHS","Economic Development & Culture","2025"
4782,"IZAD ETEMADI","1 of 1","University-Rosedale","Local","5000","TAC Project - Theatre","Economic Development & Culture","2025"
4783,"J Mar Electric","1 of 1","Spadina-Fort York","Local","12760","TAC","Toronto Arts Council","2025"
4784,"J MAR ELECTRIC","1 of 1","Spadina-Fort York","Local","12760","TAC Project - Theatre","Economic Development & Culture","2025"
4785,"Jaberi Dance Theatre","1 of 1","Toronto-Danforth","City Wide","32500","TAC","Toronto Arts Council","2025"
4786,"JABERI DANCE THEATRE","1 of 1","Toronto-Danforth","Local","32500","TAC Operating - Dance","Economic Development & Culture","2025"
4787,"JACOB DALFEN-BROWN","1 of 1","University-Rosedale","Local","5000","TAC Project - Literary","Economic Development & Culture","2025"
4788,"JACQUELINE CHIA","1 of 1","Toronto-St. Paul’s","Local","5000","TAC Project - Literary","Economic Development & Culture","2025"
4789,"Jahzara (Youth-led)","1 of 1","Toronto Centre","Neighbourhood","5000","CCRF","Social Development","2025"
4790,"JALALABAD ASSOCIATION OF TORONTO","1 of 2","Scarborough Southwest","Local","8039.3","Special Events Stabilization Initiative","Economic Development & Culture","2025"
4791,"JALALABAD ASSOCIATION OF TORONTO","2 of 2","Scarborough Southwest","Local","5000","Cultural Festivals Funding Program","Economic Development & Culture","2025"
4792,"JALEBI QUEEN","1 of 1","Don Valley North","Local","5000","SBEC Core, Starter Company Plus & Summer Company","Economic Development & Culture","2025"
4793,"JAMERA DACOSTA","1 of 1","Scarborough-Agincourt","Local","13500","TAC Project - Black Arts","Economic Development & Culture","2025"
4794,"James Cardinal McGuigan Catholic High School","1 of 2","Humber River-Black Creek","Local","1000","YCAG","Environment, Climate and Forestry","2025"
4795,"James Cardinal McGuigan Catholic High School","2 of 2","Humber River-Black Creek","Local","1000","YCAG","Environment, Climate and Forestry","2025"
4796,"Jami Masjid Green Team","1 of 1","Parkdale-High Park","Local","4740","PTCG","Environment, Climate and Forestry","2025"
4797,"Jamii","1 of 1","Toronto Centre","Local","46000","TAC","Toronto Arts Council","2025"
4798,"JAMII ESPLANADE","1 of 2","Toronto Centre","Local","40000","Community Celebration Support Fund","Economic Development & Culture","2025"
4799,"JAMII ESPLANADE","2 of 2","Toronto Centre","Local","46000","TAC Operating - Creative Communities","Economic Development & Culture","2025"
4800,"JAMIYLA LOWE","1 of 1","University-Rosedale","Local","10000","TAC Project - Visual and Media Arts","Economic Development & Culture","2025"
4801,"Jane Alliance Neighbourhood Services (JANS) & Black Creek Youth Initiative","1 of 1","York South-Weston","Local","211163.35","YVP","Social Development","2025"
4802,"Jane Finch Centre & Think 2wice","1 of 1","Etobicoke North","Local","215694","YVP","Social Development","2025"
4803,"Jane/Finch Community & Family Centre","1 of 4","Humber River-Black Creek","Local","22000","CHS","Economic Development & Culture","2025"
4804,"JANE/FINCH COMMUNITY & FAMILY CENTRE","1 of 2","Humber River-Black Creek","Local","20000","Cultural Festivals Funding Program","Economic Development & Culture","2025"
4805,"JANE/FINCH COMMUNITY & FAMILY CENTRE","2 of 2","Humber River-Black Creek","Local","51300","Cultural Hotspot","Economic Development & Culture","2025"
4806,"Jane/Finch Community & Family Centre (trustee for Concrete Warriors","2 of 4","Humber River-Black Creek","Local","9900","CHS","Economic Development & Culture","2025"
4807,"Jane/Finch Community & Family Centre (trustee for New Wine)","4 of 4","Humber River-Black Creek","Local","9900","CHS","Economic Development & Culture","2025"
4808,"Jane/Finch Community & Family Centre (trustee for Rebeena Sudabar)","3 of 4","Humber River-Black Creek","Local","9900","CHS","Economic Development & Culture","2025"
4809,"Jane/Finch Community and Family Centre","1 of 1","Humber River-Black Creek","Local","216848.73","CSP","Social Development","2025"
4810,"JANE'S PARTY","1 of 1","Eglinton-Lawrence","Local","10000","TAC Project - Music","Economic Development & Culture","2025"
4811,"JAPANESE CANADIAN CULTURAL CENTRE","1 of 1","Don Valley East","Local","30000","Community Celebration Support Fund","Economic Development & Culture","2025"
4812,"Japanese Social Services","1 of 1","Don Valley East","City Wide","37947.41","CSP","Social Development","2025"
4813,"JASMINE KIARA","1 of 1","Beaches-East York","Local","10000","TAC Project - Music","Economic Development & Culture","2025"
4814,"JASMINE LIAW","1 of 1","University-Rosedale","Local","14000","TAC Project - Visual and Media Arts","Economic Development & Culture","2025"
4815,"JASON BAERG","1 of 1","Toronto-St. Paul’s","Local","10000","TAC Project - Indigenous Arts","Economic Development & Culture","2025"
4816,"JAYU","1 of 1","Spadina-Fort York","City Wide","53000","YCISI","Economic Development & Culture","2025"
4817,"Jayu Festival Inc.","1 of 1","Spadina-Fort York","City Wide","65000","TAC","Toronto Arts Council","2025"
4818,"JAYU FESTIVAL INC.","1 of 2","Spadina-Fort York","Local","53000","Youth Cultural Incubators Stabilization Initiative","Economic Development & Culture","2025"
4819,"JAYU FESTIVAL INC.","2 of 2","Spadina-Fort York","Local","65000","TAC Operating - Creative Communities","Economic Development & Culture","2025"
4820,"Jazz In Toronto","1 of 1","Parkdale-High Park","Local","7500","TAC","Toronto Arts Council","2025"
4821,"JAZZ IN TORONTO INC.","1 of 3","Parkdale-High Park","Local","7000","Creative Industries Grant","Economic Development & Culture","2025"
4822,"JAZZ IN TORONTO INC.","2 of 3","Parkdale-High Park","Local","5000","Film and Creative Industries Event Sponsorships","Economic Development & Culture","2025"
4823,"JAZZ IN TORONTO INC.","3 of 3","Parkdale-High Park","Local","7500","TAC Project - Music","Economic Development & Culture","2025"
4824,"JAZZMIN GRAY","1 of 1","Willowdale","Local","4000","TAC Project - Music","Economic Development & Culture","2025"
4825,"Jean Augustine Centre for Young Women's Empowerment","1 of 1","Etobicoke-Lakeshore","City Wide","35000","BMFF","Social Development","2025"
4826,"JEFFREY HALSTEAD","1 of 1","Scarborough Southwest","Local","9600","TAC Project - Visual and Media Arts","Economic Development & Culture","2025"
4827,"JEFFRY PAVLOPOULOS","1 of 1","York South-Weston","Local","15000","TAC Project - Visual and Media Arts","Economic Development & Culture","2025"
4828,"JEN AITKEN","1 of 1","Parkdale-High Park","Local","10000","TAC Project - Visual and Media Arts","Economic Development & Culture","2025"
4829,"Jeng Yi","2 of 2","Willowdale","City Wide","9375","TAC","Toronto Arts Council","2025"
4830,"Jeng Yi","1 of 2","Willowdale","Local","14800","TAC","Toronto Arts Council","2025"
4831,"JENG YI","1 of 2","Willowdale","Local","14800","TAC Project - Animating","Economic Development & Culture","2025"
4832,"JENG YI","2 of 2","Willowdale","Local","9375","TAC Project - Creative Communities","Economic Development & Culture","2025"
4833,"JENINE MARSH","1 of 1","Davenport","Local","10000","TAC Project - Visual and Media Arts","Economic Development & Culture","2025"
4834,"JENN FORGIE","1 of 1","Beaches-East York","Local","5000","TAC Project - Theatre","Economic Development & Culture","2025"
4835,"JERA WOLFE","1 of 1","Toronto Centre","Local","7500","TAC Project - Dance","Economic Development & Culture","2025"
4836,"JEREMY LAING","1 of 1","Toronto-St. Paul’s","Local","10000","TAC Project - Visual and Media Arts","Economic Development & Culture","2025"
4837,"JEREMY LEDBETTER","1 of 1","University-Rosedale","Local","10000","TAC Project - Music","Economic Development & Culture","2025"
4838,"JERMAINE HENRY","1 of 1","Beaches-East York","Local","6000","TAC Project - Creative Communities","Economic Development & Culture","2025"
4839,"JEROME FERGUSON-CUMSILLE","1 of 1","Spadina-Fort York","Local","5000","Film and Creative Industries Event Sponsorships","Economic Development & Culture","2025"
4840,"JESJIT GILL","1 of 1","Davenport","Local","18300","TAC Project - Animating","Economic Development & Culture","2025"
4841,"JESSICA RUNGE","1 of 1","Spadina-Fort York","Local","6500","TAC Project - Dance","Economic Development & Culture","2025"
4842,"Jessie's, The June Callwood Centre for Young Women","1 of 1","Toronto Centre","City Wide","28501.66","CSP","Social Development","2025"
4843,"JIJO QUAYSON","1 of 1","Spadina-Fort York","Local","4840","TAC Project - Black Arts","Economic Development & Culture","2025"
4844,"JINOOS TAGHIZADEH","1 of 1","Toronto-St. Paul’s","Local","15000","TAC Project - Newcomer and Refugee","Economic Development & Culture","2025"
4845,"JL WHITECROW","1 of 1","Parkdale-High Park","Local","6800","TAC Project - Indigenous Arts","Economic Development & Culture","2025"
4846,"JODY CHAN","1 of 1","University-Rosedale","Local","10000","TAC Project - Literary","Economic Development & Culture","2025"
4847,"JOEL NAGAHUEDI","1 of 1","Spadina-Fort York","Local","16000","TAC Project - Black Arts","Economic Development & Culture","2025"
4848,"JOHN SOUTHWORTH","1 of 1","Davenport","Local","10000","TAC Project - Music","Economic Development & Culture","2025"
4849,"JONATHAN HAMILTON","1 of 1","University-Rosedale","Local","7900","TAC Project - Black Arts","Economic Development & Culture","2025"
4850,"JORDAN SPARKS","1 of 1","Eglinton-Lawrence","Local","8000","TAC Project - Black Arts","Economic Development & Culture","2025"
4851,"JOSE MIGUEL ESTEBAN","1 of 1","Parkdale-High Park","Local","20000","TAC Project - Dance","Economic Development & Culture","2025"
4852,"Joseph Howe Senior Public School","1 of 1","Scarborough-Rouge Park","Local","1000","YCAG","Environment, Climate and Forestry","2025"
4853,"JOSEPH MURRAY & ASSOCIATES","1 of 1","Toronto-Danforth","Local","5000","SBEC Core, Starter Company Plus & Summer Company","Economic Development & Culture","2025"
4854,"JOYCE","1 of 1","Spadina-Fort York","Local","15000","TAC Project - Visual and Media Arts","Economic Development & Culture","2025"
4855,"JOYCE KELLY BRANDT DIAS PEREIRA","1 of 1","Davenport","Local","5000","TAC Project - Music","Economic Development & Culture","2025"
4856,"Joys","1 of 1","Davenport","City Wide","7000","TAC","Toronto Arts Council","2025"
4857,"JOYS","1 of 1","Davenport","Local","7000","TAC Project - Literary","Economic Development & Culture","2025"
4858,"Jrifters","1 of 1","Parkdale-High Park","City Wide","5073.75","TAC","Toronto Arts Council","2025"
4859,"JRIFTERS","1 of 1","Parkdale-High Park","Local","5073.75","TAC Project - Dance","Economic Development & Culture","2025"
4860,"Jubilate Singers","1 of 1","University-Rosedale","City Wide","6000","TAC","Toronto Arts Council","2025"
4861,"JUBILATE SINGERS","1 of 1","University-Rosedale","Local","6000","TAC Operating - Community Music Making","Economic Development & Culture","2025"
4862,"JUDY LUO","1 of 1","Don Valley North","Local","7500","TAC Project - Dance","Economic Development & Culture","2025"
4863,"JULIAN DE ZOTTI","1 of 1","Davenport","Local","10000","TAC Project - Theatre","Economic Development & Culture","2025"
4864,"JULIANA CARLEVARIS","1 of 2","Parkdale-High Park","Local","7500","Creative Industries Grant","Economic Development & Culture","2025"
4865,"JULIANA CARLEVARIS","2 of 2","Parkdale-High Park","Local","4000","Film and Creative Industries Event Sponsorships","Economic Development & Culture","2025"
4866,"JULIANN GARISTO","1 of 1","Toronto-Danforth","Local","5000","TAC Project - Literary","Economic Development & Culture","2025"
4867,"JULIE PHAN","1 of 1","Spadina-Fort York","Local","10000","TAC Project - Theatre","Economic Development & Culture","2025"
4868,"JULISA MARCEL","1 of 1","University-Rosedale","Local","12000","TAC Project - Black Arts","Economic Development & Culture","2025"
4869,"Jumblies Theatre","1 of 1","Spadina-Fort York","City Wide","105000","TAC","Toronto Arts Council","2025"
4870,"JUMBLIES THEATRE","1 of 1","Spadina-Fort York","Local","105000","TAC Operating - Creative Communities","Economic Development & Culture","2025"
4871,"JUMIC EMMA ANDERSON","1 of 1","Parkdale-High Park","Local","15000","TAC Project - Newcomer and Refugee","Economic Development & Culture","2025"
4872,"JUMOKE VERISSIMO","1 of 1","Beaches-East York","Local","10000","TAC Project - Literary","Economic Development & Culture","2025"
4873,"JUNCTION GARDENS BIA","1 of 1","Parkdale-High Park","Local","26980","Community Celebration Support Fund","Economic Development & Culture","2025"
4874,"Junction Reads","1 of 1","Etobicoke-Lakeshore","City Wide","4500","TAC","Toronto Arts Council","2025"
4875,"JUNCTION READS","1 of 1","Etobicoke-Lakeshore","Local","4500","TAC Project - Literary","Economic Development & Culture","2025"
4876,"Junction Triangle Centre for A Sharing Economy","1 of 1","Davenport","Local","6750.47","NCAG","Environment, Climate and Forestry","2025"
4877,"JUSTIN FRASER","1 of 1","Toronto Centre","Local","7500","TAC Project - Dance","Economic Development & Culture","2025"
4878,"K. ZIMMER","1 of 1","University-Rosedale","Local","10000","TAC Project - Literary","Economic Development & Culture","2025"
4879,"K.E. RESIDENTS","1 of 1","York South-Weston","Local","2000","Cultural Hotspot","Economic Development & Culture","2025"
4880,"Kababayan Community Service Centre Inc.","1 of 1","Parkdale-High Park","City Wide","43751.13","CSP","Social Development","2025"
4881,"KABABI PERSIAN CUISINE","1 of 1","Toronto-Danforth","Local","1979.76","CaféTO Grant","Economic Development & Culture","2025"
4882,"Kaeja D'Dance","1 of 1","University-Rosedale","City Wide","40000","TAC","Toronto Arts Council","2025"
4883,"KAEJA D'DANCE","1 of 1","University-Rosedale","Local","40000","TAC Operating - Dance","Economic Development & Culture","2025"
4884,"Kaha:Wi Dance Theatre","1 of 1","Toronto Centre","Local","50500","TAC","Toronto Arts Council","2025"
4885,"KAHA:WI DANCE THEATRE","1 of 1","Toronto Centre","Local","50500","TAC Operating - Dance","Economic Development & Culture","2025"
4886,"KALAINITHAN KALAICHELVAN","1 of 1","Spadina-Fort York","Local","15000","TAC Project - Visual and Media Arts","Economic Development & Culture","2025"
4887,"Kapisanan Philippine Centre For Arts & Culture","1 of 1","Parkdale-High Park","Local","6000","TAC","Toronto Arts Council","2025"
4888,"KAPISANAN PHILIPPINE CENTRE FOR ARTS & CULTURE","1 of 1","Parkdale-High Park","Local","6000","TAC Project - Creative Communities","Economic Development & Culture","2025"
4889,"KAREN MIRANDA AUGUSTINE","1 of 1","Spadina-Fort York","Local","5000","TAC Project - Literary","Economic Development & Culture","2025"
4890,"Kashedance","1 of 1","Toronto Centre","City Wide","20000","TAC","Toronto Arts Council","2025"
4891,"KASHEDANCE","1 of 1","Toronto Centre","Local","20000","TAC Operating - Black Arts","Economic Development & Culture","2025"
4892,"KASRA FARIDI","1 of 1","Eglinton-Lawrence","Local","15000","TAC Project - Newcomer and Refugee","Economic Development & Culture","2025"
4893,"KATE BROOKS","1 of 1","Toronto-St. Paul’s","Local","5000","TAC Project - Literary","Economic Development & Culture","2025"
4894,"KATE NANKERVIS","1 of 1","Davenport","Local","6800","TAC Project - Creative Communities","Economic Development & Culture","2025"
4895,"KATIA CAFE-FEBRISSY","1 of 1","Parkdale-High Park","Local","8000","TAC Project - Black Arts","Economic Development & Culture","2025"
4896,"KATIA FERDERBER","1 of 1","University-Rosedale","Local","10000","TAC Project - Indigenous Arts","Economic Development & Culture","2025"
4897,"KCWA Family and Social Services","1 of 1","Willowdale","City Wide","51693.05","CSP","Social Development","2025"
4898,"KEIRETSU FORUM CANADA","1 of 1","Spadina-Fort York","Local","5000","Business Incubation & Commercialization Grant","Economic Development & Culture","2025"
4899,"KEIRETSU FORUM CANADA","1 of 1","University-Rosedale","Local","15000","Business Incubation & Commercialization Grant","Economic Development & Culture","2025"
4900,"KENNY BAIRD","1 of 1","Parkdale-High Park","Local","10000","TAC Project - Indigenous Arts","Economic Development & Culture","2025"
4901,"KENSINGTON MARKET BIA","1 of 1","University-Rosedale","Local","23850","Community Celebration Support Fund","Economic Development & Culture","2025"
4902,"Kensington Market Jazz Festival","1 of 1","University-Rosedale","Local","12000","TAC","Toronto Arts Council","2025"
4903,"KENSINGTON MARKET JAZZ FESTIVAL","1 of 2","Spadina-Fort York","Local","7362.28","Special Events Stabilization Initiative","Economic Development & Culture","2025"
4904,"KENSINGTON MARKET JAZZ FESTIVAL","2 of 2","Spadina-Fort York","Local","15000","Cultural Festivals Funding Program","Economic Development & Culture","2025"
4905,"KENSINGTON MARKET JAZZ FESTIVAL","1 of 1","University-Rosedale","Local","12000","TAC Project - Music","Economic Development & Culture","2025"
4906,"Kensington School Council","1 of 1","University-Rosedale","Local","4446.46","PTCG","Environment, Climate and Forestry","2025"
4907,"Kenton Learning Centre","1 of 1","Willowdale","Local","1000","YCAG","Environment, Climate and Forestry","2025"
4908,"KEYRING MEDIA INC.","1 of 1","York South-Weston","Local","5000","SBEC Core, Starter Company Plus & Summer Company","Economic Development & Culture","2025"
4909,"KHALIL RANTISSI","1 of 1","Spadina-Fort York","Local","15000","TAC Project - Newcomer and Refugee","Economic Development & Culture","2025"
4910,"KIARASH DADGAR","1 of 1","Willowdale","Local","16000","TAC Project - Visual and Media Arts","Economic Development & Culture","2025"
4911,"Kick Start Arts","1 of 1","Don Valley West","Local","53000","YCISI","Economic Development & Culture","2025"
4912,"Kick Start Arts Society","1 of 1","Don Valley West","Local","12750","TAC","Toronto Arts Council","2025"
4913,"KICK START ARTS SOCIETY","1 of 2","Don Valley West","Local","53000","Youth Cultural Incubators Stabilization Initiative","Economic Development & Culture","2025"
4914,"KICK START ARTS SOCIETY","2 of 2","Don Valley West","Local","12750","TAC Project - Creative Communities","Economic Development & Culture","2025"
4915,"Kickback Foundation","1 of 1","Toronto-Danforth","City Wide","53000","YCISI","Economic Development & Culture","2025"
4916,"KIDS LOVE MAGIC SCHOOL","1 of 1","Don Valley East","Local","5000","SBEC Core, Starter Company Plus & Summer Company","Economic Development & Culture","2025"
4917,"Kids with Incarcerated Parents & YAAACE (Youth Association for Academics, Athletics, and Character Education)","1 of 1","Humber River-Black Creek","Local","213537.06","YVP","Social Development","2025"
4918,"KIERA BREAUGH","1 of 1","Spadina-Fort York","Local","7300","TAC Project - Dance","Economic Development & Culture","2025"
4919,"Kimberly J. Lopez","1 of 1","Eglinton-Lawrence","Local","5500","CHS","Economic Development & Culture","2025"
4920,"KINGSWAY BIA","1 of 1","Etobicoke-Lakeshore","Local","20655","Special Events Stabilization Initiative","Economic Development & Culture","2025"
4921,"KIRSTYN JOHNSON","1 of 1","Davenport","Local","10000","TAC Project - Music","Economic Development & Culture","2025"
4922,"Koffler Centre Of The Arts","1 of 1","Spadina-Fort York","City Wide","33300","TAC","Toronto Arts Council","2025"
4923,"KOFFLER CENTRE OF THE ARTS","1 of 1","Spadina-Fort York","Local","33300","TAC Operating - Visual and Media Arts","Economic Development & Culture","2025"
4924,"KOMI OLAF","1 of 1","Toronto Centre","Local","7350","TAC Project - Black Arts","Economic Development & Culture","2025"
4925,"KOREA TOWN BIA","1 of 2","University-Rosedale","Local","4623.75","Special Events Stabilization Initiative","Economic Development & Culture","2025"
4926,"KOREA TOWN BIA","2 of 2","University-Rosedale","Local","15000","Cultural Festivals Funding Program","Economic Development & Culture","2025"
4927,"KOREAN CANADIAN BUSINESS ASSOCIATION","1 of 1","Willowdale","Local","32686.33","Special Events Stabilization Initiative","Economic Development & Culture","2025"
4928,"Korean Dance Studies Society Of Canada","1 of 1","Don Valley East","Local","20000","TAC","Toronto Arts Council","2025"
4929,"KOREAN DANCE STUDIES SOCIETY OF CANADA","1 of 1","Don Valley East","Local","20000","TAC Operating - Dance","Economic Development & Culture","2025"
4930,"KOTHU FEST","1 of 2","Scarborough-Rouge Park","Local","5895","Special Events Stabilization Initiative","Economic Development & Culture","2025"
4931,"KOTHU FEST","2 of 2","Scarborough-Rouge Park","Local","5000","Creative Industries Grant","Economic Development & Culture","2025"
4932,"Kotiande Yomo","1 of 1","Scarborough-Rouge Park","Local","5500","CHS","Economic Development & Culture","2025"
4933,"KRISETTE SANTAMARIA DESIGNS","1 of 1","University-Rosedale","Local","5000","SBEC Core, Starter Company Plus & Summer Company","Economic Development & Culture","2025"
4934,"KRISTEN GRAY BOS","1 of 1","Toronto Centre","Local","9000","TAC Project - Indigenous Arts","Economic Development & Culture","2025"
4935,"KROMATIX","1 of 1","Scarborough North","Local","10000","TAC Project - Music","Economic Development & Culture","2025"
4936,"KUBLA","1 of 1","Davenport","Local","10000","TAC Project - Music","Economic Development & Culture","2025"
4937,"Kune Global Music","1 of 1","Davenport","City Wide","40000","TAC","Toronto Arts Council","2025"
4938,"KUNE GLOBAL MUSIC","1 of 1","Davenport","Local","40000","TAC Project - Innovation and Capacity Building","Economic Development & Culture","2025"
4939,"KYE MARSHALL","1 of 1","University-Rosedale","Local","10000","TAC Project - Music","Economic Development & Culture","2025"
4940,"KYO MACLEAR","1 of 1","Davenport","Local","10000","TAC Project - Literary","Economic Development & Culture","2025"
4941,"L’Amoreaux Youth Empowerment","1 of 1","Scarborough-Agincourt","Neighbourhood","5000","CCRF","Social Development","2025"
4942,"LA CARNITA QUEEN STREET INC.","1 of 1","Toronto-Danforth","Local","3495.66","CaféTO Grant","Economic Development & Culture","2025"
4943,"LA CHUPERIA INC. O/A LA CHUPERIA","1 of 1","University-Rosedale","Local","2765.96","CaféTO Grant","Economic Development & Culture","2025"
4944,"La Passerelle-I.D.É.","1 of 1","Toronto Centre","City Wide","82332.93","CSP","Social Development","2025"
4945,"Labyrinth Musical Workshop Ontario","1 of 1","Toronto-St. Paul's","City Wide","15000","TAC","Toronto Arts Council","2025"
4946,"LABYRINTH MUSICAL WORKSHOP ONTARIO","1 of 1","Toronto-St. Paul’s","Local","15000","TAC Project - Music","Economic Development & Culture","2025"
4947,"Lakeshore Area Multi-Service Project (LAMP)","1 of 1","Etobicoke-Lakeshore","Local","105030.87","CSP","Social Development","2025"
4948,"Lakeshore Arts","1 of 1","Etobicoke-Lakeshore","Local","420250","LASO","Economic Development & Culture","2025"
4949,"LAKESHORE ARTS COMMITTEE","1 of 2","Etobicoke-Lakeshore","Local","36000","Community Celebration Support Fund","Economic Development & Culture","2025"
4950,"LAKESHORE ARTS COMMITTEE","2 of 2","Etobicoke-Lakeshore","Local","323362","Local Arts Service Organizations","Economic Development & Culture","2025"
4951,"LAKESHORE VILLAGE BIA","1 of 1","Etobicoke-Lakeshore","Local","8581.96","Special Events Stabilization Initiative","Economic Development & Culture","2025"
4952,"Lal Inc.","1 of 1","Davenport","City Wide","9000","TAC","Toronto Arts Council","2025"
4953,"LAL INC.","1 of 1","Davenport","Local","9000","TAC Project - Music","Economic Development & Culture","2025"
4954,"LALA NOEL","1 of 1","Parkdale-High Park","Local","5000","TAC Project - Music","Economic Development & Culture","2025"
4955,"LAMP - LAKESHORE AREA MULTI-SE","1 of 1","Etobicoke-Lakeshore","Local","58430.740000000005","HPP","Toronto Shelter & Support Services","2025"
4956,"LANA LOVELL","1 of 1","Toronto-St. Paul’s","Local","15150","TAC Project - Black Arts","Economic Development & Culture","2025"
4957,"Lanor Junior Middle School","1 of 1","Etobicoke-Lakeshore","Local","1000","YCAG","Environment, Climate and Forestry","2025"
4958,"Lao Association of Ontario","1 of 1","York Centre","City Wide","40996.11","CSP","Social Development","2025"
4959,"LARDO TIPICO INC. O/A LARDO","1 of 1","Davenport","Local","5924.97","CaféTO Grant","Economic Development & Culture","2025"
4960,"LARRY'S CATCH SEAFOOD INC.","1 of 1","Davenport","Local","5000","SBEC Core, Starter Company Plus & Summer Company","Economic Development & Culture","2025"
4961,"Latin American Art Projects","1 of 1","Spadina-Fort York","City Wide","29000","TAC","Toronto Arts Council","2025"
4962,"LATIN AMERICAN ART PROJECTS","1 of 1","Spadina-Fort York","Local","29000","TAC Operating - Visual and Media Arts","Economic Development & Culture","2025"
4963,"Latvian Senior Citizens' Association","1 of 1","Don Valley East","City Wide","14603.28","CSP","Social Development","2025"
4964,"LAURA DEMERS DELORME","1 of 1","Parkdale-High Park","Local","10000","TAC Project - Visual and Media Arts","Economic Development & Culture","2025"
4965,"LAURA LANKIN INCORPORATED","1 of 1","Beaches-East York","Local","5000","SBEC Core, Starter Company Plus & Summer Company","Economic Development & Culture","2025"
4966,"LAURA MOORE","1 of 1","Davenport","Local","10000","TAC Project - Visual and Media Arts","Economic Development & Culture","2025"
4967,"LAUREN DILLEN","1 of 1","Davenport","Local","10000","TAC Project - Music","Economic Development & Culture","2025"
4968,"LAUREN HOLFEUER","1 of 1","Parkdale-High Park","Local","5000","TAC Project - Theatre","Economic Development & Culture","2025"
4969,"LAUREN WELCHNER","1 of 1","Spadina-Fort York","Local","10000","TAC Project - Theatre","Economic Development & Culture","2025"
4970,"LAURENT SOUVALLIER","1 of 1","Toronto-Danforth","Local","5000","TAC Project - Literary","Economic Development & Culture","2025"
4971,"LAWRENCE INGRAM KEELE BIA","1 of 1","York South-Weston","Local","25000","BIA Capacity Development Grant","Economic Development & Culture","2025"
4972,"Lawrence Park Collegiate Institute","1 of 1","Eglinton-Lawrence","Local","1000","YCAG","Environment, Climate and Forestry","2025"
4973,"Le Laboratoire D'Art","1 of 1","Spadina-Fort York","City Wide","24000","TAC","Toronto Arts Council","2025"
4974,"LE LABORATOIRE D'ART","1 of 1","Spadina-Fort York","Local","24000","TAC Operating - Visual and Media Arts","Economic Development & Culture","2025"
4975,"LE PETIT PAIN","1 of 1","Toronto-St. Paul’s","Local","5085","CaféTO Grant","Economic Development & Culture","2025"
4976,"Le ThÃ©Ã¢tre FranÃ§ais De Toronto","1 of 1","University-Rosedale","City Wide","118000","TAC","Toronto Arts Council","2025"
4977,"LE THÃ©Ã¢TRE FRANÃ§AIS DE TORONTO","1 of 1","University-Rosedale","Local","118000","TAC Operating - Theatre","Economic Development & Culture","2025"
4978,"Leaders for Tomorrow (Youth-Led)","1 of 1","Beaches-East York","Neighbourhood","5000","CCRF","Social Development","2025"
4979,"LEAF - Local Enhancement and Appreciation of Forests","1 of 3","Etobicoke North, Etobicoke Centre, York Centre, Toronto Centre, Scarborough Southwest","City Wide","57000","FOR","Environment, Climate and Forestry","2025"
4980,"LEAF - Local Enhancement and Appreciation of Forests","1 of 3","Etobicoke North, Etobicoke Centre, York Centre, Toronto Centre, Scarborough Southwest","City Wide","57000","FOR","Environment, Climate and Forestry","2025"
4981,"LEAF - Local Enhancement and Appreciation of Forests","2 of 3","Toronto-St. Paul's","City Wide","33500","FOR","Environment, Climate and Forestry","2025"
4982,"LEAF - Local Enhancement and Appreciation of Forests","3 of 3","Toronto-St. Paul's","City Wide","100000","FOR","Environment, Climate and Forestry","2025"
4983,"LEAF - Local Enhancement and Appreciation of Forests","2 of 3","Toronto-St. Paul's","City Wide","33500","FOR","Environment, Climate and Forestry","2025"
4984,"LEAF - Local Enhancement and Appreciation of Forests","3 of 3","Toronto-St. Paul's","City Wide","100000","FOR","Environment, Climate and Forestry","2025"
4985,"League Of Canadian Poets","1 of 1","University-Rosedale","City Wide","20900","TAC","Toronto Arts Council","2025"
4986,"LEAGUE OF CANADIAN POETS","1 of 1","University-Rosedale","Local","20900","TAC Operating - Literary","Economic Development & Culture","2025"
4987,"LEAH DOZ","1 of 1","University-Rosedale","Local","12500","TAC Project - Visual and Media Arts","Economic Development & Culture","2025"
4988,"LEAH SANCHEZ","1 of 1","Toronto-St. Paul’s","Local","6336","TAC Project - Creative Communities","Economic Development & Culture","2025"
4989,"Learning Disabilities Association of Toronto","1 of 1","Willowdale","City Wide","77862.65","CSP","Social Development","2025"
4990,"LEASIDE BUSINESS PARK ASSOCIATION","1 of 1","Don Valley West","Local","23652.6","Transit Construction Mitigation Fund","Economic Development & Culture","2025"
4991,"LEE LAWSON","1 of 1","Don Valley North","Local","19746","TAC Project - Visual and Media Arts","Economic Development & Culture","2025"
4992,"LEE SUKSI","1 of 1","Davenport","Local","10000","TAC Project - Literary","Economic Development & Culture","2025"
4993,"LEEAY AIKAWA","1 of 1","Parkdale-High Park","Local","10000","TAC Project - Visual and Media Arts","Economic Development & Culture","2025"
4994,"LEFT DESIGNS","1 of 1","Toronto Centre","Local","5000","SBEC Core, Starter Company Plus & Summer Company","Economic Development & Culture","2025"
4995,"LEGACY – TNG (Youth-led)","1 of 1","Toronto Centre","Local","2500","CCRF","Social Development","2025"
4996,"LEONILA VARZHEVSKA","1 of 1","Toronto-St. Paul’s","Local","15000","TAC Project - Newcomer and Refugee","Economic Development & Culture","2025"
4997,"Les Centres d'Accueil Heritage","1 of 1","Spadina-Fort York","City Wide","78896.53","CSP","Social Development","2025"
4998,"Lesbian Gay Bi Trans Youth Line","1 of 1","Toronto Centre","City Wide","55047.23","CSP","Social Development","2025"
4999,"LESLIE SHIMOTAKAHARA","1 of 1","Davenport","Local","10000","TAC Project - Literary","Economic Development & Culture","2025"
5000,"LESLIEVILLE BIA","1 of 1","Toronto-Danforth","Local","100000","Transit Construction Mitigation Fund","Economic Development & Culture","2025"
5001,"Lester B. Pearson Collegiate Institute","1 of 1","Scarborough North","Local","1000","YCAG","Environment, Climate and Forestry","2025"
5002,"Lester Trips (Theatre)","1 of 1","Toronto-St. Paul's","City Wide","15000","TAC","Toronto Arts Council","2025"
5003,"LESTER TRIPS (THEATRE)","1 of 1","Toronto-St. Paul’s","Local","15000","TAC Project - Theatre","Economic Development & Culture","2025"
5004,"Liaison Of Independent Filmmakers Of Toronto","1 of 1","Davenport","City Wide","88000","TAC","Toronto Arts Council","2025"
5005,"LIAISON OF INDEPENDENT FILMMAKERS OF TORONTO","1 of 1","Davenport","Local","88000","TAC Operating - Visual and Media Arts","Economic Development & Culture","2025"
5006,"LIBERTY VILLAGE BIA","1 of 5","Spadina-Fort York","Local","36021.25","Main Street Recovery & Rebuild Initiative","Economic Development & Culture","2025"
5007,"LIBERTY VILLAGE BIA","2 of 5","Spadina-Fort York","Local","20292.78","Special Events Stabilization Initiative","Economic Development & Culture","2025"
5008,"LIBERTY VILLAGE BIA","3 of 5","Spadina-Fort York","Local","7500","Cultural Festivals Funding Program","Economic Development & Culture","2025"
5009,"LIBERTY VILLAGE BIA","4 of 5","Spadina-Fort York","Local","94660.94","Transit Construction Mitigation Fund","Economic Development & Culture","2025"
5010,"LIBERTY VILLAGE BIA","5 of 5","Spadina-Fort York","Local","47000","Community Celebration Support Fund","Economic Development & Culture","2025"
5011,"Lifted by Purpose","1 of 1","Davenport","City Wide","40000","BMFF","Social Development","2025"
5012,"LIL SIS","1 of 1","Spadina-Fort York","City Wide","53000","YCISI","Economic Development & Culture","2025"
5013,"LIL SIS PERFORMING ARTS AND EDUCATION","1 of 1","Spadina-Fort York","Local","53000","Youth Cultural Incubators Stabilization Initiative","Economic Development & Culture","2025"
5014,"LILI ROBINSON","1 of 1","Parkdale-High Park","Local","5000","TAC Project - Theatre","Economic Development & Culture","2025"
5015,"LILLIAN NEÄ‡AKOV","1 of 1","Parkdale-High Park","Local","10000","TAC Project - Literary","Economic Development & Culture","2025"
5016,"LILY","1 of 1","University-Rosedale","Local","12400","TAC Project - Literary","Economic Development & Culture","2025"
5017,"LINA WU","1 of 1","University-Rosedale","Local","5000","TAC Project - Literary","Economic Development & Culture","2025"
5018,"LINDA CARTER","1 of 1","Etobicoke-Lakeshore","Local","24000","TAC Project - Animating","Economic Development & Culture","2025"
5019,"LINK HAUS","1 of 1","Toronto-Danforth","Local","5000","SBEC Core, Starter Company Plus & Summer Company","Economic Development & Culture","2025"
5020,"Link Music Lab","1 of 1","University-Rosedale","City Wide","8000","TAC","Toronto Arts Council","2025"
5021,"LINK MUSIC LAB INC.","1 of 2","University-Rosedale","Local","5000","Creative Industries Grant","Economic Development & Culture","2025"
5022,"LINK MUSIC LAB INC.","2 of 2","University-Rosedale","Local","8000","TAC Project - Music","Economic Development & Culture","2025"
5023,"LISTO CALISTO","1 of 1","Davenport","Local","5000","Creative Industries Grant","Economic Development & Culture","2025"
5024,"Little Deaths Salon","1 of 1","Davenport","City Wide","6700","TAC","Toronto Arts Council","2025"
5025,"LITTLE DEATHS SALON","1 of 1","Davenport","Local","6700","TAC Project - Literary","Economic Development & Culture","2025"
5026,"LITTLE ITALY BIA","1 of 3","University-Rosedale","Local","34000","Special Events Stabilization Initiative","Economic Development & Culture","2025"
5027,"LITTLE ITALY BIA","2 of 3","University-Rosedale","Local","9000","Cultural Festivals Funding Program","Economic Development & Culture","2025"
5028,"LITTLE ITALY BIA","3 of 3","University-Rosedale","Local","32000","Community Celebration Support Fund","Economic Development & Culture","2025"
5029,"Little Pear Garden Dance Company","1 of 1","Don Valley North","Local","24000","TAC","Toronto Arts Council","2025"
5030,"LITTLE PEAR GARDEN DANCE COMPANY","1 of 1","Don Valley North","Local","24000","TAC Operating - Dance","Economic Development & Culture","2025"
5031,"LITTLE PORTUGAL TORONTO BIA","1 of 2","Davenport","Local","63750","Special Events Stabilization Initiative","Economic Development & Culture","2025"
5032,"LITTLE PORTUGAL TORONTO BIA","2 of 2","Davenport","Local","22500","Cultural Festivals Funding Program","Economic Development & Culture","2025"
5033,"LITTLE SISTER INDONESIAN FOODBAR","1 of 1","Toronto-St. Paul’s","Local","3533","CaféTO Grant","Economic Development & Culture","2025"
5034,"LlalÃ­n Collective","1 of 1","Parkdale-High Park","Local","8000","TAC","Toronto Arts Council","2025"
5035,"LLALÃ­N COLLECTIVE","1 of 1","Parkdale-High Park","Local","8000","TAC Project - Creative Communities","Economic Development & Culture","2025"
5036,"LOFT COMMUNITY SERVICES","1 of 1","Toronto Centre","Local","765000","HIF","Toronto Shelter & Support Services","2025"
5037,"LONG BRANCH BIA","1 of 1","Etobicoke-Lakeshore","Local","10912.5","Special Events Stabilization Initiative","Economic Development & Culture","2025"
5038,"Long Branch Neighbourhood Association","1 of 1","Etobicoke-Lakeshore","Local","60000","FOR","Environment, Climate and Forestry","2025"
5039,"Long Branch Neighbourhood Association","1 of 1","Etobicoke-Lakeshore","Local","60000","FOR","Environment, Climate and Forestry","2025"
5040,"Long Winter","1 of 1","Davenport","City Wide","22000","TAC","Toronto Arts Council","2025"
5041,"LONG WINTER","1 of 1","Davenport","Local","22000","TAC Operating - Music","Economic Development & Culture","2025"
5042,"Lord Lansdowne Junior Public School","1 of 1","University-Rosedale","Local","1000","YCAG","Environment, Climate and Forestry","2025"
5043,"Loretto Abbey Catholic Secondary School","1 of 1","Eglinton-Lawrence","Local","990.23","YCAG","Environment, Climate and Forestry","2025"
5044,"Los Variants","1 of 1","Parkdale-High Park","Local","7500","TAC","Toronto Arts Council","2025"
5045,"LOS VARIANTS","1 of 1","Parkdale-High Park","Local","7500","TAC Project - Music","Economic Development & Culture","2025"
5046,"LOUIS LABERGE-COTE","1 of 1","Toronto Centre","Local","8400","TAC Project - Dance","Economic Development & Culture","2025"
5047,"Love Music Initiative Inc.","1 of 1","York Centre","Local","17500","TAC","Toronto Arts Council","2025"
5048,"LOVE MUSIC INITIATIVE INC.","1 of 1","York Centre","Local","17500","TAC Project - Animating","Economic Development & Culture","2025"
5049,"LOVE SCARBOROUGH ORGANIZATION","1 of 2","Scarborough-Agincourt","Local","30000","Community Celebration Support Fund","Economic Development & Culture","2025"
5050,"LOVE SCARBOROUGH ORGANIZATION","2 of 2","Scarborough-Agincourt","Local","10000","Strategic Policy and Management Services  Event Sponsorships","Economic Development & Culture","2025"
5051,"Lovers of Planet Earth","1 of 1","Don Valley East","Local","7150","NCAG","Environment, Climate and Forestry","2025"
5052,"LOVINA YAVARI","1 of 1","Parkdale-High Park","Local","12500","TAC Project - Visual and Media Arts","Economic Development & Culture","2025"
5053,"Loyola Arrupe Centre for Seniors","1 of 1","Davenport","City Wide","28572.17","CSP","Social Development","2025"
5054,"Lua Shayenne Dance Company","1 of 1","Toronto-Danforth","City Wide","45000","TAC","Toronto Arts Council","2025"
5055,"LUA SHAYENNE DANCE COMPANY","1 of 1","Toronto-Danforth","Local","45000","TAC Operating - Black Arts","Economic Development & Culture","2025"
5056,"LUCAS SILVEIRA","1 of 1","University-Rosedale","Local","10000","TAC Project - Music","Economic Development & Culture","2025"
5057,"Lucy McCormick SS","1 of 1","Parkdale-High Park","Local","5000","PTCG","Environment, Climate and Forestry","2025"
5058,"LUIS JACOB","1 of 1","Parkdale-High Park","Local","10000","TAC Project - Visual and Media Arts","Economic Development & Culture","2025"
5059,"LUKE WELCH","1 of 1","Parkdale-High Park","Local","8000","TAC Project - Black Arts","Economic Development & Culture","2025"
5060,"LULA IMAM","1 of 1","Spadina-Fort York","Local","4275","TAC Project - Black Arts","Economic Development & Culture","2025"
5061,"Lula Music And Arts Centre","1 of 1","Davenport","Local","82000","TAC","Toronto Arts Council","2025"
5062,"LULA MUSIC AND ARTS CENTRE","1 of 1","Davenport","Local","82000","TAC Operating - Music","Economic Development & Culture","2025"
5063,"Lumacare Services","1 of 1","Humber River-Black Creek","City Wide","125598.73","CSP","Social Development","2025"
5064,"Luminato Festival Toronto","1 of 1","Spadina-Fort York","City Wide","5500","CHS","Economic Development & Culture","2025"
5065,"LUWAM TEKESTE","1 of 1","York Centre","Local","17305","TAC Project - Black Arts","Economic Development & Culture","2025"
5066,"LYDIA ONAGORUWA","1 of 1","Parkdale-High Park","Local","7200","TAC Project - Black Arts","Economic Development & Culture","2025"
5067,"LYDIA PERSAUD","1 of 1","Parkdale-High Park","Local","5000","TAC Project - Music","Economic Development & Culture","2025"
5068,"Mabelle Arts","1 of 1","Davenport","City Wide","50000","TAC","Toronto Arts Council","2025"
5069,"Mabelle Arts","1 of 1","Davenport","Local","10500","YCISI","Economic Development & Culture","2025"
5070,"MABELLE ARTS","1 of 1","Davenport","Local","50000","TAC Operating - Creative Communities","Economic Development & Culture","2025"
5071,"MABELLEARTS","1 of 1","Davenport","Local","10500","Youth Cultural Incubators Stabilization Initiative","Economic Development & Culture","2025"
5072,"Madonnanera","1 of 1","York South-Weston","Local","15000","TAC","Toronto Arts Council","2025"
5073,"MADONNANERA","1 of 1","York South-Weston","Local","15000","TAC Project - Theatre","Economic Development & Culture","2025"
5074,"MAFA MAKHUBALO","1 of 1","Etobicoke Centre","Local","6000","TAC Project - Dance","Economic Development & Culture","2025"
5075,"MAGIDA EL-KASSIS","1 of 1","Davenport","Local","10000","TAC Project - Visual and Media Arts","Economic Development & Culture","2025"
5076,"MAHDI ROSTAMI LORESTANI","1 of 1","Willowdale","Local","15000","TAC Project - Newcomer and Refugee","Economic Development & Culture","2025"
5077,"MAHMOUD SCHRICKER","1 of 1","University-Rosedale","Local","8000","TAC Project - Music","Economic Development & Culture","2025"
5078,"MAI NGUYEN","1 of 1","Toronto Centre","Local","10000","TAC Project - Literary","Economic Development & Culture","2025"
5079,"Makers' Collective","1 of 1","Scarborough-Guildwood","Local","5500","CHS","Economic Development & Culture","2025"
5080,"MAKEWAY CHARITABLE SOCIETY-EAST SCARB. STOREFRONT","1 of 1","Scarborough-Guildwood","Local","5000","Cultural Hotspot","Economic Development & Culture","2025"
5081,"MAKRAM AYACHE","1 of 1","Toronto Centre","Local","10000","TAC Project - Theatre","Economic Development & Culture","2025"
5082,"MALIIK","1 of 1","York South-Weston","Local","12300","TAC Project - Black Arts","Economic Development & Culture","2025"
5083,"MALIK NEVERSON","1 of 1","Scarborough-Guildwood","Local","4000","TAC Project - Music","Economic Development & Culture","2025"
5084,"MALIK ZAHNTEH NEHGAHRAY","1 of 1","Davenport","Local","4000","TAC Project - Music","Economic Development & Culture","2025"
5085,"Malvern Family Resource Centre","1 of 5","Scarborough-Rouge Park","Local","252450.06","CSP","Social Development","2025"
5086,"Malvern Family Resource Centre","2 of 5","Scarborough-Rouge Park","Local","42000","LLG","Social Development","2025"
5087,"Malvern Family Resource Centre","3 of 5","Scarborough-Rouge Park","Local","6000","LLG","Social Development","2025"
5088,"MALVERN FAMILY RESOURCE CENTRE","1 of 1","Scarborough-Rouge Park","Local","5500","Cultural Hotspot","Economic Development & Culture","2025"
5089,"Malvern Family Resource Centre","4 of 5","Scarborough-Rouge Park","Local","161770.5","CSP","Social Development","2025"
5090,"Malvern Family Resource Centre","5 of 5","Scarborough-Rouge Park","Local","161770.5","CSP","Social Development","2025"
5091,"Malvern Foundations","1 of 1","Scarborough North","Neighbourhood","4994.61","CCRF","Social Development","2025"
5092,"MAMIC ITOUA","1 of 1","Beaches-East York","Local","7700","TAC Project - Black Arts","Economic Development & Culture","2025"
5093,"Mammalian Diving Reflex Theatre Group","2 of 2","Spadina-Fort York","City Wide","22500","TAC","Toronto Arts Council","2025"
5094,"Mammalian Diving Reflex Theatre Group","1 of 2","Spadina-Fort York","City Wide","25625","TAC","Toronto Arts Council","2025"
5095,"MAMMALIAN DIVING REFLEX THEATRE GROUP","1 of 2","Spadina-Fort York","Local","25625","TAC Operating - Theatre","Economic Development & Culture","2025"
5096,"MAMMALIAN DIVING REFLEX THEATRE GROUP","2 of 2","Spadina-Fort York","Local","22500","TAC Project - Animating","Economic Development & Culture","2025"
5097,"Many Green Hands","1 of 1","Humber River-Black Creek","Local","4600","PTCG","Environment, Climate and Forestry","2025"
5098,"MANY ROADS PURVEYORS INC.","1 of 1","Don Valley West","Local","5000","SBEC Core, Starter Company Plus & Summer Company","Economic Development & Culture","2025"
5099,"MAPU","1 of 1","Toronto-Danforth","Local","13200","TAC Project - Animating","Economic Development & Culture","2025"
5100,"Maracatu Mar Aberto","1 of 1","Davenport","City Wide","11250","TAC","Toronto Arts Council","2025"
5101,"MARACATU MAR ABERTO","1 of 1","Davenport","Local","11250","TAC Project - Creative Communities","Economic Development & Culture","2025"
5102,"MARC EID","1 of 1","Toronto Centre","Local","15000","TAC Project - Newcomer and Refugee","Economic Development & Culture","2025"
5103,"MARGARETS HOUSING AND COMMUNIT","1 of 1","Toronto-Danforth","Local","101753.12","HPP","Toronto Shelter & Support Services","2025"
5104,"MARIA ESCOLAN","1 of 1","Toronto-St. Paul’s","Local","5000","TAC Project - Theatre","Economic Development & Culture","2025"
5105,"MARISA COULTON","1 of 1","Spadina-Fort York","Local","5000","TAC Project - Literary","Economic Development & Culture","2025"
5106,"MARISSA MAGNESON","1 of 1","Toronto-St. Paul’s","Local","10000","TAC Project - Visual and Media Arts","Economic Development & Culture","2025"
5107,"MARK EID","1 of 1","Toronto Centre","Local","15000","TAC Project - Visual and Media Arts","Economic Development & Culture","2025"
5108,"MARK GERONIMO COLLANTES","1 of 1","University-Rosedale","Local","4618.5","TAC Project - Dance","Economic Development & Culture","2025"
5109,"MARK ZUBEK","1 of 1","Toronto-Danforth","Local","5000","TAC Project - Music","Economic Development & Culture","2025"
5110,"MARLINE YAN","1 of 1","Spadina-Fort York","Local","5000","TAC Project - Theatre","Economic Development & Culture","2025"
5111,"Marshall McLulan Catholic Secondary School","1 of 1","Eglinton-Lawrence","Local","900","YCAG","Environment, Climate and Forestry","2025"
5112,"MARTA BALCEWICZ","1 of 1","University-Rosedale","Local","10000","TAC Project - Literary","Economic Development & Culture","2025"
5113,"Mary Ward Catholic Secondary School","1 of 1","Scarborough Agincourt","Local","1000","YCAG","Environment, Climate and Forestry","2025"
5114,"MAYTHAM JBARA","1 of 1","University-Rosedale","Local","14500","TAC Project - Visual and Media Arts","Economic Development & Culture","2025"
5115,"Mayworks Festival","1 of 1","University-Rosedale","City Wide","50750","TAC","Toronto Arts Council","2025"
5116,"MAYWORKS FESTIVAL","1 of 1","University-Rosedale","Local","50750","TAC Operating - Creative Communities","Economic Development & Culture","2025"
5117,"MC CANADA INC. O/A NORD LYON","1 of 1","Spadina-Fort York","Local","7147.25","CaféTO Grant","Economic Development & Culture","2025"
5118,"M-Do","1 of 1","Spadina-Fort York","Local","7500","TAC","Toronto Arts Council","2025"
5119,"M-DO","1 of 1","Spadina-Fort York","Local","7500","TAC Project - Dance","Economic Development & Culture","2025"
5120,"MDZ (Youth-led)","1 of 2","Spadina-Fort York","Local","5000","CCRF","Social Development","2025"
5121,"MDZ Productions","2 of 2","Spadina-Fort York","Neighbourhood","17000","INI","Social Development","2025"
5122,"Media Arts Network Of Ontario","1 of 1","Davenport","City Wide","20000","TAC","Toronto Arts Council","2025"
5123,"MEDIA ARTS NETWORK OF ONTARIO","1 of 1","Davenport","Local","20000","TAC Operating - Visual and Media Arts","Economic Development & Culture","2025"
5124,"MELANIN MARKET INCORPORATED","1 of 1","Toronto-Danforth","Local","3000","Dining District Grant Program","Economic Development & Culture","2025"
5125,"Mena Collective","1 of 1","Toronto Centre","City Wide","15000","TAC","Toronto Arts Council","2025"
5126,"MENA COLLECTIVE","1 of 1","Toronto Centre","Local","15000","TAC Project - Theatre","Economic Development & Culture","2025"
5127,"Mercer Union, A Centre For Contemporary Visual Art","1 of 1","Davenport","City Wide","80000","TAC","Toronto Arts Council","2025"
5128,"MERCER UNION, A CENTRE FOR CONTEMPORARY VISUAL ART","1 of 1","Davenport","Local","80000","TAC Operating - Visual and Media Arts","Economic Development & Culture","2025"
5129,"METRIX MARKETING LTD.","1 of 1","Spadina-Fort York","Local","5000","SBEC Core, Starter Company Plus & Summer Company","Economic Development & Culture","2025"
5130,"Metropolitan Action Committee on Violence Against Women and Children (METRAC: Action on Violence)","1 of 1","University-Rosedale","City Wide","400621.14","CSP","Social Development","2025"
5131,"MEUI","1 of 1","Spadina-Fort York","Local","5000","SBEC Core, Starter Company Plus & Summer Company","Economic Development & Culture","2025"
5132,"MEXICAN DAY TORONTO","1 of 1","Etobicoke Centre","Local","9081.27","Special Events Stabilization Initiative","Economic Development & Culture","2025"
5133,"MIA BUONO","1 of 1","Etobicoke Centre","Local","11102","TAC Project - Animating","Economic Development & Culture","2025"
5134,"MIC JONES","1 of 1","Davenport","Local","5000","TAC Project - Literary","Economic Development & Culture","2025"
5135,"MICHAEL ALBERT","1 of 1","Spadina-Fort York","Local","10000","TAC Project - Theatre","Economic Development & Culture","2025"
5136,"MICHAEL THOMPSON","1 of 1","Parkdale-High Park","Local","10000","TAC Project - Visual and Media Arts","Economic Development & Culture","2025"
5137,"MICHELLE LINARES","1 of 1","Spadina-Fort York","Local","10950","TAC Project - Black Arts","Economic Development & Culture","2025"
5138,"MICK ROBERTSON","1 of 1","Toronto-Danforth","Local","15000","TAC Project - Visual and Media Arts","Economic Development & Culture","2025"
5139,"MID LIFE INC.","1 of 1","Don Valley East","Local","1556.1","CaféTO Grant","Economic Development & Culture","2025"
5140,"Midaynta Community Services","1 of 1","Etobicoke Centre","Local","35000","BMFF","Social Development","2025"
5141,"MIDAYNTA COMMUNITY SERVICES","1 of 1","Etobicoke North","Local","18000","Cultural Festivals Funding Program","Economic Development & Culture","2025"
5142,"MIDORI PRODUCTS INC.","1 of 1","Scarborough North","Local","5000","SBEC Core, Starter Company Plus & Summer Company","Economic Development & Culture","2025"
5143,"MIDTOWN YONGE BIA","1 of 3","Toronto-St. Paul’s","Local","19456.28","Main Street Recovery & Rebuild Initiative","Economic Development & Culture","2025"
5144,"MIDTOWN YONGE BIA","2 of 3","Toronto-St. Paul’s","Local","49350.81","Transit Construction Mitigation Fund","Economic Development & Culture","2025"
5145,"MIDTOWN YONGE BIA","3 of 3","Toronto-St. Paul’s","Local","30000","Community Celebration Support Fund","Economic Development & Culture","2025"
5146,"Midynta & Mending a Crack in the Sky","1 of 1","York South-Weston","Local","215694","YVP","Social Development","2025"
5147,"MIKE EVIN","1 of 1","Davenport","Local","10000","TAC Project - Music","Economic Development & Culture","2025"
5148,"MINA WANG ZHOU","1 of 1","University-Rosedale","Local","9706","TAC Project - Literary","Economic Development & Culture","2025"
5149,"MINDFULLY SPEAKING","1 of 1","Scarborough-Rouge Park","Local","5000","SBEC Core, Starter Company Plus & Summer Company","Economic Development & Culture","2025"
5150,"MINGZHE ZHOU","1 of 1","Spadina-Fort York","Local","15000","TAC Project - Newcomer and Refugee","Economic Development & Culture","2025"
5151,"MINWOO LEE","1 of 1","Willowdale","Local","10000","TAC Project - Visual and Media Arts","Economic Development & Culture","2025"
5152,"MIO SAKAMOTO","1 of 1","Spadina-Fort York","Local","10000","TAC Project - Art Reach","Economic Development & Culture","2025"
5153,"MIRANDA MORRIS","1 of 1","Davenport","Local","5000","TAC Project - Literary","Economic Development & Culture","2025"
5154,"MIRANDA NEWMAN","1 of 1","Davenport","Local","10000","TAC Project - Literary","Economic Development & Culture","2025"
5155,"Mixed Company Theatre","1 of 1","Toronto-St. Paul's","City Wide","18825","TAC","Toronto Arts Council","2025"
5156,"MIXED COMPANY THEATRE","1 of 1","Toronto-St. Paul’s","Local","18825","TAC Operating - Creative Communities","Economic Development & Culture","2025"
5157,"MOBILIZING FOR IMPACT","1 of 1","Toronto Centre","Neighbourhood","17000","INI","Social Development","2025"
5158,"Modern Batik Couture","1 of 1","York Centre","Local","15000","TAC","Toronto Arts Council","2025"
5159,"MODERN BATIK COUTURE","1 of 1","York Centre","Local","15000","TAC Project - Creative Communities","Economic Development & Culture","2025"
5160,"Modern Times Stage Company","1 of 1","Spadina-Fort York","City Wide","45100","TAC","Toronto Arts Council","2025"
5161,"MODERN TIMES STAGE COMPANY","1 of 1","Spadina-Fort York","Local","45100","TAC Operating - Theatre","Economic Development & Culture","2025"
5162,"MOHAMMAD REIHANI","1 of 1","York Centre","Local","10000","TAC Project - Music","Economic Development & Culture","2025"
5163,"MOHSEN JAMAL","1 of 1","Davenport","Local","10000","TAC Project - Visual and Media Arts","Economic Development & Culture","2025"
5164,"Momiji Health Care Society","1 of 1","Scarborough-Guildwood","City Wide","46746.97","CSP","Social Development","2025"
5165,"Momxwyfe","1 of 1","Parkdale-High Park","Local","14980","TAC","Toronto Arts Council","2025"
5166,"MOMXWYFE","1 of 1","Parkdale-High Park","Local","14980","TAC Project - Art Reach","Economic Development & Culture","2025"
5167,"Monarch Park Collegiate Institute","1 of 1","Toronto-Danforth","Local","1000","YCAG","Environment, Climate and Forestry","2025"
5168,"MONICA COSMETIC SUPPLIES LIMIT O/A MONICA'S COSMETIC SUPPLY","1 of 1","Toronto-St. Paul’s","Local","20000","Main Street Recovery & Rebuild Initiative","Economic Development & Culture","2025"
5169,"Mood Disorders Association of Ontario and Toronto","1 of 1","Eglinton-Lawrence","City Wide","22786.06","CSP","Social Development","2025"
5170,"Moonhorse Dance Theatre","1 of 1","Toronto Centre","City Wide","26000","TAC","Toronto Arts Council","2025"
5171,"MOONHORSE DANCE THEATRE","1 of 1","Toronto Centre","Local","26000","TAC Operating - Dance","Economic Development & Culture","2025"
5172,"Moonpools Art","1 of 1","Davenport","Local","8000","TAC","Toronto Arts Council","2025"
5173,"MOONPOOLS ART","1 of 1","Davenport","Local","8000","TAC Project - Creative Communities","Economic Development & Culture","2025"
5174,"MORGRIDGE FOUNDATION CENTER","1 of 1","Scarborough Southwest","Local","5000","Creative Industries Grant","Economic Development & Culture","2025"
5175,"MORTEZA HODAEI","1 of 1","Toronto-St. Paul’s","Local","8000","TAC Project - Visual and Media Arts","Economic Development & Culture","2025"
5176,"MOSTAFA AL-A'SAR","1 of 1","Toronto-St. Paul’s","Local","10000","TAC Project - Literary","Economic Development & Culture","2025"
5177,"MOTZIE DAPUL","1 of 1","Toronto Centre","Local","15000","TAC Project - Visual and Media Arts","Economic Development & Culture","2025"
5178,"MOUNT DENNIS BIA","1 of 2","York South-Weston","Local","50000","Transit Construction Mitigation Fund","Economic Development & Culture","2025"
5179,"MOUNT DENNIS BIA","2 of 2","York South-Weston","Local","62500","BIA Capacity Development Grant","Economic Development & Culture","2025"
5180,"MOUNT PLEASANT VILLAGE BIA","1 of 3","Toronto-St. Paul’s","Local","6703.22","Main Street Recovery & Rebuild Initiative","Economic Development & Culture","2025"
5181,"MOUNT PLEASANT VILLAGE BIA","2 of 3","Toronto-St. Paul’s","Local","49614.4","Transit Construction Mitigation Fund","Economic Development & Culture","2025"
5182,"MOUNT PLEASANT VILLAGE BIA","3 of 3","Toronto-St. Paul’s","Local","9935","Community Celebration Support Fund","Economic Development & Culture","2025"
5183,"MOZE MOSSANEN","1 of 1","Toronto Centre","Local","15000","TAC Project - Visual and Media Arts","Economic Development & Culture","2025"
5184,"MP COFFEE BAR INC.","1 of 1","University-Rosedale","Local","4755.5","CaféTO Grant","Economic Development & Culture","2025"
5185,"Mur/All","1 of 1","Spadina-Fort York","Local","8000","TAC","Toronto Arts Council","2025"
5186,"MUR/ALL","1 of 1","Spadina-Fort York","Local","8000","TAC Project - Creative Communities","Economic Development & Culture","2025"
5187,"Mural Routes Inc.","1 of 1","Scarborough Southwest","City Wide","52000","TAC","Toronto Arts Council","2025"
5188,"MURAL ROUTES INC.","1 of 1","Scarborough Southwest","Local","52000","TAC Operating - Creative Communities","Economic Development & Culture","2025"
5189,"MURR","1 of 1","Davenport","Local","8000","TAC Project - Music","Economic Development & Culture","2025"
5190,"MUSEUM OF CONTEMPORARY ART TORONTO CANADA","1 of 1","Davenport","Local","497094","Cultural Organization Operating Partnership","Economic Development & Culture","2025"
5191,"MUSIC AFRICA OF CANADA INC.","1 of 1","York Centre","Local","36000","Special Events Stabilization Initiative","Economic Development & Culture","2025"
5192,"Music Around The Corner","1 of 1","Parkdale-High Park","City Wide","3000","TAC","Toronto Arts Council","2025"
5193,"MUSIC AROUND THE CORNER","1 of 1","Parkdale-High Park","Local","3000","TAC Project - Music","Economic Development & Culture","2025"
5194,"Music From Hope","1 of 1","Toronto-Danforth","City Wide","11700","TAC","Toronto Arts Council","2025"
5195,"MUSIC FROM HOPE","1 of 1","Toronto-Danforth","Local","11700","TAC Project - Creative Communities","Economic Development & Culture","2025"
5196,"Music In The Heights","1 of 1","Eglinton-Lawrence","Local","10000","TAC","Toronto Arts Council","2025"
5197,"MUSIC IN THE HEIGHTS","1 of 1","Eglinton-Lawrence","Local","10000","TAC Project - Art Reach","Economic Development & Culture","2025"
5198,"MUSIC MANAGERS FORUM CANADA","1 of 1","Toronto Centre","Local","20000","Creative Industries Grant","Economic Development & Culture","2025"
5199,"Music Toronto","1 of 1","Toronto-St. Paul's","City Wide","56745","TAC","Toronto Arts Council","2025"
5200,"MUSIC TORONTO","1 of 1","Toronto-St. Paul’s","Local","56745","TAC Operating - Music","Economic Development & Culture","2025"
5201,"Musiclinks Community","1 of 1","York South-Weston","Local","40000","BMFF","Social Development","2025"
5202,"MUSICONTARIO","1 of 2","Spadina-Fort York","Local","10000","SBEC Core, Starter Company Plus & Summer Company","Economic Development & Culture","2025"
5203,"MUSICONTARIO","2 of 2","Spadina-Fort York","Local","43000","Creative Industries Grant","Economic Development & Culture","2025"
5204,"MWNYE - Muslim Women of North York & Etobicoke","1 of 1","York Centre, Etobicoke-Lakeshore, York South-Weston","Local","17000","INI","Social Development","2025"
5205,"My Brothers Keeper Parkdale","1 of 1","Davenport","Local","40000","BMFF","Social Development","2025"
5206,"MY DORM STORE INC.","1 of 1","Spadina-Fort York","Local","5000","SBEC Core, Starter Company Plus & Summer Company","Economic Development & Culture","2025"
5207,"Myuri Srikugan And Alicia Reid","1 of 1","Scarborough-Guildwood","Local","10000","TAC","Toronto Arts Council","2025"
5208,"MYURI SRIKUGAN AND ALICIA REID","1 of 1","Scarborough-Guildwood","Local","10000","TAC Project - Art Reach","Economic Development & Culture","2025"
5209,"NADJA LUBIW-HAZARD","1 of 1","Toronto-Danforth","Local","10000","TAC Project - Literary","Economic Development & Culture","2025"
5210,"Nagata Shachu Japanese Taiko And Music Group","1 of 2","Scarborough North","City Wide","34000","TAC","Toronto Arts Council","2025"
5211,"Nagata Shachu Japanese Taiko And Music Group","2 of 2","Scarborough North","Local","20952","TAC","Toronto Arts Council","2025"
5212,"NAGATA SHACHU JAPANESE TAIKO AND MUSIC GROUP","1 of 2","Scarborough North","Local","34000","TAC Operating - Music","Economic Development & Culture","2025"
5213,"NAGATA SHACHU JAPANESE TAIKO AND MUSIC GROUP","2 of 2","Scarborough North","Local","20952","TAC Project - Animating","Economic Development & Culture","2025"
5214,"NAIOP INC.","1 of 1","Outside Toronto","Local","13790","Economic Development Services Event Sponsorships","Economic Development & Culture","2025"
5215,"Naishi Wang Dance Company","1 of 1","Spadina-Fort York","Local","14000","TAC","Toronto Arts Council","2025"
5216,"NAISHI WANG DANCE COMPANY","1 of 1","Spadina-Fort York","Local","23825","TAC Project - Dance","Economic Development & Culture","2025"
5217,"NA-ME-RES (NATIVE MEN'S","1 of 1","Toronto-St. Paul's","Local","470950.32","HIF","Toronto Shelter & Support Services","2025"
5218,"NANCY OSPINA","1 of 1","Toronto-St. Paul’s","Local","10000","TAC Project - Visual and Media Arts","Economic Development & Culture","2025"
5219,"NASEHA CHOWDHURY","1 of 1","Scarborough Southwest","Local","3150","TAC Project - Music","Economic Development & Culture","2025"
5220,"NASIM ASGARI","1 of 1","Parkdale-High Park","Local","10000","TAC Project - Literary","Economic Development & Culture","2025"
5221,"NASSER YOUSEFI","1 of 1","Spadina-Fort York","Local","15000","TAC Project - Newcomer and Refugee","Economic Development & Culture","2025"
5222,"NASSIM ABU SARARI","1 of 1","Toronto Centre","Local","5000","TAC Project - Theatre","Economic Development & Culture","2025"
5223,"NATALIA ROCKCLIFFE","1 of 1","Spadina-Fort York","Local","10500","TAC Project - Black Arts","Economic Development & Culture","2025"
5224,"NATALIE KING","1 of 1","Beaches-East York","Local","10000","TAC Project - Indigenous Arts","Economic Development & Culture","2025"
5225,"NATASHA GREENBLATT","1 of 1","Spadina-Fort York","Local","5000","TAC Project - Literary","Economic Development & Culture","2025"
5226,"NATASHA MARTIN","1 of 1","Parkdale-High Park","Local","8000","TAC Project - Visual and Media Arts","Economic Development & Culture","2025"
5227,"National Network for Immigrants and Refugees in Canada","1 of 1","Toronto Centre","Neighbourhood","17000","INI","Social Development","2025"
5228,"National Shevchenko Musical Ensemble Guild Of Canada","1 of 1","University-Rosedale","City Wide","5400","TAC","Toronto Arts Council","2025"
5229,"NATIONAL SHEVCHENKO MUSICAL ENSEMBLE GUILD OF CANADA","1 of 1","University-Rosedale","Local","5400","TAC Operating - Community Music Making","Economic Development & Culture","2025"
5230,"Native Canadian Centre of Toronto","1 of 1","University-Rosedale","City Wide","186224.21","CSP","Social Development","2025"
5231,"NATIVE CHILD & FAMILY SERVICES","1 of 1","Toronto Centre","Local","58430.740000000005","HPP","Toronto Shelter & Support Services","2025"
5232,"Native Child and Family Services of Toronto","1 of 2","Toronto Centre","City Wide","151619.24","CSP","Social Development","2025"
5233,"Native Child and Family Services of Toronto","2 of 2","Toronto Centre","City Wide","43172.4","LLG","Social Development","2025"
5234,"Native Earth Performing Arts Inc.","1 of 1","Toronto Centre","City Wide","120000","TAC","Toronto Arts Council","2025"
5235,"NATIVE EARTH PERFORMING ARTS INC.","1 of 1","Toronto Centre","Local","120000","TAC Operating - Theatre","Economic Development & Culture","2025"
5236,"Native Women In The Arts","1 of 1","Spadina-Fort York","City Wide","60000","TAC","Toronto Arts Council","2025"
5237,"NATIVE WOMEN IN THE ARTS","1 of 1","Spadina-Fort York","Local","60000","TAC Operating - Creative Communities","Economic Development & Culture","2025"
5238,"Native Women's Resource Centre","1 of 1","Toronto Centre","City Wide","116321.11","CSP","Social Development","2025"
5239,"NATURE'S ZEAL INC.","1 of 1","Scarborough-Guildwood","Local","5000","SBEC Core, Starter Company Plus & Summer Company","Economic Development & Culture","2025"
5240,"Nautanki Bazaar","1 of 1","Toronto Centre","City Wide","15000","TAC","Toronto Arts Council","2025"
5241,"NAUTANKI BAZAAR","1 of 1","Toronto Centre","Local","15000","TAC Project - Theatre","Economic Development & Culture","2025"
5242,"NAYO SASAKI-PICOU","1 of 1","York South-Weston","Local","10000","TAC Project - Creative Communities","Economic Development & Culture","2025"
5243,"NAZ SALIH","1 of 1","Don Valley East","Local","15000","TAC Project - Newcomer and Refugee","Economic Development & Culture","2025"
5244,"NAZARIOR GROUP CORP.","1 of 1","Parkdale-High Park","Local","5000","SBEC Core, Starter Company Plus & Summer Company","Economic Development & Culture","2025"
5245,"Ndabaga Collective","1 of 1","Parkdale-High Park","City Wide","17400","TAC","Toronto Arts Council","2025"
5246,"NDABAGA COLLECTIVE","1 of 1","Parkdale-High Park","Local","17400","TAC Project - Black Arts","Economic Development & Culture","2025"
5247,"Necessary Angel Theatre Company","1 of 1","Spadina-Fort York","City Wide","61850","TAC","Toronto Arts Council","2025"
5248,"NECESSARY ANGEL THEATRE COMPANY","1 of 1","Spadina-Fort York","Local","61850","TAC Operating - Theatre","Economic Development & Culture","2025"
5249,"NED GORDON","1 of 1","Beaches-East York","Local","18740.7","TAC Project - Animating","Economic Development & Culture","2025"
5250,"NEIGHBOURHOOD ARTS NETWORK","1 of 1","Spadina-Fort York","Local","130000","TAC Strategic Partnership","Economic Development & Culture","2025"
5251,"NEIGHBOURHOOD GROUP COMMUNITY","1 of 3","University-Rosedale","Local","87646.75","HPP","Toronto Shelter & Support Services","2025"
5252,"NEIGHBOURHOOD GROUP COMMUNITY","2 of 3","University-Rosedale","Local","602285.75","HPP","Toronto Shelter & Support Services","2025"
5253,"NEIGHBOURHOOD GROUP COMMUNITY","3 of 3","University-Rosedale","Local","794109.75","HPP","Toronto Shelter & Support Services","2025"
5254,"NeighbourLink North York","1 of 2","Willowdale","Local","80000","TCDI","Social Development","2025"
5255,"NeighbourLink North York","2 of 2","Willowdale","Local","100000","TCDI","Social Development","2025"
5256,"NEPALESE CANADIAN COMMUNITY SERVICES","1 of 1","Scarborough-Guildwood","Local","13238.75","Special Events Stabilization Initiative","Economic Development & Culture","2025"
5257,"New Canadian Community Centre","1 of 1","Scarborough-Agincourt","City Wide","57273.56","CSP","Social Development","2025"
5258,"New Music Concerts","1 of 1","Spadina-Fort York","City Wide","60000","TAC","Toronto Arts Council","2025"
5259,"NEW MUSIC CONCERTS","1 of 1","Spadina-Fort York","Local","60000","TAC Operating - Music","Economic Development & Culture","2025"
5260,"New Music For Old Hands","1 of 1","Toronto-St. Paul's","City Wide","1200","TAC","Toronto Arts Council","2025"
5261,"NEW MUSIC FOR OLD HANDS","1 of 1","Toronto-St. Paul’s","Local","1200","TAC Project - Music","Economic Development & Culture","2025"
5262,"New Tradition Music","1 of 1","Humber River-Black Creek","Local","22000","CHS","Economic Development & Culture","2025"
5263,"New Tradition Music","1 of 1","Humber River-Black Creek","Local","15000","TAC","Toronto Arts Council","2025"
5264,"NEW TRADITION MUSIC","1 of 2","Humber River-Black Creek","Local","22000","Cultural Hotspot","Economic Development & Culture","2025"
5265,"NEW TRADITION MUSIC","2 of 2","Humber River-Black Creek","Local","15000","TAC Project - Creative Communities","Economic Development & Culture","2025"
5266,"NEWCOMER KITCHEN INC.","1 of 1","Toronto Centre","Local","15000","Business Incubation & Commercialization Grant","Economic Development & Culture","2025"
5267,"NEWCOMER KITCHEN INC.","1 of 1","Spadina-Fort York","Local","5000","Business Incubation & Commercialization Grant","Economic Development & Culture","2025"
5268,"Newcomer Women's Services Toronto","1 of 1","Toronto-Danforth","City Wide","54647.78","CSP","Social Development","2025"
5269,"NEXOVATE INC.","1 of 1","York Centre","Local","5000","SBEC Core, Starter Company Plus & Summer Company","Economic Development & Culture","2025"
5270,"NEXT CANADA","1 of 1","University-Rosedale","Local","20000","Business Incubation & Commercialization Grant","Economic Development & Culture","2025"
5271,"Next Generation Arts","1 of 1","Scarborough-Guildwood","Local","5000","CHS","Economic Development & Culture","2025"
5272,"Next Generation Arts","1 of 1","Scarborough-Guildwood","Local","53000","YCISI","Economic Development & Culture","2025"
5273,"NEXT GENERATION ARTS","1 of 2","Scarborough-Guildwood","Local","53000","Youth Cultural Incubators Stabilization Initiative","Economic Development & Culture","2025"
5274,"NEXT GENERATION ARTS","2 of 2","Scarborough-Guildwood","Local","5000","Cultural Hotspot","Economic Development & Culture","2025"
5275,"Nia Centre for the Arts","1 of 1","Toronto-St. Paul’s","City Wide","35000","BMFF","Social Development","2025"
5276,"Nia Centre For The Arts","1 of 1","Toronto-St. Paul's","City Wide","85000","TAC","Toronto Arts Council","2025"
5277,"NIA CENTRE FOR THE ARTS","1 of 1","Toronto-St. Paul’s","Local","85000","TAC Operating - Creative Communities","Economic Development & Culture","2025"
5278,"NIALL MCCLELLAND","1 of 1","Toronto Centre","Local","10000","TAC Project - Visual and Media Arts","Economic Development & Culture","2025"
5279,"NICK FRASER","1 of 1","Davenport","Local","5000","TAC Project - Music","Economic Development & Culture","2025"
5280,"NICK STORRING","1 of 1","Parkdale-High Park","Local","5000","TAC Project - Music","Economic Development & Culture","2025"
5281,"NIEUPORT AVIATION PASSENGER TERMINAL BUILDING","1 of 1","Spadina-Fort York","Local","7000","Film and Creative Industries Event Sponsorships","Economic Development & Culture","2025"
5282,"Nightswimming Repertory Theatre","1 of 1","Toronto Centre","Local","20000","TAC","Toronto Arts Council","2025"
5283,"NIGHTSWIMMING REPERTORY THEATRE","1 of 1","Toronto Centre","Local","20000","TAC Operating - Theatre","Economic Development & Culture","2025"
5284,"Nightwood Theatre","1 of 1","University-Rosedale","City Wide","87000","TAC","Toronto Arts Council","2025"
5285,"NIGHTWOOD THEATRE","1 of 1","University-Rosedale","Local","87000","TAC Operating - Theatre","Economic Development & Culture","2025"
5286,"Niibi Anishinaabe Aadziwin","1 of 1","Spadina-Fort York, Parkdale-High Park","Local","20000","ICAG","Environment, Climate and Forestry","2025"
5287,"NIMROD SHANIT","1 of 1","Willowdale","Local","15000","TAC Project - Visual and Media Arts","Economic Development & Culture","2025"
5288,"NINA BEVERIDGE","1 of 1","Beaches-East York","Local","15000","TAC Project - Visual and Media Arts","Economic Development & Culture","2025"
5289,"NIP Information Post (Neighbourhood Information Post)","1 of 1","Toronto Centre","Neighbourhood","52350.96","CSP","Social Development","2025"
5290,"NOBELLUM ENTERPRISE","1 of 1","Outside Toronto","Local","20000","Business Incubation & Commercialization Grant","Economic Development & Culture","2025"
5291,"NOEL PENDAWA","1 of 1","Toronto Centre","Local","14500","TAC Project - Visual and Media Arts","Economic Development & Culture","2025"
5292,"NOIIR","1 of 1","Parkdale-High Park","Local","10000","TAC Project - Music","Economic Development & Culture","2025"
5293,"NORTH ACSA - AGINCOURT COMMUNITY SER","1 of 3","Scarborough - Agincourt","Local","58430.740000000005","HPP","Toronto Shelter & Support Services","2025"
5294,"North York Arts","1 of 1","Willowdale","Local","9000","CHS","Economic Development & Culture","2025"
5295,"North York Arts","1 of 1","Willowdale","Local","410113","LASO","Economic Development & Culture","2025"
5296,"NORTH YORK ARTS","1 of 2","Willowdale","Local","420250","Local Arts Service Organizations","Economic Development & Culture","2025"
5297,"NORTH YORK ARTS","2 of 2","Willowdale","Local","8000","Cultural Hotspot","Economic Development & Culture","2025"
5298,"North York Community House","1 of 2","Eglinton-Lawrence","Local","271782.1","CSP","Social Development","2025"
5299,"North York Community House","2 of 2","Eglinton-Lawrence","Local","54000","LLG","Social Development","2025"
5300,"North York Cycles","1 of 1","Don Valley East, Don Valley North, Eglinton–Lawrence, Humber River-Black Creek, York Centre, York South-Weston, Willowdale","Local","7000","NCAG","Environment, Climate and Forestry","2025"
5301,"NORTH YORK HARVEST FOOD BANK","1 of 1","York South-Weston","Local","950862.2","HPP","Toronto Shelter & Support Services","2025"
5302,"North York Harvest Food Bank","1 of 1","York South-Weston","City Wide","30363.8","CSP","Social Development","2025"
5303,"North York Seniors Centre","1 of 1","Willowdale","Neighbourhood","118048.14","CSP","Social Development","2025"
5304,"North York Women's Resource Centre","1 of 1","York South-Weston","Local","64851.28","CSP","Social Development","2025"
5305,"NORTHCOTE TRADING CO INC. O/A LADYBUG WINE BAR","1 of 1","Toronto Centre","Local","2170.17","CaféTO Grant","Economic Development & Culture","2025"
5306,"Northern Visions Independent Video & Film Association","1 of 1","Spadina-Fort York","City Wide","61000","TAC","Toronto Arts Council","2025"
5307,"NORTHERN VISIONS INDEPENDENT VIDEO & FILM ASSOCIATION","1 of 1","Spadina-Fort York","Local","61000","TAC Operating - Visual and Media Arts","Economic Development & Culture","2025"
5308,"NORTHWEST PROTECTION SERVICES","1 of 1","Davenport","Local","5000","SBEC Core, Starter Company Plus & Summer Company","Economic Development & Culture","2025"
5309,"Notre Dame High School","1 of 1","Beaches-East York","Local","946.94","YCAG","Environment, Climate and Forestry","2025"
5310,"NOUSHE INC.","1 of 1","Toronto Centre","Local","5000","SBEC Core, Starter Company Plus & Summer Company","Economic Development & Culture","2025"
5311,"NXNE INC.","1 of 1","Toronto-Danforth","Local","5000","Film and Creative Industries Event Sponsorships","Economic Development & Culture","2025"
5312,"NYFC COMMUNITY CLUB","1 of 1","Davenport","Neighbourhood","17000","INI","Social Development","2025"
5313,"Oakridge Bee Ambassadors","1 of 1","Scarborough Southwest","Local","1240","PTCG","Environment, Climate and Forestry","2025"
5314,"Oakwood Vaughan Community Organization","1 of 1","Toronto-St. Paul's","Local","250","FOR","Environment, Climate and Forestry","2025"
5315,"Oakwood Vaughan Community Organization","1 of 1","Toronto-St. Paul's","Local","250","FOR","Environment, Climate and Forestry","2025"
5316,"OAKWOOD VILLAGE BIA","1 of 1","Toronto-St. Paul’s","Local","50000","Transit Construction Mitigation Fund","Economic Development & Culture","2025"
5317,"Obsidian Theatre Company Inc.","1 of 1","Toronto-Danforth","City Wide","90000","TAC","Toronto Arts Council","2025"
5318,"OBSIDIAN THEATRE COMPANY INC.","1 of 1","Toronto-Danforth","Local","90000","TAC Operating - Theatre","Economic Development & Culture","2025"
5319,"OCAD UNIVERSITY","1 of 3","Spadina-Fort York","Local","75000","Arts and Culture Services Directed Grants","Economic Development & Culture","2025"
5320,"OCAD UNIVERSITY","2 of 3","Spadina-Fort York","Local","20000","Business Incubation & Commercialization Grant","Economic Development & Culture","2025"
5321,"OCAD UNIVERSITY","3 of 3","Spadina-Fort York","Local","15000","Strategic Policy and Management Services  Event Sponsorships","Economic Development & Culture","2025"
5322,"OCASI - Ontario Council of Agencies Serving Immigrants","1 of 1","Eglinton-Lawrence","City Wide","36467.1","CSP","Social Development","2025"
5323,"OCEAN CHERNESKI","1 of 1","Toronto-St. Paul’s","Local","15000","TAC Project - Indigenous Arts","Economic Development & Culture","2025"
5324,"O'Connor Boys (Youth-led)","1 of 1","Beaches-East York","Neighbourhood","5000","CCRF","Social Development","2025"
5325,"ODARIO WILLIAMS","1 of 1","Spadina-Fort York","Local","10000","TAC Project - Music","Economic Development & Culture","2025"
5326,"Odify","1 of 1","Humber River-Black Creek","City Wide","14000","TAC","Toronto Arts Council","2025"
5327,"ODIFY","1 of 1","Humber River-Black Creek","Local","14000","TAC Project - Black Arts","Economic Development & Culture","2025"
5328,"ODUDUABASI UMOESSIEN","1 of 1","Toronto Centre","Local","10800","TAC Project - Black Arts","Economic Development & Culture","2025"
5329,"OFFLINE EVENTS LTD.","1 of 1","Etobicoke-Lakeshore","Local","20000","Strategic Policy and Management Services  Event Sponsorships","Economic Development & Culture","2025"
5330,"OKAYOK","1 of 1","Parkdale-High Park","Local","5000","SBEC Core, Starter Company Plus & Summer Company","Economic Development & Culture","2025"
5331,"OLD TOWN TORONTO BIA","1 of 1","Toronto Centre","Local","40000","Community Celebration Support Fund","Economic Development & Culture","2025"
5332,"OLIVE B","1 of 1","Spadina-Fort York","Local","10000","TAC Project - Music","Economic Development & Culture","2025"
5333,"OLIVIA AGUIAR","1 of 1","University-Rosedale","Local","10000","TAC Project - Visual and Media Arts","Economic Development & Culture","2025"
5334,"OLIVIA ESTHER","1 of 1","University-Rosedale","Local","4000","TAC Project - Music","Economic Development & Culture","2025"
5335,"OLUSOJI OYINSAN","1 of 1","Etobicoke-Lakeshore","Local","7500","TAC Project - Black Arts","Economic Development & Culture","2025"
5336,"OLYMPIC FOOD & CHEESE MART LTD.","1 of 1","Toronto Centre","Local","5000","SBEC Core, Starter Company Plus & Summer Company","Economic Development & Culture","2025"
5337,"OMAR BADRIN","1 of 1","Spadina-Fort York","Local","10000","TAC Project - Visual and Media Arts","Economic Development & Culture","2025"
5338,"Omega Prep Academy (Youth-led)","1 of 1","Scarborough Southwest","Neighbourhood","5000","CCRF","Social Development","2025"
5339,"OMER AZIZ","1 of 1","Toronto-St. Paul’s","Local","10000","TAC Project - Literary","Economic Development & Culture","2025"
5340,"Onsite Gallery At Ocad University","1 of 1","Spadina-Fort York","City Wide","20000","TAC","Toronto Arts Council","2025"
5341,"ONSITE GALLERY AT OCAD UNIVERSITY","1 of 1","Spadina-Fort York","Local","20000","TAC Operating - Visual and Media Arts","Economic Development & Culture","2025"
5342,"Ontario Association Of Art Galleries","1 of 1","Spadina-Fort York","City Wide","31000","TAC","Toronto Arts Council","2025"
5343,"ONTARIO ASSOCIATION OF ART GALLERIES","1 of 1","Spadina-Fort York","Local","31000","TAC Operating - Visual and Media Arts","Economic Development & Culture","2025"
5344,"ONTARIO CREATES","1 of 2","University-Rosedale","Local","50000","Film and Creative Industries Directed Grants","Economic Development & Culture","2025"
5345,"ONTARIO CREATES","2 of 2","University-Rosedale","Local","10000","Film and Creative Industries Event Sponsorships","Economic Development & Culture","2025"
5346,"ONTARIO CULTURE DAYS","1 of 1","Spadina-Fort York","Local","22500","Cultural Festivals Funding Program","Economic Development & Culture","2025"
5347,"Ontario Library Association","1 of 1","Spadina-Fort York","City Wide","7000","TAC","Toronto Arts Council","2025"
5348,"ONTARIO LIBRARY ASSOCIATION","1 of 1","Spadina-Fort York","Local","7000","TAC Project - Literary","Economic Development & Culture","2025"
5349,"ONTARIO SIKHS AND GURDWARA COUNCIL","1 of 1","Scarborough North","Local","13119","Special Events Stabilization Initiative","Economic Development & Culture","2025"
5350,"ONTARIO STEELPAN ASSOCIATION","1 of 1","Scarborough-Guildwood","Local","18000","Cultural Festivals Funding Program","Economic Development & Culture","2025"
5351,"Open Book Foundation","1 of 1","Toronto-St. Paul's","City Wide","17100","TAC","Toronto Arts Council","2025"
5352,"OPEN BOOK FOUNDATION","1 of 1","Toronto-St. Paul’s","Local","17100","TAC Operating - Literary","Economic Development & Culture","2025"
5353,"Open Studio","1 of 1","Spadina-Fort York","City Wide","79000","TAC","Toronto Arts Council","2025"
5354,"OPEN STUDIO","1 of 1","Spadina-Fort York","Local","79000","TAC Operating - Visual and Media Arts","Economic Development & Culture","2025"
5355,"Opera Atelier","1 of 1","Toronto Centre","City Wide","34200","TAC","Toronto Arts Council","2025"
5356,"OPERA ATELIER","1 of 1","Toronto Centre","Local","34200","TAC Operating - Music","Economic Development & Culture","2025"
5357,"Opera In Concert","1 of 1","Toronto-Danforth","City Wide","30750","TAC","Toronto Arts Council","2025"
5358,"OPERA IN CONCERT","1 of 1","Toronto-Danforth","Local","30750","TAC Operating - Music","Economic Development & Culture","2025"
5359,"Opportunity For Advancement","1 of 1","Davenport","City Wide","60692.35","CSP","Social Development","2025"
5360,"OPPOS INCORPORATED","1 of 1","Scarborough-Agincourt","Local","5000","SBEC Core, Starter Company Plus & Summer Company","Economic Development & Culture","2025"
5361,"Oral Method","1 of 1","Parkdale-High Park","City Wide","6700","TAC","Toronto Arts Council","2025"
5362,"ORAL METHOD","1 of 1","Parkdale-High Park","Local","6700","TAC Project - Literary","Economic Development & Culture","2025"
5363,"Orchestra Toronto","1 of 1","Willowdale","City Wide","17600","TAC","Toronto Arts Council","2025"
5364,"ORCHESTRA TORONTO","1 of 1","Willowdale","Local","17600","TAC Operating - Community Music Making","Economic Development & Culture","2025"
5365,"ORGANIZATION OF SOUTH ASIAN ARTS","1 of 1","Scarborough-Guildwood","Local","11432.5","Special Events Stabilization Initiative","Economic Development & Culture","2025"
5366,"ORGANIZATION OF WOMEN IN INTERNATIONAL TRADE-TORONTO","1 of 1","Toronto Centre","Local","5500","Economic Development Services Event Sponsorships","Economic Development & Culture","2025"
5367,"Oriana Women'S Choir","1 of 1","Toronto-Danforth","City Wide","18000","TAC","Toronto Arts Council","2025"
5368,"ORIANA WOMEN'S CHOIR","1 of 1","Toronto-Danforth","Local","18000","TAC Operating - Community Music Making","Economic Development & Culture","2025"
5369,"Orpheus Choir Of Toronto","1 of 1","Etobicoke-Lakeshore","City Wide","27675","TAC","Toronto Arts Council","2025"
5370,"ORPHEUS CHOIR OF TORONTO","1 of 1","Etobicoke-Lakeshore","Local","27675","TAC Operating - Music","Economic Development & Culture","2025"
5371,"Oshkaabewisuk","1 of 1","Beaches-East York","Local","6239","ICAG","Environment, Climate and Forestry","2025"
5372,"OSMINGTON (UNION STATION) INC.","1 of 1","Spadina-Fort York","Local","4000","Film and Creative Industries Event Sponsorships","Economic Development & Culture","2025"
5373,"OSSINGTON AVENUE BIA","1 of 2","Spadina-Fort York","Local","24024.05","Main Street Recovery & Rebuild Initiative","Economic Development & Culture","2025"
5374,"OSSINGTON AVENUE BIA","2 of 2","Spadina-Fort York","Local","18024","Special Events Stabilization Initiative","Economic Development & Culture","2025"
5375,"OUR C.R.I.B. ARTS COLLECTIVE","1 of 1","Toronto-Danforth","Local","2000","Creative Industries Grant","Economic Development & Culture","2025"
5376,"Outside Looking In","1 of 1","Eglinton-Lawrence","City Wide","15000","TAC","Toronto Arts Council","2025"
5377,"OUTSIDE LOOKING IN","1 of 1","Eglinton-Lawrence","Local","15000","TAC Project - Indigenous Arts","Economic Development & Culture","2025"
5378,"Outside The March Theatre Company Inc","1 of 1","Davenport","City Wide","23575","TAC","Toronto Arts Council","2025"
5379,"OUTSIDE THE MARCH THEATRE COMPANY INC.","1 of 1","Davenport","Local","23575","TAC Operating - Theatre","Economic Development & Culture","2025"
5380,"Painting In 3'S Collective","1 of 1","Scarborough Southwest","Local","12837","TAC","Toronto Arts Council","2025"
5381,"PAINTING IN 3'S COLLECTIVE","1 of 1","Scarborough Southwest","Local","12837","TAC Project - Art Reach","Economic Development & Culture","2025"
5382,"PAL' PATIO CORPORATION","1 of 1","Davenport","Local","5000","SBEC Core, Starter Company Plus & Summer Company","Economic Development & Culture","2025"
5383,"PALETTE SKILLS INC.","1 of 1","University-Rosedale","Local","1017.6","Economic Development Services Event Sponsorships","Economic Development & Culture","2025"
5384,"PAL-Reading Services Inc.","1 of 1","Toronto Centre","City Wide","20207.28","CSP","Social Development","2025"
5385,"Pan Arts Network","2 of 2","Scarborough-Rouge Park","City Wide","4200","TAC","Toronto Arts Council","2025"
5386,"Pan Arts Network","1 of 2","Scarborough-Rouge Park","City Wide","6314","TAC","Toronto Arts Council","2025"
5387,"PAN ARTS NETWORK","1 of 2","Scarborough-Rouge Park","Local","6314","TAC Project - Black Arts","Economic Development & Culture","2025"
5388,"PAN ARTS NETWORK","2 of 2","Scarborough-Rouge Park","Local","4200","TAC Project - Music","Economic Development & Culture","2025"
5389,"PANCHO & EMILIANO P&E INC.","1 of 1","University-Rosedale","Local","2034","CaféTO Grant","Economic Development & Culture","2025"
5390,"Pantheon Projects","1 of 1","Spadina-Fort York","City Wide","12800","TAC","Toronto Arts Council","2025"
5391,"PANTHEON PROJECTS","1 of 1","Spadina-Fort York","Local","12800","TAC Project - Theatre","Economic Development & Culture","2025"
5392,"PAPE VILLAGE BIA","1 of 1","Toronto-Danforth","Local","12187.5","Special Events Stabilization Initiative","Economic Development & Culture","2025"
5393,"Paprika Theatre Festival","1 of 1","Davenport","City Wide","21000","TAC","Toronto Arts Council","2025"
5394,"PAPRIKA THEATRE FESTIVAL","1 of 1","Davenport","Local","21000","TAC Operating - Theatre","Economic Development & Culture","2025"
5395,"Parampara Canada","1 of 1","Scarborough Southwest","City Wide","6000","TAC","Toronto Arts Council","2025"
5396,"PARAMPARA CANADA","1 of 3","Scarborough Southwest","Local","12750","Special Events Stabilization Initiative","Economic Development & Culture","2025"
5397,"PARAMPARA CANADA","2 of 3","Scarborough Southwest","Local","20000","Cultural Festivals Funding Program","Economic Development & Culture","2025"
5398,"PARAMPARA CANADA","3 of 3","Scarborough Southwest","Local","6000","TAC Project - Music","Economic Development & Culture","2025"
5399,"PARAMPUNEET DEOL AND GURKIRPAL SANGHA","1 of 1","Outside Toronto","Local","20000","Main Street Recovery & Rebuild Initiative","Economic Development & Culture","2025"
5400,"Parc Downsview Park Inc.","1 of 1","York Centre","Local","14613.54","FOR","Environment, Climate and Forestry","2025"
5401,"Parc Downsview Park Inc.","1 of 1","York Centre","Local","14613.54","FOR","Environment, Climate and Forestry","2025"
5402,"Parents of Black Children Canada","1 of 1","Willowdale","City Wide","40000","BMFF","Social Development","2025"
5403,"PARK PEOPLE","1 of 1","Spadina-Fort York","Local","11615","Cultural Festivals Funding Program","Economic Development & Culture","2025"
5404,"PARKDALE ACTIVITY RECREATION","1 of 1","Parkdale-High Park","Local","73038.75","HPP","Toronto Shelter & Support Services","2025"
5405,"Parkdale Golden Age Foundation","1 of 1","Parkdale-High Park","Neighbourhood","73780.07","CSP","Social Development","2025"
5406,"Parkdale Intercultural Association (Toronto)","1 of 1","Parkdale-High Park","Neighbourhood","84952.83","CSP","Social Development","2025"
5407,"PARKDALE QUEEN WEST COMMUNITY HEALTH CENTRE","1 of 1","Parkdale-High Park","Local","1599903.9","HPP","Toronto Shelter & Support Services","2025"
5408,"Parkdale Residents Association","1 of 1","Parkdale-High Park","Local","8000","TAC","Toronto Arts Council","2025"
5409,"PARKDALE RESIDENTS ASSOCIATION","1 of 1","Parkdale-High Park","Local","8000","TAC Project - Visual and Media Arts","Economic Development & Culture","2025"
5410,"Parkdale Unity (Youth-led)","1 of 1","Parkdale-High Park","Neighbourhood","5000","CCRF","Social Development","2025"
5411,"Parkside Elementary School Pollinator Gardens Team","1 of 1","Beaches-East York","Local","5000","PTCG","Environment, Climate and Forestry","2025"
5412,"PARKWAY CENTRE BUSINESS ASSOCIATION","1 of 1","Don Valley North","Local","29750","Community Celebration Support Fund","Economic Development & Culture","2025"
5413,"Parkway Youth Council (Youth-Led)","1 of 1","Don Valley North","Neighbourhood","5000","CCRF","Social Development","2025"
5414,"PATRICK DE BELEN","1 of 2","Eglinton-Lawrence","Local","29650","TAC Project - Animating","Economic Development & Culture","2025"
5415,"PATRICK DE BELEN","2 of 2","Eglinton-Lawrence","Local","8000","TAC Project - Creative Communities","Economic Development & Culture","2025"
5416,"PAULA SAHYOUN","1 of 1","Toronto Centre","Local","15000","TAC Project - Visual and Media Arts","Economic Development & Culture","2025"
5417,"Pax Christi Chorale","1 of 1","Don Valley North","City Wide","22000","TAC","Toronto Arts Council","2025"
5418,"PAX CHRISTI CHORALE","1 of 1","Don Valley North","Local","22000","TAC Operating - Music","Economic Development & Culture","2025"
5419,"PEACH LUFFE","1 of 1","Willowdale","Local","10000","TAC Project - Music","Economic Development & Culture","2025"
5420,"Pelham Park Gdns","1 of 1","Davenport","Neighbourhood","5000","CCRF","Social Development","2025"
5421,"Pelham Safety Advisory Group","1 of 1","Davenport","Neighbourhood","5000","CCRF","Social Development","2025"
5422,"Pelham united youth space (Youth-led)","1 of 1","Davenport","Local","5000","CCRF","Social Development","2025"
5423,"Pemmican Collective","2 of 2","Toronto Centre","City Wide","15000","TAC","Toronto Arts Council","2025"
5424,"Pemmican Collective","1 of 2","Toronto Centre","City Wide","11250","TAC","Toronto Arts Council","2025"
5425,"PEMMICAN COLLECTIVE","1 of 2","Toronto Centre","Local","15000","TAC Project - Indigenous Arts","Economic Development & Culture","2025"
5426,"PEMMICAN COLLECTIVE","2 of 2","Toronto Centre","Local","11250","TAC Project - Theatre","Economic Development & Culture","2025"
5427,"Pen Canada","1 of 1","Spadina-Fort York","City Wide","20000","TAC","Toronto Arts Council","2025"
5428,"PEN CANADA","1 of 1","Spadina-Fort York","Local","20000","TAC Operating - Literary","Economic Development & Culture","2025"
5429,"Peripheral Theatre","1 of 1","Toronto-St. Paul's","City Wide","20000","TAC","Toronto Arts Council","2025"
5430,"PERIPHERAL THEATRE","1 of 1","Toronto-St. Paul’s","Local","20000","TAC Project - Theatre","Economic Development & Culture","2025"
5431,"PETER HARRIS","1 of 1","Davenport","Local","10000","TAC Project - Visual and Media Arts","Economic Development & Culture","2025"
5432,"Ph1 Studios","1 of 1","Spadina-Fort York","City Wide","11250","TAC","Toronto Arts Council","2025"
5433,"PH1 STUDIOS","1 of 1","Spadina-Fort York","Local","11250","TAC Project - Creative Communities","Economic Development & Culture","2025"
5434,"PHIL BALJEU","1 of 1","Davenport","Local","13000","TAC Project - Visual and Media Arts","Economic Development & Culture","2025"
5435,"PHILIP BEESLEY","1 of 1","Parkdale-High Park","Local","15000","TAC Project - Visual and Media Arts","Economic Development & Culture","2025"
5436,"PHILIPPINE INDEPENDENCE DAY COUNCIL","1 of 2","Toronto Centre","Local","7650","Special Events Stabilization Initiative","Economic Development & Culture","2025"
5437,"PHILIPPINE INDEPENDENCE DAY COUNCIL","2 of 2","Toronto Centre","Local","15000","Cultural Festivals Funding Program","Economic Development & Culture","2025"
5438,"PHILLIP BARKER","1 of 1","Parkdale-High Park","Local","15000","TAC Project - Visual and Media Arts","Economic Development & Culture","2025"
5439,"Phoenix Arise Foundation","1 of 1","City Wide","City Wide","17000","INI","Social Development","2025"
5440,"PHUONG NGUYEN","1 of 1","Etobicoke Centre","Local","10000","TAC Project - Visual and Media Arts","Economic Development & Culture","2025"
5441,"Pinceles Latinos Art Studio","1 of 1","Humber River-Black Creek","Local","6000","TAC","Toronto Arts Council","2025"
5442,"PINCELES LATINOS ART STUDIO","1 of 1","Humber River-Black Creek","Local","6000","TAC Project - Creative Communities","Economic Development & Culture","2025"
5443,"PIZZERIA CAROLINA INC.","1 of 1","University-Rosedale","Local","2209.15","CaféTO Grant","Economic Development & Culture","2025"
5444,"Planet In Focus","1 of 1","Spadina-Fort York","City Wide","30000","TAC","Toronto Arts Council","2025"
5445,"PLANET IN FOCUS","1 of 1","Spadina-Fort York","Local","30000","TAC Operating - Visual and Media Arts","Economic Development & Culture","2025"
5446,"PLAY FOREVER","1 of 1","York South-Weston","Local","9900","Cultural Hotspot","Economic Development & Culture","2025"
5447,"Play Forever (Jamal Omar)","1 of 1","N/A, Bowmanville","Local","9900","CHS","Economic Development & Culture","2025"
5448,"PLAYGROUND CAFE","1 of 1","Toronto Centre","Local","5000","SBEC Core, Starter Company Plus & Summer Company","Economic Development & Culture","2025"
5449,"Playingwithcrayons","1 of 1","Spadina-Fort York","City Wide","13800","TAC","Toronto Arts Council","2025"
5450,"PLAYINGWITHCRAYONS","1 of 1","Spadina-Fort York","Local","13800","TAC Project - Black Arts","Economic Development & Culture","2025"
5451,"Playwrights Guild Of Canada","1 of 1","Toronto Centre","City Wide","25625","TAC","Toronto Arts Council","2025"
5452,"PLAYWRIGHTS GUILD OF CANADA","1 of 1","Toronto Centre","Local","25625","TAC Operating - Theatre","Economic Development & Culture","2025"
5453,"PLAZAPOPS","1 of 1","Toronto-St. Paul’s","Local","93500","Main Street Recovery & Rebuild Initiative","Economic Development & Culture","2025"
5454,"PLEASURE CRAFT","1 of 1","Davenport","Local","10000","TAC Project - Music","Economic Development & Culture","2025"
5455,"Pleiades Theatre","1 of 1","Davenport","City Wide","20000","TAC","Toronto Arts Council","2025"
5456,"PLEIADES THEATRE","1 of 1","Davenport","Local","20000","TAC Operating - Theatre","Economic Development & Culture","2025"
5457,"Poetic Assembly","1 of 1","Toronto-St. Paul's","City Wide","8000","TAC","Toronto Arts Council","2025"
5458,"POETIC ASSEMBLY","1 of 1","Toronto-St. Paul’s","Local","8000","TAC Project - Black Arts","Economic Development & Culture","2025"
5459,"POKE SHAK INC.","1 of 1","Parkdale-High Park","Local","5000","SBEC Core, Starter Company Plus & Summer Company","Economic Development & Culture","2025"
5460,"Polaris Music Prize","1 of 1","Spadina-Fort York","City Wide","7500","TAC","Toronto Arts Council","2025"
5461,"POLARIS MUSIC PRIZE INC.","1 of 3","Spadina-Fort York","Local","25000","Creative Industries Grant","Economic Development & Culture","2025"
5462,"POLARIS MUSIC PRIZE INC.","2 of 3","Spadina-Fort York","Local","15000","Film and Creative Industries Event Sponsorships","Economic Development & Culture","2025"
5463,"POLARIS MUSIC PRIZE INC.","3 of 3","Spadina-Fort York","Local","7500","TAC Project - Music","Economic Development & Culture","2025"
5464,"Post-Secondary Access Collective (PAC)","1 of 1","York South-Weston","Neighbourhood","17000","INI","Social Development","2025"
5465,"POT POT STUDIO","1 of 1","Davenport","Local","5000","SBEC Core, Starter Company Plus & Summer Company","Economic Development & Culture","2025"
5466,"Pounds Per Square Inch Performance","1 of 1","Davenport","City Wide","25000","TAC","Toronto Arts Council","2025"
5467,"POUNDS PER SQUARE INCH PERFORMANCE","1 of 1","Davenport","Local","25000","TAC Operating - Dance","Economic Development & Culture","2025"
5468,"Power of Love Foundation Canada","1 of 1","Etobicoke Centre","City Wide","40000","BMFF","Social Development","2025"
5469,"Prairie Fire Please","1 of 1","Davenport","City Wide","6000","TAC","Toronto Arts Council","2025"
5470,"PRAIRIE FIRE PLEASE","1 of 1","Davenport","Local","6000","TAC Project - Theatre","Economic Development & Culture","2025"
5471,"Pratibha Arts","1 of 1","Spadina-Fort York","City Wide","21000","TAC","Toronto Arts Council","2025"
5472,"PRATIBHA ARTS","1 of 1","Spadina-Fort York","Local","21000","TAC Operating - Dance","Economic Development & Culture","2025"
5473,"PREPARE THE GROUND LTD.","1 of 1","Outside Toronto","Local","5000","Film and Creative Industries Event Sponsorships","Economic Development & Culture","2025"
5474,"PRIDE TORONTO","1 of 2","Davenport","Local","90000","Special Events Stabilization Initiative","Economic Development & Culture","2025"
5475,"PRIDE TORONTO","2 of 2","Davenport","Local","350000","Cultural Festivals Funding Program","Economic Development & Culture","2025"
5476,"PRINCE OF CLOUDS","1 of 1","Toronto-Danforth","Local","10000","TAC Project - Music","Economic Development & Culture","2025"
5477,"Proartedanza Performance Inc","1 of 1","Toronto-Danforth","City Wide","20000","TAC","Toronto Arts Council","2025"
5478,"PROARTEDANZA PERFORMANCE INC.","1 of 1","Toronto-Danforth","Local","20000","TAC Operating - Dance","Economic Development & Culture","2025"
5479,"Proclaim Community Hub","1 of 1","York South-Weston","Neighbourhood","17000","INI","Social Development","2025"
5480,"PRODUCING FOR THE PLANET SOCIETY","1 of 1","Outside Toronto","Local","40000","Creative Industries Grant","Economic Development & Culture","2025"
5481,"Professional Association Of Canadian Theatres","1 of 1","Toronto Centre","City Wide","15000","TAC","Toronto Arts Council","2025"
5482,"PROFESSIONAL ASSOCIATION OF CANADIAN THEATRES","1 of 1","Toronto Centre","Local","15000","TAC Operating - Theatre","Economic Development & Culture","2025"
5483,"PROGRESS CAREER PLANNING INSTITUTE","1 of 1","Scarborough-Guildwood","Local","1801.06","Economic Development Services Event Sponsorships","Economic Development & Culture","2025"
5484,"PROGRESS PLACE REHABILITATION","1 of 1","York South-Weston","Local","14608","HPP","Toronto Shelter & Support Services","2025"
5485,"Project Brotherhood (Youth-led)","1 of 1","Scarborough-Agincourt","Local","4985","CCRF","Social Development","2025"
5486,"Project Redefine Arts","1 of 1","Toronto Centre","City Wide","37000","TAC","Toronto Arts Council","2025"
5487,"PROJECT REDEFINE ARTS","1 of 1","Toronto Centre","Local","37000","TAC Operating - Creative Communities","Economic Development & Culture","2025"
5488,"Project: Humanity Inc.","1 of 1","Eglinton-Lawrence","Local","12250","TAC","Toronto Arts Council","2025"
5489,"PROJECT: HUMANITY INC.","1 of 1","Eglinton-Lawrence","Local","12250","TAC Project - Creative Communities","Economic Development & Culture","2025"
5490,"Prologue To The Performing Arts","1 of 1","Spadina-Fort York","City Wide","40000","TAC","Toronto Arts Council","2025"
5491,"PROLOGUE TO THE PERFORMING ARTS","1 of 1","Spadina-Fort York","Local","40000","TAC Operating - Creative Communities","Economic Development & Culture","2025"
5492,"PROMOTING EDUCATION AND COMMUNITY HEALTH","1 of 2","Humber River-Black Creek","Local","18000","Cultural Festivals Funding Program","Economic Development & Culture","2025"
5493,"PROMOTING EDUCATION AND COMMUNITY HEALTH","2 of 2","Humber River-Black Creek","Local","22000","Cultural Hotspot","Economic Development & Culture","2025"
5494,"Promoting Education and Community Health (PEACH)","1 of 1","Humber River-Black Creek","Local","22000","CHS","Economic Development & Culture","2025"
5495,"Promoting Education and Community Health (PEACH)","1 of 2","Humber River-Black Creek","Local","35000","BMFF","Social Development","2025"
5496,"Promoting Education and Community Health (PEACH)","2 of 2","Humber River-Black Creek","Neighbourhood","77610.06","CSP","Social Development","2025"
5497,"PROPTECH COLLECTIVE","1 of 1","Toronto-St. Paul’s","Local","19916","Business Incubation & Commercialization Grant","Economic Development & Culture","2025"
5498,"Prosserman Jewish Community Centre","1 of 1","York Centre","City Wide","17364.17","CSP","Social Development","2025"
5499,"Public Recordings Performance Projects","1 of 1","Parkdale-High Park","City Wide","18400","TAC","Toronto Arts Council","2025"
5500,"PUBLIC RECORDINGS PERFORMANCE PROJECTS","1 of 1","Parkdale-High Park","Local","18400","TAC Operating - Dance","Economic Development & Culture","2025"
5501,"PULGA MUCHOCHOMA","1 of 1","Etobicoke Centre","Local","19605.6","TAC Project - Animating","Economic Development & Culture","2025"
5502,"PURAWAI VYAS","1 of 1","Toronto Centre","Local","7500","TAC Project - Dance","Economic Development & Culture","2025"
5503,"PURE & BOLD BEAUTY INC.","1 of 1","York South-Weston","Local","5000","SBEC Core, Starter Company Plus & Summer Company","Economic Development & Culture","2025"
5504,"PURE BOTANICAL COMPANY INC.","1 of 1","Willowdale","Local","5000","SBEC Core, Starter Company Plus & Summer Company","Economic Development & Culture","2025"
5505,"Pushmakers","1 of 1","York South-Weston","City Wide","11000","TAC","Toronto Arts Council","2025"
5506,"PUSHMAKERS","1 of 1","York South-Weston","Local","11000","TAC Project - Dance","Economic Development & Culture","2025"
5507,"Qissa Stories","1 of 1","Davenport","City Wide","20000","TAC","Toronto Arts Council","2025"
5508,"QISSA STORIES","1 of 1","Davenport","Local","20000","TAC Project - Newcomer and Refugee","Economic Development & Culture","2025"
5509,"QRINT INC.","1 of 1","York South-Weston","Local","5000","SBEC Core, Starter Company Plus & Summer Company","Economic Development & Culture","2025"
5510,"QUEEN STREET WAREHOUSE RESTAURANT","1 of 1","Spadina-Fort York","Local","7500","CaféTO Grant","Economic Development & Culture","2025"
5511,"QUEEN STREET WEST BIA","1 of 3","Spadina-Fort York","Local","25000","Main Street Recovery & Rebuild Initiative","Economic Development & Culture","2025"
5512,"QUEEN STREET WEST BIA","2 of 3","Spadina-Fort York","Local","25000","Transit Construction Mitigation Fund","Economic Development & Culture","2025"
5513,"QUEEN STREET WEST BIA","3 of 3","Spadina-Fort York","Local","18000","Community Celebration Support Fund","Economic Development & Culture","2025"
5514,"QUEEN WEST ART CRAWL","1 of 3","Spadina-Fort York","Local","8585","Special Events Stabilization Initiative","Economic Development & Culture","2025"
5515,"QUEEN WEST ART CRAWL","2 of 3","Spadina-Fort York","Local","22500","Cultural Festivals Funding Program","Economic Development & Culture","2025"
5516,"QUEEN WEST ART CRAWL","3 of 3","Spadina-Fort York","Local","2000","Creative Industries Grant","Economic Development & Culture","2025"
5517,"Queer South Asians","1 of 1","Parkdale-High Park","Local","9700","TAC","Toronto Arts Council","2025"
5518,"QUEER SOUTH ASIANS","1 of 1","Parkdale-High Park","Local","9700","TAC Project - Art Reach","Economic Development & Culture","2025"
5519,"QUENTIN VERCETTY","1 of 2","York South-Weston","Local","12000","TAC Project - Black Arts","Economic Development & Culture","2025"
5520,"QUENTIN VERCETTY","2 of 2","York South-Weston","Local","11250","TAC Project - Creative Communities","Economic Development & Culture","2025"
5521,"Quiptake","1 of 1","Toronto-St. Paul's","City Wide","13875","TAC","Toronto Arts Council","2025"
5522,"QUIPTAKE","1 of 1","Toronto-St. Paul’s","Local","13875","TAC Project - Theatre","Economic Development & Culture","2025"
5523,"Quote Unquote Collective","1 of 1","Parkdale-High Park","City Wide","10200","TAC","Toronto Arts Council","2025"
5524,"QUOTE UNQUOTE COLLECTIVE","1 of 1","Parkdale-High Park","Local","10200","TAC Project - Theatre","Economic Development & Culture","2025"
5525,"QW STUDIOS","1 of 1","University-Rosedale","Local","5000","SBEC Core, Starter Company Plus & Summer Company","Economic Development & Culture","2025"
5526,"R H WESLEY","1 of 1","Toronto-Danforth","Local","10000","TAC Project - Literary","Economic Development & Culture","2025"
5527,"R.I.S.E Arts And Community Services","2 of 2","Scarborough-Rouge Park","City Wide","47000","TAC","Toronto Arts Council","2025"
5528,"R.I.S.E Arts And Community Services","1 of 2","Scarborough-Rouge Park","City Wide","50000","TAC","Toronto Arts Council","2025"
5529,"R.I.S.E ARTS AND COMMUNITY SERVICES","1 of 2","Scarborough-Rouge Park","Local","47000","TAC Operating - Black Arts","Economic Development & Culture","2025"
5530,"R.I.S.E ARTS AND COMMUNITY SERVICES","2 of 2","Scarborough-Rouge Park","Local","50000","TAC Project - Innovation and Capacity Building","Economic Development & Culture","2025"
5531,"Rabble Collective","1 of 1","York South-Weston","City Wide","15000","TAC","Toronto Arts Council","2025"
5532,"RABBLE COLLECTIVE","1 of 1","York South-Weston","Local","15000","TAC Project - Theatre","Economic Development & Culture","2025"
5533,"RAE MAKAI","1 of 1","Spadina-Fort York","Local","9150","TAC Project - Music","Economic Development & Culture","2025"
5534,"Rafiki Bridge","1 of 1","Toronto-Danforth, Humber River-Black Creek, Scarborough-Rouge Park, Scarborough-Rouge
Park","Local","13880","INI","Social Development","2025"
5535,"Raging Asian Women Taiko Drummers","1 of 1","York South-Weston","City Wide","30000","TAC","Toronto Arts Council","2025"
5536,"RAGING ASIAN WOMEN TAIKO DRUMMERS","1 of 1","York South-Weston","Local","30000","TAC Operating - Music","Economic Development & Culture","2025"
5537,"Ralph Thornton Community Centre","1 of 1","Toronto-Danforth","Neighbourhood","44732.11","CSP","Social Development","2025"
5538,"RAMMAH MOHAMMAD","1 of 1","Don Valley North","Local","10000","TAC Project - Music","Economic Development & Culture","2025"
5539,"RANDERA","1 of 1","York South-Weston","Local","12000","TAC Project - Creative Communities","Economic Development & Culture","2025"
5540,"RASHMI MISHRA","1 of 1","Willowdale","Local","22015","TAC Project - Animating","Economic Development & Culture","2025"
5541,"Rathburn Area Youth (RAY) Youth Space","1 of 1","Etobicoke Centre","Local","4825","CCRF","Social Development","2025"
5542,"Rave Angels","1 of 1","University-Rosedale","Local","14970","TAC","Toronto Arts Council","2025"
5543,"RAVE ANGELS","1 of 1","University-Rosedale","Local","14970","TAC Project - Art Reach","Economic Development & Culture","2025"
5544,"REAL GREEK GYROS INC.","1 of 1","Toronto-Danforth","Local","1653.62","CaféTO Grant","Economic Development & Culture","2025"
5545,"Reason D'Etre Dance Productions","1 of 1","Parkdale-High Park","City Wide","20000","TAC","Toronto Arts Council","2025"
5546,"REASON D'ETRE DANCE PRODUCTIONS","1 of 1","Parkdale-High Park","Local","20000","TAC Operating - Dance","Economic Development & Culture","2025"
5547,"Reassemblage Collective","1 of 1","Parkdale-High Park","City Wide","11000","TAC","Toronto Arts Council","2025"
5548,"REASSEMBLAGE COLLECTIVE","1 of 1","Parkdale-High Park","Local","11000","TAC Project - Visual and Media Arts","Economic Development & Culture","2025"
5549,"REBEKAH WOLKSTEIN","1 of 1","Parkdale-High Park","Local","5000","TAC Project - Music","Economic Development & Culture","2025"
5550,"Red Pepper Spectacle Arts","1 of 1","University-Rosedale","City Wide","55000","TAC","Toronto Arts Council","2025"
5551,"RED PEPPER SPECTACLE ARTS INCORPORATED","1 of 2","University-Rosedale","Local","11441.7","Special Events Stabilization Initiative","Economic Development & Culture","2025"
5552,"RED PEPPER SPECTACLE ARTS INCORPORATED","2 of 2","University-Rosedale","Local","55000","TAC Operating - Creative Communities","Economic Development & Culture","2025"
5553,"Red Sky Performance","1 of 1","Spadina-Fort York","City Wide","53000","TAC","Toronto Arts Council","2025"
5554,"RED SKY PERFORMANCE","1 of 1","Spadina-Fort York","Local","53000","TAC Operating - Dance","Economic Development & Culture","2025"
5555,"RedBred","1 of 1","University-Rosedale","Local","17350","ICAG","Environment, Climate and Forestry","2025"
5556,"REEL CANADA (CANADIAN FILM IN THE SCHOOLS)","1 of 1","University-Rosedale","Local","10000","Creative Industries Grant","Economic Development & Culture","2025"
5557,"REELWORLD SCREEN INSTITUTE","1 of 1","Spadina-Fort York","Local","10000","Creative Industries Grant","Economic Development & Culture","2025"
5558,"REEM RIZK","1 of 1","Spadina-Fort York","Local","10000","TAC Project - Literary","Economic Development & Culture","2025"
5559,"REGAL HEIGHTS VILLAGE BIA","1 of 1","Davenport","Local","15000","Community Celebration Support Fund","Economic Development & Culture","2025"
5560,"Regenesis York","1 of 1","Etobicoke North, Humber River-Black Creek","Local","38885","FOR","Environment, Climate and Forestry","2025"
5561,"Regenesis York","1 of 1","Etobicoke North, Humber River-Black Creek","Local","38885","FOR","Environment, Climate and Forestry","2025"
5562,"Regent Park Film Festival","1 of 1","Toronto Centre","City Wide","42700","TAC","Toronto Arts Council","2025"
5563,"REGENT PARK FILM FESTIVAL","1 of 1","Toronto Centre","Local","42700","TAC Operating - Visual and Media Arts","Economic Development & Culture","2025"
5564,"REGINA D'CRUZ PSYCHOTHERAPY","1 of 1","Etobicoke North","Local","5000","SBEC Core, Starter Company Plus & Summer Company","Economic Development & Culture","2025"
5565,"Resident for Resident","1 of 1","Scarborough-Guildwood","Local","5000","CCRF","Social Development","2025"
5566,"Residents Engagement - Action for Climate (RE- AC)","1 of 1","Don Valley West","Local","7500","NCAG","Environment, Climate and Forestry","2025"
5567,"Rexdale Community Health Centre","1 of 1","Etobicoke North","Local","197214.86","CSP","Social Development","2025"
5568,"REXDALE COMMUNITY HEALTH CENTRE","1 of 1","Etobicoke North","Local","22500","Community Celebration Support Fund","Economic Development & Culture","2025"
5569,"Rexdale Community Health Centre & Think 2wice","1 of 1","Etobicoke North","Local","215694","YVP","Social Development","2025"
5570,"Rexdale Community Hub","1 of 1","Etobicoke North","Local","365052.81","CSP","Social Development","2025"
5571,"Rexdale Rising","1 of 1","Etobicoke North","Local","7175.29","NCAG","Environment, Climate and Forestry","2025"
5572,"Rexdale Women's Centre","1 of 1","Etobicoke North","Local","126324.9","CSP","Social Development","2025"
5573,"RHONDA LUCY","1 of 2","Spadina-Fort York","Local","5840","TAC Project - Creative Communities","Economic Development & Culture","2025"
5574,"RHONDA LUCY","2 of 2","Spadina-Fort York","Local","13700","TAC Project - Indigenous Arts","Economic Development & Culture","2025"
5575,"RHOZELAND MANIFESTO DESIGN INC.","1 of 1","York South-Weston","Local","20000","Main Street Recovery & Rebuild Initiative","Economic Development & Culture","2025"
5576,"RICHARD B. PIERRE","1 of 1","Etobicoke-Lakeshore","Local","14500","TAC Project - Visual and Media Arts","Economic Development & Culture","2025"
5577,"RICHARD DANG","1 of 1","Willowdale","Local","15000","TAC Project - Visual and Media Arts","Economic Development & Culture","2025"
5578,"RICHMOND NANTWI","1 of 1","Scarborough Centre","Local","10000","TAC Project - Music","Economic Development & Culture","2025"
5579,"RIPPAH CHILI OIL","1 of 1","Davenport","Local","5000","SBEC Core, Starter Company Plus & Summer Company","Economic Development & Culture","2025"
5580,"RISE","1 of 1","Scarborough-Rouge Park","City Wide","21000","YCISI","Economic Development & Culture","2025"
5581,"RISE Arts and Community Services","1 of 1","Scarborough-Rouge Park","Local","40000","BMFF","Social Development","2025"
5582,"RISE ARTS AND COMMUNITY SERVICES","1 of 2","Outside Toronto","Local","36000","Community Celebration Support Fund","Economic Development & Culture","2025"
5583,"RISE ARTS AND COMMUNITY SERVICES","2 of 2","Outside Toronto","Local","74000","Youth Cultural Incubators Stabilization Initiative","Economic Development & Culture","2025"
5584,"Rise In STEM","1 of 1","Spadina-Fort York","Local","40000","BMFF","Social Development","2025"
5585,"Riverdale Immigrant Women Enterprises","1 of 1","Toronto-Danforth","City Wide","8000","TAC","Toronto Arts Council","2025"
5586,"RIVERDALE IMMIGRANT WOMEN ENTERPRISES","1 of 1","Toronto-Danforth","Local","8000","TAC Project - Visual and Media Arts","Economic Development & Culture","2025"
5587,"Riverdale Library Gardeners","1 of 1","Toronto-Danforth","Local","4900","PTCG","Environment, Climate and Forestry","2025"
5588,"RIVERSIDE BIA","1 of 6","Toronto-Danforth","Local","25000","Main Street Recovery & Rebuild Initiative","Economic Development & Culture","2025"
5589,"RIVERSIDE BIA","2 of 6","Toronto-Danforth","Local","4611.25","Special Events Stabilization Initiative","Economic Development & Culture","2025"
5590,"RIVERSIDE BIA","3 of 6","Toronto-Danforth","Local","12000","Cultural Festivals Funding Program","Economic Development & Culture","2025"
5591,"RIVERSIDE BIA","4 of 6","Toronto-Danforth","Local","100000","Transit Construction Mitigation Fund","Economic Development & Culture","2025"
5592,"RIVERSIDE BIA","5 of 6","Toronto-Danforth","Local","17531.25","Community Celebration Support Fund","Economic Development & Culture","2025"
5593,"RIVERSIDE BIA","6 of 6","Toronto-Danforth","Local","201639.25","Economic Development Services Directed Grants","Economic Development & Culture","2025"
5594,"Rivertowne Healing Group","1 of 1","Don Valley East","Neighbourhood","5000","CCRF","Social Development","2025"
5595,"RIZO RADIANCE LTD.","1 of 1","Spadina-Fort York","Local","5000","SBEC Core, Starter Company Plus & Summer Company","Economic Development & Culture","2025"
5596,"ROBERT LEE","1 of 1","Beaches-East York","Local","4000","TAC Project - Music","Economic Development & Culture","2025"
5597,"ROBERT MENTOV","1 of 1","Spadina-Fort York","Local","15000","TAC Project - Visual and Media Arts","Economic Development & Culture","2025"
5598,"ROBLE ISSA","1 of 1","Humber River-Black Creek","Local","11250","TAC Project - Black Arts","Economic Development & Culture","2025"
5599,"Rock Bottom Movement Dance Company","1 of 1","Toronto-Danforth","City Wide","11000","TAC","Toronto Arts Council","2025"
5600,"ROCK BOTTOM MOVEMENT DANCE COMPANY","1 of 1","Toronto-Danforth","Local","11000","TAC Project - Dance","Economic Development & Culture","2025"
5601,"RODNEY DIVERLUS","1 of 2","Spadina-Fort York","Local","12600","TAC Project - Black Arts","Economic Development & Culture","2025"
5602,"RODNEY DIVERLUS","2 of 2","Spadina-Fort York","Local","8000","TAC Project - Dance","Economic Development & Culture","2025"
5603,"ROGERS ROAD BIA","1 of 2","York South-Weston","Local","12675","Community Celebration Support Fund","Economic Development & Culture","2025"
5604,"ROGERS ROAD BIA","2 of 2","York South-Weston","Local","31250","BIA Capacity Development Grant","Economic Development & Culture","2025"
5605,"RONALD SIU","1 of 1","Toronto-Danforth","Local","10000","TAC Project - Visual and Media Arts","Economic Development & Culture","2025"
5606,"RONCESVALLES VILLAGE BIA","1 of 4","Parkdale-High Park","Local","30000","Special Events Stabilization Initiative","Economic Development & Culture","2025"
5607,"RONCESVALLES VILLAGE BIA","2 of 4","Parkdale-High Park","Local","15000","Cultural Festivals Funding Program","Economic Development & Culture","2025"
5608,"RONCESVALLES VILLAGE BIA","3 of 4","Parkdale-High Park","Local","12500","Community Celebration Support Fund","Economic Development & Culture","2025"
5609,"RONCESVALLES VILLAGE BIA","4 of 4","Parkdale-High Park","Local","2000","BIA Capacity Development Grant","Economic Development & Culture","2025"
5610,"RONCY PACKS","1 of 1","Parkdale-High Park","Local","5000","SBEC Core, Starter Company Plus & Summer Company","Economic Development & Culture","2025"
5611,"Roots of Wisdom","1 of 1","Humber River-Black Creek","Local","5000","PTCG","Environment, Climate and Forestry","2025"
5612,"ROSEDALE MAINSTREET BIA","1 of 2","Toronto-St. Paul’s","Local","2240.84","Special Events Stabilization Initiative","Economic Development & Culture","2025"
5613,"ROSEDALE MAINSTREET BIA","2 of 2","Toronto-St. Paul’s","Local","16875","Community Celebration Support Fund","Economic Development & Culture","2025"
5614,"Roseneath Theatre","1 of 1","Davenport","City Wide","74825","TAC","Toronto Arts Council","2025"
5615,"ROSENEATH THEATRE","1 of 1","Davenport","Local","74825","TAC Operating - Theatre","Economic Development & Culture","2025"
5616,"ROSY ZHANG","1 of 1","Don Valley North","Local","17662.5","TAC Project - Animating","Economic Development & Culture","2025"
5617,"ROTARY CLUB OF SCARBOROUGH","1 of 1","Scarborough-Rouge Park","Local","34000","Special Events Stabilization Initiative","Economic Development & Culture","2025"
5618,"ROYALTY HELPING HANDS","1 of 1","Humber River-Black Creek","Neighbourhood","5000","CCRF","Social Development","2025"
5619,"RUMI JERAJ","1 of 1","Toronto Centre","Local","8000","TAC Project - Dance","Economic Development & Culture","2025"
5620,"Rwandan Canadian Healing Centre","1 of 1","Toronto Centre","City Wide","35000","BMFF","Social Development","2025"
5621,"RYAN FERKO","1 of 1","University-Rosedale","Local","15000","TAC Project - Visual and Media Arts","Economic Development & Culture","2025"
5622,"RYAN VAN DER HOUT","1 of 2","Parkdale-High Park","Local","16000","TAC Project - Animating","Economic Development & Culture","2025"
5623,"RYAN VAN DER HOUT","2 of 2","Parkdale-High Park","Local","10000","TAC Project - Visual and Media Arts","Economic Development & Culture","2025"
5624,"S A U E R","1 of 1","Etobicoke-Lakeshore","Local","5000","TAC Project - Music","Economic Development & Culture","2025"
5625,"S. Thomas More C.S. EcoTeam","1 of 1","Scarborough-Guildwood","Local","4340","PTCG","Environment, Climate and Forestry","2025"
5626,"S.M. TURRELL","1 of 1","Parkdale-High Park","Local","10000","TAC Project - Indigenous Arts","Economic Development & Culture","2025"
5627,"Saawan Collective","1 of 1","Humber River-Black Creek","City Wide","11250","TAC","Toronto Arts Council","2025"
5628,"SAAWAN COLLECTIVE","1 of 1","Humber River-Black Creek","Local","11250","TAC Project - Theatre","Economic Development & Culture","2025"
5629,"SABRINA STUART SMITH","1 of 1","Scarborough Southwest","Local","5000","TAC Project - Literary","Economic Development & Culture","2025"
5630,"Sacred Earth Guardians","1 of 1","Toronto-Danforth","Neighbourhood","17000","INI","Social Development","2025"
5631,"SADIEL GOMEZ","1 of 1","University-Rosedale","Local","7500","TAC Project - Visual and Media Arts","Economic Development & Culture","2025"
5632,"Safe Place","1 of 1","Don Valley West","City Wide","40000","BMFF","Social Development","2025"
5633,"Safe Space","1 of 1","Humber River-Black Creek","Local","7499","NCAG","Environment, Climate and Forestry","2025"
5634,"Safeword","1 of 1","University-Rosedale","City Wide","5250","TAC","Toronto Arts Council","2025"
5635,"SAFEWORD","1 of 1","University-Rosedale","Local","5250","TAC Project - Theatre","Economic Development & Culture","2025"
5636,"SAGAL DUALE","1 of 1","Scarborough-Guildwood","Local","8756","TAC Project - Black Arts","Economic Development & Culture","2025"
5637,"Salmon Project","1 of 1","Toronto-Danforth","City Wide","15000","TAC","Toronto Arts Council","2025"
5638,"SALMON PROJECT","1 of 1","Toronto-Danforth","Local","15000","TAC Project - Theatre","Economic Development & Culture","2025"
5639,"Salon Du Livre De Toronto","1 of 1","University-Rosedale","City Wide","20000","TAC","Toronto Arts Council","2025"
5640,"SALON DU LIVRE DE TORONTO","1 of 1","University-Rosedale","Local","20000","TAC Operating - Literary","Economic Development & Culture","2025"
5641,"SAMA MOUSAVI","1 of 1","Toronto-St. Paul’s","Local","5000","TAC Project - Theatre","Economic Development & Culture","2025"
5642,"SAMAN SHAHI","1 of 1","Toronto Centre","Local","2400","TAC Project - Music","Economic Development & Culture","2025"
5643,"San Romanoway Revitalization Association","1 of 2","Humber River-Black Creek","Local","35000","BMFF","Social Development","2025"
5644,"San Romanoway Revitalization Association","2 of 2","Humber River-Black Creek","Local","116470.22","CSP","Social Development","2025"
5645,"SANGMIN LEE","1 of 1","Toronto Centre","Local","10000","TAC Project - Visual and Media Arts","Economic Development & Culture","2025"
5646,"SANKOFA SQUARE","1 of 1","Toronto Centre","Local","15000","Film and Creative Industries Directed Grants","Economic Development & Culture","2025"
5647,"SARA SABBAGH","1 of 1","University-Rosedale","Local","15000","TAC Project - Visual and Media Arts","Economic Development & Culture","2025"
5648,"SARAH ZANCHETTA","1 of 2","Parkdale-High Park","Local","18300","TAC Project - Animating","Economic Development & Culture","2025"
5649,"SARAH ZANCHETTA","2 of 2","Parkdale-High Park","Local","10000","TAC Project - Visual and Media Arts","Economic Development & Culture","2025"
5650,"SARRA MALEK","1 of 1","Spadina-Fort York","Local","15000","TAC Project - Literary","Economic Development & Culture","2025"
5651,"SASHA L HENRY","1 of 1","Etobicoke North","Local","3950","TAC Project - Music","Economic Development & Culture","2025"
5652,"Savac","1 of 1","Spadina-Fort York","City Wide","60100","TAC","Toronto Arts Council","2025"
5653,"SAVAC","1 of 1","Spadina-Fort York","Local","60100","TAC Operating - Visual and Media Arts","Economic Development & Culture","2025"
5654,"Scadding Court Community Centre","1 of 1","Spadina-Fort York","Local","12750","TAC","Toronto Arts Council","2025"
5655,"SCADDING COURT COMMUNITY CENTRE","1 of 2","Spadina-Fort York","Local","10000","Business Incubation & Commercialization Grant","Economic Development & Culture","2025"
5656,"SCADDING COURT COMMUNITY CENTRE","2 of 2","Spadina-Fort York","Local","12750","TAC Project - Creative Communities","Economic Development & Culture","2025"
5657,"Scadding Court Community Centre Incorporated","1 of 1","Spadina-Fort York","Neighbourhood","223713.44","CSP","Social Development","2025"
5658,"SCARB PAN-ASIAN RESIDENTS COLLECTIVE","1 of 1","Scarborough North","Local","2330","TAC Project - Art Reach","Economic Development & Culture","2025"
5659,"Scarborough Arts","1 of 1","Scarborough Southwest","Local","317750","LASO","Economic Development & Culture","2025"
5660,"SCARBOROUGH ARTS","1 of 4","Scarborough Southwest","Local","25000","Main Street Recovery & Rebuild Initiative","Economic Development & Culture","2025"
5661,"SCARBOROUGH ARTS","2 of 4","Scarborough Southwest","Local","36000","Community Celebration Support Fund","Economic Development & Culture","2025"
5662,"SCARBOROUGH ARTS","3 of 4","Scarborough Southwest","Local","420250","Local Arts Service Organizations","Economic Development & Culture","2025"
5663,"SCARBOROUGH ARTS","4 of 4","Scarborough Southwest","Local","11000","Cultural Hotspot","Economic Development & Culture","2025"
5664,"Scarborough Centre for Healthy Communities","1 of 1","Scarborough-Guildwood","Local","1294921.81","AASSP","Housing Secretariat","2025"
5665,"Scarborough Centre for Healthy Communities","2 of 2","Scarborough-Guildwood","Local","237288.73","CSP","Social Development","2025"
5666,"Scarborough Centre for Healthy Communities","1 of 2","Scarborough-Guildwood","Local","215694","YVP","Social Development","2025"
5667,"Scarborough Environmental Asc","1 of 1","Scarborough Centre, Scarborough-Guildwood","Local","7445","NCAG","Environment, Climate and Forestry","2025"
5668,"SCARBOROUGH FOOD SECURITY INITIATIVE","1 of 1","Scarborough Southwest","Local","115000","Business Incubation & Commercialization Grant","Economic Development & Culture","2025"
5669,"Scarborough Philharmonic Orchestra","1 of 1","Scarborough Centre","Local","23575","TAC","Toronto Arts Council","2025"
5670,"SCARBOROUGH PHILHARMONIC ORCHESTRA","1 of 2","Scarborough Centre","Local","10000","Creative Industries Grant","Economic Development & Culture","2025"
5671,"SCARBOROUGH PHILHARMONIC ORCHESTRA","2 of 2","Scarborough Centre","Local","23575","TAC Operating - Community Music Making","Economic Development & Culture","2025"
5672,"Scarborough Rising Green","1 of 1","Beaches–East York, Scarborough Southwest","Local","7300","NCAG","Environment, Climate and Forestry","2025"
5673,"Scarborough Women's Centre","1 of 1","Scarborough-Guildwood","Neighbourhood","46770.47","CSP","Social Development","2025"
5674,"Scarbrite","1 of 1","Scarborough-Rouge Park","Local","15000","TAC","Toronto Arts Council","2025"
5675,"SCARBRITE","1 of 1","Scarborough-Rouge Park","Local","15000","TAC Project - Art Reach","Economic Development & Culture","2025"
5676,"SCARLETT JODHA","1 of 1","Scarborough Southwest","Local","5000","TAC Project - Theatre","Economic Development & Culture","2025"
5677,"Scarlettwood Warriors for Change","1 of 1","Etobicoke Centre","Local","7500","NCAG","Environment, Climate and Forestry","2025"
5678,"School Advisory Council of Seventh Street Junior School","1 of 1","Etobicoke-Lakeshore","Neighbourhood","4413.25","CCRF","Social Development","2025"
5679,"SCOTT MISSION, THE","1 of 1","University-Rosedale","Local","87218.94","HPP","Toronto Shelter & Support Services","2025"
5680,"SCREEN COMPOSERS GUILD OF CANADA","1 of 1","Don Valley East","Local","1000","Creative Industries Grant","Economic Development & Culture","2025"
5681,"Seagull 1 Seagull 2","1 of 1","Etobicoke North","City Wide","8750","TAC","Toronto Arts Council","2025"
5682,"SEAGULL 1 SEAGULL 2","1 of 1","Etobicoke North","Local","8750","TAC Project - Theatre","Economic Development & Culture","2025"
5683,"SEAN WEISGERBER","1 of 1","Toronto-St. Paul’s","Local","10000","TAC Project - Visual and Media Arts","Economic Development & Culture","2025"
5684,"Seaton Village Green Neighbours","1 of 1","University-Rosedale","Local","3660","NCAG","Environment, Climate and Forestry","2025"
5685,"SEDINA FIATI","1 of 1","Spadina-Fort York","Local","5000","TAC Project - Theatre","Economic Development & Culture","2025"
5686,"Seeking The Fruits Of Our Labor","1 of 1","Eglinton-Lawrence","Neighbourhood","4700","CCRF","Social Development","2025"
5687,"SEGUN CAEZAR","1 of 1","Toronto Centre","Local","22500","TAC Project - Animating","Economic Development & Culture","2025"
5688,"Seneca Polytechnic","1 of 1","Don Valley North","Local","6300","FOR","Environment, Climate and Forestry","2025"
5689,"Seneca Polytechnic","1 of 1","Don Valley North","Local","6300","FOR","Environment, Climate and Forestry","2025"
5690,"Senior Persons Living Connected","1 of 1","Scarborough-Agincourt","Local","126847.7","CSP","Social Development","2025"
5691,"Senior Tamils' Centre of Ontario","1 of 1","Scarborough North","City Wide","75771.44","CSP","Social Development","2025"
5692,"SERVE","1 of 1","Toronto Centre","Local","15000","TAC Project - Visual and Media Arts","Economic Development & Culture","2025"
5693,"Settlement Assistance and Family Support Services (SAFSS)","1 of 1","Scarborough-Guildwood","Local","66913.14","CSP","Social Development","2025"
5694,"SEW-RITE STUDIO INC.","1 of 1","Davenport","Local","5000","SBEC Core, Starter Company Plus & Summer Company","Economic Development & Culture","2025"
5695,"SEYED HONEY HOSEINY MOGHADDAM","1 of 1","Willowdale","Local","15000","TAC Project - Newcomer and Refugee","Economic Development & Culture","2025"
5696,"Shadowland Theatre","1 of 2","Spadina-Fort York","Local","24000","TAC","Toronto Arts Council","2025"
5697,"Shadowland Theatre","2 of 2","Spadina-Fort York","Local","22500","TAC","Toronto Arts Council","2025"
5698,"SHADOWLAND THEATRE","1 of 2","Spadina-Fort York","Local","24000","TAC Operating - Creative Communities","Economic Development & Culture","2025"
5699,"SHADOWLAND THEATRE","2 of 2","Spadina-Fort York","Local","22500","TAC Project - Animating","Economic Development & Culture","2025"
5700,"SHAGHAYEGH BAGHERI","1 of 1","Eglinton-Lawrence","Local","15000","TAC Project - Newcomer and Refugee","Economic Development & Culture","2025"
5701,"SHAHANA RAJANI","1 of 1","Davenport","Local","15000","TAC Project - Newcomer and Refugee","Economic Development & Culture","2025"
5702,"Shakespeare In The Ruff","1 of 1","Toronto-Danforth","City Wide","20000","TAC","Toronto Arts Council","2025"
5703,"SHAKESPEARE IN THE RUFF","1 of 1","Toronto-Danforth","Local","20000","TAC Operating - Theatre","Economic Development & Culture","2025"
5704,"SHALON WEBBER-HEFFERNAN","1 of 2","Parkdale-High Park","Local","22500","TAC Project - Animating","Economic Development & Culture","2025"
5705,"SHALON WEBBER-HEFFERNAN","2 of 2","Parkdale-High Park","Local","12000","TAC Project - Visual and Media Arts","Economic Development & Culture","2025"
5706,"SHANDINA EMPIRE INC.","1 of 1","Beaches-East York","Local","5000","SBEC Core, Starter Company Plus & Summer Company","Economic Development & Culture","2025"
5707,"SHANTIA ZAKERAMELI RENANI","1 of 1","Toronto Centre","Local","15000","TAC Project - Newcomer and Refugee","Economic Development & Culture","2025"
5708,"SHARON LEWIS","1 of 1","Toronto-Danforth","Local","7900","TAC Project - Black Arts","Economic Development & Culture","2025"
5709,"Shawish Market Inc","1 of 1","Etobicoke-Lakeshore","City Wide","9000","TAC","Toronto Arts Council","2025"
5710,"SHAWISH MARKET INC.","1 of 1","Etobicoke-Lakeshore","Local","9000","TAC Project - Indigenous Arts","Economic Development & Culture","2025"
5711,"SHEA GREEN COMPANY","1 of 1","University-Rosedale","Local","5000","SBEC Core, Starter Company Plus & Summer Company","Economic Development & Culture","2025"
5712,"Sheeep Collective","1 of 1","Davenport","City Wide","22400","TAC","Toronto Arts Council","2025"
5713,"SHEEEP COLLECTIVE","1 of 1","Davenport","Local","22400","TAC Project - Animating","Economic Development & Culture","2025"
5714,"SHELBY'S COOKIE CO.","1 of 1","Eglinton-Lawrence","Local","5000","SBEC Core, Starter Company Plus & Summer Company","Economic Development & Culture","2025"
5715,"SHEPPARD EAST VILLAGE BIA","1 of 1","Scarborough North","Local","42415.66","Main Street Recovery & Rebuild Initiative","Economic Development & Culture","2025"
5716,"SHERBOURNE HEALTH CENTRE","1 of 1","Toronto Centre","Local","25300.32","HPP","Toronto Shelter & Support Services","2025"
5717,"SHERVIN KERMANI","1 of 1","Etobicoke North","Local","15000","TAC Project - Visual and Media Arts","Economic Development & Culture","2025"
5718,"SHIRIN FATHI","1 of 1","Don Valley West","Local","10000","TAC Project - Visual and Media Arts","Economic Development & Culture","2025"
5719,"Shkaabe Makwa (Centre for Addiction and Mental Health - CAMH)","1 of 1","Spadina-Fort York","Local","19000","ICAG","Environment, Climate and Forestry","2025"
5720,"SHUCHI DAMANI","1 of 1","Toronto Centre","Local","15000","TAC Project - Newcomer and Refugee","Economic Development & Culture","2025"
5721,"SHYAM SELVADURAI","1 of 1","Toronto-St. Paul’s","Local","10000","TAC Project - Literary","Economic Development & Culture","2025"
5722,"SHYLA GRAY","1 of 1","University-Rosedale","Local","10000","TAC Project - Music","Economic Development & Culture","2025"
5723,"Sick Muse Art Projects","1 of 1","Davenport","City Wide","13000","TAC","Toronto Arts Council","2025"
5724,"SICK MUSE ARTS PROJECTS","1 of 3","Davenport","Local","1235.9","Special Events Stabilization Initiative","Economic Development & Culture","2025"
5725,"SICK MUSE ARTS PROJECTS","2 of 3","Davenport","Local","18000","Cultural Festivals Funding Program","Economic Development & Culture","2025"
5726,"SICK MUSE ARTS PROJECTS","3 of 3","Davenport","Local","13000","TAC Project - Creative Communities","Economic Development & Culture","2025"
5727,"Silent Voice Canada Inc.","1 of 1","Toronto-St. Paul’s","City Wide","40537.93","CSP","Social Development","2025"
5728,"Silver Springs Public School","1 of 1","Scarborough Agincourt","Local","1000","YCAG","Environment, Climate and Forestry","2025"
5729,"Silverthorn Community School","1 of 1","York South-Weston","Local","1000","YCAG","Environment, Climate and Forestry","2025"
5730,"SIMON HOWARD SHIM SUTCLIFFE","1 of 1","Toronto-Danforth","Local","14500","TAC Project - Visual and Media Arts","Economic Development & Culture","2025"
5731,"SIMON PALUCK","1 of 1","Toronto Centre","Local","15000","TAC Project - Visual and Media Arts","Economic Development & Culture","2025"
5732,"SIN TUNG NG","1 of 1","Willowdale","Local","15000","TAC Project - Newcomer and Refugee","Economic Development & Culture","2025"
5733,"Sinfonia Toronto","1 of 1","Don Valley North","City Wide","12350","TAC","Toronto Arts Council","2025"
5734,"SINFONIA TORONTO","1 of 1","Don Valley North","Local","12350","TAC Operating - Music","Economic Development & Culture","2025"
5735,"Sir Ernest MacMillan Senior Public School","1 of 1","Scarborough Agincourt","Local","1000","YCAG","Environment, Climate and Forestry","2025"
5736,"Sistema Toronto Academy","1 of 1","Parkdale-High Park","Local","7000","TAC","Toronto Arts Council","2025"
5737,"SISTEMA TORONTO ACADEMY","1 of 1","Parkdale-High Park","Local","7000","TAC Project - Creative Communities","Economic Development & Culture","2025"
5738,"Sisters in Solidarity","1 of 1","Spadina-Fort York","Local","8900","ICAG","Environment, Climate and Forestry","2025"
5739,"SLOWMAKING MEDIA INC.","1 of 1","Willowdale","Local","5000","SBEC Core, Starter Company Plus & Summer Company","Economic Development & Culture","2025"
5740,"Small World Music Society","1 of 1","Spadina-Fort York","City Wide","94000","TAC","Toronto Arts Council","2025"
5741,"SMALL WORLD MUSIC SOCIETY","1 of 4","Spadina-Fort York","Local","40000","Community Celebration Support Fund","Economic Development & Culture","2025"
5742,"SMALL WORLD MUSIC SOCIETY","2 of 4","Spadina-Fort York","Local","20000","Business Incubation & Commercialization Grant","Economic Development & Culture","2025"
5743,"SMALL WORLD MUSIC SOCIETY","3 of 4","Spadina-Fort York","Local","7500","Creative Industries Grant","Economic Development & Culture","2025"
5744,"SMALL WORLD MUSIC SOCIETY","4 of 4","Spadina-Fort York","Local","94000","TAC Operating - Music","Economic Development & Culture","2025"
5745,"SMOKE & TEARS CORP.","1 of 1","Toronto Centre","Local","5000","SBEC Core, Starter Company Plus & Summer Company","Economic Development & Culture","2025"
5746,"SOCIETY OF PHILIPPINE ARTISTS, RECREATION AND COMMUNITY","1 of 1","Eglinton-Lawrence","Local","34000","Special Events Stabilization Initiative","Economic Development & Culture","2025"
5747,"Society of Sharing: Inner-City Volunteers","1 of 1","Toronto Centre","Local","20976.8","CSP","Social Development","2025"
5748,"SOFIA BERGER","1 of 1","Parkdale-High Park","Local","10000","TAC Project - Visual and Media Arts","Economic Development & Culture","2025"
5749,"SOFT DOUGH CO. BAKERY LTD.","1 of 1","Spadina-Fort York","Local","5000","SBEC Core, Starter Company Plus & Summer Company","Economic Development & Culture","2025"
5750,"Somali Canadian Association of Etobicoke","1 of 1","Etobicoke North","Local","30363.8","CSP","Social Development","2025"
5751,"Somali Women's and Children's Support Network","2 of 2","Etobicoke North","City Wide","52832.65","CSP","Social Development","2025"
5752,"Somali Women's and Children's Support Network","1 of 2","Etobicoke North","Local","35000","BMFF","Social Development","2025"
5753,"SOPHIE DUMESNY","1 of 1","Parkdale-High Park","Local","15000","TAC Project - Newcomer and Refugee","Economic Development & Culture","2025"
5754,"SOS Program","1 of 1","Scarborough-Guildwood","Local","5000","CCRF","Social Development","2025"
5755,"SOUL MADE PATISSERIE & CAFE INC.","1 of 1","Willowdale","Local","5000","SBEC Core, Starter Company Plus & Summer Company","Economic Development & Culture","2025"
5756,"Soulpepper","1 of 1","Spadina-Fort York","City Wide","10500","YCISI","Economic Development & Culture","2025"
5757,"Soulpepper Theatre Company","1 of 1","Spadina-Fort York","City Wide","461000","TAC","Toronto Arts Council","2025"
5758,"SOULPEPPER THEATRE COMPANY","1 of 2","Spadina-Fort York","Local","10500","Youth Cultural Incubators Stabilization Initiative","Economic Development & Culture","2025"
5759,"SOULPEPPER THEATRE COMPANY","2 of 2","Spadina-Fort York","Local","461000","TAC Large Institutions","Economic Development & Culture","2025"
5760,"Soundcheck Youth Arts Inc.","1 of 2","Eglinton-Lawrence","City Wide","55000","TAC","Toronto Arts Council","2025"
5761,"Soundcheck Youth Arts Inc.","2 of 2","Eglinton-Lawrence","City Wide","29375","TAC","Toronto Arts Council","2025"
5762,"SOUNDCHECK YOUTH ARTS INC.","1 of 2","Eglinton-Lawrence","Local","29375","TAC Operating - Black Arts","Economic Development & Culture","2025"
5763,"SOUNDCHECK YOUTH ARTS INC.","2 of 2","Eglinton-Lawrence","Local","55000","TAC Project - Innovation and Capacity Building","Economic Development & Culture","2025"
5764,"SoundStock Academy","1 of 1","Toronto Centre","City Wide","53000","YCISI","Economic Development & Culture","2025"
5765,"Soundstreams","1 of 1","Toronto Centre","City Wide","95000","TAC","Toronto Arts Council","2025"
5766,"SOUNDSTREAMS","1 of 1","Toronto Centre","Local","95000","TAC Operating - Music","Economic Development & Culture","2025"
5767,"SOUTH ACSA - AGINCOURT COMMUNITY SER","2 of 3","Scarborough-Guildwood","Local","58430.740000000005","HPP","Toronto Shelter & Support Services","2025"
5768,"South Asian Women's Centre","1 of 1","Davenport","City Wide","113806.94","CSP","Social Development","2025"
5769,"South Parkdale Community Pollinator Gardens Group","1 of 1","Parkdale-High Park","Local","5000","PTCG","Environment, Climate and Forestry","2025"
5770,"South Riverdale Community Health Centre","1 of 1","Toronto-Danforth","Local","124057.45","CSP","Social Development","2025"
5771,"Southern Currents Film & Video Collective","1 of 1","Davenport","City Wide","24000","TAC","Toronto Arts Council","2025"
5772,"SOUTHERN CURRENTS FILM & VIDEO COLLECTIVE","1 of 1","Davenport","Local","24000","TAC Operating - Visual and Media Arts","Economic Development & Culture","2025"
5773,"Sparc (Scarb Pan-Asian Residents Collective)","1 of 1","Scarborough North","Local","2330","TAC","Toronto Arts Council","2025"
5774,"SPEECH ALLY INC.","1 of 1","Don Valley North","Local","5000","SBEC Core, Starter Company Plus & Summer Company","Economic Development & Culture","2025"
5775,"SPIN EL POETA","1 of 1","Willowdale","Local","10000","TAC Project - Literary","Economic Development & Culture","2025"
5776,"Spirit of Caribbean Arts","1 of 1","Scarborough-Guildwood","Local","5000","CHS","Economic Development & Culture","2025"
5777,"Spirit Of Caribbean Arts Inc.","1 of 1","Scarborough North","Local","15000","TAC","Toronto Arts Council","2025"
5778,"SPIRIT OF CARIBBEAN ARTS INC.","1 of 2","Scarborough North","Local","5000","Cultural Hotspot","Economic Development & Culture","2025"
5779,"SPIRIT OF CARIBBEAN ARTS INC.","2 of 2","Scarborough North","Local","15000","TAC Project - Black Arts","Economic Development & Culture","2025"
5780,"SPRINT Senior Care (SPRINT - Senior People's Resources Toronto)","1 of 1","Toronto-St. Paul’s","Local","125232.29","CSP","Social Development","2025"
5781,"Spy Collective","1 of 1","Davenport","Local","18300","TAC","Toronto Arts Council","2025"
5782,"SPY COLLECTIVE","1 of 1","Davenport","Local","18300","TAC Project - Animating","Economic Development & Culture","2025"
5783,"SQA LEADERS INC.","1 of 1","Scarborough Centre","Local","5000","SBEC Core, Starter Company Plus & Summer Company","Economic Development & Culture","2025"
5784,"St Brigid Catholic School","1 of 1","Beaches-East York","Local","912","YCAG","Environment, Climate and Forestry","2025"
5785,"ST CLAIR GARDENS BIA","1 of 1","Davenport","Local","48054.2","BIA Capacity Development Grant","Economic Development & Culture","2025"
5786,"ST JOHN THE COMPASSIONATE MISS","1 of 1","Toronto-Danforth","Local","39441.479999999996","HPP","Toronto Shelter & Support Services","2025"
5787,"St Margaret New Toronto","1 of 1","Etobicoke-Lakeshore","Local","5000","CCRF","Social Development","2025"
5788,"St. Alban's Boys and Girls Club","1 of 1","University-Rosedale","Local","251521.93","CSP","Social Development","2025"
5789,"St. Benedict Catholic School","1 of 1","Etobicoke North","Local","1000","YCAG","Environment, Climate and Forestry","2025"
5790,"St. Clair O'Connor Community Inc.","1 of 1","Beaches-East York","Neighbourhood","23273.62","CSP","Social Development","2025"
5791,"St. Dorothy Catholic School","1 of 2","Etobicoke North","Local","1000","YCAG","Environment, Climate and Forestry","2025"
5792,"St. Dorothy Catholic School","2 of 2","Etobicoke North","Local","1000","YCAG","Environment, Climate and Forestry","2025"
5793,"St. Fidelis Golden Age Club","1 of 1","York South-Weston","Local","25000","TCDI","Social Development","2025"
5794,"St. Jamestown Youth United","1 of 1","Toronto Centre","Local","5000","CCRF","Social Development","2025"
5795,"St. Joachim Catholic School","1 of 1","Scarborough Southwest","Local","1000","YCAG","Environment, Climate and Forestry","2025"
5796,"St. Josephs College School","1 of 4","University-Rosedale","Local","1000","YCAG","Environment, Climate and Forestry","2025"
5797,"St. Josephs College School","2 of 4","University-Rosedale","Local","1000","YCAG","Environment, Climate and Forestry","2025"
5798,"St. Joseph's College School","3 of 4","University-Rosedale","Local","1000","YCAG","Environment, Climate and Forestry","2025"
5799,"St. Joseph's College School","4 of 4","University-Rosedale","Local","1000","YCAG","Environment, Climate and Forestry","2025"
5800,"St. Margaret Catholic School","1 of 2","Eglinton-Lawrence","Local","900","YCAG","Environment, Climate and Forestry","2025"
5801,"St. Margaret Catholic School","2 of 2","Eglinton-Lawrence","Local","1000","YCAG","Environment, Climate and Forestry","2025"
5802,"St. Matthew's Bracondale House","1 of 1","Toronto-St. Paul’s","Neighbourhood","62583.84","CSP","Social Development","2025"
5803,"St. Paschal Baylon School","1 of 1","Willowdale","Local","1000","YCAG","Environment, Climate and Forestry","2025"
5804,"ST. PATRICK'S PARADE SOCIETY","1 of 2","University-Rosedale","Local","17046.75","Special Events Stabilization Initiative","Economic Development & Culture","2025"
5805,"ST. PATRICK'S PARADE SOCIETY","2 of 2","University-Rosedale","Local","20000","Strategic Policy and Management Services  Event Sponsorships","Economic Development & Culture","2025"
5806,"St.Jamestown Youth United","1 of 1","Toronto Centre","Neighbourhood","5000","CCRF","Social Development","2025"
5807,"St.Timothy Catholic School","1 of 1","Don Valley North","Local","1000","YCAG","Environment, Climate and Forestry","2025"
5808,"STAC(S) INC.","1 of 1","Spadina-Fort York","Local","5000","SBEC Core, Starter Company Plus & Summer Company","Economic Development & Culture","2025"
5809,"STACKT PROPERTIES LP","1 of 1","University-Rosedale","Local","17027","Main Street Recovery & Rebuild Initiative","Economic Development & Culture","2025"
5810,"STARTUP FASHION WEEK","1 of 1","Spadina-Fort York","Local","10000","Business Incubation & Commercialization Grant","Economic Development & Culture","2025"
5811,"Stay Golden","1 of 1","Don Valley North","City Wide","53000","YCISI","Economic Development & Culture","2025"
5812,"Stay Golden","1 of 2","Scarborough North","City Wide","25000","TAC","Toronto Arts Council","2025"
5813,"Stay Golden","2 of 2","Scarborough North","City Wide","6400","TAC","Toronto Arts Council","2025"
5814,"STAY GOLDEN","1 of 2","Scarborough North","Local","6400","TAC Project - Creative Communities","Economic Development & Culture","2025"
5815,"STAY GOLDEN","2 of 2","Scarborough North","Local","25000","TAC Project - Innovation and Capacity Building","Economic Development & Culture","2025"
5816,"STEADFAST BREWING COMPANY INC.","1 of 1","Davenport","Local","4011.5","CaféTO Grant","Economic Development & Culture","2025"
5817,"STEPH HARKNESS","1 of 1","Toronto-Danforth","Local","15000","TAC Project - Dance","Economic Development & Culture","2025"
5818,"Steps Public Art","1 of 1","Spadina-Fort York","Local","24541","TAC","Toronto Arts Council","2025"
5819,"STEPS PUBLIC ART","1 of 1","Spadina-Fort York","Local","24541","TAC Project - Animating","Economic Development & Culture","2025"
5820,"STEVEN SCHMID","1 of 1","Toronto-St. Paul’s","Local","10000","TAC Project - Visual and Media Arts","Economic Development & Culture","2025"
5821,"STIM MIE INC.","1 of 1","Toronto-St. Paul’s","Local","5000","SBEC Core, Starter Company Plus & Summer Company","Economic Development & Culture","2025"
5822,"Stolen From Africa","1 of 1","Scarborough-Agincourt","Local","35000","BMFF","Social Development","2025"
5823,"Stonegate Community Association","1 of 1","Etobicoke-Lakeshore","Local","113654.21","CSP","Social Development","2025"
5824,"STOP COMMUNITY FOOD CENTRE, TH","1 of 1","Toronto-St. Paul's","Local","94950.12","HPP","Toronto Shelter & Support Services","2025"
5825,"Story Planet","1 of 1","University-Rosedale","Local","16850","TAC","Toronto Arts Council","2025"
5826,"STORY PLANET","1 of 1","University-Rosedale","Local","16850","TAC Project - Animating","Economic Development & Culture","2025"
5827,"STRATEGIC REGIONAL RESEARCH ALLIANCE","1 of 1","University-Rosedale","Local","61056","Economic Development Services Directed Grants","Economic Development & Culture","2025"
5828,"Street Dance Fest To","1 of 1","Parkdale-High Park","City Wide","25000","TAC","Toronto Arts Council","2025"
5829,"STREET DANCE FEST TO","1 of 1","Parkdale-High Park","Local","25000","TAC Project - Innovation and Capacity Building","Economic Development & Culture","2025"
5830,"Street Joint Dance Collective","1 of 1","York South-Weston","City Wide","5000","TAC","Toronto Arts Council","2025"
5831,"STREET JOINT DANCE COLLECTIVE","1 of 1","York South-Weston","Local","5000","TAC Project - Dance","Economic Development & Culture","2025"
5832,"Street Voices","1 of 1","University-Rosedale","City Wide","40000","BMFF","Social Development","2025"
5833,"Street Voices","3 of 3","University-Rosedale","City Wide","15000","TAC","Toronto Arts Council","2025"
5834,"Street Voices","2 of 3","University-Rosedale","City Wide","11000","TAC","Toronto Arts Council","2025"
5835,"Street Voices","1 of 3","University-Rosedale","Local","60000","TAC","Toronto Arts Council","2025"
5836,"STREET VOICES","1 of 2","University-Rosedale","Local","11000","TAC Project - Creative Communities","Economic Development & Culture","2025"
5837,"STREET VOICES","2 of 2","University-Rosedale","Local","75000","TAC Project - Innovation and Capacity Building","Economic Development & Culture","2025"
5838,"Stressless Strollers","1 of 1","Willowdale","Neighbourhood","5000","CCRF","Social Development","2025"
5839,"Studio 180 Theatre","1 of 1","University-Rosedale","City Wide","20000","TAC","Toronto Arts Council","2025"
5840,"STUDIO 180 THEATRE","1 of 1","University-Rosedale","Local","20000","TAC Operating - Theatre","Economic Development & Culture","2025"
5841,"STUDIO FLUX INC.","1 of 1","Toronto Centre","Local","5000","SBEC Core, Starter Company Plus & Summer Company","Economic Development & Culture","2025"
5842,"STUSH FOODS INC.","1 of 1","York South-Weston","Local","5000","SBEC Core, Starter Company Plus & Summer Company","Economic Development & Culture","2025"
5843,"SUBHANYA SIVAJOTHY","1 of 1","Toronto Centre","Local","5000","TAC Project - Literary","Economic Development & Culture","2025"
5844,"SUKAINA KUBBA","1 of 1","Davenport","Local","10000","TAC Project - Visual and Media Arts","Economic Development & Culture","2025"
5845,"Summerworks Performance Festival","2 of 2","Spadina-Fort York","City Wide","15900","TAC","Toronto Arts Council","2025"
5846,"Summerworks Performance Festival","1 of 2","Spadina-Fort York","Local","58000","TAC","Toronto Arts Council","2025"
5847,"SUMMERWORKS PERFORMANCE FESTIVAL","1 of 2","Spadina-Fort York","Local","58000","TAC Operating - Theatre","Economic Development & Culture","2025"
5848,"SUMMERWORKS PERFORMANCE FESTIVAL","2 of 2","Spadina-Fort York","Local","15900","TAC Project - Innovation and Capacity Building","Economic Development & Culture","2025"
5849,"SUNNY DRAKE","1 of 1","Davenport","Local","10000","TAC Project - Theatre","Economic Development & Culture","2025"
5850,"Sunshine Centres for Seniors","1 of 1","University-Rosedale","City Wide","110289.15","CSP","Social Development","2025"
5851,"Support Enhance Access Services Centre (S.E.A.S. Centre)","1 of 1","Toronto Centre","Local","105682.91","CSP","Social Development","2025"
5852,"SUSAN BLIGHT","1 of 1","Davenport","Local","6000","TAC Project - Visual and Media Arts","Economic Development & Culture","2025"
5853,"SUSANNA FOURNIER","1 of 1","Davenport","Local","10000","TAC Project - Theatre","Economic Development & Culture","2025"
5854,"SUSTAINABLE ENTERTAINMENT SOCIETY","1 of 1","Outside Toronto","Local","10000","Creative Industries Grant","Economic Development & Culture","2025"
5855,"SUZANNE LISKA","1 of 1","Davenport","Local","14000","TAC Project - Dance","Economic Development & Culture","2025"
5856,"Swahili Cultural Center","1 of 1","Humber River-Black Creek","Neighbourhood","17000","INI","Social Development","2025"
5857,"SYLPHIA CONSULTING INC.","1 of 1","Spadina-Fort York","Local","5000","SBEC Core, Starter Company Plus & Summer Company","Economic Development & Culture","2025"
5858,"Syme Woolner Neighbourhood and Family Centre (SWNFC)","1 of 1","York South-Weston","Neighbourhood","136293.42","CSP","Social Development","2025"
5859,"SYME-WOOLNER NEIGHBOURHOOD &","1 of 1","York South-Weston","Local","78122.76","HPP","Toronto Shelter & Support Services","2025"
5860,"SYRUS MARCUS WARE","1 of 1","Spadina-Fort York","Local","16450","TAC Project - Black Arts","Economic Development & Culture","2025"
5861,"Sze-Yang Lam","1 of 1","Davenport","City Wide","12420","TAC","Toronto Arts Council","2025"
5862,"SZE-YANG LAM","1 of 1","Davenport","Local","12420","TAC Project - Dance","Economic Development & Culture","2025"
5863,"T.O. Hustle Sessions","1 of 1","Don Valley North","City Wide","8400","TAC","Toronto Arts Council","2025"
5864,"T.O. HUSTLE SESSIONS","1 of 1","Don Valley North","Local","8400","TAC Project - Dance","Economic Development & Culture","2025"
5865,"TÃ©A MUTONJI","1 of 1","Spadina-Fort York","Local","10000","TAC Project - Literary","Economic Development & Culture","2025"
5866,"TABULE INC.","1 of 1","Toronto-St. Paul’s","Local","4237.5","CaféTO Grant","Economic Development & Culture","2025"
5867,"TACOZ A PATA INC.","1 of 1","York Centre","Local","5000","SBEC Core, Starter Company Plus & Summer Company","Economic Development & Culture","2025"
5868,"Tafelmusik","1 of 1","University-Rosedale","City Wide","180000","TAC","Toronto Arts Council","2025"
5869,"TAFELMUSIK","1 of 1","University-Rosedale","Local","180000","TAC Operating - Music","Economic Development & Culture","2025"
5870,"TAHSINE AL HASSANE","1 of 1","Toronto-Danforth","Local","10000","TAC Project - Visual and Media Arts","Economic Development & Culture","2025"
5871,"Taiaiako'n Historical Preservation Society","1 of 1","Toronto Centre","Local","14600","ICAG","Environment, Climate and Forestry","2025"
5872,"TAIBU Community Health Centre","1 of 1","Scarborough North","City Wide","20400","INI","Social Development","2025"
5873,"TALIYAH'S LEGACY COUTURE","1 of 1","Beaches-East York","Local","5000","SBEC Core, Starter Company Plus & Summer Company","Economic Development & Culture","2025"
5874,"TAM PHAN","1 of 1","Toronto-Danforth","Local","10000","TAC Project - Visual and Media Arts","Economic Development & Culture","2025"
5875,"TAMIKO POTTS","1 of 1","Eglinton-Lawrence","Local","15000","TAC Project - Visual and Media Arts","Economic Development & Culture","2025"
5876,"Tamil Wellness Club","1 of 1","Scarborough Centre","Neighbourhood","5000","CCRF","Social Development","2025"
5877,"Tangled Art + Disability","1 of 1","Spadina-Fort York","City Wide","72000","TAC","Toronto Arts Council","2025"
5878,"TANGLED ART + DISABILITY","1 of 1","Spadina-Fort York","Local","72000","TAC Operating - Creative Communities","Economic Development & Culture","2025"
5879,"TANVEER ALAM","1 of 1","University-Rosedale","Local","11500","TAC Project - Dance","Economic Development & Culture","2025"
5880,"Tapestry Music Theatre","1 of 1","University-Rosedale","City Wide","90000","TAC","Toronto Arts Council","2025"
5881,"TAPESTRY MUSIC THEATRE","1 of 1","University-Rosedale","Local","90000","TAC Operating - Music","Economic Development & Culture","2025"
5882,"TARA HAKIM","1 of 1","Spadina-Fort York","Local","10000","TAC Project - Visual and Media Arts","Economic Development & Culture","2025"
5883,"TARA LORD","1 of 1","Eglinton-Lawrence","Local","3800","TAC Project - Music","Economic Development & Culture","2025"
5884,"TAREK GHRIRI","1 of 1","Toronto-Danforth","Local","4000","TAC Project - Music","Economic Development & Culture","2025"
5885,"Tarragon Theatre","1 of 1","Toronto-St. Paul's","City Wide","215500","TAC","Toronto Arts Council","2025"
5886,"TARRAGON THEATRE","1 of 1","Toronto-St. Paul’s","Local","215500","TAC Operating - Theatre","Economic Development & Culture","2025"
5887,"TASTE OF BANGLADESH INC.","1 of 1","Scarborough-Guildwood","Local","31768.75","Special Events Stabilization Initiative","Economic Development & Culture","2025"
5888,"TASTE OF THE MIDDLE EAST FOUNDATION","1 of 2","Scarborough Centre","Local","34000","Special Events Stabilization Initiative","Economic Development & Culture","2025"
5889,"TASTE OF THE MIDDLE EAST FOUNDATION","2 of 2","Scarborough Centre","Local","22500","Cultural Festivals Funding Program","Economic Development & Culture","2025"
5890,"Tb West Community Services","1 of 1","Etobicoke-Lakeshore","City Wide","20000","TAC","Toronto Arts Council","2025"
5891,"TB WEST COMMUNITY SERVICES","1 of 1","Etobicoke-Lakeshore","Local","20000","TAC Project - Newcomer and Refugee","Economic Development & Culture","2025"
5892,"Tdot Batu Percussion Arts Group Inc.","1 of 1","York South-Weston","City Wide","10000","TAC","Toronto Arts Council","2025"
5893,"TDOT BATU PERCUSSION ARTS GROUP INC.","1 of 1","York South-Weston","Local","10000","TAC Project - Music","Economic Development & Culture","2025"
5894,"TDSBCREATES","1 of 1","Willowdale","Local","160000","TAC Strategic Partnership","Economic Development & Culture","2025"
5895,"TECH CANADA","1 of 1","University-Rosedale","Local","15000","Business Incubation & Commercialization Grant","Economic Development & Culture","2025"
5896,"TECH TORONTO","1 of 1","University-Rosedale","Local","5000","Business Incubation & Commercialization Grant","Economic Development & Culture","2025"
5897,"TENSEGRITY MANUAL THERAPY","1 of 1","Davenport","Local","5000","SBEC Core, Starter Company Plus & Summer Company","Economic Development & Culture","2025"
5898,"TERESE MASON PIERRE","1 of 1","Toronto-St. Paul’s","Local","10000","TAC Project - Literary","Economic Development & Culture","2025"
5899,"Terra Elysium Foundation","1 of 1","Scarborough Southwest","City Wide","5000","CHS","Economic Development & Culture","2025"
5900,"Terra Elysium Foundation","1 of 1","Scarborough Southwest","Local","9000","CHS","Economic Development & Culture","2025"
5901,"TERRA ELYSIUM FOUNDATION","1 of 1","Scarborough Southwest","Local","14000","Cultural Hotspot","Economic Development & Culture","2025"
5902,"TERRILL MAGUIRE","1 of 1","Toronto-St. Paul’s","Local","15000","TAC Project - Dance","Economic Development & Culture","2025"
5903,"Tesoc Multicultural Settlement and Community Services","1 of 1","Scarborough Centre","City Wide","47046.55","CSP","Social Development","2025"
5904,"TESSA SHANK","1 of 1","Beaches-East York","Local","10000","TAC Project - Indigenous Arts","Economic Development & Culture","2025"
5905,"Texas7s","1 of 1","Beaches-East York","Neighbourhood","5000","CCRF","Social Development","2025"
5906,"Textile Museum Of Canada","1 of 1","Spadina-Fort York","City Wide","73800","TAC","Toronto Arts Council","2025"
5907,"TEXTILE MUSEUM OF CANADA","1 of 1","Spadina-Fort York","Local","73800","TAC Operating - Visual and Media Arts","Economic Development & Culture","2025"
5908,"That Arts Group","1 of 1","Toronto Centre","City Wide","5000","TAC","Toronto Arts Council","2025"
5909,"THAT ARTS GROUP","1 of 1","Toronto Centre","Local","5000","TAC Project - Music","Economic Development & Culture","2025"
5910,"The African Centre for Refugees in Ontario Canada","1 of 1","Toronto Centre","City Wide","40000","BMFF","Social Development","2025"
5911,"The Arab Community Centre of Toronto","1 of 2","Etobicoke Centre","City Wide","51041.02","CSP","Social Development","2025"
5912,"The Arab Community Centre of Toronto","2 of 2","Etobicoke Centre","Local","78000","LLG","Social Development","2025"
5913,"The Arab Community Centre of Toronto (trustee for Born Somali)","1 of 1","Scarborough-Guildwood","Local","9900","CHS","Economic Development & Culture","2025"
5914,"THE ART CONSERVATORY INC.","1 of 1","York South-Weston","Local","5000","SBEC Core, Starter Company Plus & Summer Company","Economic Development & Culture","2025"
5915,"THE ART MUSEUM AT THE UNIVERSITY OF TORONTO","1 of 3","University-Rosedale","Local","3500","Museum and Heritage Services Directed Grants","Economic Development & Culture","2025"
5916,"THE ART MUSEUM AT THE UNIVERSITY OF TORONTO","2 of 3","University-Rosedale","Local","30000","TAC Operating - Visual and Media Arts","Economic Development & Culture","2025"
5917,"The BAND Bloom Bunch","1 of 1","Parkdale-High Park","Local","4790","PTCG","Environment, Climate and Forestry","2025"
5918,"THE BATA SHOE MUSEUM","1 of 1","University-Rosedale","Local","21000","Community Celebration Support Fund","Economic Development & Culture","2025"
5919,"The Beacon Project (Youth-led)","1 of 1","Eglinton-Lawrence","Neighbourhood","5000","CCRF","Social Development","2025"
5920,"THE BENTWAY CONSERVANCY","1 of 3","Spadina-Fort York","Local","25000","Main Street Recovery & Rebuild Initiative","Economic Development & Culture","2025"
5921,"THE BENTWAY CONSERVANCY","2 of 3","Spadina-Fort York","Local","38921.04","Special Events Stabilization Initiative","Economic Development & Culture","2025"
5922,"THE BENTWAY CONSERVANCY","3 of 3","Spadina-Fort York","Local","200000","Cultural Organization Operating Partnership","Economic Development & Culture","2025"
5923,"THE BENUE INC.","1 of 1","Toronto-St. Paul’s","Local","5000","SBEC Core, Starter Company Plus & Summer Company","Economic Development & Culture","2025"
5924,"The Blackstone Foundation Library","1 of 1","Scarborough-Agincourt","City Wide","40000","BMFF","Social Development","2025"
5925,"The Cabbagetown Community Arts Centre","1 of 1","Toronto Centre","City Wide","40000","TAC","Toronto Arts Council","2025"
5926,"THE CABBAGETOWN COMMUNITY ARTS CENTRE","1 of 1","Toronto Centre","Local","40000","TAC Operating - Creative Communities","Economic Development & Culture","2025"
5927,"THE CARIFESTIVAL ASSOCIATION","1 of 2","Outside Toronto","Local","1445","Special Events Stabilization Initiative","Economic Development & Culture","2025"
5928,"THE CARIFESTIVAL ASSOCIATION","2 of 2","Outside Toronto","Local","50000","Dining District Grant Program","Economic Development & Culture","2025"
5929,"The Centre for Spanish-Speaking Peoples","1 of 1","York Centre","City Wide","80094.87","CSP","Social Development","2025"
5930,"The Children'S Bookbank And Literacy Foundation","1 of 1","Toronto Centre","Local","8000","TAC","Toronto Arts Council","2025"
5931,"THE CHILDREN'S BOOKBANK AND LITERACY FOUNDATION","1 of 1","Toronto Centre","Local","8000","TAC Project - Literary","Economic Development & Culture","2025"
5932,"The Chimera Project Dance Theatre","1 of 1","Beaches-East York","City Wide","15000","TAC","Toronto Arts Council","2025"
5933,"THE CHIMERA PROJECT DANCE THEATRE","1 of 1","Beaches-East York","Local","15000","TAC Operating - Dance","Economic Development & Culture","2025"
5934,"THE COUNCIL FOR BUSINESS FOR THE ARTS IN CANADA","1 of 1","Spadina-Fort York","Local","80000","Arts and Culture Services Directed Grants","Economic Development & Culture","2025"
5935,"THE CREATIVE CHILD INC.","1 of 1","Toronto-St. Paul’s","Local","5000","SBEC Core, Starter Company Plus & Summer Company","Economic Development & Culture","2025"
5936,"The Cross-Cultural Community Services Association (TCCSA)","1 of 1","University-Rosedale","City Wide","34405.25","CSP","Social Development","2025"
5937,"The Dance Umbrella Of Ontario","1 of 1","Toronto Centre","City Wide","47000","TAC","Toronto Arts Council","2025"
5938,"THE DANCE UMBRELLA OF ONTARIO","1 of 1","Toronto Centre","Local","47000","TAC Operating - Dance","Economic Development & Culture","2025"
5939,"The D'Arcy Gardeners","1 of 1","Toronto-St. Paul’s","Local","3186.95","PTCG","Environment, Climate and Forestry","2025"
5940,"The Digital Healing Studio","1 of 1","Etobicoke North, York South-Weston","Local","16992.58","INI","Social Development","2025"
5941,"The Disability Collective","1 of 3","Toronto-Danforth","City Wide","50000","TAC","Toronto Arts Council","2025"
5942,"The Disability Collective","3 of 3","Toronto-Danforth","City Wide","20000","TAC","Toronto Arts Council","2025"
5943,"The Disability Collective","2 of 3","Toronto-Danforth","Local","20000","TAC","Toronto Arts Council","2025"
5944,"THE DISABILITY COLLECTIVE","1 of 2","University-Rosedale","Local","4162.5","Special Events Stabilization Initiative","Economic Development & Culture","2025"
5945,"THE DISABILITY COLLECTIVE","2 of 2","University-Rosedale","Local","18000","Cultural Festivals Funding Program","Economic Development & Culture","2025"
5946,"THE DISABILITY COLLECTIVE","1 of 2","Toronto-Danforth","Local","70000","TAC Project - Innovation and Capacity Building","Economic Development & Culture","2025"
5947,"THE DISABILITY COLLECTIVE","2 of 2","Toronto-Danforth","Local","20000","TAC Project - Theatre","Economic Development & Culture","2025"
5948,"The Elmer Iseler Singers","1 of 1","Don Valley West","City Wide","25159","TAC","Toronto Arts Council","2025"
5949,"THE ELMER ISELER SINGERS","1 of 1","Don Valley West","Local","25159","TAC Operating - Music","Economic Development & Culture","2025"
5950,"The Empress Walk Initiative","1 of 1","Eglinton-Lawrence","City Wide","40000","BMFF","Social Development","2025"
5951,"The Esprit Orchestra","1 of 1","Spadina-Fort York","City Wide","24083","TAC","Toronto Arts Council","2025"
5952,"THE ESPRIT ORCHESTRA","1 of 1","Spadina-Fort York","Local","24083","TAC Operating - Music","Economic Development & Culture","2025"
5953,"THE FEDERATION OF BLACK CANADIANS","1 of 1","Spadina-Fort York","Local","9900","Cultural Hotspot","Economic Development & Culture","2025"
5954,"The Fire And Rescue Team","1 of 1","Spadina-Fort York","Local","20000","TAC","Toronto Arts Council","2025"
5955,"THE FIRE AND RESCUE TEAM","1 of 1","Spadina-Fort York","Local","20000","TAC Project - Innovation and Capacity Building","Economic Development & Culture","2025"
5956,"THE FIREHOOD INC.","1 of 1","Spadina-Fort York","Local","40000","Business Incubation & Commercialization Grant","Economic Development & Culture","2025"
5957,"The First Portuguese Canadian Cultural Centre","1 of 1","Davenport","Local","17516.9","CSP","Social Development","2025"
5958,"The Freesound Series","1 of 1","Davenport","City Wide","8000","TAC","Toronto Arts Council","2025"
5959,"THE FREESOUND SERIES","1 of 1","Davenport","Local","8000","TAC Project - Music","Economic Development & Culture","2025"
5960,"The Fringe Of Toronto Theatre Festival","1 of 1","Toronto-Danforth","City Wide","85787","TAC","Toronto Arts Council","2025"
5961,"THE FRINGE OF TORONTO THEATRE FESTIVAL","1 of 2","Toronto-Danforth","Local","15882.75","Special Events Stabilization Initiative","Economic Development & Culture","2025"
5962,"THE FRINGE OF TORONTO THEATRE FESTIVAL","2 of 2","Toronto-Danforth","Local","85787","TAC Operating - Theatre","Economic Development & Culture","2025"
5963,"THE FUZZY SPROUT INC.","1 of 1","Don Valley West","Local","5000","SBEC Core, Starter Company Plus & Summer Company","Economic Development & Culture","2025"
5964,"The Gatehouse Child Abuse Investigation & Support Site","1 of 1","Etobicoke-Lakeshore","City Wide","30363.8","CSP","Social Development","2025"
5965,"The George R. Gardiner Museum Of Ceramic Art","1 of 1","University-Rosedale","City Wide","140000","TAC","Toronto Arts Council","2025"
5966,"THE GEORGE R. GARDINER MUSEUM OF CERAMIC ART","1 of 1","University-Rosedale","Local","140000","TAC Large Institutions","Economic Development & Culture","2025"
5967,"The George S. Seniors’ Centre of York","1 of 1","York South-Weston","Neighbourhood","115022.91","CSP","Social Development","2025"
5968,"The Good Swap","1 of 1","Spadina-Fort York, Toronto Centre, Parkdale-High Park","Local","6000","NCAG","Environment, Climate and Forestry","2025"
5969,"THE GOVERNING COUNCIL OF THE UNIVERSITY OF TORONTO","1 of 1","University-Rosedale","Local","37150","Business Incubation & Commercialization Grant","Economic Development & Culture","2025"
5970,"THE GOVERNING COUNCIL OF THE UNIVERSITY OF TORONTO","1 of 1","Scarborough-Rouge Park","Local","20000","Business Incubation & Commercialization Grant","Economic Development & Culture","2025"
5971,"THE GREATER TORONTO KURDISH HOUSE","1 of 1","Don Valley North","Local","4908.75","Special Events Stabilization Initiative","Economic Development & Culture","2025"
5972,"The Greenprint Network","1 of 1","Humber River-Black Creek","Local","22000","CHS","Economic Development & Culture","2025"
5973,"The Greenprint Network","1 of 1","Humber River-Black Creek","Local","19959","TAC","Toronto Arts Council","2025"
5974,"THE GREENPRINT NETWORK","1 of 2","Humber River-Black Creek","Local","22000","Cultural Hotspot","Economic Development & Culture","2025"
5975,"THE GREENPRINT NETWORK","1 of 1","Outside Toronto","Local","2000","Cultural Hotspot","Economic Development & Culture","2025"
5976,"THE GREENPRINT NETWORK","2 of 2","Humber River-Black Creek","Local","19959","TAC Project - Art Reach","Economic Development & Culture","2025"
5977,"The Hannaford Street Silver Band","1 of 1","Toronto-Danforth","City Wide","26600","TAC","Toronto Arts Council","2025"
5978,"THE HANNAFORD STREET SILVER BAND","1 of 1","Toronto-Danforth","Local","26600","TAC Operating - Music","Economic Development & Culture","2025"
5979,"The Happenstancers","1 of 1","Parkdale-High Park","City Wide","7500","TAC","Toronto Arts Council","2025"
5980,"THE HAPPENSTANCERS","1 of 1","Parkdale-High Park","Local","7500","TAC Project - Music","Economic Development & Culture","2025"
5981,"The Hispanic Council of Metropolitan Toronto (Hispanic Developoment Council)","1 of 1","York Centre","City Wide","73004.69","CSP","Social Development","2025"
5982,"The Howland Company","1 of 1","Davenport","City Wide","13000","TAC","Toronto Arts Council","2025"
5983,"THE HOWLAND COMPANY","1 of 1","Davenport","Local","13000","TAC Project - Theatre","Economic Development & Culture","2025"
5984,"The Inclusivity Institute for Better Data","1 of 1","Spadina-Fort York","City Wide","40000","BMFF","Social Development","2025"
5985,"THE INPRINT COLLECTIVE INC.","1 of 1","Davenport","Local","23397","Community Celebration Support Fund","Economic Development & Culture","2025"
5986,"THE INTERGOVERNMENTAL COMMITTEE FOR ECONOMIC AND LABOUR FORCE DEVELOPMENT","1 of 1","Outside Toronto","Local","10000","Strategic Policy and Management Services Directed Grants","Economic Development & Culture","2025"
5987,"The Joan and Martin Goldfarb Gallery of York University","1 of 1","Humber River-Black Creek","Local","20000","CHS","Economic Development & Culture","2025"
5988,"THE JOAN AND MARTIN GOLDFARB GALLERY OF YORK UNIVERSITY","1 of 3","Humber River-Black Creek","Local","20000","Cultural Hotspot","Economic Development & Culture","2025"
5989,"THE JOAN AND MARTIN GOLDFARB GALLERY OF YORK UNIVERSITY","2 of 3","Humber River-Black Creek","Local","86000","TAC Operating - Visual and Media Arts","Economic Development & Culture","2025"
5990,"THE JOAN AND MARTIN GOLDFARB GALLERY OF YORK UNIVERSITY","3 of 3","Humber River-Black Creek","Local","20000","TAC Project - Animating","Economic Development & Culture","2025"
5991,"The Joan And Martin Goldfarb Gallery Of York University (Formerly The Agyu)","2 of 2","Humber River-Black Creek","City Wide","20000","TAC","Toronto Arts Council","2025"
5992,"The Joan And Martin Goldfarb Gallery Of York University (Formerly The Agyu)","1 of 2","Humber River-Black Creek","Local","86000","TAC","Toronto Arts Council","2025"
5993,"THE KICKBACK FOUNDATION","1 of 1","Toronto-Danforth","Local","53000","Youth Cultural Incubators Stabilization Initiative","Economic Development & Culture","2025"
5994,"THE LISTENING PARTY","1 of 1","Toronto Centre","Local","1925","Creative Industries Grant","Economic Development & Culture","2025"
5995,"THE LOW CARB CORP.","1 of 1","University-Rosedale","Local","5000","SBEC Core, Starter Company Plus & Summer Company","Economic Development & Culture","2025"
5996,"The Melanin Takeover","1 of 1","Scarborough North","Local","5000","CCRF","Social Development","2025"
5997,"The Mexicans Folk Ballet","1 of 1","Eglinton-Lawrence","City Wide","8000","TAC","Toronto Arts Council","2025"
5998,"THE MEXICANS FOLK BALLET","1 of 1","Eglinton-Lawrence","Local","8000","TAC Project - Creative Communities","Economic Development & Culture","2025"
5999,"The Music Gallery","1 of 1","University-Rosedale","City Wide","96000","TAC","Toronto Arts Council","2025"
6000,"THE MUSIC GALLERY","1 of 1","University-Rosedale","Local","96000","TAC Operating - Music","Economic Development & Culture","2025"
6001,"The Musical Stage Company","1 of 1","Spadina-Fort York","City Wide","42500","TAC","Toronto Arts Council","2025"
6002,"THE MUSICAL STAGE COMPANY","1 of 1","Spadina-Fort York","Local","42500","TAC Operating - Theatre","Economic Development & Culture","2025"
6003,"The Nathaniel Dett Chorale","1 of 1","Don Valley East","City Wide","25000","TAC","Toronto Arts Council","2025"
6004,"THE NATHANIEL DETT CHORALE","1 of 1","Don Valley East","Local","25000","TAC Operating - Black Arts","Economic Development & Culture","2025"
6005,"The National Ballet Of Canada","1 of 1","Spadina-Fort York","City Wide","1390000","TAC","Toronto Arts Council","2025"
6006,"THE NATIONAL BALLET OF CANADA","1 of 1","Spadina-Fort York","Local","1390000","TAC Large Institutions","Economic Development & Culture","2025"
6007,"The Neighbourhood Group & St. Jamestown Youth United","1 of 1","Toronto Centre","Local","215694","YVP","Social Development","2025"
6008,"THE NEIGHBOURHOOD GROUP COMMUNITY","1 of 1","Toronto-St. Paul’s","Local","20000","Cultural Hotspot","Economic Development & Culture","2025"
6009,"The Neighbourhood Group Community Services","3 of 9","Toronto Centre","City Wide","50000","CCRF","Social Development","2025"
6010,"The Neighbourhood Group Community Services","4 of 9","Toronto Centre","City Wide","75000","CCRF","Social Development","2025"
6011,"The Neighbourhood Group Community Services","5 of 9","Toronto Centre","City Wide","30000","CCRF","Social Development","2025"
6012,"The Neighbourhood Group Community Services","6 of 9","Toronto Centre","City Wide","40000","CCRF","Social Development","2025"
6013,"The Neighbourhood Group Community Services","7 of 9","Toronto Centre","City Wide","10200","INI","Social Development","2025"
6014,"The Neighbourhood Group Community Services","8 of 9","Toronto Centre","City Wide","18000","INI","Social Development","2025"
6015,"The Neighbourhood Group Community Services","9 of 9","Toronto Centre","City Wide","2400","INI","Social Development","2025"
6016,"The Neighbourhood Group Community Services","1 of 9","Toronto Centre","Local","804367.74","CSP","Social Development","2025"
6017,"The Neighbourhood Group Community Services","2 of 9","Toronto Centre","Neighbourhood","60000","LLG","Social Development","2025"
6018,"The Neighbourhood Group Community Services","1 of 1","York Centre","Local","20000","CHS","Economic Development & Culture","2025"
6019,"The Neighbourhood Organization","1 of 1","Don Valley West","Local","48000","LLG","Social Development","2025"
6020,"The No-BS Label: Sustainable Futures","1 of 1","City Wide","Local","20000","ICAG","Environment, Climate and Forestry","2025"
6021,"THE ORIGINAL SANTA CLAUS PARADE","1 of 2","York South-Weston","Local","85000","Special Events Stabilization Initiative","Economic Development & Culture","2025"
6022,"THE ORIGINAL SANTA CLAUS PARADE","2 of 2","York South-Weston","Local","15000","Strategic Policy and Management Services  Event Sponsorships","Economic Development & Culture","2025"
6023,"The Power Plant Contemporary Art Gallery","1 of 1","Spadina-Fort York","City Wide","206000","TAC","Toronto Arts Council","2025"
6024,"THE POWER PLANT CONTEMPORARY ART GALLERY","1 of 1","Spadina-Fort York","Local","206000","TAC Large Institutions","Economic Development & Culture","2025"
6025,"The Public Clinic","1 of 1","Scarborough-Rouge Park","City Wide","40000","BMFF","Social Development","2025"
6026,"The Public Great","1 of 1","Davenport","Local","10500","TAC","Toronto Arts Council","2025"
6027,"THE PUBLIC GREAT","1 of 1","Davenport","Local","10500","TAC Project - Creative Communities","Economic Development & Culture","2025"
6028,"The Pucking Fuppet Co.","1 of 1","Toronto-St. Paul's","City Wide","11625","TAC","Toronto Arts Council","2025"
6029,"THE PUCKING FUPPET CO.","1 of 1","Toronto-St. Paul’s","Local","11625","TAC Project - Theatre","Economic Development & Culture","2025"
6030,"The Purple Stage","1 of 1","Davenport","City Wide","8000","TAC","Toronto Arts Council","2025"
6031,"THE PURPLE STAGE","1 of 1","Davenport","Local","8000","TAC Project - Creative Communities","Economic Development & Culture","2025"
6032,"The Ramla Collective","1 of 1","University-Rosedale","City Wide","12750","TAC","Toronto Arts Council","2025"
6033,"THE RAMLA COLLECTIVE","1 of 1","University-Rosedale","Local","12750","TAC Project - Theatre","Economic Development & Culture","2025"
6034,"THE READING PARTNERSHIP","1 of 1","Scarborough-Guildwood","Local","22500","Cultural Festivals Funding Program","Economic Development & Culture","2025"
6035,"The Remix Project","1 of 1","Spadina-Fort York","City Wide","10500","YCISI","Economic Development & Culture","2025"
6036,"The Remix Project","1 of 1","Spadina-Fort York","City Wide","55000","TAC","Toronto Arts Council","2025"
6037,"THE REMIX PROJECT","1 of 4","Spadina-Fort York","Local","63500","Youth Cultural Incubators Stabilization Initiative","Economic Development & Culture","2025"
6038,"THE REMIX PROJECT","2 of 4","Spadina-Fort York","Local","20000","Business Incubation & Commercialization Grant","Economic Development & Culture","2025"
6039,"THE REMIX PROJECT","3 of 4","Spadina-Fort York","Local","25000","Creative Industries Grant","Economic Development & Culture","2025"
6040,"THE REMIX PROJECT","4 of 4","Spadina-Fort York","Local","55000","TAC Operating - Creative Communities","Economic Development & Culture","2025"
6041,"THE RE-SEASONING COALITION","1 of 1","Davenport","Local","22513.27","Economic Development Services Event Sponsorships","Economic Development & Culture","2025"
6042,"The Rights Project","1 of 1","Parkdale-High Park","Local","4915.6","CCRF","Social Development","2025"
6043,"The Rosewood Pollinator Garden Group","1 of 1","Scarborough North","Local","1060","PTCG","Environment, Climate and Forestry","2025"
6044,"The Royal Conservatory Of Music","1 of 1","University-Rosedale","City Wide","100000","TAC","Toronto Arts Council","2025"
6045,"THE ROYAL CONSERVATORY OF MUSIC","1 of 1","University-Rosedale","Local","100000","TAC Operating - Music","Economic Development & Culture","2025"
6046,"The Second Mile Club of Toronto","1 of 1","University-Rosedale","Local","89458.35","CSP","Social Development","2025"
6047,"THE SIR WILLIAM CAMPBELL FOUNDATION","1 of 1","Spadina-Fort York","Local","140687.65","Museum and Heritage Services Directed Grants","Economic Development & Culture","2025"
6048,"The Sixth Sense Collective","1 of 1","Davenport","Local","15000","TAC","Toronto Arts Council","2025"
6049,"THE SIXTH SENSE COLLECTIVE","1 of 1","Davenport","Local","15000","TAC Project - Art Reach","Economic Development & Culture","2025"
6050,"The Smile Company - Theatrical Productions","1 of 1","University-Rosedale","City Wide","30750","TAC","Toronto Arts Council","2025"
6051,"THE SMILE COMPANY - THEATRICAL PRODUCTIONS","1 of 1","University-Rosedale","Local","30750","TAC Operating - Theatre","Economic Development & Culture","2025"
6052,"The St. Christopher House","1 of 1","Spadina-Fort York","Local","381124.67","CSP","Social Development","2025"
6053,"THE STEPS INITIATIVE","1 of 1","Spadina-Fort York","Local","25000","Main Street Recovery & Rebuild Initiative","Economic Development & Culture","2025"
6054,"The Stop Community Food Centre","1 of 1","Davenport","City Wide","36467.1","CSP","Social Development","2025"
6055,"The Storytellers School Of Toronto","1 of 1","Toronto-St. Paul's","City Wide","38000","TAC","Toronto Arts Council","2025"
6056,"THE STORYTELLERS SCHOOL OF TORONTO","1 of 1","Toronto-St. Paul’s","Local","38000","TAC Operating - Literary","Economic Development & Culture","2025"
6057,"The Tawoos Initiative","1 of 1","Toronto Centre","City Wide","6800","TAC","Toronto Arts Council","2025"
6058,"THE TAWOOS INITIATIVE","1 of 3","Toronto Centre","Local","2000","Creative Industries Grant","Economic Development & Culture","2025"
6059,"THE TAWOOS INITIATIVE","2 of 3","Toronto Centre","Local","3000","Film and Creative Industries Event Sponsorships","Economic Development & Culture","2025"
6060,"THE TAWOOS INITIATIVE","3 of 3","Toronto Centre","Local","6800","TAC Project - Creative Communities","Economic Development & Culture","2025"
6061,"The Teresa Group Child and Family Aid","1 of 1","Toronto-St. Paul’s","City Wide","37947.39","CSP","Social Development","2025"
6062,"The Theatre Centre","1 of 1","Davenport","City Wide","160000","TAC","Toronto Arts Council","2025"
6063,"THE TORONTO BOARD OF TRADE","1 of 2","Spadina-Fort York","Local","50000","SBEC Core, Starter Company Plus & Summer Company","Economic Development & Culture","2025"
6064,"THE TORONTO BOARD OF TRADE","2 of 2","Spadina-Fort York","Local","31545.6","Economic Development Services Event Sponsorships","Economic Development & Culture","2025"
6065,"The Toronto Consort","1 of 1","University-Rosedale","City Wide","25650","TAC","Toronto Arts Council","2025"
6066,"THE TORONTO CONSORT","1 of 1","University-Rosedale","Local","25650","TAC Operating - Music","Economic Development & Culture","2025"
6067,"The Toronto International Festival Of Authors","1 of 1","Spadina-Fort York","City Wide","161000","TAC","Toronto Arts Council","2025"
6068,"THE TORONTO INTERNATIONAL FESTIVAL OF AUTHORS","1 of 1","Spadina-Fort York","Local","161000","TAC Large Institutions","Economic Development & Culture","2025"
6069,"The Tropicana Community Services Organization of Scarborough","1 of 1","Scarborough-Guildwood","City Wide","119681.17","CSP","Social Development","2025"
6070,"THE VILLIJ WELLNESS INC.","1 of 1","Eglinton-Lawrence","Local","5000","SBEC Core, Starter Company Plus & Summer Company","Economic Development & Culture","2025"
6071,"The Watah Black Theatre/School","1 of 1","Davenport","City Wide","15000","TAC","Toronto Arts Council","2025"
6072,"THE WATAH BLACK THEATRE/SCHOOL","1 of 1","Davenport","Local","15000","TAC Project - Theatre","Economic Development & Culture","2025"
6073,"The Wexford Residence","1 of 1","Scarborough Centre","Local","27179.97","CSP","Social Development","2025"
6074,"The Word On The Street","1 of 1","Spadina-Fort York","City Wide","53500","TAC","Toronto Arts Council","2025"
6075,"THE WORD ON THE STREET","1 of 2","University-Rosedale","Local","22504.5","Special Events Stabilization Initiative","Economic Development & Culture","2025"
6076,"THE WORD ON THE STREET","2 of 2","University-Rosedale","Local","15000","Arts and Culture Services Directed Grants","Economic Development & Culture","2025"
6077,"THE WORD ON THE STREET","1 of 1","Spadina-Fort York","Local","53500","TAC Operating - Literary","Economic Development & Culture","2025"
6078,"THE YOUNGEST IN CHARGE","1 of 1","Scarborough North","Local","5000","SBEC Core, Starter Company Plus & Summer Company","Economic Development & Culture","2025"
6079,"Theatre Artaud","1 of 1","Spadina-Fort York","City Wide","17000","TAC","Toronto Arts Council","2025"
6080,"THEATRE ARTAUD","1 of 1","Spadina-Fort York","Local","17000","TAC Project - Theatre","Economic Development & Culture","2025"
6081,"Theatre Direct Canada","1 of 1","Eglinton-Lawrence","City Wide","69000","TAC","Toronto Arts Council","2025"
6082,"THEATRE DIRECT CANADA","1 of 1","Eglinton-Lawrence","Local","69000","TAC Operating - Theatre","Economic Development & Culture","2025"
6083,"Theatre Gargantua","1 of 1","Davenport","City Wide","20000","TAC","Toronto Arts Council","2025"
6084,"THEATRE GARGANTUA","1 of 1","Davenport","Local","20000","TAC Operating - Theatre","Economic Development & Culture","2025"
6085,"THEATRE MAKING IMPACT","1 of 1","Toronto-St. Paul’s","Local","17050","TAC Project - Creative Communities","Economic Development & Culture","2025"
6086,"Theatre Of The Beat Inc.","1 of 1","Beaches-East York","City Wide","9750","TAC","Toronto Arts Council","2025"
6087,"THEATRE OF THE BEAT INC.","1 of 1","Beaches-East York","Local","9750","TAC Project - Theatre","Economic Development & Culture","2025"
6088,"Theatre Passe Muraille","1 of 2","Spadina-Fort York","City Wide","70000","TAC","Toronto Arts Council","2025"
6089,"Theatre Passe Muraille","2 of 2","Spadina-Fort York","City Wide","179000","TAC","Toronto Arts Council","2025"
6090,"THEATRE PASSE MURAILLE","1 of 2","Spadina-Fort York","Local","179000","TAC Operating - Theatre","Economic Development & Culture","2025"
6091,"THEATRE PASSE MURAILLE","2 of 2","Spadina-Fort York","Local","70000","TAC Project - Innovation and Capacity Building","Economic Development & Culture","2025"
6092,"Theatre Rusticle","1 of 1","Davenport","City Wide","10000","TAC","Toronto Arts Council","2025"
6093,"THEATRE RUSTICLE","1 of 1","Davenport","Local","10000","TAC Project - Theatre","Economic Development & Culture","2025"
6094,"THEODORE WALKER ROBINSON","1 of 2","Spadina-Fort York","Local","19550","TAC Project - Black Arts","Economic Development & Culture","2025"
6095,"THEODORE WALKER ROBINSON","2 of 2","Toronto Centre","Local","15000","TAC Project - Visual and Media Arts","Economic Development & Culture","2025"
6096,"ThePitch.Toronto","1 of 1","Scarborough-Guildwood, Scarborough-Agincourt","Local","17000","INI","Social Development","2025"
6097,"THERESA STEVENSON","1 of 1","University-Rosedale","Local","10000","TAC Project - Indigenous Arts","Economic Development & Culture","2025"
6098,"Third Shore Collective","1 of 1","Toronto Centre","Neighbourhood","14280","INI","Social Development","2025"
6099,"Thorncliffe Park Urban Farmers","1 of 1","Don Valley West","Local","3900","PTCG","Environment, Climate and Forestry","2025"
6100,"Throbbing Rose Collective","1 of 1","University-Rosedale","Local","8000","TAC","Toronto Arts Council","2025"
6101,"THROBBING ROSE COLLECTIVE","1 of 1","University-Rosedale","Local","8000","TAC Project - Visual and Media Arts","Economic Development & Culture","2025"
6102,"TIE TORONTO","1 of 1","Spadina-Fort York","Local","20000","Business Incubation & Commercialization Grant","Economic Development & Culture","2025"
6103,"TIENDA MOVIL CANADA INC.","1 of 1","Beaches-East York","Local","5000","SBEC Core, Starter Company Plus & Summer Company","Economic Development & Culture","2025"
6104,"Tiger Princess Dance Projects Inc.","1 of 1","Davenport","City Wide","43000","TAC","Toronto Arts Council","2025"
6105,"TIGER PRINCESS DANCE PROJECTS INC.","1 of 1","Davenport","Local","43000","TAC Operating - Dance","Economic Development & Culture","2025"
6106,"TIMOTHY ISHERWOOD","1 of 1","Parkdale-High Park","Local","15000","TAC Project - Visual and Media Arts","Economic Development & Culture","2025"
6107,"TINA FUSHELL","1 of 1","Beaches-East York","Local","7500","TAC Project - Dance","Economic Development & Culture","2025"
6108,"Tirgan Centre For Art And Culture","1 of 1","Willowdale","City Wide","38000","TAC","Toronto Arts Council","2025"
6109,"TIRGAN CENTRE FOR ART AND CULTURE","1 of 1","Willowdale","Local","38000","TAC Operating - Creative Communities","Economic Development & Culture","2025"
6110,"Tlaf Collective","1 of 1","Toronto Centre","City Wide","7900","TAC","Toronto Arts Council","2025"
6111,"TLAF COLLECTIVE","1 of 1","Toronto Centre","Local","7900","TAC Project - Visual and Media Arts","Economic Development & Culture","2025"
6112,"Tmi: Theatre Making Impact","1 of 1","Toronto-St. Paul's","Local","17050","TAC","Toronto Arts Council","2025"
6113,"TNO – The Neighbourhood Organization","1 of 1","Don Valley West","Local","10000","CPP","Social Development","2025"
6114,"TNO-The Neighbourhood Organization","1 of 1","Don Valley West","Local","573205.61","CSP","Social Development","2025"
6115,"Toby'S Place","1 of 1","Scarborough Southwest","Local","10850","TAC","Toronto Arts Council","2025"
6116,"TOBY'S PLACE","1 of 1","Scarborough Southwest","Local","10850","TAC Project - Art Reach","Economic Development & Culture","2025"
6117,"TODO - TOR DESIGN OFFSITE FESTIVAL C/O DESIGNTO","1 of 1","Davenport","Local","22500","Cultural Festivals Funding Program","Economic Development & Culture","2025"
6118,"Toes For Dance Inc.","2 of 2","Toronto-St. Paul's","City Wide","15000","TAC","Toronto Arts Council","2025"
6119,"Toes For Dance Inc.","1 of 2","Toronto-St. Paul's","Local","22500","TAC","Toronto Arts Council","2025"
6120,"TOES FOR DANCE INC.","1 of 3","Toronto-St. Paul’s","Local","23692","Cultural Festivals Funding Program","Economic Development & Culture","2025"
6121,"TOES FOR DANCE INC.","2 of 3","Toronto-St. Paul’s","Local","22500","TAC Project - Animating","Economic Development & Culture","2025"
6122,"TOES FOR DANCE INC.","3 of 3","Toronto-St. Paul’s","Local","15000","TAC Project - Dance","Economic Development & Culture","2025"
6123,"Toffan Rhythm Projects","1 of 1","Toronto Centre","Local","7500","TAC","Toronto Arts Council","2025"
6124,"TOFFAN RHYTHM PROJECTS","1 of 1","Toronto Centre","Local","7500","TAC Project - Dance","Economic Development & Culture","2025"
6125,"TONALITY RECORDS INC.","1 of 1","Parkdale-High Park","Local","5000","SBEC Core, Starter Company Plus & Summer Company","Economic Development & Culture","2025"
6126,"Tones Meet (Youth-led)","1 of 1","Toronto Centre","Local","4995","CCRF","Social Development","2025"
6127,"Toronto Aboriginal Support Services Council","1 of 4","University-Rosedale","City Wide","1490000","IFF","Social Development","2025"
6128,"Toronto Aboriginal Support Services Council","2 of 4","University-Rosedale","City Wide","148505.91","CSP","Social Development","2025"
6129,"Toronto Aboriginal Support Services Council","3 of 4","University-Rosedale","City Wide","200000","CSP","Social Development","2025"
6130,"Toronto Aboriginal Support Services Council (TASSC)","4 of 4","University-Rosedale","City Wide","25000","ILG","Social Development","2025"
6131,"Toronto Alliance For The Performing Arts","1 of 1","University-Rosedale","City Wide","80000","TAC","Toronto Arts Council","2025"
6132,"TORONTO ALLIANCE FOR THE PERFORMING ARTS","1 of 1","University-Rosedale","Local","80000","TAC Operating - Theatre","Economic Development & Culture","2025"
6133,"Toronto and Region Conservation Authority","1 of 1","Humber River-Black Creek","Local","20000","CPP","Social Development","2025"
6134,"Toronto and Region Conservation Authority","1 of 1","Humber River-Black Creek, Toronto Centre, Toronto-Danforth, Willowdale","City Wide","99841.92","FOR","Environment, Climate and Forestry","2025"
6135,"Toronto and Region Conservation Authority","1 of 1","Humber River-Black Creek, Toronto Centre, Toronto-Danforth, Willowdale","City Wide","99841.92","FOR","Environment, Climate and Forestry","2025"
6136,"Toronto Animated Image Society","1 of 1","Davenport","City Wide","22000","TAC","Toronto Arts Council","2025"
6137,"TORONTO ANIMATED IMAGE SOCIETY","1 of 1","Davenport","Local","22000","TAC Operating - Visual and Media Arts","Economic Development & Culture","2025"
6138,"TORONTO ANIMATION ARTS FESTIVAL INTERNATIONAL","1 of 2","Eglinton-Lawrence","Local","25440","Creative Industries Grant","Economic Development & Culture","2025"
6139,"TORONTO ANIMATION ARTS FESTIVAL INTERNATIONAL","2 of 2","Eglinton-Lawrence","Local","7000","Film and Creative Industries Event Sponsorships","Economic Development & Culture","2025"
6140,"Toronto Arab Film","1 of 1","Davenport","City Wide","10000","TAC","Toronto Arts Council","2025"
6141,"TORONTO ARAB FILM","1 of 1","Davenport","Local","10000","TAC Project - Visual and Media Arts","Economic Development & Culture","2025"
6142,"Toronto Arab Orchestra","1 of 1","Don Valley North","City Wide","7400","TAC","Toronto Arts Council","2025"
6143,"TORONTO ARAB ORCHESTRA","1 of 2","Don Valley North","Local","3000","Creative Industries Grant","Economic Development & Culture","2025"
6144,"TORONTO ARAB ORCHESTRA","2 of 2","Don Valley North","Local","7400","TAC Project - Music","Economic Development & Culture","2025"
6145,"TORONTO ARTS COUNCIL","1 of 1","Spadina-Fort York","Local","2789290","TAC - Administrative Fee","Economic Development & Culture","2025"
6146,"TORONTO ASSOCIATION OF BUSINESS IMPROVEMENT AREAS","1 of 4","Spadina-Fort York","Local","25000","Main Street Recovery & Rebuild Initiative","Economic Development & Culture","2025"
6147,"TORONTO ASSOCIATION OF BUSINESS IMPROVEMENT AREAS","2 of 4","Spadina-Fort York","Local","366790.4","BIA Capacity Development Grant","Economic Development & Culture","2025"
6148,"TORONTO ASSOCIATION OF BUSINESS IMPROVEMENT AREAS","3 of 4","Spadina-Fort York","Local","250000","Dining District Grant Program","Economic Development & Culture","2025"
6149,"TORONTO ASSOCIATION OF BUSINESS IMPROVEMENT AREAS","4 of 4","Spadina-Fort York","Local","20352","Economic Development Services Event Sponsorships","Economic Development & Culture","2025"
6150,"Toronto Bach Festival","1 of 1","Toronto-Danforth","City Wide","7500","TAC","Toronto Arts Council","2025"
6151,"TORONTO BACH FESTIVAL","1 of 1","Toronto-Danforth","Local","7500","TAC Project - Music","Economic Development & Culture","2025"
6152,"TORONTO BIENNIAL OF ART","1 of 1","Davenport","Local","180000","Cultural Organization Operating Partnership","Economic Development & Culture","2025"
6153,"Toronto Black Farmers","1 of 1","Toronto-Danforth","City Wide","11250","TAC","Toronto Arts Council","2025"
6154,"TORONTO BLACK FARMERS & FOOD GROWERS COLLECTIVE","1 of 2","Toronto-Danforth","Local","100000","Transit Construction Mitigation Fund","Economic Development & Culture","2025"
6155,"TORONTO BLACK FARMERS & FOOD GROWERS COLLECTIVE","2 of 2","Toronto-Danforth","Local","11250","TAC Project - Black Arts","Economic Development & Culture","2025"
6156,"Toronto Black Film Festival","1 of 1","Toronto-Danforth","City Wide","5000","TAC","Toronto Arts Council","2025"
6157,"TORONTO BLACK FILM FESTIVAL","1 of 1","Toronto-Danforth","Local","5000","TAC Project - Visual and Media Arts","Economic Development & Culture","2025"
6158,"Toronto Blues Society","1 of 1","Eglinton-Lawrence","City Wide","20000","TAC","Toronto Arts Council","2025"
6159,"TORONTO BLUES SOCIETY","1 of 1","Eglinton-Lawrence","Local","20000","TAC Operating - Music","Economic Development & Culture","2025"
6160,"TORONTO BOTANICAL GARDEN","1 of 1","Don Valley East","Local","3000","Creative Industries Grant","Economic Development & Culture","2025"
6161,"Toronto Burlesque Festival","1 of 1","Toronto-St. Paul's","City Wide","20000","TAC","Toronto Arts Council","2025"
6162,"TORONTO BURLESQUE FESTIVAL","1 of 1","Toronto-St. Paul’s","Local","20000","TAC Project - Dance","Economic Development & Culture","2025"
6163,"Toronto Centre for Community Learning & Development","1 of 1","Toronto Centre","City Wide","58513.01","CSP","Social Development","2025"
6164,"Toronto Chamber Choir","1 of 1","Beaches-East York","City Wide","11000","TAC","Toronto Arts Council","2025"
6165,"TORONTO CHAMBER CHOIR","1 of 1","Beaches-East York","Local","11000","TAC Operating - Community Music Making","Economic Development & Culture","2025"
6166,"Toronto Children'S Chorus","1 of 1","Toronto-St. Paul's","City Wide","45000","TAC","Toronto Arts Council","2025"
6167,"TORONTO CHILDREN'S CHORUS","1 of 1","Toronto-St. Paul’s","Local","45000","TAC Operating - Music","Economic Development & Culture","2025"
6168,"TORONTO CHINATOWN LAND TRUST","1 of 1","University-Rosedale","Local","49980.79","Main Street Recovery & Rebuild Initiative","Economic Development & Culture","2025"
6169,"Toronto City Opera","1 of 1","Willowdale","City Wide","20000","TAC","Toronto Arts Council","2025"
6170,"TORONTO CITY OPERA","1 of 1","Willowdale","Local","20000","TAC Operating - Music","Economic Development & Culture","2025"
6171,"Toronto Community for Better Child Care","1 of 1","Toronto-Danforth","City Wide","30363.8","CSP","Social Development","2025"
6172,"Toronto Council Fire","1 of 1","Toronto Centre","City Wide","50000","ILG","Social Development","2025"
6173,"TORONTO COUNCIL FIRE NATIVE CULTURAL CENTRE","1 of 1","Toronto Centre","Local","29750","Special Events Stabilization Initiative","Economic Development & Culture","2025"
6174,"Toronto Dance Community Love-In","1 of 1","Davenport","City Wide","22000","TAC","Toronto Arts Council","2025"
6175,"TORONTO DANCE COMMUNITY LOVE-IN","1 of 1","Davenport","Local","22000","TAC Operating - Dance","Economic Development & Culture","2025"
6176,"Toronto Dance Theatre","1 of 1","Toronto Centre","City Wide","166000","TAC","Toronto Arts Council","2025"
6177,"TORONTO DANCE THEATRE","1 of 1","Toronto Centre","Local","166000","TAC Operating - Dance","Economic Development & Culture","2025"
6178,"Toronto District School Board","1 of 1","York South-Weston, Humber River-Black Creek, Davenport, University-Rosedale, Toronto-Danforth, Willowdale, Beaches-East York, Scarborough Southwest, Scarborough Centre, Scarborough-Guildwood","City Wide","100000","FOR","Environment, Climate and Forestry","2025"
6179,"Toronto District School Board","1 of 1","York South-Weston, Humber River-Black Creek, Davenport, University-Rosedale, Toronto-Danforth, Willowdale, Beaches-East York, Scarborough Southwest, Scarborough Centre, Scarborough-Guildwood","City Wide","100000","FOR","Environment, Climate and Forestry","2025"
6180,"TORONTO DISTRICT SCHOOL BOARD","1 of 1","Willowdale","Local","1000","Museum and Heritage Services Directed Grants","Economic Development & Culture","2025"
6181,"Toronto Downtown Jazz Society","1 of 1","Toronto-St. Paul's","City Wide","56000","TAC","Toronto Arts Council","2025"
6182,"TORONTO DOWNTOWN JAZZ SOCIETY","1 of 3","University-Rosedale","Local","19397.14","Special Events Stabilization Initiative","Economic Development & Culture","2025"
6183,"TORONTO DOWNTOWN JAZZ SOCIETY","2 of 3","University-Rosedale","Local","40000","Community Celebration Support Fund","Economic Development & Culture","2025"
6184,"TORONTO DOWNTOWN JAZZ SOCIETY","3 of 3","University-Rosedale","Local","15000","Film and Creative Industries Event Sponsorships","Economic Development & Culture","2025"
6185,"TORONTO DOWNTOWN JAZZ SOCIETY","1 of 1","Toronto-St. Paul’s","Local","56000","TAC Operating - Music","Economic Development & Culture","2025"
6186,"Toronto Downtown West BIA","1 of 1","Spadina-Fort York","Local","5000","PTCG","Environment, Climate and Forestry","2025"
6187,"TORONTO DOWNTOWN WEST BIA","1 of 2","Spadina-Fort York","Local","50000","Transit Construction Mitigation Fund","Economic Development & Culture","2025"
6188,"TORONTO DOWNTOWN WEST BIA","2 of 2","Spadina-Fort York","Local","36000","Community Celebration Support Fund","Economic Development & Culture","2025"
6189,"TORONTO ENVIRONMENTAL ALLIANCE","1 of 1","Spadina-Fort York","Local","500","Creative Industries Grant","Economic Development & Culture","2025"
6190,"Toronto Experimental Translation Collective","1 of 1","Parkdale-High Park","City Wide","5440","TAC","Toronto Arts Council","2025"
6191,"TORONTO EXPERIMENTAL TRANSLATION COLLECTIVE","1 of 1","Parkdale-High Park","Local","5440","TAC Project - Literary","Economic Development & Culture","2025"
6192,"TORONTO FASHION INCUBATOR","1 of 1","Spadina-Fort York","Local","75000","Business Incubation & Commercialization Grant","Economic Development & Culture","2025"
6193,"TORONTO FESTIVAL OF ARTS, CULTURE AND CREATIVITY","1 of 4","Spadina-Fort York","Local","43052","Special Events Stabilization Initiative","Economic Development & Culture","2025"
6194,"TORONTO FESTIVAL OF ARTS, CULTURE AND CREATIVITY","2 of 4","Spadina-Fort York","Local","410000","Cultural Festivals Funding Program","Economic Development & Culture","2025"
6195,"TORONTO FESTIVAL OF ARTS, CULTURE AND CREATIVITY","3 of 4","Spadina-Fort York","Local","40000","Community Celebration Support Fund","Economic Development & Culture","2025"
6196,"TORONTO FESTIVAL OF ARTS, CULTURE AND CREATIVITY","4 of 4","Spadina-Fort York","Local","5500","Cultural Hotspot","Economic Development & Culture","2025"
6197,"Toronto Festival Of Comics And Graphic Arts","1 of 1","University-Rosedale","City Wide","25500","TAC","Toronto Arts Council","2025"
6198,"TORONTO FESTIVAL OF COMICS AND GRAPHIC ARTS","1 of 1","University-Rosedale","Local","25500","TAC Operating - Literary","Economic Development & Culture","2025"
6199,"Toronto Finnish-Canadian Seniors Centre (Suomi-Koti)","1 of 1","Don Valley West","City Wide","22468.86","CSP","Social Development","2025"
6200,"TORONTO FORUM FOR GLOBAL CITIES","1 of 1","Eglinton-Lawrence","Local","228960","Economic Development Services Directed Grants","Economic Development & Culture","2025"
6201,"TORONTO GARLIC FESTIVAL CORP","1 of 2","Toronto Centre","Local","32685.05","Special Events Stabilization Initiative","Economic Development & Culture","2025"
6202,"TORONTO GARLIC FESTIVAL CORP","2 of 2","Toronto Centre","Local","18000","Cultural Festivals Funding Program","Economic Development & Culture","2025"
6203,"TORONTO HOTEL ASSOCIATION","1 of 1","Spadina-Fort York","Local","25000","Transit Construction Mitigation Fund","Economic Development & Culture","2025"
6204,"TORONTO INTERNATIONAL FILM FESTIVAL","1 of 3","Spadina-Fort York","Local","72000","Special Events Stabilization Initiative","Economic Development & Culture","2025"
6205,"TORONTO INTERNATIONAL FILM FESTIVAL","2 of 3","Spadina-Fort York","Local","1165113","Cultural Organization Operating Partnership","Economic Development & Culture","2025"
6206,"TORONTO INTERNATIONAL FILM FESTIVAL","3 of 3","Spadina-Fort York","Local","10000","Film and Creative Industries Event Sponsorships","Economic Development & Culture","2025"
6207,"TORONTO INTERNATIONAL MUSIC","1 of 1","Etobicoke-Lakeshore","Local","5000","Creative Industries Grant","Economic Development & Culture","2025"
6208,"Toronto Jewish Film Foundation/Festival","1 of 1","University-Rosedale","City Wide","29000","TAC","Toronto Arts Council","2025"
6209,"TORONTO JEWISH FILM FOUNDATION/FESTIVAL","1 of 1","University-Rosedale","Local","29000","TAC Operating - Visual and Media Arts","Economic Development & Culture","2025"
6210,"Toronto Kiwanis Boys & Girls Clubs","1 of 2","Toronto Centre","Local","48115.66","CSP","Social Development","2025"
6211,"Toronto Kiwanis Boys & Girls Clubs","2 of 2","Toronto Centre","Local","124668.36","CSP","Social Development","2025"
6212,"TORONTO LIT UP","1 of 1","Spadina-Fort York","Local","120000","TAC Strategic Partnership","Economic Development & Culture","2025"
6213,"Toronto Mendelssohn Choir","1 of 1","Davenport","City Wide","72775","TAC","Toronto Arts Council","2025"
6214,"TORONTO MENDELSSOHN CHOIR","1 of 1","Davenport","Local","72775","TAC Operating - Music","Economic Development & Culture","2025"
6215,"Toronto Metropolitan University","1 of 1","Toronto Centre","Local","4925","PTCG","Environment, Climate and Forestry","2025"
6216,"TORONTO METROPOLITAN UNIVERSITY","1 of 1","Toronto Centre","Local","95000","Business Incubation & Commercialization Grant","Economic Development & Culture","2025"
6217,"TORONTO METROPOLITAN UNIVERSITY–CENTRE FOR URBAN ENERGY","1 of 1","Spadina-Fort York","Local","5000","Business Incubation & Commercialization Grant","Economic Development & Culture","2025"
6218,"Toronto Operetta Theatre","1 of 1","Toronto-Danforth","City Wide","20000","TAC","Toronto Arts Council","2025"
6219,"TORONTO OPERETTA THEATRE","1 of 1","Toronto-Danforth","Local","20000","TAC Operating - Music","Economic Development & Culture","2025"
6220,"TORONTO OUTDOOR ART FAIR","1 of 2","Spadina-Fort York","Local","34173.43","Special Events Stabilization Initiative","Economic Development & Culture","2025"
6221,"TORONTO OUTDOOR ART FAIR","2 of 2","Spadina-Fort York","Local","51250","Cultural Festivals Funding Program","Economic Development & Culture","2025"
6222,"Toronto Outdoor Picture Show","1 of 2","University-Rosedale","City Wide","22500","TAC","Toronto Arts Council","2025"
6223,"Toronto Outdoor Picture Show","2 of 2","University-Rosedale","Local","5000","TAC","Toronto Arts Council","2025"
6224,"TORONTO OUTDOOR PICTURE SHOW","1 of 5","University-Rosedale","Local","23877.35","Special Events Stabilization Initiative","Economic Development & Culture","2025"
6225,"TORONTO OUTDOOR PICTURE SHOW","2 of 5","University-Rosedale","Local","22500","Cultural Festivals Funding Program","Economic Development & Culture","2025"
6226,"TORONTO OUTDOOR PICTURE SHOW","3 of 5","University-Rosedale","Local","40000","Community Celebration Support Fund","Economic Development & Culture","2025"
6227,"TORONTO OUTDOOR PICTURE SHOW","4 of 5","University-Rosedale","Local","22500","TAC Project - Animating","Economic Development & Culture","2025"
6228,"TORONTO OUTDOOR PICTURE SHOW","5 of 5","University-Rosedale","Local","5000","TAC Project - Visual and Media Arts","Economic Development & Culture","2025"
6229,"Toronto Palestine Film Festival","1 of 1","Toronto-St. Paul's","City Wide","10000","TAC","Toronto Arts Council","2025"
6230,"TORONTO PALESTINE FILM FESTIVAL","1 of 1","Toronto-St. Paul’s","Local","10000","TAC Project - Visual and Media Arts","Economic Development & Culture","2025"
6231,"Toronto People With AIDS Foundation","1 of 1","Toronto Centre","City Wide","41178.22","CSP","Social Development","2025"
6232,"Toronto Photographers Workshop","1 of 2","Davenport","City Wide","70000","TAC","Toronto Arts Council","2025"
6233,"Toronto Photographers Workshop","2 of 2","Davenport","City Wide","76000","TAC","Toronto Arts Council","2025"
6234,"TORONTO PHOTOGRAPHERS WORKSHOP","1 of 2","Davenport","Local","76000","TAC Operating - Visual and Media Arts","Economic Development & Culture","2025"
6235,"TORONTO PHOTOGRAPHERS WORKSHOP","2 of 2","Davenport","Local","70000","TAC Project - Innovation and Capacity Building","Economic Development & Culture","2025"
6236,"Toronto Queer Media & Arts Centre","1 of 1","Spadina-Fort York","City Wide","24000","TAC","Toronto Arts Council","2025"
6237,"TORONTO QUEER MEDIA & ARTS CENTRE","1 of 1","Spadina-Fort York","Local","24000","TAC Operating - Visual and Media Arts","Economic Development & Culture","2025"
6238,"TORONTO RAILWAY HISTORICAL ASSOCIATION","1 of 1","Spadina-Fort York","Local","38122.36","Museum and Heritage Services Directed Grants","Economic Development & Culture","2025"
6239,"Toronto Rape Crisis Centre","1 of 1","Spadina-Fort York","City Wide","68575.53","CSP","Social Development","2025"
6240,"Toronto Reel Asian International Film Festival","1 of 1","Spadina-Fort York","City Wide","56000","TAC","Toronto Arts Council","2025"
6241,"TORONTO REEL ASIAN INTERNATIONAL FILM FESTIVAL","1 of 3","Spadina-Fort York","Local","32000","Community Celebration Support Fund","Economic Development & Culture","2025"
6242,"TORONTO REEL ASIAN INTERNATIONAL FILM FESTIVAL","2 of 3","Spadina-Fort York","Local","15000","Creative Industries Grant","Economic Development & Culture","2025"
6243,"TORONTO REEL ASIAN INTERNATIONAL FILM FESTIVAL","3 of 3","Spadina-Fort York","Local","56000","TAC Operating - Visual and Media Arts","Economic Development & Culture","2025"
6244,"Toronto Sketch Comedy Festival Inc.","1 of 1","Spadina-Fort York","City Wide","20000","TAC","Toronto Arts Council","2025"
6245,"TORONTO SKETCH COMEDY FESTIVAL INC.","1 of 1","Spadina-Fort York","Local","20000","TAC Operating - Theatre","Economic Development & Culture","2025"
6246,"Toronto Summer Music Foundation","1 of 1","Spadina-Fort York","City Wide","40775","TAC","Toronto Arts Council","2025"
6247,"TORONTO SUMMER MUSIC FOUNDATION","1 of 1","Spadina-Fort York","Local","40775","TAC Operating - Music","Economic Development & Culture","2025"
6248,"Toronto Symphony Orchestra","1 of 1","Spadina-Fort York","City Wide","1220000","TAC","Toronto Arts Council","2025"
6249,"TORONTO SYMPHONY ORCHESTRA","1 of 1","Spadina-Fort York","Local","1220000","TAC Large Institutions","Economic Development & Culture","2025"
6250,"Toronto Writers Collective","1 of 1","Toronto-Danforth","Local","7300","TAC","Toronto Arts Council","2025"
6251,"TORONTO WRITERS COLLECTIVE","1 of 1","Toronto-Danforth","Local","7300","TAC Project - Literary","Economic Development & Culture","2025"
6252,"TORONTO'S FIRST POST OFFICE","1 of 1","Toronto Centre","Local","28304","Museum and Heritage Services Directed Grants","Economic Development & Culture","2025"
6253,"Toronto's Link Up (Youth-led)","1 of 1","Don Valley West","Neighbourhood","5000","CCRF","Social Development","2025"
6254,"Trace Of Craft","1 of 1","University-Rosedale","City Wide","20000","TAC","Toronto Arts Council","2025"
6255,"TRACE OF CRAFT","1 of 1","University-Rosedale","Local","20000","TAC Project - Newcomer and Refugee","Economic Development & Culture","2025"
6256,"Trace Press","1 of 1","Etobicoke-Lakeshore","City Wide","7200","TAC","Toronto Arts Council","2025"
6257,"TRACE PRESS","1 of 1","Etobicoke-Lakeshore","Local","7200","TAC Project - Literary","Economic Development & Culture","2025"
6258,"TRACEY NORMAN","1 of 1","Toronto-St. Paul’s","Local","8000","TAC Project - Dance","Economic Development & Culture","2025"
6259,"TRACEY-MAE CHAMBERS","1 of 1","Toronto Centre","Local","10000","TAC Project - Visual and Media Arts","Economic Development & Culture","2025"
6260,"TRAM ANH NGUYEN","1 of 1","University-Rosedale","Local","15000","TAC Project - Newcomer and Refugee","Economic Development & Culture","2025"
6261,"TRANS FILM MENTORSHIP INC.","1 of 1","Davenport","Local","78000","Creative Industries Grant","Economic Development & Culture","2025"
6262,"Transcare Community Support Services","1 of 1","Scarborough-Agincourt","City Wide","106211.61","CSP","Social Development","2025"
6263,"TREVOR CUNNINGTON","1 of 1","Toronto Centre","Local","10000","TAC Project - Literary","Economic Development & Culture","2025"
6264,"Tribal Crackling Wind For The Arts","1 of 1","Toronto Centre","City Wide","33000","TAC","Toronto Arts Council","2025"
6265,"TRIBAL CRACKLING WIND FOR THE ARTS","1 of 1","Toronto Centre","Local","33000","TAC Operating - Dance","Economic Development & Culture","2025"
6266,"Trinity Square Video","1 of 1","Spadina-Fort York","City Wide","44000","TAC","Toronto Arts Council","2025"
6267,"TRINITY SQUARE VIDEO","1 of 1","Spadina-Fort York","Local","44000","TAC Operating - Visual and Media Arts","Economic Development & Culture","2025"
6268,"TRUE DALEY","1 of 1","Parkdale-High Park","Local","8200","TAC Project - Black Arts","Economic Development & Culture","2025"
6269,"Turtle Island Carers of Fire","1 of 1","City Wide","Local","20000","ICAG","Environment, Climate and Forestry","2025"
6270,"Turtle Protectors","1 of 1","City Wide","City Wide","30000","Other","Municipal Licensing & Standards","2025"
6271,"Turtle Protectors","1 of 1","Parkdale-High Park","Local","20000","ICAG","Environment, Climate and Forestry","2025"
6272,"Turtle Protectors/Mishiikenh Gizhaasowin","1 of 1","Parkdale-High Park, Etobicoke-Lakeshore, York South Weston, Toronto-Danforth","Local","7325","NCAG","Environment, Climate and Forestry","2025"
6273,"Ubuntu - Black Trans, Non-Binary and 2Spirit Collective","1 of 1","Beaches-East York","City Wide","40000","BMFF","Social Development","2025"
6274,"UBUNTU NEIGHBOURHOOD ORGANIZATION (UNO)","1 of 1","Toronto Centre","Neighbourhood","17000","INI","Social Development","2025"
6275,"UKRAINIAN CANADIAN CONGRESS","1 of 1","Etobicoke-Lakeshore","Local","10540","Special Events Stabilization Initiative","Economic Development & Culture","2025"
6276,"Ukrainian Canadian Social Services (Toronto) Inc.","1 of 1","Parkdale-High Park","City Wide","50189.25","CSP","Social Development","2025"
6277,"UKRAINIAN CULTURE FESTIVAL","1 of 1","Parkdale-High Park","Local","63750","Cultural Festivals Funding Program","Economic Development & Culture","2025"
6278,"ULTRAHAUS DIGITAL SERVICES INC.","1 of 1","Spadina-Fort York","Local","5000","SBEC Core, Starter Company Plus & Summer Company","Economic Development & Culture","2025"
6279,"UMA FOUNDATION","1 of 2","Eglinton-Lawrence","Local","4926.15","Special Events Stabilization Initiative","Economic Development & Culture","2025"
6280,"UMA FOUNDATION","2 of 2","Eglinton-Lawrence","Local","15000","Cultural Festivals Funding Program","Economic Development & Culture","2025"
6281,"Uma Nota Culture","1 of 1","Davenport","City Wide","10000","TAC","Toronto Arts Council","2025"
6282,"UMA NOTA CULTURE","1 of 1","Davenport","Local","10000","TAC Project - Music","Economic Development & Culture","2025"
6283,"UMA NOTA MUSIC AND PRODUCTION","1 of 2","Davenport","Local","20000","Cultural Festivals Funding Program","Economic Development & Culture","2025"
6284,"UMA NOTA MUSIC AND PRODUCTION","2 of 2","Davenport","Local","40000","Community Celebration Support Fund","Economic Development & Culture","2025"
6285,"Unboxing Accessibility","1 of 1","Beaches-East York","Local","20000","TAC","Toronto Arts Council","2025"
6286,"UNBOXING ACCESSIBILITY","1 of 1","Beaches-East York","Local","20000","TAC Project - Art Reach","Economic Development & Culture","2025"
6287,"Unbridled Theatre Collective","1 of 1","Toronto-Danforth","City Wide","15000","TAC","Toronto Arts Council","2025"
6288,"UNBRIDLED THEATRE COLLECTIVE","1 of 1","Toronto-Danforth","Local","15000","TAC Project - Theatre","Economic Development & Culture","2025"
6289,"Undivided Productions","1 of 1","Spadina-Fort York","City Wide","60000","TAC","Toronto Arts Council","2025"
6290,"UNDIVIDED PRODUCTIONS","1 of 1","Spadina-Fort York","Local","60000","TAC Project - Innovation and Capacity Building","Economic Development & Culture","2025"
6291,"UNIQUE PASTRY INC.","1 of 1","Willowdale","Local","5000","SBEC Core, Starter Company Plus & Summer Company","Economic Development & Culture","2025"
6292,"Unison Health and Community Services","2 of 3","Eglinton-Lawrence","City Wide","50000","CCRF","Social Development","2025"
6293,"Unison Health and Community Services","3 of 3","Eglinton-Lawrence","City Wide","10000","CCRF","Social Development","2025"
6294,"Unison Health and Community Services","1 of 3","Eglinton-Lawrence","Neighbourhood","30000","LLG","Social Development","2025"
6295,"Unison Health and Community Services & Mind on Strength","1 of 1","Eglinton-Lawrence","Local","215694","YVP","Social Development","2025"
6296,"UNITED FORUM OF BANGLADESHI CANADIAN","1 of 1","Scarborough Southwest","Local","4318","Special Events Stabilization Initiative","Economic Development & Culture","2025"
6297,"Unity Charity","1 of 1","Toronto-St. Paul's","City Wide","50000","YCISI","Economic Development & Culture","2025"
6298,"Unity Charity","1 of 1","Toronto-St. Paul's","City Wide","60000","TAC","Toronto Arts Council","2025"
6299,"UNITY CHARITY","1 of 2","Toronto-St. Paul’s","Local","50000","Youth Cultural Incubators Stabilization Initiative","Economic Development & Culture","2025"
6300,"UNITY CHARITY","2 of 2","Toronto-St. Paul’s","Local","60000","TAC Operating - Creative Communities","Economic Development & Culture","2025"
6301,"UNITY EMPOWERMENT FOUNDATION","1 of 1","Toronto Centre","Local","18000","Creative Industries Grant","Economic Development & Culture","2025"
6302,"Unity For Change Coalition Scarborough","1 of 1","Scarborough Centre, Scarborough-Guildwood","Local","16967","INI","Social Development","2025"
6303,"Unity Foundation Inc.","1 of 1","Humber River-Black Creek","Neighbourhood","17000","INI","Social Development","2025"
6304,"Unity Heath Toronto - Providence Health Care","1 of 1","Scarborough Southwest","Local","19066.5","FOR","Environment, Climate and Forestry","2025"
6305,"Unity Heath Toronto - Providence Health Care","1 of 1","Scarborough Southwest","Local","19066.5","FOR","Environment, Climate and Forestry","2025"
6306,"UNIVERSITY HEALTH NETWORK","1 of 1","University-Rosedale","Local","5000","Business Incubation & Commercialization Grant","Economic Development & Culture","2025"
6307,"UNIVERSITY OF TORONTO","1 of 1","University-Rosedale","Local","34287","Business Incubation & Commercialization Grant","Economic Development & Culture","2025"
6308,"University of Toronto Faculty of Architecture, Landscape and Design","1 of 1","York Centre, University-Rosedale, Scarborough Southwest, Scarborough-Rouge Park","City Wide","99500","FOR","Environment, Climate and Forestry","2025"
6309,"University of Toronto Faculty of Architecture, Landscape and Design","1 of 1","York Centre, University-Rosedale, Scarborough Southwest, Scarborough-Rouge Park","City Wide","99500","FOR","Environment, Climate and Forestry","2025"
6310,"University Settlement","1 of 1","Spadina-Fort York","Local","166504.51","CSP","Social Development","2025"
6311,"University Settlement","1 of 1","Spadina-Fort York","Local","29000","TAC","Toronto Arts Council","2025"
6312,"UNIVERSITY SETTLEMENT","1 of 1","Spadina-Fort York","Local","29000","TAC Operating - Music","Economic Development & Culture","2025"
6313,"Unspun Theatre","1 of 1","Davenport","City Wide","15000","TAC","Toronto Arts Council","2025"
6314,"UNSPUN THEATRE","1 of 1","Davenport","Local","15000","TAC Project - Theatre","Economic Development & Culture","2025"
6315,"Uptown Climate Conversations","1 of 1","Willowdale, Willowdale West, Don Valley North","Local","7150","NCAG","Environment, Climate and Forestry","2025"
6316,"UPTOWN YONGE BIA","1 of 2","Eglinton-Lawrence","Local","50000","Transit Construction Mitigation Fund","Economic Development & Culture","2025"
6317,"UPTOWN YONGE BIA","2 of 2","Eglinton-Lawrence","Local","17000","Community Celebration Support Fund","Economic Development & Culture","2025"
6318,"Urban Promise Toronto","1 of 1","Scarborough-Southwest","Local","50000","TCDI","Social Development","2025"
6319,"UrbanArts","1 of 1","York South Weston","Local","420250","LASO","Economic Development & Culture","2025"
6320,"URBANARTS COMMUNITY ARTS COUNCIL","1 of 2","York South-Weston","Local","410116","Local Arts Service Organizations","Economic Development & Culture","2025"
6321,"URBANARTS COMMUNITY ARTS COUNCIL","2 of 2","York South-Weston","Local","13500","Arts and Culture Services Directed Grants","Economic Development & Culture","2025"
6322,"URSULA HANDLEIGH","1 of 1","Scarborough Southwest","Local","18250","TAC Project - Animating","Economic Development & Culture","2025"
6323,"Uzima Women Relief Group International","1 of 1","Scarborough-Guildwood","Local","40000","BMFF","Social Development","2025"
6324,"VANESSA MAGIC","1 of 1","Spadina-Fort York","Local","9780","TAC Project - Black Arts","Economic Development & Culture","2025"
6325,"VARUN TRIKHA","1 of 1","Parkdale-High Park","Local","15000","TAC Project - Visual and Media Arts","Economic Development & Culture","2025"
6326,"VEMU ESTONIAN MUSEUM CANADA","1 of 1","University-Rosedale","Local","5000","Film and Creative Industries Event Sponsorships","Economic Development & Culture","2025"
6327,"Venus Fest Inc.","1 of 1","Spadina-Fort York","City Wide","20000","TAC","Toronto Arts Council","2025"
6328,"VENUS FEST INC.","1 of 1","Spadina-Fort York","Local","20000","TAC Operating - Music","Economic Development & Culture","2025"
6329,"Vermont Square Parent-Child Mother Goose Program","1 of 1","University-Rosedale","City Wide","33994.06","CSP","Social Development","2025"
6330,"Verse & Visual Expressions","1 of 1","Don Valley North","Local","15394","TAC","Toronto Arts Council","2025"
6331,"VERSE & VISUAL EXPRESSIONS","1 of 1","Don Valley North","Local","15394","TAC Project - Art Reach","Economic Development & Culture","2025"
6332,"Vesnivka Choir","1 of 1","Parkdale-High Park","City Wide","8000","TAC","Toronto Arts Council","2025"
6333,"VESNIVKA CHOIR","1 of 1","Parkdale-High Park","Local","8000","TAC Operating - Community Music Making","Economic Development & Culture","2025"
6334,"Vibe Arts","1 of 1","Spadina-Fort York","City Wide","90000","TAC","Toronto Arts Council","2025"
6335,"VIBE ARTS","1 of 1","Spadina-Fort York","Local","90000","TAC Operating - Creative Communities","Economic Development & Culture","2025"
6336,"Vibrant Healthcare Alliance","1 of 1","Eglinton-Lawrence","City Wide","48227.27","CSP","Social Development","2025"
6337,"Victim Services Toronto","1 of 1","Toronto Centre","City Wide","339893.57","CSP","Social Development","2025"
6338,"Victim Services Toronto","1 of 1","Toronto Centre","City Wide","9400","TAC","Toronto Arts Council","2025"
6339,"VICTIM SERVICES TORONTO","1 of 1","Toronto Centre","Local","9400","TAC Project - Creative Communities","Economic Development & Culture","2025"
6340,"VICTORIA MILLER","1 of 1","Toronto Centre","Local","9000","TAC Project - Black Arts","Economic Development & Culture","2025"
6341,"Victoria Park Family Games Healing Time","1 of 1","Scarborough-Agincourt","Neighbourhood","5000","CCRF","Social Development","2025"
6342,"Victoria Park Youth Rebuild (Youth-led)","1 of 1","Scarborough-Agincourt","Local","5000","CCRF","Social Development","2025"
6343,"Videocabaret","1 of 1","Toronto-Danforth","City Wide","17550","TAC","Toronto Arts Council","2025"
6344,"VIDEOCABARET","1 of 1","Toronto-Danforth","Local","17550","TAC Operating - Theatre","Economic Development & Culture","2025"
6345,"Vietnamese Women's Association of Toronto","1 of 1","Davenport","City Wide","78878.91","CSP","Social Development","2025"
6346,"VINCENZO MACCARONE","1 of 1","Davenport","Local","10000","TAC Project - Music","Economic Development & Culture","2025"
6347,"VINCY LIM","1 of 1","Toronto-Danforth","Local","20000","TAC Project - Art Reach","Economic Development & Culture","2025"
6348,"VIR-GO' DESIGN","1 of 1","Scarborough-Agincourt","Local","5000","SBEC Core, Starter Company Plus & Summer Company","Economic Development & Culture","2025"
6349,"Vision Supports Opportunities (VSO)","1 of 1","Don Valley East","Local","5000","CCRF","Social Development","2025"
6350,"VISUAL EFFECTS SOCIETY TORONTO SECTION","1 of 1","Outside Toronto","Local","4038","Creative Industries Grant","Economic Development & Culture","2025"
6351,"Viva! Youth Singers Of Toronto, Inc.","1 of 1","University-Rosedale","City Wide","60000","TAC","Toronto Arts Council","2025"
6352,"VIVA! YOUTH SINGERS OF TORONTO, INC.","1 of 1","University-Rosedale","Local","60000","TAC Operating - Music","Economic Development & Culture","2025"
6353,"Vivi'R Lgbtq+","1 of 1","Toronto-St. Paul's","City Wide","7950","TAC","Toronto Arts Council","2025"
6354,"VIVI'R LGBTQ+","1 of 1","Toronto-St. Paul’s","Local","7950","TAC Project - Literary","Economic Development & Culture","2025"
6355,"Voices to Vision","1 of 1","Humber River-Black Creek","Neighbourhood","17000","INI","Social Development","2025"
6356,"Voices Within: Empowerment Through Storytelling (Youth-led)","1 of 1","York South-Weston","Neighbourhood","4982","CCRF","Social Development","2025"
6357,"Volcano Non-Profit Productions Inc.","1 of 1","Spadina-Fort York","City Wide","55350","TAC","Toronto Arts Council","2025"
6358,"VOLCANO NON-PROFIT PRODUCTIONS INC.","1 of 1","Spadina-Fort York","Local","55350","TAC Operating - Theatre","Economic Development & Culture","2025"
6359,"Volunteer Centre of Toronto","1 of 1","University-Rosedale","City Wide","253407.56","CSP","Social Development","2025"
6360,"Vox Choirs","1 of 1","Willowdale","City Wide","15750","TAC","Toronto Arts Council","2025"
6361,"VOX CHOIRS","1 of 1","Willowdale","Local","15750","TAC Operating - Community Music Making","Economic Development & Culture","2025"
6362,"VP Family Tenant Group","1 of 1","Scarborough North","Local","5000","CCRF","Social Development","2025"
6363,"VP Youth Tenant Group (Youth-led)","1 of 1","Scarborough-Agincourt","Local","5000","CCRF","Social Development","2025"
6364,"Vtape","1 of 1","Spadina-Fort York","City Wide","91000","TAC","Toronto Arts Council","2025"
6365,"VTAPE","1 of 1","Spadina-Fort York","Local","91000","TAC Operating - Visual and Media Arts","Economic Development & Culture","2025"
6366,"WAEEL SAAD ALDIN","1 of 1","Parkdale-High Park","Local","10000","TAC Project - Literary","Economic Development & Culture","2025"
6367,"Wanasah Mental Health Services for Black Youth","1 of 1","Toronto Centre","City Wide","40000","CB","Social Development","2025"
6368,"Ward 4 HIRD Learning Circle","1 of 1","Parkdale-High Park","Local","6400","NCAG","Environment, Climate and Forestry","2025"
6369,"Warden Woods Church and Community Centre","1 of 1","Scarborough Southwest","Local","355122.47","CSP","Social Development","2025"
6370,"WARDEN WOODS COMMUNITY CENTRE","1 of 1","Scarborough Southwest","Local","26293.9","HPP","Toronto Shelter & Support Services","2025"
6371,"WARDROBE FOR MEN","1 of 1","Toronto-Danforth","Local","20000","Main Street Recovery & Rebuild Initiative","Economic Development & Culture","2025"
6372,"Warren Park Outdoor Education Centre","1 of 1","Parkdale-High Park","Local","1000","YCAG","Environment, Climate and Forestry","2025"
6373,"WASOOMI INC. O/A PABLO'S COFFEE HOUSE","1 of 1","Outside Toronto","Local","1994.95","CaféTO Grant","Economic Development & Culture","2025"
6374,"Waterfront Neighbourhood Centre","2 of 2","Spadina-Fort York","Local","60000","LLG","Social Development","2025"
6375,"Waterfront Neighbourhood Centre","1 of 2","Spadina-Fort York","Neighbourhood","90768.3","CSP","Social Development","2025"
6376,"WATER'S EDGE FESTIVALS & EVENTS","1 of 3","Toronto-Danforth","Local","21522.3","Special Events Stabilization Initiative","Economic Development & Culture","2025"
6377,"WATER'S EDGE FESTIVALS & EVENTS","2 of 3","Toronto-Danforth","Local","40000","Community Celebration Support Fund","Economic Development & Culture","2025"
6378,"WATER'S EDGE FESTIVALS & EVENTS","3 of 3","Toronto-Danforth","Local","105000","Toronto Significant Event Investment Program","Economic Development & Culture","2025"
6379,"Wavelength Music","1 of 1","Davenport","Local","5500","CHS","Economic Development & Culture","2025"
6380,"Wavelength Music Arts Projects","1 of 1","Davenport","City Wide","38000","TAC","Toronto Arts Council","2025"
6381,"WAVELENGTH MUSIC ARTS PROJECTS","1 of 4","Davenport","Local","21000","Community Celebration Support Fund","Economic Development & Culture","2025"
6382,"WAVELENGTH MUSIC ARTS PROJECTS","2 of 4","Davenport","Local","5500","Cultural Hotspot","Economic Development & Culture","2025"
6383,"WAVELENGTH MUSIC ARTS PROJECTS","3 of 4","Davenport","Local","20000","Creative Industries Grant","Economic Development & Culture","2025"
6384,"WAVELENGTH MUSIC ARTS PROJECTS","4 of 4","Davenport","Local","38000","TAC Operating - Music","Economic Development & Culture","2025"
6385,"We Liberate The World","1 of 1","Etobicoke-Lakeshore","City Wide","7000","TAC","Toronto Arts Council","2025"
6386,"WE LIBERATE THE WORLD","1 of 1","Etobicoke-Lakeshore","Local","7000","TAC Project - Creative Communities","Economic Development & Culture","2025"
6387,"We Support Pollinator Posse (WSPP)","1 of 1","Scarborough Southwest","Local","2337","PTCG","Environment, Climate and Forestry","2025"
6388,"WEBSERIES CANADA","1 of 1","Toronto Centre","Local","1000","Film and Creative Industries Event Sponsorships","Economic Development & Culture","2025"
6389,"WECONNECT COMMUNITY SERVICES","1 of 1","Don Valley North","Local","8403.1","Special Events Stabilization Initiative","Economic Development & Culture","2025"
6390,"Weefestival Of Arts And Culture","1 of 1","Davenport","City Wide","11250","TAC","Toronto Arts Council","2025"
6391,"WEEFESTIVAL OF ARTS AND CULTURE","1 of 1","Davenport","Local","11250","TAC Project - Theatre","Economic Development & Culture","2025"
6392,"West Hill CI","1 of 1","Scarborough-Guildwood","Local","5000","CCRF","Social Development","2025"
6393,"West Humber Junior Middle School","1 of 2","Etobicoke North","Local","1000","YCAG","Environment, Climate and Forestry","2025"
6394,"West Humber Junior Middle School","2 of 2","Etobicoke North","Local","1000","YCAG","Environment, Climate and Forestry","2025"
6395,"WEST NEIGHBOURHOOD HOUSE","1 of 1","Spadina-Fort York","Local","63957.62","HPP","Toronto Shelter & Support Services","2025"
6396,"West Neighbourhood House (The St. Christopher House)","1 of 1","Spadina-Fort York","Local","20000","CPP","Social Development","2025"
6397,"WEST QUEEN WEST BIA","1 of 1","Humber River-Black Creek","Local","25000","Main Street Recovery & Rebuild Initiative","Economic Development & Culture","2025"
6398,"West Scarborough Neighbourhood Community Centre","1 of 2","Scarborough Southwest","Local","356867.47","CSP","Social Development","2025"
6399,"West Scarborough Neighbourhood Community Centre","2 of 2","Scarborough Southwest","Local","66000","LLG","Social Development","2025"
6400,"West Toronto Church of God","1 of 1","Humber River-Black Creek","Neighbourhood","4950","CCRF","Social Development","2025"
6401,"Westmount Junior School","1 of 1","Etobicoke Centre","Local","1000","YCAG","Environment, Climate and Forestry","2025"
6402,"Weston Frontlines Centre","1 of 1","York South-Weston","Local","117484.21","CSP","Social Development","2025"
6403,"WESTON KING NEIGHBOURHOOD CENT","1 of 1","York South-Weston","Local","77459.74","HPP","Toronto Shelter & Support Services","2025"
6404,"Weston Village Residents' Association","1 of 1","York South-Weston","Local","75000","TCDI","Social Development","2025"
6405,"WEXFORD HEIGHTS BIA","1 of 2","Scarborough Centre","Local","29924.25","Special Events Stabilization Initiative","Economic Development & Culture","2025"
6406,"WEXFORD HEIGHTS BIA","2 of 2","Scarborough Centre","Local","19000","Community Celebration Support Fund","Economic Development & Culture","2025"
6407,"Whippersnapper Gallery Inc","1 of 1","University-Rosedale","Local","24000","TAC","Toronto Arts Council","2025"
6408,"WHIPPERSNAPPER GALLERY INC.","1 of 1","University-Rosedale","Local","24000","TAC Operating - Visual and Media Arts","Economic Development & Culture","2025"
6409,"Why Not Theatre","1 of 1","University-Rosedale","City Wide","61000","TAC","Toronto Arts Council","2025"
6410,"WHY NOT THEATRE","1 of 1","University-Rosedale","Local","61000","TAC Operating - Theatre","Economic Development & Culture","2025"
6411,"Wildseed Centre For Art And Activism","1 of 3","University-Rosedale","City Wide","42500","TAC","Toronto Arts Council","2025"
6412,"Wildseed Centre For Art And Activism","3 of 3","University-Rosedale","Local","15000","TAC","Toronto Arts Council","2025"
6413,"Wildseed Centre For Art And Activism","2 of 3","University-Rosedale","Local","35000","TAC","Toronto Arts Council","2025"
6414,"WILDSEED CENTRE FOR ART AND ACTIVISM","1 of 2","University-Rosedale","Local","35000","TAC Operating - Black Arts","Economic Development & Culture","2025"
6415,"WILDSEED CENTRE FOR ART AND ACTIVISM","2 of 2","University-Rosedale","Local","57500","TAC Project - Innovation and Capacity Building","Economic Development & Culture","2025"
6416,"William J McCordic School","1 of 1","Beaches-East York","Local","800","YCAG","Environment, Climate and Forestry","2025"
6417,"Willowdale Central Ratepayers' Association","1 of 1","Willowdale","Local","15993","TAC","Toronto Arts Council","2025"
6418,"WILLOWDALE CENTRAL RATEPAYERS' ASSOCIATION","1 of 1","Willowdale","Local","15993","TAC Project - Animating","Economic Development & Culture","2025"
6419,"Wind In The Leaves Collective","1 of 1","Toronto-Danforth","City Wide","25000","TAC","Toronto Arts Council","2025"
6420,"WIND IN THE LEAVES COLLECTIVE","1 of 1","Toronto-Danforth","Local","25000","TAC Operating - Dance","Economic Development & Culture","2025"
6421,"Windfields Middle School","1 of 1","Don Valley West","Local","1000","YCAG","Environment, Climate and Forestry","2025"
6422,"Winston Churchill Collegiate Institute","1 of 1","Scarborough Centre","Local","1000","YCAG","Environment, Climate and Forestry","2025"
6423,"Woburn Junior Public School","1 of 1","Scarborough-Guildwood","Local","1000","YCAG","Environment, Climate and Forestry","2025"
6424,"WOE LOTTA INC.","1 of 1","Parkdale-High Park","Local","5000","SBEC Core, Starter Company Plus & Summer Company","Economic Development & Culture","2025"
6425,"WOKA SOUNDZ","1 of 1","York South-Weston","Local","5000","Creative Industries Grant","Economic Development & Culture","2025"
6426,"Woman Abuse Council of Toronto","1 of 1","York South-Weston","City Wide","75877.19","CSP","Social Development","2025"
6427,"Women From Space","1 of 1","Davenport","City Wide","7000","TAC","Toronto Arts Council","2025"
6428,"WOMEN FROM SPACE","1 of 1","Davenport","Local","7000","TAC Project - Music","Economic Development & Culture","2025"
6429,"WOMEN IN FILM AND TELEVISION","1 of 2","Spadina-Fort York","Local","20000","Creative Industries Grant","Economic Development & Culture","2025"
6430,"WOMEN IN FILM AND TELEVISION","2 of 2","Spadina-Fort York","Local","15000","Film and Creative Industries Event Sponsorships","Economic Development & Culture","2025"
6431,"WOMEN IN MUSIC, PROFESSIONAL ASSOCIATION OF CANADA","1 of 1","Outside Toronto","Local","5000","Creative Industries Grant","Economic Development & Culture","2025"
6432,"Women'S Musical Club Of Toronto","1 of 1","University-Rosedale","City Wide","3538","TAC","Toronto Arts Council","2025"
6433,"WOMEN'S MUSICAL CLUB OF TORONTO","1 of 1","University-Rosedale","Local","3538","TAC Operating - Music","Economic Development & Culture","2025"
6434,"Women's Warrior Wellness Collective","1 of 1","Beaches-East York","Local","11960","ICAG","Environment, Climate and Forestry","2025"
6435,"Woodgreen Community Services","1 of 1","Toronto-Danforth","Local","517288.84","CSP","Social Development","2025"
6436,"WoodGreen Community Services Youth Advisory Council 2025","1 of 1","Scarborough Centre","Neighbourhood","16991","INI","Social Development","2025"
6437,"Word Media Group Inc.","1 of 1","Davenport","City Wide","12000","TAC","Toronto Arts Council","2025"
6438,"WORD MEDIA GROUP INC.","1 of 2","University-Rosedale","Local","4000","Arts and Culture Services Directed Grants","Economic Development & Culture","2025"
6439,"WORD MEDIA GROUP INC.","2 of 2","University-Rosedale","Local","2000","Film and Creative Industries Event Sponsorships","Economic Development & Culture","2025"
6440,"WORD MEDIA GROUP INC.","1 of 1","Davenport","Local","12000","TAC Project - Black Arts","Economic Development & Culture","2025"
6441,"Work Book","1 of 1","Toronto Centre","City Wide","10000","TAC","Toronto Arts Council","2025"
6442,"WORK BOOK","1 of 1","Toronto Centre","Local","10000","TAC Project - Visual and Media Arts","Economic Development & Culture","2025"
6443,"Workers' Action Centre","1 of 1","University-Rosedale","City Wide","72822.59","CSP","Social Development","2025"
6444,"Working Women Community Centre","1 of 2","Davenport","City Wide","263652.19","CSP","Social Development","2025"
6445,"Working Women Community Centre","2 of 2","Davenport","Local","20000","CPP","Social Development","2025"
6446,"Workman Arts Project Of Ontario","1 of 1","Spadina-Fort York","City Wide","46000","TAC","Toronto Arts Council","2025"
6447,"WORKMAN ARTS PROJECT OF ONTARIO","1 of 1","Spadina-Fort York","Local","46000","TAC Operating - Creative Communities","Economic Development & Culture","2025"
6448,"Works-in-Progress","1 of 1","Toronto-St. Paul’s, Toronto Centre, Spadina-Fort York, York South Weston","Local","7375","NCAG","Environment, Climate and Forestry","2025"
6449,"WOUESSI INC.","1 of 1","York Centre","Local","5000","SBEC Core, Starter Company Plus & Summer Company","Economic Development & Culture","2025"
6450,"WTEN COLOURS INCORPORATED","1 of 1","University-Rosedale","Local","5000","SBEC Core, Starter Company Plus & Summer Company","Economic Development & Culture","2025"
6451,"Wychwood Clarinet Choir","1 of 1","University-Rosedale","City Wide","5000","TAC","Toronto Arts Council","2025"
6452,"WYCHWOOD CLARINET CHOIR","1 of 1","University-Rosedale","Local","5000","TAC Operating - Community Music Making","Economic Development & Culture","2025"
6453,"WYNNE NEILLY","1 of 1","Davenport","Local","10000","TAC Project - Visual and Media Arts","Economic Development & Culture","2025"
6454,"Xenia Concerts Inc.","1 of 1","Toronto Centre","City Wide","45000","TAC","Toronto Arts Council","2025"
6455,"XENIA CONCERTS INC.","1 of 1","Toronto Centre","Local","45000","TAC Operating - Music","Economic Development & Culture","2025"
6456,"XING MU SPACE INC.","1 of 1","Willowdale","Local","5000","SBEC Core, Starter Company Plus & Summer Company","Economic Development & Culture","2025"
6457,"XP GAMING INC.","1 of 1","Willowdale","Local","10176","Film and Creative Industries Event Sponsorships","Economic Development & Culture","2025"
6458,"Xpace Cultural Centre","1 of 1","Davenport","City Wide","26000","TAC","Toronto Arts Council","2025"
6459,"XPACE CULTURAL CENTRE","1 of 1","Davenport","Local","26000","TAC Operating - Visual and Media Arts","Economic Development & Culture","2025"
6460,"YIRAN LIU","1 of 1","Spadina-Fort York","Local","14500","TAC Project - Visual and Media Arts","Economic Development & Culture","2025"
6461,"YMCA OF GREATER TORONTO","1 of 2","Spadina-Fort York","Local","43822.740000000005","HPP","Toronto Shelter & Support Services","2025"
6462,"YMCA OF GREATER TORONTO","2 of 2","Toronto-St. Paul's","Local","255000","HIF","Toronto Shelter & Support Services","2025"
6463,"YONGE & ST CLAIR BIA","1 of 2","Toronto-St. Paul’s","Local","36000","Community Celebration Support Fund","Economic Development & Culture","2025"
6464,"YONGE & ST CLAIR BIA","2 of 2","Toronto-St. Paul’s","Local","20000","BIA Capacity Development Grant","Economic Development & Culture","2025"
6465,"YONGE NORTH YORK BIA","1 of 6","Willowdale","Local","50000","Main Street Recovery & Rebuild Initiative","Economic Development & Culture","2025"
6466,"YONGE NORTH YORK BIA","2 of 6","Willowdale","Local","8373.76","Special Events Stabilization Initiative","Economic Development & Culture","2025"
6467,"YONGE NORTH YORK BIA","3 of 6","Willowdale","Local","10000","Cultural Festivals Funding Program","Economic Development & Culture","2025"
6468,"YONGE NORTH YORK BIA","4 of 6","Willowdale","Local","50000","Transit Construction Mitigation Fund","Economic Development & Culture","2025"
6469,"YONGE NORTH YORK BIA","5 of 6","Willowdale","Local","36000","Community Celebration Support Fund","Economic Development & Culture","2025"
6470,"YONGE NORTH YORK BIA","6 of 6","Willowdale","Local","25000","BIA Capacity Development Grant","Economic Development & Culture","2025"
6471,"York Mills Collegiate Institute","1 of 1","Don Valley West","Local","971.91","YCAG","Environment, Climate and Forestry","2025"
6472,"YORK UNIVERSITY","1 of 2","Humber River-Black Creek","Local","60000","Business Incubation & Commercialization Grant","Economic Development & Culture","2025"
6473,"YORK UNIVERSITY","2 of 2","Humber River-Black Creek","Local","2630","Economic Development Services Event Sponsorships","Economic Development & Culture","2025"
6474,"YORK UNIVERSITY - GLENDON COLLEGE","1 of 1","Don Valley West","Local","20000","Business Incubation & Commercialization Grant","Economic Development & Culture","2025"
6475,"York West Active Living Centre","1 of 1","York South-Weston","Neighbourhood","145128.25","CSP","Social Development","2025"
6476,"YORK-EGLINTON BIA","1 of 1","Toronto-St. Paul’s","Local","15000","Cultural Festivals Funding Program","Economic Development & Culture","2025"
6477,"York-Fairbank Centre for Seniors in the City of York","1 of 1","Toronto-St. Paul’s","Local","344578.37","CSP","Social Development","2025"
6478,"Yorkminster Park Meals on Wheels","1 of 1","Toronto-St. Paul’s","Local","11766.05","CSP","Social Development","2025"
6479,"YORKVILLE MURALS INC.","1 of 2","University-Rosedale","Local","32087.5","Special Events Stabilization Initiative","Economic Development & Culture","2025"
6480,"YORKVILLE MURALS INC.","2 of 2","University-Rosedale","Local","15000","Cultural Festivals Funding Program","Economic Development & Culture","2025"
6481,"You Do You Foundation","1 of 1","Spadina-Fort York","City Wide","10000","TAC","Toronto Arts Council","2025"
6482,"YOU DO YOU FOUNDATION","1 of 1","Spadina-Fort York","Local","10000","TAC Project - Music","Economic Development & Culture","2025"
6483,"YOUNG MUSIC PROFESSIONALS","1 of 1","Etobicoke-Lakeshore","Local","10000","Creative Industries Grant","Economic Development & Culture","2025"
6484,"Young People'S Theatre","1 of 1","Toronto Centre","City Wide","358600","TAC","Toronto Arts Council","2025"
6485,"YOUNG PEOPLE'S THEATRE","1 of 1","Toronto Centre","Local","358600","TAC Operating - Theatre","Economic Development & Culture","2025"
6486,"Young Voices Toronto Children'S Choir","1 of 1","Parkdale-High Park","City Wide","3000","TAC","Toronto Arts Council","2025"
6487,"YOUNG VOICES TORONTO CHILDREN'S CHOIR","1 of 1","Parkdale-High Park","Local","3000","TAC Project - Music","Economic Development & Culture","2025"
6488,"Youth Assisting Youth","1 of 1","Willowdale","City Wide","71377.53","CSP","Social Development","2025"
6489,"Youth Compass (Youth-led)","1 of 1","Don Valley East","Local","5000","CCRF","Social Development","2025"
6490,"YOUTH FILM AND MEDIA TRAINING NETWORK","1 of 2","Spadina-Fort York","Local","60000","Creative Industries Grant","Economic Development & Culture","2025"
6491,"YOUTH FILM AND MEDIA TRAINING NETWORK","2 of 2","Spadina-Fort York","Local","60000","Film and Creative Industries Directed Grants","Economic Development & Culture","2025"
6492,"YOUTH FOR CHANGE","1 of 1","Willowdale","Local","18000","Cultural Festivals Funding Program","Economic Development & Culture","2025"
6493,"Youth Inclusivity Program","1 of 1","Scarborough North, Scarborough Centre","Local","17000","INI","Social Development","2025"
6494,"Youth Voices project-Regent Park","1 of 1","Toronto Centre","Neighbourhood","17000","INI","Social Development","2025"
6495,"YouthLink & MIC Check","1 of 1","Scarborough Centre","Local","215694","YVP","Social Development","2025"
6496,"Youthpower","1 of 1","Toronto-St. Paul's","Local","15450","TAC","Toronto Arts Council","2025"
6497,"YOUTHPOWER","1 of 1","Toronto-St. Paul’s","Local","15450","TAC Project - Creative Communities","Economic Development & Culture","2025"
6498,"YUHALA MUY GARCIA","1 of 1","Davenport","Local","10950","TAC Project - Black Arts","Economic Development & Culture","2025"
6499,"YUI UGAI","1 of 1","Spadina-Fort York","Local","7500","TAC Project - Dance","Economic Development & Culture","2025"
6500,"YUN TEIN SHIA","1 of 1","Davenport","Local","5000","TAC Project - Music","Economic Development & Culture","2025"
6501,"YVETTE SIN","1 of 1","Toronto Centre","Local","15000","TAC Project - Visual and Media Arts","Economic Development & Culture","2025"
6502,"Yyz Artists' Outlet","1 of 1","Spadina-Fort York","City Wide","70000","TAC","Toronto Arts Council","2025"
6503,"YYZ ARTISTS' OUTLET","1 of 1","Spadina-Fort York","Local","70000","TAC Operating - Visual and Media Arts","Economic Development & Culture","2025"
6504,"ZAHRA BADUA","1 of 1","Scarborough-Guildwood","Local","7782.75","TAC Project - Dance","Economic Development & Culture","2025"
6505,"ZANETTE SINGH","1 of 1","Davenport","Local","10000","TAC Project - Visual and Media Arts","Economic Development & Culture","2025"
6506,"ZARMINA RAFI","1 of 1","University-Rosedale","Local","10000","TAC Project - Literary","Economic Development & Culture","2025"
6507,"ZENN ENTERPRISE LTD. O/A SOOS","1 of 1","Spadina-Fort York","Local","1298.38","CaféTO Grant","Economic Development & Culture","2025"
6508,"ZERO SOAP CO.","1 of 1","Davenport","Local","5000","SBEC Core, Starter Company Plus & Summer Company","Economic Development & Culture","2025"
6509,"ZINNIA NAQVI","1 of 1","Beaches-East York","Local","10000","TAC Project - Visual and Media Arts","Economic Development & Culture","2025"
6510,"Zion Heights Middle School","1 of 1","Don Valley North","Local","4612.66","PTCG","Environment, Climate and Forestry","2025"
6511,"ZOÃ« ERWIN-LONGSTAFF","1 of 1","University-Rosedale","Local","5000","TAC Project - Theatre","Economic Development & Culture","2025"
