"#","Organization","Ward","Service Area","# of Grants","Total Allocations","AEHR","CR","CSI","CFSE","CSP","CBIP","GameOn","StART","HER","HIF","INI","LASO","MCO","MUS","SDIP","SNP","TAC","OTHER","year"
1,"3T Program","42","Local","1",15000,NA,15000,NA,NA,NA,NA,NA,NA,NA,NA,NA,NA,NA,NA,NA,NA,NA,NA,"2014"
2,"6th Man Collective","18","City-wide","1",9000,NA,NA,NA,NA,NA,NA,NA,NA,NA,NA,NA,NA,NA,NA,NA,NA,9000,NA,"2014"
3,"519 Church Street Community Centre","27","City-wide","2",94582,NA,NA,NA,NA,56205,NA,NA,NA,NA,38377,NA,NA,NA,NA,NA,NA,NA,NA,"2014"
4,"1652 Keele Street Community Alliance","12","Area Services","1",25400,NA,NA,NA,NA,NA,NA,NA,NA,NA,NA,NA,NA,NA,NA,25400,NA,NA,NA,"2014"
5,"A Space Gallery","20","City-wide","1",62000,NA,NA,NA,NA,NA,NA,NA,NA,NA,NA,NA,NA,NA,NA,NA,NA,62000,NA,"2014"
6,"Abrigo Centre","17","City-wide","1",100930,NA,NA,NA,NA,100930,NA,NA,NA,NA,NA,NA,NA,NA,NA,NA,NA,NA,NA,"2014"
7,"Academy Concert Series","16","City-wide","1",1000,NA,NA,NA,NA,NA,NA,NA,NA,NA,NA,NA,NA,NA,NA,NA,NA,NA,NA,"2014"
8,"Access Alliance Multicultural Health And Community Services","35","City-wide","2",90685,NA,NA,NA,NA,56185,NA,34500,NA,NA,NA,NA,NA,NA,NA,NA,NA,NA,NA,"2014"
9,"Across Oceans","14","City-wide","1",2000,NA,NA,NA,NA,NA,NA,NA,NA,NA,NA,NA,NA,NA,NA,NA,NA,2000,NA,"2014"
10,"Act Out Youth Theatre","42","Local","1",9900,NA,NA,NA,NA,NA,NA,NA,NA,NA,NA,NA,NA,NA,NA,NA,NA,9900,NA,"2014"
11,"Acting Up Stage Theatre Company","28","City-wide","1",35000,NA,NA,NA,NA,NA,NA,NA,NA,NA,NA,NA,NA,NA,NA,NA,NA,35000,NA,"2014"
12,"Actors Repertory Company","28","City-wide","1",9500,NA,NA,NA,NA,NA,NA,NA,NA,NA,NA,NA,NA,NA,NA,NA,NA,9500,NA,"2014"
13,"adelheid dance projects","20","City-wide","1",15000,NA,NA,NA,NA,NA,NA,NA,NA,NA,NA,NA,NA,NA,NA,NA,NA,15000,NA,"2014"
14,"Afghan Women's Counselling and Integration Community Support Organization","26","City-wide","1",71690,NA,NA,NA,NA,71690,NA,NA,NA,NA,NA,NA,NA,NA,NA,NA,NA,NA,NA,"2014"
15,"African Canadian Social Development Council","28","City-wide","1",33845,NA,NA,NA,NA,33845,NA,NA,NA,NA,NA,NA,NA,NA,NA,NA,NA,NA,NA,"2014"
16,"Africans in Partnership Against AIDS","27","City-wide","1",98850,NA,NA,NA,NA,98850,NA,NA,NA,NA,NA,NA,NA,NA,NA,NA,NA,NA,NA,"2014"
17,"Afrihili Cultural Association of Ontario","20","City-wide","1",2000,NA,NA,NA,NA,NA,NA,NA,NA,NA,NA,NA,NA,NA,NA,NA,NA,2000,NA,"2014"
18,"Agincourt Community Services Association","41","Area services","3",312074,NA,NA,47000,NA,140495,NA,NA,NA,NA,124579,NA,NA,NA,NA,NA,NA,NA,NA,"2014"
19,"Ahuri Theatre","17","City-wide","1",15000,NA,NA,NA,NA,NA,NA,NA,NA,NA,NA,NA,NA,NA,NA,NA,NA,15000,NA,"2014"
20,"AIDS Committee Of Toronto","27","City-wide","1",66125,NA,NA,NA,NA,66125,NA,NA,NA,NA,NA,NA,NA,NA,NA,NA,NA,NA,NA,"2014"
21,"Alameda Theatre Company","21","City-wide","1",15000,NA,NA,NA,NA,NA,NA,NA,NA,NA,NA,NA,NA,NA,NA,NA,NA,15000,NA,"2014"
22,"Albion Gardens Community Tennis Club","1","Local","1",40000,NA,NA,NA,NA,NA,NA,NA,NA,NA,NA,NA,NA,NA,NA,NA,NA,NA,NA,"2014"
23,"Albion Neighbourhood Services","1","Area services","2",393335,NA,NA,NA,NA,110410,NA,NA,NA,NA,282925,NA,NA,NA,NA,NA,NA,NA,NA,"2014"
24,"Alexander Park Community Centre","20","Area services","1",40000,NA,NA,40000,NA,NA,NA,NA,NA,NA,NA,NA,NA,NA,NA,NA,NA,NA,NA,"2014"
25,"Alias Dance Projects","33","Local","1",30000,NA,NA,NA,NA,NA,NA,NA,NA,NA,NA,NA,NA,NA,NA,NA,NA,30000,NA,"2014"
26,"Alliance Francaise de Toronto","20","City-wide","1",8000,NA,NA,NA,NA,NA,NA,NA,NA,NA,NA,NA,NA,NA,NA,NA,NA,8000,NA,"2014"
27,"Aluna Theatre","17","City-wide","1",106000,NA,NA,NA,NA,NA,NA,NA,NA,NA,NA,NA,NA,NA,NA,NA,NA,106000,NA,"2014"
28,"Amadeus Choir of Greater Toronto","23","City-wide","1",25375,NA,NA,NA,NA,NA,NA,NA,NA,NA,NA,NA,NA,NA,NA,NA,NA,25375,NA,"2014"
29,"Amici Chamber Ensemble","20","City-wide","1",18000,NA,NA,NA,NA,NA,NA,NA,NA,NA,NA,NA,NA,NA,NA,NA,NA,18000,NA,"2014"
30,"AMY Project","29","City-wide","1",9000,NA,NA,NA,NA,NA,NA,NA,NA,NA,NA,NA,NA,NA,NA,NA,NA,9000,NA,"2014"
31,"Anandam Dancetheatre Productions","20","City-wide","1",6400,NA,NA,NA,NA,NA,NA,NA,NA,NA,NA,NA,NA,NA,NA,NA,NA,6400,NA,"2014"
32,"Angel Foundation for Learning","23","City-wide","1",1640570,NA,NA,NA,NA,NA,NA,NA,NA,NA,NA,NA,NA,NA,NA,NA,1640570,NA,NA,"2014"
33,"AOHDAS Collective","20","City-wide","1",9000,NA,NA,NA,NA,NA,NA,NA,NA,NA,NA,NA,NA,NA,NA,NA,NA,9000,NA,"2014"
34,"Aphasia Institute","25","City-wide","1",21445,NA,NA,NA,NA,21445,NA,NA,NA,NA,NA,NA,NA,NA,NA,NA,NA,NA,NA,"2014"
35,"Appledore Productions","20","City-wide","1",10000,NA,NA,NA,NA,NA,NA,NA,NA,NA,NA,NA,NA,NA,NA,NA,NA,10000,NA,"2014"
36,"Arab Community Centre of Toronto, The","3","City-wide","1",37950,NA,NA,NA,NA,37950,NA,NA,NA,NA,NA,NA,NA,NA,NA,NA,NA,NA,NA,"2014"
37,"Aradia Ensemble","20","City-wide","1",10000,NA,NA,NA,NA,NA,NA,NA,NA,NA,NA,NA,NA,NA,NA,NA,NA,10000,NA,"2014"
38,"ARCH Disability Law Centre","28","City-wide","1",30360,NA,NA,NA,NA,30360,NA,NA,NA,NA,NA,NA,NA,NA,NA,NA,NA,NA,NA,"2014"
39,"Armenian Relief Society Inc. -""Roubina"" Chapter","33","City-wide","1",21445,NA,NA,NA,NA,21445,NA,NA,NA,NA,NA,NA,NA,NA,NA,NA,NA,NA,NA,"2014"
40,"Arraymusic","19","City-wide","1",38090,NA,NA,NA,NA,NA,NA,NA,NA,NA,NA,NA,NA,NA,NA,NA,NA,38090,NA,"2014"
41,"Art Bar Poetry Series","29","City-wide","1",7000,NA,NA,NA,NA,NA,NA,NA,NA,NA,NA,NA,NA,NA,NA,NA,NA,7000,NA,"2014"
42,"Art Gallery of Ontario","20","City-wide","2",646750,NA,NA,NA,NA,NA,NA,NA,20000,NA,NA,NA,NA,626750,NA,NA,NA,NA,NA,"2014"
43,"Art Gallery of York University","8","City-wide","1",72000,NA,NA,NA,NA,NA,NA,NA,NA,NA,NA,NA,NA,NA,NA,NA,NA,72000,NA,"2014"
44,"Art Metropole","18","City-wide","1",70000,NA,NA,NA,NA,NA,NA,NA,NA,NA,NA,NA,NA,NA,NA,NA,NA,70000,NA,"2014"
45,"Art of Time Ensemble","20","City-wide","1",50000,NA,NA,NA,NA,NA,NA,NA,NA,NA,NA,NA,NA,NA,NA,NA,NA,50000,NA,"2014"
46,"Art Starts Neighbourhood Cultural Centre","16","Area services","2",95000,NA,30000,NA,NA,NA,NA,NA,NA,NA,NA,NA,NA,NA,NA,NA,NA,65000,NA,"2014"
47,"ArtHeart Community Art Centre","28","Local","1",4000,NA,NA,NA,NA,NA,NA,NA,NA,NA,NA,NA,NA,NA,NA,NA,NA,4000,NA,"2014"
48,"Article 11  Performance Group","27","Local","1",36920,NA,NA,NA,NA,NA,NA,NA,NA,NA,NA,NA,NA,NA,NA,NA,NA,36920,NA,"2014"
49,"Artistic Unity","34","Area Services","1",7700,NA,NA,NA,NA,NA,NA,NA,NA,NA,NA,7700,NA,NA,NA,NA,NA,NA,NA,"2014"
50,"Artists Film Exhibition Group","20","City-wide","1",23000,NA,NA,NA,NA,NA,NA,NA,NA,NA,NA,NA,NA,NA,NA,NA,NA,23000,NA,"2014"
51,"Artists to Artists Foundation","11","City-wide","1",65000,NA,NA,NA,NA,NA,65000,NA,NA,NA,NA,NA,NA,NA,NA,NA,NA,NA,NA,"2014"
52,"Arts Etobicoke","5","City-wide","1",374805,NA,NA,NA,NA,NA,NA,NA,NA,NA,NA,NA,374805,NA,NA,NA,NA,NA,NA,"2014"
53,"Arts4All Creative Society","17","Local","1",12000,NA,NA,NA,NA,NA,NA,NA,NA,NA,NA,NA,NA,NA,NA,NA,NA,12000,NA,"2014"
54,"Arts For Children And Youth","20","Area services","3",123000,NA,35000,NA,NA,NA,NA,NA,40000,NA,NA,NA,NA,NA,NA,NA,NA,48000,NA,"2014"
55,"Arts Inter-Media","27","City-wide","1",31000,NA,NA,NA,NA,NA,NA,NA,NA,NA,NA,NA,NA,NA,NA,NA,NA,31000,NA,"2014"
56,"Ashkenaz Foundation","20","City-wide","1",50000,NA,NA,NA,NA,NA,NA,NA,NA,NA,NA,NA,NA,NA,NA,NA,NA,50000,NA,"2014"
57,"Asian Arts Freedom School","18","City-wide","1",14000,NA,NA,NA,NA,NA,NA,NA,NA,NA,NA,NA,NA,NA,NA,NA,NA,14000,NA,"2014"
58,"Ascot Co-op","2","City-wide","1",34875,NA,NA,NA,NA,NA,NA,34875,NA,NA,NA,NA,NA,NA,NA,NA,NA,NA,NA,"2014"
59,"Assaulted Women's Helpline","20","City-wide","1",56405,NA,NA,NA,NA,56405,NA,NA,NA,NA,NA,NA,NA,NA,NA,NA,NA,NA,NA,"2014"
60,"Association for Art and Social Change","20","City-wide","1",4000,NA,NA,NA,NA,NA,NA,NA,NA,NA,NA,NA,NA,NA,NA,NA,NA,4000,NA,"2014"
61,"Association of Artists for A Better World","29","City-wide","1",1500,NA,NA,NA,NA,NA,NA,NA,NA,NA,NA,NA,NA,NA,NA,NA,NA,1500,NA,"2014"
62,"AWIC Community and Social Services","33","City-wide","1",76895,NA,NA,NA,NA,76895,NA,NA,NA,NA,NA,NA,NA,NA,NA,NA,NA,NA,NA,"2014"
63,"Axis Music Inc.","35","Local","1",7000,NA,NA,NA,NA,NA,NA,NA,NA,NA,NA,NA,NA,NA,NA,NA,NA,7000,NA,"2014"
64,"b current","21","Local","1",27000,NA,NA,NA,NA,NA,NA,NA,NA,NA,NA,NA,NA,NA,NA,NA,NA,27000,NA,"2014"
65,"Baby Steps Parenting","15","Local","1",10000,NA,NA,NA,NA,NA,NA,NA,NA,NA,NA,NA,NA,NA,NA,NA,NA,10000,NA,"2014"
66,"Bach Children's Chorus of Scarborough","43","City-wide","1",25000,NA,NA,NA,NA,NA,NA,NA,NA,NA,NA,NA,NA,NA,NA,NA,NA,25000,NA,"2014"
67,"Bad Dog Theatre","19","City-wide","1",4500,NA,NA,NA,NA,NA,NA,NA,NA,NA,NA,NA,NA,NA,NA,NA,NA,4500,NA,"2014"
68,"Bad News Days","18","City-wide","1",6500,NA,NA,NA,NA,NA,NA,NA,NA,NA,NA,NA,NA,NA,NA,NA,NA,6500,NA,"2014"
69,"Ballet Creole","20","City-wide","1",23750,NA,NA,NA,NA,NA,NA,NA,NA,NA,NA,NA,NA,NA,NA,NA,NA,23750,NA,"2014"
70,"Ballet Jorgen","27","City-wide","1",90000,NA,NA,NA,NA,NA,NA,NA,NA,NA,NA,NA,NA,NA,NA,NA,NA,90000,NA,"2014"
71,"Baque de Bamba","18","City-wide","1",8000,NA,NA,NA,NA,NA,NA,NA,NA,NA,NA,NA,NA,NA,NA,NA,NA,8000,NA,"2014"
72,"Barbra Schlifer Commemorative Clinic","19","Local","2",59215,NA,NA,NA,NA,49215,NA,NA,NA,NA,NA,NA,NA,NA,NA,NA,NA,10000,NA,"2014"
73,"Bathurst Finch Network","10","Local","1",87500,NA,NA,NA,NA,NA,NA,NA,NA,NA,NA,NA,NA,NA,NA,87500,NA,NA,NA,"2014"
74,"Batuki Music Society","28","City-wide","1",7700,NA,NA,NA,NA,NA,NA,NA,NA,NA,NA,NA,NA,NA,NA,NA,NA,7700,NA,"2014"
75,"Bay Mills Youth Centre","40","Local","2",35600,NA,NA,26000,NA,NA,NA,NA,NA,NA,NA,NA,NA,NA,NA,NA,NA,9600,NA,"2014"
76,"B.EE Real Project","37","Area services","1",9713,NA,NA,NA,NA,NA,NA,NA,NA,NA,NA,9713,NA,NA,NA,NA,NA,NA,NA,"2014"
77,"Bellydance Blossom Festival","14","City-wide","1",6000,NA,NA,NA,NA,NA,NA,NA,NA,NA,NA,NA,NA,NA,NA,NA,NA,6000,NA,"2014"
78,"Bereaved Families of Ontario-Toronto","22","City-wide","1",64675,NA,NA,NA,NA,64675,NA,NA,NA,NA,NA,NA,NA,NA,NA,NA,NA,NA,NA,"2014"
79,"Bernard Betel Centre for Creative Living","10","Area Services","1",117945,NA,NA,NA,NA,117945,NA,NA,NA,NA,NA,NA,NA,NA,NA,NA,NA,NA,NA,"2014"
80,"Better Living Health and Community Services","25","Area Services","2",240250,NA,40000,NA,NA,200250,NA,NA,NA,NA,NA,NA,NA,NA,NA,NA,NA,NA,NA,"2014"
81,"Bicycle Opera Project","28","City-wide","1",7000,NA,NA,NA,NA,NA,NA,NA,NA,NA,NA,NA,NA,NA,NA,NA,NA,7000,NA,"2014"
82,"Birchmount Bluffs Neighbourhood Centre","36","Area Services","2",112420,NA,32000,NA,NA,80420,NA,NA,NA,NA,NA,NA,NA,NA,NA,NA,NA,NA,NA,"2014"
83,"Birdland Theatre Inc.","18","City-wide","1",3000,NA,NA,NA,NA,NA,NA,NA,NA,NA,NA,NA,NA,NA,NA,NA,NA,3000,NA,"2014"
84,"Birdtown and Swanville","14","City-wide","1",10000,NA,NA,NA,NA,NA,NA,NA,NA,NA,NA,NA,NA,NA,NA,NA,NA,10000,NA,"2014"
85,"Black Creek Youth Crew","11","Area services","1",9942,NA,NA,NA,NA,NA,NA,NA,NA,NA,NA,9942,NA,NA,NA,NA,NA,NA,NA,"2014"
86,"Black Women in Motion","7","Local","1",9453,NA,NA,NA,NA,NA,NA,NA,NA,NA,NA,9453,NA,NA,NA,NA,NA,NA,NA,"2014"
87,"Bloor Improvement Group","18","Local","1",7000,NA,NA,NA,NA,NA,NA,NA,NA,NA,NA,NA,NA,NA,NA,NA,NA,7000,NA,"2014"
88,"Bloor Information and Life Skills Centre","19","City-wide","1",33735,NA,NA,NA,NA,33735,NA,NA,NA,NA,NA,NA,NA,NA,NA,NA,NA,NA,NA,"2014"
89,"Blossom","12","Local","1",8500,NA,NA,NA,NA,NA,NA,NA,NA,NA,NA,NA,NA,NA,NA,NA,NA,8500,NA,"2014"
90,"Blythwood Winds","20","City-wide","1",1800,NA,NA,NA,NA,NA,NA,NA,NA,NA,NA,NA,NA,NA,NA,NA,NA,1800,NA,"2014"
91,"Boost Child Abuse Prevention and Intervention","27","City-wide","1",251585,NA,NA,NA,NA,251585,NA,NA,NA,NA,NA,NA,NA,NA,NA,NA,NA,NA,NA,"2014"
92,"Bottom's Dream Collective","18","City-wide","1",13000,NA,NA,NA,NA,NA,NA,NA,NA,NA,NA,NA,NA,NA,NA,NA,NA,13000,NA,"2014"
93,"Braeburn Neighbourhood Place Incorporated","2","Local","1",45855,NA,NA,NA,NA,45855,NA,NA,NA,NA,NA,NA,NA,NA,NA,NA,NA,NA,NA,"2014"
94,"Buddies In Bad Times Theatre","27","City-wide","1",143000,NA,NA,NA,NA,NA,NA,NA,NA,NA,NA,NA,NA,NA,NA,NA,NA,143000,NA,"2014"
95,"Cabaret Theatre Company","27","City-wide","1",13000,NA,NA,NA,NA,NA,NA,NA,NA,NA,NA,NA,NA,NA,NA,NA,NA,13000,NA,"2014"
96,"Cabbagetown Community Arts Centre","28","City-wide","1",25000,NA,NA,NA,NA,NA,NA,NA,NA,NA,NA,NA,NA,NA,NA,NA,NA,25000,NA,"2014"
97,"Cabbagetown Youth Centre","28","Local","1",35770,NA,NA,NA,NA,35770,NA,NA,NA,NA,NA,NA,NA,NA,NA,NA,NA,NA,NA,"2014"
98,"Cahoots Theatre Projects","28","City-wide","1",129500,NA,NA,NA,NA,NA,NA,NA,NA,NA,NA,NA,NA,NA,NA,NA,NA,129500,NA,"2014"
99,"Call-A-Service Inc.","31","Area Services","1",94090,NA,NA,NA,NA,94090,NA,NA,NA,NA,NA,NA,NA,NA,NA,NA,NA,NA,NA,"2014"
100,"Canada Clown","20","City-wide","1",10000,NA,NA,NA,NA,NA,NA,NA,NA,NA,NA,NA,NA,NA,NA,NA,NA,10000,NA,"2014"
101,"Canada's National Ballet School","27","City-wide","1",161000,NA,NA,NA,NA,NA,NA,NA,NA,NA,NA,NA,NA,161000,NA,NA,NA,NA,NA,"2014"
102,"Canadian Alliance of Dance Artists","28","City-wide","1",13250,NA,NA,NA,NA,NA,NA,NA,NA,NA,NA,NA,NA,NA,NA,NA,NA,13250,NA,"2014"
103,"Canadian Centre for Victims of Torture","27","City-wide","1",25390,NA,NA,NA,NA,25390,NA,NA,NA,NA,NA,NA,NA,NA,NA,NA,NA,NA,NA,"2014"
104,"Canadian Children's Opera Company","28","City-wide","1",32500,NA,NA,NA,NA,NA,NA,NA,NA,NA,NA,NA,NA,NA,NA,NA,NA,32500,NA,"2014"
105,"Canadian Contemporary Dance Theatre","20","City-wide","1",52000,NA,NA,NA,NA,NA,NA,NA,NA,NA,NA,NA,NA,NA,NA,NA,NA,52000,NA,"2014"
106,"Canadian Film in the Schools","20","City-wide","1",3500,NA,NA,NA,NA,NA,NA,NA,NA,NA,NA,NA,NA,NA,NA,NA,NA,3500,NA,"2014"
107,"Canadian Filmmakers Distribution Centre","20","City-wide","1",51000,NA,NA,NA,NA,NA,NA,NA,NA,NA,NA,NA,NA,NA,NA,NA,NA,51000,NA,"2014"
108,"Canadian Gay and Lesbian Archives","27","City-wide","1",3000,NA,NA,NA,NA,NA,NA,NA,NA,NA,NA,NA,NA,NA,NA,NA,NA,3000,NA,"2014"
109,"Canadian Hearing Society, The","22","City-wide","1",16705,NA,NA,NA,NA,16705,NA,NA,NA,NA,NA,NA,NA,NA,NA,NA,NA,NA,NA,"2014"
110,"Canadian Men's Chorus","20","City-wide","1",2500,NA,NA,NA,NA,NA,NA,NA,NA,NA,NA,NA,NA,NA,NA,NA,NA,2500,NA,"2014"
111,"Canadian Mental Health Association, The","15","City-wide","2",54930,NA,38000,NA,NA,16930,NA,NA,NA,NA,NA,NA,NA,NA,NA,NA,NA,NA,NA,"2014"
112,"Canadian Music Centre","27","City-wide","1",70000,NA,NA,NA,NA,NA,NA,NA,NA,NA,NA,NA,NA,NA,NA,NA,NA,70000,NA,"2014"
113,"Canadian Opera Company","28","City-wide","1",1522800,NA,NA,NA,NA,NA,NA,NA,NA,NA,NA,NA,NA,1522800,NA,NA,NA,NA,NA,"2014"
114,"Canadian Red Cross, Markham Office","38","Area Services","1",26990,NA,NA,NA,NA,26990,NA,NA,NA,NA,NA,NA,NA,NA,NA,NA,NA,NA,NA,"2014"
115,"Canadian Red Cross, Toronto Region","18","City-wide","1",35750,NA,NA,NA,NA,NA,NA,NA,NA,NA,35750,NA,NA,NA,NA,NA,NA,NA,NA,"2014"
116,"Canadian Roots Exchange","19","City-wide","1",7000,NA,NA,NA,NA,NA,NA,NA,NA,NA,NA,NA,NA,NA,NA,NA,NA,7000,NA,"2014"
117,"Canadian Stage Company","28","City-wide","1",820000,NA,NA,NA,NA,NA,NA,NA,NA,NA,NA,NA,NA,NA,NA,NA,NA,820000,NA,"2014"
118,"Canadian Tamil Youth Development Centre","38","City-wide","1",120590,NA,NA,NA,NA,120590,NA,NA,NA,NA,NA,NA,NA,NA,NA,NA,NA,NA,NA,"2014"
119,"CanAsian Dance Festival","20","City-wide","1",63000,NA,NA,NA,NA,NA,NA,NA,NA,NA,NA,NA,NA,NA,NA,NA,NA,63000,NA,"2014"
120,"CANES Community Centre","2","Area Services","1",63615,NA,NA,NA,NA,63615,NA,NA,NA,NA,NA,NA,NA,NA,NA,NA,NA,NA,NA,"2014"
121,"Canzine Arts Festival","20","City-wide","1",5000,NA,NA,NA,NA,NA,NA,NA,NA,NA,NA,NA,NA,NA,NA,NA,NA,5000,NA,"2014"
122,"Carefirst Seniors and Community Services Association","39","City-wide","1",89085,NA,NA,NA,NA,89085,NA,NA,NA,NA,NA,NA,NA,NA,NA,NA,NA,NA,NA,"2014"
123,"CARFAC Ontario","20","City-wide","1",24000,NA,NA,NA,NA,NA,NA,NA,NA,NA,NA,NA,NA,NA,NA,NA,NA,24000,NA,"2014"
124,"Cathedral Bluffs Symphony Orchestra","42","Local","1",15000,NA,NA,NA,NA,NA,NA,NA,NA,NA,NA,NA,NA,NA,NA,NA,NA,15000,NA,"2014"
125,"Catholic Crosscultural Services","38","Area Services","1",25325,NA,NA,NA,NA,25325,NA,NA,NA,NA,NA,NA,NA,NA,NA,NA,NA,NA,NA,"2014"
126,"Cecil Community Centre","20","Area  services","1",4865,NA,NA,NA,NA,4865,NA,NA,NA,NA,NA,NA,NA,NA,NA,NA,NA,NA,NA,"2014"
127,"Cecelia String Quartet","28","City-wide","1",8000,NA,NA,NA,NA,NA,NA,NA,NA,NA,NA,NA,NA,NA,NA,NA,NA,8000,NA,"2014"
128,"Cedar Ridge Studio Gallery","43","City-wide","1",5500,NA,NA,NA,NA,NA,NA,NA,NA,NA,NA,NA,NA,NA,NA,NA,NA,5500,NA,"2014"
129,"Central Eglinton Community Centre","22","Area Services","1",26130,NA,NA,NA,NA,26130,NA,NA,NA,NA,NA,NA,NA,NA,NA,NA,NA,NA,NA,"2014"
130,"Central Neighbourhood House Association","28","Area services","2",169904,NA,NA,NA,NA,105930,NA,NA,NA,NA,63974,NA,NA,NA,NA,NA,NA,NA,NA,"2014"
131,"Centre for Aboriginal Media","20","City-wide","1",65000,NA,NA,NA,NA,NA,NA,NA,NA,NA,NA,NA,NA,NA,NA,NA,NA,65000,NA,"2014"
132,"Centre for Community Learning and Development","28","City-wide","2",72490,NA,29000,NA,NA,43490,NA,NA,NA,NA,NA,NA,NA,NA,NA,NA,NA,NA,NA,"2014"
133,"Centre for Equality Rights in Accommodation","19","City-wide","2",110762,30000,NA,NA,NA,NA,NA,NA,NA,NA,80762,NA,NA,NA,NA,NA,NA,NA,NA,"2014"
134,"Centre for Independent Living in Toronto (C.I.L.T.)","27","City-wide","2",52585,30000,NA,NA,NA,22585,NA,NA,NA,NA,NA,NA,NA,NA,NA,NA,NA,NA,NA,"2014"
135,"Centre for Indigenous Theatre","19","City-wide","1",40000,NA,NA,NA,NA,NA,NA,NA,NA,NA,NA,NA,NA,NA,NA,NA,NA,40000,NA,"2014"
136,"Centre for Information and Community Services of Ontario","41","Area Services","1",113070,NA,NA,NA,NA,113070,NA,NA,NA,NA,NA,NA,NA,NA,NA,NA,NA,NA,NA,"2014"
137,"Centre For Spanish Speaking Peoples (The)","9","City-wide","4",111040,NA,25000,NA,8000,59540,NA,NA,18500,NA,NA,NA,NA,NA,NA,NA,NA,NA,NA,"2014"
138,"Charles Street Video","19","City-wide","1",54500,NA,NA,NA,NA,NA,NA,NA,NA,NA,NA,NA,NA,NA,NA,NA,NA,54500,NA,"2014"
139,"Chiaroscuro Reading Series","20","City-wide","1",6000,NA,NA,NA,NA,NA,NA,NA,NA,NA,NA,NA,NA,NA,NA,NA,NA,6000,NA,"2014"
140,"Children & Youth Dance Theatre of Toronto","8","City-wide","1",10000,NA,NA,NA,NA,NA,NA,NA,NA,NA,NA,NA,NA,NA,NA,NA,NA,10000,NA,"2014"
141,"Children's Aid Society of Toronto","30","City-wide","1",43619,NA,NA,NA,NA,NA,NA,NA,NA,NA,43619,NA,NA,NA,NA,NA,NA,NA,NA,"2014"
142,"Children's Peace Theatre","31","Area Services","2",41800,NA,NA,NA,6800,NA,NA,NA,NA,NA,NA,NA,NA,NA,NA,NA,NA,35000,NA,"2014"
143,"Chimera Project","20","City-wide","1",10000,NA,NA,NA,NA,NA,NA,NA,NA,NA,NA,NA,NA,NA,NA,NA,NA,10000,NA,"2014"
144,"Chinese Artists Society of Toronto","42","City-wide","1",13000,NA,NA,NA,NA,NA,NA,NA,NA,NA,NA,NA,NA,NA,NA,NA,NA,13000,NA,"2014"
145,"Chinese Canadian National Council Toronto Chapter","20","City-wide","2",89285,NA,NA,35000,NA,54285,NA,NA,NA,NA,NA,NA,NA,NA,NA,NA,NA,NA,NA,"2014"
146,"Chinese Family Services of Ontario","41","City-wide","1",36105,NA,NA,NA,NA,36105,NA,NA,NA,NA,NA,NA,NA,NA,NA,NA,NA,NA,NA,"2014"
147,"Chinese Opera Group of Toronto","42","City-wide","1",8000,NA,NA,NA,NA,NA,NA,NA,NA,NA,NA,NA,NA,NA,NA,NA,NA,8000,NA,"2014"
148,"Choirs Ontario","22","City-wide","1",6000,NA,NA,NA,NA,NA,NA,NA,NA,NA,NA,NA,NA,NA,NA,NA,NA,6000,NA,"2014"
149,"Christie Ossington Neighbourhood Centre","19","City-wide","1",66180,NA,NA,NA,NA,66180,NA,NA,NA,NA,NA,NA,NA,NA,NA,NA,NA,NA,NA,"2014"
150,"Circle of Home Care Services (Toronto)","25","City-wide","2",109560,NA,NA,NA,NA,95040,NA,14520,NA,NA,NA,NA,NA,NA,NA,NA,NA,NA,NA,"2014"
151,"Clawhammer Theatre Company","20","City-wide","1",9000,NA,NA,NA,NA,NA,NA,NA,NA,NA,NA,NA,NA,NA,NA,NA,NA,9000,NA,"2014"
152,"Clay and Paper Theatre","18","City-wide","1",22000,NA,NA,NA,NA,NA,NA,NA,NA,NA,NA,NA,NA,NA,NA,NA,NA,22000,NA,"2014"
153,"Cliffcrest Community Centre","38","Local","1",32530,NA,NA,NA,NA,32530,NA,NA,NA,NA,NA,NA,NA,NA,NA,NA,NA,NA,NA,"2014"
154,"COBA Collective of Black Artists","13","City-wide","1",40000,NA,NA,NA,NA,NA,NA,NA,NA,NA,NA,NA,NA,NA,NA,NA,NA,40000,NA,"2014"
155,"Code Forward","41","Local","1",10000,NA,NA,NA,NA,NA,NA,NA,NA,NA,NA,10000,NA,NA,NA,NA,NA,NA,NA,"2014"
156,"Coleman Lemieux & Compagnie","28","City-wide","1",40000,NA,NA,NA,NA,NA,NA,NA,NA,NA,NA,NA,NA,NA,NA,NA,NA,40000,NA,"2014"
157,"Collective 65","17","City-wide","1",7000,NA,NA,NA,NA,NA,NA,NA,NA,NA,NA,NA,NA,NA,NA,NA,NA,7000,NA,"2014"
158,"Common People","28","City-wide","1",4000,NA,NA,NA,NA,NA,NA,NA,NA,NA,NA,NA,NA,NA,NA,NA,NA,4000,NA,"2014"
159,"Community Action Resource Centre","12","Area services","3",203190,NA,10000,40000,NA,153190,NA,NA,NA,NA,NA,NA,NA,NA,NA,NA,NA,NA,NA,"2014"
160,"Community Arts Guild","37","Local","1",15000,NA,NA,NA,NA,NA,NA,NA,NA,NA,NA,NA,NA,NA,NA,NA,NA,15000,NA,"2014"
161,"Community Centre 55","32","Local","1",20000,NA,NA,NA,NA,NA,NA,NA,20000,NA,NA,NA,NA,NA,NA,NA,NA,NA,NA,"2014"
162,"Community Head Injury Resource Services of Toronto","23","City-wide","1",31013,NA,NA,NA,NA,NA,NA,31013,NA,NA,NA,NA,NA,NA,NA,NA,NA,NA,NA,"2014"
163,"Community Information Fairview","33","Area Services","1",31030,NA,NA,NA,NA,31030,NA,NA,NA,NA,NA,NA,NA,NA,NA,NA,NA,NA,NA,"2014"
164,"Community Matters Toronto/St. James Town Family Literacy Services.","28","Area services","2",6400,NA,NA,NA,3400,NA,NA,NA,3000,NA,NA,NA,NA,NA,NA,NA,NA,NA,NA,"2014"
165,"Community Microskills Development Centre","2","City-wide","1",75790,NA,NA,NA,NA,75790,NA,NA,NA,NA,NA,NA,NA,NA,NA,NA,NA,NA,NA,"2014"
166,"Community Social Planning Council of Toronto","27","City-wide","1",376110,NA,NA,NA,NA,376110,NA,NA,NA,NA,NA,NA,NA,NA,NA,NA,NA,NA,NA,"2014"
167,"Community Story Collective","25","Local","1",20000,NA,NA,NA,NA,NA,NA,NA,NA,NA,NA,NA,NA,NA,NA,NA,NA,20000,NA,"2014"
168,"Complex Collective","19","City-wide","1",5000,NA,NA,NA,NA,NA,NA,NA,NA,NA,NA,NA,NA,NA,NA,NA,NA,5000,NA,"2014"
169,"Contact Contemporary Music","27","City-wide","1",5800,NA,NA,NA,NA,NA,NA,NA,NA,NA,NA,NA,NA,NA,NA,NA,NA,5800,NA,"2014"
170,"Contact Toronto Photography Festival","19","City-wide","1",3000,NA,NA,NA,NA,NA,NA,NA,NA,NA,NA,NA,NA,NA,NA,NA,NA,3000,NA,"2014"
171,"Continuum","21","City-wide","1",21000,NA,NA,NA,NA,NA,NA,NA,NA,NA,NA,NA,NA,NA,NA,NA,NA,21000,NA,"2014"
172,"Convergence Theatre","19","City-wide","1",1140,NA,NA,NA,NA,NA,NA,NA,NA,NA,NA,NA,NA,NA,NA,NA,NA,1140,NA,"2014"
173,"Corpus Dance Projects","19","City-wide","1",33000,NA,NA,NA,NA,NA,NA,NA,NA,NA,NA,NA,NA,NA,NA,NA,NA,33000,NA,"2014"
174,"COSTI Immigrant Services","17","Area services","2",497105,NA,NA,NA,NA,124230,NA,NA,NA,NA,372875,NA,NA,NA,NA,NA,NA,NA,NA,"2014"
175,"Council of Agencies Serving South Asians (CASSA)","35","City-wide","2",60285,NA,NA,NA,6000,54285,NA,NA,NA,NA,NA,NA,NA,NA,NA,NA,NA,NA,NA,"2014"
176,"Counterpoint Community Orchestra","28","City-wide","1",4000,NA,NA,NA,NA,NA,NA,NA,NA,NA,NA,NA,NA,NA,NA,NA,NA,4000,NA,"2014"
177,"Creation Company","18","Local","1",8000,NA,NA,NA,NA,NA,NA,NA,NA,NA,NA,NA,NA,NA,NA,NA,NA,8000,NA,"2014"
178,"Creative Works Studio","30","City-wide","1",2000,NA,NA,NA,NA,NA,NA,NA,NA,NA,NA,NA,NA,NA,NA,NA,NA,2000,NA,"2014"
179,"Crescent Town Youth Fitness","31","Local","1",9876,NA,NA,NA,NA,NA,NA,NA,NA,NA,NA,9876,NA,NA,NA,NA,NA,NA,NA,"2014"
180,"Cross -Cultural Community Services, The","20","City-wide","1",25575,NA,NA,NA,NA,25575,NA,NA,NA,NA,NA,NA,NA,NA,NA,NA,NA,NA,NA,"2014"
181,"Cross Toronto Community Development Corp. (Fresh Start Cleaning)","19","Area services","1",85464,NA,NA,NA,NA,NA,NA,NA,NA,NA,85464,NA,NA,NA,NA,NA,NA,NA,NA,"2014"
182,"Crow's Theatre Company","28","City-wide","1",79000,NA,NA,NA,NA,NA,NA,NA,NA,NA,NA,NA,NA,NA,NA,NA,NA,79000,NA,"2014"
183,"CultureLink Settlement Services","14","City-wide","1",66495,NA,NA,NA,NA,66495,NA,NA,NA,NA,NA,NA,NA,NA,NA,NA,NA,NA,NA,"2014"
184,"Cycle Collective","30","City-wide","1",4500,NA,NA,NA,NA,NA,NA,NA,NA,NA,NA,NA,NA,NA,NA,NA,NA,4500,NA,"2014"
185,"Cytopoetics","28","City-wide","1",3000,NA,NA,NA,NA,NA,NA,NA,NA,NA,NA,NA,NA,NA,NA,NA,NA,3000,NA,"2014"
186,"Dance Immersion","20","City-wide","1",25000,NA,NA,NA,NA,NA,NA,NA,NA,NA,NA,NA,NA,NA,NA,NA,NA,25000,NA,"2014"
187,"Dance Matters Dance Productions","14","City-wide","1",8000,NA,NA,NA,NA,NA,NA,NA,NA,NA,NA,NA,NA,NA,NA,NA,NA,8000,NA,"2014"
188,"Dance Ontario Association","20","City-wide","1",20000,NA,NA,NA,NA,NA,NA,NA,NA,NA,NA,NA,NA,NA,NA,NA,NA,20000,NA,"2014"
189,"Dance Umbrella of Ontario","28","City-wide","1",28850,NA,NA,NA,NA,NA,NA,NA,NA,NA,NA,NA,NA,NA,NA,NA,NA,28850,NA,"2014"
190,"Dancemakers","28","City-wide","1",92000,NA,NA,NA,NA,NA,NA,NA,NA,NA,NA,NA,NA,NA,NA,NA,NA,92000,NA,"2014"
191,"DanceWorks","20","City-wide","1",55000,NA,NA,NA,NA,NA,NA,NA,NA,NA,NA,NA,NA,NA,NA,NA,NA,55000,NA,"2014"
192,"Danzig Youth Leaders","44","Local","1",9000,NA,NA,NA,NA,NA,NA,NA,NA,NA,NA,NA,NA,NA,NA,NA,NA,NA,NA,"2014"
197,"Dare to Create - Prologue to the Performing Arts","28","City-wide","1",105000,NA,NA,NA,NA,NA,NA,NA,NA,NA,NA,NA,NA,NA,NA,NA,NA,105000,NA,"2014"
198,"Davenport Arts Community","17","Local","1",11000,NA,NA,NA,NA,NA,NA,NA,11000,NA,NA,NA,NA,NA,NA,NA,NA,NA,NA,"2014"
199,"Davenport Perth Neighbourhood Centre","17","Area services","1",83200,NA,NA,NA,NA,83200,NA,NA,NA,NA,NA,NA,NA,NA,NA,NA,NA,NA,NA,"2014"
200,"Delta Family Resource Centre","7","Area Services","1",104735,NA,NA,NA,NA,104735,NA,NA,NA,NA,NA,NA,NA,NA,NA,NA,NA,NA,NA,"2014"
201,"Department of Public Memory","27","City-wide","1",15000,NA,NA,NA,NA,NA,NA,NA,NA,NA,NA,NA,NA,NA,NA,NA,NA,15000,NA,"2014"
202,"De-Railed Theatre Collective","15","Local","1",9000,NA,NA,NA,NA,NA,NA,NA,NA,NA,NA,NA,NA,NA,NA,NA,NA,9000,NA,"2014"
203,"Design Exchange","28","City-wide","1",24000,NA,NA,NA,NA,NA,NA,NA,NA,NA,NA,NA,NA,NA,NA,NA,NA,24000,NA,"2014"
204,"Diaspora Dialogues Charitable Society","20","City-wide","1",45000,NA,NA,NA,NA,NA,NA,NA,NA,NA,NA,NA,NA,NA,NA,NA,NA,45000,NA,"2014"
205,"Diaspora Film Festival Group","27","City-wide","1",3500,NA,NA,NA,NA,NA,NA,NA,NA,NA,NA,NA,NA,NA,NA,NA,NA,3500,NA,"2014"
206,"Distress Centres","27","City-wide","1",109300,NA,NA,NA,NA,109300,NA,NA,NA,NA,NA,NA,NA,NA,NA,NA,NA,NA,NA,"2014"
207,"Dixon Community Services","2","Local","1",52050,NA,NA,NA,NA,52050,NA,NA,NA,NA,NA,NA,NA,NA,NA,NA,NA,NA,NA,"2014"
208,"Dixon Hall","28","Local","1",338215,NA,NA,NA,NA,338215,NA,NA,NA,NA,NA,NA,NA,NA,NA,NA,NA,NA,NA,"2014"
209,"Dixon Hall Music School","28","Local","1",20000,NA,NA,NA,NA,NA,NA,NA,NA,NA,NA,NA,NA,NA,NA,NA,NA,20000,NA,"2014"
210,"Doorsteps Neighbourhood Services","7","Area Services","1",122755,NA,NA,NA,NA,122755,NA,NA,NA,NA,NA,NA,NA,NA,NA,NA,NA,NA,NA,"2014"
211,"Doris McCarthy Gallery","44","City-wide","1",49000,NA,NA,NA,NA,NA,NA,NA,NA,NA,NA,NA,NA,NA,NA,NA,NA,49000,NA,"2014"
212,"Dorset Park Neighbourhood Association","40","Area Services","2",112500,NA,NA,NA,10000,NA,NA,NA,NA,NA,NA,NA,NA,NA,NA,102500,NA,NA,NA,"2014"
213,"Dovercourt Boys' and Girls' Club","18","Local","1",51315,NA,NA,NA,NA,51315,NA,NA,NA,NA,NA,NA,NA,NA,NA,NA,NA,NA,NA,"2014"
214,"Downsview Services for Seniors","10","Area Services","1",82205,NA,NA,NA,NA,82205,NA,NA,NA,NA,NA,NA,NA,NA,NA,NA,NA,NA,NA,"2014"
215,"Draft Collective","28","Local","1",4500,NA,NA,NA,NA,NA,NA,NA,NA,NA,NA,NA,NA,NA,NA,NA,NA,4500,NA,"2014"
216,"Dream House Collective","31","Local","1",10000,NA,NA,NA,NA,NA,NA,NA,NA,NA,NA,NA,NA,NA,NA,NA,NA,10000,NA,"2014"
217,"Dreamwalker Dance Co.","28","City-wide","1",15000,NA,NA,NA,NA,NA,NA,NA,NA,NA,NA,NA,NA,NA,NA,NA,NA,15000,NA,"2014"
218,"Drum Artz Canada","17","Local","1",29000,NA,NA,NA,NA,NA,NA,NA,NA,NA,NA,NA,NA,NA,NA,NA,NA,29000,NA,"2014"
219,"Drumheller Music Association of Ontario","19","City-wide","1",4000,NA,NA,NA,NA,NA,NA,NA,NA,NA,NA,NA,NA,NA,NA,NA,NA,4000,NA,"2014"
220,"Dusk Dances","30","Local","1",31000,NA,NA,NA,NA,NA,NA,NA,NA,NA,NA,NA,NA,NA,NA,NA,NA,31000,NA,"2014"
221,"East End Arts","31","Area Services","2",123000,NA,NA,NA,NA,NA,NA,NA,13000,NA,NA,NA,110000,NA,NA,NA,NA,NA,NA,"2014"
222,"East Metro Youth Services","38","Area Services","2",35655,NA,NA,NA,8000,27655,NA,NA,NA,NA,NA,NA,NA,NA,NA,NA,NA,NA,NA,"2014"
223,"East Scarborough Boys & Girls Club","43","Area Services","1",162720,NA,NA,NA,NA,162720,NA,NA,NA,NA,NA,NA,NA,NA,NA,NA,NA,NA,NA,"2014"
224,"East Scarborough Storefront / Tides Canada Initiatives","43","Area services","2",118335,NA,36000,NA,NA,82335,NA,NA,NA,NA,NA,NA,NA,NA,NA,NA,NA,NA,NA,"2014"
225,"East Toronto Family Community Centres","30","Area Services","1",61675,NA,NA,NA,NA,61675,NA,NA,NA,NA,NA,NA,NA,NA,NA,NA,NA,NA,NA,"2014"
226,"East York East Toronto Family Resources Organization - Housing Help Centre","30","Area services","1",41414,NA,NA,NA,NA,NA,NA,NA,NA,NA,41414,NA,NA,NA,NA,NA,NA,NA,NA,"2014"
227,"East York East Toronto Family Resources Organization - Landlord Connect","30","City-wide","2",210959,NA,NA,NA,NA,27655,NA,NA,NA,NA,183304,NA,NA,NA,NA,NA,NA,NA,NA,"2014"
228,"East York Meal on Wheels","26","Local","1",26595,NA,NA,NA,NA,26595,NA,NA,NA,NA,NA,NA,NA,NA,NA,NA,NA,NA,NA,"2014"
229,"Echo Women's Choir","27","City-wide","1",7500,NA,NA,NA,NA,NA,NA,NA,NA,NA,NA,NA,NA,NA,NA,NA,NA,7500,NA,"2014"
230,"Eglinton East-Kennedy Park Youth Service Providers Network","36","Area services","2",44800,NA,NA,NA,4800,NA,NA,NA,NA,NA,NA,NA,NA,NA,NA,40000,NA,NA,NA,"2014"
231,"Eight Fest Small-Gauge Film Festival","20","City-wide","1",8000,NA,NA,NA,NA,NA,NA,NA,NA,NA,NA,NA,NA,NA,NA,NA,NA,8000,NA,"2014"
232,"Ekran Polish Film Association","14","City-wide","1",3000,NA,NA,NA,NA,NA,NA,NA,NA,NA,NA,NA,NA,NA,NA,NA,NA,3000,NA,"2014"
233,"Elderly Vietnamese Association, Toronto","14","City-wide","1",16230,NA,NA,NA,NA,16230,NA,NA,NA,NA,NA,NA,NA,NA,NA,NA,NA,NA,NA,"2014"
234,"Eldritch Theatre","30","City-wide","1",15000,NA,NA,NA,NA,NA,NA,NA,NA,NA,NA,NA,NA,NA,NA,NA,NA,15000,NA,"2014"
235,"Elle Productions Collective","20","City-wide","1",5000,NA,NA,NA,NA,NA,NA,NA,NA,NA,NA,NA,NA,NA,NA,NA,NA,5000,NA,"2014"
236,"Elmer Iseler Singers","5","City-wide","1",34000,NA,NA,NA,NA,NA,NA,NA,NA,NA,NA,NA,NA,NA,NA,NA,NA,34000,NA,"2014"
237,"Elspeth Heyworth Centre for Women","7","Area Services","1",27555,NA,NA,NA,NA,27555,NA,NA,NA,NA,NA,NA,NA,NA,NA,NA,NA,NA,NA,"2014"
238,"Emerging Writers","18","City-wide","1",2000,NA,NA,NA,NA,NA,NA,NA,NA,NA,NA,NA,NA,NA,NA,NA,NA,2000,NA,"2014"
239,"Encontrarte Youth Arts","17","Local","1",10000,NA,NA,NA,NA,NA,NA,NA,NA,NA,NA,NA,NA,NA,NA,NA,NA,10000,NA,"2014"
240,"Ensemble Polaris","20","City-wide","1",4000,NA,NA,NA,NA,NA,NA,NA,NA,NA,NA,NA,NA,NA,NA,NA,NA,4000,NA,"2014"
241,"Epilepsy Toronto","28","City-wide","1",39405,NA,NA,NA,NA,39405,NA,NA,NA,NA,NA,NA,NA,NA,NA,NA,NA,NA,NA,"2014"
242,"Eritrean Canadian Community Centre","21","City-wide","1",28210,NA,NA,NA,NA,28210,NA,NA,NA,NA,NA,NA,NA,NA,NA,NA,NA,NA,NA,"2014"
243,"Eritrean Youth Collective","19","Local","1",10000,NA,NA,NA,NA,NA,NA,NA,NA,NA,NA,NA,NA,NA,NA,NA,NA,10000,NA,"2014"
244,"Esmeralda Enrique Spanish Dance Company","20","City-wide","1",23000,NA,NA,NA,NA,NA,NA,NA,NA,NA,NA,NA,NA,NA,NA,NA,NA,23000,NA,"2014"
245,"Esprit Orchestra","20","City-wide","1",84500,NA,NA,NA,NA,NA,NA,NA,NA,NA,NA,NA,NA,NA,NA,NA,NA,84500,NA,"2014"
246,"Ethiopian Association in the GTA and Surrounding Regions","31","City-wide","1",21965,NA,NA,NA,NA,NA,NA,NA,NA,NA,NA,NA,NA,NA,NA,NA,NA,NA,NA,"2014"
247,"Ethno-racial People with Disabilities Coalition of Ontario","20","City-wide","1",45000,45000,NA,NA,NA,NA,NA,NA,NA,NA,NA,NA,NA,NA,NA,NA,NA,NA,NA,"2014"
248,"Etobicoke Centennial Choir","4","Local","1",4750,NA,NA,NA,NA,NA,NA,NA,NA,NA,NA,NA,NA,NA,NA,NA,NA,4750,NA,"2014"
249,"Etobicoke Community Concert Band","5","Local","1",6500,NA,NA,NA,NA,NA,NA,NA,NA,NA,NA,NA,NA,NA,NA,NA,NA,6500,NA,"2014"
250,"Etobicoke Handweavers & Spinners Guild","3","City-wide","1",1500,NA,NA,NA,NA,NA,NA,NA,NA,NA,NA,NA,NA,NA,NA,NA,NA,1500,NA,"2014"
251,"Etobicoke Philharmonic Orchestra","3","Local","1",11000,NA,NA,NA,NA,NA,NA,NA,NA,NA,NA,NA,NA,NA,NA,NA,NA,11000,NA,"2014"
252,"Etobicoke Ringette Association","5","City-wide","1",14600,NA,NA,NA,NA,NA,NA,14600,NA,NA,NA,NA,NA,NA,NA,NA,NA,NA,NA,"2014"
253,"Etobicoke Services for Seniors","2","Area services","1",48065,NA,NA,NA,NA,48065,NA,NA,NA,NA,NA,NA,NA,NA,NA,NA,NA,NA,NA,"2014"
254,"Evangel Hall","20","Local","1",45321,NA,NA,NA,NA,NA,NA,NA,NA,NA,45321,NA,NA,NA,NA,NA,NA,NA,NA,"2014"
255,"Events in Real Time","19","City-wide","1",6500,NA,NA,NA,NA,NA,NA,NA,NA,NA,NA,NA,NA,NA,NA,NA,NA,6500,NA,"2014"
256,"Eventual Ashes","19","City-wide","1",10000,NA,NA,NA,NA,NA,NA,NA,NA,NA,NA,NA,NA,NA,NA,NA,NA,10000,NA,"2014"
257,"Everdale - Black Creek Community Farm","8","Area Services","2",49800,40000,NA,NA,9800,NA,NA,NA,NA,NA,NA,NA,NA,NA,NA,NA,NA,NA,NA,"2014"
259,"Evergreen","29","City-wide","1",40000,NA,40000,NA,NA,NA,NA,NA,NA,NA,NA,NA,NA,NA,NA,NA,NA,NA,NA,"2014"
260,"Expect Theatre","1","Local","1",27000,NA,NA,NA,NA,NA,NA,NA,NA,NA,NA,NA,NA,NA,NA,NA,NA,27000,NA,"2014"
261,"Express Arte","8","Local","1",8000,NA,NA,NA,NA,NA,NA,NA,NA,NA,NA,NA,NA,NA,NA,NA,NA,8000,NA,"2014"
262,"Extend-A-Family","16","City-wide","1",22570,NA,NA,NA,NA,22570,NA,NA,NA,NA,NA,NA,NA,NA,NA,NA,NA,NA,NA,"2014"
263,"Exultate Chamber Singers","20","City-wide","1",7000,NA,NA,NA,NA,NA,NA,NA,NA,NA,NA,NA,NA,NA,NA,NA,NA,7000,NA,"2014"
264,"Factory Theatre","20","City-wide","1",158000,NA,NA,NA,NA,NA,NA,NA,NA,NA,NA,NA,NA,NA,NA,NA,NA,158000,NA,"2014"
266,"FADO Performance Inc.","19","City-wide","1",24000,NA,NA,NA,NA,NA,NA,NA,NA,NA,NA,NA,NA,NA,NA,NA,NA,24000,NA,"2014"
267,"Fall for Dance North Festival Inc.","28","City-wide","1",49600,NA,NA,NA,NA,NA,NA,NA,NA,NA,NA,NA,NA,NA,NA,NA,NA,49600,NA,"2014"
268,"Family Services Toronto","27","City-wide","1",130555,NA,NA,NA,NA,130555,NA,NA,NA,NA,NA,NA,NA,NA,NA,NA,NA,NA,NA,"2014"
269,"Family Supports Institute Ontario (formerly Metro Association of Family Resource Programs)","19","City-wide","1",13540,NA,NA,NA,NA,13540,NA,NA,NA,NA,NA,NA,NA,NA,NA,NA,NA,NA,NA,"2014"
270,"FCJ Refugee Centre","17","City-wide","3",105000,40000,25000,40000,NA,NA,NA,NA,NA,NA,NA,NA,NA,NA,NA,NA,NA,NA,NA,"2014"
271,"Festival Management Committee/Toronto Caribbean Carnival-Caribana","31","City-wide","1",560000,NA,NA,NA,NA,NA,NA,NA,NA,NA,NA,NA,NA,560000,NA,NA,NA,NA,NA,"2014"
272,"Fife House","27","City Wide","1",64666,NA,NA,NA,NA,NA,NA,NA,NA,NA,64666,NA,NA,NA,NA,NA,NA,NA,NA,"2014"
273,"Firgrove Community Learning Centre","11","Local","2",27500,NA,NA,NA,7500,NA,NA,NA,NA,NA,NA,NA,NA,NA,NA,20000,NA,NA,NA,"2014"
274,"First Portuguese Canadian Cultural Centre of Toronto","17","Area Services","1",13015,NA,NA,NA,NA,13015,NA,NA,NA,NA,NA,NA,NA,NA,NA,NA,NA,NA,NA,"2014"
275,"Flemingdon Neighbourhood Services","26","Area services","2",299174,NA,NA,NA,NA,60720,NA,NA,NA,NA,238454,NA,NA,NA,NA,NA,NA,NA,NA,"2014"
276,"FoodShare Toronto","18","City-wide","2",248230,45000,NA,NA,NA,203230,NA,NA,NA,NA,NA,NA,NA,NA,NA,NA,NA,NA,NA,"2014"
277,"For You Telecare Family Services Inc. (FUTFS)","25","City-wide","1",14750,NA,NA,NA,NA,14750,NA,NA,NA,NA,NA,NA,NA,NA,NA,NA,NA,NA,NA,"2014"
278,"For Youth Initiative in Toronto","12","Area Services","1",113860,NA,NA,NA,NA,113860,NA,NA,NA,NA,NA,NA,NA,NA,NA,NA,NA,NA,NA,"2014"
279,"Force for Cultural Events Production Inc.","18","City-wide","1",7000,NA,NA,NA,NA,NA,NA,NA,NA,NA,NA,NA,NA,NA,NA,NA,NA,7000,NA,"2014"
280,"Franco-fete de la communaute urbaine de Toronto","27","City-wide","1",7500,NA,NA,NA,NA,NA,NA,NA,NA,NA,NA,NA,NA,NA,NA,NA,NA,7500,NA,"2014"
281,"Francophoneie En Fete","20","City-wide","1",7500,NA,NA,NA,NA,NA,NA,NA,NA,NA,NA,NA,NA,NA,NA,NA,NA,7500,NA,"2014"
282,"Franklin Carmichael Art Group","1","Local","1",5000,NA,NA,NA,NA,NA,NA,NA,NA,NA,NA,NA,NA,NA,NA,NA,NA,5000,NA,"2014"
283,"Franklin Horner Community Centre","6","City-wide","1",27660,NA,NA,NA,NA,27660,NA,NA,NA,NA,NA,NA,NA,NA,NA,NA,NA,NA,NA,"2014"
284,"Fred Victor Centre","28","Area services","1",14666,NA,NA,NA,NA,NA,NA,NA,NA,NA,14666,NA,NA,NA,NA,NA,NA,NA,NA,"2014"
285,"FRESH Collective","20","Area Services","1",40000,NA,NA,40000,NA,NA,NA,NA,NA,NA,NA,NA,NA,NA,NA,NA,NA,NA,NA,"2014"
286,"Friendly Spike Theatre Band","14","Local","1",6500,NA,NA,NA,NA,NA,NA,NA,NA,NA,NA,NA,NA,NA,NA,NA,NA,6500,NA,"2014"
287,"Friends of Fort York (Summer Guard)","28","City-wide","1",15610,NA,NA,NA,NA,NA,NA,NA,NA,NA,NA,NA,NA,NA,15610,NA,NA,NA,NA,"2014"
288,"Friends of the Pan Am Path","20","City-wide","1",120000,NA,NA,NA,NA,NA,NA,NA,NA,NA,NA,NA,NA,NA,NA,NA,NA,120000,NA,"2014"
289,"Fright Film School","4","Local","1",9900,NA,NA,NA,NA,NA,NA,NA,NA,NA,NA,NA,NA,NA,NA,NA,NA,9900,NA,"2014"
290,"Fringe of Toronto","21","City-wide","1",77000,NA,NA,NA,NA,NA,NA,NA,NA,NA,NA,NA,NA,NA,NA,NA,NA,77000,NA,"2014"
291,"fu-GEN Theatre Company","28","City-wide","1",22000,NA,NA,NA,NA,NA,NA,NA,NA,NA,NA,NA,NA,NA,NA,NA,NA,22000,NA,"2014"
292,"Fujiwara Dance Inventions","20","City-wide","1",17000,NA,NA,NA,NA,NA,NA,NA,NA,NA,NA,NA,NA,NA,NA,NA,NA,17000,NA,"2014"
293,"Gadfly","28","City-wide","1",5000,NA,NA,NA,NA,NA,NA,NA,NA,NA,NA,NA,NA,NA,NA,NA,NA,5000,NA,"2014"
294,"Gallery 44","20","City-wide","1",117000,NA,NA,NA,NA,NA,NA,NA,NA,NA,NA,NA,NA,NA,NA,NA,NA,117000,NA,"2014"
295,"Gashanti Unity","40","Area services","1",10000,NA,NA,NA,NA,NA,NA,NA,NA,NA,NA,10000,NA,NA,NA,NA,NA,NA,NA,"2014"
296,"Gatehouse Child Abuse Investigation and Support Site, The","6","City-wide","1",22570,NA,NA,NA,NA,22570,NA,NA,NA,NA,NA,NA,NA,NA,NA,NA,NA,NA,NA,"2014"
297,"GBSP Centre Corp (Young Centre for the Performing Arts)","28","City-wide","1",15100,NA,NA,NA,NA,NA,15100,NA,NA,NA,NA,NA,NA,NA,NA,NA,NA,NA,NA,"2014"
298,"George R. Gardiner Museum of Ceramic Art/Gardiner Museum","27","City-wide","1",152220,NA,NA,NA,NA,NA,NA,NA,NA,NA,NA,NA,NA,152220,NA,NA,NA,NA,NA,"2014"
299,"George S. Syme Seniors Centre of York","11","Area services","1",85525,NA,NA,NA,NA,85525,NA,NA,NA,NA,NA,NA,NA,NA,NA,NA,NA,NA,NA,"2014"
300,"G.E.T (Grassroots Education and Training) Schooled (ArtReach Toronto/Tides Canada)","20","City-wide","1",40000,NA,NA,NA,NA,NA,NA,NA,NA,NA,NA,NA,NA,NA,NA,40000,NA,NA,NA,"2014"
301,"Gifts and Occupation Collective","33","Local","1",30000,NA,NA,NA,NA,NA,NA,NA,NA,NA,NA,NA,NA,NA,NA,NA,NA,30000,NA,"2014"
302,"GirlX","31","Local","1",4600,NA,NA,NA,NA,NA,NA,NA,NA,NA,NA,NA,NA,NA,NA,NA,NA,4600,NA,"2014"
303,"Glenn Gould Foundation","28","City-wide","1",15000,NA,NA,NA,NA,NA,NA,NA,NA,NA,NA,NA,NA,NA,NA,NA,NA,NA,15000,"2014"
304,"Grace Hartman Wilcox Creek Coop Advisory Committee","42","Area services","1",30000,NA,NA,NA,NA,NA,NA,NA,NA,NA,NA,NA,NA,NA,NA,30000,NA,NA,NA,"2014"
305,"Grassroots Canada Basketball","8","City-wide","1",32213,NA,NA,NA,NA,NA,NA,32213,NA,NA,NA,NA,NA,NA,NA,NA,NA,NA,NA,"2014"
306,"Greater Toronto Philharmonic Orchestra","22","City-wide","1",1000,NA,NA,NA,NA,NA,NA,NA,NA,NA,NA,NA,NA,NA,NA,NA,NA,1000,NA,"2014"
307,"Griffin Centre Mental Health Services","24","City-wide","2",37107,NA,NA,NA,NA,NA,NA,NA,NA,NA,NA,NA,NA,NA,NA,NA,NA,NA,NA,"2014"
308,"group of 27","27","Local","1",9000,NA,NA,NA,NA,NA,NA,NA,NA,NA,NA,NA,NA,NA,NA,NA,NA,9000,NA,"2014"
309,"Guild Festival Theatre","43","Local","1",12000,NA,NA,NA,NA,NA,NA,NA,NA,NA,NA,NA,NA,NA,NA,NA,NA,12000,NA,"2014"
310,"Hammer & Head Performance Collective","18","City-wide","1",2250,NA,NA,NA,NA,NA,NA,NA,NA,NA,NA,NA,NA,NA,NA,NA,NA,2250,NA,"2014"
311,"Hand Eye Society","27","City-wide","1",3000,NA,NA,NA,NA,NA,NA,NA,NA,NA,NA,NA,NA,NA,NA,NA,NA,3000,NA,"2014"
312,"Hannaford Street Silver Band","28","City-wide","1",38000,NA,NA,NA,NA,NA,NA,NA,NA,NA,NA,NA,NA,NA,NA,NA,NA,38000,NA,"2014"
313,"Harbourfront Centre","20","City-wide","1",375000,NA,NA,NA,NA,NA,NA,NA,NA,NA,NA,NA,NA,NA,NA,NA,NA,375000,NA,"2014"
314,"Harbourfront Community Centre - City Of Toronto","20","Area services","3",134195,NA,32000,NA,NA,84375,NA,NA,17820,NA,NA,NA,NA,NA,NA,NA,NA,NA,NA,"2014"
315,"Harriet Tubman Community Organization","33","Local","1",47865,NA,NA,NA,NA,47865,NA,NA,NA,NA,NA,NA,NA,NA,NA,NA,NA,NA,NA,"2014"
316,"Heartache Theatre","27","City-wide","1",6000,NA,NA,NA,NA,NA,NA,NA,NA,NA,NA,NA,NA,NA,NA,NA,NA,6000,NA,"2014"
317,"Heritage - 14 Elm Street","30","Local","1",5385,NA,NA,NA,NA,NA,NA,NA,NA,5385,NA,NA,NA,NA,NA,NA,NA,NA,NA,"2014"
318,"Heritage - 6 Fern Avenue","20","Local","1",5000,NA,NA,NA,NA,NA,NA,NA,NA,5000,NA,NA,NA,NA,NA,NA,NA,NA,NA,"2014"
319,"Heritage - 198 First Avenue","27","Local","1",10000,NA,NA,NA,NA,NA,NA,NA,NA,10000,NA,NA,NA,NA,NA,NA,NA,NA,NA,"2014"
320,"Heritage - 12 Geneva Avenue","20","Local","1",9750,NA,NA,NA,NA,NA,NA,NA,NA,9750,NA,NA,NA,NA,NA,NA,NA,NA,NA,"2014"
321,"Heritage - 407 Huron Street","20","Local","1",10000,NA,NA,NA,NA,NA,NA,NA,NA,10000,NA,NA,NA,NA,NA,NA,NA,NA,NA,"2014"
322,"Heritage - 60 Lowther Avenue","20","Local","1",5000,NA,NA,NA,NA,NA,NA,NA,NA,5000,NA,NA,NA,NA,NA,NA,NA,NA,NA,"2014"
323,"Heritage - 41 Nanton Avenue","20","Local","1",10000,NA,NA,NA,NA,NA,NA,NA,NA,10000,NA,NA,NA,NA,NA,NA,NA,NA,NA,"2014"
324,"Heritage - 39 Old Brewery Lane","30","Local","1",24000,NA,NA,NA,NA,NA,NA,NA,NA,24000,NA,NA,NA,NA,NA,NA,NA,NA,NA,"2014"
325,"Heritage - 99 Old Forest Hill Road","30","Local","1",10000,NA,NA,NA,NA,NA,NA,NA,NA,10000,NA,NA,NA,NA,NA,NA,NA,NA,NA,"2014"
326,"Heritage - 510 Ontario Street","27","Local","1",10000,NA,NA,NA,NA,NA,NA,NA,NA,10000,NA,NA,NA,NA,NA,NA,NA,NA,NA,"2014"
327,"Heritage - 2 Prospect Street","20","Local","1",21750,NA,NA,NA,NA,NA,NA,NA,NA,21750,NA,NA,NA,NA,NA,NA,NA,NA,NA,"2014"
328,"Heritage - 257 Queen Street West","20","Local","1",25000,NA,NA,NA,NA,NA,NA,NA,NA,25000,NA,NA,NA,NA,NA,NA,NA,NA,NA,"2014"
329,"Heritage - 400 Roncesvalles Avenue","14","Local","1",75000,NA,NA,NA,NA,NA,NA,NA,NA,75000,NA,NA,NA,NA,NA,NA,NA,NA,NA,"2014"
330,"Heritage - 1 Rose Avenue","28","Local","1",5000,NA,NA,NA,NA,NA,NA,NA,NA,5000,NA,NA,NA,NA,NA,NA,NA,NA,NA,"2014"
331,"Heritage - 3 Rose Avenue","28","Local","1",5000,NA,NA,NA,NA,NA,NA,NA,NA,5000,NA,NA,NA,NA,NA,NA,NA,NA,NA,"2014"
332,"Heritage - 21 Rose Avenue","28","Local","1",10000,NA,NA,NA,NA,NA,NA,NA,NA,10000,NA,NA,NA,NA,NA,NA,NA,NA,NA,"2014"
333,"Heritage - 63 Tranby Avenue","20","Local","1",10000,NA,NA,NA,NA,NA,NA,NA,NA,10000,NA,NA,NA,NA,NA,NA,NA,NA,NA,"2014"
334,"Heritage - 330 Wellesley Street East","28","Local","1",10000,NA,NA,NA,NA,NA,NA,NA,NA,10000,NA,NA,NA,NA,NA,NA,NA,NA,NA,"2014"
335,"Hispanic Canadian Arts & Cultural Association","23","City-wide","1",5000,NA,NA,NA,NA,NA,NA,NA,NA,NA,NA,NA,NA,NA,NA,NA,NA,5000,NA,"2014"
336,"Hispanic Development Council","20","City-wide","2",68663,NA,NA,NA,NA,54285,NA,NA,NA,NA,14378,NA,NA,NA,NA,NA,NA,NA,NA,"2014"
337,"Hispanic Gay-Straight Alliance","9","Area services","1",10000,NA,NA,NA,NA,NA,NA,NA,NA,NA,NA,10000,NA,NA,NA,NA,NA,NA,NA,"2014"
338,"Hong Fook Mental Health Association","41","City-wide","1",22570,NA,NA,NA,NA,22570,NA,NA,NA,NA,NA,NA,NA,NA,NA,NA,NA,NA,NA,"2014"
339,"Hope and Hell Theatre Company","20","City-wide","1",2000,NA,NA,NA,NA,NA,NA,NA,NA,NA,NA,NA,NA,NA,NA,NA,NA,2000,NA,"2014"
340,"Hope House Youth Charities","16","City-wide","1",34875,NA,NA,NA,NA,NA,NA,34875,NA,NA,NA,NA,NA,NA,NA,NA,NA,NA,NA,"2014"
341,"Hospice Toronto","22","Area services","1",40000,40000,NA,NA,NA,NA,NA,NA,NA,NA,NA,NA,NA,NA,NA,NA,NA,NA,NA,"2014"
342,"Hot Docs Canadian International Documentary Festival","20","City-wide","2",117000,NA,NA,NA,NA,NA,25000,NA,NA,NA,NA,NA,NA,NA,NA,NA,NA,92000,NA,"2014"
343,"Humber Community Seniors' Services Inc.","11","Area services","1",34640,NA,NA,NA,NA,34640,NA,NA,NA,NA,NA,NA,NA,NA,NA,NA,NA,NA,NA,"2014"
344,"Humewood House Association","21","Area services","1",37500,NA,NA,NA,NA,NA,NA,NA,NA,NA,37500,NA,NA,NA,NA,NA,NA,NA,NA,"2014"
345,"I equal I","23","Local","1",3000,NA,NA,NA,NA,NA,NA,NA,NA,NA,NA,NA,NA,NA,NA,NA,NA,3000,NA,"2014"
346,"IMPACT 'n Communities","43","Local","1",8000,NA,NA,NA,NA,NA,NA,NA,NA,NA,NA,NA,NA,NA,NA,NA,NA,8000,NA,"2014"
347,"In Forma Theatre","31","Local","1",13000,NA,NA,NA,NA,NA,NA,NA,NA,NA,NA,NA,NA,NA,NA,NA,NA,13000,NA,"2014"
348,"Independent Auntie Productions","27","City-wide","1",6500,NA,NA,NA,NA,NA,NA,NA,NA,NA,NA,NA,NA,NA,NA,NA,NA,6500,NA,"2014"
349,"Indigenious Performing Arts Alliance","28","City-wide","1",3500,NA,NA,NA,NA,NA,NA,NA,NA,NA,NA,NA,NA,NA,NA,NA,NA,3500,NA,"2014"
350,"Inner City Angels","28","City-wide","1",46500,NA,NA,NA,NA,NA,NA,NA,NA,NA,NA,NA,NA,NA,NA,NA,NA,46500,NA,"2014"
351,"Inner City Unity - Friends in Trouble","8","Area services","1",10000,NA,NA,NA,NA,NA,NA,NA,NA,NA,NA,10000,NA,NA,NA,NA,NA,NA,NA,"2014"
352,"Inside Out Lesbian and Gay Film Festival","20","City-wide","1",51000,NA,NA,NA,NA,NA,NA,NA,NA,NA,NA,NA,NA,NA,NA,NA,NA,51000,NA,"2014"
353,"InterAccess","19","City-wide","1",51000,NA,NA,NA,NA,NA,NA,NA,NA,NA,NA,NA,NA,NA,NA,NA,NA,51000,NA,"2014"
354,"International Readings at Harbourfront","20","City-wide","1",145000,NA,NA,NA,NA,NA,NA,NA,NA,NA,NA,NA,NA,NA,NA,NA,NA,145000,NA,"2014"
355,"Iranian Women's Organization of Ontario","33","City-wide","1",32975,NA,NA,NA,NA,32975,NA,NA,NA,NA,NA,NA,NA,NA,NA,NA,NA,NA,NA,"2014"
356,"Insatiable Sisters Collective","27","City-wide","1",10000,NA,NA,NA,NA,NA,NA,NA,NA,NA,NA,NA,NA,NA,NA,NA,NA,10000,NA,"2014"
357,"Islington Centre - Etobicoke Senior Citizens","5","Area services","1",33305,NA,NA,NA,NA,33305,NA,NA,NA,NA,NA,NA,NA,NA,NA,NA,NA,NA,NA,"2014"
358,"International Resource Centre for Performing Artists","28","City-wide","1",1000,NA,NA,NA,NA,NA,NA,NA,NA,NA,NA,NA,NA,NA,NA,NA,NA,1000,NA,"2014"
359,"Ipsita Nova Dance Projects","19","City-wide","1",15000,NA,NA,NA,NA,NA,NA,NA,NA,NA,NA,NA,NA,NA,NA,NA,NA,15000,NA,"2014"
360,"Jamii Esplanade","28","Local","2",18000,NA,NA,NA,NA,NA,NA,NA,8000,NA,NA,NA,NA,NA,NA,NA,NA,10000,NA,"2014"
361,"Jane Finch Community and Family Centre","8","Local","1",150080,NA,NA,NA,NA,150080,NA,NA,NA,NA,NA,NA,NA,NA,NA,NA,NA,NA,NA,"2014"
362,"Japanese Social Services","26","City-wide","1",28210,NA,NA,NA,NA,28210,NA,NA,NA,NA,NA,NA,NA,NA,NA,NA,NA,NA,NA,"2014"
363,"Jasmyn Fyffe Dance","20","City-wide","1",9000,NA,NA,NA,NA,NA,NA,NA,NA,NA,NA,NA,NA,NA,NA,NA,NA,9000,NA,"2014"
364,"Jayu","20","City-wide","1",15000,NA,NA,NA,NA,NA,NA,NA,NA,NA,NA,NA,NA,NA,NA,NA,NA,15000,NA,"2014"
365,"Jessie's - The June Callwood Centre for Young Women and Families","28","City-wide","2",51185,NA,NA,NA,NA,21185,NA,NA,NA,NA,30000,NA,NA,NA,NA,NA,NA,NA,NA,"2014"
366,"Jeunessess Musicales Ontario","20","City-wide","1",2000,NA,NA,NA,NA,NA,NA,NA,NA,NA,NA,NA,NA,NA,NA,NA,NA,2000,NA,"2014"
367,"John Howard Society of Toronto","27","City-wide","3",141980,NA,NA,40000,NA,12975,NA,NA,NA,NA,89005,NA,NA,NA,NA,NA,NA,NA,NA,"2014"
368,"Jubilate Singers","28","City-wide","1",5000,NA,NA,NA,NA,NA,NA,NA,NA,NA,NA,NA,NA,NA,NA,NA,NA,5000,NA,"2014"
369,"Jumblies Theatre","20","Area services","1",68000,NA,NA,NA,NA,NA,NA,NA,NA,NA,NA,NA,NA,NA,NA,NA,NA,68000,NA,"2014"
370,"JunctQin Keyboard Collective","27","City-wide","1",2200,NA,NA,NA,NA,NA,NA,NA,NA,NA,NA,NA,NA,NA,NA,NA,NA,2200,NA,"2014"
371,"Just Bgraphic Inc","7","Local","2",18000,NA,NA,NA,8500,NA,NA,NA,NA,NA,NA,NA,NA,NA,NA,NA,NA,9500,NA,"2014"
372,"Justina M. Barnicke Gallery","20","City-wide","1",6000,NA,NA,NA,NA,NA,NA,NA,NA,NA,NA,NA,NA,NA,NA,NA,NA,6000,NA,"2014"
373,"Kababayan Community Service Centre Inc.","14","City-wide","1",32530,NA,NA,NA,NA,32530,NA,NA,NA,NA,NA,NA,NA,NA,NA,NA,NA,NA,NA,"2014"
374,"Kaeja d'Dance","20","City-wide","1",40900,NA,NA,NA,NA,NA,NA,NA,NA,NA,NA,NA,NA,NA,NA,NA,NA,40900,NA,"2014"
375,"Kaha:wi Dance Theatre","20","City-wide","1",51000,NA,NA,NA,NA,NA,NA,NA,NA,NA,NA,NA,NA,NA,NA,NA,NA,51000,NA,"2014"
376,"Kaisoca Pass De Torch","42","City-wide","1",7000,NA,NA,NA,NA,NA,NA,NA,NA,NA,NA,NA,NA,NA,NA,NA,NA,7000,NA,"2014"
377,"Kapisanan Philippine Centre for Arts and Culture","20","City-wide","2",16500,NA,NA,NA,6500,NA,NA,NA,NA,NA,NA,NA,NA,NA,NA,NA,NA,10000,NA,"2014"
378,"KCWA Family and Social Services","20","City-wide","1",38430,NA,NA,NA,NA,38430,NA,NA,NA,NA,NA,NA,NA,NA,NA,NA,NA,NA,NA,"2014"
379,"KeepRockinYou","27","City-wide","1",8000,NA,NA,NA,NA,NA,NA,NA,NA,NA,NA,NA,NA,NA,NA,NA,NA,8000,NA,"2014"
380,"Keys To The Studio","14","City-wide","1",15000,NA,NA,NA,NA,NA,NA,NA,NA,NA,NA,NA,NA,NA,NA,NA,NA,15000,NA,"2014"
381,"Kipling Community Centre","20","Local","1",14425,NA,NA,NA,NA,NA,NA,NA,NA,NA,NA,NA,NA,NA,NA,NA,NA,NA,NA,"2014"
382,"Koffler Gallery","19","City-wide","1",50000,NA,NA,NA,NA,NA,NA,NA,NA,NA,NA,NA,NA,NA,NA,NA,NA,50000,NA,"2014"
383,"Korean Canadian Symphony Orchestra","23","City-wide","1",10000,NA,NA,NA,NA,NA,NA,NA,NA,NA,NA,NA,NA,NA,NA,NA,NA,10000,NA,"2014"
384,"Korean Dance Studies Society","27","City-wide","1",17000,NA,NA,NA,NA,NA,NA,NA,NA,NA,NA,NA,NA,NA,NA,NA,NA,17000,NA,"2014"
385,"Korean Senior Citizens Society of Toronto, The","19","City-wide","1",21690,NA,NA,NA,NA,21690,NA,NA,NA,NA,NA,NA,NA,NA,NA,NA,NA,NA,NA,"2014"
386,"Kunstverein Toronto","18","City-wide","1",5500,NA,NA,NA,NA,NA,NA,NA,NA,NA,NA,NA,NA,NA,NA,NA,NA,5500,NA,"2014"
387,"Lab Cab Festival","14","City-wide","1",13000,NA,NA,NA,NA,NA,NA,NA,NA,NA,NA,NA,NA,NA,NA,NA,NA,13000,NA,"2014"
388,"Labspace Studio","27","City-wide","1",5500,NA,NA,NA,NA,NA,NA,NA,NA,NA,NA,NA,NA,NA,NA,NA,NA,5500,NA,"2014"
389,"Larchand Dance Project","19","City-wide","1",3000,NA,NA,NA,NA,NA,NA,NA,NA,NA,NA,NA,NA,NA,NA,NA,NA,3000,NA,"2014"
390,"Larkin Singers","27","City-wide","1",3000,NA,NA,NA,NA,NA,NA,NA,NA,NA,NA,NA,NA,NA,NA,NA,NA,3000,NA,"2014"
391,"Lakeshore Area Multi-Service Project (LAMP)","6","Local","1",78090,NA,NA,NA,NA,78090,NA,NA,NA,NA,NA,NA,NA,NA,NA,NA,NA,NA,NA,"2014"
392,"Lakeshore Arts Committee","6","Local","1",232430,NA,NA,NA,NA,NA,NA,NA,NA,NA,NA,NA,232430,NA,NA,NA,NA,NA,NA,"2014"
393,"Lao Association of Ontario","9","City-wide","1",30470,NA,NA,NA,NA,30470,NA,NA,NA,NA,NA,NA,NA,NA,NA,NA,NA,NA,NA,"2014"
394,"Las Perlas del Mar Productions Inc","20","City-wide","1",3000,NA,NA,NA,NA,NA,NA,NA,NA,NA,NA,NA,NA,NA,NA,NA,NA,3000,NA,"2014"
395,"Latin St. Music","9","Local","1",8000,NA,NA,NA,NA,NA,NA,NA,NA,NA,NA,NA,NA,NA,NA,NA,NA,8000,NA,"2014"
396,"Latino Canadian Cultural Association","14","City-wide","1",2250,NA,NA,NA,NA,NA,NA,NA,NA,NA,NA,NA,NA,NA,NA,NA,NA,2250,NA,"2014"
397,"Latvian Senior Citizen's Association","34","City-wide","1",10845,NA,NA,NA,NA,10845,NA,NA,NA,NA,NA,NA,NA,NA,NA,NA,NA,NA,NA,"2014"
398,"Le Laboratoire d'Art","19","City-wide","1",18000,NA,NA,NA,NA,NA,NA,NA,NA,NA,NA,NA,NA,NA,NA,NA,NA,18000,NA,"2014"
399,"Le Théâtre français de Toronto","28","City-wide","1",117000,NA,NA,NA,NA,NA,NA,NA,NA,NA,NA,NA,NA,NA,NA,NA,NA,117000,NA,"2014"
400,"League of Canadian Poets","20","City-wide","1",19100,NA,NA,NA,NA,NA,NA,NA,NA,NA,NA,NA,NA,NA,NA,NA,NA,19100,NA,"2014"
401,"Learning Disabilities Association Toronto","23","City-wide","1",57890,NA,NA,NA,NA,57890,NA,NA,NA,NA,NA,NA,NA,NA,NA,NA,NA,NA,NA,"2014"
402,"Lemon Tree Theatre Creations","27","City-wide","1",5000,NA,NA,NA,NA,NA,NA,NA,NA,NA,NA,NA,NA,NA,NA,NA,NA,5000,NA,"2014"
403,"Les Amis Concerts","27","City-wide","1",4000,NA,NA,NA,NA,NA,NA,NA,NA,NA,NA,NA,NA,NA,NA,NA,NA,4000,NA,"2014"
404,"Les Centres d'Accueil Heritage","28","City-wide","1",58665,NA,NA,NA,NA,58665,NA,NA,NA,NA,NA,NA,NA,NA,NA,NA,NA,NA,NA,"2014"
405,"Lesbian Gay Bi Trans Youth Line","28","City-wide","1",40925,NA,NA,NA,NA,40925,NA,NA,NA,NA,NA,NA,NA,NA,NA,NA,NA,NA,NA,"2014"
406,"Lester Trips Theatre","20","City-wide","1",5000,NA,NA,NA,NA,NA,NA,NA,NA,NA,NA,NA,NA,NA,NA,NA,NA,5000,NA,"2014"
407,"Li Delun Music Foundation","23","City-wide","1",3000,NA,NA,NA,NA,NA,NA,NA,NA,NA,NA,NA,NA,NA,NA,NA,NA,3000,NA,"2014"
408,"Life of a Craphead","20","City-wide","1",8000,NA,NA,NA,NA,NA,NA,NA,NA,NA,NA,NA,NA,NA,NA,NA,NA,8000,NA,"2014"
409,"Life Raffle","20","City-wide","1",1500,NA,NA,NA,NA,NA,NA,NA,NA,NA,NA,NA,NA,NA,NA,NA,NA,1500,NA,"2014"
410,"LIFT","18","City-wide","1",69000,NA,NA,NA,NA,NA,NA,NA,NA,NA,NA,NA,NA,NA,NA,NA,NA,69000,NA,"2014"
411,"Link Music Lab","20","City-wide","1",5000,NA,NA,NA,NA,NA,NA,NA,NA,NA,NA,NA,NA,NA,NA,NA,NA,5000,NA,"2014"
412,"Literary Managers and Dramaturgs of the Americas","37","City-wide","1",3000,NA,NA,NA,NA,NA,NA,NA,NA,NA,NA,NA,NA,NA,NA,NA,NA,3000,NA,"2014"
413,"Litmus Theatre Collective","19","City-wide","1",4000,NA,NA,NA,NA,NA,NA,NA,NA,NA,NA,NA,NA,NA,NA,NA,NA,4000,NA,"2014"
414,"Little Brother Projects","18","City-wide","1",5700,NA,NA,NA,NA,NA,NA,NA,NA,NA,NA,NA,NA,NA,NA,NA,NA,5700,NA,"2014"
415,"Little Pear Garden Collective","28","City-wide","1",13000,NA,NA,NA,NA,NA,NA,NA,NA,NA,NA,NA,NA,NA,NA,NA,NA,13000,NA,"2014"
416,"Long Winter","19","City-wide","1",10000,NA,NA,NA,NA,NA,NA,NA,NA,NA,NA,NA,NA,NA,NA,NA,NA,10000,NA,"2014"
417,"Lookup Theatre","18","City-wide","1",9500,NA,NA,NA,NA,NA,NA,NA,NA,NA,NA,NA,NA,NA,NA,NA,NA,9500,NA,"2014"
418,"Los Amigos Parang Band","38","City-wide","1",3000,NA,NA,NA,NA,NA,NA,NA,NA,NA,NA,NA,NA,NA,NA,NA,NA,3000,NA,"2014"
419,"Lost Boyz","34","Area services","1",10000,NA,NA,NA,NA,NA,NA,NA,NA,NA,NA,10000,NA,NA,NA,NA,NA,NA,NA,"2014"
420,"Loyola Arrupe Centre for Seniors","18","Local","1",21235,NA,NA,NA,NA,21235,NA,NA,NA,NA,NA,NA,NA,NA,NA,NA,NA,NA,NA,"2014"
421,"Luff","19","City-wide","1",3000,NA,NA,NA,NA,NA,NA,NA,NA,NA,NA,NA,NA,NA,NA,NA,NA,3000,NA,"2014"
422,"Lulu Music and Arts Centre","18","City-wide","1",47000,NA,NA,NA,NA,NA,NA,NA,NA,NA,NA,NA,NA,NA,NA,NA,NA,47000,NA,"2014"
423,"MABELLEarts","5","Local","1",20000,NA,NA,NA,NA,NA,NA,NA,NA,NA,NA,NA,NA,NA,NA,NA,NA,20000,NA,"2014"
424,"MacGregor Park Art Club","18","Local","1",6000,NA,NA,NA,NA,NA,NA,NA,NA,NA,NA,NA,NA,NA,NA,NA,NA,6000,NA,"2014"
425,"Making Room Community Arts","14","Local","1",15000,NA,NA,NA,NA,NA,NA,NA,NA,NA,NA,NA,NA,NA,NA,NA,NA,15000,NA,"2014"
426,"Malvern Family Resource Centre","42","Local","4",273340,32000,NA,NA,6800,202225,NA,NA,NA,NA,32315,NA,NA,NA,NA,NA,NA,NA,NA,"2014"
427,"Malvern Stakeholder","42","Local","1",127500,NA,NA,NA,NA,NA,NA,NA,NA,NA,NA,NA,NA,NA,NA,127500,NA,NA,NA,"2014"
428,"Malvern Youth Cabinet","42","Local","1",9975,NA,NA,NA,NA,NA,NA,NA,NA,NA,NA,9975,NA,NA,NA,NA,NA,NA,NA,"2014"
429,"Mammalian Diving Reflex","18","City-wide","1",35000,NA,NA,NA,NA,NA,NA,NA,NA,NA,NA,NA,NA,NA,NA,NA,NA,35000,NA,"2014"
430,"Manifesto Community Projects","20","City Wide","1",35000,NA,NA,NA,NA,NA,NA,NA,NA,NA,NA,NA,NA,NA,NA,NA,NA,35000,NA,"2014"
431,"Mariposa in the Schools","28","City-wide","1",27000,NA,NA,NA,NA,NA,NA,NA,NA,NA,NA,NA,NA,NA,NA,NA,NA,27000,NA,"2014"
432,"Massey Centre for Women","29","City Wide","2",70293,NA,NA,NA,NA,26295,NA,NA,NA,NA,43998,NA,NA,NA,NA,NA,NA,NA,NA,"2014"
433,"Mayworks","20","City-wide","1",27750,NA,NA,NA,NA,NA,NA,NA,NA,NA,NA,NA,NA,NA,NA,NA,NA,27750,NA,"2014"
434,"Median Contemporary","20","Area services","1",7000,NA,NA,NA,NA,NA,NA,NA,NA,NA,NA,NA,NA,NA,NA,NA,NA,7000,NA,"2014"
435,"Mehdia and Maryam Hassan","28","Local","1",5000,NA,NA,NA,NA,NA,NA,NA,NA,NA,NA,NA,NA,NA,NA,NA,NA,5000,NA,"2014"
436,"Menaka Thakkar Dance Company","20","City-wide","1",35000,NA,NA,NA,NA,NA,NA,NA,NA,NA,NA,NA,NA,NA,NA,NA,NA,35000,NA,"2014"
437,"Mennonite New Life Centre of Toronto","32","Area services","1",40000,40000,NA,NA,NA,NA,NA,NA,NA,NA,NA,NA,NA,NA,NA,NA,NA,NA,NA,"2014"
438,"Mercer Union","18","City-wide","1",70000,NA,NA,NA,NA,NA,NA,NA,NA,NA,NA,NA,NA,NA,NA,NA,NA,70000,NA,"2014"
439,"Metro Youth Opera","28","City-wide","1",4500,NA,NA,NA,NA,NA,NA,NA,NA,NA,NA,NA,NA,NA,NA,NA,NA,4500,NA,"2014"
440,"Metropolitan Action Committee on Violence Against Women & Children (METRAC)","20","City-wide","1",297945,NA,NA,NA,NA,297945,NA,NA,NA,NA,NA,NA,NA,NA,NA,NA,NA,NA,NA,"2014"
441,"Metropolitan United Church","27","Area services","1",44777,NA,NA,NA,NA,NA,NA,NA,NA,NA,44777,NA,NA,NA,NA,NA,NA,NA,NA,"2014"
442,"Midaynta Community Services","22","City-wide","1",57227,NA,NA,NA,NA,NA,NA,NA,NA,NA,57227,NA,NA,NA,NA,NA,NA,NA,NA,"2014"
443,"Mixed Company","28","City-wide","1",38825,NA,NA,NA,NA,NA,NA,NA,NA,NA,NA,NA,NA,NA,NA,NA,NA,38825,NA,"2014"
444,"Modern Entertainment","21","City-wide","1",5000,NA,NA,NA,NA,NA,NA,NA,NA,NA,NA,NA,NA,NA,NA,NA,NA,5000,NA,"2014"
445,"Modern Times Stage Company","27","City-wide","1",28000,NA,NA,NA,NA,NA,NA,NA,NA,NA,NA,NA,NA,NA,NA,NA,NA,28000,NA,"2014"
446,"Momiji Health Care Society","36","City-wide","1",34755,NA,NA,NA,NA,34755,NA,NA,NA,NA,NA,NA,NA,NA,NA,NA,NA,NA,NA,"2014"
447,"Monsoon-Music","20","City-wide","1",5000,NA,NA,NA,NA,NA,NA,NA,NA,NA,NA,NA,NA,NA,NA,NA,NA,5000,NA,"2014"
448,"Mood Disorders Association of Ontario","16","City-wide","1",16930,NA,NA,NA,NA,16930,NA,NA,NA,NA,NA,NA,NA,NA,NA,NA,NA,NA,NA,"2014"
449,"MOonhORsE dance theatre","28","City-wide","1",10300,NA,NA,NA,NA,NA,NA,NA,NA,NA,NA,NA,NA,NA,NA,NA,NA,10300,NA,"2014"
450,"Mooredale Concerts","20","City-wide","1",4000,NA,NA,NA,NA,NA,NA,NA,NA,NA,NA,NA,NA,NA,NA,NA,NA,4000,NA,"2014"
451,"Motion Live Collective","28","City-wide","1",7500,NA,NA,NA,NA,NA,NA,NA,NA,NA,NA,NA,NA,NA,NA,NA,NA,7500,NA,"2014"
452,"MUC Shelter Corporation (Sojourn House)","28","City-wide","1",29332,NA,NA,NA,NA,NA,NA,NA,NA,NA,29332,NA,NA,NA,NA,NA,NA,NA,NA,"2014"
453,"Muhtadi International Drumming Festival","32","City-wide","1",10000,NA,NA,NA,NA,NA,NA,NA,NA,NA,NA,NA,NA,NA,NA,NA,NA,10000,NA,"2014"
454,"Mural Routes Inc.","36","City-wide","2",42000,NA,NA,NA,NA,NA,NA,NA,12000,NA,NA,NA,NA,NA,NA,NA,NA,30000,NA,"2014"
455,"Music Africa of Canada Inc.","32","City-wide","1",31000,NA,NA,NA,NA,NA,NA,NA,NA,NA,NA,NA,NA,NA,NA,NA,NA,31000,NA,"2014"
456,"Music Gallery","20","City-wide","1",79000,NA,NA,NA,NA,NA,NA,NA,NA,NA,NA,NA,NA,NA,NA,NA,NA,79000,NA,"2014"
457,"Music Garden, Harbourfront Centre","20","City-Wide","1",25000,NA,NA,NA,NA,NA,NA,NA,NA,NA,NA,NA,NA,NA,NA,NA,NA,NA,25000,"2014"
458,"Music in the Barns","21","City-wide","1",7585,NA,NA,NA,NA,NA,NA,NA,NA,NA,NA,NA,NA,NA,NA,NA,NA,7585,NA,"2014"
459,"Music Mondays Community Series","27","City-wide","1",3500,NA,NA,NA,NA,NA,NA,NA,NA,NA,NA,NA,NA,NA,NA,NA,NA,3500,NA,"2014"
460,"Music Toronto","28","City-wide","1",86500,NA,NA,NA,NA,NA,NA,NA,NA,NA,NA,NA,NA,NA,NA,NA,NA,86500,NA,"2014"
461,"Naci Volleyball","1","City-wide","1",15000,NA,NA,NA,NA,NA,NA,15000,NA,NA,NA,NA,NA,NA,NA,NA,NA,NA,NA,"2014"
462,"Nagata Shachu","20","City-wide","1",10000,NA,NA,NA,NA,NA,NA,NA,NA,NA,NA,NA,NA,NA,NA,NA,NA,10000,NA,"2014"
463,"Nathaniel Dett Chorale","20","City-wide","1",21000,NA,NA,NA,NA,NA,NA,NA,NA,NA,NA,NA,NA,NA,NA,NA,NA,21000,NA,"2014"
464,"National Ballet of Canada","20","City-wide","1",1250000,NA,NA,NA,NA,NA,NA,NA,NA,NA,NA,NA,NA,1250000,NA,NA,NA,NA,NA,"2014"
465,"National Shevchenko Musical Ensemble","15","City-wide","1",7500,NA,NA,NA,NA,NA,NA,NA,NA,NA,NA,NA,NA,NA,NA,NA,NA,7500,NA,"2014"
466,"Native Canadian Centre of Toronto","20","City-wide","1",76720,NA,NA,NA,NA,76720,NA,NA,NA,NA,NA,NA,NA,NA,NA,NA,NA,NA,NA,"2014"
467,"Native Child and Family Services of Toronto","27","Area services","3",212112,NA,NA,28000,NA,112755,NA,NA,NA,NA,71357,NA,NA,NA,NA,NA,NA,NA,NA,"2014"
467,"Native Earth Performing Arts","28","City-wide","1",78000,NA,NA,NA,NA,NA,NA,NA,NA,NA,NA,NA,NA,NA,NA,NA,NA,78000,NA,"2014"
469,"Native Women in the Arts","20","City-wide","1",16500,NA,NA,NA,NA,NA,NA,NA,NA,NA,NA,NA,NA,NA,NA,NA,NA,16500,NA,"2014"
470,"Native Women's Resource Centre of Toronto","27","Area services","3",201007,NA,NA,18000,NA,106500,NA,NA,NA,NA,76507,NA,NA,NA,NA,NA,NA,NA,NA,"2014"
471,"Nazareth House","19","City-wide","1",32683,NA,NA,NA,NA,NA,NA,NA,NA,NA,32683,NA,NA,NA,NA,NA,NA,NA,NA,"2014"
472,"Necessary Angel Theatre Company","28","City-wide","1",88000,NA,NA,NA,NA,NA,NA,NA,NA,NA,NA,NA,NA,NA,NA,NA,NA,88000,NA,"2014"
473,"Neighbourhood Arts Network","20","City-wide","1",1e+05,NA,NA,NA,NA,NA,NA,NA,NA,NA,NA,NA,NA,NA,NA,NA,NA,1e+05,NA,"2014"
474,"Neighbourhood Festival Group","11","Area Services","1",6800,NA,NA,NA,6800,NA,NA,NA,NA,NA,NA,NA,NA,NA,NA,NA,NA,NA,NA,"2014"
475,"Neighbourhood Information Centre","28","Area services","1",135300,NA,NA,NA,NA,135300,NA,NA,NA,NA,NA,NA,NA,NA,NA,NA,NA,NA,NA,"2014"
476,"Neighbourhood Information Post NIP","28","Area services","1",57333,NA,NA,NA,NA,NA,NA,NA,NA,NA,57333,NA,NA,NA,NA,NA,NA,NA,NA,"2014"
477,"Neighbourhood Link Support Services","32","Area services","2",244043,NA,NA,NA,NA,200045,NA,NA,NA,NA,43998,NA,NA,NA,NA,NA,NA,NA,NA,"2014"
478,"New Adventures In Sound Art","21","Area services","1",23500,NA,NA,NA,NA,NA,NA,NA,NA,NA,NA,NA,NA,NA,NA,NA,NA,23500,NA,"2014"
479,"New Canadian Community Centre","24","City-wide","1",42575,NA,NA,NA,NA,42575,NA,NA,NA,NA,NA,NA,NA,NA,NA,NA,NA,NA,NA,"2014"
480,"New Music Concerts","20","City-wide","1",55000,NA,NA,NA,NA,NA,NA,NA,NA,NA,NA,NA,NA,NA,NA,NA,NA,55000,NA,"2014"
481,"Newcomer Girls Action Committee","30","Local","2",20000,NA,NA,NA,NA,NA,NA,NA,NA,NA,NA,10000,NA,NA,NA,NA,NA,10000,NA,"2014"
482,"Newcomers Women's Services Toronto","30","City-wide","2",75620,35000,NA,NA,NA,40620,NA,NA,NA,NA,NA,NA,NA,NA,NA,NA,NA,NA,NA,"2014"
483,"Newton Moraes Dance Theatre","17","City-wide","1",7000,NA,NA,NA,NA,NA,NA,NA,NA,NA,NA,NA,NA,NA,NA,NA,NA,7000,NA,"2014"
484,"NIA Centre for the Arts","33","Area services","1",33000,NA,NA,33000,NA,NA,NA,NA,NA,NA,NA,NA,NA,NA,NA,NA,NA,NA,NA,"2014"
485,"Nightswimming","28","City-wide","1",17000,NA,NA,NA,NA,NA,NA,NA,NA,NA,NA,NA,NA,NA,NA,NA,NA,17000,NA,"2014"
486,"Nightwood Theatre","27","City-wide","1",98000,NA,NA,NA,NA,NA,NA,NA,NA,NA,NA,NA,NA,NA,NA,NA,NA,98000,NA,"2014"
487,"NIP- Newcomer Information Post","28","City-wide","1",38920,NA,NA,NA,NA,38920,NA,NA,NA,NA,NA,NA,NA,NA,NA,NA,NA,NA,NA,"2014"
488,"No 9 Contemporary Art and the Environment","20","City-wide","1",10000,NA,NA,NA,NA,NA,NA,NA,NA,NA,NA,NA,NA,NA,NA,NA,NA,10000,NA,"2014"
489,"North York Arts","23","City Wide","1",174240,NA,NA,NA,NA,NA,NA,NA,NA,NA,NA,NA,174240,NA,NA,NA,NA,NA,NA,"2014"
490,"North York Community House","15","Area services","1",123325,NA,NA,NA,NA,123325,NA,NA,NA,NA,NA,NA,NA,NA,NA,NA,NA,NA,NA,"2014"
491,"North York Concert Orchestra","25","City-wide","1",2185,NA,NA,NA,NA,NA,NA,NA,NA,NA,NA,NA,NA,NA,NA,NA,NA,2185,NA,"2014"
492,"North York Harvest Food Bank","15","Area Services","1",22570,NA,NA,NA,NA,22570,NA,NA,NA,NA,NA,NA,NA,NA,NA,NA,NA,NA,NA,"2014"
493,"North York Seniors Centre","23","Area services","1",87790,NA,NA,NA,NA,87790,NA,NA,NA,NA,NA,NA,NA,NA,NA,NA,NA,NA,NA,"2014"
494,"North York Womens Resource Centre","15","Area services","2",88220,NA,NA,40000,NA,48220,NA,NA,NA,NA,NA,NA,NA,NA,NA,NA,NA,NA,NA,"2014"
495,"Northern Griots Network","20","City-wide","1",6900,NA,NA,NA,NA,NA,NA,NA,NA,NA,NA,NA,NA,NA,NA,NA,NA,6900,NA,"2014"
496,"Northern Visions Independent Film & Video Organization","20","City-wide","1",56000,NA,NA,NA,NA,NA,NA,NA,NA,NA,NA,NA,NA,NA,NA,NA,NA,56000,NA,"2014"
497,"Northwood Neighbourhood Services","11","Area services","1",44690,NA,NA,NA,NA,44690,NA,NA,NA,NA,NA,NA,NA,NA,NA,NA,NA,NA,NA,"2014"
498,"NoYo Artists Resdidency Program","24","Area Services","1",3250,NA,NA,NA,NA,NA,NA,NA,NA,NA,NA,NA,NA,NA,NA,NA,NA,3250,NA,"2014"
499,"Obsidian Theatre Company","20","City-wide","1",50000,NA,NA,NA,NA,NA,NA,NA,NA,NA,NA,NA,NA,NA,NA,NA,NA,50000,NA,"2014"
500,"On the MOVE","27","City-wide","1",3000,NA,NA,NA,NA,NA,NA,NA,NA,NA,NA,NA,NA,NA,NA,NA,NA,3000,NA,"2014"
501,"On site (at) OCAD University","20","City-wide","1",2500,NA,NA,NA,NA,NA,NA,NA,NA,NA,NA,NA,NA,NA,NA,NA,NA,2500,NA,"2014"
502,"Ontario Association of Art Galleries","20","City-wide","1",24000,NA,NA,NA,NA,NA,NA,NA,NA,NA,NA,NA,NA,NA,NA,NA,NA,24000,NA,"2014"
503,"Ontario Community Centre for the Deaf, The","25","City-wide","1",13015,NA,NA,NA,NA,13015,NA,NA,NA,NA,NA,NA,NA,NA,NA,NA,NA,NA,NA,"2014"
504,"Ontario Council of Agencies Serving Immigrants (OCASI)","16","City-wide","3",110105,25000,NA,NA,8000,77105,NA,NA,NA,NA,NA,NA,NA,NA,NA,NA,NA,NA,NA,"2014"
505,"Ontario Crafts Council","19","City-wide","1",32000,NA,NA,NA,NA,NA,NA,NA,NA,NA,NA,NA,NA,NA,NA,NA,NA,32000,NA,"2014"
506,"Ontario Justice Education Networt/Reseau Ontarien D'Education Juridicue","27","City-wide","1",40000,NA,NA,40000,NA,NA,NA,NA,NA,NA,NA,NA,NA,NA,NA,NA,NA,NA,NA,"2014"
507,"Oolagan Community Services","27","City-wide","1",44745,NA,NA,NA,NA,NA,NA,NA,NA,NA,44745,NA,NA,NA,NA,NA,NA,NA,NA,"2014"
508,"Open Book Foundation","20","City-wide","1",6000,NA,NA,NA,NA,NA,NA,NA,NA,NA,NA,NA,NA,NA,NA,NA,NA,6000,NA,"2014"
509,"Open Door Storytelling Project","29","City-wide","1",2900,NA,NA,NA,NA,NA,NA,NA,NA,NA,NA,NA,NA,NA,NA,NA,NA,2900,NA,"2014"
510,"Open Roof Films Entertainment Inc.","18","City-wide","1",7000,NA,NA,NA,NA,NA,NA,NA,NA,NA,NA,NA,NA,NA,NA,NA,NA,7000,NA,"2014"
511,"Open Studio","20","City-wide","1",73000,NA,NA,NA,NA,NA,NA,NA,NA,NA,NA,NA,NA,NA,NA,NA,NA,73000,NA,"2014"
512,"Opera Atelier","27","City-wide","1",90000,NA,NA,NA,NA,NA,NA,NA,NA,NA,NA,NA,NA,NA,NA,NA,NA,90000,NA,"2014"
513,"Opera Five Inc.","27","City-wide","1",7000,NA,NA,NA,NA,NA,NA,NA,NA,NA,NA,NA,NA,NA,NA,NA,NA,7000,NA,"2014"
514,"Opera In Concert","28","City-wide","1",30000,NA,NA,NA,NA,NA,NA,NA,NA,NA,NA,NA,NA,NA,NA,NA,NA,30000,NA,"2014"
515,"Opportunity for Advancement","20","City-wide","2",89130,NA,NA,44000,NA,45130,NA,NA,NA,NA,NA,NA,NA,NA,NA,NA,NA,NA,NA,"2014"
516,"Orchestra Toronto","23","City-wide","1",21000,NA,NA,NA,NA,NA,NA,NA,NA,NA,NA,NA,NA,NA,NA,NA,NA,21000,NA,"2014"
517,"Oriana Women's Choir","22","City-wide","1",9400,NA,NA,NA,NA,NA,NA,NA,NA,NA,NA,NA,NA,NA,NA,NA,NA,9400,NA,"2014"
518,"Orpheus Choir of Toronto","22","City-wide","1",20000,NA,NA,NA,NA,NA,NA,NA,NA,NA,NA,NA,NA,NA,NA,NA,NA,20000,NA,"2014"
519,"Out of the Box","34","Area Services","1",10000,NA,NA,NA,NA,NA,NA,NA,NA,NA,NA,10000,NA,NA,NA,NA,NA,NA,NA,"2014"
520,"Outside the March","30","City Wide","1",11000,NA,NA,NA,NA,NA,NA,NA,NA,NA,NA,NA,NA,NA,NA,NA,NA,11000,NA,"2014"
521,"PACT","20","City-wide","1",6000,NA,NA,NA,NA,NA,NA,NA,NA,NA,NA,NA,NA,NA,NA,NA,NA,6000,NA,"2014"
522,"PAL-Reading Services Inc.","27","City-wide","1",15010,NA,NA,NA,NA,15010,NA,NA,NA,NA,NA,NA,NA,NA,NA,NA,NA,NA,NA,"2014"
523,"Pan Trinbago Steelband Assoc. of Ontario","29","City-wide","1",9000,NA,NA,NA,NA,NA,NA,NA,NA,NA,NA,NA,NA,NA,NA,NA,NA,9000,NA,"2014"
524,"Pandemic Theatre","20","City-wide","1",4500,NA,NA,NA,NA,NA,NA,NA,NA,NA,NA,NA,NA,NA,NA,NA,NA,4500,NA,"2014"
525,"Paprika Festival","18","City-wide","1",13000,NA,NA,NA,NA,NA,NA,NA,NA,NA,NA,NA,NA,NA,NA,NA,NA,13000,NA,"2014"
526,"Paradigm Productions","28","City-wide","1",3000,NA,NA,NA,NA,NA,NA,NA,NA,NA,NA,NA,NA,NA,NA,NA,NA,3000,NA,"2014"
527,"Parkdale Activity Recreation Centre","14","Area services","1",35542,NA,NA,NA,NA,NA,NA,NA,NA,NA,35542,NA,NA,NA,NA,NA,NA,NA,NA,"2014"
528,"Parkdale Beauty Pageant Society","14","Local","1",5000,NA,NA,NA,NA,NA,NA,NA,NA,NA,NA,NA,NA,NA,NA,NA,NA,5000,NA,"2014"
529,"Parkdale Community Information Centre","14","Local","1",26140,NA,NA,NA,NA,26140,NA,NA,NA,NA,NA,NA,NA,NA,NA,NA,NA,NA,NA,"2014"
530,"Parkdale Community Legal Services","14","Area services","1",40100,40100,NA,NA,NA,NA,NA,NA,NA,NA,NA,NA,NA,NA,NA,NA,NA,NA,NA,"2014"
531,"Parkdale Golden Age Foundation","14","Area services","1",54840,NA,NA,NA,NA,54840,NA,NA,NA,NA,NA,NA,NA,NA,NA,NA,NA,NA,NA,"2014"
532,"Parkdale Intercultural Association (Toronto)","14","Local","1",42520,NA,NA,NA,NA,42520,NA,NA,NA,NA,NA,NA,NA,NA,NA,NA,NA,NA,NA,"2014"
533,"Passerelle Intégration et Développement Économiques","27","City-wide","2",91210,30000,NA,NA,NA,61210,NA,NA,NA,NA,NA,NA,NA,NA,NA,NA,NA,NA,NA,"2014"
534,"Passion","16","Local","1",10000,NA,NA,NA,NA,NA,NA,NA,NA,NA,NA,NA,NA,NA,NA,NA,NA,10000,NA,"2014"
535,"paul watson productions","30","City-wide","1",5000,NA,NA,NA,NA,NA,NA,NA,NA,NA,NA,NA,NA,NA,NA,NA,NA,5000,NA,"2014"
536,"Pax Christi Chorale","23","City-wide","1",15000,NA,NA,NA,NA,NA,NA,NA,NA,NA,NA,NA,NA,NA,NA,NA,NA,15000,NA,"2014"
537,"Peggy Baker Dance Projects","28","City-wide","1",22500,NA,NA,NA,NA,NA,NA,NA,NA,NA,NA,NA,NA,NA,NA,NA,NA,22500,NA,"2014"
538,"Picasso PRO","13","City-wide","1",10000,NA,NA,NA,NA,NA,NA,NA,NA,NA,NA,NA,NA,NA,NA,NA,NA,10000,NA,"2014"
539,"Pinata Collective","28","City-wide","1",2250,NA,NA,NA,NA,NA,NA,NA,NA,NA,NA,NA,NA,NA,NA,NA,NA,2250,NA,"2014"
540,"Pink Pluto","27","City-wide","1",8000,NA,NA,NA,NA,NA,NA,NA,NA,NA,NA,NA,NA,NA,NA,NA,NA,8000,NA,"2014"
541,"Planet In Focus","20","City-wide","1",25000,NA,NA,NA,NA,NA,NA,NA,NA,NA,NA,NA,NA,NA,NA,NA,NA,25000,NA,"2014"
542,"Plasticine Poetry Series Association","19","City-wide","1",1000,NA,NA,NA,NA,NA,NA,NA,NA,NA,NA,NA,NA,NA,NA,NA,NA,1000,NA,"2014"
543,"Platform A Collaborative Partnership","15","Area Services","1",348000,NA,NA,NA,NA,NA,NA,NA,NA,NA,NA,NA,NA,NA,NA,NA,NA,348000,NA,"2014"
544,"Playwrights Guild of Canada","20","City-wide","1",23000,NA,NA,NA,NA,NA,NA,NA,NA,NA,NA,NA,NA,NA,NA,NA,NA,23000,NA,"2014"
545,"Pleiades Theatre","28","City-wide","1",31000,NA,NA,NA,NA,NA,NA,NA,NA,NA,NA,NA,NA,NA,NA,NA,NA,31000,NA,"2014"
546,"Pneuma Ensemble","33","Local","1",20000,NA,NA,NA,NA,NA,NA,NA,NA,NA,NA,NA,NA,NA,NA,NA,NA,20000,NA,"2014"
547,"Pocket Community Association","30","Local","1",7500,NA,NA,NA,NA,NA,NA,NA,NA,NA,NA,NA,NA,NA,NA,NA,NA,7500,NA,"2014"
548,"P.O.I.N.T Inc.(People and Organizations in North Toronto)","16","Area Services","1",15000,NA,15000,NA,NA,NA,NA,NA,NA,NA,NA,NA,NA,NA,NA,NA,NA,NA,NA,"2014"
549,"Polycultural Immigrant and Community Services","3","Area Services","1",28080,NA,NA,NA,NA,28080,NA,NA,NA,NA,NA,NA,NA,NA,NA,NA,NA,NA,NA,"2014"
550,"Positive Change","26","Local","1",30000,NA,NA,30000,NA,NA,NA,NA,NA,NA,NA,NA,NA,NA,NA,NA,NA,NA,NA,"2014"
552,"pounds per square inch performance","28","City-wide","1",6000,NA,NA,NA,NA,NA,NA,NA,NA,NA,NA,NA,NA,NA,NA,NA,NA,6000,NA,"2014"
553,"Power Plant","20","City-wide","1",215000,NA,NA,NA,NA,NA,NA,NA,NA,NA,NA,NA,NA,NA,NA,NA,NA,215000,NA,"2014"
554,"Power to Girls Foundation","1","Local","1",10000,NA,NA,NA,NA,NA,NA,NA,NA,NA,NA,NA,NA,NA,NA,NA,NA,10000,NA,"2014"
555,"Pratibha Arts","20","City-wide","1",9000,NA,NA,NA,NA,NA,NA,NA,NA,NA,NA,NA,NA,NA,NA,NA,NA,9000,NA,"2014"
556,"Prefix Institute of Contemporary Art","20","City-wide","1",34000,NA,NA,NA,NA,NA,NA,NA,NA,NA,NA,NA,NA,NA,NA,NA,NA,34000,NA,"2014"
557,"Pride Toronto","27","City-wide","1",160500,NA,NA,NA,NA,NA,NA,NA,NA,NA,NA,NA,NA,160500,NA,NA,NA,NA,NA,"2014"
558,"Prince Youth Basketball Group - PYB","8","City-wide","1",2160,NA,NA,NA,NA,NA,NA,2160,NA,NA,NA,NA,NA,NA,NA,NA,NA,NA,NA,"2014"
559,"princess productions","28","City-wide","1",22000,NA,NA,NA,NA,NA,NA,NA,NA,NA,NA,NA,NA,NA,NA,NA,NA,22000,NA,"2014"
560,"ProArteDanza","20","City-wide","1",15000,NA,NA,NA,NA,NA,NA,NA,NA,NA,NA,NA,NA,NA,NA,NA,NA,15000,NA,"2014"
561,"Project Creative Users","19","City-wide","1",3500,NA,NA,NA,NA,NA,NA,NA,NA,NA,NA,NA,NA,NA,NA,NA,NA,3500,NA,"2014"
562,"Project : Humanity Inc.","18","City-wide","1",11000,NA,NA,NA,NA,NA,NA,NA,NA,NA,NA,NA,NA,NA,NA,NA,NA,11000,NA,"2014"
563,"Prologue to the Performing Arts","28","City-wide","1",35000,NA,NA,NA,NA,NA,NA,NA,NA,NA,NA,NA,NA,NA,NA,NA,NA,35000,NA,"2014"
564,"Promoting Education and Community Health (PEACH)","7","Area services","1",57705,NA,NA,NA,NA,57705,NA,NA,NA,NA,NA,NA,NA,NA,NA,NA,NA,NA,NA,"2014"
565,"Propeller Arts Projects","28","City-wide","1",20000,NA,NA,NA,NA,NA,NA,NA,NA,NA,NA,NA,NA,NA,NA,NA,NA,20000,NA,"2014"
566,"Prosserman Jewish Community Centre","10","City-wide","1",12885,NA,NA,NA,NA,12885,NA,NA,NA,NA,NA,NA,NA,NA,NA,NA,NA,NA,NA,"2014"
567,"ProudPolitics Leadership Organization","20","Area services","1",9920,9920,NA,NA,NA,NA,NA,NA,NA,NA,NA,NA,NA,NA,NA,NA,NA,NA,NA,"2014"
568,"Public Recordings Performance Projects","17","City-wide","1",15000,NA,NA,NA,NA,NA,NA,NA,NA,NA,NA,NA,NA,NA,NA,NA,NA,15000,NA,"2014"
569,"Puppetmongers","30","City-wide","1",40000,NA,NA,NA,NA,NA,NA,NA,NA,NA,NA,NA,NA,NA,NA,NA,NA,40000,NA,"2014"
570,"Queen's Plate Resident Steering Committee","2","Area services","1",30000,NA,NA,NA,NA,NA,NA,NA,NA,NA,NA,NA,NA,NA,NA,30000,NA,NA,NA,"2014"
572,"Question Mark-Exclamation","20","City-wide","1",2500,NA,NA,NA,NA,NA,NA,NA,NA,NA,NA,NA,NA,NA,NA,NA,NA,2500,NA,"2014"
573,"Quip Take","20","City-wide","1",6000,NA,NA,NA,NA,NA,NA,NA,NA,NA,NA,NA,NA,NA,NA,NA,NA,6000,NA,"2014"
574,"Raconteurs StoryTelling","20","City-wide","1",2000,NA,NA,NA,NA,NA,NA,NA,NA,NA,NA,NA,NA,NA,NA,NA,NA,2000,NA,"2014"
575,"Rainbow Association of Canadian Artists","27","City-wide","1",10000,NA,NA,NA,NA,NA,NA,NA,NA,NA,NA,NA,NA,NA,NA,NA,NA,10000,NA,"2014"
576,"Ralph Thornton Centre","30","Local","1",47890,NA,NA,NA,NA,47890,NA,NA,NA,NA,NA,NA,NA,NA,NA,NA,NA,NA,NA,"2014"
577,"Rebels With A Cause Film Festival","8","City-wide","1",2000,NA,NA,NA,NA,NA,NA,NA,NA,NA,NA,NA,NA,NA,NA,NA,NA,2000,NA,"2014"
578,"Red Dress Productions","28","Local","1",15000,NA,NA,NA,NA,NA,NA,NA,NA,NA,NA,NA,NA,NA,NA,NA,NA,15000,NA,"2014"
579,"Red Light District","27","City-wide","1",6000,NA,NA,NA,NA,NA,NA,NA,NA,NA,NA,NA,NA,NA,NA,NA,NA,6000,NA,"2014"
580,"Red Pepper Spectacle Arts","20","City-wide","1",36700,NA,NA,NA,NA,NA,NA,NA,NA,NA,NA,NA,NA,NA,NA,NA,NA,36700,NA,"2014"
581,"Red Sky Performance","20","City-wide","2",55000,NA,NA,NA,NA,NA,22000,NA,NA,NA,NA,NA,NA,NA,NA,NA,NA,33000,NA,"2014"
582,"Red Snow Collective","34","City-wide","1",15000,NA,NA,NA,NA,NA,NA,NA,NA,NA,NA,NA,NA,NA,NA,NA,NA,15000,NA,"2014"
583,"Regent Park Community Health Centre","28","Area services","1",23812,NA,NA,NA,NA,NA,NA,NA,NA,NA,23812,NA,NA,NA,NA,NA,NA,NA,NA,"2014"
584,"Regent Park Film Festival Inc","28","Local","1",21000,NA,NA,NA,NA,NA,NA,NA,NA,NA,NA,NA,NA,NA,NA,NA,NA,21000,NA,"2014"
585,"Regent Park Focus","28","City-wide","1",30000,NA,NA,NA,NA,NA,NA,NA,NA,NA,NA,NA,NA,NA,NA,NA,NA,30000,NA,"2014"
586,"Regent Park School of Music","28","Area services","1",28000,NA,NA,NA,NA,NA,NA,NA,NA,NA,NA,NA,NA,NA,NA,NA,NA,28000,NA,"2014"
587,"Remix Project (The)","14","City-wide","1",20000,NA,NA,NA,NA,NA,NA,NA,NA,NA,NA,NA,NA,NA,NA,NA,NA,20000,NA,"2014"
588,"Rexdale Community Centre","2","Local","1",19000,NA,NA,NA,NA,NA,NA,NA,19000,NA,NA,NA,NA,NA,NA,NA,NA,NA,NA,"2014"
589,"Rexdale Community Health Centre","2","Area services","2",238465,NA,NA,NA,6800,231665,NA,NA,NA,NA,NA,NA,NA,NA,NA,NA,NA,NA,NA,"2014"
590,"Rexdale Women's Centre","1","Area services","2",61075,NA,NA,NA,8500,52575,NA,NA,NA,NA,NA,NA,NA,NA,NA,NA,NA,NA,NA,"2014"
591,"Right Path Community Centre","9","City-wide","1",9500,NA,NA,NA,NA,NA,NA,NA,NA,NA,NA,NA,NA,NA,NA,NA,NA,9500,NA,"2014"
592,"R.I.S.E Edutainment","42","Local","1",24500,NA,NA,NA,NA,NA,NA,NA,NA,NA,NA,NA,NA,NA,NA,NA,NA,24500,NA,"2014"
593,"Roma Community Centre","29","City-wide","1",8000,NA,NA,NA,NA,NA,NA,NA,NA,NA,NA,NA,NA,NA,NA,NA,NA,8000,NA,"2014"
594,"Roseneath Theatre","18","City-wide","1",69000,NA,NA,NA,NA,NA,NA,NA,NA,NA,NA,NA,NA,NA,NA,NA,NA,69000,NA,"2014"
595,"Rowers Pub Reading Series Inc.","19","City-wide","1",6000,NA,NA,NA,NA,NA,NA,NA,NA,NA,NA,NA,NA,NA,NA,NA,NA,6000,NA,"2014"
596,"Royal Agricultural Winter Fair","19","City-wide","1",939110,NA,NA,NA,NA,NA,NA,NA,NA,NA,NA,NA,NA,NA,NA,NA,NA,NA,939110,"2014"
597,"Royal Conservatory of Music","20","City-wide","1",30000,NA,NA,NA,NA,NA,NA,NA,NA,NA,NA,NA,NA,NA,NA,NA,NA,30000,NA,"2014"
598,"RT Collective","20","Local","1",600,NA,NA,NA,NA,NA,NA,NA,NA,NA,NA,NA,NA,NA,NA,NA,NA,600,NA,"2014"
599,"Russian Library & Community Information Centre","20","Local","1",6000,NA,NA,NA,NA,NA,NA,NA,NA,NA,NA,NA,NA,NA,NA,NA,NA,6000,NA,"2014"
600,"SAINTS (Student Assistance in North Toronto for Seniors)","25","Local","1",10955,NA,NA,NA,NA,10955,NA,NA,NA,NA,NA,NA,NA,NA,NA,NA,NA,NA,NA,"2014"
601,"San Lorenzo Latin American Community Centre","19","City-wide","1",4000,NA,NA,NA,NA,NA,NA,NA,NA,NA,NA,NA,NA,NA,NA,NA,NA,4000,NA,"2014"
602,"San Romanoway Revitalization Association","8","Local","1",75420,NA,NA,NA,NA,75420,NA,NA,NA,NA,NA,NA,NA,NA,NA,NA,NA,NA,NA,"2014"
603,"Say Word Media","38","Local","1",10000,NA,NA,NA,NA,NA,NA,NA,NA,NA,NA,NA,NA,NA,NA,NA,NA,10000,NA,"2014"
604,"Scadding Court Community Centre","20","Area services","2",201345,35000,NA,NA,NA,166345,NA,NA,NA,NA,NA,NA,NA,NA,NA,NA,NA,NA,NA,"2014"
605,"Scarborough Access Centre","14","Area Services","1",40000,NA,NA,NA,NA,NA,NA,NA,NA,NA,NA,NA,NA,NA,NA,40000,NA,NA,NA,"2014"
606,"Scarborough Arts Council","36","City-wide","2",215800,NA,NA,NA,6800,NA,NA,NA,NA,NA,NA,NA,209000,NA,NA,NA,NA,NA,NA,"2014"
607,"Scarborough Bluffs Music","43","Local","1",9500,NA,NA,NA,NA,NA,NA,NA,NA,NA,NA,NA,NA,NA,NA,NA,NA,9500,NA,"2014"
608,"Scarborough Caribbean Youth Dance Ensemble","42","Local","1",10000,NA,NA,NA,NA,NA,NA,NA,NA,NA,NA,NA,NA,NA,NA,NA,NA,10000,NA,"2014"
609,"Scarborough Centre for Healthy Communities","38","Area Services","2",211466,NA,NA,NA,NA,176455,NA,NA,NA,NA,35011,NA,NA,NA,NA,NA,NA,NA,NA,"2014"
610,"Scarborough Film Festival","41","City-wide","1",2500,NA,NA,NA,NA,NA,NA,NA,NA,NA,NA,NA,NA,NA,NA,NA,NA,2500,NA,"2014"
611,"Scarborough Housing Help Centre","37","Area services","1",77246,NA,NA,NA,NA,NA,NA,NA,NA,NA,77246,NA,NA,NA,NA,NA,NA,NA,NA,"2014"
612,"Scarborough Philharmonic Orchestra","36","Area services","1",20000,NA,NA,NA,NA,NA,NA,NA,NA,NA,NA,NA,NA,NA,NA,NA,NA,20000,NA,"2014"
613,"Scarborough Residents Unite","36","Area services","1",30000,NA,NA,NA,NA,NA,NA,NA,NA,NA,NA,NA,NA,NA,NA,30000,NA,NA,NA,"2014"
614,"Scarborough Women's Centre","38","Area services","2",74750,NA,NA,40000,NA,34750,NA,NA,NA,NA,NA,NA,NA,NA,NA,NA,NA,NA,NA,"2014"
615,"Science Fiction and Fantasy Society of Upper Canada","27","City-wide","1",4500,NA,NA,NA,NA,NA,NA,NA,NA,NA,NA,NA,NA,NA,NA,NA,NA,4500,NA,"2014"
616,"Scotia CONTACT Photography Festival","28","City-wide","1",35000,NA,NA,NA,NA,NA,NA,NA,35000,NA,NA,NA,NA,NA,NA,NA,NA,NA,NA,"2014"
617,"S.E.A.S. Centre (Support Enhance Access Services Centre)","28","Area services","1",78565,NA,NA,NA,NA,78565,NA,NA,NA,NA,NA,NA,NA,NA,NA,NA,NA,NA,NA,"2014"
618,"Second Mile Club of Toronto, The","20","City-wide","1",66505,NA,NA,NA,NA,66505,NA,NA,NA,NA,NA,NA,NA,NA,NA,NA,NA,NA,NA,"2014"
619,"Self-Help Resource Centre","22","City-wide","2",44680,NA,30000,NA,NA,14680,NA,NA,NA,NA,NA,NA,NA,NA,NA,NA,NA,NA,NA,"2014"
620,"Senior Adult Services in the Annex, Toronto","20","Local","1",32265,NA,NA,NA,NA,32265,NA,NA,NA,NA,NA,NA,NA,NA,NA,NA,NA,NA,NA,"2014"
621,"Senior Peoples' Resources in North Toronto (SPRINT)","22","Area services","1",93110,NA,NA,NA,NA,93110,NA,NA,NA,NA,NA,NA,NA,NA,NA,NA,NA,NA,NA,"2014"
622,"Senior Tamil's Centre of Ontario","41","City-wide","1",56340,NA,NA,NA,NA,56340,NA,NA,NA,NA,NA,NA,NA,NA,NA,NA,NA,NA,NA,"2014"
623,"Series 8:08","19","City-wide","1",6500,NA,NA,NA,NA,NA,NA,NA,NA,NA,NA,NA,NA,NA,NA,NA,NA,6500,NA,"2014"
624,"Shadowland Theatre","28","Local","1",18000,NA,NA,NA,NA,NA,NA,NA,NA,NA,NA,NA,NA,NA,NA,NA,NA,18000,NA,"2014"
625,"Shakespeare in the Ruff","30","Local","1",13000,NA,NA,NA,NA,NA,NA,NA,NA,NA,NA,NA,NA,NA,NA,NA,NA,13000,NA,"2014"
626,"Settlement Assistance and Family Support Services (Formerly South Asian Family Support Services)","38","Area services","1",49750,NA,NA,NA,NA,49750,NA,NA,NA,NA,NA,NA,NA,NA,NA,NA,NA,NA,NA,"2014"
627,"Sherbourne Health Sentre - SOY","28","City-wide","1",7000,NA,NA,NA,NA,NA,NA,NA,NA,NA,NA,NA,NA,NA,NA,NA,NA,7000,NA,"2014"
628,"Shoestring Opera","5","City-wide","1",1000,NA,NA,NA,NA,NA,NA,NA,NA,NA,NA,NA,NA,NA,NA,NA,NA,1000,NA,"2014"
629,"Sick Muse Art Projects","17","City-wide","1",7000,NA,NA,NA,NA,NA,NA,NA,NA,NA,NA,NA,NA,NA,NA,NA,NA,7000,NA,"2014"
630,"Silent Voice Canada","22","City-wide","3",87311,30000,NA,NA,NA,30125,NA,27186,NA,NA,NA,NA,NA,NA,NA,NA,NA,NA,NA,"2014"
631,"Sinfonia Toronto","20","City-wide","1",13000,NA,NA,NA,NA,NA,NA,NA,NA,NA,NA,NA,NA,NA,NA,NA,NA,13000,NA,"2014"
632,"SING The Toronto Vocal Arts Festival","28","City-wide","1",5000,NA,NA,NA,NA,NA,NA,NA,NA,NA,NA,NA,NA,NA,NA,NA,NA,5000,NA,"2014"
633,"Singing Out - Toronto LGBTQ Choir","28","City-wide","1",5000,NA,NA,NA,NA,NA,NA,NA,NA,NA,NA,NA,NA,NA,NA,NA,NA,5000,NA,"2014"
634,"Sir William Campbell House Foundation","20","City-wide","1",4250,NA,NA,NA,NA,NA,NA,NA,NA,NA,NA,NA,NA,NA,NA,NA,NA,4250,NA,"2014"
635,"Sir William Campbell House Museum","20","City-wide","1",36687,NA,NA,NA,NA,NA,NA,NA,NA,NA,NA,NA,NA,NA,36687,NA,NA,NA,NA,"2014"
636,"Sistering-A Woman’s Place","18","Local","1",15000,NA,NA,NA,NA,NA,NA,NA,NA,NA,NA,NA,NA,NA,NA,NA,NA,15000,NA,"2014"
637,"SKETCH Working Arts For Street Involved & Homeless Youth","19","City-wide","4",241000,45000,NA,NA,NA,NA,81000,NA,25000,NA,NA,NA,NA,NA,NA,NA,NA,90000,NA,"2014"
638,"Small Theatre Administrative Facility","20","City-wide","1",30000,NA,NA,NA,NA,NA,NA,NA,NA,NA,NA,NA,NA,NA,NA,NA,NA,30000,NA,"2014"
639,"Small Wooden Shoe","17","City-wide","1",15000,NA,NA,NA,NA,NA,NA,NA,NA,NA,NA,NA,NA,NA,NA,NA,NA,15000,NA,"2014"
640,"Small World Music Society","18","City-wide","1",42500,NA,NA,NA,NA,NA,NA,NA,NA,NA,NA,NA,NA,NA,NA,NA,NA,42500,NA,"2014"
641,"Smile Company","20","City-wide","1",24000,NA,NA,NA,NA,NA,NA,NA,NA,NA,NA,NA,NA,NA,NA,NA,NA,24000,NA,"2014"
642,"Social Circus Circle","19","City-wide","1",7500,NA,NA,NA,NA,NA,NA,NA,NA,NA,NA,NA,NA,NA,NA,NA,NA,7500,NA,"2014"
643,"Society of Sharing: Inner-City Volunteers","27","Area services","1",15585,NA,NA,NA,NA,15585,NA,NA,NA,NA,NA,NA,NA,NA,NA,NA,NA,NA,NA,"2014"
644,"Somali Canadian Association of Etobicoke","1","Area services","1",22570,NA,NA,NA,NA,22570,NA,NA,NA,NA,NA,NA,NA,NA,NA,NA,NA,NA,NA,"2014"
645,"Somali Women and Children's Support Network","2","City-wide","1",39270,NA,NA,NA,NA,39270,NA,NA,NA,NA,NA,NA,NA,NA,NA,NA,NA,NA,NA,"2014"
646,"Somewhere There Creative Music Productions","19","City-wide","1",2500,NA,NA,NA,NA,NA,NA,NA,NA,NA,NA,NA,NA,NA,NA,NA,NA,2500,NA,"2014"
647,"SOS Curatorial Collective","28","Local","1",7500,NA,NA,NA,NA,NA,NA,NA,NA,NA,NA,NA,NA,NA,NA,NA,NA,7500,NA,"2014"
648,"Soulpepper Theatre Company","28","City-wide","1",370000,NA,NA,NA,NA,NA,NA,NA,NA,NA,NA,NA,NA,NA,NA,NA,NA,370000,NA,"2014"
649,"Sound Check","11","Local","1",20000,NA,NA,NA,NA,NA,NA,NA,NA,NA,NA,10000,NA,NA,NA,NA,NA,10000,NA,"2014"
650,"Soundstreams Canada","20","City-wide","1",84000,NA,NA,NA,NA,NA,NA,NA,NA,NA,NA,NA,NA,NA,NA,NA,NA,84000,NA,"2014"
651,"South Asian Visual Arts Collective","20","City-wide","1",40000,NA,NA,NA,NA,NA,NA,NA,NA,NA,NA,NA,NA,NA,NA,NA,NA,40000,NA,"2014"
652,"South Asian Women's Centre","18","City-wide","1",84625,NA,NA,NA,NA,84625,NA,NA,NA,NA,NA,NA,NA,NA,NA,NA,NA,NA,NA,"2014"
653,"Southern Currents / Corrientes Del Sur","20","City-wide","1",20000,NA,NA,NA,NA,NA,NA,NA,NA,NA,NA,NA,NA,NA,NA,NA,NA,20000,NA,"2014"
654,"SPEAKout Poetry & Ink Veins","19","Local","1",9600,NA,NA,NA,NA,NA,NA,NA,NA,NA,NA,NA,NA,NA,NA,NA,NA,9600,NA,"2014"
655,"SpeakSudan","27","Local","1",15000,NA,NA,NA,NA,NA,NA,NA,NA,NA,NA,NA,NA,NA,NA,NA,NA,15000,NA,"2014"
656,"Spectrum Arts Project","19","City -wide","1",37650,NA,NA,NA,NA,NA,NA,NA,37650,NA,NA,NA,NA,NA,NA,NA,NA,NA,NA,"2014"
657,"Spectrum Composers Collective","20","City-wide","1",6000,NA,NA,NA,NA,NA,NA,NA,NA,NA,NA,NA,NA,NA,NA,NA,NA,6000,NA,"2014"
658,"Springtide Resources Inc.","20","City-wide","1",22570,NA,NA,NA,NA,22570,NA,NA,NA,NA,NA,NA,NA,NA,NA,NA,NA,NA,NA,"2014"
659,"Spoke N'Heard","24","Local","1",10000,NA,NA,NA,NA,NA,NA,NA,NA,NA,NA,NA,NA,NA,NA,NA,NA,10000,NA,"2014"
660,"St. Alban's Boys' and Girls' Club","20","Area services","1",187050,NA,NA,NA,NA,187050,NA,NA,NA,NA,NA,NA,NA,NA,NA,NA,NA,NA,NA,"2014"
661,"St. Bernadette's Family Resource Centre","12","Area services","1",18605,NA,NA,NA,NA,18605,NA,NA,NA,NA,NA,NA,NA,NA,NA,NA,NA,NA,NA,"2014"
662,"St. Christopher House (The)","19","Area services","1",283425,NA,NA,NA,NA,283425,NA,NA,NA,NA,NA,NA,NA,NA,NA,NA,NA,NA,NA,"2014"
663,"St. Clair O'Connor Community Inc.","31","Area services","1",17295,NA,NA,NA,NA,17295,NA,NA,NA,NA,NA,NA,NA,NA,NA,NA,NA,NA,NA,"2014"
664,"St. Clair West Services for Seniors, Inc.","12","Area services","1",48925,NA,NA,NA,NA,48925,NA,NA,NA,NA,NA,NA,NA,NA,NA,NA,NA,NA,NA,"2014"
665,"St. Matthew's Bracondale House","21","Area services","1",14255,NA,NA,NA,NA,14255,NA,NA,NA,NA,NA,NA,NA,NA,NA,NA,NA,NA,NA,"2014"
666,"St. Paul's L'Amoreaux Centre","40","Area services","1",94315,NA,NA,NA,NA,94315,NA,NA,NA,NA,NA,NA,NA,NA,NA,NA,NA,NA,NA,"2014"
667,"St. Stephen's Community House","20","City-wide","2",242745,NA,NA,NA,NA,230745,NA,NA,NA,NA,NA,NA,NA,NA,NA,NA,NA,12000,NA,"2014"
668,"St. Thomas' Anglican Church","20","Area services","1",5000,NA,NA,NA,NA,NA,NA,NA,NA,NA,NA,NA,NA,NA,NA,NA,NA,NA,NA,"2014"
669,"Steeles L'Amoreaux Strength in Partnership","41","Area services","1",102500,NA,NA,NA,NA,NA,NA,NA,NA,NA,NA,NA,NA,NA,NA,102500,NA,NA,NA,"2014"
670,"STEPS Sustainable Thinking and Expression Initiative","26","City-wide","2",30000,NA,NA,NA,NA,NA,NA,NA,20000,NA,NA,NA,NA,NA,NA,NA,NA,10000,NA,"2014"
671,"Stolen From Africa","18","Local","1",10000,NA,NA,NA,NA,NA,NA,NA,NA,NA,NA,NA,NA,NA,NA,NA,NA,10000,NA,"2014"
672,"Stonegate Community Health Centre","5","Area services","1",84510,NA,NA,NA,NA,84510,NA,NA,NA,NA,NA,NA,NA,NA,NA,NA,NA,NA,NA,"2014"
673,"Stones Project","17","City-wide","1",5000,NA,NA,NA,NA,NA,NA,NA,NA,NA,NA,NA,NA,NA,NA,NA,NA,5000,NA,"2014"
674,"Stop Community Food Centre, The","17","Area services","1",27105,NA,NA,NA,NA,27105,NA,NA,NA,NA,NA,NA,NA,NA,NA,NA,NA,NA,NA,"2014"
675,"Storefront Humber Inc.","6","Local","1",55820,NA,NA,NA,NA,55820,NA,NA,NA,NA,NA,NA,NA,NA,NA,NA,NA,NA,NA,"2014"
676,"Storefront Studios","13","City-wide","1",2000,NA,NA,NA,NA,NA,NA,NA,NA,NA,NA,NA,NA,NA,NA,NA,NA,2000,NA,"2014"
677,"Stories That My Body Told Me","17","City-wide","1",6000,NA,NA,NA,NA,NA,NA,NA,NA,NA,NA,NA,NA,NA,NA,NA,NA,6000,NA,"2014"
678,"Story Planet","18","City-wide","1",11000,NA,NA,NA,NA,NA,NA,NA,NA,NA,NA,NA,NA,NA,NA,NA,NA,11000,NA,"2014"
678,"Storytellers School of Toronto","21","City Wide","1",35500,NA,NA,NA,NA,NA,NA,NA,NA,NA,NA,NA,NA,NA,NA,NA,NA,35500,NA,"2014"
679,"Stud Magazine","1","Local","1",15000,NA,NA,NA,NA,NA,NA,NA,NA,NA,NA,NA,NA,NA,NA,NA,NA,15000,NA,"2014"
680,"Studio 180 Theatre Company","18","City Wide","1",27000,NA,NA,NA,NA,NA,NA,NA,NA,NA,NA,NA,NA,NA,NA,NA,NA,27000,NA,"2014"
681,"Subtle Technologies","19","City-wide","1",16000,NA,NA,NA,NA,NA,NA,NA,NA,NA,NA,NA,NA,NA,NA,NA,NA,16000,NA,"2014"
682,"Subtle Vigilance Collective","28","City-wide","1",12000,NA,NA,NA,NA,NA,NA,NA,NA,NA,NA,NA,NA,NA,NA,NA,NA,12000,NA,"2014"
684,"SuiteLife Arts for Youth","36","Local","1",7500,NA,NA,NA,NA,NA,NA,NA,NA,NA,NA,NA,NA,NA,NA,NA,NA,7500,NA,"2014"
685,"Sulong Theatre Company","27","City-wide","1",5000,NA,NA,NA,NA,NA,NA,NA,NA,NA,NA,NA,NA,NA,NA,NA,NA,5000,NA,"2014"
686,"SummerWorks Theatre Festival","18","Local","1",45000,NA,NA,NA,NA,NA,NA,NA,NA,NA,NA,NA,NA,NA,NA,NA,NA,45000,NA,"2014"
687,"Sunshine Centre for Seniors","27","Local","2",50490,NA,NA,NA,7600,42890,NA,NA,NA,NA,NA,NA,NA,NA,NA,NA,NA,NA,NA,"2014"
688,"Supine Collective","18","City-wide","1",8000,NA,NA,NA,NA,NA,NA,NA,NA,NA,NA,NA,NA,NA,NA,NA,NA,8000,NA,"2014"
689,"Surface Art","11","Area services","1",20300,NA,NA,NA,NA,NA,NA,NA,20300,NA,NA,NA,NA,NA,NA,NA,NA,NA,NA,"2014"
690,"Surface/Underground Theatre","18","City-wide","1",8000,NA,NA,NA,NA,NA,NA,NA,NA,NA,NA,NA,NA,NA,NA,NA,NA,8000,NA,"2014"
691,"Syme-Woolner Neighbourhood & Family Centre","12","Area services","1",101340,NA,NA,NA,NA,101340,NA,NA,NA,NA,NA,NA,NA,NA,NA,NA,NA,NA,NA,"2014"
692,"Syrinx Concerts Toronto","27","City-wide","1",5000,NA,NA,NA,NA,NA,NA,NA,NA,NA,NA,NA,NA,NA,NA,NA,NA,5000,NA,"2014"
693,"Tafelmusik","20","City-wide","2",280000,NA,NA,NA,NA,NA,1e+05,NA,NA,NA,NA,NA,NA,NA,NA,NA,NA,180000,NA,"2014"
694,"Talisker Players Chamber  Music","20","City-wide","1",14000,NA,NA,NA,NA,NA,NA,NA,NA,NA,NA,NA,NA,NA,NA,NA,NA,14000,NA,"2014"
695,"Tamil Eelam Society of Canada, The","37","City-wide","1",34980,NA,NA,NA,NA,34980,NA,NA,NA,NA,NA,NA,NA,NA,NA,NA,NA,NA,NA,"2014"
696,"Tangled Art and Disability","28","City-wide","1",97425,NA,NA,NA,NA,NA,NA,NA,NA,NA,NA,NA,NA,NA,NA,NA,NA,97425,NA,"2014"
697,"Tapestry New Opera Works","28","City-wide","1",35000,NA,NA,NA,NA,NA,NA,NA,NA,NA,NA,NA,NA,NA,NA,NA,NA,35000,NA,"2014"
698,"Tarragon Theatre","21","City-wide","1",2e+05,NA,NA,NA,NA,NA,NA,NA,NA,NA,NA,NA,NA,NA,NA,NA,NA,2e+05,NA,"2014"
699,"Teresa Group, The","22","City-wide","2",33210,NA,5000,NA,NA,28210,NA,NA,NA,NA,NA,NA,NA,NA,NA,NA,NA,NA,NA,"2014"
700,"Tetrault Arts Productions","20","City-wide","1",9000,NA,NA,NA,NA,NA,NA,NA,NA,NA,NA,NA,NA,NA,NA,NA,NA,9000,NA,"2014"
701,"Textile Museum of Canada","27","City-wide","1",91000,NA,NA,NA,NA,NA,NA,NA,NA,NA,NA,NA,NA,NA,NA,NA,NA,91000,NA,"2014"
702,"That Choir","27","City-wide","1",1900,NA,NA,NA,NA,NA,NA,NA,NA,NA,NA,NA,NA,NA,NA,NA,NA,1900,NA,"2014"
703,"The Company Theatre","21","City-wide","1",18000,NA,NA,NA,NA,NA,NA,NA,NA,NA,NA,NA,NA,NA,NA,NA,NA,18000,NA,"2014"
704,"The Dietrich Group","20","City-wide","1",11000,NA,NA,NA,NA,NA,NA,NA,NA,NA,NA,NA,NA,NA,NA,NA,NA,11000,NA,"2014"
705,"The Film Stars Project","30","Area services","1",30000,NA,NA,30000,NA,NA,NA,NA,NA,NA,NA,NA,NA,NA,NA,NA,NA,NA,NA,"2014"
706,"The Fruit Loopz Collective","19","City-wide","1",12000,NA,NA,NA,NA,NA,NA,NA,NA,NA,NA,NA,NA,NA,NA,NA,NA,12000,NA,"2014"
707,"The Gallops","19","City-wide","1",2000,NA,NA,NA,NA,NA,NA,NA,NA,NA,NA,NA,NA,NA,NA,NA,NA,2000,NA,"2014"
708,"The Good Neighbours' Club","27","Local","1",16000,NA,NA,NA,NA,NA,NA,NA,16000,NA,NA,NA,NA,NA,NA,NA,NA,NA,NA,"2014"
709,"the MAKE","20","City-wide","1",8000,NA,NA,NA,NA,NA,NA,NA,NA,NA,NA,NA,NA,NA,NA,NA,NA,8000,NA,"2014"
710,"The Vision Program","43","Area services","1",10000,NA,NA,NA,NA,NA,NA,NA,NA,NA,NA,10000,NA,NA,NA,NA,NA,NA,NA,"2014"
711,"The Wexford Residence Inc.","37","Local","1",20205,NA,NA,NA,NA,20205,NA,NA,NA,NA,NA,NA,NA,NA,NA,NA,NA,NA,NA,"2014"
712,"Theatre Centre","18","City-wide","1",121000,NA,NA,NA,NA,NA,NA,NA,NA,NA,NA,NA,NA,NA,NA,NA,NA,121000,NA,"2014"
713,"Theatre Columbus","29","City-wide","1",51000,NA,NA,NA,NA,NA,NA,NA,NA,NA,NA,NA,NA,NA,NA,NA,NA,51000,NA,"2014"
714,"Theatre Department","20","City-wide","1",5000,NA,NA,NA,NA,NA,NA,NA,NA,NA,NA,NA,NA,NA,NA,NA,NA,5000,NA,"2014"
715,"Theatre Direct Canada","20","City-wide","1",79000,NA,NA,NA,NA,NA,NA,NA,NA,NA,NA,NA,NA,NA,NA,NA,NA,79000,NA,"2014"
716,"Theatre Gargantua","20","Local","1",25000,NA,NA,NA,NA,NA,NA,NA,NA,NA,NA,NA,NA,NA,NA,NA,NA,25000,NA,"2014"
717,"Theatre Museum Canada","19","City-wide","1",2500,NA,NA,NA,NA,NA,NA,NA,NA,NA,NA,NA,NA,NA,NA,NA,NA,2500,NA,"2014"
718,"Theatre Ontario","20","City-wide","1",11500,NA,NA,NA,NA,NA,NA,NA,NA,NA,NA,NA,NA,NA,NA,NA,NA,11500,NA,"2014"
719,"Theatre Parallax Toronto","28","City-wide","1",4000,NA,NA,NA,NA,NA,NA,NA,NA,NA,NA,NA,NA,NA,NA,NA,NA,4000,NA,"2014"
720,"Theatre Passe Muraille","20","City-wide","1",154000,NA,NA,NA,NA,NA,NA,NA,NA,NA,NA,NA,NA,NA,NA,NA,NA,154000,NA,"2014"
721,"Theatre Rhea","30","City-wide","1",6000,NA,NA,NA,NA,NA,NA,NA,NA,NA,NA,NA,NA,NA,NA,NA,NA,6000,NA,"2014"
722,"Theatre Rusticle","27","City-wide","1",3000,NA,NA,NA,NA,NA,NA,NA,NA,NA,NA,NA,NA,NA,NA,NA,NA,3000,NA,"2014"
723,"Theatre Smash","27","City-wide","1",3000,NA,NA,NA,NA,NA,NA,NA,NA,NA,NA,NA,NA,NA,NA,NA,NA,3000,NA,"2014"
724,"Theatre Smith-Gilmour","18","City-wide","1",41000,NA,NA,NA,NA,NA,NA,NA,NA,NA,NA,NA,NA,NA,NA,NA,NA,41000,NA,"2014"
725,"Theatrefront Inc.","21","City-wide","1",15000,NA,NA,NA,NA,NA,NA,NA,NA,NA,NA,NA,NA,NA,NA,NA,NA,15000,NA,"2014"
726,"Thin Edge New Music Collective","19","City-wide","1",2000,NA,NA,NA,NA,NA,NA,NA,NA,NA,NA,NA,NA,NA,NA,NA,NA,2000,NA,"2014"
727,"Third Space Art Projects","7","Local","1",6000,NA,NA,NA,NA,NA,NA,NA,NA,NA,NA,NA,NA,NA,NA,NA,NA,6000,NA,"2014"
728,"Thorncliffe Neighbourhood Office of Toronto for Social 
& Multi-Cultural Development","26","Area services","2",77115,NA,18000,NA,NA,59115,NA,NA,NA,NA,NA,NA,NA,NA,NA,NA,NA,NA,NA,"2014"
729,"Throbbing Rose Collective","18","Local","1",3000,NA,NA,NA,NA,NA,NA,NA,NA,NA,NA,NA,NA,NA,NA,NA,NA,3000,NA,"2014"
730,"Throwdown Collective","19","City-wide","1",8000,NA,NA,NA,NA,NA,NA,NA,NA,NA,NA,NA,NA,NA,NA,NA,NA,8000,NA,"2014"
731,"TLK","20","City-wide","1",5000,NA,NA,NA,NA,NA,NA,NA,NA,NA,NA,NA,NA,NA,NA,NA,NA,5000,NA,"2014"
732,"Tobias House Attendant Care Inc.","32","City-wide","1",35855,NA,NA,NA,NA,35855,NA,NA,NA,NA,NA,NA,NA,NA,NA,NA,NA,NA,NA,"2014"
733,"Toronto Aboriginal Support Services Council","20","City-wide","1",30000,NA,NA,NA,NA,NA,NA,NA,NA,NA,NA,NA,NA,NA,NA,30000,NA,NA,NA,"2014"
734,"Toronto Alliance for the Performing Arts","20","City-wide","1",83000,NA,NA,NA,NA,NA,NA,NA,NA,NA,NA,NA,NA,NA,NA,NA,NA,83000,NA,"2014"
735,"Toronto Alternative Arts and Fashion Week","28","City-wide","1",3500,NA,NA,NA,NA,NA,NA,NA,NA,NA,NA,NA,NA,NA,NA,NA,NA,3500,NA,"2014"
736,"Toronto and Central Ontario Hemophilia Society","27","City-wide","1",25390,NA,NA,NA,NA,25390,NA,NA,NA,NA,NA,NA,NA,NA,NA,NA,NA,NA,NA,"2014"
737,"Toronto Animated Image Society","17","Local","1",26000,NA,NA,NA,NA,NA,NA,NA,NA,NA,NA,NA,NA,NA,NA,NA,NA,26000,NA,"2014"
738,"Toronto Artscape Inc. - Artscape","19","City-wide","1",346690,NA,NA,NA,NA,NA,NA,NA,NA,NA,NA,NA,NA,346690,NA,NA,NA,NA,NA,"2014"
739,"Toronto Blues Society","20","City-wide","1",32000,NA,NA,NA,NA,NA,NA,NA,NA,NA,NA,NA,NA,NA,NA,NA,NA,32000,NA,"2014"
740,"Toronto Book and Magazine Fair","27","City-wide","1",41500,NA,NA,NA,NA,NA,NA,NA,NA,NA,NA,NA,NA,NA,NA,NA,NA,41500,NA,"2014"
741,"Toronto Chamber Choir","27","City-wide","1",7500,NA,NA,NA,NA,NA,NA,NA,NA,NA,NA,NA,NA,NA,NA,NA,NA,7500,NA,"2014"
742,"Toronto Children's Chorus","20","City-wide","1",38000,NA,NA,NA,NA,NA,NA,NA,NA,NA,NA,NA,NA,NA,NA,NA,NA,38000,NA,"2014"
743,"Toronto City Opera","19","City-wide","1",2400,NA,NA,NA,NA,NA,NA,NA,NA,NA,NA,NA,NA,NA,NA,NA,NA,2400,NA,"2014"
744,"Toronto Coalition for Better Child Care","19","City-wide","2",38170,15600,NA,NA,NA,22570,NA,NA,NA,NA,NA,NA,NA,NA,NA,NA,NA,NA,NA,"2014"
745,"Toronto Comic Arts Festival","27","City-wide","1",6500,NA,NA,NA,NA,NA,NA,NA,NA,NA,NA,NA,NA,NA,NA,NA,NA,6500,NA,"2014"
746,"Toronto Consort","20","City-wide","1",37000,NA,NA,NA,NA,NA,NA,NA,NA,NA,NA,NA,NA,NA,NA,NA,NA,37000,NA,"2014"
747,"Toronto Community & Culture Centre","20","City-wide","1",20230,NA,NA,NA,NA,20230,NA,NA,NA,NA,NA,NA,NA,NA,NA,NA,NA,NA,NA,"2014"
748,"Toronto Dance Community Love-In","19","City-wide","1",6000,NA,NA,NA,NA,NA,NA,NA,NA,NA,NA,NA,NA,NA,NA,NA,NA,6000,NA,"2014"
749,"Toronto Dance Foundation","28","City-wide","1",21900,NA,NA,NA,NA,NA,21900,NA,NA,NA,NA,NA,NA,NA,NA,NA,NA,NA,NA,"2014"
750,"Toronto Dance Theatre","20","City-wide","1",160000,NA,NA,NA,NA,NA,NA,NA,NA,NA,NA,NA,NA,NA,NA,NA,NA,160000,NA,"2014"
751,"Toronto Downtown Jazz","27","City-wide","1",35000,NA,NA,NA,NA,NA,NA,NA,NA,NA,NA,NA,NA,NA,NA,NA,NA,35000,NA,"2014"
752,"Toronto Early Music Centre","12","City-wide","1",2100,NA,NA,NA,NA,NA,NA,NA,NA,NA,NA,NA,NA,NA,NA,NA,NA,2100,NA,"2014"
753,"Toronto Emerging ARTivists","19","Local","1",10000,NA,NA,NA,NA,NA,NA,NA,NA,NA,NA,NA,NA,NA,NA,NA,NA,10000,NA,"2014"
754,"Toronto Festival of Arts, Culture and Creativity - Luminato TO Festival","19","City-wide","1",345000,NA,NA,NA,NA,NA,NA,NA,NA,NA,NA,NA,NA,345000,NA,NA,NA,NA,NA,"2014"
755,"Toronto Finnish-Canadain Seniores Centre","26","City-wide","1",16695,NA,NA,NA,NA,16695,NA,NA,NA,NA,NA,NA,NA,NA,NA,NA,NA,NA,NA,"2014"
756,"Toronto Foundation for Student Success","12","City-wide","1",5431269,NA,NA,NA,NA,NA,NA,NA,NA,NA,NA,NA,NA,NA,NA,NA,5431269,NA,NA,"2014"
757,"Toronto Intergenerational Partnerships","29","Area services","1",46270,NA,NA,NA,NA,46270,NA,NA,NA,NA,NA,NA,NA,NA,NA,NA,NA,NA,NA,"2014"
758,"Toronto International Film Festival TIFF","20","City-wide","1",1050000,NA,NA,NA,NA,NA,NA,NA,NA,NA,NA,NA,NA,1050000,NA,NA,NA,NA,NA,"2014"
759,"Toronto Jewish Film Festival","20","City-wide","1",24000,NA,NA,NA,NA,NA,NA,NA,NA,NA,NA,NA,NA,NA,NA,NA,NA,24000,NA,"2014"
760,"Toronto Kiwanis Boys and Girls Clubs","28","Local","1",92695,NA,NA,NA,NA,92695,NA,NA,NA,NA,NA,NA,NA,NA,NA,NA,NA,NA,NA,"2014"
761,"Toronto Lords Community Association/Basketball Association","19","City-wide","1",20070,NA,NA,NA,NA,NA,NA,20070,NA,NA,NA,NA,NA,NA,NA,NA,NA,NA,NA,"2014"
762,"Toronto Masque Theatre","28","City-wide","1",10000,NA,NA,NA,NA,NA,NA,NA,NA,NA,NA,NA,NA,NA,NA,NA,NA,10000,NA,"2014"
763,"Toronto Mendelssohn Choir","20","City-wide","1",66000,NA,NA,NA,NA,NA,NA,NA,NA,NA,NA,NA,NA,NA,NA,NA,NA,66000,NA,"2014"
764,"Toronto Neighbourhood Centres","30","City-wide","1",45000,45000,NA,NA,NA,NA,NA,NA,NA,NA,NA,NA,NA,NA,NA,NA,NA,NA,NA,"2014"
765,"Toronto Operetta Theatre","28","City-wide","1",23000,NA,NA,NA,NA,NA,NA,NA,NA,NA,NA,NA,NA,NA,NA,NA,NA,23000,NA,"2014"
766,"Toronto Palestine Film Festival Collective","20","City-wide","1",5500,NA,NA,NA,NA,NA,NA,NA,NA,NA,NA,NA,NA,NA,NA,NA,NA,5500,NA,"2014"
767,"Toronto People With AIDS Foundation","28","City-wide","1",30610,NA,NA,NA,NA,30610,NA,NA,NA,NA,NA,NA,NA,NA,NA,NA,NA,NA,NA,"2014"
768,"Toronto Performance Art Collective","19","City-wide","1",7000,NA,NA,NA,NA,NA,NA,NA,NA,NA,NA,NA,NA,NA,NA,NA,NA,7000,NA,"2014"
769,"Toronto Photographers Workshop","18","City-wide","1",65000,NA,NA,NA,NA,NA,NA,NA,NA,NA,NA,NA,NA,NA,NA,NA,NA,65000,NA,"2014"
770,"Toronto Rape Crisis Centre / Multicultural Women Against Rape","20","City-wide","1",50985,NA,NA,NA,NA,50985,NA,NA,NA,NA,NA,NA,NA,NA,NA,NA,NA,NA,NA,"2014"
771,"Toronto Reel Asian International Film Festival","20","City-wide","1",55000,NA,NA,NA,NA,NA,NA,NA,NA,NA,NA,NA,NA,NA,NA,NA,NA,55000,NA,"2014"
772,"Toront Silent Film Festival","22","City-wide","1",3000,NA,NA,NA,NA,NA,NA,NA,NA,NA,NA,NA,NA,NA,NA,NA,NA,3000,NA,"2014"
773,"Toronto Sketch Comedy Festival Group","19","City-wide","1",7500,NA,NA,NA,NA,NA,NA,NA,NA,NA,NA,NA,NA,NA,NA,NA,NA,7500,NA,"2014"
774,"Toronto Summer Music Foundation","20","City-wide","1",23000,NA,NA,NA,NA,NA,NA,NA,NA,NA,NA,NA,NA,NA,NA,NA,NA,23000,NA,"2014"
775,"Toronto Symphony Orchestra","20","City-wide","1",1220000,NA,NA,NA,NA,NA,NA,NA,NA,NA,NA,NA,NA,1220000,NA,NA,NA,NA,NA,"2014"
776,"Toronto Tabla Ensemble","19","Local","1",10000,NA,NA,NA,NA,NA,NA,NA,NA,NA,NA,NA,NA,NA,NA,NA,NA,10000,NA,"2014"
777,"Toronto Tornadoes ParaSport Club","29","City-wide","1",15000,NA,NA,NA,NA,NA,NA,15000,NA,NA,NA,NA,NA,NA,NA,NA,NA,NA,NA,"2014"
778,"Toronto Women's City Alliance","15","City-wide","1",45000,45000,NA,NA,NA,NA,NA,NA,NA,NA,NA,NA,NA,NA,NA,NA,NA,NA,NA,"2014"
779,"Toronto Writers Collective","28","City-wide","1",8000,NA,NA,NA,NA,NA,NA,NA,NA,NA,NA,NA,NA,NA,NA,NA,NA,8000,NA,"2014"
780,"TorQ Percussion Quartet","20","Local","1",9000,NA,NA,NA,NA,NA,NA,NA,NA,NA,NA,NA,NA,NA,NA,NA,NA,9000,NA,"2014"
781,"Town of York Historical Society (Toronto's First Post Office)","28","City-wide","1",28302,NA,NA,NA,NA,NA,NA,NA,NA,NA,NA,NA,NA,NA,28302,NA,NA,NA,NA,"2014"
782,"Toy Piano Composers","27","City-wide","1",5000,NA,NA,NA,NA,NA,NA,NA,NA,NA,NA,NA,NA,NA,NA,NA,NA,5000,NA,"2014"
783,"Transcare Community Support Services","39","Area services","1",78960,NA,NA,NA,NA,78960,NA,NA,NA,NA,NA,NA,NA,NA,NA,NA,NA,NA,NA,"2014"
784,"Transmission Commission Collective","19","City-wide","1",1400,NA,NA,NA,NA,NA,NA,NA,NA,NA,NA,NA,NA,NA,NA,NA,NA,1400,NA,"2014"
785,"Triana Project","20","City-wide","1",6000,NA,NA,NA,NA,NA,NA,NA,NA,NA,NA,NA,NA,NA,NA,NA,NA,6000,NA,"2014"
786,"Tribal Crackling Wind for the Arts","28","City-wide","1",15000,NA,NA,NA,NA,NA,NA,NA,NA,NA,NA,NA,NA,NA,NA,NA,NA,15000,NA,"2014"
787,"Trinity Square Video","20","City-wide","1",45000,NA,NA,NA,NA,NA,NA,NA,NA,NA,NA,NA,NA,NA,NA,NA,NA,45000,NA,"2014"
788,"Tropicana Community Services","41","City-wide","1",88990,NA,NA,NA,NA,88990,NA,NA,NA,NA,NA,NA,NA,NA,NA,NA,NA,NA,NA,"2014"
789,"True Davidson Meals on Wheels (E.York) Inc.","31","Local","1",20370,NA,NA,NA,NA,20370,NA,NA,NA,NA,NA,NA,NA,NA,NA,NA,NA,NA,NA,"2014"
790,"TUDS","33","City-wide","1",7000,NA,NA,NA,NA,NA,NA,NA,NA,NA,NA,NA,NA,NA,NA,NA,NA,7000,NA,"2014"
791,"Tune Your Ride Collective","14","City-wide","1",2500,NA,NA,NA,NA,NA,NA,NA,NA,NA,NA,NA,NA,NA,NA,NA,NA,2500,NA,"2014"
792,"Turtle House Art/Play Centre","20","City-wide","1",10000,NA,NA,NA,NA,NA,NA,NA,NA,NA,NA,NA,NA,NA,NA,NA,NA,10000,NA,"2014"
793,"Twelfth House","14","City-wide","1",5000,NA,NA,NA,NA,NA,NA,NA,NA,NA,NA,NA,NA,NA,NA,NA,NA,5000,NA,"2014"
794,"Ukrainian Canadian Social Services (Toronto) Inc.","13","City-wide","1",37300,NA,NA,NA,NA,37300,NA,NA,NA,NA,NA,NA,NA,NA,NA,NA,NA,NA,NA,"2014"
795,"Unison Health and Community Services","15","Local","2",87855,NA,NA,40000,NA,47855,NA,NA,NA,NA,NA,NA,NA,NA,NA,NA,NA,NA,NA,"2014"
796,"U.N.I.T. Productions","20","City-wide","1",11000,NA,NA,NA,NA,NA,NA,NA,NA,NA,NA,NA,NA,NA,NA,NA,NA,11000,NA,"2014"
797,"United Way of Greater Toronto-Toronto Enterprise Fund","28","City-wide","1",66375,NA,NA,NA,NA,NA,NA,NA,NA,NA,66375,NA,NA,NA,NA,NA,NA,NA,NA,"2014"
798,"UNITY Charity","37","Area services","1",71000,NA,NA,NA,NA,NA,NA,NA,NA,NA,NA,NA,NA,NA,NA,NA,NA,71000,NA,"2014"
799,"University Settlement","20","Local","1",123820,NA,NA,NA,NA,123820,NA,NA,NA,NA,NA,NA,NA,NA,NA,NA,NA,NA,NA,"2014"
800,"University Settlement Music School","20","City-wide","1",23500,NA,NA,NA,NA,NA,NA,NA,NA,NA,NA,NA,NA,NA,NA,NA,NA,23500,NA,"2014"
801,"Univox Choir Toronto","18","City-wide","1",9000,NA,NA,NA,NA,NA,NA,NA,NA,NA,NA,NA,NA,NA,NA,NA,NA,9000,NA,"2014"
802,"Urban Alliance on Race Relations","20","City-wide","1",45000,45000,NA,NA,NA,NA,NA,NA,NA,NA,NA,NA,NA,NA,NA,NA,NA,NA,NA,"2014"
803,"UrbanArts Community Arts Council","11","City-wide","2",252935,NA,NA,NA,NA,NA,NA,NA,20000,NA,NA,NA,232935,NA,NA,NA,NA,NA,NA,"2014"
804,"Urban Non-Violent Initiatives Through Youth (UNITY)","16","Area services","1",39000,NA,NA,39000,NA,NA,NA,NA,NA,NA,NA,NA,NA,NA,NA,NA,NA,NA,NA,"2014"
805,"Urban Squash Toronto","9","City-wide","1",34875,NA,NA,NA,NA,NA,NA,34875,NA,NA,NA,NA,NA,NA,NA,NA,NA,NA,NA,"2014"
806,"Unravel","43","Local","1",10000,NA,NA,NA,NA,NA,NA,NA,NA,NA,NA,NA,NA,NA,NA,NA,NA,10000,NA,"2014"
807,"Untold Stories","21","City-wide","1",6000,NA,NA,NA,NA,NA,NA,NA,NA,NA,NA,NA,NA,NA,NA,NA,NA,6000,NA,"2014"
808,"Upfront Theatre Foundation","8","Area services","1",15000,NA,NA,NA,NA,NA,NA,NA,NA,NA,NA,NA,NA,NA,NA,NA,NA,15000,NA,"2014"
809,"Urbanvessel","33","City-wide","1",15000,NA,NA,NA,NA,NA,NA,NA,NA,NA,NA,NA,NA,NA,NA,NA,NA,15000,NA,"2014"
810,"V Tape","20","City-wide","1",78000,NA,NA,NA,NA,NA,NA,NA,NA,NA,NA,NA,NA,NA,NA,NA,NA,78000,NA,"2014"
811,"Vanguardia Dance Projects","20","City-wide","1",9000,NA,NA,NA,NA,NA,NA,NA,NA,NA,NA,NA,NA,NA,NA,NA,NA,9000,NA,"2014"
812,"Venn Diagram","19","City-wide","1",4000,NA,NA,NA,NA,NA,NA,NA,NA,NA,NA,NA,NA,NA,NA,NA,NA,4000,NA,"2014"
813,"Verde Viento Collective","13","City-wide","1",6000,NA,NA,NA,NA,NA,NA,NA,NA,NA,NA,NA,NA,NA,NA,NA,NA,6000,NA,"2014"
814,"Vermont Square Parent-Child Mother Goose Program","19","City-wide","2",38965,13695,NA,NA,NA,25270,NA,NA,NA,NA,NA,NA,NA,NA,NA,NA,NA,NA,NA,"2014"
815,"Vesnivka Choir Inc.","13","City-wide","1",8000,NA,NA,NA,NA,NA,NA,NA,NA,NA,NA,NA,NA,NA,NA,NA,NA,8000,NA,"2014"
816,"Victim Services Program of Toronto","27","City-wide","1",252775,NA,NA,NA,NA,252775,NA,NA,NA,NA,NA,NA,NA,NA,NA,NA,NA,NA,NA,"2014"
817,"VideoCabaret International","28","City-wide","1",60000,NA,NA,NA,NA,NA,NA,NA,NA,NA,NA,NA,NA,NA,NA,NA,NA,60000,NA,"2014"
818,"Videofag","27","Local","1",8000,NA,NA,NA,NA,NA,NA,NA,NA,NA,NA,NA,NA,NA,NA,NA,NA,8000,NA,"2014"
819,"Vietnamese Women's Association Toronto","17","City-wide","1",58650,NA,NA,NA,NA,58650,NA,NA,NA,NA,NA,NA,NA,NA,NA,NA,NA,NA,NA,"2014"
820,"Villa Colombo Homes For The Aged","15","City-wide","1",29415,NA,NA,NA,NA,29415,NA,NA,NA,NA,NA,NA,NA,NA,NA,NA,NA,NA,NA,"2014"
821,"VIVA! Youth Singers of Toronto","20","City-wide","1",20000,NA,NA,NA,NA,NA,NA,NA,NA,NA,NA,NA,NA,NA,NA,NA,NA,20000,NA,"2014"
822,"Volcano Non-Profit Productions Inc.","21","City-wide","1",47000,NA,NA,NA,NA,NA,NA,NA,NA,NA,NA,NA,NA,NA,NA,NA,NA,47000,NA,"2014"
823,"Volunteer Centre of Toronto","20","City-wide","1",188450,NA,NA,NA,NA,188450,NA,NA,NA,NA,NA,NA,NA,NA,NA,NA,NA,NA,NA,"2014"
824,"VSVSVS","30","Local","1",13000,NA,NA,NA,NA,NA,NA,NA,NA,NA,NA,NA,NA,NA,NA,NA,NA,13000,NA,"2014"
825,"Ward 36 Cyclists and TO35Cycles","36","City-wide","1",13310,NA,NA,NA,NA,NA,NA,13310,NA,NA,NA,NA,NA,NA,NA,NA,NA,NA,NA,"2014"
826,"Warden Woods Church & Community Centre","35","Area services","3",263685,NA,NA,28000,4900,230785,NA,NA,NA,NA,NA,NA,NA,NA,NA,NA,NA,NA,NA,"2014"
827,"Wavelength Music Arts Projects","20","City-wide","1",10000,NA,NA,NA,NA,NA,NA,NA,NA,NA,NA,NA,NA,NA,NA,NA,NA,10000,NA,"2014"
828,"Welcome House","10","City-wide","1",34575,NA,NA,NA,NA,NA,NA,34575,NA,NA,NA,NA,NA,NA,NA,NA,NA,NA,NA,"2014"
829,"West Neighbourhood House Music School","19","Area services","1",24000,NA,NA,NA,NA,NA,NA,NA,NA,NA,NA,NA,NA,NA,NA,NA,NA,24000,NA,"2014"
830,"West Scarborough Aquatics - WSNCC","35","City-wide","1",34875,NA,NA,NA,NA,NA,NA,34875,NA,NA,NA,NA,NA,NA,NA,NA,NA,NA,NA,"2014"
831,"West Scarborough Neighbourhood Community Centre","35","Local","2",179159,NA,NA,NA,NA,160350,NA,NA,18809,NA,NA,NA,NA,NA,NA,NA,NA,NA,NA,"2014"
832,"West Toronto Support Services for Senior Citizens and the Disabled Inc.","18","Area services","1",40980,NA,NA,NA,NA,40980,NA,NA,NA,NA,NA,NA,NA,NA,NA,NA,NA,NA,NA,"2014"
833,"Weston-Mount Dennis Pro Tech Media Centre","11","Area services","1",17000,NA,NA,NA,NA,NA,NA,NA,NA,NA,NA,NA,NA,NA,NA,17000,NA,NA,NA,"2014"
834,"Whippersnapper Gallery","20","City-wide","1",2250,NA,NA,NA,NA,NA,NA,NA,NA,NA,NA,NA,NA,NA,NA,NA,NA,2250,NA,"2014"
835,"Whynot Theatre","28","City-wide","1",140000,NA,NA,NA,NA,NA,NA,NA,NA,NA,NA,NA,NA,NA,NA,NA,NA,140000,NA,"2014"
836,"Woman Abuse Council of Toronto","12","City-wide","1",56415,NA,NA,NA,NA,56415,NA,NA,NA,NA,NA,NA,NA,NA,NA,NA,NA,NA,NA,"2014"
837,"Women's Art Resource Centre","20","City-wide","1",37000,NA,NA,NA,NA,NA,NA,NA,NA,NA,NA,NA,NA,NA,NA,NA,NA,37000,NA,"2014"
838,"Women's Musical Club of Toronto","20","City-wide","1",2500,NA,NA,NA,NA,NA,NA,NA,NA,NA,NA,NA,NA,NA,NA,NA,NA,2500,NA,"2014"
839,"WoodGreen Community Services","30","Area services","1",384700,NA,NA,NA,NA,384700,NA,NA,NA,NA,NA,NA,NA,NA,NA,NA,NA,NA,NA,"2014"
840,"Wordsmyth Theatre","30","City-wide","1",4000,NA,NA,NA,NA,NA,NA,NA,NA,NA,NA,NA,NA,NA,NA,NA,NA,4000,NA,"2014"
841,"Worker's Action Centre","20","City-wide","2",94150,40000,NA,NA,NA,54150,NA,NA,NA,NA,NA,NA,NA,NA,NA,NA,NA,NA,NA,"2014"
842,"Working Women Community Centre","18","Area services","1",120670,NA,NA,NA,NA,120670,NA,NA,NA,NA,NA,NA,NA,NA,NA,NA,NA,NA,NA,"2014"
843,"Workman Arts Projects","20","City-wide","1",20000,NA,NA,NA,NA,NA,NA,NA,NA,NA,NA,NA,NA,NA,NA,NA,NA,20000,NA,"2014"
844,"World Fiddle Day Toronto","20","City-wide","1",3000,NA,NA,NA,NA,NA,NA,NA,NA,NA,NA,NA,NA,NA,NA,NA,NA,3000,NA,"2014"
845,"Wynchwood Barns Community Association","21","Local","1",3500,NA,NA,NA,NA,NA,NA,NA,NA,NA,NA,NA,NA,NA,NA,NA,NA,3500,NA,"2014"
846,"Wychwood Clarinet Choir","21","City-wide","1",4000,NA,NA,NA,NA,NA,NA,NA,NA,NA,NA,NA,NA,NA,NA,NA,NA,4000,NA,"2014"
847,"YNation & 16 Bars","34","Area services","1",10000,NA,NA,NA,NA,NA,NA,NA,NA,NA,NA,10000,NA,NA,NA,NA,NA,NA,NA,"2014"
848,"York West Active Living Centre","11","Area services","2",131830,NA,23910,NA,NA,107920,NA,NA,NA,NA,NA,NA,NA,NA,NA,NA,NA,NA,NA,"2014"
849,"York-Fairbank Centre For Seniors","15","Area services","1",185045,NA,NA,NA,NA,185045,NA,NA,NA,NA,NA,NA,NA,NA,NA,NA,NA,NA,NA,"2014"
850,"Yorkminster Park Meals on Wheels","22","Area services","1",8735,NA,NA,NA,NA,8735,NA,NA,NA,NA,NA,NA,NA,NA,NA,NA,NA,NA,NA,"2014"
851,"Yorktown Child and Family Centre","15","Area services","1",33855,NA,NA,NA,NA,33855,NA,NA,NA,NA,NA,NA,NA,NA,NA,NA,NA,NA,NA,"2014"
852,"Young People's Theatre (Lorraine Kimsa Theatre For Young People)","28","City-wide","1",311000,NA,NA,NA,NA,NA,NA,NA,NA,NA,NA,NA,NA,NA,NA,NA,NA,311000,NA,"2014"
853,"Youth Action Network","20","City wide","1",38685,38685,NA,NA,NA,NA,NA,NA,NA,NA,NA,NA,NA,NA,NA,NA,NA,NA,NA,"2014"
854,"Youth Arts Action (YAA)","15","Area services","1",30000,NA,NA,NA,NA,NA,NA,NA,NA,NA,NA,NA,NA,NA,NA,30000,NA,NA,NA,"2014"
855,"Youth Assisting Youth","23","City-wide","1",53075,NA,NA,NA,NA,53075,NA,NA,NA,NA,NA,NA,NA,NA,NA,NA,NA,NA,NA,"2014"
856,"Youth Eliminating Smoking","31","Area services","1",9800,NA,NA,NA,NA,NA,NA,NA,NA,NA,NA,9800,NA,NA,NA,NA,NA,NA,NA,"2014"
857,"Youth Reference Advisory Group (YRAG)","2","Area services","1",10000,NA,NA,NA,NA,NA,NA,NA,NA,NA,NA,10000,NA,NA,NA,NA,NA,NA,NA,"2014"
858,"Youth Talk Collective","28","Area services","1",10000,NA,NA,NA,NA,NA,NA,NA,NA,NA,NA,10000,NA,NA,NA,NA,NA,NA,NA,"2014"
859,"Youth Unleashed Advisory","36","Area services","1",10000,NA,NA,NA,NA,NA,NA,NA,NA,NA,NA,10000,NA,NA,NA,NA,NA,NA,NA,"2014"
NA,"YOUTHLINK","35","Area services","2",69845,17000,NA,NA,NA,52845,NA,NA,NA,NA,NA,NA,NA,NA,NA,NA,NA,NA,NA,"2014"
NA,"YYZ Artists Outlet","20","City-wide","1",75000,NA,NA,NA,NA,NA,NA,NA,NA,NA,NA,NA,NA,NA,NA,NA,NA,75000,NA,"2014"
NA,NA,NA,NA,NA,NA,NA,NA,NA,NA,NA,NA,NA,NA,NA,NA,NA,NA,NA,NA,NA,NA,NA,NA,"2014"
NA,"Number of Grants",NA,NA,"851",NA,25,18,20,19,204,7,16,19,18,35,20,6,11,3,15,2,503,3,"2014"
NA,"TOTAL ($)",NA,NA,NA,52608151,852000,478910,718000,135500,14642270,330000,393647,375079,260885,2659291,196459,1333410,7394960,80599,752400,7071839,13840295,979110,"2014"
