"#","Organization","Ward","Service Area","# of Grants","Total Allocations","AEHR","APCIP","CSI","MCO","CCC","CFSE","CSP","DPCIP","GT","HER","HIF","INI","LASO","MUS","MNR","SDIP","SNP","FIND HELP","TAC","OTHER","year"
1,"60 Painters","6","City-wide",1,3000,NA,NA,NA,NA,NA,NA,NA,NA,NA,NA,NA,NA,NA,NA,NA,NA,NA,NA,3000,NA,"2011"
2,"88 Days of Fortune","28","City-wide",1,3500,NA,NA,NA,NA,NA,NA,NA,NA,NA,NA,NA,NA,NA,NA,NA,NA,NA,NA,3500,NA,"2011"
3,"106 & York Urban Arts Festival","23","City-wide",1,12000,NA,NA,NA,NA,NA,NA,NA,NA,NA,NA,NA,NA,NA,NA,NA,NA,NA,NA,12000,NA,"2011"
4,"1652 Keele","12","City Wide",1,8320,NA,NA,NA,NA,NA,NA,NA,NA,NA,NA,NA,NA,NA,NA,NA,NA,NA,NA,NA,8320,"2011"
5,"180 Change Street","14","City Wide",1,8000,NA,NA,NA,NA,NA,NA,NA,NA,NA,NA,NA,NA,NA,NA,NA,NA,NA,NA,8000,NA,"2011"
6,"416 Festival Collective","20","City-wide",1,3500,NA,NA,NA,NA,NA,NA,NA,NA,NA,NA,NA,NA,NA,NA,NA,NA,NA,NA,3500,NA,"2011"
7,"519 Church Street Community Centre","27","City-wide",3,120766,20000,37900,NA,NA,NA,NA,62866,NA,NA,NA,NA,NA,NA,NA,NA,NA,NA,NA,NA,NA,"2011"
8,"A Space Gallery","20","City-wide",1,62000,NA,NA,NA,NA,NA,NA,NA,NA,NA,NA,NA,NA,NA,NA,NA,NA,NA,NA,62000,NA,"2011"
9,"Abilities Arts Festival","20","City Wide",1,7000,NA,NA,NA,NA,NA,NA,NA,NA,NA,NA,NA,NA,NA,NA,NA,NA,NA,NA,7000,NA,"2011"
10,"Abrigo Centre","18","City-wide",1,94950,NA,NA,NA,NA,NA,NA,94950,NA,NA,NA,NA,NA,NA,NA,NA,NA,NA,NA,NA,NA,"2011"
11,"Academy Concert Series","29","City Wide",1,1500,NA,NA,NA,NA,NA,NA,NA,NA,NA,NA,NA,NA,NA,NA,NA,NA,NA,NA,1500,NA,"2011"
12,"Academy of Latin Baseball of Toronto Inc","11","City-wide",1,3300,NA,NA,NA,NA,NA,NA,NA,NA,NA,NA,NA,NA,NA,NA,3300,NA,NA,NA,NA,NA,"2011"
13,"Access Alliance Multicultural Health And Community Services","20","City-wide",1,52855,NA,NA,NA,NA,NA,NA,52855,NA,NA,NA,NA,NA,NA,NA,NA,NA,NA,NA,NA,NA,"2011"
14,"ACCESS Community Capital Fund","32","Local",1,25000,NA,NA,NA,NA,25000,NA,NA,NA,NA,NA,NA,NA,NA,NA,NA,NA,NA,NA,NA,NA,"2011"
15,"Acting Up Stage Theatre Company","28","City-wide",1,12000,NA,NA,NA,NA,NA,NA,NA,NA,NA,NA,NA,NA,NA,NA,NA,NA,NA,NA,12000,NA,"2011"
16,"Action Positive VIH/SIDS","27","Area services",1,13973,NA,13973,NA,NA,NA,NA,NA,NA,NA,NA,NA,NA,NA,NA,NA,NA,NA,NA,NA,NA,"2011"
17,"Actor's Playhouse Collective","20","City-wide",1,2000,NA,NA,NA,NA,NA,NA,NA,NA,NA,NA,NA,NA,NA,NA,NA,NA,NA,NA,2000,NA,"2011"
18,"Adelheid Dance","19","City-wide",1,6550,NA,NA,NA,NA,NA,NA,NA,NA,NA,NA,NA,NA,NA,NA,NA,NA,NA,NA,6550,NA,"2011"
19,"Afghan Women's Counseling & Integration Community Support Org.","26","City-wide",2,78230,15600,NA,NA,NA,NA,NA,62630,NA,NA,NA,NA,NA,NA,NA,NA,NA,NA,NA,NA,NA,"2011"
20,"African Canadian Children's Literary Festival","8","City-wide",1,5000,NA,NA,NA,NA,NA,NA,NA,NA,NA,NA,NA,NA,NA,NA,NA,NA,NA,NA,5000,NA,"2011"
21,"African Canadian Social Development Council","20","City-wide",1,31840,NA,NA,NA,NA,NA,NA,31840,NA,NA,NA,NA,NA,NA,NA,NA,NA,NA,NA,NA,NA,"2011"
22,"AfriCan Theatre Ensemble","19","City-wide",1,13500,NA,NA,NA,NA,NA,NA,NA,NA,NA,NA,NA,NA,NA,NA,NA,NA,NA,NA,13500,NA,"2011"
23,"African Training & Employment Centre of Toronto (ATEC)","21","City-wide",1,31840,NA,NA,NA,NA,NA,NA,31840,NA,NA,NA,NA,NA,NA,NA,NA,NA,NA,NA,NA,NA,"2011"
24,"Africans in Partnership Against AIDS","27","City-wide",2,132551,NA,57926,NA,NA,NA,NA,74625,NA,NA,NA,NA,NA,NA,NA,NA,NA,NA,NA,NA,NA,"2011"
25,"Afro-Caribbean Dance Group","24","City-wide",1,13000,NA,NA,NA,NA,NA,NA,NA,NA,NA,NA,NA,NA,NA,NA,NA,NA,NA,NA,13000,NA,"2011"
26,"Against the Grain Theatre","20","City-wide",1,5000,NA,NA,NA,NA,NA,NA,NA,NA,NA,NA,NA,NA,NA,NA,NA,NA,NA,NA,5000,NA,"2011"
27,"Agincourt Community Services Association","41","Area services",3,158194,NA,22634,NA,NA,NA,3400,132160,NA,NA,NA,NA,NA,NA,NA,NA,NA,NA,NA,NA,NA,"2011"
28,"AIDS Committee Of Toronto","27","City-wide",3,183375,NA,71778,NA,NA,NA,NA,62200,49397,NA,NA,NA,NA,NA,NA,NA,NA,NA,NA,NA,NA,"2011"
29,"Albion Neighbourhood Services","1","Area services",2,322041.64,NA,NA,NA,NA,NA,NA,103870,NA,NA,NA,218171.64,NA,NA,NA,NA,NA,NA,NA,NA,NA,"2011"
30,"Aldeburgh Connection","20","City-wide",1,8500,NA,NA,NA,NA,NA,NA,NA,NA,NA,NA,NA,NA,NA,NA,NA,NA,NA,NA,8500,NA,"2011"
31,"Alexandra Park Community Centre","20","City-wide",1,2500,NA,NA,NA,NA,NA,2500,NA,NA,NA,NA,NA,NA,NA,NA,NA,NA,NA,NA,NA,NA,"2011"
32,"Alias Dance Project","20","City-wide",1,5000,NA,NA,NA,NA,NA,NA,NA,NA,NA,NA,NA,NA,NA,NA,NA,NA,NA,NA,5000,NA,"2011"
33,"Alliance For South Asian AIDS Prevention","27","City-wide",1,83705,NA,83705,NA,NA,NA,NA,NA,NA,NA,NA,NA,NA,NA,NA,NA,NA,NA,NA,NA,NA,"2011"
34,"Alliance Française de Toronto","20","City-wide",1,2500,NA,NA,NA,NA,NA,NA,NA,NA,NA,NA,NA,NA,NA,NA,NA,NA,NA,NA,2500,NA,"2011"
35,"Alternative for Her Community Centre","33","City-wide",2,16200,11200,NA,NA,NA,NA,NA,NA,NA,NA,NA,NA,NA,NA,NA,5000,NA,NA,NA,NA,NA,"2011"
36,"Aluna Theatre","19","City-wide",1,15000,NA,NA,NA,NA,NA,NA,NA,NA,NA,NA,NA,NA,NA,NA,NA,NA,NA,NA,15000,NA,"2011"
37,"AMA Project","20","City-wide",1,2075,NA,NA,NA,NA,NA,NA,NA,NA,NA,NA,NA,NA,NA,NA,NA,NA,NA,NA,2075,NA,"2011"
38,"Amadeus Choir of Greater Toronto","23","City-wide",1,25375,NA,NA,NA,NA,NA,NA,NA,NA,NA,NA,NA,NA,NA,NA,NA,NA,NA,NA,25375,NA,"2011"
39,"Amici Chamber Ensemble","20","City-wide",1,11750,NA,NA,NA,NA,NA,NA,NA,NA,NA,NA,NA,NA,NA,NA,NA,NA,NA,NA,11750,NA,"2011"
40,"AMY Project","31","City-wide",1,9000,NA,NA,NA,NA,NA,NA,NA,NA,NA,NA,NA,NA,NA,NA,NA,NA,NA,NA,9000,NA,"2011"
41,"Anandam Dancetheatre Productions","20","City-wide",1,6000,NA,NA,NA,NA,NA,NA,NA,NA,NA,NA,NA,NA,NA,NA,NA,NA,NA,NA,6000,NA,"2011"
42,"Angel Foundation for Learning","23","City-wide",1,764029,NA,NA,NA,NA,NA,NA,NA,NA,NA,NA,NA,NA,NA,NA,NA,NA,764029,NA,NA,NA,"2011"
43,"Aphasia Institute","25","City-wide",1,20170,NA,NA,NA,NA,NA,NA,20170,NA,NA,NA,NA,NA,NA,NA,NA,NA,NA,NA,NA,NA,"2011"
44,"Applegrove Community Complex","32","Area services",2,7300,NA,NA,NA,NA,NA,3700,NA,NA,NA,NA,NA,NA,NA,NA,3600,NA,NA,NA,NA,NA,"2011"
45,"Arab Community Centre of Toronto (The)","3","City-wide",2,60700,25000,NA,NA,NA,NA,NA,35700,NA,NA,NA,NA,NA,NA,NA,NA,NA,NA,NA,NA,NA,"2011"
46,"Aradia Ensemble","20","City-wide",1,7000,NA,NA,NA,NA,NA,NA,NA,NA,NA,NA,NA,NA,NA,NA,NA,NA,NA,NA,7000,NA,"2011"
47,"ARCH Disability Law Centre","28","City-wide",1,28560,NA,NA,NA,NA,NA,NA,28560,NA,NA,NA,NA,NA,NA,NA,NA,NA,NA,NA,NA,NA,"2011"
48,"Argonaut Rowing Club","14","City-wide",1,6000,NA,NA,NA,NA,NA,NA,NA,NA,NA,NA,NA,NA,NA,NA,6000,NA,NA,NA,NA,NA,"2011"
49,"Armenian Relief Society Inc.  ""Roubina"" Chapter","33","City-wide",1,20170,NA,NA,NA,NA,NA,NA,20170,NA,NA,NA,NA,NA,NA,NA,NA,NA,NA,NA,NA,NA,"2011"
50,"Arraymusic","20","City-wide",1,38090,NA,NA,NA,NA,NA,NA,NA,NA,NA,NA,NA,NA,NA,NA,NA,NA,NA,NA,38090,NA,"2011"
51,"Art Bar Poetry Series","19","City-wide",1,7000,NA,NA,NA,NA,NA,NA,NA,NA,NA,NA,NA,NA,NA,NA,NA,NA,NA,NA,7000,NA,"2011"
52,"Art City in St. James Town","28","Area services",1,8000,NA,NA,NA,NA,NA,NA,NA,NA,NA,NA,NA,NA,NA,NA,NA,NA,NA,NA,8000,NA,"2011"
53,"Art for Commuters","19","City-wide",1,2500,NA,NA,NA,NA,NA,NA,NA,NA,NA,NA,NA,NA,NA,NA,NA,NA,NA,NA,2500,NA,"2011"
54,"Art Gallery of Ontario","20","City-wide",2,550000,NA,NA,NA,540000,NA,NA,NA,NA,NA,10000,NA,NA,NA,NA,NA,NA,NA,NA,NA,NA,"2011"
55,"Art Gallery of York University","8","City-wide",1,33000,NA,NA,NA,NA,NA,NA,NA,NA,NA,NA,NA,NA,NA,NA,NA,NA,NA,NA,33000,NA,"2011"
56,"ArtHeart Community Art Centre (ArtHeart)","28","Local",1,2700,NA,NA,NA,NA,NA,NA,NA,NA,NA,NA,NA,NA,NA,NA,2700,NA,NA,NA,NA,NA,"2011"
57,"Art Metropole","19","City-wide",1,27172,NA,NA,NA,NA,NA,NA,NA,NA,NA,NA,NA,NA,NA,NA,NA,NA,NA,NA,27172,NA,"2011"
58,"Art of Time Ensemble","20","City-wide",1,10250,NA,NA,NA,NA,NA,NA,NA,NA,NA,NA,NA,NA,NA,NA,NA,NA,NA,NA,10250,NA,"2011"
59,"Art Starts Neighbourhood Cultural Centre","15","Area services",3,96219,NA,NA,NA,NA,NA,NA,NA,12074,19145,NA,NA,NA,NA,NA,NA,NA,NA,NA,65000,NA,"2011"
60,"Artists Film Exhibition Group","19","City-wide",1,23000,NA,NA,NA,NA,NA,NA,NA,NA,NA,NA,NA,NA,NA,NA,NA,NA,NA,NA,23000,NA,"2011"
61,"Arts Etobicoke","5","Area services",1,227530,NA,NA,NA,NA,NA,NA,NA,NA,NA,NA,NA,NA,227530,NA,NA,NA,NA,NA,NA,NA,"2011"
62,"Arts For Children And Youth","20","Area services",2,35875,NA,NA,NA,NA,NA,NA,NA,24875,NA,NA,NA,NA,NA,NA,NA,NA,NA,NA,11000,NA,"2011"
63,"Arts Inter-Media","28","City-wide",1,26000,NA,NA,NA,NA,NA,NA,NA,NA,NA,NA,NA,NA,NA,NA,NA,NA,NA,NA,26000,NA,"2011"
64,"Arts4All","17","Local",1,13000,NA,NA,NA,NA,NA,NA,NA,NA,NA,NA,NA,NA,NA,NA,NA,NA,NA,NA,13000,NA,"2011"
65,"Ashkenaz Foundation","20","City-wide",1,30000,NA,NA,NA,NA,NA,NA,NA,NA,NA,NA,NA,NA,NA,NA,NA,NA,NA,NA,30000,NA,"2011"
66,"Asian Arts Freedom School","20","City-wide",1,10000,NA,NA,NA,NA,NA,NA,NA,NA,NA,NA,NA,NA,NA,NA,NA,NA,NA,NA,10000,NA,"2011"
67,"Asian Community AIDS Services","27","City-wide",1,114961,NA,114961,NA,NA,NA,NA,NA,NA,NA,NA,NA,NA,NA,NA,NA,NA,NA,NA,NA,NA,"2011"
68,"Assaulted Women's Helpline","20","City-wide",1,53065,NA,NA,NA,NA,NA,NA,53065,NA,NA,NA,NA,NA,NA,NA,NA,NA,NA,NA,NA,NA,"2011"
69,"Association of Artists for A Better World","29","City-wide",1,2500,NA,NA,NA,NA,NA,NA,NA,NA,NA,NA,NA,NA,NA,NA,NA,NA,NA,NA,2500,NA,"2011"
70,"Association of Improvising Musicians Toronto","14","City-wide",1,3000,NA,NA,NA,NA,NA,NA,NA,NA,NA,NA,NA,NA,NA,NA,NA,NA,NA,NA,3000,NA,"2011"
71,"Assocation of Registered Interior Designers of Ontario & The interior Designers of Canada (IDC)","19","City-wide",1,24857,NA,NA,NA,NA,24857,NA,NA,NA,NA,NA,NA,NA,NA,NA,NA,NA,NA,NA,NA,NA,"2011"
72,"AWIC Community and Social Services","33","City-wide",1,72340,NA,NA,NA,NA,NA,NA,72340,NA,NA,NA,NA,NA,NA,NA,NA,NA,NA,NA,NA,NA,"2011"
73,"Axis Music","35","Local",1,9000,NA,NA,NA,NA,NA,NA,NA,NA,NA,NA,NA,NA,NA,NA,NA,NA,NA,NA,9000,NA,"2011"
74,"Azure Rivers","20","City-wide",1,3000,NA,NA,NA,NA,NA,NA,NA,NA,NA,NA,NA,NA,NA,NA,NA,NA,NA,NA,3000,NA,"2011"
75,"b current","20","Area services",1,20000,NA,NA,NA,NA,NA,NA,NA,NA,NA,NA,NA,NA,NA,NA,NA,NA,NA,NA,20000,NA,"2011"
76,"Bach Children's Chorus of Scarborough","23","City-wide",1,18500,NA,NA,NA,NA,NA,NA,NA,NA,NA,NA,NA,NA,NA,NA,NA,NA,NA,NA,18500,NA,"2011"
77,"Ballet Creole","20","City-wide",1,25000,NA,NA,NA,NA,NA,NA,NA,NA,NA,NA,NA,NA,NA,NA,NA,NA,NA,NA,25000,NA,"2011"
78,"Ballet Jorgen","20","City-wide",1,77000,NA,NA,NA,NA,NA,NA,NA,NA,NA,NA,NA,NA,NA,NA,NA,NA,NA,NA,77000,NA,"2011"
79,"Bangladeshi- Canadian Community Services","31","Local",2,4300,NA,NA,NA,NA,NA,1400,NA,NA,NA,NA,NA,NA,NA,NA,2900,NA,NA,NA,NA,NA,"2011"
80,"Barbra Schlifer Commemorative Clinic","19","City-wide",1,29725,NA,NA,NA,NA,NA,NA,29725,NA,NA,NA,NA,NA,NA,NA,NA,NA,NA,NA,NA,NA,"2011"
81,"Bathurst-Finch Network (BFN)","10","Area Service",1,40000,NA,NA,NA,NA,NA,NA,NA,NA,NA,NA,NA,NA,NA,NA,NA,40000,NA,NA,NA,NA,"2011"
82,"Batuki Music Society","20","City-wide",1,4000,NA,NA,NA,NA,NA,NA,NA,NA,NA,NA,NA,NA,NA,NA,NA,NA,NA,NA,4000,NA,"2011"
83,"Bell'Arte Singers","28","City-wide",1,2000,NA,NA,NA,NA,NA,NA,NA,NA,NA,NA,NA,NA,NA,NA,NA,NA,NA,NA,2000,NA,"2011"
84,"Bereaved Families of Ontario - Toronto","20","City-wide",1,60845,NA,NA,NA,NA,NA,NA,60845,NA,NA,NA,NA,NA,NA,NA,NA,NA,NA,NA,NA,NA,"2011"
85,"Bernard Betel Centre for Creative Living","10","Area services",1,110960,NA,NA,NA,NA,NA,NA,110960,NA,NA,NA,NA,NA,NA,NA,NA,NA,NA,NA,NA,NA,"2011"
86,"Better Living Health and Community Services","25","Area services",1,188360,NA,NA,NA,NA,NA,NA,188360,NA,NA,NA,NA,NA,NA,NA,NA,NA,NA,NA,NA,NA,"2011"
87,"Bikur Cholim Volunteer Services","15","City-wide",1,14865,NA,NA,NA,NA,NA,NA,14865,NA,NA,NA,NA,NA,NA,NA,NA,NA,NA,NA,NA,NA,"2011"
88,"Birchmount Bluffs Neighbourhood Centre","36","Area services",2,93842,18200,NA,NA,NA,NA,NA,75642,NA,NA,NA,NA,NA,NA,NA,NA,NA,NA,NA,NA,NA,"2011"
89,"blackandblue dance Pprojects","14","City-wide",1,6500,NA,NA,NA,NA,NA,NA,NA,NA,NA,NA,NA,NA,NA,NA,NA,NA,NA,NA,6500,NA,"2011"
90,"Black Coalition For AIDS Prevention","28","City-wide",2,137046,NA,111848,NA,NA,NA,NA,NA,25198,NA,NA,NA,NA,NA,NA,NA,NA,NA,NA,NA,NA,"2011"
91,"Black Creek Community Health Centre","7","Local",1,5100,NA,NA,NA,NA,NA,NA,NA,NA,5100,NA,NA,NA,NA,NA,NA,NA,NA,NA,NA,NA,"2011"
92,"Bleecker Street Co-operative Homes","28","Local",1,12500,NA,NA,NA,NA,NA,NA,NA,NA,NA,NA,NA,NA,NA,NA,NA,NA,NA,NA,12500,NA,"2011"
93,"Blind Sailing Association of Canada","24","City-wide",1,1500,NA,NA,NA,NA,NA,NA,NA,NA,NA,NA,NA,NA,NA,NA,1500,NA,NA,NA,NA,NA,"2011"
94,"Bloor Improvement Group","18","Local",1,1000,NA,NA,NA,NA,NA,NA,NA,NA,NA,NA,NA,NA,NA,NA,NA,NA,NA,NA,1000,NA,"2011"
95,"Bloor Information and Life Skills Centre","19","City-wide",1,31735,NA,NA,NA,NA,NA,NA,31735,NA,NA,NA,NA,NA,NA,NA,NA,NA,NA,NA,NA,NA,"2011"
96,"Blue Balloon Productions","20","Local",1,1500,NA,NA,NA,NA,NA,NA,NA,NA,NA,NA,NA,NA,NA,NA,NA,NA,NA,NA,1500,NA,"2011"
97,"Boost Child Abuse Prevention & Intervention (Toronto Child Abuse Centre)","27","City-wide",1,236680,NA,NA,NA,NA,NA,NA,236680,NA,NA,NA,NA,NA,NA,NA,NA,NA,NA,NA,NA,NA,"2011"
98,"Boss Magazine","7","Area Services",1,10000,NA,NA,NA,NA,NA,NA,NA,NA,NA,NA,NA,10000,NA,NA,NA,NA,NA,NA,NA,NA,"2011"
99,"BoucharDanse","20","City-wide",1,5000,NA,NA,NA,NA,NA,NA,NA,NA,NA,NA,NA,NA,NA,NA,NA,NA,NA,NA,5000,NA,"2011"
100,"Boundless Adventures Association","21","City-wide",1,5200,NA,NA,NA,NA,NA,NA,NA,NA,NA,NA,NA,NA,NA,NA,5200,NA,NA,NA,NA,NA,"2011"
101,"Box Collective","20","City-wide",1,3200,NA,NA,NA,NA,NA,NA,NA,NA,NA,NA,NA,NA,NA,NA,NA,NA,NA,NA,3200,NA,"2011"
102,"Braeburn Neighbourhood Place","2","Local",2,48630,NA,NA,NA,NA,NA,NA,43130,NA,NA,NA,NA,NA,NA,NA,5500,NA,NA,NA,NA,NA,"2011"
103,"Breakaway Addiction Services","5","Area services",1,32819,NA,32819,NA,NA,NA,NA,NA,NA,NA,NA,NA,NA,NA,NA,NA,NA,NA,NA,NA,NA,"2011"
104,"Break it Down Dance Initiatives","20","City-wide",1,7000,NA,NA,NA,NA,NA,NA,NA,NA,NA,NA,NA,NA,NA,NA,NA,NA,NA,NA,7000,NA,"2011"
105,"Bright Future Alliance","14","City-wide",1,10000,NA,NA,NA,NA,NA,NA,NA,NA,NA,NA,NA,10000,NA,NA,NA,NA,NA,NA,NA,NA,"2011"
106,"Broadview Community Youth Group","30","Area services",1,1200,NA,NA,NA,NA,NA,NA,NA,NA,NA,NA,NA,NA,NA,NA,1200,NA,NA,NA,NA,NA,"2011"
107,"Buddies In Bad Times Theatre","27","City-wide",1,119200,NA,NA,NA,NA,NA,NA,NA,NA,NA,NA,NA,NA,NA,NA,NA,NA,NA,NA,119200,NA,"2011"
108,"Burning Playgrounds","28","City-wide",1,4000,NA,NA,NA,NA,NA,NA,NA,NA,NA,NA,NA,NA,NA,NA,NA,NA,NA,NA,4000,NA,"2011"
109,"Cabaret Theatre Company","27","City-wide",1,12000,NA,NA,NA,NA,NA,NA,NA,NA,NA,NA,NA,NA,NA,NA,NA,NA,NA,NA,12000,NA,"2011"
110,"Cabbagetown Community Arts Centre","28","City-wide",1,14500,NA,NA,NA,NA,NA,NA,NA,NA,NA,NA,NA,NA,NA,NA,NA,NA,NA,NA,14500,NA,"2011"
111,"Cabbagetown Youth Centre","28","Local",1,130000,NA,NA,NA,NA,NA,NA,NA,NA,NA,NA,NA,NA,NA,NA,130000,NA,NA,NA,NA,NA,"2011"
112,"Cahoots Theatre Projects","28","City-wide",1,30000,NA,NA,NA,NA,NA,NA,NA,NA,NA,NA,NA,NA,NA,NA,NA,NA,NA,NA,30000,NA,"2011"
113,"Call A Service Inc. (Harmony Hall Centre for Seniors)","31","Area services",2,74355,NA,NA,NA,NA,NA,NA,66355,NA,NA,NA,NA,NA,NA,NA,8000,NA,NA,NA,NA,NA,"2011"
114,"Camera Strap Collective","39","Local",1,8000,NA,NA,NA,NA,NA,NA,NA,NA,NA,NA,NA,NA,NA,NA,NA,NA,NA,NA,8000,NA,"2011"
115,"Canada Clown","14","City-wide",1,6000,NA,NA,NA,NA,NA,NA,NA,NA,NA,NA,NA,NA,NA,NA,NA,NA,NA,NA,6000,NA,"2011"
116,"Canada's National Ballet School","27","City-wide",1,137332,NA,NA,NA,137332,NA,NA,NA,NA,NA,NA,NA,NA,NA,NA,NA,NA,NA,NA,NA,NA,"2011"
117,"Canadian Alliance of Dance Artists","20","City-wide",1,11250,NA,NA,NA,NA,NA,NA,NA,NA,NA,NA,NA,NA,NA,NA,NA,NA,NA,NA,11250,NA,"2011"
118,"Canadian Art Foundation","20","City-wide",1,4000,NA,NA,NA,NA,NA,NA,NA,NA,NA,NA,NA,NA,NA,NA,NA,NA,NA,NA,4000,NA,"2011"
119,"Canadian Art Song Project","28","City-wide",1,3000,NA,NA,NA,NA,NA,NA,NA,NA,NA,NA,NA,NA,NA,NA,NA,NA,NA,NA,3000,NA,"2011"
120,"Canadian Cambodian Association of Ontario","8","City-wide",1,28660,NA,NA,NA,NA,NA,NA,28660,NA,NA,NA,NA,NA,NA,NA,NA,NA,NA,NA,NA,NA,"2011"
121,"Canadian Centre for Victims of Torture","27","City-wide",1,23880,NA,NA,NA,NA,NA,NA,23880,NA,NA,NA,NA,NA,NA,NA,NA,NA,NA,NA,NA,NA,"2011"
122,"Canadian Children's Dance Theatre","28","City-wide",1,41850,NA,NA,NA,NA,NA,NA,NA,NA,NA,NA,NA,NA,NA,NA,NA,NA,NA,NA,41850,NA,"2011"
123,"Canadian Children's Opera Company","20","City-wide",1,20500,NA,NA,NA,NA,NA,NA,NA,NA,NA,NA,NA,NA,NA,NA,NA,NA,NA,NA,20500,NA,"2011"
124,"Canadian Film Centre","20","City-wide",1,9000,NA,NA,NA,NA,NA,NA,NA,NA,NA,NA,NA,NA,NA,NA,NA,NA,NA,NA,9000,NA,"2011"
125,"Canadian Film in the Schools","20","Area services",1,2500,NA,NA,NA,NA,NA,NA,NA,NA,NA,NA,NA,NA,NA,NA,NA,NA,NA,NA,2500,NA,"2011"
126,"Canadian Filmmakers Distribution Centre","20","City-wide",1,38000,NA,NA,NA,NA,NA,NA,NA,NA,NA,NA,NA,NA,NA,NA,NA,NA,NA,NA,38000,NA,"2011"
127,"Canadian Hearing Society (The)","22","City-wide",1,15715,NA,NA,NA,NA,NA,NA,15715,NA,NA,NA,NA,NA,NA,NA,NA,NA,NA,NA,NA,NA,"2011"
128,"Canadian Mental Health Association Toronto Branch (The)","15","City-wide",1,15925,NA,NA,NA,NA,NA,NA,15925,NA,NA,NA,NA,NA,NA,NA,NA,NA,NA,NA,NA,NA,"2011"
129,"Canadian Music Centre","27","City-wide",1,60000,NA,NA,NA,NA,NA,NA,NA,NA,NA,NA,NA,NA,NA,NA,NA,NA,NA,NA,60000,NA,"2011"
130,"Canadian Opera Company","28","City-wide",1,1317015,NA,NA,NA,1317015,NA,NA,NA,NA,NA,NA,NA,NA,NA,NA,NA,NA,NA,NA,NA,NA,"2011"
131,"Canadian Red Cross, Toronto Region","22","City-wide",1,25385,NA,NA,NA,NA,NA,NA,25385,NA,NA,NA,NA,NA,NA,NA,NA,NA,NA,NA,NA,NA,"2011"
132,"Canadian Stage Company","28","City-wide",1,820000,NA,NA,NA,NA,NA,NA,NA,NA,NA,NA,NA,NA,NA,NA,NA,NA,NA,NA,820000,NA,"2011"
133,"Canadian Tamil Youth Development Centre","38","City-wide",3,158640,NA,NA,40000,NA,NA,NA,108640,NA,NA,NA,NA,10000,NA,NA,NA,NA,NA,NA,NA,NA,"2011"
134,"CanAsian Dance Festival","20","City-wide",1,13400,NA,NA,NA,NA,NA,NA,NA,NA,NA,NA,NA,NA,NA,NA,NA,NA,NA,NA,13400,NA,"2011"
135,"Candles are for Burning Co.","27","City-wide",1,9000,NA,NA,NA,NA,NA,NA,NA,NA,NA,NA,NA,NA,NA,NA,NA,NA,NA,NA,9000,NA,"2011"
136,"CANES Community Care (Central and Northern Etobicoke Home Support Services)","1","Area services",1,59845,NA,NA,NA,NA,NA,NA,59845,NA,NA,NA,NA,NA,NA,NA,NA,NA,NA,NA,NA,NA,"2011"
137,"Canzine Arts Festival","20","City-wide",1,4000,NA,NA,NA,NA,NA,NA,NA,NA,NA,NA,NA,NA,NA,NA,NA,NA,NA,NA,4000,NA,"2011"
138,"Carefirst Seniors and Community Services Association","39","City-wide",2,118800,NA,NA,35000,NA,NA,NA,83800,NA,NA,NA,NA,NA,NA,NA,NA,NA,NA,NA,NA,NA,"2011"
139,"CARFAC Ontario","20","City-wide",1,16312,NA,NA,NA,NA,NA,NA,NA,NA,NA,NA,NA,NA,NA,NA,NA,NA,NA,NA,16312,NA,"2011"
140,"Caribbean Global Missions / Belka Enrichment","8","Area services",1,30000,NA,NA,30000,NA,NA,NA,NA,NA,NA,NA,NA,NA,NA,NA,NA,NA,NA,NA,NA,NA,"2011"
141,"Carlos Bulosan Theatre","20","City-wide",1,12350,NA,NA,NA,NA,NA,NA,NA,NA,NA,NA,NA,NA,NA,NA,NA,NA,NA,NA,12350,NA,"2011"
142,"Cart/Horse Theatre","20","City-wide",1,4000,NA,NA,NA,NA,NA,NA,NA,NA,NA,NA,NA,NA,NA,NA,NA,NA,NA,NA,4000,NA,"2011"
143,"Casa Cultural Colombiana","20","City-wide",2,8800,NA,NA,NA,NA,NA,1800,NA,NA,NA,NA,NA,NA,NA,NA,NA,NA,NA,NA,7000,NA,"2011"
144,"Cathedral Bluffs Symphony Orchestra","42","Area services",1,11000,NA,NA,NA,NA,NA,NA,NA,NA,NA,NA,NA,NA,NA,NA,NA,NA,NA,NA,11000,NA,"2011"
145,"Catholic Crosscultural Services","38","Area services",1,23820,NA,NA,NA,NA,NA,NA,23820,NA,NA,NA,NA,NA,NA,NA,NA,NA,NA,NA,NA,NA,"2011"
146,"Cecil Community Centre","20","Area  services",3,38555,NA,NA,NA,NA,NA,NA,4575,NA,21480,NA,NA,NA,NA,NA,12500,NA,NA,NA,NA,NA,"2011"
147,"Cedar Ridge Studio Gallery","43","City-wide",1,5000,NA,NA,NA,NA,NA,NA,NA,NA,NA,NA,NA,NA,NA,NA,NA,NA,NA,NA,5000,NA,"2011"
148,"Centennial College of Applied Arts & Technology","38","City-wide",1,40000,NA,NA,NA,NA,40000,NA,NA,NA,NA,NA,NA,NA,NA,NA,NA,NA,NA,NA,NA,NA,"2011"
149,"Central Eglinton Community Centre","22","Area services",1,32305,NA,NA,NA,NA,NA,NA,32305,NA,NA,NA,NA,NA,NA,NA,NA,NA,NA,NA,NA,NA,"2011"
150,"Central Neighbourhood House Association","28","Area services",2,169155.06,NA,NA,NA,NA,NA,NA,113916,NA,NA,NA,55239.06,NA,NA,NA,NA,NA,NA,NA,NA,NA,"2011"
151,"Central Toronto Community Health Centres","19","Area Services",3,126281,NA,70756,NA,NA,NA,NA,NA,40525,NA,NA,NA,NA,NA,NA,NA,NA,NA,NA,15000,NA,"2011"
152,"Central Toronto Youth Services","27","City-wide",1,12000,NA,NA,NA,NA,NA,NA,NA,NA,NA,NA,NA,NA,NA,NA,NA,NA,NA,NA,12000,NA,"2011"
153,"Centre for Aboriginal Media","20","City-wide",1,28000,NA,NA,NA,NA,NA,NA,NA,NA,NA,NA,NA,NA,NA,NA,NA,NA,NA,NA,28000,NA,"2011"
154,"Centre for Community Learning and Development","28","City-wide",1,36095,NA,NA,NA,NA,NA,NA,36095,NA,NA,NA,NA,NA,NA,NA,NA,NA,NA,NA,NA,NA,"2011"
155,"Centre for Equality Rights in Accommodation","20","City-wide",1,80704.87,NA,NA,NA,NA,NA,NA,NA,NA,NA,NA,80704.87,NA,NA,NA,NA,NA,NA,NA,NA,NA,"2011"
156,"Centre for Independent Living in Toronto","20","City-wide",1,21235,NA,NA,NA,NA,NA,NA,21235,NA,NA,NA,NA,NA,NA,NA,NA,NA,NA,NA,NA,NA,"2011"
157,"Centre for Indigenous Theatre","20","City-wide",1,32000,NA,NA,NA,NA,NA,NA,NA,NA,NA,NA,NA,NA,NA,NA,NA,NA,NA,NA,32000,NA,"2011"
158,"Centre for Information and Community Services of Ontario","41","Area services",1,101555,NA,NA,NA,NA,NA,NA,101555,NA,NA,NA,NA,NA,NA,NA,NA,NA,NA,NA,NA,NA,"2011"
159,"Centre for Social Innovation (CSI)","20","City-wide",1,45000,NA,NA,NA,NA,45000,NA,NA,NA,NA,NA,NA,NA,NA,NA,NA,NA,NA,NA,NA,NA,"2011"
160,"Centre For Spanish Speaking Peoples (The)","9","City-wide",5,115649,22500,NA,15000,NA,NA,NA,56000,19149,NA,NA,NA,NA,NA,NA,3000,NA,NA,NA,NA,NA,"2011"
161,"Chappie Musical Project","20","City-wide",1,4000,NA,NA,NA,NA,NA,NA,NA,NA,NA,NA,NA,NA,NA,NA,NA,NA,NA,NA,4000,NA,"2011"
162,"Charles Street Video","19","City-wide",1,54500,NA,NA,NA,NA,NA,NA,NA,NA,NA,NA,NA,NA,NA,NA,NA,NA,NA,NA,54500,NA,"2011"
163,"Children's Aid Society of Toronto","30","City-wide",1,56173.15,NA,NA,NA,NA,NA,NA,NA,NA,NA,NA,56173.15,NA,NA,NA,NA,NA,NA,NA,NA,NA,"2011"
164,"Children's Peace Theatre","31","Area services",2,43000,NA,NA,30000,NA,NA,NA,NA,NA,NA,NA,NA,NA,NA,NA,NA,NA,NA,NA,13000,NA,"2011"
165,"Chimera Project","20","City-wide",1,10000,NA,NA,NA,NA,NA,NA,NA,NA,NA,NA,NA,NA,NA,NA,NA,NA,NA,NA,10000,NA,"2011"
166,"Cinefranco","20","City-wide",1,2000,NA,NA,NA,NA,NA,NA,NA,NA,NA,NA,NA,NA,NA,NA,NA,NA,NA,NA,2000,NA,"2011"
167,"Chinese Artists Society of Toronto","33","City-wide",1,9000,NA,NA,NA,NA,NA,NA,NA,NA,NA,NA,NA,NA,NA,NA,NA,NA,NA,NA,9000,NA,"2011"
168,"Chinese Canadian National Council Toronto Chapter","20","City-wide",2,61840,30000,NA,NA,NA,NA,NA,31840,NA,NA,NA,NA,NA,NA,NA,NA,NA,NA,NA,NA,NA,"2011"
169,"Chinese Family Services of Ontario","41","City-wide",1,33965,NA,NA,NA,NA,NA,NA,33965,NA,NA,NA,NA,NA,NA,NA,NA,NA,NA,NA,NA,NA,"2011"
170,"Chinese Opera Group of Toronto","42","City-wide",1,6250,NA,NA,NA,NA,NA,NA,NA,NA,NA,NA,NA,NA,NA,NA,NA,NA,NA,NA,6250,NA,"2011"
171,"Choirs Ontario","20","City-wide",1,3500,NA,NA,NA,NA,NA,NA,NA,NA,NA,NA,NA,NA,NA,NA,NA,NA,NA,NA,3500,NA,"2011"
172,"Chris Langan Weekend","20","City-wide",1,3000,NA,NA,NA,NA,NA,NA,NA,NA,NA,NA,NA,NA,NA,NA,NA,NA,NA,NA,3000,NA,"2011"
173,"Christie Ossington Neighbourhood Centre","19","Area services",3,83730,NA,NA,NA,NA,NA,NA,56250,NA,21480,NA,NA,NA,NA,NA,6000,NA,NA,NA,NA,NA,"2011"
174,"Circle of Home Care Services (Toronto)","10","City-wide",1,89400,NA,NA,NA,NA,NA,NA,89400,NA,NA,NA,NA,NA,NA,NA,NA,NA,NA,NA,NA,NA,"2011"
175,"Circolo dell'Anziano ""Le Caravelle""","19","Local",1,1200,NA,NA,NA,NA,NA,NA,NA,NA,NA,NA,NA,NA,NA,NA,1200,NA,NA,NA,NA,NA,"2011"
176,"Classical Music Consort","20","City-wide",1,3500,NA,NA,NA,NA,NA,NA,NA,NA,NA,NA,NA,NA,NA,NA,NA,NA,NA,NA,3500,NA,"2011"
177,"Clay and Paper Theatre","18","Local",1,16500,NA,NA,NA,NA,NA,NA,NA,NA,NA,NA,NA,NA,NA,NA,NA,NA,NA,NA,16500,NA,"2011"
178,"Cliffcrest Community Centre","38","Local",1,30600,NA,NA,NA,NA,NA,NA,30600,NA,NA,NA,NA,NA,NA,NA,NA,NA,NA,NA,NA,NA,"2011"
179,"COBA Collective of Black Artists","20","City-wide",1,19575,NA,NA,NA,NA,NA,NA,NA,NA,NA,NA,NA,NA,NA,NA,NA,NA,NA,NA,19575,NA,"2011"
180,"Coleman Lemieux & Compagnie","28","City-wide",1,10000,NA,NA,NA,NA,NA,NA,NA,NA,NA,NA,NA,NA,NA,NA,NA,NA,NA,NA,10000,NA,"2011"
181,"Committee For Accessible AIDS Treatment","28","City-wide",1,32984,NA,32984,NA,NA,NA,NA,NA,NA,NA,NA,NA,NA,NA,NA,NA,NA,NA,NA,NA,NA,"2011"
182,"Community Action Resource Centre","12","Area services",2,134485,NA,NA,NA,NA,NA,NA,125385,NA,NA,NA,NA,NA,NA,NA,9100,NA,NA,NA,NA,NA,"2011"
183,"Community Arts Guild","43","Area services",1,10000,NA,NA,NA,NA,NA,NA,NA,NA,NA,NA,NA,NA,NA,NA,NA,NA,NA,NA,10000,NA,"2011"
184,"Community Association for Riding for the Disabled (CARD)","10","City-wide",2,18100,NA,NA,NA,NA,NA,2800,NA,NA,NA,NA,NA,NA,NA,NA,15300,NA,NA,NA,NA,NA,"2011"
185,"Community Care East York","31","Local",1,68245,NA,NA,NA,NA,NA,NA,68245,NA,NA,NA,NA,NA,NA,NA,NA,NA,NA,NA,NA,NA,"2011"
186,"Community Centre 55","32","Local",2,33780,NA,NA,NA,NA,NA,NA,NA,NA,21480,NA,NA,NA,NA,NA,12300,NA,NA,NA,NA,NA,"2011"
187,"Community Folk Art Council","27","City-wide",1,3940,NA,NA,NA,NA,NA,NA,NA,NA,NA,NA,NA,NA,NA,NA,NA,NA,NA,NA,3940,NA,"2011"
188,"Community Information Fairview","33","Area services",1,29190,NA,NA,NA,NA,NA,NA,29190,NA,NA,NA,NA,NA,NA,NA,NA,NA,NA,NA,NA,NA,"2011"
189,"Community MicroSkills Development Centre","2","City-wide",2,91155,NA,NA,NA,NA,48700,NA,42455,NA,NA,NA,NA,NA,NA,NA,NA,NA,NA,NA,NA,NA,"2011"
190,"Community Social Planning Council of Toronto","27","City-wide",2,371135,17300,NA,NA,NA,NA,NA,353835,NA,NA,NA,NA,NA,NA,NA,NA,NA,NA,NA,NA,NA,"2011"
191,"Company Theatre","28","City-wide",1,10000,NA,NA,NA,NA,NA,NA,NA,NA,NA,NA,NA,NA,NA,NA,NA,NA,NA,NA,10000,NA,"2011"
192,"Company Theatre Crisis","20","City-wide",1,3000,NA,NA,NA,NA,NA,NA,NA,NA,NA,NA,NA,NA,NA,NA,NA,NA,NA,NA,3000,NA,"2011"
193,"Contact Contemporary Music","20","City-wide",1,7250,NA,NA,NA,NA,NA,NA,NA,NA,NA,NA,NA,NA,NA,NA,NA,NA,NA,NA,7250,NA,"2011"
194,"Contact Toronto Photography Festival","20","City-wide",1,6000,NA,NA,NA,NA,NA,NA,NA,NA,NA,NA,NA,NA,NA,NA,NA,NA,NA,NA,6000,NA,"2011"
195,"Continuum","20","City-wide",1,16000,NA,NA,NA,NA,NA,NA,NA,NA,NA,NA,NA,NA,NA,NA,NA,NA,NA,NA,16000,NA,"2011"
196,"Corpus Dance Projects","19","City-wide",1,24000,NA,NA,NA,NA,NA,NA,NA,NA,NA,NA,NA,NA,NA,NA,NA,NA,NA,NA,24000,NA,"2011"
197,"Cosburn Lawn Bowling Club","29","Local",1,3000,NA,NA,NA,NA,NA,NA,NA,NA,NA,NA,NA,NA,NA,NA,3000,NA,NA,NA,NA,NA,"2011"
198,"COSTI Immigrant Services","17","Area services",2,444588.62,NA,NA,NA,NA,NA,NA,116860,NA,NA,NA,327728.62,NA,NA,NA,NA,NA,NA,NA,NA,NA,"2011"
199,"Council of Agencies Serving South Asians (CASSA)","35","City-wide",3,101840,35000,NA,35000,NA,NA,NA,31840,NA,NA,NA,NA,NA,NA,NA,NA,NA,NA,NA,NA,NA,"2011"
200,"Crescent Town Youth Services Network","31","Local",1,40000,NA,NA,NA,NA,NA,NA,NA,NA,NA,NA,NA,NA,NA,NA,NA,40000,NA,NA,NA,NA,"2011"
201,"Crime Prevention Association of Toronto","25","City-wide",1,114095,NA,NA,NA,NA,NA,NA,114095,NA,NA,NA,NA,NA,NA,NA,NA,NA,NA,NA,NA,NA,"2011"
202,"Crooked Figure Dances","14","City-wide",1,8000,NA,NA,NA,NA,NA,NA,NA,NA,NA,NA,NA,NA,NA,NA,NA,NA,NA,NA,8000,NA,"2011"
203,"Cross Toronto Community Development Corp. (Fresh Start Cleaning)","19","Area services",1,59922.88,NA,NA,NA,NA,NA,NA,NA,NA,NA,NA,59922.88,NA,NA,NA,NA,NA,NA,NA,NA,NA,"2011"
204,"Cross-Cultural Community Services Association (The)","20","City-wide",1,24055,NA,NA,NA,NA,NA,NA,24055,NA,NA,NA,NA,NA,NA,NA,NA,NA,NA,NA,NA,NA,"2011"
205,"Crow's Theatre Company","20","City-wide",1,24000,NA,NA,NA,NA,NA,NA,NA,NA,NA,NA,NA,NA,NA,NA,NA,NA,NA,NA,24000,NA,"2011"
206,"CTI Canadian Training Institute, Institut Canadien de Formation","30","City-wide",1,35000,NA,NA,35000,NA,NA,NA,NA,NA,NA,NA,NA,NA,NA,NA,NA,NA,NA,NA,NA,NA,"2011"
207,"CultureLink Settlement Services","14","City-wide",2,75940,23000,NA,NA,NA,NA,NA,52940,NA,NA,NA,NA,NA,NA,NA,NA,NA,NA,NA,NA,NA,"2011"
208,"Da Capo Productions","20","City-wide",1,3000,NA,NA,NA,NA,NA,NA,NA,NA,NA,NA,NA,NA,NA,NA,NA,NA,NA,NA,3000,NA,"2011"
209,"Dance Immersion","20","City-wide",1,22000,NA,NA,NA,NA,NA,NA,NA,NA,NA,NA,NA,NA,NA,NA,NA,NA,NA,NA,22000,NA,"2011"
210,"Dance Matters Dance Productions","14","City-wide",1,8000,NA,NA,NA,NA,NA,NA,NA,NA,NA,NA,NA,NA,NA,NA,NA,NA,NA,NA,8000,NA,"2011"
211,"Dance Ontario Association","28","City-wide",1,15150,NA,NA,NA,NA,NA,NA,NA,NA,NA,NA,NA,NA,NA,NA,NA,NA,NA,NA,15150,NA,"2011"
212,"Dance Umbrella of Ontario","28","City-wide",1,28850,NA,NA,NA,NA,NA,NA,NA,NA,NA,NA,NA,NA,NA,NA,NA,NA,NA,NA,28850,NA,"2011"
213,"Dancemakers","28","City-wide",1,87000,NA,NA,NA,NA,NA,NA,NA,NA,NA,NA,NA,NA,NA,NA,NA,NA,NA,NA,87000,NA,"2011"
214,"DanceWorks","20","City-wide",1,49000,NA,NA,NA,NA,NA,NA,NA,NA,NA,NA,NA,NA,NA,NA,NA,NA,NA,NA,49000,NA,"2011"
215,"Davenport Dufferin Community Centre","17","Local",1,800,NA,NA,NA,NA,NA,NA,NA,NA,NA,NA,NA,NA,NA,NA,800,NA,NA,NA,NA,NA,"2011"
216,"Davenport Perth Neighbourhood Centre","17","Area services",4,142329,NA,22899,NA,NA,NA,NA,78260,19690,21480,NA,NA,NA,NA,NA,NA,NA,NA,NA,NA,NA,"2011"
217,"Dejinta Beesha Somali Multi Service Centre","2","Area services",2,41813,NA,NA,NA,NA,NA,NA,39813,NA,NA,NA,NA,NA,NA,NA,2000,NA,NA,NA,NA,NA,"2011"
218,"Delta Family Resource Centre","9","Area services",1,98520,NA,NA,NA,NA,NA,NA,98520,NA,NA,NA,NA,NA,NA,NA,NA,NA,NA,NA,NA,NA,"2011"
219,"Descant Arts and Letters Foundation","20","City-wide",1,2000,NA,NA,NA,NA,NA,NA,NA,NA,NA,NA,NA,NA,NA,NA,NA,NA,NA,NA,2000,NA,"2011"
220,"Design Exchange","28","City-wide",1,24857,NA,NA,NA,NA,24857,NA,NA,NA,NA,NA,NA,NA,NA,NA,NA,NA,NA,NA,NA,NA,"2011"
221,"Diaspora Dialogues Charitable Society","20","City-wide",1,15000,NA,NA,NA,NA,NA,NA,NA,NA,NA,NA,NA,NA,NA,NA,NA,NA,NA,NA,15000,NA,"2011"
222,"Diaspora Film Festival Group","20","City-wide",1,3000,NA,NA,NA,NA,NA,NA,NA,NA,NA,NA,NA,NA,NA,NA,NA,NA,NA,NA,3000,NA,"2011"
223,"Distress Centres of Toronto","27","City-wide",1,102810,NA,NA,NA,NA,NA,NA,102810,NA,NA,NA,NA,NA,NA,NA,NA,NA,NA,NA,NA,NA,"2011"
224,"Dixon Community Services","4","Local",1,48960,NA,NA,NA,NA,NA,NA,48960,NA,NA,NA,NA,NA,NA,NA,NA,NA,NA,NA,NA,NA,"2011"
225,"Dixon Hall","28","Local",2,261441,NA,NA,NA,NA,NA,NA,243751,NA,17690,NA,NA,NA,NA,NA,NA,NA,NA,NA,NA,NA,"2011"
226,"Dixon Hall Music School","28","Area services",1,20000,NA,NA,NA,NA,NA,NA,NA,NA,NA,NA,NA,NA,NA,NA,NA,NA,NA,NA,20000,NA,"2011"
227,"Documentary Organization of Canada, Toronto Chapter","20","City-wide",1,3500,NA,NA,NA,NA,NA,NA,NA,NA,NA,NA,NA,NA,NA,NA,NA,NA,NA,NA,3500,NA,"2011"
228,"Don Mills Civitan Club","25","Local",1,2800,NA,NA,NA,NA,NA,NA,NA,NA,NA,NA,NA,NA,NA,NA,2800,NA,NA,NA,NA,NA,"2011"
229,"Doorsteps Neighbourhood Services","7","Area Services",2,115460,NA,NA,NA,NA,NA,NA,111460,NA,NA,NA,NA,NA,NA,NA,4000,NA,NA,NA,NA,NA,"2011"
230,"Doris McCarthy Gallery","44","City-wide",1,21000,NA,NA,NA,NA,NA,NA,NA,NA,NA,NA,NA,NA,NA,NA,NA,NA,NA,NA,21000,NA,"2011"
231,"Dovercourt Boys and Girls Club","18","Local",1,48264,NA,NA,NA,NA,NA,NA,NA,NA,NA,NA,NA,NA,NA,NA,NA,NA,NA,NA,NA,48264,"2011"
232,"Downsview Services to Seniors, Inc.","10","Area services",1,77320,NA,NA,NA,NA,NA,NA,77320,NA,NA,NA,NA,NA,NA,NA,NA,NA,NA,NA,NA,NA,"2011"
233,"Downtown Care Ring Home Support Services of Toronto","27","Area services",1,8700,NA,NA,NA,NA,NA,NA,NA,NA,NA,NA,NA,NA,NA,NA,8700,NA,NA,NA,NA,NA,"2011"
234,"Dreamwalker Dance Co.","20","City-wide",1,12000,NA,NA,NA,NA,NA,NA,NA,NA,NA,NA,NA,NA,NA,NA,NA,NA,NA,NA,12000,NA,"2011"
235,"Driftwood Theatre Group","30","Area services",1,6000,NA,NA,NA,NA,NA,NA,NA,NA,NA,NA,NA,NA,NA,NA,NA,NA,NA,NA,6000,NA,"2011"
236,"Drum Artz Canada","17","Area services",1,12000,NA,NA,NA,NA,NA,NA,NA,NA,NA,NA,NA,NA,NA,NA,NA,NA,NA,NA,12000,NA,"2011"
237,"Dusk Dances","30","Local",1,25000,NA,NA,NA,NA,NA,NA,NA,NA,NA,NA,NA,NA,NA,NA,NA,NA,NA,NA,25000,NA,"2011"
238,"Earthworks Community Music","20","City-wide",1,1500,NA,NA,NA,NA,NA,NA,NA,NA,NA,NA,NA,NA,NA,NA,NA,NA,NA,NA,1500,NA,"2011"
239,"Earwitness Productions","20","City-wide",1,1000,NA,NA,NA,NA,NA,NA,NA,NA,NA,NA,NA,NA,NA,NA,NA,NA,NA,NA,1000,NA,"2011"
240,"East Danforth Creative Collective","29","Area services",1,5810,NA,NA,NA,NA,NA,5810,NA,NA,NA,NA,NA,NA,NA,NA,NA,NA,NA,NA,NA,NA,"2011"
241,"East Metro Youth Services","38","Area services",2,42270,NA,NA,16260,NA,NA,NA,26010,NA,NA,NA,NA,NA,NA,NA,NA,NA,NA,NA,NA,NA,"2011"
242,"East Scarborough Boys and Girls Club","43","Area services",2,168241,NA,NA,NA,NA,NA,NA,153071,NA,15170,NA,NA,NA,NA,NA,NA,NA,NA,NA,NA,NA,"2011"
243,"East Scarborough Storefront / Tides Canada Initiatives","43","Area services",4,111055,NA,NA,35700,NA,NA,4500,62855,NA,NA,NA,NA,NA,NA,NA,NA,NA,NA,NA,8000,NA,"2011"
244,"East Toronto Family Community Centre (Eastview)","30","Area services",2,79490,NA,NA,NA,NA,NA,NA,58010,NA,21480,NA,NA,NA,NA,NA,NA,NA,NA,NA,NA,NA,"2011"
245,"East York and East Toronto Family Resources Organization - Housing Help Centre","29","Area services",1,55239,NA,NA,NA,NA,NA,NA,NA,NA,NA,NA,55239,NA,NA,NA,NA,NA,NA,NA,NA,NA,"2011"
246,"East York and East Toronto Family Resources Organization","30","City-wide",2,232946,NA,NA,NA,NA,NA,NA,26010,NA,NA,NA,206936,NA,NA,NA,NA,NA,NA,NA,NA,NA,"2011"
247,"East York Meals on Wheels","29","Local",1,25015,NA,NA,NA,NA,NA,NA,25015,NA,NA,NA,NA,NA,NA,NA,NA,NA,NA,NA,NA,NA,"2011"
248,"Ecce Homo Theatre","27","City-wide",1,12000,NA,NA,NA,NA,NA,NA,NA,NA,NA,NA,NA,NA,NA,NA,NA,NA,NA,NA,12000,NA,"2011"
249,"Edge of the Woods Theatre","17","Local",1,4000,NA,NA,NA,NA,NA,NA,NA,NA,NA,NA,NA,NA,NA,NA,NA,NA,NA,NA,4000,NA,"2011"
250,"Education Through Media","14","Area services",1,15000,15000,NA,NA,NA,NA,NA,NA,NA,NA,NA,NA,NA,NA,NA,NA,NA,NA,NA,NA,NA,"2011"
251,"Echo Women's Choir","27","City-wide",1,5000,NA,NA,NA,NA,NA,NA,NA,NA,NA,NA,NA,NA,NA,NA,NA,NA,NA,NA,5000,NA,"2011"
252,"Eight Fest Small-Gauge Film Festival","20","City-wide",1,5000,NA,NA,NA,NA,NA,NA,NA,NA,NA,NA,NA,NA,NA,NA,NA,NA,NA,NA,5000,NA,"2011"
253,"Eldritch Theatre","30","City-wide",1,6000,NA,NA,NA,NA,NA,NA,NA,NA,NA,NA,NA,NA,NA,NA,NA,NA,NA,NA,6000,NA,"2011"
254,"Elderly Vietnamese Association, Toronto","14","City-wide",1,15265,NA,NA,NA,NA,NA,NA,15265,NA,NA,NA,NA,NA,NA,NA,NA,NA,NA,NA,NA,NA,"2011"
255,"Elmer Iseler Singers","27","City-wide",1,29570,NA,NA,NA,NA,NA,NA,NA,NA,NA,NA,NA,NA,NA,NA,NA,NA,NA,NA,29570,NA,"2011"
256,"Elspeth Heyworth Centre for Women","8","Area services",3,40280,11470,NA,NA,NA,NA,2900,25910,NA,NA,NA,NA,NA,NA,NA,NA,NA,NA,NA,NA,NA,"2011"
257,"Ensemble Polaris","27","City-wide",1,5000,NA,NA,NA,NA,NA,NA,NA,NA,NA,NA,NA,NA,NA,NA,NA,NA,NA,NA,5000,NA,"2011"
258,"Enchanted","1","Local",1,7296,NA,NA,NA,NA,NA,NA,NA,NA,NA,NA,NA,7296,NA,NA,NA,NA,NA,NA,NA,NA,"2011"
259,"Epilepsy Toronto","22","City-wide",2,37070,NA,NA,NA,NA,NA,NA,31870,NA,NA,NA,NA,NA,NA,NA,5200,NA,NA,NA,NA,NA,"2011"
260,"Eritrean Canadian Community Centre of Metropolitan Toronto","21","City-wide",1,26535,NA,NA,NA,NA,NA,NA,26535,NA,NA,NA,NA,NA,NA,NA,NA,NA,NA,NA,NA,NA,"2011"
261,"Esmeralda Enrique Spanish Dance Company","20","City-wide",1,20000,NA,NA,NA,NA,NA,NA,NA,NA,NA,NA,NA,NA,NA,NA,NA,NA,NA,NA,20000,NA,"2011"
262,"Esprit Orchestra","20","City-wide",1,82500,NA,NA,NA,NA,NA,NA,NA,NA,NA,NA,NA,NA,NA,NA,NA,NA,NA,NA,82500,NA,"2011"
263,"Ethiopian Association In The GTA and Surrounding Regions","31","City-wide",2,77165,NA,21965,NA,NA,NA,NA,55200,NA,NA,NA,NA,NA,NA,NA,NA,NA,NA,NA,NA,NA,"2011"
264,"Ethno-racial People with Disabilities Coalition of Ontario","27","City-wide",1,20600,20600,NA,NA,NA,NA,NA,NA,NA,NA,NA,NA,NA,NA,NA,NA,NA,NA,NA,NA,NA,"2011"
265,"Etobicoke Centennial Choir","4","Area services",1,4750,NA,NA,NA,NA,NA,NA,NA,NA,NA,NA,NA,NA,NA,NA,NA,NA,NA,NA,4750,NA,"2011"
266,"Etobicoke Community Concert Band","4","City-wide",1,6500,NA,NA,NA,NA,NA,NA,NA,NA,NA,NA,NA,NA,NA,NA,NA,NA,NA,NA,6500,NA,"2011"
267,"Etobicoke Handweavers & Spinners Guild","3","City-wide",1,1200,NA,NA,NA,NA,NA,NA,NA,NA,NA,NA,NA,NA,NA,NA,NA,NA,NA,NA,1200,NA,"2011"
268,"Etobicoke Philharmonic Orchestra","4","Area services",1,7000,NA,NA,NA,NA,NA,NA,NA,NA,NA,NA,NA,NA,NA,NA,NA,NA,NA,NA,7000,NA,"2011"
269,"Etobicoke Services For Seniors","2","Area services",2,45215,NA,NA,NA,NA,NA,NA,35215,NA,NA,NA,NA,NA,NA,NA,10000,NA,NA,NA,NA,NA,"2011"
270,"Evangel Hall","20","Local",1,55238.76,NA,NA,NA,NA,NA,NA,NA,NA,NA,NA,55238.76,NA,NA,NA,NA,NA,NA,NA,NA,NA,"2011"
271,"Eva's Initiatives for Homeless Youth","20","City-wide",2,35490,NA,27490,NA,NA,NA,NA,NA,NA,NA,NA,NA,NA,NA,NA,8000,NA,NA,NA,NA,NA,"2011"
272,"Events in Real Time","19","City-wide",1,1000,NA,NA,NA,NA,NA,NA,NA,NA,NA,NA,NA,NA,NA,NA,NA,NA,NA,NA,1000,NA,"2011"
273,"Eventual Ashes","19","City-wide",1,9000,NA,NA,NA,NA,NA,NA,NA,NA,NA,NA,NA,NA,NA,NA,NA,NA,NA,NA,9000,NA,"2011"
274,"Evergreen Club Contemporary Gamelan","20","City-wide",1,9500,NA,NA,NA,NA,NA,NA,NA,NA,NA,NA,NA,NA,NA,NA,NA,NA,NA,NA,9500,NA,"2011"
275,"Exchange Rate Collective","14","City-wide",1,4000,NA,NA,NA,NA,NA,NA,NA,NA,NA,NA,NA,NA,NA,NA,NA,NA,NA,NA,4000,NA,"2011"
276,"Extend A Family","16","City-wide",1,21230,NA,NA,NA,NA,NA,NA,21230,NA,NA,NA,NA,NA,NA,NA,NA,NA,NA,NA,NA,NA,"2011"
277,"Exultate Chamber Singers","20","City-wide",1,5000,NA,NA,NA,NA,NA,NA,NA,NA,NA,NA,NA,NA,NA,NA,NA,NA,NA,NA,5000,NA,"2011"
278,"Factory Theatre","20","City-wide",2,193775,NA,NA,NA,NA,NA,NA,NA,NA,NA,38000,NA,NA,NA,NA,NA,NA,NA,NA,155775,NA,"2011"
279,"FADO Performance Inc.","20","City-wide",1,23000,NA,NA,NA,NA,NA,NA,NA,NA,NA,NA,NA,NA,NA,NA,NA,NA,NA,NA,23000,NA,"2011"
280,"Family Service Toronto","27","City-wide",1,93970,NA,NA,NA,NA,NA,NA,93970,NA,NA,NA,NA,NA,NA,NA,NA,NA,NA,NA,NA,NA,"2011"
281,"Family Supports Institute Ontario","19","City-wide",1,12735,NA,NA,NA,NA,NA,NA,12735,NA,NA,NA,NA,NA,NA,NA,NA,NA,NA,NA,NA,NA,"2011"
282,"Festival Management Committee/Toronto Caribbean Carnival-Caribana","20","City-wide",1,494190,NA,NA,NA,494190,NA,NA,NA,NA,NA,NA,NA,NA,NA,NA,NA,NA,NA,NA,NA,NA,"2011"
283,"Fife House","27","Area services",2,107934.76,NA,52696,NA,NA,NA,NA,NA,NA,NA,NA,55238.76,NA,NA,NA,NA,NA,NA,NA,NA,NA,"2011"
284,"Film Diaries: Her Stories","12","Area services",1,10000,NA,NA,NA,NA,NA,NA,NA,NA,NA,NA,NA,10000,NA,NA,NA,NA,NA,NA,NA,NA,"2011"
285,"FindHelp","20","City-wide",1,545170,NA,NA,NA,NA,NA,NA,NA,NA,NA,NA,NA,NA,NA,NA,NA,NA,NA,545170,NA,NA,"2011"
286,"Firgrove Community Health Centre","7","Local",1,20840,NA,NA,NA,NA,NA,NA,NA,NA,NA,NA,NA,NA,NA,NA,NA,20840,NA,NA,NA,NA,"2011"
287,"First Portuguese Canadian Cultural Centre of Toronto","17","Area services",1,12240,NA,NA,NA,NA,NA,NA,12240,NA,NA,NA,NA,NA,NA,NA,NA,NA,NA,NA,NA,NA,"2011"
288,"Flemingdon Neighbourhood Services","26","City-wide",4,276671.74,NA,NA,NA,NA,NA,NA,57120,NA,14565,NA,196986.74,NA,NA,NA,NA,NA,NA,NA,8000,NA,"2011"
289,"FoodShare Toronto","18","City-wide",1,191176,NA,NA,NA,NA,NA,NA,191176,NA,NA,NA,NA,NA,NA,NA,NA,NA,NA,NA,NA,NA,"2011"
290,"For You Telecare Family Service","25","City-wide",2,13875,NA,NA,NA,NA,NA,NA,12875,NA,NA,NA,NA,NA,NA,NA,1000,NA,NA,NA,NA,NA,"2011"
291,"For Youth Initiative in Toronto","12","Area services",1,92495,NA,NA,NA,NA,NA,NA,92495,NA,NA,NA,NA,NA,NA,NA,NA,NA,NA,NA,NA,NA,"2011"
292,"Force for Cultural Events Production Inc.","18","City-wide",1,3075,NA,NA,NA,NA,NA,NA,NA,NA,NA,NA,NA,NA,NA,NA,NA,NA,NA,NA,3075,NA,"2011"
293,"Franco-fete de la communaute urbaine de Toronto","20","City-wide",1,3500,NA,NA,NA,NA,NA,NA,NA,NA,NA,NA,NA,NA,NA,NA,NA,NA,NA,NA,3500,NA,"2011"
294,"Franklin Carmichael Art Group","1","Area services",1,4500,NA,NA,NA,NA,NA,NA,NA,NA,NA,NA,NA,NA,NA,NA,NA,NA,NA,NA,4500,NA,"2011"
295,"Franklin Horner Community Centre","6","Local",1,26015,NA,NA,NA,NA,NA,NA,26015,NA,NA,NA,NA,NA,NA,NA,NA,NA,NA,NA,NA,NA,"2011"
296,"Fred Victor Centre","28","Area services",1,55238.76,NA,NA,NA,NA,NA,NA,NA,NA,NA,NA,55238.76,NA,NA,NA,NA,NA,NA,NA,NA,NA,"2011"
297,"Friendly Spike Theatre Band","14","City-wide",1,4500,NA,NA,NA,NA,NA,NA,NA,NA,NA,NA,NA,NA,NA,NA,NA,NA,NA,NA,4500,NA,"2011"
298,"Friends of Fort York (Summer Guard)","28","City-wide",1,15300,NA,NA,NA,NA,NA,NA,NA,NA,NA,NA,NA,NA,NA,15300,NA,NA,NA,NA,NA,NA,"2011"
299,"Fringe of Toronto","21","City-wide",1,72000,NA,NA,NA,NA,NA,NA,NA,NA,NA,NA,NA,NA,NA,NA,NA,NA,NA,NA,72000,NA,"2011"
300,"Frontline Partners with Youth Network (FPYN)","20","City-wide",2,71000,NA,NA,30000,NA,NA,NA,NA,NA,NA,NA,NA,NA,NA,NA,NA,41000,NA,NA,NA,NA,"2011"
301,"fu-GEN Theatre Company","20","City-wide",1,11000,NA,NA,NA,NA,NA,NA,NA,NA,NA,NA,NA,NA,NA,NA,NA,NA,NA,NA,11000,NA,"2011"
302,"Fujiwara Dance Inventions","20","City-wide",1,15000,NA,NA,NA,NA,NA,NA,NA,NA,NA,NA,NA,NA,NA,NA,NA,NA,NA,NA,15000,NA,"2011"
303,"Funkabelly Collective","18","City-wide",1,2000,NA,NA,NA,NA,NA,NA,NA,NA,NA,NA,NA,NA,NA,NA,NA,NA,NA,NA,2000,NA,"2011"
304,"FutureWatch Environment & Development Education Partners (EDEP)","13","Local",1,5000,NA,NA,NA,NA,NA,5000,NA,NA,NA,NA,NA,NA,NA,NA,NA,NA,NA,NA,NA,NA,"2011"
305,"Gadfly","20","City-wide",1,8000,NA,NA,NA,NA,NA,NA,NA,NA,NA,NA,NA,NA,NA,NA,NA,NA,NA,NA,8000,NA,"2011"
306,"Gallery 44","20","City-wide",1,68000,NA,NA,NA,NA,NA,NA,NA,NA,NA,NA,NA,NA,NA,NA,NA,NA,NA,NA,68000,NA,"2011"
307,"Gay Heritage Project","27","City-wide",1,6000,NA,NA,NA,NA,NA,NA,NA,NA,NA,NA,NA,NA,NA,NA,NA,NA,NA,NA,6000,NA,"2011"
308,"George R. Gardiner Museum of Ceramic Art/Gardiner Museum","27","City-wide",1,135980,NA,NA,NA,135980,NA,NA,NA,NA,NA,NA,NA,NA,NA,NA,NA,NA,NA,NA,NA,NA,"2011"
309,"Gatehouse Child Abuse Advocacy Centre (The)","6","City-wide",1,21230,NA,NA,NA,NA,NA,NA,21230,NA,NA,NA,NA,NA,NA,NA,NA,NA,NA,NA,NA,NA,"2011"
310,"GBSP Centre Corp (The Young Centre)","28","City-wide",1,5000,NA,NA,NA,NA,NA,NA,NA,NA,NA,NA,NA,NA,NA,NA,NA,NA,NA,NA,5000,NA,"2011"
311,"George S. Syme Seniors Centre of York","11","Area services",1,80455,NA,NA,NA,NA,NA,NA,80455,NA,NA,NA,NA,NA,NA,NA,NA,NA,NA,NA,NA,NA,"2011"
312,"Ghanaian Canadian Multicultural Community Centres","1","Local",1,10000,NA,NA,NA,NA,NA,NA,NA,NA,NA,NA,NA,10000,NA,NA,NA,NA,NA,NA,NA,NA,"2011"
313,"Glebe Manor Lawn Bowling Club Ltd.","16","Local",1,4500,NA,NA,NA,NA,NA,NA,NA,NA,NA,NA,NA,NA,NA,NA,4500,NA,NA,NA,NA,NA,"2011"
314,"Glenn Gould Foundation","28","City-wide",1,15000,NA,NA,NA,NA,NA,NA,NA,NA,NA,NA,NA,NA,NA,NA,NA,NA,NA,NA,NA,15000,"2011"
315,"Grassroots Youth Collaborative","14","City-wide",1,24700,NA,NA,24700,NA,NA,NA,NA,NA,NA,NA,NA,NA,NA,NA,NA,NA,NA,NA,NA,NA,"2011"
316,"Greek Community of Toronto","29","City-wide",1,38805,NA,NA,NA,NA,NA,NA,38805,NA,NA,NA,NA,NA,NA,NA,NA,NA,NA,NA,NA,NA,"2011"
317,"Green Thumbs Growing Kids","28","Local",1,14809,NA,NA,NA,NA,NA,NA,NA,NA,NA,NA,NA,NA,NA,NA,14809,NA,NA,NA,NA,NA,"2011"
318,"Greenest City Environmental Organization","14","Local",2,5700,NA,NA,NA,NA,NA,2200,NA,NA,NA,NA,NA,NA,NA,NA,3500,NA,NA,NA,NA,NA,"2011"
319,"Greetings from Motherland","20","Local",1,9000,NA,NA,NA,NA,NA,NA,NA,NA,NA,NA,NA,NA,NA,NA,NA,NA,NA,NA,9000,NA,"2011"
320,"Griffin Centre Mental Health Services (J D Griffith Adolescent Centre)","24","City-wide",2,37107,NA,6458,NA,NA,NA,NA,NA,30649,NA,NA,NA,NA,NA,NA,NA,NA,NA,NA,NA,NA,"2011"
321,"Good Hair Day Productions","20","City-wide",1,5500,NA,NA,NA,NA,NA,NA,NA,NA,NA,NA,NA,NA,NA,NA,NA,NA,NA,NA,5500,NA,"2011"
322,"Good Vibes","15","Area services",1,9875,NA,NA,NA,NA,NA,NA,NA,NA,NA,NA,NA,9875,NA,NA,NA,NA,NA,NA,NA,NA,"2011"
323,"GUILD","27","City-wide",1,2000,NA,NA,NA,NA,NA,NA,NA,NA,NA,NA,NA,NA,NA,NA,NA,NA,NA,NA,2000,NA,"2011"
324,"Hannaford Street Silver Band","28","City-wide",1,28000,NA,NA,NA,NA,NA,NA,NA,NA,NA,NA,NA,NA,NA,NA,NA,NA,NA,NA,28000,NA,"2011"
325,"Harbourfront Centre","20","City-wide",1,201775,NA,NA,NA,NA,NA,NA,NA,NA,NA,NA,NA,NA,NA,NA,NA,NA,NA,NA,201775,NA,"2011"
326,"Harbourfront Community Centre - City Of Toronto","20","Local",2,94759,NA,NA,NA,NA,NA,NA,63498,31261,NA,NA,NA,NA,NA,NA,NA,NA,NA,NA,NA,NA,"2011"
327,"Hardworkin' Homosexuals","27","City-wide",1,2500,NA,NA,NA,NA,NA,NA,NA,NA,NA,NA,NA,NA,NA,NA,NA,NA,NA,NA,2500,NA,"2011"
328,"Harold Green Jewish Theatre Company","21","City-wide",1,5000,NA,NA,NA,NA,NA,NA,NA,NA,NA,NA,NA,NA,NA,NA,NA,NA,NA,NA,5000,NA,"2011"
329,"Harriet Tubman Community Organization","33","Local",2,42025,NA,NA,NA,NA,NA,NA,36025,NA,NA,NA,NA,NA,NA,NA,6000,NA,NA,NA,NA,NA,"2011"
330,"Hassle Free Clinic","27","City-wide",1,38455,NA,38455,NA,NA,NA,NA,NA,NA,NA,NA,NA,NA,NA,NA,NA,NA,NA,NA,NA,NA,"2011"
331,"Hellenic Home for the Aged Inc.","21","City-wide",1,1000,NA,NA,NA,NA,NA,NA,NA,NA,NA,NA,NA,NA,NA,NA,1000,NA,NA,NA,NA,NA,"2011"
332,"Heritage - 47 Benlamond Avenue","32","Local",1,10000,NA,NA,NA,NA,NA,NA,NA,NA,NA,10000,NA,NA,NA,NA,NA,NA,NA,NA,NA,NA,"2011"
333,"Heritage - 94 Bleecker Street","28","Local",1,3100,NA,NA,NA,NA,NA,NA,NA,NA,NA,3100,NA,NA,NA,NA,NA,NA,NA,NA,NA,NA,"2011"
334,"Heritage - 100 Bleecker Street","28","Local",1,5000,NA,NA,NA,NA,NA,NA,NA,NA,NA,5000,NA,NA,NA,NA,NA,NA,NA,NA,NA,NA,"2011"
335,"Heritage - 338 Douglas Dr","27","Local",1,5000,NA,NA,NA,NA,NA,NA,NA,NA,NA,5000,NA,NA,NA,NA,NA,NA,NA,NA,NA,NA,"2011"
336,"Heritage - 7 Draper Street","20","Local",1,7500,NA,NA,NA,NA,NA,NA,NA,NA,NA,7500,NA,NA,NA,NA,NA,NA,NA,NA,NA,NA,"2011"
337,"Heritage - 20 Draper Street","20","Local",1,7500,NA,NA,NA,NA,NA,NA,NA,NA,NA,7500,NA,NA,NA,NA,NA,NA,NA,NA,NA,NA,"2011"
338,"Heritage - 191 First Avenue","30","Local",1,5000,NA,NA,NA,NA,NA,NA,NA,NA,NA,5000,NA,NA,NA,NA,NA,NA,NA,NA,NA,NA,"2011"
339,"Heritage- 2 Geneva Avenue","28","Local",1,5000,NA,NA,NA,NA,NA,NA,NA,NA,NA,5000,NA,NA,NA,NA,NA,NA,NA,NA,NA,NA,"2011"
340,"Heritage - 110 Lombard Street","28","Local",1,7500,NA,NA,NA,NA,NA,NA,NA,NA,NA,7500,NA,NA,NA,NA,NA,NA,NA,NA,NA,NA,"2011"
341,"Heritage - 27 Prince Arthur","20","Local",1,5000,NA,NA,NA,NA,NA,NA,NA,NA,NA,5000,NA,NA,NA,NA,NA,NA,NA,NA,NA,NA,"2011"
342,"Heritage-29 Prince Arthur","20","Local",1,5000,NA,NA,NA,NA,NA,NA,NA,NA,NA,5000,NA,NA,NA,NA,NA,NA,NA,NA,NA,NA,"2011"
343,"Heritage - 652 Queen Street","19","Local",1,30000,NA,NA,NA,NA,NA,NA,NA,NA,NA,30000,NA,NA,NA,NA,NA,NA,NA,NA,NA,NA,"2011"
344,"Heritage - 292 Robert Street","20","Local",1,5000,NA,NA,NA,NA,NA,NA,NA,NA,NA,5000,NA,NA,NA,NA,NA,NA,NA,NA,NA,NA,"2011"
345,"Heritage - 292a Robert Street","20","Local",1,2000,NA,NA,NA,NA,NA,NA,NA,NA,NA,2000,NA,NA,NA,NA,NA,NA,NA,NA,NA,NA,"2011"
346,"Heritage - 39 Rosedale Road","27","Local",1,6000,NA,NA,NA,NA,NA,NA,NA,NA,NA,6000,NA,NA,NA,NA,NA,NA,NA,NA,NA,NA,"2011"
347,"Heritage - 417 Sackville Street","28","Local",1,7000,NA,NA,NA,NA,NA,NA,NA,NA,NA,7000,NA,NA,NA,NA,NA,NA,NA,NA,NA,NA,"2011"
348,"Heritage - 76 Salisbury Avenue","28","Local",1,7500,NA,NA,NA,NA,NA,NA,NA,NA,NA,7500,NA,NA,NA,NA,NA,NA,NA,NA,NA,NA,"2011"
349,"Heritage - 60-330 Sumach Street","28","Local",1,30000,NA,NA,NA,NA,NA,NA,NA,NA,NA,30000,NA,NA,NA,NA,NA,NA,NA,NA,NA,NA,"2011"
350,"Heritage - 146 St. Andrews Road","38","Local",1,7500,NA,NA,NA,NA,NA,NA,NA,NA,NA,7500,NA,NA,NA,NA,NA,NA,NA,NA,NA,NA,"2011"
351,"Heritage - 51 West Avenue","30","Local",1,2500,NA,NA,NA,NA,NA,NA,NA,NA,NA,2500,NA,NA,NA,NA,NA,NA,NA,NA,NA,NA,"2011"
352,"Heritage - 53 West Avenue","30","Local",1,2500,NA,NA,NA,NA,NA,NA,NA,NA,NA,2500,NA,NA,NA,NA,NA,NA,NA,NA,NA,NA,"2011"
353,"Heritage - 111 Winchester Street","28","Local",1,1000,NA,NA,NA,NA,NA,NA,NA,NA,NA,1000,NA,NA,NA,NA,NA,NA,NA,NA,NA,NA,"2011"
354,"Heritage Skills Centre","38","Local",2,41947,NA,26647,NA,NA,NA,NA,NA,NA,NA,NA,NA,NA,NA,NA,15300,NA,NA,NA,NA,NA,"2011"
355,"High Park Choirs of Toronto","13","City-wide",1,5000,NA,NA,NA,NA,NA,NA,NA,NA,NA,NA,NA,NA,NA,NA,NA,NA,NA,NA,5000,NA,"2011"
356,"High Park Initiatives","13","Local",1,4500,NA,NA,NA,NA,NA,NA,NA,NA,NA,NA,NA,NA,NA,NA,4500,NA,NA,NA,NA,NA,"2011"
357,"Hispanic Development Council","20","City-wide",3,111494.9,25500,NA,NA,NA,NA,NA,31840,NA,NA,NA,54154.9,NA,NA,NA,NA,NA,NA,NA,NA,NA,"2011"
358,"Hong Fook Mental Health Association","41","City-wide",1,21230,NA,NA,NA,NA,NA,NA,21230,NA,NA,NA,NA,NA,NA,NA,NA,NA,NA,NA,NA,NA,"2011"
359,"Horizons for Youth","17","Local",1,9000,NA,NA,NA,NA,NA,NA,NA,NA,NA,NA,NA,NA,NA,NA,NA,NA,NA,NA,9000,NA,"2011"
360,"Hot Docs Canadian International Documentary Festival","20","City-wide",2,52856,NA,NA,NA,NA,24856,NA,NA,NA,NA,NA,NA,NA,NA,NA,NA,NA,NA,NA,28000,NA,"2011"
361,"hum dansoundart not just a dance company","27","City-wide",1,10000,NA,NA,NA,NA,NA,NA,NA,NA,NA,NA,NA,NA,NA,NA,NA,NA,NA,NA,10000,NA,"2011"
362,"Humber Community Seniors Services Inc.","11","Area services",1,32580,NA,NA,NA,NA,NA,NA,32580,NA,NA,NA,NA,NA,NA,NA,NA,NA,NA,NA,NA,NA,"2011"
363,"Humberside Lawn Bowling Club","13","Local",1,2600,NA,NA,NA,NA,NA,NA,NA,NA,NA,NA,NA,NA,NA,NA,2600,NA,NA,NA,NA,NA,"2011"
364,"Hungarian Canadian Community Services (Ontario)","21","City-wide",1,10615,NA,NA,NA,NA,NA,NA,10615,NA,NA,NA,NA,NA,NA,NA,NA,NA,NA,NA,NA,NA,"2011"
365,"I Furiosi Baroque Ensemble","22","City-wide",1,1500,NA,NA,NA,NA,NA,NA,NA,NA,NA,NA,NA,NA,NA,NA,NA,NA,NA,NA,1500,NA,"2011"
366,"IMPACT Indian Martial and Performance","18","Area services",1,8784,NA,NA,NA,NA,NA,NA,NA,NA,NA,NA,NA,NA,NA,NA,NA,NA,NA,NA,8784,NA,"2011"
367,"Inner City Angels","28","Area services",1,36500,NA,NA,NA,NA,NA,NA,NA,NA,NA,NA,NA,NA,NA,NA,NA,NA,NA,NA,36500,NA,"2011"
368,"Inside Out Film & Video Festival","20","City-wide",1,32000,NA,NA,NA,NA,NA,NA,NA,NA,NA,NA,NA,NA,NA,NA,NA,NA,NA,NA,32000,NA,"2011"
369,"InterAccess","19","City-wide",1,43800,NA,NA,NA,NA,NA,NA,NA,NA,NA,NA,NA,NA,NA,NA,NA,NA,NA,NA,43800,NA,"2011"
370,"International Bellydance Conference Canada","14","City-wide",1,7500,NA,NA,NA,NA,NA,NA,NA,NA,NA,NA,NA,NA,NA,NA,NA,NA,NA,NA,7500,NA,"2011"
371,"International Readings at Harbourfront","20","City-wide",1,111200,NA,NA,NA,NA,NA,NA,NA,NA,NA,NA,NA,NA,NA,NA,NA,NA,NA,NA,111200,NA,"2011"
372,"Ipsita Nova Dance Projects","20","City-wide",1,8000,NA,NA,NA,NA,NA,NA,NA,NA,NA,NA,NA,NA,NA,NA,NA,NA,NA,NA,8000,NA,"2011"
373,"Iranian Fire Festival Celebrations Committee Ontario","23","City-wide",1,4000,NA,NA,NA,NA,NA,4000,NA,NA,NA,NA,NA,NA,NA,NA,NA,NA,NA,NA,NA,NA,"2011"
374,"Iranian Women's Organization of Ontario","33","City-wide",1,31015,NA,NA,NA,NA,NA,NA,31015,NA,NA,NA,NA,NA,NA,NA,NA,NA,NA,NA,NA,NA,"2011"
375,"Iranian Canadian Centre for Art and Culture","20","City-wide",1,8000,NA,NA,NA,NA,NA,NA,NA,NA,NA,NA,NA,NA,NA,NA,NA,NA,NA,NA,8000,NA,"2011"
376,"Iraqi Canadian Society of Ontario, The","2","City-wide",1,2000,NA,NA,NA,NA,NA,NA,NA,NA,NA,NA,NA,NA,NA,NA,2000,NA,NA,NA,NA,NA,"2011"
377,"Islington Centre -  Etobicoke Senior Citizens","5","Area services",1,31330,NA,NA,NA,NA,NA,NA,31330,NA,NA,NA,NA,NA,NA,NA,NA,NA,NA,NA,NA,NA,"2011"
378,"Jamaican Canadian Association","7","City-wide",1,53605,NA,NA,NA,NA,NA,NA,53605,NA,NA,NA,NA,NA,NA,NA,NA,NA,NA,NA,NA,NA,"2011"
379,"Jane Finch Community and Family Centre","8","Local",3,153870,NA,NA,NA,NA,NA,5000,131180,NA,17690,NA,NA,NA,NA,NA,NA,NA,NA,NA,NA,NA,"2011"
380,"Jane-Finch On the Move","8","Local",1,15200,15200,NA,NA,NA,NA,NA,NA,NA,NA,NA,NA,NA,NA,NA,NA,NA,NA,NA,NA,NA,"2011"
381,"Japanese Social Services","26","City-wide",1,26535,NA,NA,NA,NA,NA,NA,26535,NA,NA,NA,NA,NA,NA,NA,NA,NA,NA,NA,NA,NA,"2011"
382,"JAZZ.FM91 Inc","14","City-wide",1,3500,NA,NA,NA,NA,NA,NA,NA,NA,NA,NA,NA,NA,NA,NA,NA,NA,NA,NA,3500,NA,"2011"
383,"John Howard Society of Toronto","27","City-wide",2,104123,NA,NA,NA,NA,NA,NA,12205,NA,NA,NA,91918,NA,NA,NA,NA,NA,NA,NA,NA,NA,"2011"
384,"Jubilate Singers","22","City-wide",1,5000,NA,NA,NA,NA,NA,NA,NA,NA,NA,NA,NA,NA,NA,NA,NA,NA,NA,NA,5000,NA,"2011"
385,"Jumblies Theatre","44","Area services",1,35000,NA,NA,NA,NA,NA,NA,NA,NA,NA,NA,NA,NA,NA,NA,NA,NA,NA,NA,35000,NA,"2011"
386,"junctQin","20","City-wide",1,1900,NA,NA,NA,NA,NA,NA,NA,NA,NA,NA,NA,NA,NA,NA,NA,NA,NA,NA,1900,NA,"2011"
387,"June Callwood Centre for Women and Families (The)","28","City-wide",2,19925,NA,NA,NA,NA,NA,NA,15925,NA,NA,NA,NA,NA,NA,NA,4000,NA,NA,NA,NA,NA,"2011"
388,"Just Bgraphic","8","Local",1,9000,NA,NA,NA,NA,NA,NA,NA,NA,NA,NA,NA,NA,NA,NA,NA,NA,NA,NA,9000,NA,"2011"
389,"Justina M. Barnicke Gallery","20","City-wide",1,5000,NA,NA,NA,NA,NA,NA,NA,NA,NA,NA,NA,NA,NA,NA,NA,NA,NA,NA,5000,NA,"2011"
390,"Kababayan Community Service Centre Inc.","14","City-wide",2,46600,16000,NA,NA,NA,NA,NA,30600,NA,NA,NA,NA,NA,NA,NA,NA,NA,NA,NA,NA,NA,"2011"
391,"Kaeja d'Dance","19","City-wide",1,30900,NA,NA,NA,NA,NA,NA,NA,NA,NA,NA,NA,NA,NA,NA,NA,NA,NA,NA,30900,NA,"2011"
392,"Kaha:wi Dance Theatre","27","City-wide",1,20000,NA,NA,NA,NA,NA,NA,NA,NA,NA,NA,NA,NA,NA,NA,NA,NA,NA,NA,20000,NA,"2011"
393,"Kaisoca Pass De Torch","42","City-wide",1,7000,NA,NA,NA,NA,NA,NA,NA,NA,NA,NA,NA,NA,NA,NA,NA,NA,NA,NA,7000,NA,"2011"
394,"Kapisanan Philippine Centre","20","City-wide",1,10000,NA,NA,NA,NA,NA,NA,NA,NA,NA,NA,NA,NA,NA,NA,NA,NA,NA,NA,10000,NA,"2011"
395,"KCWA Family and Social Services","20","City-wide",1,26535,NA,NA,NA,NA,NA,NA,26535,NA,NA,NA,NA,NA,NA,NA,NA,NA,NA,NA,NA,NA,"2011"
396,"Kew Beach Lawn Bowling Club","36","Local",1,4160,NA,NA,NA,NA,NA,NA,NA,NA,NA,NA,NA,NA,NA,NA,4160,NA,NA,NA,NA,NA,"2011"
397,"Keys to the Studio","14","City-wide",1,8000,NA,NA,NA,NA,NA,NA,NA,NA,NA,NA,NA,NA,NA,NA,NA,NA,NA,NA,8000,NA,"2011"
398,"Kipling Comm. Council Coalition (w/ Rexdale Comm. Health Ctr)","2","Local",1,14425,NA,NA,NA,NA,NA,NA,NA,14425,NA,NA,NA,NA,NA,NA,NA,NA,NA,NA,NA,NA,"2011"
399,"Kitchen Band Productions","20","City-wide",1,12000,NA,NA,NA,NA,NA,NA,NA,NA,NA,NA,NA,NA,NA,NA,NA,NA,NA,NA,12000,NA,"2011"
400,"Koffler Gallery","10","City-wide",1,50000,NA,NA,NA,NA,NA,NA,NA,NA,NA,NA,NA,NA,NA,NA,NA,NA,NA,NA,50000,NA,"2011"
401,"Korean Canadian Symphony Orchestra","23","City-wide",1,6000,NA,NA,NA,NA,NA,NA,NA,NA,NA,NA,NA,NA,NA,NA,NA,NA,NA,NA,6000,NA,"2011"
402,"Korean Dance Studies Society","25","City-wide",1,11325,NA,NA,NA,NA,NA,NA,NA,NA,NA,NA,NA,NA,NA,NA,NA,NA,NA,NA,11325,NA,"2011"
403,"Korean Senior Citizens Society of Toronto","19","City-wide",1,20400,NA,NA,NA,NA,NA,NA,20400,NA,NA,NA,NA,NA,NA,NA,NA,NA,NA,NA,NA,NA,"2011"
404,"La Petite Musicale of Toronto","33","City-wide",1,2500,NA,NA,NA,NA,NA,NA,NA,NA,NA,NA,NA,NA,NA,NA,NA,NA,NA,NA,2500,NA,"2011"
405,"Lab Cab Festival","20","City-wide",1,8000,NA,NA,NA,NA,NA,NA,NA,NA,NA,NA,NA,NA,NA,NA,NA,NA,NA,NA,8000,NA,"2011"
406,"Lakeshore Area Multi-Services Project (LAMP) Inc.","6","Local",1,68115,NA,NA,NA,NA,NA,NA,68115,NA,NA,NA,NA,NA,NA,NA,NA,NA,NA,NA,NA,NA,"2011"
407,"Lakeshore Arts Committee","6","Area services",1,97840,NA,NA,NA,NA,NA,NA,NA,NA,NA,NA,NA,NA,97840,NA,NA,NA,NA,NA,NA,NA,"2011"
408,"Lao Association Of Ontario","9","City-wide",1,28660,NA,NA,NA,NA,NA,NA,28660,NA,NA,NA,NA,NA,NA,NA,NA,NA,NA,NA,NA,NA,"2011"
409,"Larchaud Dance Project","30","City-wide",1,5000,NA,NA,NA,NA,NA,NA,NA,NA,NA,NA,NA,NA,NA,NA,NA,NA,NA,NA,5000,NA,"2011"
410,"Larkin Singers","22","City-wide",1,2000,NA,NA,NA,NA,NA,NA,NA,NA,NA,NA,NA,NA,NA,NA,NA,NA,NA,NA,2000,NA,"2011"
411,"Las Perlas del Mar Productions","21","City-wide",1,4000,NA,NA,NA,NA,NA,NA,NA,NA,NA,NA,NA,NA,NA,NA,NA,NA,NA,NA,4000,NA,"2011"
412,"Latin St. Music","1","Area services",1,7000,NA,NA,NA,NA,NA,NA,NA,NA,NA,NA,NA,NA,NA,NA,NA,NA,NA,NA,7000,NA,"2011"
413,"Latinos Positivos","28","City-wide",1,29585,NA,29585,NA,NA,NA,NA,NA,NA,NA,NA,NA,NA,NA,NA,NA,NA,NA,NA,NA,NA,"2011"
414,"Latvian Senior Citizen's Association","34","City-wide",1,10200,NA,NA,NA,NA,NA,NA,10200,NA,NA,NA,NA,NA,NA,NA,NA,NA,NA,NA,NA,NA,"2011"
415,"Lawrence Heights Inter-Organization Network (LHION)","15","Local",2,50900,9900,NA,NA,NA,NA,NA,NA,NA,NA,NA,NA,NA,NA,NA,NA,41000,NA,NA,NA,NA,"2011"
416,"Lawrence Park Lawn Bowling and Croquet Club","25","Local",1,3850,NA,NA,NA,NA,NA,NA,NA,NA,NA,NA,NA,NA,NA,NA,3850,NA,NA,NA,NA,NA,"2011"
417,"Le Laboratoire d'Art","20","City-wide",1,4000,NA,NA,NA,NA,NA,NA,NA,NA,NA,NA,NA,NA,NA,NA,NA,NA,NA,NA,4000,NA,"2011"
418,"Le Théâtre français de Toronto","28","City-wide",1,101000,NA,NA,NA,NA,NA,NA,NA,NA,NA,NA,NA,NA,NA,NA,NA,NA,NA,NA,101000,NA,"2011"
419,"Le Theatre La Tangente","25","City-wide",1,6500,NA,NA,NA,NA,NA,NA,NA,NA,NA,NA,NA,NA,NA,NA,NA,NA,NA,NA,6500,NA,"2011"
420,"League of Canadian Poets","20","City-wide",1,19100,NA,NA,NA,NA,NA,NA,NA,NA,NA,NA,NA,NA,NA,NA,NA,NA,NA,NA,19100,NA,"2011"
421,"Learning Disabilities Association Toronto District","23","City-wide",1,50210,NA,NA,NA,NA,NA,NA,50210,NA,NA,NA,NA,NA,NA,NA,NA,NA,NA,NA,NA,NA,"2011"
422,"Les Amis Concerts","27","City-wide",1,5000,NA,NA,NA,NA,NA,NA,NA,NA,NA,NA,NA,NA,NA,NA,NA,NA,NA,NA,5000,NA,"2011"
423,"Les Centres d'Accueil Héritage","28","City-wide",1,55190,NA,NA,NA,NA,NA,NA,55190,NA,NA,NA,NA,NA,NA,NA,NA,NA,NA,NA,NA,NA,"2011"
424,"Lesbian Gay Bi Youth Line","27","City-wide",1,31765,NA,NA,NA,NA,NA,NA,31765,NA,NA,NA,NA,NA,NA,NA,NA,NA,NA,NA,NA,NA,"2011"
425,"Let Yourself be Collaborative","7","Area services",1,10000,NA,NA,NA,NA,NA,NA,NA,NA,NA,NA,NA,10000,NA,NA,NA,NA,NA,NA,NA,NA,"2011"
426,"Liaison of Independent Filmmakers of Toronto (LIFT)","18","City-wide",1,58500,NA,NA,NA,NA,NA,NA,NA,NA,NA,NA,NA,NA,NA,NA,NA,NA,NA,NA,58500,NA,"2011"
427,"Life Rattle","20","City-wide",1,2350,NA,NA,NA,NA,NA,NA,NA,NA,NA,NA,NA,NA,NA,NA,NA,NA,NA,NA,2350,NA,"2011"
428,"Little Pear Garden Collective","28","City-wide",1,11000,NA,NA,NA,NA,NA,NA,NA,NA,NA,NA,NA,NA,NA,NA,NA,NA,NA,NA,11000,NA,"2011"
429,"LOFT Community Services","27","Area services",1,57448.49,NA,NA,NA,NA,NA,NA,NA,NA,NA,NA,57448.49,NA,NA,NA,NA,NA,NA,NA,NA,NA,"2011"
430,"Lost Lyrics","8","Area services",1,15000,NA,NA,NA,NA,NA,NA,NA,NA,NA,NA,NA,NA,NA,NA,NA,NA,NA,NA,15000,NA,"2011"
431,"Loyola Arrupe Centre for Seniors","14","Local",1,15165,NA,NA,NA,NA,NA,NA,15165,NA,NA,NA,NA,NA,NA,NA,NA,NA,NA,NA,NA,NA,"2011"
432,"Lula Music and Arts Centre","18","City-wide",1,5000,NA,NA,NA,NA,NA,NA,NA,NA,NA,NA,NA,NA,NA,NA,NA,NA,NA,NA,5000,NA,"2011"
433,"MABELLEarts","5","Local",1,12500,NA,NA,NA,NA,NA,NA,NA,NA,NA,NA,NA,NA,NA,NA,NA,NA,NA,NA,12500,NA,"2011"
434,"MacGregor Park Art Centre","18","Local",1,7000,NA,NA,NA,NA,NA,NA,NA,NA,NA,NA,NA,NA,NA,NA,NA,NA,NA,NA,7000,NA,"2011"
435,"MacKenzieRo Productions","21","City-wide",1,7500,NA,NA,NA,NA,NA,NA,NA,NA,NA,NA,NA,NA,NA,NA,NA,NA,NA,NA,7500,NA,"2011"
436,"Madbakh Women's Initiative","3","Area services",1,20000,20000,NA,NA,NA,NA,NA,NA,NA,NA,NA,NA,NA,NA,NA,NA,NA,NA,NA,NA,NA,"2011"
437,"Making Room Community Arts","14","Local",1,10000,NA,NA,NA,NA,NA,NA,NA,NA,NA,NA,NA,NA,NA,NA,NA,NA,NA,NA,10000,NA,"2011"
438,"Malvern Family Resource Centre","42","Local",4,243856,20000,NA,30000,NA,NA,NA,168081,25775,NA,NA,NA,NA,NA,NA,NA,NA,NA,NA,NA,NA,"2011"
439,"Malvern Youth Cabinet","42","Local",1,10000,NA,NA,NA,NA,NA,NA,NA,NA,NA,NA,NA,10000,NA,NA,NA,NA,NA,NA,NA,NA,"2011"
440,"Mammalian Diving Reflex","20","Area services",1,22000,NA,NA,NA,NA,NA,NA,NA,NA,NA,NA,NA,NA,NA,NA,NA,NA,NA,NA,22000,NA,"2011"
441,"Manantial Neighbourhood Services","9","Area services",2,32890,16900,15990,NA,NA,NA,NA,NA,NA,NA,NA,NA,NA,NA,NA,NA,NA,NA,NA,NA,NA,"2011"
442,"Manifesto Community Projects","14","Local",1,5500,NA,NA,NA,NA,NA,NA,NA,NA,NA,NA,NA,NA,NA,NA,NA,NA,NA,NA,5500,NA,"2011"
443,"Mariposa in the Schools","28","City-wide",1,15000,NA,NA,NA,NA,NA,NA,NA,NA,NA,NA,NA,NA,NA,NA,NA,NA,NA,NA,15000,NA,"2011"
444,"Massey Centre for Women","29","City-wide",3,99421.76,NA,NA,NA,NA,NA,NA,24735,19448,NA,NA,55238.76,NA,NA,NA,NA,NA,NA,NA,NA,NA,"2011"
445,"May Joan Collective","30","City-wide",1,5600,NA,NA,NA,NA,NA,NA,NA,NA,NA,NA,NA,NA,NA,NA,NA,NA,NA,NA,5600,NA,"2011"
446,"Mayworks","27","City-wide",1,23750,NA,NA,NA,NA,NA,NA,NA,NA,NA,NA,NA,NA,NA,NA,NA,NA,NA,NA,23750,NA,"2011"
447,"Menaka Thakkar Dance Company","20","City-wide",1,23000,NA,NA,NA,NA,NA,NA,NA,NA,NA,NA,NA,NA,NA,NA,NA,NA,NA,NA,23000,NA,"2011"
448,"Mercer Union","18","City-wide",1,62000,NA,NA,NA,NA,NA,NA,NA,NA,NA,NA,NA,NA,NA,NA,NA,NA,NA,NA,62000,NA,"2011"
449,"Metropolitan Action Committee on Violence Against Women & Children","20","City-wide",2,241255,NA,NA,NA,NA,NA,NA,233255,NA,NA,NA,NA,NA,NA,NA,NA,NA,NA,NA,8000,NA,"2011"
450,"Metropolitan United Church","27","Local",1,55114.89,NA,NA,NA,NA,NA,NA,NA,NA,NA,NA,55114.89,NA,NA,NA,NA,NA,NA,NA,NA,NA,"2011"
451,"Mid Toronto Community Services Inc.","28","Area services",1,116385,NA,NA,NA,NA,NA,NA,116385,NA,NA,NA,NA,NA,NA,NA,NA,NA,NA,NA,NA,NA,"2011"
452,"Midaynta Community Services","22","City-wide",2,89288.32,NA,NA,NA,NA,NA,NA,31840,NA,NA,NA,57448.32,NA,NA,NA,NA,NA,NA,NA,NA,NA,"2011"
453,"Miss Caledonia Collective","21","City-wide",1,2000,NA,NA,NA,NA,NA,NA,NA,NA,NA,NA,NA,NA,NA,NA,NA,NA,NA,NA,2000,NA,"2011"
454,"Mixed Company","19","City-wide",1,18825,NA,NA,NA,NA,NA,NA,NA,NA,NA,NA,NA,NA,NA,NA,NA,NA,NA,NA,18825,NA,"2011"
455,"Miziwe Biik","27","City-wide",1,10000,10000,NA,NA,NA,NA,NA,NA,NA,NA,NA,NA,NA,NA,NA,NA,NA,NA,NA,NA,NA,"2011"
456,"Modern Times Stage Company","27","City-wide",1,15000,NA,NA,NA,NA,NA,NA,NA,NA,NA,NA,NA,NA,NA,NA,NA,NA,NA,NA,15000,NA,"2011"
457,"Momiji Health Care Society","36","City-wide",1,32695,NA,NA,NA,NA,NA,NA,32695,NA,NA,NA,NA,NA,NA,NA,NA,NA,NA,NA,NA,NA,"2011"
458,"Mood Disorders Association of Ontario and Metro Toronto","16","City-wide",1,15925,NA,NA,NA,NA,NA,NA,15925,NA,NA,NA,NA,NA,NA,NA,NA,NA,NA,NA,NA,NA,"2011"
459,"MOonhORsE dance theatre","28","City-wide",1,10300,NA,NA,NA,NA,NA,NA,NA,NA,NA,NA,NA,NA,NA,NA,NA,NA,NA,NA,10300,NA,"2011"
460,"Moore Park Lawn Bowling Club","22","Area services",1,3000,NA,NA,NA,NA,NA,NA,NA,NA,NA,NA,NA,NA,NA,NA,3000,NA,NA,NA,NA,NA,"2011"
461,"Mooredale Concerts","20","City-wide",1,5000,NA,NA,NA,NA,NA,NA,NA,NA,NA,NA,NA,NA,NA,NA,NA,NA,NA,NA,5000,NA,"2011"
462,"Morley/McCutcheon","19","City-wide",1,2000,NA,NA,NA,NA,NA,NA,NA,NA,NA,NA,NA,NA,NA,NA,NA,NA,NA,NA,2000,NA,"2011"
463,"Mornelle Court Residents Action Coalition","43","Local",1,22000,NA,NA,22000,NA,NA,NA,NA,NA,NA,NA,NA,NA,NA,NA,NA,NA,NA,NA,NA,NA,"2011"
464,"Moveable Beast","21","City-wide",1,3000,NA,NA,NA,NA,NA,NA,NA,NA,NA,NA,NA,NA,NA,NA,NA,NA,NA,NA,3000,NA,"2011"
465,"Muay Thai Training Centres","20","City-wide",1,2000,NA,NA,NA,NA,NA,NA,NA,NA,NA,NA,NA,NA,NA,NA,2000,NA,NA,NA,NA,NA,"2011"
466,"MUC Shelter Corporation (Sojourn House)","28","City-wide",1,110477.06,NA,NA,NA,NA,NA,NA,NA,NA,NA,NA,110477.06,NA,NA,NA,NA,NA,NA,NA,NA,NA,"2011"
467,"Muddy York Arts","18","City-wide",1,2000,NA,NA,NA,NA,NA,NA,NA,NA,NA,NA,NA,NA,NA,NA,NA,NA,NA,NA,2000,NA,"2011"
468,"Muhtadi International Drumming Festival","27","City-wide",1,7000,NA,NA,NA,NA,NA,NA,NA,NA,NA,NA,NA,NA,NA,NA,NA,NA,NA,NA,7000,NA,"2011"
469,"Mural Routes Inc.","36","City-wide",2,25300,NA,NA,NA,NA,NA,NA,NA,NA,15300,NA,NA,NA,NA,NA,NA,NA,NA,NA,10000,NA,"2011"
470,"Music Africa of Canada Inc.","27","City-wide",1,15000,NA,NA,NA,NA,NA,NA,NA,NA,NA,NA,NA,NA,NA,NA,NA,NA,NA,NA,15000,NA,"2011"
471,"Music Gallery","20","City-wide",1,79000,NA,NA,NA,NA,NA,NA,NA,NA,NA,NA,NA,NA,NA,NA,NA,NA,NA,NA,79000,NA,"2011"
472,"Music Garden","20","City-Wide",1,12500,NA,NA,NA,NA,NA,NA,NA,NA,NA,NA,NA,NA,NA,NA,NA,NA,NA,NA,NA,12500,"2011"
473,"Music Mondays Community Series","27","City-wide",1,3500,NA,NA,NA,NA,NA,NA,NA,NA,NA,NA,NA,NA,NA,NA,NA,NA,NA,NA,3500,NA,"2011"
474,"Music Toronto","28","City-wide",1,91500,NA,NA,NA,NA,NA,NA,NA,NA,NA,NA,NA,NA,NA,NA,NA,NA,NA,NA,91500,NA,"2011"
475,"Myalgic Encephalomyelitis Association of Ontario (The)","29","City-wide",1,7435,NA,NA,NA,NA,NA,NA,7435,NA,NA,NA,NA,NA,NA,NA,NA,NA,NA,NA,NA,NA,"2011"
476,"Nagata Shachu","20","City-wide",1,6000,NA,NA,NA,NA,NA,NA,NA,NA,NA,NA,NA,NA,NA,NA,NA,NA,NA,NA,6000,NA,"2011"
477,"Nathaniel Dett Chorale","20","City-wide",1,21000,NA,NA,NA,NA,NA,NA,NA,NA,NA,NA,NA,NA,NA,NA,NA,NA,NA,NA,21000,NA,"2011"
478,"National Ballet of Canada","28","City-wide",1,1148600,NA,NA,NA,1148600,NA,NA,NA,NA,NA,NA,NA,NA,NA,NA,NA,NA,NA,NA,NA,NA,"2011"
479,"National Council of Jewish Women of Canada, Toronto Section","10","City-wide",1,18730,NA,NA,NA,NA,NA,NA,18730,NA,NA,NA,NA,NA,NA,NA,NA,NA,NA,NA,NA,NA,"2011"
480,"National Shevchenko Musical Ensemble","15","City-wide",1,5000,NA,NA,NA,NA,NA,NA,NA,NA,NA,NA,NA,NA,NA,NA,NA,NA,NA,NA,5000,NA,"2011"
481,"National Theatre of the World","20","City-wide",1,5000,NA,NA,NA,NA,NA,NA,NA,NA,NA,NA,NA,NA,NA,NA,NA,NA,NA,NA,5000,NA,"2011"
482,"Native Canadian Centre of Toronto","20","City-wide",1,72160,NA,NA,NA,NA,NA,NA,72160,NA,NA,NA,NA,NA,NA,NA,NA,NA,NA,NA,NA,NA,"2011"
483,"Native Child and Family Services of Toronto","27","Area services",8,314660.74,15000,48843,30000,NA,NA,7000,118073,19696,20810,NA,55238.74,NA,NA,NA,NA,NA,NA,NA,NA,NA,"2011"
484,"Native Earth Performing Arts","27","City-wide",1,63000,NA,NA,NA,NA,NA,NA,NA,NA,NA,NA,NA,NA,NA,NA,NA,NA,NA,NA,63000,NA,"2011"
485,"Native Women in the Arts","20","City-wide",1,15500,NA,NA,NA,NA,NA,NA,NA,NA,NA,NA,NA,NA,NA,NA,NA,NA,NA,NA,15500,NA,"2011"
486,"Native Women's Resource Centre of Toronto","27","Local",2,90397.92,NA,NA,NA,NA,NA,NA,33965,NA,NA,NA,56432.92,NA,NA,NA,NA,NA,NA,NA,NA,NA,"2011"
487,"Nazareth House","19","Local",1,123097.82,NA,NA,NA,NA,NA,NA,NA,NA,NA,NA,123097.82,NA,NA,NA,NA,NA,NA,NA,NA,NA,"2011"
488,"Necessary Angel Theatre Company","20","City-wide",1,65000,NA,NA,NA,NA,NA,NA,NA,NA,NA,NA,NA,NA,NA,NA,NA,NA,NA,NA,65000,NA,"2011"
489,"Neighbourhood Basketball Association","43","Local",1,21000,NA,NA,NA,NA,NA,NA,NA,NA,NA,NA,NA,NA,NA,NA,NA,21000,NA,NA,NA,NA,"2011"
490,"Neighbourhood Information Centre","31","Area services",2,176092,15000,NA,NA,NA,NA,NA,161092,NA,NA,NA,NA,NA,NA,NA,NA,NA,NA,NA,NA,NA,"2011"
491,"Neighbourhood Information Post (NIP)","28","Area services",2,64234.39,NA,NA,NA,NA,NA,NA,36615,NA,NA,NA,27619.39,NA,NA,NA,NA,NA,NA,NA,NA,NA,"2011"
492,"Neighbourhood Link Support Services","32","Area services",2,243418.76,NA,NA,NA,NA,NA,NA,188180,NA,NA,NA,55238.76,NA,NA,NA,NA,NA,NA,NA,NA,NA,"2011"
493,"Neptune renewal Group (eNeRGy)","15","Local",1,7000,NA,NA,NA,NA,NA,7000,NA,NA,NA,NA,NA,NA,NA,NA,NA,NA,NA,NA,NA,NA,"2011"
494,"New Adventures In Sound Art","21","Area services",1,13500,NA,NA,NA,NA,NA,NA,NA,NA,NA,NA,NA,NA,NA,NA,NA,NA,NA,NA,13500,NA,"2011"
495,"New Canadian Community Centre","24","City-wide",3,65050,NA,NA,25000,NA,NA,NA,38050,NA,NA,NA,NA,NA,NA,NA,2000,NA,NA,NA,NA,NA,"2011"
496,"Newcomer Women's Services Toronto","29","City-wide",1,38210,NA,NA,NA,NA,NA,NA,38210,NA,NA,NA,NA,NA,NA,NA,NA,NA,NA,NA,NA,NA,"2011"
497,"New Harlem","28","City-wide",1,4000,NA,NA,NA,NA,NA,NA,NA,NA,NA,NA,NA,NA,NA,NA,NA,NA,NA,NA,4000,NA,"2011"
498,"New Music Concerts","20","City-wide",1,55000,NA,NA,NA,NA,NA,NA,NA,NA,NA,NA,NA,NA,NA,NA,NA,NA,NA,NA,55000,NA,"2011"
499,"Nhapitapi Mbira","18","City-wide",1,1750,NA,NA,NA,NA,NA,NA,NA,NA,NA,NA,NA,NA,NA,NA,NA,NA,NA,NA,1750,NA,"2011"
500,"Nia Centre for the Arts","33","City-wide",1,9968,NA,NA,NA,NA,NA,NA,NA,NA,NA,NA,NA,9968,NA,NA,NA,NA,NA,NA,NA,NA,"2011"
501,"Nigeria Eagles Soccer Club of Toronto","7","Local",1,3100,NA,NA,NA,NA,NA,NA,NA,NA,NA,NA,NA,NA,NA,NA,3100,NA,NA,NA,NA,NA,"2011"
502,"Nightswimming","28","City-wide",1,14000,NA,NA,NA,NA,NA,NA,NA,NA,NA,NA,NA,NA,NA,NA,NA,NA,NA,NA,14000,NA,"2011"
503,"Nightwood Theatre","28","City-wide",1,63350,NA,NA,NA,NA,NA,NA,NA,NA,NA,NA,NA,NA,NA,NA,NA,NA,NA,NA,63350,NA,"2011"
504,"Nomanzland","8","Area services",1,10000,NA,NA,NA,NA,NA,NA,NA,NA,NA,NA,NA,10000,NA,NA,NA,NA,NA,NA,NA,NA,"2011"
505,"North Toronto Lawn Bowling and Croquet Club","25","Local",1,4000,NA,NA,NA,NA,NA,NA,NA,NA,NA,NA,NA,NA,NA,NA,4000,NA,NA,NA,NA,NA,"2011"
506,"North York Community House","15","Area services",2,131810,NA,NA,15800,NA,NA,NA,116010,NA,NA,NA,NA,NA,NA,NA,NA,NA,NA,NA,NA,NA,"2011"
507,"North York Concert Orchestra","22","City-wide",1,2735,NA,NA,NA,NA,NA,NA,NA,NA,NA,NA,NA,NA,NA,NA,NA,NA,NA,NA,2735,NA,"2011"
508,"North York Emergency Home for Youth (Eva's Initiatives for Homeless Youth)","20","City-wide",1,34744,NA,NA,NA,NA,NA,NA,NA,34744,NA,NA,NA,NA,NA,NA,NA,NA,NA,NA,NA,NA,"2011"
509,"North York Harvest Food Bank","15","Area services",1,21230,NA,NA,NA,NA,NA,NA,21230,NA,NA,NA,NA,NA,NA,NA,NA,NA,NA,NA,NA,NA,"2011"
510,"North York Seniors Centre","23","Area services",1,82590,NA,NA,NA,NA,NA,NA,82590,NA,NA,NA,NA,NA,NA,NA,NA,NA,NA,NA,NA,NA,"2011"
511,"North York Women's Resource Centre","16","Area services",3,73365,NA,NA,28000,NA,NA,NA,41365,NA,NA,NA,NA,NA,NA,NA,4000,NA,NA,NA,NA,NA,"2011"
512,"Northern Visions Independent Film & Video Organization","20","City-wide",1,42000,NA,NA,NA,NA,NA,NA,NA,NA,NA,NA,NA,NA,NA,NA,NA,NA,NA,NA,42000,NA,"2011"
513,"Northwood Neighbourhood Services","11","Area services",1,42040,NA,NA,NA,NA,NA,NA,42040,NA,NA,NA,NA,NA,NA,NA,NA,NA,NA,NA,NA,NA,"2011"
514,"Nufunk Concerts","19","City-wide",1,4000,NA,NA,NA,NA,NA,NA,NA,NA,NA,NA,NA,NA,NA,NA,NA,NA,NA,NA,4000,NA,"2011"
515,"Obsidian Theatre Company","28","City-wide",1,39500,NA,NA,NA,NA,NA,NA,NA,NA,NA,NA,NA,NA,NA,NA,NA,NA,NA,NA,39500,NA,"2011"
516,"One Little Goat Theatre Company","20","City-wide",1,4000,NA,NA,NA,NA,NA,NA,NA,NA,NA,NA,NA,NA,NA,NA,NA,NA,NA,NA,4000,NA,"2011"
517,"Onsite (at) OCAD University","20","City-wide",1,3000,NA,NA,NA,NA,NA,NA,NA,NA,NA,NA,NA,NA,NA,NA,NA,NA,NA,NA,3000,NA,"2011"
518,"Ontario Association of Art Galleries","20","City-wide",1,12000,NA,NA,NA,NA,NA,NA,NA,NA,NA,NA,NA,NA,NA,NA,NA,NA,NA,NA,12000,NA,"2011"
519,"Ontario Community Centre for the Deaf (The)","25","City-wide",1,12240,NA,NA,NA,NA,NA,NA,12240,NA,NA,NA,NA,NA,NA,NA,NA,NA,NA,NA,NA,NA,"2011"
520,"Ontario Council of Agencies Serving Immigrants","16","City-wide",2,45500,20000,NA,NA,NA,NA,NA,25500,NA,NA,NA,NA,NA,NA,NA,NA,NA,NA,NA,NA,NA,"2011"
521,"Ontario Crafts Council","19","City-wide",1,4500,NA,NA,NA,NA,NA,NA,NA,NA,NA,NA,NA,NA,NA,NA,NA,NA,NA,NA,4500,NA,"2011"
522,"Ontario Lawn Bowls Association (Leaside Lawn Bowling Club)","26","Local",1,2080,NA,NA,NA,NA,NA,NA,NA,NA,NA,NA,NA,NA,NA,NA,2080,NA,NA,NA,NA,NA,"2011"
523,"Oolagan Community Services","27","City-wide",1,31792,NA,NA,NA,NA,NA,NA,NA,NA,NA,NA,31792,NA,NA,NA,NA,NA,NA,NA,NA,NA,"2011"
524,"Open Door Storytelling Project","29","City-wide",1,3000,NA,NA,NA,NA,NA,NA,NA,NA,NA,NA,NA,NA,NA,NA,NA,NA,NA,NA,3000,NA,"2011"
525,"Open Studio","20","City-wide",1,65000,NA,NA,NA,NA,NA,NA,NA,NA,NA,NA,NA,NA,NA,NA,NA,NA,NA,NA,65000,NA,"2011"
526,"Opera Atelier","27","City-wide",1,58760,NA,NA,NA,NA,NA,NA,NA,NA,NA,NA,NA,NA,NA,NA,NA,NA,NA,NA,58760,NA,"2011"
527,"Opera In Concert","28","City-wide",1,25500,NA,NA,NA,NA,NA,NA,NA,NA,NA,NA,NA,NA,NA,NA,NA,NA,NA,NA,25500,NA,"2011"
528,"Opportunity for Advancement","20","City-wide",1,42455,NA,NA,NA,NA,NA,NA,42455,NA,NA,NA,NA,NA,NA,NA,NA,NA,NA,NA,NA,NA,"2011"
529,"Oriana Women's Choir","22","City-wide",1,7000,NA,NA,NA,NA,NA,NA,NA,NA,NA,NA,NA,NA,NA,NA,NA,NA,NA,NA,7000,NA,"2011"
530,"Orchestra Toronto","23","City-wide",1,18000,NA,NA,NA,NA,NA,NA,NA,NA,NA,NA,NA,NA,NA,NA,NA,NA,NA,NA,18000,NA,"2011"
531,"Organization of Calypso Performing Artistes","8","Area services",1,4500,NA,NA,NA,NA,NA,NA,NA,NA,NA,NA,NA,NA,NA,NA,NA,NA,NA,NA,4500,NA,"2011"
532,"Oromo Canadian Community Association of GTA","11","City-wide",1,27600,NA,NA,NA,NA,NA,NA,27600,NA,NA,NA,NA,NA,NA,NA,NA,NA,NA,NA,NA,NA,"2011"
533,"Orpheus Choir of Toronto","16","City-wide",1,9117,NA,NA,NA,NA,NA,NA,NA,NA,NA,NA,NA,NA,NA,NA,NA,NA,NA,NA,9117,NA,"2011"
534,"Outside the March","19","City Wide",1,1000,NA,NA,NA,NA,NA,NA,NA,NA,NA,NA,NA,NA,NA,NA,NA,NA,NA,NA,1000,NA,"2011"
535,"PACT","20","City-wide",1,4630,NA,NA,NA,NA,NA,NA,NA,NA,NA,NA,NA,NA,NA,NA,NA,NA,NA,NA,4630,NA,"2011"
536,"PAL Reading Services Inc.","27","City-wide",1,14120,NA,NA,NA,NA,NA,NA,14120,NA,NA,NA,NA,NA,NA,NA,NA,NA,NA,NA,NA,NA,"2011"
537,"Pan Trinbago Steelband Assoc. of Ontario","32","City-wide",1,9000,NA,NA,NA,NA,NA,NA,NA,NA,NA,NA,NA,NA,NA,NA,NA,NA,NA,NA,9000,NA,"2011"
538,"Paper Laced Productions","20","City-wide",1,4000,NA,NA,NA,NA,NA,NA,NA,NA,NA,NA,NA,NA,NA,NA,NA,NA,NA,NA,4000,NA,"2011"
539,"Paprika Festival","21","City-wide",1,10000,NA,NA,NA,NA,NA,NA,NA,NA,NA,NA,NA,NA,NA,NA,NA,NA,NA,NA,10000,NA,"2011"
540,"Parent Education Network","5","Area services",1,23035,NA,NA,NA,NA,NA,NA,23035,NA,NA,NA,NA,NA,NA,NA,NA,NA,NA,NA,NA,NA,"2011"
541,"Parkdale Beauty Pageant Society","14","Local",1,4000,NA,NA,NA,NA,NA,NA,NA,NA,NA,NA,NA,NA,NA,NA,NA,NA,NA,NA,4000,NA,"2011"
542,"Parkdale Community Development Group","14","Area services",1,6000,NA,NA,NA,NA,NA,6000,NA,NA,NA,NA,NA,NA,NA,NA,NA,NA,NA,NA,NA,NA,"2011"
543,"Parkdale Community Health Centre","14","Area services",3,105027,NA,63797,20000,NA,NA,NA,21230,NA,NA,NA,NA,NA,NA,NA,NA,NA,NA,NA,NA,NA,"2011"
544,"Parkdale Community Information Centre (PCIC)","14","Local",1,24590,NA,NA,NA,NA,NA,NA,24590,NA,NA,NA,NA,NA,NA,NA,NA,NA,NA,NA,NA,NA,"2011"
545,"Parkdale Golden Age Foundation","14","Area services",2,51575,NA,NA,NA,NA,NA,NA,47975,NA,NA,NA,NA,NA,NA,NA,3600,NA,NA,NA,NA,NA,"2011"
546,"Parkdale Intercultural Association","14","Local",2,37230,16000,NA,NA,NA,NA,NA,21230,NA,NA,NA,NA,NA,NA,NA,NA,NA,NA,NA,NA,NA,"2011"
547,"Parkdale Young Writers' Group","14","Local",1,15000,NA,NA,NA,NA,NA,NA,NA,NA,NA,NA,NA,NA,NA,NA,NA,NA,NA,NA,15000,NA,"2011"
548,"Passerelle Intégration et Développement Économiques","27","City-wide",2,59103,NA,19298,NA,NA,NA,NA,39805,NA,NA,NA,NA,NA,NA,NA,NA,NA,NA,NA,NA,NA,"2011"
549,"Pax Christi Chorale","22","City-wide",1,9250,NA,NA,NA,NA,NA,NA,NA,NA,NA,NA,NA,NA,NA,NA,NA,NA,NA,NA,9250,NA,"2011"
550,"Pea Green Theatre Group","20","City-wide",1,3000,NA,NA,NA,NA,NA,NA,NA,NA,NA,NA,NA,NA,NA,NA,NA,NA,NA,NA,3000,NA,"2011"
551,"Peacebuilders International (Canada)","28","Area services",1,35600,NA,NA,35600,NA,NA,NA,NA,NA,NA,NA,NA,NA,NA,NA,NA,NA,NA,NA,NA,NA,"2011"
552,"PEACH   Promoting Education and Community Health","7","Area services",1,45900,NA,NA,NA,NA,NA,NA,45900,NA,NA,NA,NA,NA,NA,NA,NA,NA,NA,NA,NA,NA,"2011"
553,"Peggy Baker Dance Projects","28","City-wide",1,15000,NA,NA,NA,NA,NA,NA,NA,NA,NA,NA,NA,NA,NA,NA,NA,NA,NA,NA,15000,NA,"2011"
554,"People and Organizations in North Toronto (P.O.I.N.T)","16","City-wide",2,4995,NA,NA,NA,NA,NA,NA,2895,NA,NA,NA,NA,NA,NA,NA,2100,NA,NA,NA,NA,NA,"2011"
555,"People To People Aid Organization (Canada) Inc","32","City-wide",1,8840,NA,8840,NA,NA,NA,NA,NA,NA,NA,NA,NA,NA,NA,NA,NA,NA,NA,NA,NA,NA,"2011"
556,"PhemPhat Entertainment Group","19","City-wide",1,5500,NA,NA,NA,NA,NA,NA,NA,NA,NA,NA,NA,NA,NA,NA,NA,NA,NA,NA,5500,NA,"2011"
557,"Phil-Can Athletic Club","41","City-wide",1,5500,NA,NA,NA,NA,NA,NA,NA,NA,NA,NA,NA,NA,NA,NA,5500,NA,NA,NA,NA,NA,"2011"
558,"PKM Jayanti Festival","20","City-wide",1,2000,NA,NA,NA,NA,NA,NA,NA,NA,NA,NA,NA,NA,NA,NA,NA,NA,NA,NA,2000,NA,"2011"
559,"Planet In Focus","20","City-wide",1,12000,NA,NA,NA,NA,NA,NA,NA,NA,NA,NA,NA,NA,NA,NA,NA,NA,NA,NA,12000,NA,"2011"
560,"Playwrights Guild of Canada","20","City-wide",1,22000,NA,NA,NA,NA,NA,NA,NA,NA,NA,NA,NA,NA,NA,NA,NA,NA,NA,NA,22000,NA,"2011"
561,"Pleiades Theatre","28","City-wide",1,17000,NA,NA,NA,NA,NA,NA,NA,NA,NA,NA,NA,NA,NA,NA,NA,NA,NA,NA,17000,NA,"2011"
562,"PofT Collective","20","City-wide",1,9000,NA,NA,NA,NA,NA,NA,NA,NA,NA,NA,NA,NA,NA,NA,NA,NA,NA,NA,9000,NA,"2011"
563,"Polycultural Immigrant and Community Services","5","Area services",1,26415,NA,NA,NA,NA,NA,NA,26415,NA,NA,NA,NA,NA,NA,NA,NA,NA,NA,NA,NA,NA,"2011"
564,"Portuguese Women 55 Plus Support Group of Ontario","19","Area services",1,4675,NA,NA,NA,NA,NA,NA,4675,NA,NA,NA,NA,NA,NA,NA,NA,NA,NA,NA,NA,NA,"2011"
565,"Power Plant","20","City-wide",1,141240,NA,NA,NA,NA,NA,NA,NA,NA,NA,NA,NA,NA,NA,NA,NA,NA,NA,NA,141240,NA,"2011"
566,"Pratibha Arts","20","City-wide",1,3000,NA,NA,NA,NA,NA,NA,NA,NA,NA,NA,NA,NA,NA,NA,NA,NA,NA,NA,3000,NA,"2011"
567,"Prefix Institute of Contemporary Art","20","City-wide",1,17000,NA,NA,NA,NA,NA,NA,NA,NA,NA,NA,NA,NA,NA,NA,NA,NA,NA,NA,17000,NA,"2011"
568,"Pride Toronto","27","City-wide",1,123807,NA,NA,NA,123807,NA,NA,NA,NA,NA,NA,NA,NA,NA,NA,NA,NA,NA,NA,NA,NA,"2011"
569,"princess productions","27","City-wide",1,14000,NA,NA,NA,NA,NA,NA,NA,NA,NA,NA,NA,NA,NA,NA,NA,NA,NA,NA,14000,NA,"2011"
570,"Prisoners With HIV/AIDS Support Action Network (PASAN)","27","City-wide",2,191361,NA,139973,NA,NA,NA,NA,NA,51388,NA,NA,NA,NA,NA,NA,NA,NA,NA,NA,NA,NA,"2011"
571,"ProArteDanza","20","City-wide",1,10000,NA,NA,NA,NA,NA,NA,NA,NA,NA,NA,NA,NA,NA,NA,NA,NA,NA,NA,10000,NA,"2011"
572,"Project CANOE (Creative and Natural Outdoor Experiences)","30","City-wide",1,16500,NA,NA,NA,NA,NA,NA,NA,NA,NA,NA,NA,NA,NA,NA,16500,NA,NA,NA,NA,NA,"2011"
573,"Project X","20","City-wide",1,1450,NA,NA,NA,NA,NA,NA,NA,NA,NA,NA,NA,NA,NA,NA,NA,NA,NA,NA,1450,NA,"2011"
574,"Prologue to the Performing Arts","28","City-wide",1,20000,NA,NA,NA,NA,NA,NA,NA,NA,NA,NA,NA,NA,NA,NA,NA,NA,NA,NA,20000,NA,"2011"
575,"Prosserman Jewish Community Centre-Bathurst Jewish Community Centre","10","City-wide",2,16110,NA,NA,NA,NA,NA,NA,12110,NA,NA,NA,NA,NA,NA,NA,4000,NA,NA,NA,NA,NA,"2011"
576,"ProTech Media Centre by Community Microskills","1","Local",1,41000,NA,NA,NA,NA,NA,NA,NA,NA,NA,NA,NA,NA,NA,NA,NA,41000,NA,NA,NA,NA,"2011"
577,"Public Recordings Performance Projects","19","City-wide",1,8000,NA,NA,NA,NA,NA,NA,NA,NA,NA,NA,NA,NA,NA,NA,NA,NA,NA,NA,8000,NA,"2011"
578,"Puppetmongers","21","City-wide",1,19000,NA,NA,NA,NA,NA,NA,NA,NA,NA,NA,NA,NA,NA,NA,NA,NA,NA,NA,19000,NA,"2011"
579,"Quantum Creations","20","City-wide",1,4000,NA,NA,NA,NA,NA,NA,NA,NA,NA,NA,NA,NA,NA,NA,NA,NA,NA,NA,4000,NA,"2011"
580,"Queen Of Puddings Music Theatre Co.","28","City-wide",1,32500,NA,NA,NA,NA,NA,NA,NA,NA,NA,NA,NA,NA,NA,NA,NA,NA,NA,NA,32500,NA,"2011"
581,"QuipTake","19","City-wide",1,4000,NA,NA,NA,NA,NA,NA,NA,NA,NA,NA,NA,NA,NA,NA,NA,NA,NA,NA,4000,NA,"2011"
582,"Raging Asian Women Taiko Drummers","20","City-wide",1,5000,NA,NA,NA,NA,NA,NA,NA,NA,NA,NA,NA,NA,NA,NA,NA,NA,NA,NA,5000,NA,"2011"
583,"Ralph Thornton Centre","30","Local",3,55785,NA,NA,NA,NA,NA,NA,30940,NA,19145,NA,NA,NA,NA,NA,5700,NA,NA,NA,NA,NA,"2011"
584,"Red Tree","26","Local",1,8500,NA,NA,NA,NA,NA,NA,NA,NA,NA,NA,NA,NA,NA,NA,NA,NA,NA,NA,8500,NA,"2011"
585,"Red Pepper Spectacle Arts","20","Area services",1,29000,NA,NA,NA,NA,NA,NA,NA,NA,NA,NA,NA,NA,NA,NA,NA,NA,NA,NA,29000,NA,"2011"
586,"Red Sky Performance","27","City-wide",1,10000,NA,NA,NA,NA,NA,NA,NA,NA,NA,NA,NA,NA,NA,NA,NA,NA,NA,NA,10000,NA,"2011"
587,"Regent Park Community Health Centre","27","Local",1,21577,NA,NA,NA,NA,NA,NA,NA,21577,NA,NA,NA,NA,NA,NA,NA,NA,NA,NA,NA,NA,"2011"
588,"Regent Park Film Festival Inc","28","City-wide",2,14200,NA,NA,NA,NA,NA,4200,NA,NA,NA,NA,NA,NA,NA,NA,NA,NA,NA,NA,10000,NA,"2011"
589,"Regent Park Focus","28","Area services",1,30000,NA,NA,NA,NA,NA,NA,NA,NA,NA,NA,NA,NA,NA,NA,NA,NA,NA,NA,30000,NA,"2011"
590,"Regent Park School of Music","28","Area services",1,15000,NA,NA,NA,NA,NA,NA,NA,NA,NA,NA,NA,NA,NA,NA,NA,NA,NA,NA,15000,NA,"2011"
591,"Regroupement Des Femmes Immigrantes Francophone (Le)","27","Local",1,16000,16000,NA,NA,NA,NA,NA,NA,NA,NA,NA,NA,NA,NA,NA,NA,NA,NA,NA,NA,NA,"2011"
592,"REH'MA Community Services","7","Area services",1,44800,NA,NA,44800,NA,NA,NA,NA,NA,NA,NA,NA,NA,NA,NA,NA,NA,NA,NA,NA,NA,"2011"
593,"Religious Organization of Canada, Sukyo Mahikari","2","Local",1,32400,NA,NA,NA,NA,NA,NA,NA,NA,NA,32400,NA,NA,NA,NA,NA,NA,NA,NA,NA,NA,"2011"
594,"Remix Project (The)","14","City-wide",2,53000,NA,NA,NA,NA,NA,NA,NA,NA,NA,NA,NA,NA,NA,NA,NA,41000,NA,NA,12000,NA,"2011"
595,"Rexdale Community Health Centre","2","Area services",3,179558,NA,NA,NA,NA,NA,NA,137975,25983,15600,NA,NA,NA,NA,NA,NA,NA,NA,NA,NA,NA,"2011"
596,"Rexdale Women's Centre","1","Area services",3,57835,18000,NA,NA,NA,NA,NA,34835,NA,NA,NA,NA,NA,NA,NA,5000,NA,NA,NA,NA,NA,"2011"
597,"Rexdale Youth for Change","1","Local",1,10000,NA,NA,NA,NA,NA,NA,NA,NA,NA,NA,NA,10000,NA,NA,NA,NA,NA,NA,NA,NA,"2011"
598,"Rina Singha Kathak Dance Organization","20","City-wide",1,8000,NA,NA,NA,NA,NA,NA,NA,NA,NA,NA,NA,NA,NA,NA,NA,NA,NA,NA,8000,NA,"2011"
599,"Roma Community Centre","14","City-wide",1,3800,NA,NA,NA,NA,NA,3800,NA,NA,NA,NA,NA,NA,NA,NA,NA,NA,NA,NA,NA,NA,"2011"
600,"Roseneath Theatre","18","City-wide",1,57000,NA,NA,NA,NA,NA,NA,NA,NA,NA,NA,NA,NA,NA,NA,NA,NA,NA,NA,57000,NA,"2011"
601,"Rowers Pub Reading Series Inc.","20","City-wide",1,2750,NA,NA,NA,NA,NA,NA,NA,NA,NA,NA,NA,NA,NA,NA,NA,NA,NA,NA,2750,NA,"2011"
602,"Royal Conservatory of Music","20","City-wide",1,3500,NA,NA,NA,NA,NA,NA,NA,NA,NA,NA,NA,NA,NA,NA,NA,NA,NA,NA,3500,NA,"2011"
603,"Russian-Canadian Theatrical Community Centre","8","City-wide",1,5000,NA,NA,NA,NA,NA,NA,NA,NA,NA,NA,NA,NA,NA,NA,NA,NA,NA,NA,5000,NA,"2011"
604,"Salon du Livre de Toronto","27","City-wide",1,5000,NA,NA,NA,NA,NA,NA,NA,NA,NA,NA,NA,NA,NA,NA,NA,NA,NA,NA,5000,NA,"2011"
605,"Salvador Allende Arts Festival for Peace","21","Area services",1,4000,NA,NA,NA,NA,NA,NA,NA,NA,NA,NA,NA,NA,NA,NA,NA,NA,NA,NA,4000,NA,"2011"
606,"San Lorenzo Latin American Comm. Ctre","19","City-wide",1,3000,NA,NA,NA,NA,NA,NA,NA,NA,NA,NA,NA,NA,NA,NA,NA,NA,NA,NA,3000,NA,"2011"
607,"San Romanoway Revitalization Association","8","Local",1,70945,NA,NA,NA,NA,NA,NA,70945,NA,NA,NA,NA,NA,NA,NA,NA,NA,NA,NA,NA,NA,"2011"
608,"Say Word Youth Advisory Committee","38","Area services",1,9995,NA,NA,NA,NA,NA,NA,NA,NA,NA,NA,NA,9995,NA,NA,NA,NA,NA,NA,NA,NA,"2011"
609,"Scadding Court Community Centre","20","Area services",5,250098,25000,NA,NA,NA,48720,5000,158278,NA,13100,NA,NA,NA,NA,NA,NA,NA,NA,NA,NA,NA,"2011"
610,"Scaramella Concerts","27","City-wide",1,3000,NA,NA,NA,NA,NA,NA,NA,NA,NA,NA,NA,NA,NA,NA,NA,NA,NA,NA,3000,NA,"2011"
611,"Scarborough Arts Council","36","Area services",1,113405,NA,NA,NA,NA,NA,NA,NA,NA,NA,NA,NA,NA,113405,NA,NA,NA,NA,NA,NA,NA,"2011"
612,"Scarborough Bluffs Music","43","Area services",1,9000,NA,NA,NA,NA,NA,NA,NA,NA,NA,NA,NA,NA,NA,NA,NA,NA,NA,NA,9000,NA,"2011"
613,"Scarborough Caribbean Youth Ensemble","42","Local",1,9000,NA,NA,NA,NA,NA,NA,NA,NA,NA,NA,NA,NA,NA,NA,NA,NA,NA,NA,9000,NA,"2011"
614,"Scarborough Centre for Healthy Living formerly West Hill Community Services","36","Area services",2,169190,NA,NA,NA,NA,NA,3200,165990,NA,NA,NA,NA,NA,NA,NA,NA,NA,NA,NA,NA,NA,"2011"
615,"Scarborough Philharmonic Orchestra","36","Area services",1,18000,NA,NA,NA,NA,NA,NA,NA,NA,NA,NA,NA,NA,NA,NA,NA,NA,NA,NA,18000,NA,"2011"
616,"Scarborough Sweet Adelines","40*","City-wide",1,480,NA,NA,NA,NA,NA,NA,NA,NA,NA,NA,NA,NA,NA,NA,NA,NA,NA,NA,480,NA,"2011"
617,"Scarborough Women's Centre","38","Area services",1,32680,NA,NA,NA,NA,NA,NA,32680,NA,NA,NA,NA,NA,NA,NA,NA,NA,NA,NA,NA,NA,"2011"
618,"Schools Without Borders","14","City-wide",2,115040,NA,104040,NA,NA,NA,NA,NA,NA,NA,NA,NA,NA,NA,NA,NA,NA,NA,NA,11000,NA,"2011"
619,"Second Mile Club Of Toronto (The)","20","City-wide",2,62555,NA,NA,NA,NA,NA,NA,58455,NA,NA,NA,NA,NA,NA,NA,4100,NA,NA,NA,NA,NA,"2011"
620,"Self Help Resource Centre","16","City-wide",1,13805,NA,NA,NA,NA,NA,NA,13805,NA,NA,NA,NA,NA,NA,NA,NA,NA,NA,NA,NA,NA,"2011"
621,"Senior Adult Services in the Annex","20","Local",2,27455,NA,NA,NA,NA,NA,NA,23355,NA,NA,NA,NA,NA,NA,NA,4100,NA,NA,NA,NA,NA,"2011"
622,"Senior Peoples' Resources in North Toronto (SPRINT)","22","Area services",1,87585,NA,NA,NA,NA,NA,NA,87585,NA,NA,NA,NA,NA,NA,NA,NA,NA,NA,NA,NA,NA,"2011"
623,"Seniors Tamils' Centre of Ontario","41","City-wide",2,53000,NA,NA,NA,NA,NA,NA,51000,NA,NA,NA,NA,NA,NA,NA,2000,NA,NA,NA,NA,NA,"2011"
624,"Series 8:08","14","City-wide",1,12000,NA,NA,NA,NA,NA,NA,NA,NA,NA,NA,NA,NA,NA,NA,NA,NA,NA,NA,12000,NA,"2011"
625,"Serve Canada Youth Service Organization","28","Area services",1,25000,25000,NA,NA,NA,NA,NA,NA,NA,NA,NA,NA,NA,NA,NA,NA,NA,NA,NA,NA,NA,"2011"
626,"Seventh Stage Theatre Productions","21","City-wide",1,5000,NA,NA,NA,NA,NA,NA,NA,NA,NA,NA,NA,NA,NA,NA,NA,NA,NA,NA,5000,NA,"2011"
627,"Shadowland Theatre","28","Area services",1,16000,NA,NA,NA,NA,NA,NA,NA,NA,NA,NA,NA,NA,NA,NA,NA,NA,NA,NA,16000,NA,"2011"
628,"Shadow Songs","20","City-wide",1,10000,NA,NA,NA,NA,NA,NA,NA,NA,NA,NA,NA,NA,NA,NA,NA,NA,NA,NA,10000,NA,"2011"
629,"Shakespeare Link Canada","20","City-wide",1,10000,NA,NA,NA,NA,NA,NA,NA,NA,NA,NA,NA,NA,NA,NA,NA,NA,NA,NA,10000,NA,"2011"
630,"Shakespearience Performing Arts","23","Area services",1,8000,NA,NA,NA,NA,NA,NA,NA,NA,NA,NA,NA,NA,NA,NA,NA,NA,NA,NA,8000,NA,"2011"
631,"Sherbourne Health Centre: Supporting Our Youth Program","27","City-wide",1,7000,NA,NA,NA,NA,NA,NA,NA,NA,NA,NA,NA,NA,NA,NA,NA,NA,NA,NA,7000,NA,"2011"
632,"Shinsedai Cinema Festival","14","City-wide",1,2000,NA,NA,NA,NA,NA,NA,NA,NA,NA,NA,NA,NA,NA,NA,NA,NA,NA,NA,2000,NA,"2011"
633,"Silent Voice Canada","22","City-wide",2,55997,NA,NA,NA,NA,NA,NA,28325,27672,NA,NA,NA,NA,NA,NA,NA,NA,NA,NA,NA,NA,"2011"
634,"Sinfonia Toronto","20","City-wide",1,7940,NA,NA,NA,NA,NA,NA,NA,NA,NA,NA,NA,NA,NA,NA,NA,NA,NA,NA,7940,NA,"2011"
635,"Sir William Campbell House Museum","20","City-wide",2,43959.08,NA,NA,NA,NA,NA,NA,NA,NA,NA,8000,NA,NA,NA,35959.08,NA,NA,NA,NA,NA,NA,"2011"
636,"Sistering-A Woman’s Place","19","Area Services",3,80045,NA,32855,NA,NA,NA,NA,NA,37190,NA,NA,NA,NA,NA,NA,NA,NA,NA,NA,10000,NA,"2011"
637,"SKETCH Working Arts For Street Involved & Homeless Youth","19","City-wide",3,106404,15000,NA,NA,NA,NA,NA,NA,51404,NA,NA,NA,NA,NA,NA,NA,NA,NA,NA,40000,NA,"2011"
638,"Small Theatre Administrative Facility","20","City-wide",1,20000,NA,NA,NA,NA,NA,NA,NA,NA,NA,NA,NA,NA,NA,NA,NA,NA,NA,NA,20000,NA,"2011"
639,"Small Wooden Shoe","20","City-wide",1,4375,NA,NA,NA,NA,NA,NA,NA,NA,NA,NA,NA,NA,NA,NA,NA,NA,NA,NA,4375,NA,"2011"
640,"Small World Music Society","18","City-wide",1,27500,NA,NA,NA,NA,NA,NA,NA,NA,NA,NA,NA,NA,NA,NA,NA,NA,NA,NA,27500,NA,"2011"
641,"Smile Company","20","Area services",1,22500,NA,NA,NA,NA,NA,NA,NA,NA,NA,NA,NA,NA,NA,NA,NA,NA,NA,NA,22500,NA,"2011"
642,"Society of Sharing: Inner City Volunteers","27","Area services",1,14655,NA,NA,NA,NA,NA,NA,14655,NA,NA,NA,NA,NA,NA,NA,NA,NA,NA,NA,NA,NA,"2011"
643,"Somali Business Development Centre","1","Area services",1,3000,NA,NA,NA,NA,NA,NA,NA,NA,NA,NA,NA,NA,NA,NA,NA,NA,NA,NA,3000,NA,"2011"
644,"Somali Canadian Association of Etobicoke","2","Area services",1,21230,NA,NA,NA,NA,NA,NA,21230,NA,NA,NA,NA,NA,NA,NA,NA,NA,NA,NA,NA,NA,"2011"
645,"Somali Immigrant Aid Organization","11","Area services",1,21870,NA,NA,NA,NA,NA,NA,21870,NA,NA,NA,NA,NA,NA,NA,NA,NA,NA,NA,NA,NA,"2011"
646,"Somali Women and Children's Support Network","2","City-wide",1,36940,NA,NA,NA,NA,NA,NA,36940,NA,NA,NA,NA,NA,NA,NA,NA,NA,NA,NA,NA,NA,"2011"
647,"Somali Youth Association of Toronto","2","Local",1,31000,NA,NA,31000,NA,NA,NA,NA,NA,NA,NA,NA,NA,NA,NA,NA,NA,NA,NA,NA,NA,"2011"
648,"Somewhere There Creative Music Presentation","18","City-wide",1,1500,NA,NA,NA,NA,NA,NA,NA,NA,NA,NA,NA,NA,NA,NA,NA,NA,NA,NA,1500,NA,"2011"
649,"Soulpepper Theatre Company","28","City-wide",1,146500,NA,NA,NA,NA,NA,NA,NA,NA,NA,NA,NA,NA,NA,NA,NA,NA,NA,NA,146500,NA,"2011"
650,"Soundstreams Canada","20","City-wide",1,64000,NA,NA,NA,NA,NA,NA,NA,NA,NA,NA,NA,NA,NA,NA,NA,NA,NA,NA,64000,NA,"2011"
651,"South Asian Family Support Services","38","Area services",1,37200,NA,NA,NA,NA,NA,NA,37200,NA,NA,NA,NA,NA,NA,NA,NA,NA,NA,NA,NA,NA,"2011"
652,"South Asian Visual Arts Collective","20","City-wide",1,23000,NA,NA,NA,NA,NA,NA,NA,NA,NA,NA,NA,NA,NA,NA,NA,NA,NA,NA,23000,NA,"2011"
653,"South Asian Women's Centre","18","City-wide",1,79605,NA,NA,NA,NA,NA,NA,79605,NA,NA,NA,NA,NA,NA,NA,NA,NA,NA,NA,NA,NA,"2011"
654,"South Riverdale Community Health Centre","30","Area services",2,137731,NA,80241,NA,NA,NA,NA,NA,57490,NA,NA,NA,NA,NA,NA,NA,NA,NA,NA,NA,NA,"2011"
655,"Southern Currents / Corrientes Del Sur","14","City-wide",1,18000,NA,NA,NA,NA,NA,NA,NA,NA,NA,NA,NA,NA,NA,NA,NA,NA,NA,NA,18000,NA,"2011"
656,"Spectrum Composers Collective","28","City-wide",1,4000,NA,NA,NA,NA,NA,NA,NA,NA,NA,NA,NA,NA,NA,NA,NA,NA,NA,NA,4000,NA,"2011"
657,"Springtide Resources, Inc.","20","City-wide",2,31530,10300,NA,NA,NA,NA,NA,21230,NA,NA,NA,NA,NA,NA,NA,NA,NA,NA,NA,NA,NA,"2011"
658,"St. Alban's Boys' and Girls' Club","20","Area services",1,223139,NA,NA,NA,NA,NA,NA,NA,NA,NA,NA,NA,NA,NA,NA,NA,NA,NA,NA,NA,223139,"2011"
659,"St. Bernadette's Family Resource Centre","15","Area services",1,17500,NA,NA,NA,NA,NA,NA,17500,NA,NA,NA,NA,NA,NA,NA,NA,NA,NA,NA,NA,NA,"2011"
660,"St. Christopher House (The)","19","Area services",4,332602,NA,NA,NA,NA,NA,NA,261937,32895,13770,NA,NA,NA,NA,NA,NA,NA,NA,NA,24000,NA,"2011"
661,"St. Clair O'Connor Community Inc.","31","Area services",1,16265,NA,NA,NA,NA,NA,NA,16265,NA,NA,NA,NA,NA,NA,NA,NA,NA,NA,NA,NA,NA,"2011"
662,"St. Clair West Services for Seniors, Inc.","12","Area services",1,46020,NA,NA,NA,NA,NA,NA,46020,NA,NA,NA,NA,NA,NA,NA,NA,NA,NA,NA,NA,NA,"2011"
663,"St. Lawrence Neighbourhood Association","28","Local",1,3700,NA,NA,NA,NA,NA,3700,NA,NA,NA,NA,NA,NA,NA,NA,NA,NA,NA,NA,NA,NA,"2011"
664,"St. Matthew's Bracondale House","21","Area services",1,13405,NA,NA,NA,NA,NA,NA,13405,NA,NA,NA,NA,NA,NA,NA,NA,NA,NA,NA,NA,NA,"2011"
665,"St. Paul's L'Amoreaux Centre","40","Area services",1,88715,NA,NA,NA,NA,NA,NA,88715,NA,NA,NA,NA,NA,NA,NA,NA,NA,NA,NA,NA,NA,"2011"
666,"St. Stephen's Community House","20","City-wide",2,192043,NA,NA,NA,NA,NA,NA,180043,NA,NA,NA,NA,NA,NA,NA,NA,NA,NA,NA,12000,NA,"2011"
667,"Starving Artists Collective","19","City-wide",1,3500,NA,NA,NA,NA,NA,NA,NA,NA,NA,NA,NA,NA,NA,NA,NA,NA,NA,NA,3500,NA,"2011"
668,"Steeles - L'Amoureaux Youth Empowerment Network","39","Local",1,40000,NA,NA,NA,NA,NA,NA,NA,NA,NA,NA,NA,NA,NA,NA,NA,40000,NA,NA,NA,NA,"2011"
669,"Stonegate Community Health Centre","5","Area services",1,79490,NA,NA,NA,NA,NA,NA,79490,NA,NA,NA,NA,NA,NA,NA,NA,NA,NA,NA,NA,NA,"2011"
670,"Stop Community Food Centre (The)","17","City-wide",3,47700,14200,NA,NA,NA,NA,NA,25500,NA,NA,NA,NA,NA,NA,NA,NA,NA,NA,NA,8000,NA,"2011"
671,"Storefront Humber Inc.","6","Local",1,43740,NA,NA,NA,NA,NA,NA,43740,NA,NA,NA,NA,NA,NA,NA,NA,NA,NA,NA,NA,NA,"2011"
672,"Storytellers School of Toronto","21","City-wide",1,25500,NA,NA,NA,NA,NA,NA,NA,NA,NA,NA,NA,NA,NA,NA,NA,NA,NA,NA,25500,NA,"2011"
673,"Street Health Community Nursing Foundation","28","Area services",1,30600,NA,NA,30600,NA,NA,NA,NA,NA,NA,NA,NA,NA,NA,NA,NA,NA,NA,NA,NA,NA,"2011"
674,"Student Assistance in North Toronto for Seniors SAINTS","25","Local",1,10300,NA,NA,NA,NA,NA,NA,10300,NA,NA,NA,NA,NA,NA,NA,NA,NA,NA,NA,NA,NA,"2011"
675,"Studio 180 Theatre Company","28","City-wide",1,10000,NA,NA,NA,NA,NA,NA,NA,NA,NA,NA,NA,NA,NA,NA,NA,NA,NA,NA,10000,NA,"2011"
676,"Subtle Technologies","20","City-wide",1,14000,NA,NA,NA,NA,NA,NA,NA,NA,NA,NA,NA,NA,NA,NA,NA,NA,NA,NA,14000,NA,"2011"
677,"Suburban Beast","20","City-wide",1,5500,NA,NA,NA,NA,NA,NA,NA,NA,NA,NA,NA,NA,NA,NA,NA,NA,NA,NA,5500,NA,"2011"
678,"Support Enhance Access Service (SEAS) Centre","28","Area Services",2,79885,10800,NA,NA,NA,NA,NA,69085,NA,NA,NA,NA,NA,NA,NA,NA,NA,NA,NA,NA,NA,"2011"
679,"SUM","43","City-wide",1,2500,NA,NA,NA,NA,NA,NA,NA,NA,NA,NA,NA,NA,NA,NA,NA,NA,NA,NA,2500,NA,"2011"
680,"SummerWorks Theatre Festival","20","City-wide",1,30000,NA,NA,NA,NA,NA,NA,NA,NA,NA,NA,NA,NA,NA,NA,NA,NA,NA,NA,30000,NA,"2011"
681,"Sunshine Centre for Seniors","28","Local",2,30735,NA,NA,NA,NA,NA,NA,28135,NA,NA,NA,NA,NA,NA,NA,2600,NA,NA,NA,NA,NA,"2011"
682,"Surayi Community Association of Ontario","2","Area services",1,4100,NA,NA,NA,NA,NA,NA,NA,NA,NA,NA,NA,NA,NA,NA,4100,NA,NA,NA,NA,NA,"2011"
683,"Swansea Area Seniors Association","13","Local",1,4900,NA,NA,NA,NA,NA,NA,NA,NA,NA,NA,NA,NA,NA,NA,4900,NA,NA,NA,NA,NA,"2011"
684,"Syme-Woolner Neighbourhood & Family Centre","12","Area services",3,148727,NA,53392,NA,NA,NA,NA,90335,NA,NA,NA,NA,NA,NA,NA,5000,NA,NA,NA,NA,NA,"2011"
685,"Syrinx Concerts Toronto","27","City-wide",1,4000,NA,NA,NA,NA,NA,NA,NA,NA,NA,NA,NA,NA,NA,NA,NA,NA,NA,NA,4000,NA,"2011"
686,"Tafelmusik","20","City-wide",1,140000,NA,NA,NA,NA,NA,NA,NA,NA,NA,NA,NA,NA,NA,NA,NA,NA,NA,NA,140000,NA,"2011"
687,"Talisker Players Chamber  Music","20","City-wide",1,5000,NA,NA,NA,NA,NA,NA,NA,NA,NA,NA,NA,NA,NA,NA,NA,NA,NA,NA,5000,NA,"2011"
688,"Tamala","20","City-wide",1,2500,NA,NA,NA,NA,NA,NA,NA,NA,NA,NA,NA,NA,NA,NA,NA,NA,NA,NA,2500,NA,"2011"
689,"Tamil Eelam Society of Canada (The)","37","City-wide",1,32905,NA,NA,NA,NA,NA,NA,32905,NA,NA,NA,NA,NA,NA,NA,NA,NA,NA,NA,NA,NA,"2011"
690,"Tapestry New Opera Works","28","City-wide",1,35000,NA,NA,NA,NA,NA,NA,NA,NA,NA,NA,NA,NA,NA,NA,NA,NA,NA,NA,35000,NA,"2011"
691,"Tarragon Theatre","21","City-wide",1,190000,NA,NA,NA,NA,NA,NA,NA,NA,NA,NA,NA,NA,NA,NA,NA,NA,NA,NA,190000,NA,"2011"
692,"Tellery","21","City-wide",1,6000,NA,NA,NA,NA,NA,NA,NA,NA,NA,NA,NA,NA,NA,NA,NA,NA,NA,NA,6000,NA,"2011"
693,"Teresa Group (The)","22","City-wide",1,26535,NA,NA,NA,NA,NA,NA,26535,NA,NA,NA,NA,NA,NA,NA,NA,NA,NA,NA,NA,NA,"2011"
694,"Tessellate Institute","20","City-wide",1,5000,NA,NA,NA,NA,NA,NA,NA,NA,NA,NA,NA,NA,NA,NA,NA,NA,NA,NA,5000,NA,"2011"
695,"Textile Museum of Canada","27","City-wide",1,35000,NA,NA,NA,NA,NA,NA,NA,NA,NA,NA,NA,NA,NA,NA,NA,NA,NA,NA,35000,NA,"2011"
696,"Theatre Archipelago","20","City-wide",1,9000,NA,NA,NA,NA,NA,NA,NA,NA,NA,NA,NA,NA,NA,NA,NA,NA,NA,NA,9000,NA,"2011"
697,"Theatre Centre","19","City-wide",1,82000,NA,NA,NA,NA,NA,NA,NA,NA,NA,NA,NA,NA,NA,NA,NA,NA,NA,NA,82000,NA,"2011"
698,"Theatre Columbus","20","City-wide",1,41000,NA,NA,NA,NA,NA,NA,NA,NA,NA,NA,NA,NA,NA,NA,NA,NA,NA,NA,41000,NA,"2011"
699,"Theatre Direct Canada","21","City-wide",1,63000,NA,NA,NA,NA,NA,NA,NA,NA,NA,NA,NA,NA,NA,NA,NA,NA,NA,NA,63000,NA,"2011"
700,"Theatre Gargantua","19","City-wide",1,11075,NA,NA,NA,NA,NA,NA,NA,NA,NA,NA,NA,NA,NA,NA,NA,NA,NA,NA,11075,NA,"2011"
701,"Theatre Hetaerae","20","City-wide",1,1000,NA,NA,NA,NA,NA,NA,NA,NA,NA,NA,NA,NA,NA,NA,NA,NA,NA,NA,1000,NA,"2011"
702,"Theatre Ontario","20","City-wide",1,11500,NA,NA,NA,NA,NA,NA,NA,NA,NA,NA,NA,NA,NA,NA,NA,NA,NA,NA,11500,NA,"2011"
703,"Theatre Panik","20","City-wide",1,7200,NA,NA,NA,NA,NA,NA,NA,NA,NA,NA,NA,NA,NA,NA,NA,NA,NA,NA,7200,NA,"2011"
704,"Theatre Passe Muraille","20","City-wide",1,151275,NA,NA,NA,NA,NA,NA,NA,NA,NA,NA,NA,NA,NA,NA,NA,NA,NA,NA,151275,NA,"2011"
705,"Theatre Smash","21","City-wide",1,6500,NA,NA,NA,NA,NA,NA,NA,NA,NA,NA,NA,NA,NA,NA,NA,NA,NA,NA,6500,NA,"2011"
706,"Theatre Smith-Gilmour","20","City-wide",1,41000,NA,NA,NA,NA,NA,NA,NA,NA,NA,NA,NA,NA,NA,NA,NA,NA,NA,NA,41000,NA,"2011"
707,"TheatreRun","20","City-wide",1,5000,NA,NA,NA,NA,NA,NA,NA,NA,NA,NA,NA,NA,NA,NA,NA,NA,NA,NA,5000,NA,"2011"
708,"Theatrefront Inc.","28","City-wide",1,10000,NA,NA,NA,NA,NA,NA,NA,NA,NA,NA,NA,NA,NA,NA,NA,NA,NA,NA,10000,NA,"2011"
709,"THEWAVES","19","City-wide",1,6000,NA,NA,NA,NA,NA,NA,NA,NA,NA,NA,NA,NA,NA,NA,NA,NA,NA,NA,6000,NA,"2011"
710,"Thorncliffe Neighbourhood Office of Toronto for Social 
& Multi-Cultural Development","26","Area services",3,70300,24300,NA,NA,NA,NA,NA,40800,NA,NA,NA,NA,NA,NA,NA,5200,NA,NA,NA,NA,NA,"2011"
711,"Throwdown Collective","30","Local",1,5000,NA,NA,NA,NA,NA,NA,NA,NA,NA,NA,NA,NA,NA,NA,NA,NA,NA,NA,5000,NA,"2011"
712,"Tobias House Attendant Care Inc.","32","City-wide",2,33730,NA,NA,NA,NA,NA,NA,21230,NA,NA,NA,NA,NA,NA,NA,12500,NA,NA,NA,NA,NA,"2011"
713,"Topological Theatre","19","City-wide",1,12350,NA,NA,NA,NA,NA,NA,NA,NA,NA,NA,NA,NA,NA,NA,NA,NA,NA,NA,12350,NA,"2011"
714,"Toronto ACORN","29","City-wide",1,15000,15000,NA,NA,NA,NA,NA,NA,NA,NA,NA,NA,NA,NA,NA,NA,NA,NA,NA,NA,NA,"2011"
715,"Toronto Alliance for the Performing Arts","20","City-wide",2,113500,NA,NA,NA,NA,40000,NA,NA,NA,NA,NA,NA,NA,NA,NA,NA,NA,NA,NA,73500,NA,"2011"
716,"Toronto and Central Ontario Hemophilia Society","27","City-wide",1,31845,NA,NA,NA,NA,NA,NA,31845,NA,NA,NA,NA,NA,NA,NA,NA,NA,NA,NA,NA,NA,"2011"
717,"Toronto Alternative Arts And Fashion","14","City-wide",1,4000,NA,NA,NA,NA,NA,NA,NA,NA,NA,NA,NA,NA,NA,NA,NA,NA,NA,NA,4000,NA,"2011"
718,"Toronto Animated Image Society","14","City-wide",1,6500,NA,NA,NA,NA,NA,NA,NA,NA,NA,NA,NA,NA,NA,NA,NA,NA,NA,NA,6500,NA,"2011"
719,"Toronto Artscape Inc. - Artscape","19","City-wide",1,264020,NA,NA,NA,264020,NA,NA,NA,NA,NA,NA,NA,NA,NA,NA,NA,NA,NA,NA,NA,NA,"2011"
720,"Toronto Association of Business Improvement Areas (TABIA)","13","City-wide",1,35000,NA,NA,NA,NA,35000,NA,NA,NA,NA,NA,NA,NA,NA,NA,NA,NA,NA,NA,NA,NA,"2011"
721,"Toronto Blues Society","27","City-wide",1,27000,NA,NA,NA,NA,NA,NA,NA,NA,NA,NA,NA,NA,NA,NA,NA,NA,NA,NA,27000,NA,"2011"
722,"Toronto Book and Magazine Fair","27","City-wide",1,37500,NA,NA,NA,NA,NA,NA,NA,NA,NA,NA,NA,NA,NA,NA,NA,NA,NA,NA,37500,NA,"2011"
723,"Toronto Centre for Community Learning & Development","28","Area Services",1,20000,20000,NA,NA,NA,NA,NA,NA,NA,NA,NA,NA,NA,NA,NA,NA,NA,NA,NA,NA,NA,"2011"
724,"Toronto Chamber Choir","22","City-wide",1,7500,NA,NA,NA,NA,NA,NA,NA,NA,NA,NA,NA,NA,NA,NA,NA,NA,NA,NA,7500,NA,"2011"
725,"Toronto Children's Chorus","20","City-wide",1,28000,NA,NA,NA,NA,NA,NA,NA,NA,NA,NA,NA,NA,NA,NA,NA,NA,NA,NA,28000,NA,"2011"
726,"Toronto Coalition for Better Child Care","19","City-wide",1,21230,NA,NA,NA,NA,NA,NA,21230,NA,NA,NA,NA,NA,NA,NA,NA,NA,NA,NA,NA,NA,"2011"
727,"Toronto Community & Culture Centre","20","City-wide",2,19025,NA,NA,NA,NA,NA,NA,15925,NA,NA,NA,NA,NA,NA,NA,3100,NA,NA,NA,NA,NA,"2011"
728,"Toronto Community Garden Network","15","City-wide",1,1100,NA,NA,NA,NA,NA,1100,NA,NA,NA,NA,NA,NA,NA,NA,NA,NA,NA,NA,NA,NA,"2011"
729,"Toronto Consort","20","City-wide",1,19000,NA,NA,NA,NA,NA,NA,NA,NA,NA,NA,NA,NA,NA,NA,NA,NA,NA,NA,19000,NA,"2011"
730,"Toronto Dance Theatre","20","City-wide",1,146450,NA,NA,NA,NA,NA,NA,NA,NA,NA,NA,NA,NA,NA,NA,NA,NA,NA,NA,146450,NA,"2011"
731,"Toronto Downtown Jazz","20","City-wide",1,10000,NA,NA,NA,NA,NA,NA,NA,NA,NA,NA,NA,NA,NA,NA,NA,NA,NA,NA,10000,NA,"2011"
732,"Toronto Drama Troupe","33","Local",1,4000,NA,NA,NA,NA,NA,NA,NA,NA,NA,NA,NA,NA,NA,NA,NA,NA,NA,NA,4000,NA,"2011"
733,"Toronto Early Music Centre","27","City-wide",1,5250,NA,NA,NA,NA,NA,NA,NA,NA,NA,NA,NA,NA,NA,NA,NA,NA,NA,NA,5250,NA,"2011"
734,"Toronto Festival of Arts, Culture and Creativity - LuminaTO Festival","28","City-wide",1,2e+05,NA,NA,NA,2e+05,NA,NA,NA,NA,NA,NA,NA,NA,NA,NA,NA,NA,NA,NA,NA,NA,"2011"
735,"Toronto Finnish Canadian Seniors Centre","26","City-wide",1,15705,NA,NA,NA,NA,NA,NA,15705,NA,NA,NA,NA,NA,NA,NA,NA,NA,NA,NA,NA,NA,"2011"
736,"Toronto Foundation for Student Success","12","City-wide",1,3055551,NA,NA,NA,NA,NA,NA,NA,NA,NA,NA,NA,NA,NA,NA,NA,NA,3055551,NA,NA,NA,"2011"
737,"Toronto Harm Reduction Task Force","27","City-wide",1,19915,NA,NA,NA,NA,NA,NA,NA,19915,NA,NA,NA,NA,NA,NA,NA,NA,NA,NA,NA,NA,"2011"
738,"Toronto Heritage Dance","28","City-wide",1,7500,NA,NA,NA,NA,NA,NA,NA,NA,NA,NA,NA,NA,NA,NA,NA,NA,NA,NA,7500,NA,"2011"
739,"Toronto Intergenerational Partnerships","29","Area services",1,18045,NA,NA,NA,NA,NA,NA,18045,NA,NA,NA,NA,NA,NA,NA,NA,NA,NA,NA,NA,NA,"2011"
740,"Toronto International Film Festival TIFF","20","City-wide",1,8e+05,NA,NA,NA,8e+05,NA,NA,NA,NA,NA,NA,NA,NA,NA,NA,NA,NA,NA,NA,NA,NA,"2011"
741,"Toronto International Flamenco Festival","19","City-wide",1,7000,NA,NA,NA,NA,NA,NA,NA,NA,NA,NA,NA,NA,NA,NA,NA,NA,NA,NA,7000,NA,"2011"
742,"Toronto Jewish Film Festival","20","City-wide",1,12000,NA,NA,NA,NA,NA,NA,NA,NA,NA,NA,NA,NA,NA,NA,NA,NA,NA,NA,12000,NA,"2011"
743,"Toronto Jewish Folk Choir","16","City-wide",1,5800,NA,NA,NA,NA,NA,NA,NA,NA,NA,NA,NA,NA,NA,NA,NA,NA,NA,NA,5800,NA,"2011"
744,"Toronto Kiwanis Boys and Girls Club","28","Local",1,87197,NA,NA,NA,NA,NA,NA,87197,NA,NA,NA,NA,NA,NA,NA,NA,NA,NA,NA,NA,NA,"2011"
745,"Toronto Masque Theatre","20","City-wide",1,9000,NA,NA,NA,NA,NA,NA,NA,NA,NA,NA,NA,NA,NA,NA,NA,NA,NA,NA,9000,NA,"2011"
746,"Toronto Mendelssohn Choir","20","City-wide",1,60900,NA,NA,NA,NA,NA,NA,NA,NA,NA,NA,NA,NA,NA,NA,NA,NA,NA,NA,60900,NA,"2011"
747,"Toronto Opera Repertoire","19","City-wide",1,6000,NA,NA,NA,NA,NA,NA,NA,NA,NA,NA,NA,NA,NA,NA,NA,NA,NA,NA,6000,NA,"2011"
748,"Toronto Operetta Theatre","28","City-wide",1,19000,NA,NA,NA,NA,NA,NA,NA,NA,NA,NA,NA,NA,NA,NA,NA,NA,NA,NA,19000,NA,"2011"
749,"Toronto People With AIDS Foundation","28","City-wide",2,92170,NA,63375,NA,NA,NA,NA,28795,NA,NA,NA,NA,NA,NA,NA,NA,NA,NA,NA,NA,NA,"2011"
750,"Toronto Photographers Workshop","19","City-wide",1,61000,NA,NA,NA,NA,NA,NA,NA,NA,NA,NA,NA,NA,NA,NA,NA,NA,NA,NA,61000,NA,"2011"
751,"Toronto Poetry Project","20","City-wide",1,3000,NA,NA,NA,NA,NA,NA,NA,NA,NA,NA,NA,NA,NA,NA,NA,NA,NA,NA,3000,NA,"2011"
752,"Toronto Reel Asian International Film Festival","19","City-wide",1,25000,NA,NA,NA,NA,NA,NA,NA,NA,NA,NA,NA,NA,NA,NA,NA,NA,NA,NA,25000,NA,"2011"
753,"Toronto Rape Crisis Centre/Multicultural Against Rape","20","City-wide",2,41345,NA,NA,NA,NA,NA,3000,38345,NA,NA,NA,NA,NA,NA,NA,NA,NA,NA,NA,NA,NA,"2011"
754,"Toronto Renewable Energy Co-operative","20","City-wide",2,31800,NA,NA,NA,NA,30000,1800,NA,NA,NA,NA,NA,NA,NA,NA,NA,NA,NA,NA,NA,NA,"2011"
755,"Toronto Sinfonietta","27","City-wide",1,3000,NA,NA,NA,NA,NA,NA,NA,NA,NA,NA,NA,NA,NA,NA,NA,NA,NA,NA,3000,NA,"2011"
756,"Toronto Sketch Comedy Festival Group","19","City-wide",1,3400,NA,NA,NA,NA,NA,NA,NA,NA,NA,NA,NA,NA,NA,NA,NA,NA,NA,NA,3400,NA,"2011"
757,"Toronto Small Press Group","19","City-wide",1,5000,NA,NA,NA,NA,NA,NA,NA,NA,NA,NA,NA,NA,NA,NA,NA,NA,NA,NA,5000,NA,"2011"
758,"Toronto Summer Music Foundation","20","City-wide",1,5000,NA,NA,NA,NA,NA,NA,NA,NA,NA,NA,NA,NA,NA,NA,NA,NA,NA,NA,5000,NA,"2011"
759,"Toronto Symphony Orchestra","20","City-wide",1,1134036,NA,NA,NA,1134036,NA,NA,NA,NA,NA,NA,NA,NA,NA,NA,NA,NA,NA,NA,NA,NA,"2011"
760,"Toronto Synchronized Swimming Club","22","City-wide",1,3000,NA,NA,NA,NA,NA,NA,NA,NA,NA,NA,NA,NA,NA,NA,3000,NA,NA,NA,NA,NA,"2011"
761,"Toronto Tabla Ensemble","19","City-wide",1,15000,NA,NA,NA,NA,NA,NA,NA,NA,NA,NA,NA,NA,NA,NA,NA,NA,NA,NA,15000,NA,"2011"
762,"Toronto Tamil Seniors Association","28","Local",1,21230,NA,NA,NA,NA,NA,NA,21230,NA,NA,NA,NA,NA,NA,NA,NA,NA,NA,NA,NA,NA,"2011"
763,"Toronto Women's City Alliance","16","City-wide",1,31400,31400,NA,NA,NA,NA,NA,NA,NA,NA,NA,NA,NA,NA,NA,NA,NA,NA,NA,NA,NA,"2011"
764,"Touchstone Youth Centre-Youth Advisory Committee","29","Local",1,4826,NA,NA,NA,NA,NA,NA,NA,NA,NA,NA,NA,4826,NA,NA,NA,NA,NA,NA,NA,NA,"2011"
765,"Town of York Historical Society (Toronto's First Post Office)","28","City-wide",1,27739.92,NA,NA,NA,NA,NA,NA,NA,NA,NA,NA,NA,NA,NA,27739.92,NA,NA,NA,NA,NA,NA,"2011"
766,"Toy Piano Composers","20","City-wide",1,2000,NA,NA,NA,NA,NA,NA,NA,NA,NA,NA,NA,NA,NA,NA,NA,NA,NA,NA,2000,NA,"2011"
767,"Trailblazers Tandem Cycling Club","32","City-wide",1,2000,NA,NA,NA,NA,NA,NA,NA,NA,NA,NA,NA,NA,NA,NA,2000,NA,NA,NA,NA,NA,"2011"
768,"Transcare Community Support Services (formerly Scarborough Support Services for the Elderly Inc)","39","Area services",1,74275,NA,NA,NA,NA,NA,NA,74275,NA,NA,NA,NA,NA,NA,NA,NA,NA,NA,NA,NA,NA,"2011"
769,"Tribal Crackling Wind for the Arts","20","City-wide",1,15000,NA,NA,NA,NA,NA,NA,NA,NA,NA,NA,NA,NA,NA,NA,NA,NA,NA,NA,15000,NA,"2011"
770,"Trigger Collective","19","City-wide",1,3500,NA,NA,NA,NA,NA,NA,NA,NA,NA,NA,NA,NA,NA,NA,NA,NA,NA,NA,3500,NA,"2011"
771,"Trinity Square Video","20","City-wide",1,50000,NA,NA,NA,NA,NA,NA,NA,NA,NA,NA,NA,NA,NA,NA,NA,NA,NA,NA,50000,NA,"2011"
772,"Tropicana Community Services Organization","38","Area services",1,68320,NA,NA,NA,NA,NA,NA,68320,NA,NA,NA,NA,NA,NA,NA,NA,NA,NA,NA,NA,NA,"2011"
773,"True Davidson Meals on Wheels (E.York) Inc.","31","Local",1,19160,NA,NA,NA,NA,NA,NA,19160,NA,NA,NA,NA,NA,NA,NA,NA,NA,NA,NA,NA,NA,"2011"
774,"Tune Your Ride Collective","19","Area services",1,1500,NA,NA,NA,NA,NA,NA,NA,NA,NA,NA,NA,NA,NA,NA,NA,NA,NA,NA,1500,NA,"2011"
775,"Typecast Dance Company","28","City-wide",1,6000,NA,NA,NA,NA,NA,NA,NA,NA,NA,NA,NA,NA,NA,NA,NA,NA,NA,NA,6000,NA,"2011"
776,"Ukrainian Canadian Social Services (Toronto) Inc.","13","City-wide",1,35070,NA,NA,NA,NA,NA,NA,35070,NA,NA,NA,NA,NA,NA,NA,NA,NA,NA,NA,NA,NA,"2011"
777,"Unison Health and Community Services (York Community Services)","12","Local",1,45015,NA,NA,NA,NA,NA,NA,45015,NA,NA,NA,NA,NA,NA,NA,NA,NA,NA,NA,NA,NA,"2011"
778,"Unit Productions","20","City-wide",1,1500,NA,NA,NA,NA,NA,NA,NA,NA,NA,NA,NA,NA,NA,NA,NA,NA,NA,NA,1500,NA,"2011"
779,"United Way of Greater Toronto-Toronto Enterprise Fund","28","City-wide",1,250000,NA,NA,NA,NA,NA,NA,NA,NA,NA,NA,250000,NA,NA,NA,NA,NA,NA,NA,NA,NA,"2011"
780,"University of Toronto Track and Field Club","20","City-wide",1,28000,NA,NA,NA,NA,NA,NA,NA,NA,NA,NA,NA,NA,NA,NA,28000,NA,NA,NA,NA,NA,"2011"
781,"University Settlement Recreation Centre","20","Local",1,155452,NA,NA,NA,NA,NA,NA,NA,NA,NA,NA,NA,NA,NA,NA,NA,NA,NA,NA,NA,155452,"2011"
782,"Univox Choir Toronto","18","City-wide",1,4750,NA,NA,NA,NA,NA,NA,NA,NA,NA,NA,NA,NA,NA,NA,NA,NA,NA,NA,4750,NA,"2011"
783,"UnSpun Theatre","19","City-wide",1,9000,NA,NA,NA,NA,NA,NA,NA,NA,NA,NA,NA,NA,NA,NA,NA,NA,NA,NA,9000,NA,"2011"
784,"Urban Alliance on Race Relations","20","City-wide",1,41000,41000,NA,NA,NA,NA,NA,NA,NA,NA,NA,NA,NA,NA,NA,NA,NA,NA,NA,NA,NA,"2011"
785,"Urban Non-Violence Initiatives Through Youth","27","Area Services",2,10300,NA,NA,NA,NA,NA,1300,NA,NA,NA,NA,NA,NA,NA,NA,NA,NA,NA,NA,9000,NA,"2011"
786,"UrbanArts Community Arts Council","11","Local",2,118045,NA,NA,NA,NA,NA,NA,NA,NA,23410,NA,NA,NA,94635,NA,NA,NA,NA,NA,NA,NA,"2011"
787,"UYIRPPU - Progressive Tamil Women Artistic Organization","8","City-wide",1,2000,NA,NA,NA,NA,NA,NA,NA,NA,NA,NA,NA,NA,NA,NA,NA,NA,NA,NA,2000,NA,"2011"
788,"V Tape","20","City-wide",1,52000,NA,NA,NA,NA,NA,NA,NA,NA,NA,NA,NA,NA,NA,NA,NA,NA,NA,NA,52000,NA,"2011"
789,"Variety- The Childen's Charity","36","City-wide",1,30900,NA,NA,NA,NA,NA,NA,NA,NA,NA,NA,NA,NA,NA,NA,30900,NA,NA,NA,NA,NA,"2011"
790,"Vasantham - A Tamil Seniors Wellness Centre","37","City-wide",2,5800,NA,NA,NA,NA,NA,1800,NA,NA,NA,NA,NA,NA,NA,NA,4000,NA,NA,NA,NA,NA,"2011"
791,"Vermont Square Parent Child Mother Goose Program","19","City-wide",1,23770,NA,NA,NA,NA,NA,NA,23770,NA,NA,NA,NA,NA,NA,NA,NA,NA,NA,NA,NA,NA,"2011"
792,"Vesnivka Choir Inc.","13","City-wide",1,8000,NA,NA,NA,NA,NA,NA,NA,NA,NA,NA,NA,NA,NA,NA,NA,NA,NA,NA,8000,NA,"2011"
793,"Via Salzburg","27","City-wide",1,13000,NA,NA,NA,NA,NA,NA,NA,NA,NA,NA,NA,NA,NA,NA,NA,NA,NA,NA,13000,NA,"2011"
794,"Victim Services Program of Toronto","27","City-wide",1,171945,NA,NA,NA,NA,NA,NA,171945,NA,NA,NA,NA,NA,NA,NA,NA,NA,NA,NA,NA,NA,"2011"
795,"Victoria Park Cricket Club","42","Local",1,10000,NA,NA,NA,NA,NA,NA,NA,NA,NA,NA,NA,NA,NA,NA,10000,NA,NA,NA,NA,NA,"2011"
796,"Victoria Scholars Men's Choral Ensemble","5","City-wide",1,6600,NA,NA,NA,NA,NA,NA,NA,NA,NA,NA,NA,NA,NA,NA,NA,NA,NA,NA,6600,NA,"2011"
797,"VideoCabaret International","20","City-wide",1,54800,NA,NA,NA,NA,NA,NA,NA,NA,NA,NA,NA,NA,NA,NA,NA,NA,NA,NA,54800,NA,"2011"
798,"Videography 4 Kids","8","Local",1,8000,NA,NA,NA,NA,NA,NA,NA,NA,NA,NA,NA,NA,NA,NA,NA,NA,NA,NA,8000,NA,"2011"
799,"Vietnamese Women's Association Toronto","17","City-wide",3,56970,NA,NA,NA,NA,NA,1800,53070,NA,NA,NA,NA,NA,NA,NA,2100,NA,NA,NA,NA,NA,"2011"
800,"Villa Colombo Homes For The Aged","15","City-wide",1,27665,NA,NA,NA,NA,NA,NA,27665,NA,NA,NA,NA,NA,NA,NA,NA,NA,NA,NA,NA,NA,"2011"
801,"VIVA! Youth Singers of Toronto","20","City-wide",1,7000,NA,NA,NA,NA,NA,NA,NA,NA,NA,NA,NA,NA,NA,NA,NA,NA,NA,NA,7000,NA,"2011"
802,"Volcano Non-Profit Productions Inc.","28","City-wide",1,32000,NA,NA,NA,NA,NA,NA,NA,NA,NA,NA,NA,NA,NA,NA,NA,NA,NA,NA,32000,NA,"2011"
803,"Volunteer Centre of Toronto","20","City-wide",1,177280,NA,NA,NA,NA,NA,NA,177280,NA,NA,NA,NA,NA,NA,NA,NA,NA,NA,NA,NA,NA,"2011"
804,"Warden Woods Church & Community Centre","35","Area services",2,239500,NA,NA,22400,NA,NA,NA,217100,NA,NA,NA,NA,NA,NA,NA,NA,NA,NA,NA,NA,NA,"2011"
805,"Wavelength Music Arts Projects","19","City-wide",1,6500,NA,NA,NA,NA,NA,NA,NA,NA,NA,NA,NA,NA,NA,NA,NA,NA,NA,NA,6500,NA,"2011"
806,"Webber/O'Connell Collective","20","City-wide",1,7000,NA,NA,NA,NA,NA,NA,NA,NA,NA,NA,NA,NA,NA,NA,NA,NA,NA,NA,7000,NA,"2011"
807,"We Help Youth","3","Area services",2,19200,16200,NA,NA,NA,NA,NA,NA,NA,NA,NA,NA,NA,NA,NA,3000,NA,NA,NA,NA,NA,"2011"
808,"Wedge Curatorial Projects","28","City-wide",1,4000,NA,NA,NA,NA,NA,NA,NA,NA,NA,NA,NA,NA,NA,NA,NA,NA,NA,NA,4000,NA,"2011"
809,"Wells Hill Lawn Bowling Club","21","Local",1,2600,NA,NA,NA,NA,NA,NA,NA,NA,NA,NA,NA,NA,NA,NA,2600,NA,NA,NA,NA,NA,"2011"
810,"West Scarborough Neighbourhood Community Centre","35","Area services",2,172317,NA,NA,NA,NA,NA,NA,150837,NA,21480,NA,NA,NA,NA,NA,NA,NA,NA,NA,NA,NA,"2011"
811,"West Toronto Lawn Bowling Club","13","Local",1,3670,NA,NA,NA,NA,NA,NA,NA,NA,NA,NA,NA,NA,NA,NA,3670,NA,NA,NA,NA,NA,"2011"
812,"West Toronto Support Services for Senior Citizens and the Disabled Inc.","18","Area services",1,38540,NA,NA,NA,NA,NA,NA,38540,NA,NA,NA,NA,NA,NA,NA,NA,NA,NA,NA,NA,NA,"2011"
813,"Weston Minor Hockey League","11","Local",1,12500,NA,NA,NA,NA,NA,NA,NA,NA,NA,NA,NA,NA,NA,NA,12500,NA,NA,NA,NA,NA,"2011"
814,"Weston Village B.I.A.","11","Local",1,4000,NA,NA,NA,NA,NA,4000,NA,NA,NA,NA,NA,NA,NA,NA,NA,NA,NA,NA,NA,NA,"2011"
815,"We Will Now","29","City-wide",1,10000,NA,NA,NA,NA,NA,NA,NA,NA,NA,NA,NA,10000,NA,NA,NA,NA,NA,NA,NA,NA,"2011"
816,"Wexford Residence Inc. (The)","37","Local",1,19005,NA,NA,NA,NA,NA,NA,19005,NA,NA,NA,NA,NA,NA,NA,NA,NA,NA,NA,NA,NA,"2011"
817,"Whippersnapper Gallery","20","Area services",1,2000,NA,NA,NA,NA,NA,NA,NA,NA,NA,NA,NA,NA,NA,NA,NA,NA,NA,NA,2000,NA,"2011"
818,"Window Collective","19","City-wide",1,4000,NA,NA,NA,NA,NA,NA,NA,NA,NA,NA,NA,NA,NA,NA,NA,NA,NA,NA,4000,NA,"2011"
819,"Woman Abuse Council of Toronto","12","City-wide",1,53070,NA,NA,NA,NA,NA,NA,53070,NA,NA,NA,NA,NA,NA,NA,NA,NA,NA,NA,NA,NA,"2011"
820,"Women's Art Resource Centre","20","City-wide",1,37000,NA,NA,NA,NA,NA,NA,NA,NA,NA,NA,NA,NA,NA,NA,NA,NA,NA,NA,37000,NA,"2011"
821,"Women's Counselling Referral & Education Centre (W.C.R.E.C.)","19","City-wide",1,30420,NA,NA,NA,NA,NA,NA,30420,NA,NA,NA,NA,NA,NA,NA,NA,NA,NA,NA,NA,NA,"2011"
822,"Women Engaging Young Women","27","Local",1,10000,NA,NA,NA,NA,NA,NA,NA,NA,NA,NA,NA,10000,NA,NA,NA,NA,NA,NA,NA,NA,"2011"
823,"Women’s Health in Women’s Hands Community Health Centre","27","City-wide",1,82327,NA,82327,NA,NA,NA,NA,NA,NA,NA,NA,NA,NA,NA,NA,NA,NA,NA,NA,NA,NA,"2011"
824,"Women's Musical Club of Toronto","20","City-wide",1,2500,NA,NA,NA,NA,NA,NA,NA,NA,NA,NA,NA,NA,NA,NA,NA,NA,NA,NA,2500,NA,"2011"
825,"Woodgreen Community Services","30","Area services",1,293653,NA,NA,NA,NA,NA,NA,293653,NA,NA,NA,NA,NA,NA,NA,NA,NA,NA,NA,NA,NA,"2011"
826,"Workers Action Centre","20","City-wide",2,70940,20000,NA,NA,NA,NA,NA,50940,NA,NA,NA,NA,NA,NA,NA,NA,NA,NA,NA,NA,NA,"2011"
827,"Working Women Community Centre","18","City-wide",3,135074,NA,NA,NA,NA,NA,NA,113509,NA,14565,NA,NA,NA,NA,NA,NA,NA,NA,NA,7000,NA,"2011"
828,"Workman Arts Project","18","City-wide",1,7500,NA,NA,NA,NA,NA,NA,NA,NA,NA,NA,NA,NA,NA,NA,NA,NA,NA,NA,7500,NA,"2011"
829,"XPACE Cultural Centre","19","City-wide",1,2500,NA,NA,NA,NA,NA,NA,NA,NA,NA,NA,NA,NA,NA,NA,NA,NA,NA,NA,2500,NA,"2011"
830,"Xxi","14","City-wide",1,2500,NA,NA,NA,NA,NA,NA,NA,NA,NA,NA,NA,NA,NA,NA,NA,NA,NA,NA,2500,NA,"2011"
831,"Year Zero One","27","City-wide",1,2500,NA,NA,NA,NA,NA,NA,NA,NA,NA,NA,NA,NA,NA,NA,NA,NA,NA,NA,2500,NA,"2011"
832,"Young Diplomats Ethiopian Youth Development Group","14","City-wide",1,10000,NA,NA,NA,NA,NA,NA,NA,NA,NA,NA,NA,10000,NA,NA,NA,NA,NA,NA,NA,NA,"2011"
833,"York Swim Club","12","Area services",1,6300,NA,NA,NA,NA,NA,NA,NA,NA,NA,NA,NA,NA,NA,NA,6300,NA,NA,NA,NA,NA,"2011"
834,"York West Active Living Centre","12","Area services",2,91914,NA,NA,NA,NA,NA,NA,86714,NA,NA,NA,NA,NA,NA,NA,5200,NA,NA,NA,NA,NA,"2011"
835,"York Youth Coalition","11","Local",1,41000,NA,NA,NA,NA,NA,NA,NA,NA,NA,NA,NA,NA,NA,NA,NA,41000,NA,NA,NA,NA,"2011"
836,"York-Fairbank Centre For Seniors","15","Area services",3,200730,NA,NA,35000,NA,NA,NA,150730,NA,NA,NA,NA,NA,NA,NA,15000,NA,NA,NA,NA,NA,"2011"
837,"Yorkminster Park Meals on Wheels","22","Area services",1,8215,NA,NA,NA,NA,NA,NA,8215,NA,NA,NA,NA,NA,NA,NA,NA,NA,NA,NA,NA,NA,"2011"
838,"Yorktown Child and Family Centre","17","Area services",1,31845,NA,NA,NA,NA,NA,NA,31845,NA,NA,NA,NA,NA,NA,NA,NA,NA,NA,NA,NA,NA,"2011"
839,"Young People's Theatre (Lorraine Kimsa Theatre For Young People)","28","City-wide",2,361000,NA,NA,NA,NA,NA,NA,NA,60000,NA,NA,NA,NA,NA,NA,NA,NA,NA,NA,301000,NA,"2011"
840,"Youth Action Network","20","City-wide",1,38500,38500,NA,NA,NA,NA,NA,NA,NA,NA,NA,NA,NA,NA,NA,NA,NA,NA,NA,NA,NA,"2011"
841,"Youth Assisting Youth","23","City-wide",3,67635,NA,NA,NA,NA,NA,NA,45930,17705,NA,NA,NA,NA,NA,NA,4000,NA,NA,NA,NA,NA,"2011"
842,"Youth In Action","31","Area services",1,9800,NA,NA,NA,NA,NA,NA,NA,NA,NA,NA,NA,9800,NA,NA,NA,NA,NA,NA,NA,NA,"2011"
843,"YOUTHLINK","35","Area services",4,151063,NA,88550,NA,NA,NA,NA,35600,22413,NA,NA,NA,NA,NA,NA,4500,NA,NA,NA,NA,NA,"2011"
844,"Youth Services Network","26","Local",1,41000,NA,NA,NA,NA,NA,NA,NA,NA,NA,NA,NA,NA,NA,NA,NA,41000,NA,NA,NA,NA,"2011"
845,"YYZ Artists' Outlet","20","City-wide",1,65000,NA,NA,NA,NA,NA,NA,NA,NA,NA,NA,NA,NA,NA,NA,NA,NA,NA,NA,65000,NA,"2011"
846,"Zata Omm Dance Projects","20","City-wide",1,8000,NA,NA,NA,NA,NA,NA,NA,NA,NA,NA,NA,NA,NA,NA,NA,NA,NA,NA,8000,NA,"2011"
NA,NA,NA,NA,NA,NA,NA,NA,NA,NA,NA,NA,NA,NA,NA,NA,NA,NA,NA,NA,NA,NA,NA,NA,NA,NA,"2011"
NA,"Number of Grants",NA,NA,1030,NA,41,32,24,11,11,28,222,26,20,26,26,18,4,3,81,11,2,1,437,6,"2011"
NA,"TOTAL ($)",NA,NA,NA,42605366.29,805070,1679000,696860,6294980,386990,99710,13136342,792538,353940,255000,2504038.29,171760,533410,78999,592969,407840,3819580,545170,8996495,462675,"2011"
NA,NA,NA,NA,NA,NA,NA,NA,NA,NA,NA,NA,NA,NA,NA,NA,NA,NA,NA,NA,NA,NA,NA,NA,NA,NA,"2011"
NA,NA,NA,NA,NA,NA,NA,NA,NA,NA,NA,NA,NA,NA,NA,NA,NA,NA,NA,NA,NA,NA,NA,NA,NA,NA,"2011"
NA,NA,NA,NA,NA,NA,NA,NA,NA,NA,NA,NA,NA,NA,NA,NA,NA,NA,NA,NA,NA,NA,NA,NA,NA,NA,"2011"
NA,NA,NA,NA,NA,NA,NA,NA,NA,NA,NA,NA,NA,NA,NA,NA,NA,NA,NA,NA,NA,NA,NA,NA,NA,NA,"2011"
NA,NA,NA,NA,NA,NA,NA,NA,NA,NA,NA,NA,NA,NA,NA,NA,NA,NA,NA,NA,NA,NA,NA,NA,NA,NA,"2011"
NA,NA,NA,NA,NA,NA,NA,NA,NA,NA,NA,NA,NA,NA,NA,NA,NA,NA,NA,NA,NA,NA,NA,NA,NA,NA,"2011"
NA,NA,NA,NA,NA,NA,NA,NA,NA,NA,NA,NA,NA,NA,NA,NA,NA,NA,NA,NA,NA,NA,NA,NA,NA,NA,"2011"
NA,NA,NA,NA,NA,NA,NA,NA,NA,NA,NA,NA,NA,NA,NA,NA,NA,NA,NA,NA,NA,NA,NA,NA,NA,NA,"2011"
NA,NA,NA,NA,NA,NA,NA,NA,NA,NA,NA,NA,NA,NA,NA,NA,NA,NA,NA,NA,NA,NA,NA,NA,NA,NA,"2011"
NA,NA,NA,NA,NA,NA,NA,NA,NA,NA,NA,NA,NA,NA,NA,NA,NA,NA,NA,NA,NA,NA,NA,NA,NA,NA,"2011"
NA,NA,NA,NA,NA,NA,NA,NA,NA,NA,NA,NA,NA,NA,NA,NA,NA,NA,NA,NA,NA,NA,NA,NA,NA,NA,"2011"
NA,NA,NA,NA,NA,NA,NA,NA,NA,NA,NA,NA,NA,NA,NA,NA,NA,NA,NA,NA,NA,NA,NA,NA,NA,NA,"2011"
NA,NA,NA,NA,NA,NA,NA,NA,NA,NA,NA,NA,NA,NA,NA,NA,NA,NA,NA,NA,NA,NA,NA,NA,NA,NA,"2011"
NA,"Prepared by SDF&A, Community Resources",NA,NA,NA,NA,NA,NA,NA,NA,NA,NA,NA,NA,NA,NA,NA,NA,NA,NA,NA,NA,NA,NA,NA,NA,"2011"
NA,NA,NA,NA,NA,NA,NA,NA,NA,NA,NA,NA,NA,NA,NA,NA,NA,NA,NA,NA,NA,NA,NA,NA,NA,NA,"2011"
NA,NA,NA,NA,NA,NA,NA,NA,NA,NA,NA,NA,NA,NA,NA,NA,NA,NA,NA,NA,NA,NA,NA,NA,NA,NA,"2011"
NA,"For more information, contact:",NA,NA,NA,NA,NA,NA,NA,NA,NA,NA,NA,NA,NA,NA,NA,NA,NA,NA,NA,NA,NA,NA,NA,NA,"2011"
NA,"Sue Kaiser, Manager, Community Funding Programs",NA,NA,NA,NA,NA,NA,NA,NA,NA,NA,NA,NA,NA,NA,NA,NA,NA,NA,NA,NA,NA,NA,NA,NA,"2011"
NA,"416-397-7302",NA,NA,NA,NA,NA,NA,NA,NA,NA,NA,NA,NA,NA,NA,NA,NA,NA,NA,NA,NA,NA,NA,NA,NA,"2011"
NA,"skaiser@toronto.ca",NA,NA,NA,NA,NA,NA,NA,NA,NA,NA,NA,NA,NA,NA,NA,NA,NA,NA,NA,NA,NA,NA,NA,NA,"2011"
