"#","Organization","Ward","Service Area","# of Grants","Total Allocations","AEHR","CCRF","CLI","CR","CSI","CFSE","CSP","CBIP","StART","HER","HIF","INI","LASO","MCO","MUS","SDIP","SNP","TAC","OTHER","year"
1,"4.03","14","City-wide","1",10000,NA,NA,NA,NA,NA,NA,NA,NA,NA,NA,NA,NA,NA,NA,NA,NA,NA,10000,NA,"2016"
2,"21 to 15","37","Area services","1",10000,NA,NA,NA,NA,NA,NA,NA,NA,NA,NA,NA,10000,NA,NA,NA,NA,NA,NA,NA,"2016"
3,"42 Voices","42","Local","1",30000,NA,NA,NA,NA,NA,NA,NA,NA,NA,NA,NA,NA,NA,NA,NA,30000,NA,NA,NA,"2016"
4,"1025 Scarlett - Move","2","Area services","1",3000,NA,3000,NA,NA,NA,NA,NA,NA,NA,NA,NA,NA,NA,NA,NA,NA,NA,NA,NA,"2016"
5,"8488827 Canada Association","20","Local","1",15000,NA,NA,NA,NA,NA,NA,NA,NA,NA,NA,NA,NA,NA,NA,NA,NA,NA,15000,NA,"2016"
6,"97Niagara","14","City-wide","1",4500,NA,NA,NA,NA,NA,NA,NA,NA,NA,NA,NA,NA,NA,NA,NA,NA,NA,4500,NA,"2016"
7,"2Spirit SkillShare","19","City-wide","1",9965,NA,NA,NA,NA,NA,NA,NA,NA,NA,NA,NA,NA,NA,NA,NA,NA,NA,9965,NA,"2016"
8,"519 Church Street Community Centre","27","City-wide","2",135399,NA,NA,NA,NA,NA,NA,58645,NA,NA,NA,76754,NA,NA,NA,NA,NA,NA,NA,NA,"2016"
9,"A Space Gallery","20","City-wide","1",62000,NA,NA,NA,NA,NA,NA,NA,NA,NA,NA,NA,NA,NA,NA,NA,NA,NA,62000,NA,"2016"
10,"Abrigo Centre","17","City-wide","1",105305,NA,NA,NA,NA,NA,NA,105305,NA,NA,NA,NA,NA,NA,NA,NA,NA,NA,NA,NA,"2016"
11,"Access Alliance Multicultural Health And Community Services","35","City-wide","1",61220,NA,NA,NA,NA,NA,NA,61220,NA,NA,NA,NA,NA,NA,NA,NA,NA,NA,NA,NA,"2016"
12,"Access Visual Art","18","City-wide","1",15000,NA,NA,NA,NA,NA,NA,NA,NA,NA,NA,NA,NA,NA,NA,NA,NA,NA,15000,NA,"2016"
13,"Across Oceans","20","City-wide","1",6000,NA,NA,NA,NA,NA,NA,NA,NA,NA,NA,NA,NA,NA,NA,NA,NA,NA,6000,NA,"2016"
14,"ACSA","39","Area services","1",3000,NA,3000,NA,NA,NA,NA,NA,NA,NA,NA,NA,NA,NA,NA,NA,NA,NA,NA,NA,"2016"
15,"Acting Up Stage Theatre Company","28","City-wide","1",33000,NA,NA,NA,NA,NA,NA,NA,NA,NA,NA,NA,NA,NA,NA,NA,NA,NA,33000,NA,"2016"
16,"Actors Repertory Company","28","City-wide","1",4000,NA,NA,NA,NA,NA,NA,NA,NA,NA,NA,NA,NA,NA,NA,NA,NA,NA,4000,NA,"2016"
17,"Adelheid Dance Projects","20","City-wide","1",15000,NA,NA,NA,NA,NA,NA,NA,NA,NA,NA,NA,NA,NA,NA,NA,NA,NA,15000,NA,"2016"
18,"Afghan Women's Counselling and Integration Community Support Organization","26","City-wide","1",74805,NA,NA,NA,NA,NA,NA,74805,NA,NA,NA,NA,NA,NA,NA,NA,NA,NA,NA,NA,"2016"
19,"African Canadian Social Development Council","28","City-wide","1",56635,NA,NA,NA,NA,NA,NA,56635,NA,NA,NA,NA,NA,NA,NA,NA,NA,NA,NA,NA,"2016"
20,"Against the Grain Theatre","19","City-wide","1",8000,NA,NA,NA,NA,NA,NA,NA,NA,NA,NA,NA,NA,NA,NA,NA,NA,NA,8000,NA,"2016"
21,"Africans in Partnership Against AIDS","27","City-wide","1",103135,NA,NA,NA,NA,NA,NA,103135,NA,NA,NA,NA,NA,NA,NA,NA,NA,NA,NA,NA,"2016"
22,"Agincourt Community Services Association","41","Area services","2",395747,NA,NA,NA,NA,NA,NA,146590,NA,NA,NA,249157,NA,NA,NA,NA,NA,NA,NA,NA,"2016"
23,"AIDS Committee Of Toronto","27","City-wide","1",69000,NA,NA,NA,NA,NA,NA,69000,NA,NA,NA,NA,NA,NA,NA,NA,NA,NA,NA,NA,"2016"
24,"Aisle 4","20","Local","1",12000,NA,NA,NA,NA,NA,NA,NA,NA,NA,NA,NA,NA,NA,NA,NA,NA,NA,12000,NA,"2016"
25,"Albion Neighbourhood Services","1","Area services","2",562195,NA,NA,NA,NA,NA,NA,115195,NA,NA,NA,447000,NA,NA,NA,NA,NA,NA,NA,NA,"2016"
26,"Alexander Park Community Centre","20","Area services","1",40000,NA,NA,NA,NA,40000,NA,NA,NA,NA,NA,NA,NA,NA,NA,NA,NA,NA,NA,NA,"2016"
27,"Alias Dance Projects","33","Local","1",45000,NA,NA,NA,NA,NA,NA,NA,NA,NA,NA,NA,NA,NA,NA,NA,NA,NA,45000,NA,"2016"
28,"Alliance for Equality of Blind Canadians (AEBC) Toronto Chapter","27","City-wide","1",48000,48000,NA,NA,NA,NA,NA,NA,NA,NA,NA,NA,NA,NA,NA,NA,NA,NA,NA,NA,"2016"
29,"Alliance Francaise de Toronto","20","City-wide","1",7500,NA,NA,NA,NA,NA,NA,NA,NA,NA,NA,NA,NA,NA,NA,NA,NA,NA,7500,NA,"2016"
30,"Aluna Theatre","17","City-wide","1",38000,NA,NA,NA,NA,NA,NA,NA,NA,NA,NA,NA,NA,NA,NA,NA,NA,NA,38000,NA,"2016"
31,"Amadeus Choir of Greater Toronto","23","City-wide","1",25375,NA,NA,NA,NA,NA,NA,NA,NA,NA,NA,NA,NA,NA,NA,NA,NA,NA,25375,NA,"2016"
32,"Amadeusz","1","Area Services","1",8500,NA,NA,NA,NA,NA,8500,NA,NA,NA,NA,NA,NA,NA,NA,NA,NA,NA,NA,NA,"2016"
33,"Amici Chamber Ensemble","20","City-wide","1",20000,NA,NA,NA,NA,NA,NA,NA,NA,NA,NA,NA,NA,NA,NA,NA,NA,NA,20000,NA,"2016"
34,"Angel Foundation for Learning","23","City-wide","1",2492719,NA,NA,NA,NA,NA,NA,NA,NA,NA,NA,NA,NA,NA,NA,NA,NA,2492719,NA,NA,"2016"
35,"Anandam Dancetheatre Productions","18","City-wide","1",65000,NA,NA,NA,NA,NA,NA,NA,NA,NA,NA,NA,NA,NA,NA,NA,NA,NA,65000,NA,"2016"
36,"ANDPVA","20","Local","1",15000,NA,NA,NA,NA,NA,NA,NA,NA,NA,NA,NA,NA,NA,NA,NA,NA,NA,15000,NA,"2016"
37,"Aphasia Institute","25","City-wide","1",22380,NA,NA,NA,NA,NA,NA,22380,NA,NA,NA,NA,NA,NA,NA,NA,NA,NA,NA,NA,"2016"
38,"ARCH Disability Law Centre","28","City-wide","1",31680,NA,NA,NA,NA,NA,NA,31680,NA,NA,NA,NA,NA,NA,NA,NA,NA,NA,NA,NA,"2016"
39,"Archie Alleyne Scholarship Fund","28","City-wide","1",4000,NA,NA,NA,NA,NA,NA,NA,NA,NA,NA,NA,NA,NA,NA,NA,NA,NA,4000,NA,"2016"
40,"Armenian Relief Society Inc. -""Roubina"" Chapter","33","City-wide","1",22380,NA,NA,NA,NA,NA,NA,22380,NA,NA,NA,NA,NA,NA,NA,NA,NA,NA,NA,NA,"2016"
41,"Arraymusic","19","City-wide","1",38090,NA,NA,NA,NA,NA,NA,NA,NA,NA,NA,NA,NA,NA,NA,NA,NA,NA,38090,NA,"2016"
42,"Art Gallery of Ontario","20","City-wide","1",684000,NA,NA,NA,NA,NA,NA,NA,NA,NA,NA,NA,NA,NA,684000,NA,NA,NA,NA,NA,"2016"
43,"Art Gallery of York University","8","City-wide","1",70000,NA,NA,NA,NA,NA,NA,NA,NA,NA,NA,NA,NA,NA,NA,NA,NA,NA,70000,NA,"2016"
44,"Art Metropole","18","City-wide","1",40000,NA,NA,NA,NA,NA,NA,NA,NA,NA,NA,NA,NA,NA,NA,NA,NA,NA,40000,NA,"2016"
45,"Art Museum University of Toronto","20","City-wide","1",20000,NA,NA,NA,NA,NA,NA,NA,NA,NA,NA,NA,NA,NA,NA,NA,NA,NA,20000,NA,"2016"
46,"Art of Time Ensemble","20","City-wide","1",55500,NA,NA,NA,NA,NA,NA,NA,NA,NA,NA,NA,NA,NA,NA,NA,NA,NA,55500,NA,"2016"
47,"Art Spin Toronto","18","Area Services","1",24000,NA,NA,NA,NA,NA,NA,NA,NA,NA,NA,NA,NA,NA,NA,NA,NA,NA,24000,NA,"2016"
48,"Art Starts Neighbourhood Cultural Centre","16","Area services","1",69000,NA,NA,NA,NA,NA,NA,NA,NA,NA,NA,NA,NA,NA,NA,NA,NA,NA,69000,NA,"2016"
49,"Artbarn School","16","Local","1",8400,NA,NA,NA,NA,NA,NA,NA,NA,8400,NA,NA,NA,NA,NA,NA,NA,NA,NA,NA,"2016"
50,"Article 11  Performance Group","27","Local","1",6500,NA,NA,NA,NA,NA,NA,NA,NA,NA,NA,NA,NA,NA,NA,NA,NA,NA,6500,NA,"2016"
51,"Artists Film Exhibition Group","20","City-wide","1",23000,NA,NA,NA,NA,NA,NA,NA,NA,NA,NA,NA,NA,NA,NA,NA,NA,NA,23000,NA,"2016"
52,"ArtReach Toronto","20","City-wide","1",30000,NA,NA,NA,NA,NA,NA,NA,NA,NA,NA,NA,NA,NA,NA,NA,30000,NA,NA,NA,"2016"
53,"Arts Etobicoke","5","City-wide","2",455395,NA,NA,NA,NA,NA,NA,NA,NA,16600,NA,NA,NA,438795,NA,NA,NA,NA,NA,NA,"2016"
54,"Arts2rise Organizations","17","Local","1",8000,NA,NA,NA,NA,NA,NA,NA,NA,NA,NA,NA,NA,NA,NA,NA,NA,NA,8000,NA,"2016"
55,"Arts4All Creative Society","17","Local","1",15000,NA,NA,NA,NA,NA,NA,NA,NA,NA,NA,NA,NA,NA,NA,NA,NA,NA,15000,NA,"2016"
56,"Ashkenaz Foundation","20","City-wide","1",50000,NA,NA,NA,NA,NA,NA,NA,NA,NA,NA,NA,NA,NA,NA,NA,NA,NA,50000,NA,"2016"
57,"Asian Community AIDS Services","20","Local","1",10000,NA,NA,NA,10000,NA,NA,NA,NA,NA,NA,NA,NA,NA,NA,NA,NA,NA,NA,NA,"2016"
58,"Assaulted Women's Helpline","20","City-wide","1",58850,NA,NA,NA,NA,NA,NA,58850,NA,NA,NA,NA,NA,NA,NA,NA,NA,NA,NA,NA,"2016"
59,"Association of Music and Innocative Arts","21","City-wide","1",5000,NA,NA,NA,NA,NA,NA,NA,NA,NA,NA,NA,NA,NA,NA,NA,NA,NA,5000,NA,"2016"
60,"Autorickshaw","32","Local","1",5000,NA,NA,NA,NA,NA,NA,NA,NA,NA,NA,NA,NA,NA,NA,NA,NA,NA,5000,NA,"2016"
61,"AWIC Community and Social Services","33","City-wide","1",80235,NA,NA,NA,NA,NA,NA,80235,NA,NA,NA,NA,NA,NA,NA,NA,NA,NA,NA,NA,"2016"
62,"Axis Music Inc.","35","Local","1",13000,NA,NA,NA,NA,NA,NA,NA,NA,NA,NA,NA,NA,NA,NA,NA,NA,NA,13000,NA,"2016"
63,"Azure River","21","City-wide","1",1500,NA,NA,NA,NA,NA,NA,NA,NA,NA,NA,NA,NA,NA,NA,NA,NA,NA,1500,NA,"2016"
64,"b current Performing Arts Group","21","Local","1",25000,NA,NA,NA,NA,NA,NA,NA,NA,NA,NA,NA,NA,NA,NA,NA,NA,NA,25000,NA,"2016"
65,"B.I.G. Bloor Improvement Group","18","Local","1",7000,NA,NA,NA,NA,NA,NA,NA,NA,NA,NA,NA,NA,NA,NA,NA,NA,NA,7000,NA,"2016"
66,"Bach Children's Chorus of Scarborough","43","City-wide","1",30000,NA,NA,NA,NA,NA,NA,NA,NA,NA,NA,NA,NA,NA,NA,NA,NA,NA,30000,NA,"2016"
67,"Bad Dog Theatre Company","19","City-wide","1",10000,NA,NA,NA,NA,NA,NA,NA,NA,NA,NA,NA,NA,NA,NA,NA,NA,NA,10000,NA,"2016"
68,"Balancing on the Edge","27","City-wide","1",8000,NA,NA,NA,NA,NA,NA,NA,NA,NA,NA,NA,NA,NA,NA,NA,NA,NA,8000,NA,"2016"
69,"Ballet Creole","20","City-wide","1",25000,NA,NA,NA,NA,NA,NA,NA,NA,NA,NA,NA,NA,NA,NA,NA,NA,NA,25000,NA,"2016"
70,"Ballet Jorgen Canada","27","City-wide","1",93000,NA,NA,NA,NA,NA,NA,NA,NA,NA,NA,NA,NA,NA,NA,NA,NA,NA,93000,NA,"2016"
71,"BAM! Toronto Youth SLAM","32","City-wide","1",5000,NA,NA,NA,NA,NA,NA,NA,NA,NA,NA,NA,NA,NA,NA,NA,NA,NA,5000,NA,"2016"
72,"Bangladeshi-Canadian Community Services (BCS)","31","City-wide","2",61612,NA,NA,NA,28900,32712,NA,NA,NA,NA,NA,NA,NA,NA,NA,NA,NA,NA,NA,NA,"2016"
73,"Baque de Bamba","18","City-wide","1",10000,NA,NA,NA,NA,NA,NA,NA,NA,NA,NA,NA,NA,NA,NA,NA,NA,NA,10000,NA,"2016"
74,"Barbra Schlifer Commemorative Clinic","19","Local","2",60360,NA,NA,NA,NA,NA,NA,51360,NA,NA,NA,NA,NA,NA,NA,NA,NA,NA,9000,NA,"2016"
75,"Batuki Music Society","28","City-wide","1",6500,NA,NA,NA,NA,NA,NA,NA,NA,NA,NA,NA,NA,NA,NA,NA,NA,NA,6500,NA,"2016"
76,"Beautiful minds","38","Local","1",5000,NA,NA,NA,NA,NA,NA,NA,NA,NA,NA,NA,NA,NA,NA,NA,NA,NA,5000,NA,"2016"
77,"Belka Enrichment Centre","8","City-wide","1",30000,NA,NA,NA,30000,NA,NA,NA,NA,NA,NA,NA,NA,NA,NA,NA,NA,NA,NA,NA,"2016"
78,"Bereaved Families of Ontario-Toronto","22","City-wide","1",67480,NA,NA,NA,NA,NA,NA,67480,NA,NA,NA,NA,NA,NA,NA,NA,NA,NA,NA,NA,"2016"
79,"Bernard Betel Centre for Creative Living","10","Area Services","1",123060,NA,NA,NA,NA,NA,NA,123060,NA,NA,NA,NA,NA,NA,NA,NA,NA,NA,NA,NA,"2016"
80,"Better Living Health and Community Services","25","Area Services","1",211545,NA,NA,NA,NA,NA,NA,211545,NA,NA,NA,NA,NA,NA,NA,NA,NA,NA,NA,NA,"2016"
81,"biaSHEara","36","Local","1",5000,NA,NA,NA,NA,NA,NA,NA,NA,NA,NA,NA,NA,NA,NA,NA,NA,NA,5000,NA,"2016"
82,"Birchmount Bluffs Neighbourhood Centre","36","Area Services","1",83915,NA,NA,NA,NA,NA,NA,83915,NA,NA,NA,NA,NA,NA,NA,NA,NA,NA,NA,NA,"2016"
83,"Black Business Professional Association (BBPA)","20","City Wide","1",120000,NA,NA,120000,NA,NA,NA,NA,NA,NA,NA,NA,NA,NA,NA,NA,NA,NA,NA,NA,"2016"
84,"Black Lives Matter Toronto","20","City-wide","1",10000,NA,NA,NA,NA,NA,NA,NA,NA,NA,NA,NA,NA,NA,NA,NA,NA,NA,10000,NA,"2016"
85,"Bloor Information and Life Skills Centre","19","City-wide","1",35200,NA,NA,NA,NA,NA,NA,35200,NA,NA,NA,NA,NA,NA,NA,NA,NA,NA,NA,NA,"2016"
86,"Blue Ceiling Dance","13","City-wide","1",9000,NA,NA,NA,NA,NA,NA,NA,NA,NA,NA,NA,NA,NA,NA,NA,NA,NA,9000,NA,"2016"
87,"Bluejays Dancing Together","28","Local","1",30000,NA,NA,NA,NA,NA,NA,NA,NA,NA,NA,NA,NA,NA,NA,NA,NA,NA,30000,NA,"2016"
88,"bluemounth inc. presents","18","City-wide","1",15000,NA,NA,NA,NA,NA,NA,NA,NA,NA,NA,NA,NA,NA,NA,NA,NA,NA,15000,NA,"2016"
89,"Body Percussion Festival","14","City-wide","1",9000,NA,NA,NA,NA,NA,NA,NA,NA,NA,NA,NA,NA,NA,NA,NA,NA,NA,9000,NA,"2016"
90,"Boost Child Abuse Prevention and Intervention","27","City-wide","2",306000,NA,NA,NA,NA,43500,NA,262500,NA,NA,NA,NA,NA,NA,NA,NA,NA,NA,NA,NA,"2016"
91,"Botanicus Art Ensemble","18","Local","1",9000,NA,NA,NA,NA,NA,NA,NA,NA,NA,NA,NA,NA,NA,NA,NA,NA,NA,9000,NA,"2016"
92,"Bottom's Dream Collective","17","City-wide","1",14000,NA,NA,NA,NA,NA,NA,NA,NA,NA,NA,NA,NA,NA,NA,NA,NA,NA,14000,NA,"2016"
93,"BoucharDanze","17","City-wide","1",15000,NA,NA,NA,NA,NA,NA,NA,NA,NA,NA,NA,NA,NA,NA,NA,NA,NA,15000,NA,"2016"
94,"Braeburn Neighbourhood Place","2","Area services","1",47850,NA,NA,NA,NA,NA,NA,47850,NA,NA,NA,NA,NA,NA,NA,NA,NA,NA,NA,NA,"2016"
95,"Buddies In Bad Times Theatre","27","City-wide","1",153000,NA,NA,NA,NA,NA,NA,NA,NA,NA,NA,NA,NA,NA,NA,NA,NA,NA,153000,NA,"2016"
96,"Burn Down the Capital","30","City-wide","1",2500,NA,NA,NA,NA,NA,NA,NA,NA,NA,NA,NA,NA,NA,NA,NA,NA,NA,2500,NA,"2016"
97,"Bus Stop Collective","32","City-wide","1",5000,NA,NA,NA,NA,NA,NA,NA,NA,NA,NA,NA,NA,NA,NA,NA,NA,NA,5000,NA,"2016"
98,"Butterfly (Asian and Migrant Sex Workers Support Network)","20","City-wide","1",47000,47000,NA,NA,NA,NA,NA,NA,NA,NA,NA,NA,NA,NA,NA,NA,NA,NA,NA,NA,"2016"
99,"CADA-ON","28","City-wide","1",21000,NA,NA,NA,NA,NA,NA,NA,NA,NA,NA,NA,NA,NA,NA,NA,NA,NA,21000,NA,"2016"
100,"Cahoots Theatre Projects","28","City-wide","1",44000,NA,NA,NA,NA,NA,NA,NA,NA,NA,NA,NA,NA,NA,NA,NA,NA,NA,44000,NA,"2016"
101,"Cajuca Mas Arts Producers","37","City-wide","1",15000,NA,NA,NA,NA,NA,NA,NA,NA,NA,NA,NA,NA,NA,NA,NA,NA,NA,15000,NA,"2016"
102,"Call Me Scotty Productions","20","Local","1",1500,NA,NA,NA,NA,NA,NA,NA,NA,NA,NA,NA,NA,NA,NA,NA,NA,NA,1500,NA,"2016"
103,"Canada Clown","21","City-wide","1",15000,NA,NA,NA,NA,NA,NA,NA,NA,NA,NA,NA,NA,NA,NA,NA,NA,NA,15000,NA,"2016"
104,"Canada's National Ballet School","27","City-wide","1",2e+05,NA,NA,NA,NA,NA,NA,NA,NA,NA,NA,NA,NA,NA,2e+05,NA,NA,NA,NA,NA,"2016"
106,"Canadian Arab Institute","28","City-wide","1",37000,37000,NA,NA,NA,NA,NA,NA,NA,NA,NA,NA,NA,NA,NA,NA,NA,NA,NA,NA,"2016"
107,"Canadian Centre for Victims of Torture","27","City-wide","1",25925,NA,NA,NA,NA,NA,NA,26495,NA,NA,NA,NA,NA,NA,NA,NA,NA,NA,NA,NA,"2016"
108,"Canadian Children's Opera Company","28","City-wide","1",23500,NA,NA,NA,NA,NA,NA,NA,NA,NA,NA,NA,NA,NA,NA,NA,NA,NA,23500,NA,"2016"
109,"Canadian Contemporary Dance Theatre","20","City-wide","1",45000,NA,NA,NA,NA,NA,NA,NA,NA,NA,NA,NA,NA,NA,NA,NA,NA,NA,45000,NA,"2016"
110,"Canadian Dance Assembly","28","City-wide","1",49000,NA,NA,NA,NA,NA,NA,NA,NA,NA,NA,NA,NA,NA,NA,NA,NA,NA,49000,NA,"2016"
111,"Canadian Filmmakers Distribution Centre","20","City-wide","1",51000,NA,NA,NA,NA,NA,NA,NA,NA,NA,NA,NA,NA,NA,NA,NA,NA,NA,51000,NA,"2016"
112,"Canadian Hearing Society","22","City-wide","1",17435,NA,NA,NA,NA,NA,NA,17435,NA,NA,NA,NA,NA,NA,NA,NA,NA,NA,NA,NA,"2016"
113,"Canadian Music Centre","27","City-wide","2",110000,NA,NA,NA,NA,NA,NA,NA,40000,NA,NA,NA,NA,NA,NA,NA,NA,NA,70000,NA,"2016"
114,"Canadian Opera Company","28","City-wide","1",1600000,NA,NA,NA,NA,NA,NA,NA,NA,NA,NA,NA,NA,NA,1600000,NA,NA,NA,NA,NA,"2016"
115,"Canadian Red Cross, Toronto Region","18","City-wide","1",71500,NA,NA,NA,NA,NA,NA,NA,NA,NA,NA,71500,NA,NA,NA,NA,NA,NA,NA,NA,"2016"
116,"Canadian Rep Theatre","28","Local","1",12500,NA,NA,NA,NA,NA,NA,NA,NA,NA,NA,NA,NA,NA,NA,NA,NA,NA,12500,NA,"2016"
117,"Canadian Stage Company","28","City-wide","1",820000,NA,NA,NA,NA,NA,NA,NA,NA,NA,NA,NA,NA,NA,NA,NA,NA,NA,820000,NA,"2016"
118,"Canadian Tamil Youth Development Centre","38","City-wide","1",125820,NA,NA,NA,NA,NA,NA,125820,NA,NA,NA,NA,NA,NA,NA,NA,NA,NA,NA,NA,"2016"
119,"CanAsian Dance Festival","20","City-wide","1",18000,NA,NA,NA,NA,NA,NA,NA,NA,NA,NA,NA,NA,NA,NA,NA,NA,NA,18000,NA,"2016"
120,"CANES Community Centre","2","Area Services","1",66380,NA,NA,NA,NA,NA,NA,66380,NA,NA,NA,NA,NA,NA,NA,NA,NA,NA,NA,NA,"2016"
121,"CANORAA INC.","35","City-wide","1",9700,NA,NA,NA,NA,NA,NA,NA,NA,NA,NA,NA,NA,NA,NA,NA,NA,NA,9700,NA,"2016"
122,"Canzine Arts Festival","20","City-wide","1",5000,NA,NA,NA,NA,NA,NA,NA,NA,NA,NA,NA,NA,NA,NA,NA,NA,NA,5000,NA,"2016"
123,"Cardinal Direction","13","Local","1",5000,NA,NA,NA,NA,NA,NA,NA,NA,NA,NA,NA,NA,NA,NA,NA,NA,NA,5000,NA,"2016"
124,"Carefirst Seniors and Community Services Association","39","City-wide","1",92955,NA,NA,NA,NA,NA,NA,92955,NA,NA,NA,NA,NA,NA,NA,NA,NA,NA,NA,NA,"2016"
125,"CARFAC Ontario","20","City-wide","1",24000,NA,NA,NA,NA,NA,NA,NA,NA,NA,NA,NA,NA,NA,NA,NA,NA,NA,24000,NA,"2016"
126,"CaribbeanTales International Film Festival","19","City-wide","1",8500,NA,NA,NA,NA,NA,NA,NA,NA,NA,NA,NA,NA,NA,NA,NA,NA,NA,8500,NA,"2016"
127,"Cathedral Bluffs Symphony Orchestra","42","Local","1",17000,NA,NA,NA,NA,NA,NA,NA,NA,NA,NA,NA,NA,NA,NA,NA,NA,NA,17000,NA,"2016"
128,"Catholic Crosscultural Services","38","Area Services","2",73425,47000,NA,NA,NA,NA,NA,26425,NA,NA,NA,NA,NA,NA,NA,NA,NA,NA,NA,NA,"2016"
129,"Cecil Community Centre","20","Area  services","1",5080,NA,NA,NA,NA,NA,NA,5080,NA,NA,NA,NA,NA,NA,NA,NA,NA,NA,NA,NA,"2016"
130,"Cecilia String Quartet","28","City-wide","1",10000,NA,NA,NA,NA,NA,NA,NA,NA,NA,NA,NA,NA,NA,NA,NA,NA,NA,10000,NA,"2016"
131,"Cedar Ridge Studio Gallery","43","City-wide","1",5500,NA,NA,NA,NA,NA,NA,NA,NA,NA,NA,NA,NA,NA,NA,NA,NA,NA,5500,NA,"2016"
132,"Central Eglinton Community Centre","22","Area Services","1",27275,NA,NA,NA,NA,NA,NA,27275,NA,NA,NA,NA,NA,NA,NA,NA,NA,NA,NA,NA,"2016"
133,"Central Toronto Youth Services","27","City-wide","1",12000,NA,NA,NA,NA,NA,NA,NA,NA,NA,NA,NA,NA,NA,NA,NA,NA,NA,12000,NA,"2016"
134,"Centre for Community Learning and Development","28","City-wide","1",45385,NA,NA,NA,NA,NA,NA,45385,NA,NA,NA,NA,NA,NA,NA,NA,NA,NA,NA,NA,"2016"
135,"Centre for Equality Rights in Accommodation","19","City-wide","1",118670,NA,NA,NA,NA,NA,NA,NA,NA,NA,NA,118670,NA,NA,NA,NA,NA,NA,NA,NA,"2016"
136,"Centre for Immigrant and Community Services","41","City-wide","1",117980,NA,NA,NA,NA,NA,NA,117980,NA,NA,NA,NA,NA,NA,NA,NA,NA,NA,NA,NA,"2016"
137,"Centre for Independent Living in Toronto (C.I.L.T.)","27","City-wide","1",23570,NA,NA,NA,NA,NA,NA,23570,NA,NA,NA,NA,NA,NA,NA,NA,NA,NA,NA,NA,"2016"
138,"Centre for Indigenous Theatre","19","City-wide","1",45000,NA,NA,NA,NA,NA,NA,NA,NA,NA,NA,NA,NA,NA,NA,NA,NA,NA,45000,NA,"2016"
139,"Centre For Spanish Speaking Peoples (The)","9","City-wide","1",62135,NA,NA,NA,NA,NA,NA,62135,NA,NA,NA,NA,NA,NA,NA,NA,NA,NA,NA,NA,"2016"
140,"Champions","42","Area services","1",9924,NA,NA,NA,NA,NA,NA,NA,NA,NA,NA,NA,9924,NA,NA,NA,NA,NA,NA,NA,"2016"
141,"Charles Street Video","19","City-wide","1",54500,NA,NA,NA,NA,NA,NA,NA,NA,NA,NA,NA,NA,NA,NA,NA,NA,NA,54500,NA,"2016"
142,"Charm of Finches","20","City-wide","1",2800,NA,NA,NA,NA,NA,NA,NA,NA,NA,NA,NA,NA,NA,NA,NA,NA,NA,2800,NA,"2016"
143,"Children's Aid Society of Toronto","30","City-wide","1",57409,NA,NA,NA,NA,NA,NA,NA,NA,NA,NA,57409,NA,NA,NA,NA,NA,NA,NA,NA,"2016"
144,"Children's Peace Theatre","31","Area Services","1",34000,NA,NA,NA,NA,NA,NA,NA,NA,NA,NA,NA,NA,NA,NA,NA,NA,NA,34000,NA,"2016"
145,"Chinese Artists Society of Toronto","42","City-wide","1",13000,NA,NA,NA,NA,NA,NA,NA,NA,NA,NA,NA,NA,NA,NA,NA,NA,NA,13000,NA,"2016"
146,"Chinese Canadian National Council Toronto Chapter","20","City-wide","1",56635,NA,NA,NA,NA,NA,NA,56635,NA,NA,NA,NA,NA,NA,NA,NA,NA,NA,NA,NA,"2016"
147,"Chinese Family Services of Ontario","41","City-wide","1",37670,NA,NA,NA,NA,NA,NA,37670,NA,NA,NA,NA,NA,NA,NA,NA,NA,NA,NA,NA,"2016"
148,"Chocolate Woman Collective","17","City-wide","1",15000,NA,NA,NA,NA,NA,NA,NA,NA,NA,NA,NA,NA,NA,NA,NA,NA,NA,15000,NA,"2016"
149,"Choirs Ontario","22","City-wide","1",5000,NA,NA,NA,NA,NA,NA,NA,NA,NA,NA,NA,NA,NA,NA,NA,NA,NA,5000,NA,"2016"
150,"Christie Ossington Neighbourhood Centre","19","City-wide","1",69060,NA,NA,NA,NA,NA,NA,69060,NA,NA,NA,NA,NA,NA,NA,NA,NA,NA,NA,NA,"2016"
151,"Circle of Home Care Services (Toronto)","25","City-wide","1",99175,NA,NA,NA,NA,NA,NA,99175,NA,NA,NA,NA,NA,NA,NA,NA,NA,NA,NA,NA,"2016"
152,"Clay and Paper Theatre","18","City-wide","1",22000,NA,NA,NA,NA,NA,NA,NA,NA,NA,NA,NA,NA,NA,NA,NA,NA,NA,22000,NA,"2016"
153,"Cliffcrest Community Centre","38","Local","1",33940,NA,NA,NA,NA,NA,NA,33940,NA,NA,NA,NA,NA,NA,NA,NA,NA,NA,NA,NA,"2016"
154,"CMHA Toronto","15","City-wide","1",17670,NA,NA,NA,NA,NA,NA,17670,NA,NA,NA,NA,NA,NA,NA,NA,NA,NA,NA,NA,"2016"
155,"COBA Collective of Black Artists","13","City-wide","1",12000,NA,NA,NA,NA,NA,NA,NA,NA,NA,NA,NA,NA,NA,NA,NA,NA,NA,12000,NA,"2016"
156,"Coco Collective","1","Local","1",8000,NA,NA,NA,NA,NA,NA,NA,NA,NA,NA,NA,NA,NA,NA,NA,NA,NA,8000,NA,"2016"
157,"Cocodrilo Triste Theatre Collective","28","City-wide","1",5000,NA,NA,NA,NA,NA,NA,NA,NA,NA,NA,NA,NA,NA,NA,NA,NA,NA,5000,NA,"2016"
158,"Coleman Lemieux & Compagnie","28","City-wide","2",53000,NA,NA,NA,NA,NA,NA,NA,13000,NA,NA,NA,NA,NA,NA,NA,NA,NA,40000,NA,"2016"
159,"Common People","28","City-wide","1",8000,NA,NA,NA,NA,NA,NA,NA,NA,NA,NA,NA,NA,NA,NA,NA,NA,NA,8000,NA,"2016"
160,"Common Translations","18","City-wide","1",2750,NA,NA,NA,NA,NA,NA,NA,NA,NA,NA,NA,NA,NA,NA,NA,NA,NA,2750,NA,"2016"
161,"Community Action Resource Centre","12","Area services","1",159845,NA,NA,NA,NA,NA,NA,159845,NA,NA,NA,NA,NA,NA,NA,NA,NA,NA,NA,NA,"2016"
162,"Community Arts Guild","32","Local","1",12000,NA,NA,NA,NA,NA,NA,NA,NA,NA,NA,NA,NA,NA,NA,NA,NA,NA,12000,NA,"2016"
163,"Community Centre 55","32","Local","1",13000,NA,NA,NA,NA,NA,NA,NA,NA,13000,NA,NA,NA,NA,NA,NA,NA,NA,NA,NA,"2016"
164,"Community Information Fairview","33","Area Services","1",32380,NA,NA,NA,NA,NA,NA,32380,NA,NA,NA,NA,NA,NA,NA,NA,NA,NA,NA,NA,"2016"
165,"Community Matters Toronto/St. James Town Family Literacy Services.","28","Area services","1",3890,NA,NA,NA,NA,NA,NA,NA,NA,3890,NA,NA,NA,NA,NA,NA,NA,NA,NA,NA,"2016"
166,"Community Microskills Development Centre","2","City-wide","1",79075,NA,NA,NA,NA,NA,NA,79075,NA,NA,NA,NA,NA,NA,NA,NA,NA,NA,NA,NA,"2016"
167,"Community Social Planning Council of Toronto","27","City-wide","2",487410,NA,NA,NA,NA,NA,NA,467410,NA,NA,NA,NA,NA,NA,NA,NA,20000,NA,NA,NA,"2016"
168,"Compania Carmen Romero","34","City-wide","1",12000,NA,NA,NA,NA,NA,NA,NA,NA,NA,NA,NA,NA,NA,NA,NA,NA,NA,12000,NA,"2016"
169,"Contact Toronto Photography Festival","19","City-wide","1",3500,NA,NA,NA,NA,NA,NA,NA,NA,NA,NA,NA,NA,NA,NA,NA,NA,NA,3500,NA,"2016"
170,"Continuum Contemporary Music Ensemble","20","City-wide","1",26000,NA,NA,NA,NA,NA,NA,NA,NA,NA,NA,NA,NA,NA,NA,NA,NA,NA,26000,NA,"2016"
171,"CORPUS","19","City-wide","1",33000,NA,NA,NA,NA,NA,NA,NA,NA,NA,NA,NA,NA,NA,NA,NA,NA,NA,33000,NA,"2016"
172,"COSTI Immigrant Services","17","Area services","2",671355,NA,NA,NA,NA,NA,NA,129630,NA,NA,NA,541725,NA,NA,NA,NA,NA,NA,NA,NA,"2016"
173,"Council of Agencies Serving South Asians (CASSA)","35","City-wide","1",56635,NA,NA,NA,NA,NA,NA,56635,NA,NA,NA,NA,NA,NA,NA,NA,NA,NA,NA,NA,"2016"
174,"Convenent House Toronto","27","City-wide","1",48000,NA,NA,NA,NA,48000,NA,NA,NA,NA,NA,NA,NA,NA,NA,NA,NA,NA,NA,NA,"2016"
175,"Craft Ontario","19","City-wide","1",102000,NA,NA,NA,NA,NA,NA,NA,70000,NA,NA,NA,NA,NA,NA,NA,NA,NA,32000,NA,"2016"
176,"Cross Cultural Community Services Association (TCCSA)","20","City-wide","1",26685,NA,NA,NA,NA,NA,NA,26685,NA,NA,NA,NA,NA,NA,NA,NA,NA,NA,NA,NA,"2016"
177,"Cross Toronto Community Development Corp. (Fresh Start Cleaning)","19","Area services","1",139108,NA,NA,NA,NA,NA,NA,NA,NA,NA,NA,139108,NA,NA,NA,NA,NA,NA,NA,NA,"2016"
178,"Crow's Theatre Company","28","City-wide","1",44000,NA,NA,NA,NA,NA,NA,NA,NA,NA,NA,NA,NA,NA,NA,NA,NA,NA,44000,NA,"2016"
179,"CultureLink Settlement Services","14","City-wide","1",69380,NA,NA,NA,NA,NA,NA,69380,NA,NA,NA,NA,NA,NA,NA,NA,NA,NA,NA,NA,"2016"
180,"CUE-SKETCH","19","Local","1",12000,NA,NA,NA,NA,NA,NA,NA,NA,NA,NA,NA,NA,NA,NA,NA,NA,NA,12000,NA,"2016"
181,"Culture Storm Collective","14","City-wide","1",9000,NA,NA,NA,NA,NA,NA,NA,NA,NA,NA,NA,NA,NA,NA,NA,NA,NA,9000,NA,"2016"
182,"Dames Making Games Social Technology","19","City-wide","1",15000,NA,NA,NA,NA,NA,NA,NA,NA,NA,NA,NA,NA,NA,NA,NA,NA,NA,15000,NA,"2016"
183,"Dance Collection Danse","27","City-wide","1",34000,NA,NA,NA,NA,NA,NA,NA,NA,NA,NA,NA,NA,NA,NA,NA,NA,NA,34000,NA,"2016"
184,"Dance Immersion Ontario","20","City-wide","1",45000,NA,NA,NA,NA,NA,NA,NA,NA,NA,NA,NA,NA,NA,NA,NA,NA,NA,45000,NA,"2016"
185,"Dance Matters Dance Productions","14","City-wide","1",10000,NA,NA,NA,NA,NA,NA,NA,NA,NA,NA,NA,NA,NA,NA,NA,NA,NA,10000,NA,"2016"
186,"Dance Ontario Association","20","City-wide","1",20000,NA,NA,NA,NA,NA,NA,NA,NA,NA,NA,NA,NA,NA,NA,NA,NA,NA,20000,NA,"2016"
187,"Dancemakers","28","City-wide","1",92000,NA,NA,NA,NA,NA,NA,NA,NA,NA,NA,NA,NA,NA,NA,NA,NA,NA,92000,NA,"2016"
188,"DanceWorks","20","City-wide","1",55000,NA,NA,NA,NA,NA,NA,NA,NA,NA,NA,NA,NA,NA,NA,NA,NA,NA,55000,NA,"2016"
189,"Davenport Perth Neighbourhood Centre","17","Area services","2",94820,NA,NA,NA,NA,NA,NA,86820,NA,NA,NA,NA,NA,NA,NA,NA,NA,NA,8000,NA,"2016"
190,"Delta Family Resource Centre","7","Area Services","4",159285,36000,5000,NA,NA,NA,9000,109285,NA,NA,NA,NA,NA,NA,NA,NA,NA,NA,NA,NA,"2016"
191,"Dia de los Muertos Collective","21","City-wide","1",10000,NA,NA,NA,NA,NA,NA,NA,NA,NA,NA,NA,NA,NA,NA,NA,NA,NA,10000,NA,"2016"
192,"Diaspora Dialogues Charitable Society","20","City-wide","1",40000,NA,NA,NA,NA,NA,NA,NA,NA,NA,NA,NA,NA,NA,NA,NA,NA,NA,40000,NA,"2016"
193,"Diaspora Film Festival Group","21","City-wide","1",8000,NA,NA,NA,NA,NA,NA,NA,NA,NA,NA,NA,NA,NA,NA,NA,NA,NA,8000,NA,"2016"
194,"Diaspora Genius - Tides Canada Initiative","20","City-wide","1",14550,NA,NA,NA,NA,NA,NA,NA,NA,NA,NA,NA,NA,NA,NA,NA,NA,NA,14550,NA,"2016"
195,"Directors Lab North","30","City-wide","1",7000,NA,NA,NA,NA,NA,NA,NA,NA,NA,NA,NA,NA,NA,NA,NA,NA,NA,7000,NA,"2016"
196,"Disorganized Productions","13","City-wide","1",7000,NA,NA,NA,NA,NA,NA,NA,NA,NA,NA,NA,NA,NA,NA,NA,NA,NA,7000,NA,"2016"
197,"Distress Centres","27","City-wide","1",114050,NA,NA,NA,NA,NA,NA,114050,NA,NA,NA,NA,NA,NA,NA,NA,NA,NA,NA,NA,"2016"
198,"Dixon Community Services","2","Local","1",54310,NA,NA,NA,NA,NA,NA,54310,NA,NA,NA,NA,NA,NA,NA,NA,NA,NA,NA,NA,"2016"
199,"Dixon Hall","28","Local","1",441145,NA,NA,NA,NA,NA,NA,441145,NA,NA,NA,NA,NA,NA,NA,NA,NA,NA,NA,NA,"2016"
200,"Dixon Hall Music School","28","Local","1",20000,NA,NA,NA,NA,NA,NA,NA,NA,NA,NA,NA,NA,NA,NA,NA,NA,NA,20000,NA,"2016"
201,"DLT","14","City-wide","1",11000,NA,NA,NA,NA,NA,NA,NA,NA,NA,NA,NA,NA,NA,NA,NA,NA,NA,11000,NA,"2016"
202,"Doorsteps Neighbourhood Services","7","Area Services","1",128095,NA,NA,NA,NA,NA,NA,128095,NA,NA,NA,NA,NA,NA,NA,NA,NA,NA,NA,NA,"2016"
203,"Doris McCarthy Gallery","44","City-wide","1",51000,NA,NA,NA,NA,NA,NA,NA,NA,NA,NA,NA,NA,NA,NA,NA,NA,NA,51000,NA,"2016"
204,"Dovercourt Boys' and Girls' Club","18","Local","1",53550,NA,NA,NA,NA,NA,NA,53550,NA,NA,NA,NA,NA,NA,NA,NA,NA,NA,NA,NA,"2016"
205,"Draft Collective","30","City-wide","1",2000,NA,NA,NA,NA,NA,NA,NA,NA,NA,NA,NA,NA,NA,NA,NA,NA,NA,2000,NA,"2016"
206,"Drawing With Knives Experimental Shadow Puppetry Co.","14","City-wide","1",4000,NA,NA,NA,NA,NA,NA,NA,NA,NA,NA,NA,NA,NA,NA,NA,NA,NA,4000,NA,"2016"
207,"Dreamwalker Dance Co.","28","City-wide","1",20000,NA,NA,NA,NA,NA,NA,NA,NA,NA,NA,NA,NA,NA,NA,NA,NA,NA,20000,NA,"2016"
208,"Drum Artz Canada","17","Local","1",24000,NA,NA,NA,NA,NA,NA,NA,NA,NA,NA,NA,NA,NA,NA,NA,NA,NA,24000,NA,"2016"
209,"Dusk Dances","30","Local","1",31000,NA,NA,NA,NA,NA,NA,NA,NA,NA,NA,NA,NA,NA,NA,NA,NA,NA,31000,NA,"2016"
210,"East Danforth Creative Collective","29","Area Services","1",4250,NA,NA,NA,NA,NA,4250,NA,NA,NA,NA,NA,NA,NA,NA,NA,NA,NA,NA,NA,"2016"
211,"East End Arts","29","Area Services","2",205000,NA,NA,NA,NA,NA,NA,NA,NA,34000,NA,NA,NA,171000,NA,NA,NA,NA,NA,NA,"2016"
212,"East Metro Youth Services","38","Area Services","2",33860,NA,5000,NA,NA,NA,NA,28860,NA,NA,NA,NA,NA,NA,NA,NA,NA,NA,NA,NA,"2016"
213,"East Scarborough Boys & Girls Club","43","Area Services","2",179280,NA,NA,NA,NA,NA,NA,169780,NA,9500,NA,NA,NA,NA,NA,NA,NA,NA,NA,NA,"2016"
214,"East Scarborough Storefront / Tides Canada Initiatives","43","Area services","3",322405,NA,NA,NA,36500,NA,NA,85905,NA,NA,NA,NA,NA,NA,NA,NA,2e+05,NA,NA,NA,"2016"
215,"East York East Toronto Family Resources Organization - Housing Help Centre","30","Area services","2",111688,NA,NA,NA,NA,NA,NA,28860,NA,NA,NA,82828,NA,NA,NA,NA,NA,NA,NA,NA,"2016"
216,"East York East Toronto Family Resources Organization - Landlord Connect","30","City-wide","1",227392,NA,NA,NA,NA,NA,NA,NA,NA,NA,NA,227392,NA,NA,NA,NA,NA,NA,NA,NA,"2016"
217,"East York Meal on Wheels","26","Local","1",27750,NA,NA,NA,NA,NA,NA,27750,NA,NA,NA,NA,NA,NA,NA,NA,NA,NA,NA,NA,"2016"
218,"Eastview Neighbourhood Community Choir","30","Area Services","1",64355,NA,NA,NA,NA,NA,NA,64355,NA,NA,NA,NA,NA,NA,NA,NA,NA,NA,NA,NA,"2016"
219,"Echo Women's Choir","27","City-wide","1",7500,NA,NA,NA,NA,NA,NA,NA,NA,NA,NA,NA,NA,NA,NA,NA,NA,NA,7500,NA,"2016"
220,"ECT Collective","13","City-wide","1",5000,NA,NA,NA,NA,NA,NA,NA,NA,NA,NA,NA,NA,NA,NA,NA,NA,NA,5000,NA,"2016"
221,"Eight Fest Small-Gauge Film Festival","20","City-wide","1",7000,NA,NA,NA,NA,NA,NA,NA,NA,NA,NA,NA,NA,NA,NA,NA,NA,NA,7000,NA,"2016"
222,"Eldritch Designs","15","City-wide","1",15000,NA,NA,NA,NA,NA,NA,NA,NA,NA,NA,NA,NA,NA,NA,NA,NA,NA,15000,NA,"2016"
223,"Eldritch Theatre Incorporated","30","City-wide","1",15000,NA,NA,NA,NA,NA,NA,NA,NA,NA,NA,NA,NA,NA,NA,NA,NA,NA,15000,NA,"2016"
224,"Elspeth Heyworth Centre for Women","7","Area Services","2",45455,NA,NA,NA,16700,NA,NA,28755,NA,NA,NA,NA,NA,NA,NA,NA,NA,NA,NA,NA,"2016"
225,"Emerging Young Artists Inc","28","Local","1",12500,NA,NA,NA,NA,NA,NA,NA,NA,NA,NA,NA,NA,NA,NA,NA,NA,NA,12500,NA,"2016"
226,"Epilepsy Toronto","28","City-wide","1",41115,NA,NA,NA,NA,NA,NA,41115,NA,NA,NA,NA,NA,NA,NA,NA,NA,NA,NA,NA,"2016"
227,"Eritrean Canadian Community Centre","21","City-wide","1",29435,NA,NA,NA,NA,NA,NA,29435,NA,NA,NA,NA,NA,NA,NA,NA,NA,NA,NA,NA,"2016"
228,"Escape Contemporary Art","14","City-wide","1",6000,NA,NA,NA,NA,NA,NA,NA,NA,NA,NA,NA,NA,NA,NA,NA,NA,NA,6000,NA,"2016"
229,"Esmeralda Enrique Spanish Dance Company","20","City-wide","1",23000,NA,NA,NA,NA,NA,NA,NA,NA,NA,NA,NA,NA,NA,NA,NA,NA,NA,23000,NA,"2016"
230,"Etobicoke Centennial Choir","4","Local","1",4750,NA,NA,NA,NA,NA,NA,NA,NA,NA,NA,NA,NA,NA,NA,NA,NA,NA,4750,NA,"2016"
231,"Etobicoke Community Concert Band","5","Local","1",6500,NA,NA,NA,NA,NA,NA,NA,NA,NA,NA,NA,NA,NA,NA,NA,NA,NA,6500,NA,"2016"
232,"Etobicoke Handweavers and Spinners Guild","3","City-wide","1",4000,NA,NA,NA,NA,NA,NA,NA,NA,NA,NA,NA,NA,NA,NA,NA,NA,NA,4000,NA,"2016"
233,"Etobicoke Philharmonic Orchestra","3","Local","1",11000,NA,NA,NA,NA,NA,NA,NA,NA,NA,NA,NA,NA,NA,NA,NA,NA,NA,11000,NA,"2016"
234,"Etobicoke Services for Seniors","2","Area services","1",50165,NA,NA,NA,NA,NA,NA,50165,NA,NA,NA,NA,NA,NA,NA,NA,NA,NA,NA,NA,"2016"
235,"Eva's Phoenix","19","Local","1",5112,NA,NA,NA,NA,NA,NA,NA,NA,NA,NA,NA,NA,NA,NA,NA,NA,NA,5112,NA,"2016"
236,"Evangel Hall","20","Local","1",61311,NA,NA,NA,NA,NA,NA,NA,NA,NA,NA,61311,NA,NA,NA,NA,NA,NA,NA,NA,"2016"
237,"Eventual Ashes","25","City-wide","1",15000,NA,NA,NA,NA,NA,NA,NA,NA,NA,NA,NA,NA,NA,NA,NA,NA,NA,15000,NA,"2016"
238,"Everdale - Black Creek Community Farm","8","Area Services","2",56300,40000,NA,NA,16300,NA,NA,NA,NA,NA,NA,NA,NA,NA,NA,NA,NA,NA,NA,NA,"2016"
239,"Evergreen","29","City Wide","2",54000,NA,NA,NA,NA,NA,NA,NA,4000,NA,NA,NA,NA,NA,NA,NA,NA,NA,50000,NA,"2016"
240,"Evergreeen Club Contemporary Gamelan","31","City-wide","1",3500,NA,NA,NA,NA,NA,NA,NA,NA,NA,NA,NA,NA,NA,NA,NA,NA,NA,3500,NA,"2016"
241,"Everything but the Bard","28","City-wide","1",5000,NA,NA,NA,NA,NA,NA,NA,NA,NA,NA,NA,NA,NA,NA,NA,NA,NA,5000,NA,"2016"
242,"Expect Theatre","1","Local","1",30000,NA,NA,NA,NA,NA,NA,NA,NA,NA,NA,NA,NA,NA,NA,NA,NA,NA,30000,NA,"2016"
243,"Express Arte","8","Local","1",7500,NA,NA,NA,NA,NA,NA,NA,NA,NA,NA,NA,NA,NA,NA,NA,NA,NA,7500,NA,"2016"
244,"Extend-A-Family","16","City-wide","1",23550,NA,NA,NA,NA,NA,NA,23550,NA,NA,NA,NA,NA,NA,NA,NA,NA,NA,NA,NA,"2016"
245,"Exultate Chamber Singers","20","City-wide","1",7000,NA,NA,NA,NA,NA,NA,NA,NA,NA,NA,NA,NA,NA,NA,NA,NA,NA,7000,NA,"2016"
246,"Factory Theatre","20","City-wide","1",158000,NA,NA,NA,NA,NA,NA,NA,NA,NA,NA,NA,NA,NA,NA,NA,NA,NA,158000,NA,"2016"
247,"FADO Performance Inc.","19","City-wide","1",24000,NA,NA,NA,NA,NA,NA,NA,NA,NA,NA,NA,NA,NA,NA,NA,NA,NA,24000,NA,"2016"
248,"Fall for Dance North Festival Inc","19","City-wide","1",8000,NA,NA,NA,NA,NA,NA,NA,NA,NA,NA,NA,NA,NA,NA,NA,NA,NA,8000,NA,"2016"
249,"Family Services Toronto","27","City-wide","1",104225,NA,NA,NA,NA,NA,NA,104225,NA,NA,NA,NA,NA,NA,NA,NA,NA,NA,NA,NA,"2016"
250,"FAWN Chamber Creative","18","City-wide","1",1070,NA,NA,NA,NA,NA,NA,NA,NA,NA,NA,NA,NA,NA,NA,NA,NA,NA,1070,NA,"2016"
251,"FCJ Refugee Centre","17","City-wide","3",170000,NA,NA,115000,NA,46000,9000,NA,NA,NA,NA,NA,NA,NA,NA,NA,NA,NA,NA,NA,"2016"
252,"Feast in the East Collective","30","Local","1",8470,NA,NA,NA,NA,NA,NA,NA,NA,NA,NA,NA,NA,NA,NA,NA,NA,NA,8470,NA,"2016"
253,"Festival Management Committee/Toronto Caribbean Carnival-Caribana","31","City-wide","1",625000,NA,NA,NA,NA,NA,NA,NA,NA,NA,NA,NA,NA,NA,625000,NA,NA,NA,NA,NA,"2016"
254,"Fife House","27","City Wide","1",1e+05,NA,NA,NA,NA,NA,NA,NA,NA,NA,NA,1e+05,NA,NA,NA,NA,NA,NA,NA,NA,"2016"
255,"Film for Artists","19","City-wide","1",5000,NA,NA,NA,NA,NA,NA,NA,NA,NA,NA,NA,NA,NA,NA,NA,NA,NA,5000,NA,"2016"
256,"Find Help Toronto","20","City-wide","1",604568,NA,NA,NA,NA,NA,NA,NA,NA,NA,NA,NA,NA,NA,NA,NA,NA,NA,NA,604568,"2016"
257,"Firgrove Community Learning Centre","11","Local","1",8000,NA,NA,NA,NA,NA,8000,NA,NA,NA,NA,NA,NA,NA,NA,NA,NA,NA,NA,NA,"2016"
259,"First Portuguese Canadian Cultural Centre of Toronto","17","Area Services","1",13580,NA,NA,NA,NA,NA,NA,13580,NA,NA,NA,NA,NA,NA,NA,NA,NA,NA,NA,NA,"2016"
260,"FIXT POINT Arts and Media","14","Local","1",30000,NA,NA,NA,NA,NA,NA,NA,NA,NA,NA,NA,NA,NA,NA,NA,NA,NA,30000,NA,"2016"
261,"Flashing Lights","21","City-wide","1",13000,NA,NA,NA,NA,NA,NA,NA,NA,NA,NA,NA,NA,NA,NA,NA,NA,NA,13000,NA,"2016"
262,"FoodShare Toronto","18","City-wide","2",257050,45000,NA,NA,NA,NA,NA,212050,NA,NA,NA,NA,NA,NA,NA,NA,NA,NA,NA,NA,"2016"
263,"For You Telecare Family Services Inc. (FUTFS)","25","City-wide","1",15390,NA,NA,NA,NA,NA,NA,15390,NA,NA,NA,NA,NA,NA,NA,NA,NA,NA,NA,NA,"2016"
264,"For Youth Initiative in Toronto","12","Area Services","1",118800,NA,NA,NA,NA,NA,NA,118800,NA,NA,NA,NA,NA,NA,NA,NA,NA,NA,NA,NA,"2016"
267,"Franco-fete de la communaute urbaine de Toronto","27","City-wide","1",10000,NA,NA,NA,NA,NA,NA,NA,NA,NA,NA,NA,NA,NA,NA,NA,NA,NA,10000,NA,"2016"
268,"Francophonie en Fete Corporation","20","City-wide","1",10000,NA,NA,NA,NA,NA,NA,NA,NA,NA,NA,NA,NA,NA,NA,NA,NA,NA,10000,NA,"2016"
269,"Franklin Carmichael Art Group","1","Local","1",6500,NA,NA,NA,NA,NA,NA,NA,NA,NA,NA,NA,NA,NA,NA,NA,NA,NA,6500,NA,"2016"
270,"Franklin Horner Community Centre","6","City-wide","1",28865,NA,NA,NA,NA,NA,NA,28865,NA,NA,NA,NA,NA,NA,NA,NA,NA,NA,NA,NA,"2016"
271,"Friends of Fort York (Summer Guard)","28","City-wide","1",15610,NA,NA,NA,NA,NA,NA,NA,NA,NA,NA,NA,NA,NA,NA,15610,NA,NA,NA,NA,"2016"
272,"Friends of the Pan Am Path","28","City-wide","1",45000,NA,NA,NA,NA,NA,NA,NA,NA,45000,NA,NA,NA,NA,NA,NA,NA,NA,NA,NA,"2016"
273,"Frontlines","11","Local","1",10000,NA,NA,NA,NA,NA,NA,NA,NA,NA,NA,NA,NA,NA,NA,NA,NA,NA,10000,NA,"2016"
274,"fu-GEN Theatre Company","28","City-wide","1",22000,NA,NA,NA,NA,NA,NA,NA,NA,NA,NA,NA,NA,NA,NA,NA,NA,NA,22000,NA,"2016"
275,"Fujiwara Dance Inventions","20","City-wide","1",17000,NA,NA,NA,NA,NA,NA,NA,NA,NA,NA,NA,NA,NA,NA,NA,NA,NA,17000,NA,"2016"
276,"Gallery 44 Centre for Contemporary Photography","20","City-wide","1",84000,NA,NA,NA,NA,NA,NA,NA,NA,NA,NA,NA,NA,NA,NA,NA,NA,NA,84000,NA,"2016"
277,"Galleyway Collective","14","Local","1",4650,NA,NA,NA,NA,NA,NA,NA,NA,NA,NA,NA,NA,NA,NA,NA,NA,NA,4650,NA,"2016"
278,"Gendai Gallery","18","Local","1",7000,NA,NA,NA,NA,NA,NA,NA,NA,NA,NA,NA,NA,NA,NA,NA,NA,NA,7000,NA,"2016"
279,"George R. Gardiner Museum of Ceramic Art/Gardiner Museum","27","City-wide","1",155265,NA,NA,NA,NA,NA,NA,NA,NA,NA,NA,NA,NA,NA,155265,NA,NA,NA,NA,NA,"2016"
280,"George S. Syme Seniors Centre of York","11","Area services","1",90740,NA,NA,NA,NA,NA,NA,90740,NA,NA,NA,NA,NA,NA,NA,NA,NA,NA,NA,NA,"2016"
281,"GHANAFEST","1","City-wide","1",4500,NA,NA,NA,NA,NA,NA,NA,NA,NA,NA,NA,NA,NA,NA,NA,NA,NA,4500,NA,"2016"
282,"Girls Rock Camp Toronto","20","City-wide","1",28000,NA,NA,NA,NA,NA,NA,NA,NA,NA,NA,NA,NA,NA,NA,NA,NA,NA,28000,NA,"2016"
283,"Glad Day Bookshop Proud Voices Collective","27","City-wide","1",10500,NA,NA,NA,NA,NA,NA,NA,NA,NA,NA,NA,NA,NA,NA,NA,NA,NA,10500,NA,"2016"
284,"Glenn Gould Foundation","28","City-wide","1",15000,NA,NA,NA,NA,NA,NA,NA,NA,NA,NA,NA,NA,NA,NA,NA,NA,NA,NA,15000,"2016"
285,"Golden Age","18","City-wide","1",1500,NA,NA,NA,NA,NA,NA,NA,NA,NA,NA,NA,NA,NA,NA,NA,NA,NA,1500,NA,"2016"
286,"Greenest City Environmental","14","City-wide","1",9000,NA,NA,NA,NA,NA,9000,NA,NA,NA,NA,NA,NA,NA,NA,NA,NA,NA,NA,NA,"2016"
287,"GreenHere - Earth day Canada","18","Area Services","1",38000,NA,NA,NA,38000,NA,NA,NA,NA,NA,NA,NA,NA,NA,NA,NA,NA,NA,NA,NA,"2016"
288,"GyalCast","29","City-wide","1",7500,NA,NA,NA,NA,NA,NA,NA,NA,NA,NA,NA,NA,NA,NA,NA,NA,NA,7500,NA,"2016"
289,"Hand Eye Society","27","City-wide","1",22500,NA,NA,NA,NA,NA,NA,NA,NA,NA,NA,NA,NA,NA,NA,NA,NA,NA,22500,NA,"2016"
290,"Hands of Hero Foundation","11","Local","1",5000,NA,NA,NA,NA,NA,NA,NA,NA,NA,NA,NA,NA,NA,NA,NA,NA,NA,5000,NA,"2016"
291,"Harari Youth Committee of Toronto (HYCT)","35","City-wide","1",8040,NA,NA,NA,NA,NA,NA,NA,NA,NA,NA,NA,8040,NA,NA,NA,NA,NA,NA,NA,"2016"
293,"Harbourfront Community Centre - City Of Toronto","20","Area services","1",70425,NA,NA,NA,NA,NA,NA,70425,NA,NA,NA,NA,NA,NA,NA,NA,NA,NA,NA,NA,"2016"
294,"Harbourfront Corporations (1990)","20","City-wide","1",290000,NA,NA,NA,NA,NA,NA,NA,NA,NA,NA,NA,NA,NA,NA,NA,NA,NA,290000,NA,"2016"
295,"Harmony Hall Centre for Seniors","31","Area Services","1",98175,NA,NA,NA,NA,NA,NA,98175,NA,NA,NA,NA,NA,NA,NA,NA,NA,NA,NA,NA,"2016"
296,"Harriet Tubman Community Organization","33","Local","1",49950,NA,NA,NA,NA,NA,NA,49950,NA,NA,NA,NA,NA,NA,NA,NA,NA,NA,NA,NA,"2016"
297,"Health Arts Society of Ontario","28","Local","1",3500,NA,NA,NA,NA,NA,NA,NA,NA,NA,NA,NA,NA,NA,NA,NA,NA,NA,3500,NA,"2016"
298,"Heart On","10","City-wide","1",3000,NA,NA,NA,NA,NA,NA,NA,NA,NA,NA,NA,NA,NA,NA,NA,NA,NA,3000,NA,"2016"
299,"Hemophilia Ontario - Toronto & Central Ontario Region","27","City-wide","1",26495,NA,NA,NA,NA,NA,NA,26495,NA,NA,NA,NA,NA,NA,NA,NA,NA,NA,NA,NA,"2016"
300,"Heritage - 11 Beaumont Road","27","Local","1",10000,NA,NA,NA,NA,NA,NA,NA,NA,NA,10000,NA,NA,NA,NA,NA,NA,NA,NA,NA,"2016"
301,"Heritage - 16 Bernard Avenue","20","Local","1",20000,NA,NA,NA,NA,NA,NA,NA,NA,NA,20000,NA,NA,NA,NA,NA,NA,NA,NA,NA,"2016"
302,"Heritage - 14 Brunswick Avenue","20","Local","1",5850,NA,NA,NA,NA,NA,NA,NA,NA,NA,5850,NA,NA,NA,NA,NA,NA,NA,NA,NA,"2016"
303,"Heritage - 69 Brunswick Avenue","20","Local","1",10000,NA,NA,NA,NA,NA,NA,NA,NA,NA,10000,NA,NA,NA,NA,NA,NA,NA,NA,NA,"2016"
304,"Heritage - 180 Crescent Road","27","Local","1",20000,NA,NA,NA,NA,NA,NA,NA,NA,NA,20000,NA,NA,NA,NA,NA,NA,NA,NA,NA,"2016"
305,"Heritage - 315 Dundas Street East","28","Local","1",101550,NA,NA,NA,NA,NA,NA,NA,NA,NA,101550,NA,NA,NA,NA,NA,NA,NA,NA,NA,"2016"
306,"Heritage - 736 Dundas Street East","28","Local","1",50000,NA,NA,NA,NA,NA,NA,NA,NA,NA,50000,NA,NA,NA,NA,NA,NA,NA,NA,NA,"2016"
307,"Heritage - 179 First Avenue","30","Local","1",9900,NA,NA,NA,NA,NA,NA,NA,NA,NA,9900,NA,NA,NA,NA,NA,NA,NA,NA,NA,"2016"
308,"Heritage - 11 Laurier Avenue","28","Local","1",3250,NA,NA,NA,NA,NA,NA,NA,NA,NA,3250,NA,NA,NA,NA,NA,NA,NA,NA,NA,"2016"
309,"Heritage - 22 Lyall Avenue","32","Local","1",10000,NA,NA,NA,NA,NA,NA,NA,NA,NA,10000,NA,NA,NA,NA,NA,NA,NA,NA,NA,"2016"
310,"Heritage - 9 Metcalf Street","28","Local","1",2000,NA,NA,NA,NA,NA,NA,NA,NA,NA,2000,NA,NA,NA,NA,NA,NA,NA,NA,NA,"2016"
311,"Heritage - 11 Metcalf Street","28","Local","1",2000,NA,NA,NA,NA,NA,NA,NA,NA,NA,2000,NA,NA,NA,NA,NA,NA,NA,NA,NA,"2016"
312,"Heritage - 112 Ravenscrest Drive","3","Local","1",10000,NA,NA,NA,NA,NA,NA,NA,NA,NA,10000,NA,NA,NA,NA,NA,NA,NA,NA,NA,"2016"
313,"Heritage - 16 Ryerson Avenue","20","Local","1",25400,NA,NA,NA,NA,NA,NA,NA,NA,NA,25400,NA,NA,NA,NA,NA,NA,NA,NA,NA,"2016"
314,"Heritage - 382 Sackville Street","28","Local","1",6750,NA,NA,NA,NA,NA,NA,NA,NA,NA,6750,NA,NA,NA,NA,NA,NA,NA,NA,NA,"2016"
315,"Heritage - 437 Sherbourne Street","28","Local","1",20000,NA,NA,NA,NA,NA,NA,NA,NA,NA,20000,NA,NA,NA,NA,NA,NA,NA,NA,NA,"2016"
316,"Heritage - 602 Spadina Avenue","20","Local","1",10000,NA,NA,NA,NA,NA,NA,NA,NA,NA,10000,NA,NA,NA,NA,NA,NA,NA,NA,NA,"2016"
317,"Heritage - 51 Wells Hill Avenue","21","Local","1",10000,NA,NA,NA,NA,NA,NA,NA,NA,NA,10000,NA,NA,NA,NA,NA,NA,NA,NA,NA,"2016"
318,"Heritage - 40 Westmoreland Avenue","18","Local","1",2200,NA,NA,NA,NA,NA,NA,NA,NA,NA,2200,NA,NA,NA,NA,NA,NA,NA,NA,NA,"2016"
319,"Heritage - 36 Wychwood Park","21","Local","1",10000,NA,NA,NA,NA,NA,NA,NA,NA,NA,10000,NA,NA,NA,NA,NA,NA,NA,NA,NA,"2016"
320,"Hijinks","18","Local","1",20000,NA,NA,NA,NA,NA,NA,NA,NA,NA,NA,NA,NA,NA,NA,NA,NA,NA,20000,NA,"2016"
321,"Hispanic Canadian Arts & Cultural Association","14","City-wide","1",6750,NA,NA,NA,NA,NA,NA,NA,NA,NA,NA,NA,NA,NA,NA,NA,NA,NA,6750,NA,"2016"
322,"Hispanic Canadian Heritage Council (The)","8","City Wide","1",75000,NA,NA,75000,NA,NA,NA,NA,NA,NA,NA,NA,NA,NA,NA,NA,NA,NA,NA,NA,"2016"
323,"Hispanic Development Council","20","City-wide","1",56635,NA,NA,NA,NA,NA,NA,56635,NA,NA,NA,NA,NA,NA,NA,NA,NA,NA,NA,NA,"2016"
324,"Hong Fook Mental Health Association","41","City-wide","1",23550,NA,NA,NA,NA,NA,NA,23550,NA,NA,NA,NA,NA,NA,NA,NA,NA,NA,NA,NA,"2016"
325,"Hot Docs Canadian International Documentary Festival","20","City-wide","1",90000,NA,NA,NA,NA,NA,NA,NA,NA,NA,NA,NA,NA,NA,NA,NA,NA,NA,90000,NA,"2016"
326,"How We Are Collective","19","City-wide","1",4000,NA,NA,NA,NA,NA,NA,NA,NA,NA,NA,NA,NA,NA,NA,NA,NA,NA,4000,NA,"2016"
327,"Humber Community Seniors' Services Inc.","11","Area services","1",38155,NA,NA,NA,NA,NA,NA,38155,NA,NA,NA,NA,NA,NA,NA,NA,NA,NA,NA,NA,"2016"
328,"Humewood House Association","21","City-wide","1",75000,NA,NA,NA,NA,NA,NA,NA,NA,NA,NA,75000,NA,NA,NA,NA,NA,NA,NA,NA,"2016"
329,"Igbo Traditional and Cultural Revival Foundation","15","City-wide","1",8000,NA,NA,NA,NA,NA,NA,NA,NA,NA,NA,NA,NA,NA,NA,NA,NA,NA,8000,NA,"2016"
330,"imagineNATIVE Film + Media Arts Festival","20","City-wide","1",65000,NA,NA,NA,NA,NA,NA,NA,NA,NA,NA,NA,NA,NA,NA,NA,NA,NA,65000,NA,"2016"
331,"IMPACT n' Communities","40","Area services","1",3000,NA,3000,NA,NA,NA,NA,NA,NA,NA,NA,NA,NA,NA,NA,NA,NA,NA,NA,NA,"2016"
332,"Impromptu Movements","28","Local","1",7000,NA,NA,NA,NA,NA,NA,NA,NA,NA,NA,NA,NA,NA,NA,NA,NA,NA,7000,NA,"2016"
333,"iNative Toronto International Aboriginal Music Festival","27","City-wide","1",10000,NA,NA,NA,NA,NA,NA,NA,NA,NA,NA,NA,NA,NA,NA,NA,NA,NA,10000,NA,"2016"
334,"InDANCE South Asian Dance Arts Inc.","28","City-wide","1",15000,NA,NA,NA,NA,NA,NA,NA,NA,NA,NA,NA,NA,NA,NA,NA,NA,NA,15000,NA,"2016"
335,"InkWell Workshops","19","City-wide","1",9700,NA,NA,NA,NA,NA,NA,NA,NA,NA,NA,NA,NA,NA,NA,NA,NA,NA,9700,NA,"2016"
336,"Inner City Angels","28","City-wide","1",36500,NA,NA,NA,NA,NA,NA,NA,NA,NA,NA,NA,NA,NA,NA,NA,NA,NA,36500,NA,"2016"
337,"Inside Out Lesbian and Gay Film Festival","20","City-wide","1",52000,NA,NA,NA,NA,NA,NA,NA,NA,NA,NA,NA,NA,NA,NA,NA,NA,NA,52000,NA,"2016"
338,"InterAccess","19","City-wide","1",51000,NA,NA,NA,NA,NA,NA,NA,NA,NA,NA,NA,NA,NA,NA,NA,NA,NA,51000,NA,"2016"
339,"International Readings at Harbourfront","20","City-wide","1",150000,NA,NA,NA,NA,NA,NA,NA,NA,NA,NA,NA,NA,NA,NA,NA,NA,NA,150000,NA,"2016"
340,"Ipsita Nova Dance Projects","19","City-wide","1",15000,NA,NA,NA,NA,NA,NA,NA,NA,NA,NA,NA,NA,NA,NA,NA,NA,NA,15000,NA,"2016"
341,"Iranian Canadian Centre for the Arts and Culture","24","City-wide","1",9000,NA,NA,NA,NA,NA,NA,NA,NA,NA,NA,NA,NA,NA,NA,NA,NA,NA,9000,NA,"2016"
342,"Iranian Women's Organization of Ontario","33","City-wide","1",34410,NA,NA,NA,NA,NA,NA,34410,NA,NA,NA,NA,NA,NA,NA,NA,NA,NA,NA,NA,"2016"
343,"Islington Centre - Etobicoke Senior Citizens","5","Area services","1",34750,NA,NA,NA,NA,NA,NA,34750,NA,NA,NA,NA,NA,NA,NA,NA,NA,NA,NA,NA,"2016"
344,"Israeli-Iranian Musical Initiative (I=I)","21","City-wide","1",4000,NA,NA,NA,NA,NA,NA,NA,NA,NA,NA,NA,NA,NA,NA,NA,NA,NA,4000,NA,"2016"
345,"It Could Still Happen","18","City-wide","1",4000,NA,NA,NA,NA,NA,NA,NA,NA,NA,NA,NA,NA,NA,NA,NA,NA,NA,4000,NA,"2016"
346,"Jane Finch Community and Family Centre","8","Local","1",230246,NA,NA,NA,NA,NA,NA,230246,NA,NA,NA,NA,NA,NA,NA,NA,NA,NA,NA,NA,"2016"
347,"Japanese Social Services","26","City-wide","1",29435,NA,NA,NA,NA,NA,NA,29435,NA,NA,NA,NA,NA,NA,NA,NA,NA,NA,NA,NA,"2016"
348,"JAYU Festival Inc","20","City-wide","1",24000,NA,NA,NA,NA,NA,NA,NA,NA,NA,NA,NA,NA,NA,NA,NA,NA,NA,24000,NA,"2016"
349,"JD Dance","27","City-wide","1",7000,NA,NA,NA,NA,NA,NA,NA,NA,NA,NA,NA,NA,NA,NA,NA,NA,NA,7000,NA,"2016"
350,"Jessie's - The June Callwood Centre for Young Women and Families","28","City-wide","2",61234,NA,NA,NA,NA,NA,NA,22105,NA,NA,NA,39129,NA,NA,NA,NA,NA,NA,NA,NA,"2016"
351,"John Howard Society of Toronto","27","City-wide","2",53540,NA,NA,NA,NA,40000,NA,13540,NA,NA,NA,NA,NA,NA,NA,NA,NA,NA,NA,NA,"2016"
352,"Jubilate Singers","28","City-wide","1",5000,NA,NA,NA,NA,NA,NA,NA,NA,NA,NA,NA,NA,NA,NA,NA,NA,NA,5000,NA,"2016"
353,"Jumblies Theatre","20","Area services","1",74000,NA,NA,NA,NA,NA,NA,NA,NA,NA,NA,NA,NA,NA,NA,NA,NA,NA,74000,NA,"2016"
354,"Junction Reads","13","City-wide","1",4050,NA,NA,NA,NA,NA,NA,NA,NA,NA,NA,NA,NA,NA,NA,NA,NA,NA,4050,NA,"2016"
355,"Kababayan Community Service Centre Inc.","14","City-wide","1",33940,NA,NA,NA,NA,NA,NA,33940,NA,NA,NA,NA,NA,NA,NA,NA,NA,NA,NA,NA,"2016"
356,"Kaeja d'Dance","20","City-wide","1",130900,NA,NA,NA,NA,NA,NA,NA,NA,NA,NA,NA,NA,NA,NA,NA,NA,NA,130900,NA,"2016"
357,"Kaha:wi Dance Theatre","20","City-wide","1",32000,NA,NA,NA,NA,NA,NA,NA,NA,NA,NA,NA,NA,NA,NA,NA,NA,NA,32000,NA,"2016"
358,"Kaisoca Pass De Torch","42","City-wide","1",10000,NA,NA,NA,NA,NA,NA,NA,NA,NA,NA,NA,NA,NA,NA,NA,NA,NA,10000,NA,"2016"
359,"Kapisanan Philippine Centre for Arts and Culture","20","City-wide","1",10000,NA,NA,NA,NA,NA,NA,NA,NA,NA,NA,NA,NA,NA,NA,NA,NA,NA,10000,NA,"2016"
360,"KasheDance","14","City-wide","1",7500,NA,NA,NA,NA,NA,NA,NA,NA,NA,NA,NA,NA,NA,NA,NA,NA,NA,7500,NA,"2016"
361,"KCWA Family and Social Services","20","City-wide","1",40100,NA,NA,NA,NA,NA,NA,40100,NA,NA,NA,NA,NA,NA,NA,NA,NA,NA,NA,NA,"2016"
362,"KeepRockinYou","21","City-wide","1",25000,NA,NA,NA,NA,NA,NA,NA,NA,NA,NA,NA,NA,NA,NA,NA,NA,NA,25000,NA,"2016"
363,"Kemi Contemporary Dance Projects","18","City-wide","1",7000,NA,NA,NA,NA,NA,NA,NA,NA,NA,NA,NA,NA,NA,NA,NA,NA,NA,7000,NA,"2016"
364,"Keys To The Studio","14","City-wide","1",17600,NA,NA,NA,NA,NA,NA,NA,NA,NA,NA,NA,NA,NA,NA,NA,NA,NA,17600,NA,"2016"
365,"Kick Start Arts Society","2","Local","1",12000,NA,NA,NA,NA,NA,NA,NA,NA,NA,NA,NA,NA,NA,NA,NA,NA,NA,12000,NA,"2016"
366,"Koffler Gallery of the Koffler Centre of the Arts","19","City-wide","1",50000,NA,NA,NA,NA,NA,NA,NA,NA,NA,NA,NA,NA,NA,NA,NA,NA,NA,50000,NA,"2016"
367,"Korean Dance Studies Society of Canada","34","City-wide","1",17000,NA,NA,NA,NA,NA,NA,NA,NA,NA,NA,NA,NA,NA,NA,NA,NA,NA,17000,NA,"2016"
368,"Korean Senior Citizens Society of Toronto, The","19","City-wide","1",22635,NA,NA,NA,NA,NA,NA,22635,NA,NA,NA,NA,NA,NA,NA,NA,NA,NA,NA,NA,"2016"
369,"KutXSew","16","Local","1",10000,NA,NA,NA,NA,NA,NA,NA,NA,NA,NA,NA,NA,NA,NA,NA,NA,NA,10000,NA,"2016"
370,"LA Centre for Active Living 55+","18","City-wide","1",22160,NA,NA,NA,NA,NA,NA,22160,NA,NA,NA,NA,NA,NA,NA,NA,NA,NA,NA,NA,"2016"
371,"La Passerelle Integration et Developpement Economique","27","City-wide","1",63870,NA,NA,NA,NA,NA,NA,63870,NA,NA,NA,NA,NA,NA,NA,NA,NA,NA,NA,NA,"2016"
372,"LACE Productions","22","City-wide","1",5000,NA,NA,NA,NA,NA,NA,NA,NA,NA,NA,NA,NA,NA,NA,NA,NA,NA,5000,NA,"2016"
373,"Lakeshore Area Multi-Service Project (LAMP)","6","Local","2",88480,NA,NA,NA,NA,NA,NA,81480,NA,NA,NA,NA,NA,NA,NA,NA,NA,NA,7000,NA,"2016"
374,"Lakeshore Arts Committee","6","Local","1",295430,NA,NA,NA,NA,NA,NA,NA,NA,NA,NA,NA,NA,295430,NA,NA,NA,NA,NA,NA,"2016"
375,"Lao Association of Ontario","9","City-wide","1",31795,NA,NA,NA,NA,NA,NA,31795,NA,NA,NA,NA,NA,NA,NA,NA,NA,NA,NA,NA,"2016"
376,"Latin American Art Projects","21","City-wide","1",7500,NA,NA,NA,NA,NA,NA,NA,NA,NA,NA,NA,NA,NA,NA,NA,NA,NA,7500,NA,"2016"
377,"Latvian Senior Citizen's Association","34","City-wide","1",11320,NA,NA,NA,NA,NA,NA,11320,NA,NA,NA,NA,NA,NA,NA,NA,NA,NA,NA,NA,"2016"
378,"Le Laboratoire d'Art","19","City-wide","1",18000,NA,NA,NA,NA,NA,NA,NA,NA,NA,NA,NA,NA,NA,NA,NA,NA,NA,18000,NA,"2016"
379,"Le Théâtre français de Toronto","28","City-wide","1",108000,NA,NA,NA,NA,NA,NA,NA,NA,NA,NA,NA,NA,NA,NA,NA,NA,NA,108000,NA,"2016"
380,"LEAF - Local Entertainment & Appreciation of Forests","21","City-wide","1",34500,NA,NA,NA,34500,NA,NA,NA,NA,NA,NA,NA,NA,NA,NA,NA,NA,NA,NA,NA,"2016"
381,"League of Canadian Poets","20","City-wide","1",19100,NA,NA,NA,NA,NA,NA,NA,NA,NA,NA,NA,NA,NA,NA,NA,NA,NA,19100,NA,"2016"
382,"Learning Disabilities Association Toronto","23","City-wide","1",60405,NA,NA,NA,NA,NA,NA,60405,NA,NA,NA,NA,NA,NA,NA,NA,NA,NA,NA,NA,"2016"
383,"left hand theatre","14","City-wide","1",7600,NA,NA,NA,NA,NA,NA,NA,NA,NA,NA,NA,NA,NA,NA,NA,NA,NA,7600,NA,"2016"
384,"Legacy - Dreams 2 Reality Youth empowerment","20","Area services","2",36450,NA,2450,NA,NA,34000,NA,NA,NA,NA,NA,NA,NA,NA,NA,NA,NA,NA,NA,NA,"2016"
385,"Les Centres d'Accueil Heritage","28","City-wide","1",61210,NA,NA,NA,NA,NA,NA,61210,NA,NA,NA,NA,NA,NA,NA,NA,NA,NA,NA,NA,"2016"
386,"Les Dancesoeurs","8","City-wide","1",10000,NA,NA,NA,NA,NA,NA,NA,NA,NA,NA,NA,10000,NA,NA,NA,NA,NA,NA,NA,"2016"
387,"Lester Trips (Theatre)","21","City-wide","1",12000,NA,NA,NA,NA,NA,NA,NA,NA,NA,NA,NA,NA,NA,NA,NA,NA,NA,12000,NA,"2016"
388,"Lesbian Gay Bi Trans Youth Line","28","City-wide","2",52702,NA,NA,NA,NA,NA,NA,42705,NA,NA,NA,NA,NA,NA,NA,NA,NA,NA,9997,NA,"2016"
389,"Liaison of Independent Filmakers of Toronto","18","City-wide","1",77000,NA,NA,NA,NA,NA,NA,NA,NA,NA,NA,NA,NA,NA,NA,NA,NA,NA,77000,NA,"2016"
390,"Life of a Craphead","20","City-wide","1",6000,NA,NA,NA,NA,NA,NA,NA,NA,NA,NA,NA,NA,NA,NA,NA,NA,NA,6000,NA,"2016"
391,"Limitless Designs","2","Local","1",4976,NA,NA,NA,NA,NA,NA,NA,NA,NA,NA,NA,NA,NA,NA,NA,NA,NA,4976,NA,"2016"
392,"Liquid Voice Writing Collective","37","Local","1",7000,NA,NA,NA,NA,NA,NA,NA,NA,NA,NA,NA,NA,NA,NA,NA,NA,NA,7000,NA,"2016"
393,"Litmus Theatre Collective","19","City-wide","1",15000,NA,NA,NA,NA,NA,NA,NA,NA,NA,NA,NA,NA,NA,NA,NA,NA,NA,15000,NA,"2016"
394,"Little Brother Projects","19","City-wide","1",6200,NA,NA,NA,NA,NA,NA,NA,NA,NA,NA,NA,NA,NA,NA,NA,NA,NA,6200,NA,"2016"
395,"Little Pear Garden Collective","28","City-wide","1",13000,NA,NA,NA,NA,NA,NA,NA,NA,NA,NA,NA,NA,NA,NA,NA,NA,NA,13000,NA,"2016"
396,"Living City Foundation (Black Creek Pioneer Village)","8","City-wide","1",50000,NA,NA,NA,NA,NA,NA,NA,50000,NA,NA,NA,NA,NA,NA,NA,NA,NA,NA,NA,"2016"
397,"Long Winter","19","City-wide","1",12000,NA,NA,NA,NA,NA,NA,NA,NA,NA,NA,NA,NA,NA,NA,NA,NA,NA,12000,NA,"2016"
398,"Lulu Music and Arts Centre","18","City-wide","1",40000,NA,NA,NA,NA,NA,NA,NA,NA,NA,NA,NA,NA,NA,NA,NA,NA,NA,40000,NA,"2016"
399,"Lumacare Services","10","City-wide","1",85775,NA,NA,NA,NA,NA,NA,85775,NA,NA,NA,NA,NA,NA,NA,NA,NA,NA,NA,NA,"2016"
400,"MABELLEarts","5","Local","1",24000,NA,NA,NA,NA,NA,NA,NA,NA,NA,NA,NA,NA,NA,NA,NA,NA,NA,24000,NA,"2016"
401,"Magazines Canada","20","City-wide","1",8000,NA,NA,NA,NA,NA,NA,NA,NA,NA,NA,NA,NA,NA,NA,NA,NA,NA,8000,NA,"2016"
402,"Making Room Community Arts","17","Local","1",11000,NA,NA,NA,NA,NA,NA,NA,NA,NA,NA,NA,NA,NA,NA,NA,NA,NA,11000,NA,"2016"
403,"Malvern Family Resource Centre","42","Local","3",284875,46000,NA,NA,43000,NA,NA,195875,NA,NA,NA,NA,NA,NA,NA,NA,NA,NA,NA,NA,"2016"
404,"Mammalian Diving Reflex","18","City-wide","1",25000,NA,NA,NA,NA,NA,NA,NA,NA,NA,NA,NA,NA,NA,NA,NA,NA,NA,25000,NA,"2016"
405,"Manifesto Community Projects","20","City Wide","1",38000,NA,NA,NA,NA,NA,NA,NA,NA,NA,NA,NA,NA,NA,NA,NA,NA,NA,38000,NA,"2016"
406,"Maracatu Mar Aberto","18","City-wide","1",9000,NA,NA,NA,NA,NA,NA,NA,NA,NA,NA,NA,NA,NA,NA,NA,NA,NA,9000,NA,"2016"
407,"Mariposa in the Schools","28","City-wide","1",17000,NA,NA,NA,NA,NA,NA,NA,NA,NA,NA,NA,NA,NA,NA,NA,NA,NA,17000,NA,"2016"
408,"Mayworks","20","City-wide","1",23750,NA,NA,NA,NA,NA,NA,NA,NA,NA,NA,NA,NA,NA,NA,NA,NA,NA,23750,NA,"2016"
409,"McGregor Youth Gr (East Metro Youth Srvs intrust)","37","Area services","1",1686,NA,1686,NA,NA,NA,NA,NA,NA,NA,NA,NA,NA,NA,NA,NA,NA,NA,NA,NA,"2016"
410,"Menaka Thakkar Dance Company of Canada","20","City-wide","1",31500,NA,NA,NA,NA,NA,NA,NA,NA,NA,NA,NA,NA,NA,NA,NA,NA,NA,31500,NA,"2016"
411,"Mennonite New Life Centre of Toronto","32","Area services","1",45000,45000,NA,NA,NA,NA,NA,NA,NA,NA,NA,NA,NA,NA,NA,NA,NA,NA,NA,NA,"2016"
412,"Mercer Union , A Centre for Contemporary Art","18","City-wide","1",70000,NA,NA,NA,NA,NA,NA,NA,NA,NA,NA,NA,NA,NA,NA,NA,NA,NA,70000,NA,"2016"
413,"Metropolitan Action Committee on Violence Against Women & Children (METRAC)","20","City-wide","1",310855,NA,NA,NA,NA,NA,NA,310855,NA,NA,NA,NA,NA,NA,NA,NA,NA,NA,NA,NA,"2016"
414,"Miles Nadal Jewish Community Centre","20","City-wide","1",13000,NA,NA,NA,NA,NA,NA,NA,NA,NA,NA,NA,NA,NA,NA,NA,NA,NA,13000,NA,"2016"
415,"MINOR EMPIRE","13","City-wide","1",3000,NA,NA,NA,NA,NA,NA,NA,NA,NA,NA,NA,NA,NA,NA,NA,NA,NA,3000,NA,"2016"
416,"Mix Mix Dance Collective","19","Local","1",28000,NA,NA,NA,NA,NA,NA,NA,NA,NA,NA,NA,NA,NA,NA,NA,NA,NA,28000,NA,"2016"
417,"Mixed Company","28","City-wide","1",18825,NA,NA,NA,NA,NA,NA,NA,NA,NA,NA,NA,NA,NA,NA,NA,NA,NA,18825,NA,"2016"
418,"MLC","27","City-wide","1",15000,NA,NA,NA,NA,NA,NA,NA,NA,NA,NA,NA,NA,NA,NA,NA,NA,NA,15000,NA,"2016"
419,"Modern Times Stage Company","27","City-wide","1",33000,NA,NA,NA,NA,NA,NA,NA,NA,NA,NA,NA,NA,NA,NA,NA,NA,NA,33000,NA,"2016"
420,"Momiji Health Care Society","36","City-wide","1",36260,NA,NA,NA,NA,NA,NA,36260,NA,NA,NA,NA,NA,NA,NA,NA,NA,NA,NA,NA,"2016"
421,"Mood Disorders Association of Ontario","16","City-wide","1",17670,NA,NA,NA,NA,NA,NA,17670,NA,NA,NA,NA,NA,NA,NA,NA,NA,NA,NA,NA,"2016"
422,"MOonhORsE dance theatre","28","City-wide","1",15000,NA,NA,NA,NA,NA,NA,NA,NA,NA,NA,NA,NA,NA,NA,NA,NA,NA,15000,NA,"2016"
423,"Mooredale Concerts","20","City-wide","1",4000,NA,NA,NA,NA,NA,NA,NA,NA,NA,NA,NA,NA,NA,NA,NA,NA,NA,4000,NA,"2016"
424,"Mount Dennis Community Association","11","Area services","1",2000,NA,NA,NA,NA,NA,2000,NA,NA,NA,NA,NA,NA,NA,NA,NA,NA,NA,NA,NA,"2016"
425,"Moveable Beast","17","City-wide","1",9000,NA,NA,NA,NA,NA,NA,NA,NA,NA,NA,NA,NA,NA,NA,NA,NA,NA,9000,NA,"2016"
426,"Moving Images","11","Local","1",20000,NA,NA,NA,NA,NA,NA,NA,NA,NA,NA,NA,NA,NA,NA,NA,NA,NA,20000,NA,"2016"
427,"Muhtadi International Drumming Festival","32","City-wide","1",10000,NA,NA,NA,NA,NA,NA,NA,NA,NA,NA,NA,NA,NA,NA,NA,NA,NA,10000,NA,"2016"
428,"Mural Routes Inc.","36","City-wide","2",67500,NA,NA,NA,NA,NA,NA,NA,NA,37500,NA,NA,NA,NA,NA,NA,NA,NA,30000,NA,"2016"
429,"Music Africa of Canada Inc.","32","City-wide","1",31000,NA,NA,NA,NA,NA,NA,NA,NA,NA,NA,NA,NA,NA,NA,NA,NA,NA,31000,NA,"2016"
430,"Music Garden, Harbourfront Centre","20","City-Wide","1",25500,NA,NA,NA,NA,NA,NA,NA,NA,NA,NA,NA,NA,NA,NA,NA,NA,NA,NA,25500,"2016"
431,"Music in the Barns","18","City-wide","1",8000,NA,NA,NA,NA,NA,NA,NA,NA,NA,NA,NA,NA,NA,NA,NA,NA,NA,8000,NA,"2016"
432,"Music Mondays Community Series","27","City-wide","1",5000,NA,NA,NA,NA,NA,NA,NA,NA,NA,NA,NA,NA,NA,NA,NA,NA,NA,5000,NA,"2016"
433,"Music Toronto","28","City-wide","1",86500,NA,NA,NA,NA,NA,NA,NA,NA,NA,NA,NA,NA,NA,NA,NA,NA,NA,86500,NA,"2016"
434,"N.Y.C (Neptune Youth Community)","15","City-wide","1",10000,NA,NA,NA,NA,NA,NA,NA,NA,NA,NA,NA,10000,NA,NA,NA,NA,NA,NA,NA,"2016"
435,"Nagamo Collective","20","City-wide","1",15000,NA,NA,NA,NA,NA,NA,NA,NA,NA,NA,NA,NA,NA,NA,NA,NA,NA,15000,NA,"2016"
436,"Nagata Shachu Japaneses Taiko and Music Garden","20","City-wide","1",13000,NA,NA,NA,NA,NA,NA,NA,NA,NA,NA,NA,NA,NA,NA,NA,NA,NA,13000,NA,"2016"
437,"National Ballet of Canada","20","City-wide","1",1320000,NA,NA,NA,NA,NA,NA,NA,NA,NA,NA,NA,NA,NA,1320000,NA,NA,NA,NA,NA,"2016"
438,"Na-Me-Res (Native Men's Residence)","21","City-wide","2",23500,NA,NA,NA,NA,NA,NA,NA,NA,8500,NA,NA,NA,NA,NA,NA,NA,NA,15000,NA,"2016"
439,"National Shevchenko Musical Ensemble","15","City-wide","1",7500,NA,NA,NA,NA,NA,NA,NA,NA,NA,NA,NA,NA,NA,NA,NA,NA,NA,7500,NA,"2016"
440,"Native Canadian Centre of Toronto","20","City-wide","1",80060,NA,NA,NA,NA,NA,NA,80060,NA,NA,NA,NA,NA,NA,NA,NA,NA,NA,NA,NA,"2016"
441,"Native Child and Family Services of Toronto","27","Area services","2",158640,NA,NA,NA,41000,NA,NA,117640,NA,NA,NA,NA,NA,NA,NA,NA,NA,NA,NA,NA,"2016"
442,"Native Earth Performing Arts","28","City-wide","1",78000,NA,NA,NA,NA,NA,NA,NA,NA,NA,NA,NA,NA,NA,NA,NA,NA,NA,78000,NA,"2016"
443,"Native Women in the Arts","20","City-wide","1",25000,NA,NA,NA,NA,NA,NA,NA,NA,NA,NA,NA,NA,NA,NA,NA,NA,NA,25000,NA,"2016"
444,"Native Women's Resource Centre of Toronto","27","Area services","1",90250,NA,NA,NA,NA,NA,NA,90250,NA,NA,NA,NA,NA,NA,NA,NA,NA,NA,NA,NA,"2016"
445,"Neighbourhood Centre","31","Area services","1",141180,NA,NA,NA,NA,NA,NA,141180,NA,NA,NA,NA,NA,NA,NA,NA,NA,NA,NA,NA,"2016"
446,"Neighbourhood Information Centre","28","Area services","2",49610,NA,NA,NA,NA,NA,9000,40610,NA,NA,NA,NA,NA,NA,NA,NA,NA,NA,NA,NA,"2016"
447,"New Adventures In Sound Art","21","Area services","1",13500,NA,NA,NA,NA,NA,NA,NA,NA,NA,NA,NA,NA,NA,NA,NA,NA,NA,13500,NA,"2016"
448,"New Canadian Community Centre","24","City-wide","2",74430,NA,NA,NA,30000,NA,NA,44430,NA,NA,NA,NA,NA,NA,NA,NA,NA,NA,NA,NA,"2016"
449,"New Music Concerts","20","City-wide","1",52250,NA,NA,NA,NA,NA,NA,NA,NA,NA,NA,NA,NA,NA,NA,NA,NA,NA,52250,NA,"2016"
450,"Newcomers Women's Services Toronto","30","City-wide","1",42390,NA,NA,NA,NA,NA,NA,42390,NA,NA,NA,NA,NA,NA,NA,NA,NA,NA,NA,NA,"2016"
451,"Nightswimming Repertory Theatre","28","City-wide","1",17000,NA,NA,NA,NA,NA,NA,NA,NA,NA,NA,NA,NA,NA,NA,NA,NA,NA,17000,NA,"2016"
452,"Nightwood Theatre","27","City-wide","1",73000,NA,NA,NA,NA,NA,NA,NA,NA,NA,NA,NA,NA,NA,NA,NA,NA,NA,73000,NA,"2016"
453,"Nikki Knows","28","Area services","1",35000,NA,NA,NA,NA,35000,NA,NA,NA,NA,NA,NA,NA,NA,NA,NA,NA,NA,NA,NA,"2016"
454,"North York Arts","23","City Wide","1",235740,NA,NA,NA,NA,NA,NA,NA,NA,NA,NA,NA,NA,235740,NA,NA,NA,NA,NA,NA,"2016"
455,"North York Community House","15","Area services","1",128670,NA,NA,NA,NA,NA,NA,128670,NA,NA,NA,NA,NA,NA,NA,NA,NA,NA,NA,NA,"2016"
456,"North York Harvest Food Bank","15","Area Services","1",23550,NA,NA,NA,NA,NA,NA,23550,NA,NA,NA,NA,NA,NA,NA,NA,NA,NA,NA,NA,"2016"
457,"North York Seniors Centre","23","Area services","1",91595,NA,NA,NA,NA,NA,NA,91595,NA,NA,NA,NA,NA,NA,NA,NA,NA,NA,NA,NA,"2016"
458,"North York Womens Resource Centre","15","Area services","1",50310,NA,NA,NA,NA,NA,NA,50310,NA,NA,NA,NA,NA,NA,NA,NA,NA,NA,NA,NA,"2016"
459,"Northern Visions Independent Film & Video Organization","20","City-wide","1",58000,NA,NA,NA,NA,NA,NA,NA,NA,NA,NA,NA,NA,NA,NA,NA,NA,NA,58000,NA,"2016"
460,"Northwood Neighbourhood Services","7","Area services","1",46635,NA,NA,NA,NA,NA,NA,46635,NA,NA,NA,NA,NA,NA,NA,NA,NA,NA,NA,NA,"2016"
461,"Not Because of The Rabbits","21","City-wide","1",9000,NA,NA,NA,NA,NA,NA,NA,NA,NA,NA,NA,NA,NA,NA,NA,NA,NA,9000,NA,"2016"
462,"Not Dead Yet","14","City-wide","1",7500,NA,NA,NA,NA,NA,NA,NA,NA,NA,NA,NA,NA,NA,NA,NA,NA,NA,7500,NA,"2016"
463,"Not Lost Collective","18","City-wide","1",11000,NA,NA,NA,NA,NA,NA,NA,NA,NA,NA,NA,NA,NA,NA,NA,NA,NA,11000,NA,"2016"
464,"NOWADAYS THEATRE","23","City-wide","1",5000,NA,NA,NA,NA,NA,NA,NA,NA,NA,NA,NA,NA,NA,NA,NA,NA,NA,5000,NA,"2016"
465,"Obsidian Theatre Company","20","City-wide","1",56000,NA,NA,NA,NA,NA,NA,NA,NA,NA,NA,NA,NA,NA,NA,NA,NA,NA,56000,NA,"2016"
466,"Ogaden Somali Community Association of Ontario","12","City-wide","1",30000,NA,NA,NA,30000,NA,NA,NA,NA,NA,NA,NA,NA,NA,NA,NA,NA,NA,NA,NA,"2016"
468,"Okay Collective","24","Local","1",20000,NA,NA,NA,NA,NA,NA,NA,NA,NA,NA,NA,NA,NA,NA,NA,NA,NA,20000,NA,"2016"
469,"On the MOVE Collective","27","City-wide","1",4000,NA,NA,NA,NA,NA,NA,NA,NA,NA,NA,NA,NA,NA,NA,NA,NA,NA,4000,NA,"2016"
470,"Onsite Gallery [at] OCAD University","20","City-wide","1",4000,NA,NA,NA,NA,NA,NA,NA,NA,NA,NA,NA,NA,NA,NA,NA,NA,NA,4000,NA,"2016"
471,"Ontario Association of Art Galleries","20","City-wide","1",24000,NA,NA,NA,NA,NA,NA,NA,NA,NA,NA,NA,NA,NA,NA,NA,NA,NA,24000,NA,"2016"
472,"Ontario Council of Agencies Serving Immigrants (OCASI)","16","City-wide","2",73280,NA,NA,NA,NA,NA,NA,28280,NA,NA,NA,NA,NA,NA,NA,NA,45000,NA,NA,NA,"2016"
473,"Ontario Justice Education Networt/Reseau Ontarien D'Education Juridicue","27","City-wide","1",47000,NA,NA,NA,NA,47000,NA,NA,NA,NA,NA,NA,NA,NA,NA,NA,NA,NA,NA,NA,"2016"
474,"Ontario Pops Orchestra","14","Area services","1",7000,NA,NA,NA,NA,NA,7000,NA,NA,NA,NA,NA,NA,NA,NA,NA,NA,NA,NA,NA,"2016"
475,"Open Book Foundation","20","City-wide","1",15000,NA,NA,NA,NA,NA,NA,NA,NA,NA,NA,NA,NA,NA,NA,NA,NA,NA,15000,NA,"2016"
476,"Open Door Storytelling Project","29","City-wide","1",3250,NA,NA,NA,NA,NA,NA,NA,NA,NA,NA,NA,NA,NA,NA,NA,NA,NA,3250,NA,"2016"
477,"Open Fortress","17","City-wide","1",7000,NA,NA,NA,NA,NA,NA,NA,NA,NA,NA,NA,NA,NA,NA,NA,NA,NA,7000,NA,"2016"
478,"Open Roof Films Entertainment Inc.","18","City-wide","1",7000,NA,NA,NA,NA,NA,NA,NA,NA,NA,NA,NA,NA,NA,NA,NA,NA,NA,7000,NA,"2016"
479,"Open Studio","20","City-wide","1",73000,NA,NA,NA,NA,NA,NA,NA,NA,NA,NA,NA,NA,NA,NA,NA,NA,NA,73000,NA,"2016"
480,"Opera Atelier","27","City-wide","1",90000,NA,NA,NA,NA,NA,NA,NA,NA,NA,NA,NA,NA,NA,NA,NA,NA,NA,90000,NA,"2016"
481,"Opera Five Inc.","27","City-wide","1",8000,NA,NA,NA,NA,NA,NA,NA,NA,NA,NA,NA,NA,NA,NA,NA,NA,NA,8000,NA,"2016"
482,"Opera In Concert","28","City-wide","1",30000,NA,NA,NA,NA,NA,NA,NA,NA,NA,NA,NA,NA,NA,NA,NA,NA,NA,30000,NA,"2016"
483,"Operation Springboard","27","City-wide","1",36000,NA,NA,NA,NA,36000,NA,NA,NA,NA,NA,NA,NA,NA,NA,NA,NA,NA,NA,NA,"2016"
484,"Opportunity for Advancement","20","City-wide","1",47085,NA,NA,NA,NA,NA,NA,47085,NA,NA,NA,NA,NA,NA,NA,NA,NA,NA,NA,NA,"2016"
485,"Orchestra Toronto","23","City-wide","1",21000,NA,NA,NA,NA,NA,NA,NA,NA,NA,NA,NA,NA,NA,NA,NA,NA,NA,21000,NA,"2016"
486,"Oriana Women's Choir","22","City-wide","1",9400,NA,NA,NA,NA,NA,NA,NA,NA,NA,NA,NA,NA,NA,NA,NA,NA,NA,9400,NA,"2016"
487,"Orpheus Choir of Toronto","22","City-wide","1",25000,NA,NA,NA,NA,NA,NA,NA,NA,NA,NA,NA,NA,NA,NA,NA,NA,NA,25000,NA,"2016"
488,"Outside Looking In","28","City Wide","1",15000,NA,NA,NA,NA,NA,NA,NA,NA,NA,NA,NA,NA,NA,NA,NA,NA,NA,15000,NA,"2016"
489,"Outside the March Theatre Company Inc","19","City-wide","1",15000,NA,NA,NA,NA,NA,NA,NA,NA,NA,NA,NA,NA,NA,NA,NA,NA,NA,15000,NA,"2016"
490,"PAERE","37","Area services","1",9850,NA,NA,NA,NA,NA,NA,NA,NA,NA,NA,NA,9850,NA,NA,NA,NA,NA,NA,NA,"2016"
491,"PAL-Reading Services Inc.","27","City-wide","1",15665,NA,NA,NA,NA,NA,NA,15665,NA,NA,NA,NA,NA,NA,NA,NA,NA,NA,NA,NA,"2016"
492,"Pan Trinbago Steelband Assoc. of Ontario","29","City-wide","1",9000,NA,NA,NA,NA,NA,NA,NA,NA,NA,NA,NA,NA,NA,NA,NA,NA,NA,9000,NA,"2016"
493,"Paprika Festival","18","City-wide","1",15000,NA,NA,NA,NA,NA,NA,NA,NA,NA,NA,NA,NA,NA,NA,NA,NA,NA,15000,NA,"2016"
494,"Park People","20","City-wide","1",25000,NA,NA,NA,NA,NA,NA,NA,NA,25000,NA,NA,NA,NA,NA,NA,NA,NA,NA,NA,"2016"
495,"Parkdale Community Information Centre","14","Local","1",27275,NA,NA,NA,NA,NA,NA,27275,NA,NA,NA,NA,NA,NA,NA,NA,NA,NA,NA,NA,"2016"
496,"Parkdale Golden Age Foundation","14","Area services","1",57230,NA,NA,NA,NA,NA,NA,57230,NA,NA,NA,NA,NA,NA,NA,NA,NA,NA,NA,NA,"2016"
497,"Parkdale Intercultural Association (Toronto)","14","Local","1",65905,NA,NA,NA,NA,NA,NA,65905,NA,NA,NA,NA,NA,NA,NA,NA,NA,NA,NA,NA,"2016"
498,"Parkdale Neighbourhood Land Trust","14","Local","1",23000,NA,NA,NA,NA,NA,NA,NA,NA,23000,NA,NA,NA,NA,NA,NA,NA,NA,NA,NA,"2016"
499,"Parks n' Wreck","14","Local","1",15000,NA,NA,NA,NA,NA,NA,NA,NA,NA,NA,NA,NA,NA,NA,NA,NA,NA,15000,NA,"2016"
500,"Pax Christi Chorale","23","City-wide","1",20000,NA,NA,NA,NA,NA,NA,NA,NA,NA,NA,NA,NA,NA,NA,NA,NA,NA,20000,NA,"2016"
501,"PEACH","7","Local","1",15000,NA,NA,NA,NA,NA,NA,NA,NA,NA,NA,NA,NA,NA,NA,NA,NA,NA,15000,NA,"2016"
502,"Pearle Harbour Presents","19","City-wide","1",8000,NA,NA,NA,NA,NA,NA,NA,NA,NA,NA,NA,NA,NA,NA,NA,NA,NA,8000,NA,"2016"
503,"Peggy Baker Dance Projects","28","City-wide","1",22500,NA,NA,NA,NA,NA,NA,NA,NA,NA,NA,NA,NA,NA,NA,NA,NA,NA,22500,NA,"2016"
504,"PIECE OF MINE Festival","15","Local","1",15000,NA,NA,NA,NA,NA,NA,NA,NA,NA,NA,NA,NA,NA,NA,NA,NA,NA,15000,NA,"2016"
505,"Pilot Light","19","City-wide","1",7500,NA,NA,NA,NA,NA,NA,NA,NA,NA,NA,NA,NA,NA,NA,NA,NA,NA,7500,NA,"2016"
506,"Pink Pluto","27","City-wide","1",10000,NA,NA,NA,NA,NA,NA,NA,NA,NA,NA,NA,NA,NA,NA,NA,NA,NA,10000,NA,"2016"
507,"Pivot Reading Series","20","City-wide","1",8000,NA,NA,NA,NA,NA,NA,NA,NA,NA,NA,NA,NA,NA,NA,NA,NA,NA,8000,NA,"2016"
508,"Planet In Focus","20","City-wide","1",25000,NA,NA,NA,NA,NA,NA,NA,NA,NA,NA,NA,NA,NA,NA,NA,NA,NA,25000,NA,"2016"
509,"PLAYINGwithCRAYONS","20","City-wide","1",9000,NA,NA,NA,NA,NA,NA,NA,NA,NA,NA,NA,NA,NA,NA,NA,NA,NA,9000,NA,"2016"
510,"Playwrights Guild of Canada","20","City-wide","1",23000,NA,NA,NA,NA,NA,NA,NA,NA,NA,NA,NA,NA,NA,NA,NA,NA,NA,23000,NA,"2016"
511,"Pleiades Theatre","28","City-wide","1",23000,NA,NA,NA,NA,NA,NA,NA,NA,NA,NA,NA,NA,NA,NA,NA,NA,NA,23000,NA,"2016"
512,"Pneuma Ensemble","19","City-wide","1",5000,NA,NA,NA,NA,NA,NA,NA,NA,NA,NA,NA,NA,NA,NA,NA,NA,NA,5000,NA,"2016"
513,"Pocket Community Association","30","Local","1",7000,NA,NA,NA,NA,NA,NA,NA,NA,NA,NA,NA,NA,NA,NA,NA,NA,NA,7000,NA,"2016"
514,"Polycultural Immigrant and Community Services","3","Area Services","1",29300,NA,NA,NA,NA,NA,NA,29300,NA,NA,NA,NA,NA,NA,NA,NA,NA,NA,NA,NA,"2016"
515,"pounds per square inch performance","28","City-wide","1",15000,NA,NA,NA,NA,NA,NA,NA,NA,NA,NA,NA,NA,NA,NA,NA,NA,NA,15000,NA,"2016"
516,"Prefix Institute of Contemporary Art","20","City-wide","2",89000,NA,NA,NA,NA,NA,NA,NA,5000,NA,NA,NA,NA,NA,NA,NA,NA,NA,84000,NA,"2016"
517,"Pride Toronto","27","City-wide","1",260000,NA,NA,NA,NA,NA,NA,NA,NA,NA,NA,NA,NA,NA,260000,NA,NA,NA,NA,NA,"2016"
518,"PRESENCIA","18","City-wide","1",4000,NA,NA,NA,NA,NA,NA,NA,NA,NA,NA,NA,NA,NA,NA,NA,NA,NA,4000,NA,"2016"
519,"princess productions","28","City-wide","1",22000,NA,NA,NA,NA,NA,NA,NA,NA,NA,NA,NA,NA,NA,NA,NA,NA,NA,22000,NA,"2016"
520,"Prisoner's HIV/AIDS Support Action Network","28","Local","1",13000,NA,NA,NA,NA,NA,NA,NA,NA,NA,NA,NA,NA,NA,NA,NA,NA,NA,13000,NA,"2016"
521,"ProArteDanza","20","City-wide","1",15000,NA,NA,NA,NA,NA,NA,NA,NA,NA,NA,NA,NA,NA,NA,NA,NA,NA,15000,NA,"2016"
522,"Professional Association of Canadian Theatre","20","City-wide","1",6000,NA,NA,NA,NA,NA,NA,NA,NA,NA,NA,NA,NA,NA,NA,NA,NA,NA,6000,NA,"2016"
523,"Progress Place","27","City-wide","1",8500,NA,NA,NA,NA,NA,8500,NA,NA,NA,NA,NA,NA,NA,NA,NA,NA,NA,NA,NA,"2016"
524,"Project Creative Users","19","City-wide","1",20000,NA,NA,NA,NA,NA,NA,NA,NA,NA,NA,NA,NA,NA,NA,NA,NA,NA,20000,NA,"2016"
525,"Prologue to the Performing Arts","28","City-wide","1",35000,NA,NA,NA,NA,NA,NA,NA,NA,NA,NA,NA,NA,NA,NA,NA,NA,NA,35000,NA,"2016"
526,"Promoting Education and Community Health (PEACH)","7","Area services","2",105210,NA,NA,NA,NA,45000,NA,60210,NA,NA,NA,NA,NA,NA,NA,NA,NA,NA,NA,NA,"2016"
527,"Propeller Centre for Visual Arts","18","City-wide","1",12000,NA,NA,NA,NA,NA,NA,NA,12000,NA,NA,NA,NA,NA,NA,NA,NA,NA,NA,NA,"2016"
528,"Prosserman Jewish Community Centre","10","City-wide","1",13455,NA,NA,NA,NA,NA,NA,13455,NA,NA,NA,NA,NA,NA,NA,NA,NA,NA,NA,NA,"2016"
529,"Public Recordings Performance Projects","17","City-wide","1",15000,NA,NA,NA,NA,NA,NA,NA,NA,NA,NA,NA,NA,NA,NA,NA,NA,NA,15000,NA,"2016"
530,"Puppetmongers","30","City-wide","1",20000,NA,NA,NA,NA,NA,NA,NA,NA,NA,NA,NA,NA,NA,NA,NA,NA,NA,20000,NA,"2016"
531,"Queen's Plate","2","Area Services","1",30000,NA,NA,NA,NA,NA,NA,NA,NA,NA,NA,NA,NA,NA,NA,NA,30000,NA,NA,NA,"2016"
532,"Queen West - Central Toronto Community Health Centres","19","Area services","1",42000,42000,NA,NA,NA,NA,NA,NA,NA,NA,NA,NA,NA,NA,NA,NA,NA,NA,NA,NA,"2016"
533,"Queer Songbook Orchestra","19","Local","1",4000,NA,NA,NA,NA,NA,NA,NA,NA,NA,NA,NA,NA,NA,NA,NA,NA,NA,4000,NA,"2016"
534,"Quip Take","21","City-wide","1",3500,NA,NA,NA,NA,NA,NA,NA,NA,NA,NA,NA,NA,NA,NA,NA,NA,NA,3500,NA,"2016"
535,"Quote Unquote Collective","13","City-wide","1",8000,NA,NA,NA,NA,NA,NA,NA,NA,NA,NA,NA,NA,NA,NA,NA,NA,NA,8000,NA,"2016"
536,"Raging Asian Women Taiko Drummers","21","City-wide","1",12150,NA,NA,NA,NA,NA,NA,NA,NA,NA,NA,NA,NA,NA,NA,NA,NA,NA,12150,NA,"2016"
537,"Ralph Thornton Centre","30","Local","2",59320,NA,NA,NA,NA,NA,NA,34320,NA,25000,NA,NA,NA,NA,NA,NA,NA,NA,NA,NA,"2016"
538,"Red Dress Productions","28","Local","1",20000,NA,NA,NA,NA,NA,NA,NA,NA,NA,NA,NA,NA,NA,NA,NA,NA,NA,20000,NA,"2016"
539,"Red Line Collective","30","City-wide","1",8000,NA,NA,NA,NA,NA,NA,NA,NA,NA,NA,NA,NA,NA,NA,NA,NA,NA,8000,NA,"2016"
540,"Red Pepper Spectacle Arts","20","City-wide","1",29000,NA,NA,NA,NA,NA,NA,NA,NA,NA,NA,NA,NA,NA,NA,NA,NA,NA,29000,NA,"2016"
541,"Red Sky Performance","20","City-wide","1",33000,NA,NA,NA,NA,NA,NA,NA,NA,NA,NA,NA,NA,NA,NA,NA,NA,NA,33000,NA,"2016"
542,"Regent Park Community Health Centre","28","Local","1",6000,NA,NA,NA,NA,NA,NA,NA,NA,NA,NA,NA,NA,NA,NA,NA,NA,NA,6000,NA,"2016"
543,"Regent Park Film Festival Inc","28","Local","1",24000,NA,NA,NA,NA,NA,NA,NA,NA,NA,NA,NA,NA,NA,NA,NA,NA,NA,24000,NA,"2016"
544,"Regent Park Focus","28","City-wide","1",32000,NA,NA,NA,NA,NA,NA,NA,NA,NA,NA,NA,NA,NA,NA,NA,NA,NA,32000,NA,"2016"
545,"Regent Park School of Music","28","Area services","1",20000,NA,NA,NA,NA,NA,NA,NA,NA,NA,NA,NA,NA,NA,NA,NA,NA,NA,20000,NA,"2016"
546,"Revue Cinema","14","City-wide","1",14000,NA,NA,NA,NA,NA,NA,NA,14000,NA,NA,NA,NA,NA,NA,NA,NA,NA,NA,NA,"2016"
547,"Rexdale Community Health Centre","2","Area services","2",166020,NA,NA,NA,NA,NA,NA,153020,NA,13000,NA,NA,NA,NA,NA,NA,NA,NA,NA,NA,"2016"
548,"Rexdale Community Hub","1","Area Services","3",175000,NA,NA,NA,NA,NA,NA,40000,NA,NA,NA,NA,90000,NA,NA,NA,45000,NA,NA,NA,"2016"
549,"Rexdale Women's Centre","1","Area services","2",91370,NA,NA,NA,36500,NA,NA,54870,NA,NA,NA,NA,NA,NA,NA,NA,NA,NA,NA,NA,"2016"
550,"Riverdale Immigrant Women's Centre","30","Area Services","1",35000,NA,NA,NA,35000,NA,NA,NA,NA,NA,NA,NA,NA,NA,NA,NA,NA,NA,NA,NA,"2016"
551,"Rock sin Banderas","17","Local","1",6500,NA,NA,NA,NA,NA,NA,NA,NA,NA,NA,NA,NA,NA,NA,NA,NA,NA,6500,NA,"2016"
552,"Roma Community Centre","14","City-wide","1",10000,NA,NA,NA,NA,NA,NA,NA,NA,NA,NA,NA,NA,NA,NA,NA,NA,NA,10000,NA,"2016"
553,"Roncesvalles Village BIA","14","Local","1",4000,NA,NA,NA,NA,NA,NA,NA,NA,NA,NA,NA,NA,NA,NA,NA,NA,NA,4000,NA,"2016"
554,"Roseneath Theatre","18","City-wide","1",69000,NA,NA,NA,NA,NA,NA,NA,NA,NA,NA,NA,NA,NA,NA,NA,NA,NA,69000,NA,"2016"
555,"Royal Agricultural Winter Fair","19","City-wide","1",969110,NA,NA,NA,NA,NA,NA,NA,NA,NA,NA,NA,NA,NA,NA,NA,NA,NA,NA,969110,"2016"
556,"Rowers Pub Reading Series Inc.","27","City-wide","1",8000,NA,NA,NA,NA,NA,NA,NA,NA,NA,NA,NA,NA,NA,NA,NA,NA,NA,8000,NA,"2016"
557,"Saga Collectif","14","City-wide","1",13000,NA,NA,NA,NA,NA,NA,NA,NA,NA,NA,NA,NA,NA,NA,NA,NA,NA,13000,NA,"2016"
558,"Salt Baby Collective","18","Local","1",5000,NA,NA,NA,NA,NA,NA,NA,NA,NA,NA,NA,NA,NA,NA,NA,NA,NA,5000,NA,"2016"
559,"San Lorenzo Latin American Community Centre","19","City-wide","1",4000,NA,NA,NA,NA,NA,NA,NA,NA,NA,NA,NA,NA,NA,NA,NA,NA,NA,4000,NA,"2016"
560,"San Romanoway Revitalization Association","8","Local","1",78700,NA,NA,NA,NA,NA,NA,78700,NA,NA,NA,NA,NA,NA,NA,NA,NA,NA,NA,NA,"2016"
561,"SAVAC","20","City-wide","1",40000,NA,NA,NA,NA,NA,NA,NA,NA,NA,NA,NA,NA,NA,NA,NA,NA,NA,40000,NA,"2016"
562,"Scadding Court Community Centre","20","Area services","1",173570,NA,NA,NA,NA,NA,NA,173570,NA,NA,NA,NA,NA,NA,NA,NA,NA,NA,NA,NA,"2016"
563,"Scarborough Arts Council","36","City-wide","1",269000,NA,NA,NA,NA,NA,NA,NA,NA,NA,NA,NA,NA,269000,NA,NA,NA,NA,NA,NA,"2016"
564,"Scarborough Basketball Association","41","Area services","1",25000,NA,NA,NA,25000,NA,NA,NA,NA,NA,NA,NA,NA,NA,NA,NA,NA,NA,NA,NA,"2016"
565,"Scarborough Centre for Healthy Communities","38","Area Services","1",186710,NA,NA,NA,NA,NA,NA,186710,NA,NA,NA,NA,NA,NA,NA,NA,NA,NA,NA,NA,"2016"
566,"Scarborough Philharmonic Orchestra","36","Area services","1",20000,NA,NA,NA,NA,NA,NA,NA,NA,NA,NA,NA,NA,NA,NA,NA,NA,NA,20000,NA,"2016"
567,"Scarborough Women's Centre","38","Area services","1",36275,NA,NA,NA,NA,NA,NA,36275,NA,NA,NA,NA,NA,NA,NA,NA,NA,NA,NA,NA,"2016"
568,"S.E.A.S. Centre (Support Enhance Access Services Centre)","28","Area services","1",81985,NA,NA,NA,NA,NA,NA,81985,NA,NA,NA,NA,NA,NA,NA,NA,NA,NA,NA,NA,"2016"
569,"Secret Lives of Mothers Collective","29","City-wide","1",15000,NA,NA,NA,NA,NA,NA,NA,NA,NA,NA,NA,NA,NA,NA,NA,NA,NA,15000,NA,"2016"
570,"Self-Help Resource Centre","22","City-wide","2",55320,40000,NA,NA,NA,NA,NA,15320,NA,NA,NA,NA,NA,NA,NA,NA,NA,NA,NA,NA,"2016"
571,"Senior Adult Services in the Annex, Toronto","20","Local","1",33670,NA,NA,NA,NA,NA,NA,33670,NA,NA,NA,NA,NA,NA,NA,NA,NA,NA,NA,NA,"2016"
572,"Senior Peoples' Resources in North Toronto (SPRINT)","22","Area services","1",177155,NA,NA,NA,NA,NA,NA,177155,NA,NA,NA,NA,NA,NA,NA,NA,NA,NA,NA,NA,"2016"
573,"Senior Tamil's Centre of Ontario","41","City-wide","1",58790,NA,NA,NA,NA,NA,NA,58790,NA,NA,NA,NA,NA,NA,NA,NA,NA,NA,NA,NA,"2016"
574,"Settlement Assistance and Family Support Services (Formerly South Asian Family Support Services)","38","Area services","1",51910,NA,NA,NA,NA,NA,NA,51910,NA,NA,NA,NA,NA,NA,NA,NA,NA,NA,NA,NA,"2016"
575,"SExT: Sex Education by Theatre","22","Local","1",7500,NA,NA,NA,NA,NA,NA,NA,NA,NA,NA,NA,NA,NA,NA,NA,NA,NA,7500,NA,"2016"
576,"SEYA (South Etobicoke Youth Assembly)","6","Area Services","1",10000,NA,NA,NA,NA,NA,NA,NA,NA,NA,NA,NA,10000,NA,NA,NA,NA,NA,NA,NA,"2016"
578,"Shadowland Theatre","28","Local","1",20000,NA,NA,NA,NA,NA,NA,NA,NA,NA,NA,NA,NA,NA,NA,NA,NA,NA,20000,NA,"2016"
579,"SICK MUSE ART PROJECTS","17","City-wide","1",12000,NA,NA,NA,NA,NA,NA,NA,NA,NA,NA,NA,NA,NA,NA,NA,NA,NA,12000,NA,"2016"
580,"Silent Voice Canada","22","City-wide","2",71445,40000,NA,NA,NA,NA,NA,31445,NA,NA,NA,NA,NA,NA,NA,NA,NA,NA,NA,NA,"2016"
581,"Silk Bath Collective","22","City-wide","1",5000,NA,NA,NA,NA,NA,NA,NA,NA,NA,NA,NA,NA,NA,NA,NA,NA,NA,5000,NA,"2016"
582,"Sinfonia Toronto","20","City-wide","1",12350,NA,NA,NA,NA,NA,NA,NA,NA,NA,NA,NA,NA,NA,NA,NA,NA,NA,12350,NA,"2016"
583,"SING The Toronto Vocal Arts Festival","28","City-wide","1",7500,NA,NA,NA,NA,NA,NA,NA,NA,NA,NA,NA,NA,NA,NA,NA,NA,NA,7500,NA,"2016"
584,"Singing for Love","17","Local","1",7000,NA,NA,NA,NA,NA,NA,NA,NA,NA,NA,NA,NA,NA,NA,NA,NA,NA,7000,NA,"2016"
585,"Sir William Campbell House Museum","20","City-wide","1",36688,NA,NA,NA,NA,NA,NA,NA,NA,NA,NA,NA,NA,NA,NA,36688,NA,NA,NA,NA,"2016"
586,"Sistering","19","City-wide","1",10000,NA,NA,NA,NA,NA,NA,NA,NA,NA,NA,NA,NA,NA,NA,NA,NA,NA,10000,NA,"2016"
587,"SKETCH Working Arts For Street Involved & Homeless Youth","19","City-wide","2",143000,45000,NA,NA,NA,NA,NA,NA,NA,NA,NA,NA,NA,NA,NA,NA,NA,NA,98000,NA,"2016"
588,"Small Theatre Administrative Facility","20","City-wide","1",62000,NA,NA,NA,NA,NA,NA,NA,NA,NA,NA,NA,NA,NA,NA,NA,NA,NA,62000,NA,"2016"
589,"Small World Music Society","18","City-wide","1",47500,NA,NA,NA,NA,NA,NA,NA,NA,NA,NA,NA,NA,NA,NA,NA,NA,NA,47500,NA,"2016"
591,"SMOOTHIELAND Performance Projects","28","Local","1",7000,NA,NA,NA,NA,NA,NA,NA,NA,NA,NA,NA,NA,NA,NA,NA,NA,NA,7000,NA,"2016"
592,"Snug Harbour Dance","14","Local","1",1500,NA,NA,NA,NA,NA,NA,NA,NA,NA,NA,NA,NA,NA,NA,NA,NA,NA,1500,NA,"2016"
593,"Society of Sharing: Inner-City Volunteers","27","Area services","1",16265,NA,NA,NA,NA,NA,NA,16265,NA,NA,NA,NA,NA,NA,NA,NA,NA,NA,NA,NA,"2016"
594,"Somali Canadian Association of Etobicoke","1","Area services","1",23550,NA,NA,NA,NA,NA,NA,23550,NA,NA,NA,NA,NA,NA,NA,NA,NA,NA,NA,NA,"2016"
595,"Somali Women and Children's Support Network","2","City-wide","2",43926,NA,2946,NA,NA,NA,NA,40980,NA,NA,NA,NA,NA,NA,NA,NA,NA,NA,NA,NA,"2016"
596,"Somewhere There Music","18","City-wide","1",5000,NA,NA,NA,NA,NA,NA,NA,NA,NA,NA,NA,NA,NA,NA,NA,NA,NA,5000,NA,"2016"
597,"Soulpepper Theatre Company","28","City-wide","1",550000,NA,NA,NA,NA,NA,NA,NA,NA,NA,NA,NA,NA,NA,NA,NA,NA,NA,550000,NA,"2016"
598,"Soundstreams Canada","20","City-wide","1",88000,NA,NA,NA,NA,NA,NA,NA,NA,NA,NA,NA,NA,NA,NA,NA,NA,NA,88000,NA,"2016"
599,"South Asian Autism Awareness Centre","38","City-wide","1",8000,NA,NA,NA,NA,NA,NA,NA,NA,NA,NA,NA,NA,NA,NA,NA,NA,NA,8000,NA,"2016"
600,"South Asian Women's Centre","18","City-wide","2",128300,NA,NA,NA,NA,40000,NA,88300,NA,NA,NA,NA,NA,NA,NA,NA,NA,NA,NA,NA,"2016"
601,"South Asian Women's Right Organization","35","City-wide","2",53500,44000,NA,NA,NA,NA,9500,NA,NA,NA,NA,NA,NA,NA,NA,NA,NA,NA,NA,NA,"2016"
602,"southern currents film & video collective","17","City-wide","1",20000,NA,NA,NA,NA,NA,NA,NA,NA,NA,NA,NA,NA,NA,NA,NA,NA,NA,20000,NA,"2016"
603,"Spadina Avenue Gang","17","City-wide","1",3750,NA,NA,NA,NA,NA,NA,NA,NA,NA,NA,NA,NA,NA,NA,NA,NA,NA,3750,NA,"2016"
604,"Spectrum Composers Collective","20","City-wide","1",3500,NA,NA,NA,NA,NA,NA,NA,NA,NA,NA,NA,NA,NA,NA,NA,NA,NA,3500,NA,"2016"
605,"Spiderbones Performing Arts","31","City-wide","1",8000,NA,NA,NA,NA,NA,NA,NA,NA,NA,NA,NA,NA,NA,NA,NA,NA,NA,8000,NA,"2016"
606,"Spirit of Calypso Productions","28","City-wide","1",5000,NA,NA,NA,NA,NA,NA,NA,NA,NA,NA,NA,NA,NA,NA,NA,NA,NA,5000,NA,"2016"
607,"Springtide Resources Inc.","20","City-wide","1",23550,NA,NA,NA,NA,NA,NA,23550,NA,NA,NA,NA,NA,NA,NA,NA,NA,NA,NA,NA,"2016"
608,"SPUR Action for Change","26","Area Services","1",9000,NA,NA,NA,NA,NA,9000,NA,NA,NA,NA,NA,NA,NA,NA,NA,NA,NA,NA,NA,"2016"
609,"St. Alban's Boys' and Girls' Club","20","Area services","1",195160,NA,NA,NA,NA,NA,NA,195160,NA,NA,NA,NA,NA,NA,NA,NA,NA,NA,NA,NA,"2016"
610,"St. Bernadette's Family Resource Centre","12","Area services","1",19415,NA,NA,NA,NA,NA,NA,19415,NA,NA,NA,NA,NA,NA,NA,NA,NA,NA,NA,NA,"2016"
611,"St. Christopher House","19","Area services","1",295725,NA,NA,NA,NA,NA,NA,295725,NA,NA,NA,NA,NA,NA,NA,NA,NA,NA,NA,NA,"2016"
612,"St. Clair O'Connor Community Inc.","31","Area services","1",18045,NA,NA,NA,NA,NA,NA,18045,NA,NA,NA,NA,NA,NA,NA,NA,NA,NA,NA,NA,"2016"
613,"St. Clair West Services for Seniors, Inc.","12","Area services","1",51055,NA,NA,NA,NA,NA,NA,51055,NA,NA,NA,NA,NA,NA,NA,NA,NA,NA,NA,NA,"2016"
614,"St. James Town Family Literacy Services","28","Local","1",5000,NA,NA,NA,NA,NA,NA,NA,NA,NA,NA,NA,NA,NA,NA,NA,NA,NA,5000,NA,"2016"
615,"St. Matthew's Bracondale House","21","Area services","1",14875,NA,NA,NA,NA,NA,NA,14875,NA,NA,NA,NA,NA,NA,NA,NA,NA,NA,NA,NA,"2016"
616,"St. Paul's L'Amoreaux Centre","40","Area services","1",98415,NA,NA,NA,NA,NA,NA,98415,NA,NA,NA,NA,NA,NA,NA,NA,NA,NA,NA,NA,"2016"
617,"St. Stephen's Community House","20","City-wide","2",245750,NA,5000,NA,NA,NA,NA,240750,NA,NA,NA,NA,NA,NA,NA,NA,NA,NA,NA,NA,"2016"
618,"STEPS Sustainable Thinking and Expression Initiative","26","City-wide","1",48500,NA,NA,NA,NA,NA,NA,NA,NA,48500,NA,NA,NA,NA,NA,NA,NA,NA,NA,NA,"2016"
619,"Stonegate Community Health Centre","5","Area services","1",88180,NA,NA,NA,NA,NA,NA,88180,NA,NA,NA,NA,NA,NA,NA,NA,NA,NA,NA,NA,"2016"
620,"Storefront Humber Inc.","6","Local","1",60845,NA,NA,NA,NA,NA,NA,60845,NA,NA,NA,NA,NA,NA,NA,NA,NA,NA,NA,NA,"2016"
621,"Street Health Community Nursing Foundation","28","City-wide","1",15288,NA,NA,NA,NA,15288,NA,NA,NA,NA,NA,NA,NA,NA,NA,NA,NA,NA,NA,NA,"2016"
620,"Student Assistance in North Toronto for Seniors (SAINTS)","25","Area services","1",14035,NA,NA,NA,NA,NA,NA,14035,NA,NA,NA,NA,NA,NA,NA,NA,NA,NA,NA,NA,"2016"
623,"Studio 180 Theatre Company","18","City Wide","1",17000,NA,NA,NA,NA,NA,NA,NA,NA,NA,NA,NA,NA,NA,NA,NA,NA,NA,17000,NA,"2016"
624,"Subtle Technologies","19","City-wide","1",36000,NA,NA,NA,NA,NA,NA,NA,NA,NA,NA,NA,NA,NA,NA,NA,NA,NA,36000,NA,"2016"
625,"Success Beyond Limits","7","Area services","1",17100,NA,NA,NA,17100,NA,NA,NA,NA,NA,NA,NA,NA,NA,NA,NA,NA,NA,NA,NA,"2016"
626,"SuiteLife Arts for Youth","36","Local","1",8000,NA,NA,NA,NA,NA,NA,NA,NA,NA,NA,NA,NA,NA,NA,NA,NA,NA,8000,NA,"2016"
627,"Sulong Theatre Collective","44","City-wide","1",12000,NA,NA,NA,NA,NA,NA,NA,NA,NA,NA,NA,NA,NA,NA,NA,NA,NA,12000,NA,"2016"
628,"SummerWorks Theatre Festival","18","Local","1",45000,NA,NA,NA,NA,NA,NA,NA,NA,NA,NA,NA,NA,NA,NA,NA,NA,NA,45000,NA,"2016"
629,"Sunshine Centre for Seniors","27","Local","2",52755,NA,NA,NA,NA,NA,8000,44755,NA,NA,NA,NA,NA,NA,NA,NA,NA,NA,NA,NA,"2016"
630,"Surface Art","11","Area services","1",20000,NA,NA,NA,NA,NA,NA,NA,NA,20000,NA,NA,NA,NA,NA,NA,NA,NA,NA,NA,"2016"
631,"Sustainable Thinking and Expression on Public Sapce (STEPS) Initiative","28","Local","1",14100,NA,NA,NA,NA,NA,NA,NA,NA,NA,NA,NA,NA,NA,NA,NA,NA,NA,14100,NA,"2016"
632,"Syme-Woolner Neighbourhood & Family Centre","12","Area services","1",105740,NA,NA,NA,NA,NA,NA,105740,NA,NA,NA,NA,NA,NA,NA,NA,NA,NA,NA,NA,"2016"
633,"Tafelmusik","20","City-wide","1",180000,NA,NA,NA,NA,NA,NA,NA,NA,NA,NA,NA,NA,NA,NA,NA,NA,NA,180000,NA,"2016"
634,"TAIBU Community Health Centre","42","Area services","1",48500,NA,NA,NA,NA,48500,NA,NA,NA,NA,NA,NA,NA,NA,NA,NA,NA,NA,NA,NA,"2016"
635,"Talisker Players Chamber  Music","20","City-wide","1",14000,NA,NA,NA,NA,NA,NA,NA,NA,NA,NA,NA,NA,NA,NA,NA,NA,NA,14000,NA,"2016"
636,"Tangled Art and Disability","28","City-wide","2",122000,NA,NA,NA,NA,NA,NA,NA,37000,NA,NA,NA,NA,NA,NA,NA,NA,NA,85000,NA,"2016"
637,"Tapestry Opera","28","City-wide","1",38000,NA,NA,NA,NA,NA,NA,NA,NA,NA,NA,NA,NA,NA,NA,NA,NA,NA,38000,NA,"2016"
638,"Tarragon Theatre","21","City-wide","1",2e+05,NA,NA,NA,NA,NA,NA,NA,NA,NA,NA,NA,NA,NA,NA,NA,NA,NA,2e+05,NA,"2016"
639,"TDSB Westview Cente (Success Beyond Limits)","7","City-wide","1",3000,NA,3000,NA,NA,NA,NA,NA,NA,NA,NA,NA,NA,NA,NA,NA,NA,NA,NA,NA,"2016"
641,"Techsdale","5","Local","1",48000,48000,NA,NA,NA,NA,NA,NA,NA,NA,NA,NA,NA,NA,NA,NA,NA,NA,NA,NA,"2016"
642,"Tesoc Multicultural Settlement Services","37","City-wide","1",36495,NA,NA,NA,NA,NA,NA,36495,NA,NA,NA,NA,NA,NA,NA,NA,NA,NA,NA,NA,"2016"
643,"Tetrault Arts Productions","32","Local","1",14000,NA,NA,NA,NA,NA,NA,NA,NA,NA,NA,NA,NA,NA,NA,NA,NA,NA,14000,NA,"2016"
644,"Textile Museum of Canada","27","City-wide","2",122000,NA,NA,NA,NA,NA,NA,NA,50000,NA,NA,NA,NA,NA,NA,NA,NA,NA,72000,NA,"2016"
645,"That's So Gay Collective","28","City-wide","1",6000,NA,NA,NA,NA,NA,NA,NA,NA,NA,NA,NA,NA,NA,NA,NA,NA,NA,6000,NA,"2016"
646,"The Arab Community Centre of Toronto","3","City-wide","1",39595,NA,NA,NA,NA,NA,NA,39595,NA,NA,NA,NA,NA,NA,NA,NA,NA,NA,NA,NA,"2016"
647,"The Artist Mentoring Youth Project Inc.","28","City-wide","1",12000,NA,NA,NA,NA,NA,NA,NA,NA,NA,NA,NA,NA,NA,NA,NA,NA,NA,12000,NA,"2016"
648,"The Basement Review","19","City-wide","1",6000,NA,NA,NA,NA,NA,NA,NA,NA,NA,NA,NA,NA,NA,NA,NA,NA,NA,6000,NA,"2016"
649,"The Bicycle Opera Collective","17","City-wide","1",9000,NA,NA,NA,NA,NA,NA,NA,NA,NA,NA,NA,NA,NA,NA,NA,NA,NA,9000,NA,"2016"
650,"The Cabaret Theatre Company","20","City-wide","1",13000,NA,NA,NA,NA,NA,NA,NA,NA,NA,NA,NA,NA,NA,NA,NA,NA,NA,13000,NA,"2016"
651,"The Cabbagetown Community Arts Centre","28","City-wide","1",25000,NA,NA,NA,NA,NA,NA,NA,NA,NA,NA,NA,NA,NA,NA,NA,NA,NA,25000,NA,"2016"
652,"The Cabbagetown Youth Centre Inc.","28","Area Services","1",37325,NA,NA,NA,NA,NA,NA,37325,NA,NA,NA,NA,NA,NA,NA,NA,NA,NA,NA,NA,"2016"
653,"The Canadian Red Cross Society","18","City-wide","1",28165,NA,NA,NA,NA,NA,NA,28165,NA,NA,NA,NA,NA,NA,NA,NA,NA,NA,NA,NA,"2016"
654,"The Carefree Black Boy Project","43","Local","1",5000,NA,NA,NA,NA,NA,NA,NA,NA,NA,NA,NA,NA,NA,NA,NA,NA,NA,5000,NA,"2016"
655,"The Chimera Project Dance Theatre","20","City-wide","1",8000,NA,NA,NA,NA,NA,NA,NA,NA,NA,NA,NA,NA,NA,NA,NA,NA,NA,8000,NA,"2016"
656,"The Company Theatre","21","City-wide","1",18000,NA,NA,NA,NA,NA,NA,NA,NA,NA,NA,NA,NA,NA,NA,NA,NA,NA,18000,NA,"2016"
657,"The Dance Umbrella of Ontario","28","City-wide","1",30000,NA,NA,NA,NA,NA,NA,NA,NA,NA,NA,NA,NA,NA,NA,NA,NA,NA,30000,NA,"2016"
658,"The Deep End Collective","14","City-wide","1",8000,NA,NA,NA,NA,NA,NA,NA,NA,NA,NA,NA,NA,NA,NA,NA,NA,NA,8000,NA,"2016"
659,"The Dietrich Group Interdisciplinary Arts Project","30","City-wide","1",15000,NA,NA,NA,NA,NA,NA,NA,NA,NA,NA,NA,NA,NA,NA,NA,NA,NA,15000,NA,"2016"
660,"The Eastmall Community Steering Committee","3","Area Services","1",3000,NA,3000,NA,NA,NA,NA,NA,NA,NA,NA,NA,NA,NA,NA,NA,NA,NA,NA,NA,"2016"
661,"The Elmer Iseler Singers","25","City-wide","1",32300,NA,NA,NA,NA,NA,NA,NA,NA,NA,NA,NA,NA,NA,NA,NA,NA,NA,32300,NA,"2016"
662,"The Esprit Orchestra","20","City-wide","1",84500,NA,NA,NA,NA,NA,NA,NA,NA,NA,NA,NA,NA,NA,NA,NA,NA,NA,84500,NA,"2016"
663,"The Film Stars Project","19","Area services","1",10000,NA,NA,NA,NA,NA,NA,NA,NA,NA,NA,NA,NA,NA,NA,NA,NA,NA,10000,NA,"2016"
664,"The FORCE for Cultural Events Productions","20","City-wide","1",7000,NA,NA,NA,NA,NA,NA,NA,NA,NA,NA,NA,NA,NA,NA,NA,NA,NA,7000,NA,"2016"
665,"The Fringe of Toronto Theatre Festival","19","City-wide","1",77000,NA,NA,NA,NA,NA,NA,NA,NA,NA,NA,NA,NA,NA,NA,NA,NA,NA,77000,NA,"2016"
666,"The Gatehouse","6","City-wide","1",23550,NA,NA,NA,NA,NA,NA,23550,NA,NA,NA,NA,NA,NA,NA,NA,NA,NA,NA,NA,"2016"
667,"The Hannaford Street Silver Band","31","City-wide","1",28000,NA,NA,NA,NA,NA,NA,NA,NA,NA,NA,NA,NA,NA,NA,NA,NA,NA,28000,NA,"2016"
668,"The Howland Company","20","City-wide","1",12000,NA,NA,NA,NA,NA,NA,NA,NA,NA,NA,NA,NA,NA,NA,NA,NA,NA,12000,NA,"2016"
669,"The Laneway Project","15","Area services","1",8500,NA,NA,NA,NA,NA,8500,NA,NA,NA,NA,NA,NA,NA,NA,NA,NA,NA,NA,NA,"2016"
670,"The League of Lady Wrestlers","14","City-wide","1",4000,NA,NA,NA,NA,NA,NA,NA,NA,NA,NA,NA,NA,NA,NA,NA,NA,NA,4000,NA,"2016"
671,"The Magic Hour Collective","30","City-wide","1",5000,NA,NA,NA,NA,NA,NA,NA,NA,NA,NA,NA,NA,NA,NA,NA,NA,NA,5000,NA,"2016"
672,"The Massey Centre for Women","29","City-wide","1",63440,NA,NA,NA,NA,NA,NA,63440,NA,NA,NA,NA,NA,NA,NA,NA,NA,NA,NA,NA,"2016"
673,"The Music Gallery","20","City-wide","1",79000,NA,NA,NA,NA,NA,NA,NA,NA,NA,NA,NA,NA,NA,NA,NA,NA,NA,79000,NA,"2016"
674,"The Nathaniel Dett Chorale","15","City-wide","1",18900,NA,NA,NA,NA,NA,NA,NA,NA,NA,NA,NA,NA,NA,NA,NA,NA,NA,18900,NA,"2016"
675,"The Necessary Angel Theatre Company","20","City-wide","1",67000,NA,NA,NA,NA,NA,NA,NA,NA,NA,NA,NA,NA,NA,NA,NA,NA,NA,67000,NA,"2016"
676,"The Neighbourhood Group Community Services","28","Area services","2",384520,NA,NA,NA,NA,44000,NA,340520,NA,NA,NA,NA,NA,NA,NA,NA,NA,NA,NA,NA,"2016"
677,"The Next Edition (NXE)","33","City-wide","2",17000,NA,NA,NA,NA,NA,NA,NA,NA,NA,NA,NA,10000,NA,NA,NA,NA,NA,7000,NA,"2016"
678,"The Ontario Community Centre for the Deaf","25","City-wide","1",13580,NA,NA,NA,NA,NA,NA,13580,NA,NA,NA,NA,NA,NA,NA,NA,NA,NA,NA,NA,"2016"
679,"The Power Plant","20","City-wide","1",195000,NA,NA,NA,NA,NA,NA,NA,NA,NA,NA,NA,NA,NA,NA,NA,NA,NA,195000,NA,"2016"
680,"The Reading Line","13","City-wide","1",7000,NA,NA,NA,NA,NA,NA,NA,NA,NA,NA,NA,NA,NA,NA,NA,NA,NA,7000,NA,"2016"
681,"the red light district","20","City-wide","1",15000,NA,NA,NA,NA,NA,NA,NA,NA,NA,NA,NA,NA,NA,NA,NA,NA,NA,15000,NA,"2016"
682,"The Remix Project","14","City-wide","1",24000,NA,NA,NA,NA,NA,NA,NA,NA,NA,NA,NA,NA,NA,NA,NA,NA,NA,24000,NA,"2016"
683,"the RIEL Centre (formerly Indigenous Writers' Gathering Collective)","31","City-wide","1",15000,NA,NA,NA,NA,NA,NA,NA,NA,NA,NA,NA,NA,NA,NA,NA,NA,NA,15000,NA,"2016"
684,"The Royal Conservatory of Music","20","City-wide","1",50000,NA,NA,NA,NA,NA,NA,NA,NA,NA,NA,NA,NA,NA,NA,NA,NA,NA,50000,NA,"2016"
685,"The Second Mile Club of Toronto","19","City-wide","1",69400,NA,NA,NA,NA,NA,NA,69400,NA,NA,NA,NA,NA,NA,NA,NA,NA,NA,NA,NA,"2016"
686,"The Smile Company - Theatrical Productions","14","City-wide","1",27000,NA,NA,NA,NA,NA,NA,NA,NA,NA,NA,NA,NA,NA,NA,NA,NA,NA,27000,NA,"2016"
687,"The Stop Community Food Centre","17","City-wide","1",28280,NA,NA,NA,NA,NA,NA,28280,NA,NA,NA,NA,NA,NA,NA,NA,NA,NA,NA,NA,"2016"
688,"The Storytellers School of Toronto","18","City-wide","1",29500,NA,NA,NA,NA,NA,NA,NA,NA,NA,NA,NA,NA,NA,NA,NA,NA,NA,29500,NA,"2016"
689,"The Teresa Group","22","City-wide","1",29435,NA,NA,NA,NA,NA,NA,29435,NA,NA,NA,NA,NA,NA,NA,NA,NA,NA,NA,NA,"2016"
690,"The Theatre Centre","18","City-wide","1",221000,NA,NA,NA,NA,NA,NA,NA,NA,NA,NA,NA,NA,NA,NA,NA,NA,NA,221000,NA,"2016"
691,"The Three Sisters' House/Nswo Nshiimenhig Endaayaat","42","City-wide","1",8750,NA,NA,NA,NA,NA,8750,NA,NA,NA,NA,NA,NA,NA,NA,NA,NA,NA,NA,NA,"2016"
692,"The Toronto Consort","20","City-wide","1",27000,NA,NA,NA,NA,NA,NA,NA,NA,NA,NA,NA,NA,NA,NA,NA,NA,NA,27000,NA,"2016"
693,"The Universe Collective","18","City-wide","1",10500,NA,NA,NA,NA,NA,NA,NA,NA,NA,NA,NA,NA,NA,NA,NA,NA,NA,10500,NA,"2016"
695,"The Watah School","28","Local","1",10000,NA,NA,NA,NA,NA,NA,NA,NA,NA,NA,NA,NA,NA,NA,NA,NA,NA,10000,NA,"2016"
696,"The Wexford Residence","37","Area services","1",21080,NA,NA,NA,NA,NA,NA,21080,NA,NA,NA,NA,NA,NA,NA,NA,NA,NA,NA,NA,"2016"
697,"The Word on the Street","14","City-wide","1",41500,NA,NA,NA,NA,NA,NA,NA,NA,NA,NA,NA,NA,NA,NA,NA,NA,NA,41500,NA,"2016"
698,"Theatre Columbus","29","City-wide","1",41000,NA,NA,NA,NA,NA,NA,NA,NA,NA,NA,NA,NA,NA,NA,NA,NA,NA,41000,NA,"2016"
699,"Theatre Continuum","15","City-wide","1",4000,NA,NA,NA,NA,NA,NA,NA,NA,NA,NA,NA,NA,NA,NA,NA,NA,NA,4000,NA,"2016"
700,"Theatre Direct Canada","20","City-wide","1",69000,NA,NA,NA,NA,NA,NA,NA,NA,NA,NA,NA,NA,NA,NA,NA,NA,NA,69000,NA,"2016"
701,"Theatre Gargantua","20","Local","1",15000,NA,NA,NA,NA,NA,NA,NA,NA,NA,NA,NA,NA,NA,NA,NA,NA,NA,15000,NA,"2016"
702,"Theatre of Early Music","28","City-wide","1",2500,NA,NA,NA,NA,NA,NA,NA,NA,NA,NA,NA,NA,NA,NA,NA,NA,NA,2500,NA,"2016"
703,"Theatre Ontario","20","City-wide","1",12500,NA,NA,NA,NA,NA,NA,NA,NA,NA,NA,NA,NA,NA,NA,NA,NA,NA,12500,NA,"2016"
704,"Theatre PANIK","14","City-wide","1",13500,NA,NA,NA,NA,NA,NA,NA,NA,NA,NA,NA,NA,NA,NA,NA,NA,NA,13500,NA,"2016"
705,"Theatre Passe Muraille","20","City-wide","1",154000,NA,NA,NA,NA,NA,NA,NA,NA,NA,NA,NA,NA,NA,NA,NA,NA,NA,154000,NA,"2016"
706,"Theatre Smash","27","City-wide","1",10000,NA,NA,NA,NA,NA,NA,NA,NA,NA,NA,NA,NA,NA,NA,NA,NA,NA,10000,NA,"2016"
707,"Theatre Smith-Gilmour","18","City-wide","1",41000,NA,NA,NA,NA,NA,NA,NA,NA,NA,NA,NA,NA,NA,NA,NA,NA,NA,41000,NA,"2016"
708,"Theatrefront Inc.","21","City-wide","1",15000,NA,NA,NA,NA,NA,NA,NA,NA,NA,NA,NA,NA,NA,NA,NA,NA,NA,15000,NA,"2016"
709,"Thin Edge New Music Collective","19","City-wide","1",8000,NA,NA,NA,NA,NA,NA,NA,NA,NA,NA,NA,NA,NA,NA,NA,NA,NA,8000,NA,"2016"
710,"Think 2wice","1","Area Services","1",3000,NA,3000,NA,NA,NA,NA,NA,NA,NA,NA,NA,NA,NA,NA,NA,NA,NA,NA,NA,"2016"
711,"Thorncliffe Neighbourhood Office of Toronto for Social 
& Multi-Cultural Development","26","Area services","4",557348,35000,NA,NA,NA,NA,NA,125040,NA,NA,NA,372308,NA,NA,NA,NA,25000,NA,NA,NA,"2016"
712,"Throbbing Rose Collective","18","Local","1",3000,NA,NA,NA,NA,NA,NA,NA,NA,NA,NA,NA,NA,NA,NA,NA,NA,NA,3000,NA,"2016"
713,"Throwdown Collective","19","City-wide","1",12000,NA,NA,NA,NA,NA,NA,NA,NA,NA,NA,NA,NA,NA,NA,NA,NA,NA,12000,NA,"2016"
714,"TLK","20","City-wide","1",6500,NA,NA,NA,NA,NA,NA,NA,NA,NA,NA,NA,NA,NA,NA,NA,NA,NA,6500,NA,"2016"
715,"TO.U","20","City-wide","1",1000,NA,NA,NA,NA,NA,NA,NA,NA,NA,NA,NA,NA,NA,NA,NA,NA,NA,1000,NA,"2016"
716,"Tobias House Attendant Care Inc.","32","City-wide","1",37410,NA,NA,NA,NA,NA,NA,37410,NA,NA,NA,NA,NA,NA,NA,NA,NA,NA,NA,NA,"2016"
717,"Too Queer","30","City-wide","1",4500,NA,NA,NA,NA,NA,NA,NA,NA,NA,NA,NA,NA,NA,NA,NA,NA,NA,4500,NA,"2016"
718,"Toronto Aboriginal Support Services Council","20","City-wide","1",30000,NA,NA,NA,NA,NA,NA,NA,NA,NA,NA,NA,NA,NA,NA,NA,30000,NA,NA,NA,"2016"
719,"Toronto Alliance for the Performing Arts","20","City-wide","1",78000,NA,NA,NA,NA,NA,NA,NA,NA,NA,NA,NA,NA,NA,NA,NA,NA,NA,78000,NA,"2016"
720,"Toronto Alternative Arts and Fashion Week","28","City-wide","1",7000,NA,NA,NA,NA,NA,NA,NA,NA,NA,NA,NA,NA,NA,NA,NA,NA,NA,7000,NA,"2016"
721,"Toronto Animated Image Society","17","Local","1",7000,NA,NA,NA,NA,NA,NA,NA,NA,NA,NA,NA,NA,NA,NA,NA,NA,NA,7000,NA,"2016"
722,"Toronto Artscape Inc. - Artscape","19","City-wide","1",415000,NA,NA,NA,NA,NA,NA,NA,NA,NA,NA,NA,NA,NA,415000,NA,NA,NA,NA,NA,"2016"
723,"Toronto Art Book Fair","14","City-wide","1",8000,NA,NA,NA,NA,NA,NA,NA,NA,NA,NA,NA,NA,NA,NA,NA,NA,NA,8000,NA,"2016"
724,"Toronto Black Film Festival","29","City-wide","1",6000,NA,NA,NA,NA,NA,NA,NA,NA,NA,NA,NA,NA,NA,NA,NA,NA,NA,6000,NA,"2016"
725,"Toronto Blues Society","20","City-wide","1",32000,NA,NA,NA,NA,NA,NA,NA,NA,NA,NA,NA,NA,NA,NA,NA,NA,NA,32000,NA,"2016"
726,"Toronto Chamber Choir","27","City-wide","1",7500,NA,NA,NA,NA,NA,NA,NA,NA,NA,NA,NA,NA,NA,NA,NA,NA,NA,7500,NA,"2016"
727,"Toronto Children's Chorus","20","City-wide","1",40000,NA,NA,NA,NA,NA,NA,NA,NA,NA,NA,NA,NA,NA,NA,NA,NA,NA,40000,NA,"2016"
728,"Toronto Coalition for Better Child Care","19","City-wide","1",23550,NA,NA,NA,NA,NA,NA,23550,NA,NA,NA,NA,NA,NA,NA,NA,NA,NA,NA,NA,"2016"
729,"Toronto Community & Culture Centre","20","City-wide","1",21110,NA,NA,NA,NA,NA,NA,21110,NA,NA,NA,NA,NA,NA,NA,NA,NA,NA,NA,NA,"2016"
730,"Toronto Community Housing","2","City-wide","1",3000,NA,3000,NA,NA,NA,NA,NA,NA,NA,NA,NA,NA,NA,NA,NA,NA,NA,NA,NA,"2016"
731,"Toronto Creative Orchestra Projects","14","City-wide","1",1325,NA,NA,NA,NA,NA,NA,NA,NA,NA,NA,NA,NA,NA,NA,NA,NA,NA,1325,NA,"2016"
732,"Toronto Dance Community Love-In","19","City-wide","1",8000,NA,NA,NA,NA,NA,NA,NA,NA,NA,NA,NA,NA,NA,NA,NA,NA,NA,8000,NA,"2016"
733,"Toronto Dance Theatre","20","City-wide","1",150000,NA,NA,NA,NA,NA,NA,NA,NA,NA,NA,NA,NA,NA,NA,NA,NA,NA,150000,NA,"2016"
734,"Toronto Design Offsite Festival","18","City-wide","1",3500,NA,NA,NA,NA,NA,NA,NA,NA,NA,NA,NA,NA,NA,NA,NA,NA,NA,3500,NA,"2016"
735,"Toronto Downtown Jazz","27","City-wide","1",42300,NA,NA,NA,NA,NA,NA,NA,NA,NA,NA,NA,NA,NA,NA,NA,NA,NA,42300,NA,"2016"
736,"Toronto Drop-In Network","20","City-wide","1",47000,47000,NA,NA,NA,NA,NA,NA,NA,NA,NA,NA,NA,NA,NA,NA,NA,NA,NA,NA,"2016"
737,"Toronto Festival of Arts, Culture and Creativity - Luminato TO Festival","19","City-wide","1",4e+05,NA,NA,NA,NA,NA,NA,NA,NA,NA,NA,NA,NA,NA,4e+05,NA,NA,NA,NA,NA,"2016"
738,"Toronto Festival of Comics and Graphic Arts","27","City-wide","1",15000,NA,NA,NA,NA,NA,NA,NA,NA,NA,NA,NA,NA,NA,NA,NA,NA,NA,15000,NA,"2016"
739,"Toronto Finnish- Canadian Seniors Centre","26","City-wide","1",17425,NA,NA,NA,NA,NA,NA,17425,NA,NA,NA,NA,NA,NA,NA,NA,NA,NA,NA,NA,"2016"
740,"Toronto Foundation for Student Success","12","City-wide","1",7499647,NA,NA,NA,NA,NA,NA,NA,NA,NA,NA,NA,NA,NA,NA,NA,NA,7499647,NA,NA,"2016"
741,"Toronto Intergenerational Partnerships","29","Area services","1",50880,NA,NA,NA,NA,NA,NA,50880,NA,NA,NA,NA,NA,NA,NA,NA,NA,NA,NA,NA,"2016"
742,"Toronto International Film Festival TIFF","20","City-wide","1",1140695,NA,NA,NA,NA,NA,NA,NA,NA,NA,NA,NA,NA,NA,1140695,NA,NA,NA,NA,NA,"2016"
743,"Toronto Jewish Film Festival","20","City-wide","1",24000,NA,NA,NA,NA,NA,NA,NA,NA,NA,NA,NA,NA,NA,NA,NA,NA,NA,24000,NA,"2016"
744,"Toronto Kiwanis Boys and Girls Clubs","28","Local","2",99715,NA,3000,NA,NA,NA,NA,96715,NA,NA,NA,NA,NA,NA,NA,NA,NA,NA,NA,NA,"2016"
745,"Toronto Masque Theatre","28","City-wide","1",18000,NA,NA,NA,NA,NA,NA,NA,NA,NA,NA,NA,NA,NA,NA,NA,NA,NA,18000,NA,"2016"
746,"Toronto Mendelssohn Choir","20","City-wide","1",70000,NA,NA,NA,NA,NA,NA,NA,NA,NA,NA,NA,NA,NA,NA,NA,NA,NA,70000,NA,"2016"
747,"Toronto Operetta Theatre","28","City-wide","1",23000,NA,NA,NA,NA,NA,NA,NA,NA,NA,NA,NA,NA,NA,NA,NA,NA,NA,23000,NA,"2016"
748,"Toronto Outdoor Picture Show","19","Local","1",21000,NA,NA,NA,NA,NA,NA,NA,NA,NA,NA,NA,NA,NA,NA,NA,NA,NA,21000,NA,"2016"
749,"Toronto Palestine Film Festival Collective","27","City-wide","1",4000,NA,NA,NA,NA,NA,NA,NA,NA,NA,NA,NA,NA,NA,NA,NA,NA,NA,4000,NA,"2016"
750,"Toronto People With AIDS Foundation","28","City-wide","1",31940,NA,NA,NA,NA,NA,NA,31940,NA,NA,NA,NA,NA,NA,NA,NA,NA,NA,NA,NA,"2016"
751,"Toronto Performance Art Collective","28","City-wide","1",9000,NA,NA,NA,NA,NA,NA,NA,NA,NA,NA,NA,NA,NA,NA,NA,NA,NA,9000,NA,"2016"
752,"Toronto Photographers Workshop","18","City-wide","1",70000,NA,NA,NA,NA,NA,NA,NA,NA,NA,NA,NA,NA,NA,NA,NA,NA,NA,70000,NA,"2016"
753,"Toronto Rape Crisis Centre / Multicultural Women Against Rape","20","City-wide","2",96200,NA,NA,NA,NA,43000,NA,53200,NA,NA,NA,NA,NA,NA,NA,NA,NA,NA,NA,NA,"2016"
754,"Toronto Reel Asian International Film Festival","20","City-wide","1",50000,NA,NA,NA,NA,NA,NA,NA,NA,NA,NA,NA,NA,NA,NA,NA,NA,NA,50000,NA,"2016"
755,"Toronto Silent Film Festival Ltd.","32","City-wide","1",2750,NA,NA,NA,NA,NA,NA,NA,NA,NA,NA,NA,NA,NA,NA,NA,NA,NA,2750,NA,"2016"
756,"Toronto Sketch Comedy Festival Inc","18","City-wide","1",15000,NA,NA,NA,NA,NA,NA,NA,NA,NA,NA,NA,NA,NA,NA,NA,NA,NA,15000,NA,"2016"
757,"Toronto Summer Music Foundation","20","City-wide","1",30000,NA,NA,NA,NA,NA,NA,NA,NA,NA,NA,NA,NA,NA,NA,NA,NA,NA,30000,NA,"2016"
758,"Toronto Symphony Orchestra","20","City-wide","1",1270000,NA,NA,NA,NA,NA,NA,NA,NA,NA,NA,NA,NA,NA,1270000,NA,NA,NA,NA,NA,"2016"
759,"Toronto Tabla Ensemble","17","City-wide","1",9000,NA,NA,NA,NA,NA,NA,NA,NA,NA,NA,NA,NA,NA,NA,NA,NA,NA,9000,NA,"2016"
760,"Toronto Undergraduate Jazz Festival","6","City-wide","1",5000,NA,NA,NA,NA,NA,NA,NA,NA,NA,NA,NA,NA,NA,NA,NA,NA,NA,5000,NA,"2016"
761,"Town of York Historical Society (Toronto's First Post Office)","28","City-wide","1",28302,NA,NA,NA,NA,NA,NA,NA,NA,NA,NA,NA,NA,NA,NA,28302,NA,NA,NA,NA,"2016"
762,"Transcare Community Support Services","39","Area services","1",84995,NA,NA,NA,NA,NA,NA,84995,NA,NA,NA,NA,NA,NA,NA,NA,NA,NA,NA,NA,"2016"
763,"Tribal Crackling Wind for the Arts","28","City-wide","1",20000,NA,NA,NA,NA,NA,NA,NA,NA,NA,NA,NA,NA,NA,NA,NA,NA,NA,20000,NA,"2016"
764,"Trinity Square Video","20","City-wide","1",117000,NA,NA,NA,NA,NA,NA,NA,NA,NA,NA,NA,NA,NA,NA,NA,NA,NA,117000,NA,"2016"
765,"Tropicana Community Services","41","City-wide","1",92855,NA,NA,NA,NA,NA,NA,92855,NA,NA,NA,NA,NA,NA,NA,NA,NA,NA,NA,NA,"2016"
766,"TUDS","33","City-wide","1",10000,NA,NA,NA,NA,NA,NA,NA,NA,NA,NA,NA,NA,NA,NA,NA,NA,NA,10000,NA,"2016"
767,"Tulip Sauce","18","Local","1",2000,NA,NA,NA,NA,NA,NA,NA,NA,NA,NA,NA,NA,NA,NA,NA,NA,NA,2000,NA,"2016"
768,"Turtle House Art/Play Centre","20","City-wide","1",12000,NA,NA,NA,NA,NA,NA,NA,NA,NA,NA,NA,NA,NA,NA,NA,NA,NA,12000,NA,"2016"
769,"Two Birds One Stone Collective","20","City-wide","1",5000,NA,NA,NA,NA,NA,NA,NA,NA,NA,NA,NA,NA,NA,NA,NA,NA,NA,5000,NA,"2016"
770,"TYPOLOGY Projects","19","City-wide","1",4000,NA,NA,NA,NA,NA,NA,NA,NA,NA,NA,NA,NA,NA,NA,NA,NA,NA,4000,NA,"2016"
771,"UforChange","28","Local","1",10000,NA,NA,NA,NA,NA,NA,NA,NA,NA,NA,NA,NA,NA,NA,NA,NA,NA,10000,NA,"2016"
772,"Ukrainian Canadian Social Services (Toronto) Inc.","13","City-wide","1",38935,NA,NA,NA,NA,NA,NA,38935,NA,NA,NA,NA,NA,NA,NA,NA,NA,NA,NA,NA,"2016"
773,"Unison Health and Community Services","15","Local","2",71105,NA,NA,NA,NA,40000,NA,31105,NA,NA,NA,NA,NA,NA,NA,NA,NA,NA,NA,NA,"2016"
774,"UNITY Charity","37","Area services","1",24000,NA,NA,NA,NA,NA,NA,NA,NA,NA,NA,NA,NA,NA,NA,NA,NA,NA,24000,NA,"2016"
775,"University Settlement","20","Local","1",129190,NA,NA,NA,NA,NA,NA,129190,NA,NA,NA,NA,NA,NA,NA,NA,NA,NA,NA,NA,"2016"
776,"University Settlement Music School","20","City-wide","1",23500,NA,NA,NA,NA,NA,NA,NA,NA,NA,NA,NA,NA,NA,NA,NA,NA,NA,23500,NA,"2016"
777,"Univox Choir Toronto","18","City-wide","1",10000,NA,NA,NA,NA,NA,NA,NA,NA,NA,NA,NA,NA,NA,NA,NA,NA,NA,10000,NA,"2016"
778,"UnSpun Theatre","17","Local","1",5000,NA,NA,NA,NA,NA,NA,NA,NA,NA,NA,NA,NA,NA,NA,NA,NA,NA,5000,NA,"2016"
779,"Urban Alliance on Race Relations","20","City-wide","1",42000,42000,NA,NA,NA,NA,NA,NA,NA,NA,NA,NA,NA,NA,NA,NA,NA,NA,NA,NA,"2016"
780,"UrbanArts Community Arts Council","11","City-wide","1",295435,NA,NA,NA,NA,NA,NA,NA,NA,NA,NA,NA,NA,295435,NA,NA,NA,NA,NA,NA,"2016"
781,"UrbanVessal","13","Local","1",15000,NA,NA,NA,NA,NA,NA,NA,NA,NA,NA,NA,NA,NA,NA,NA,NA,NA,15000,NA,"2016"
782,"Vazari Dance Projects","14","City-wide","1",5000,NA,NA,NA,NA,NA,NA,NA,NA,NA,NA,NA,NA,NA,NA,NA,NA,NA,5000,NA,"2016"
783,"Verde Viento Collective","32","City-wide","1",7000,NA,NA,NA,NA,NA,NA,NA,NA,NA,NA,NA,NA,NA,NA,NA,NA,NA,7000,NA,"2016"
784,"Vermont Square Parent-Child Mother Goose Program","19","City-wide","1",26370,NA,NA,NA,NA,NA,NA,26370,NA,NA,NA,NA,NA,NA,NA,NA,NA,NA,NA,NA,"2016"
785,"Vesnivka Choir Inc.","13","City-wide","1",8000,NA,NA,NA,NA,NA,NA,NA,NA,NA,NA,NA,NA,NA,NA,NA,NA,NA,8000,NA,"2016"
786,"Victim Services Program of Toronto","27","City-wide","1",263730,NA,NA,NA,NA,NA,NA,263730,NA,NA,NA,NA,NA,NA,NA,NA,NA,NA,NA,NA,"2016"
787,"VIBE Arts","20","Area services","2",107000,NA,NA,NA,NA,NA,NA,NA,NA,45000,NA,NA,NA,NA,NA,NA,NA,NA,62000,NA,"2016"
788,"VideoCabaret International","28","City-wide","1",65000,NA,NA,NA,NA,NA,NA,NA,NA,NA,NA,NA,NA,NA,NA,NA,NA,NA,65000,NA,"2016"
789,"Villa Colombo Homes For The Aged","15","City-wide","1",30700,NA,NA,NA,NA,NA,NA,30700,NA,NA,NA,NA,NA,NA,NA,NA,NA,NA,NA,NA,"2016"
790,"Visions of Science Network for Learning","28","City-wide","1",10000,NA,NA,NA,NA,NA,NA,NA,NA,NA,NA,NA,10000,NA,NA,NA,NA,NA,NA,NA,"2016"
791,"VIVA! Youth Singers of Toronto","20","City-wide","1",30000,NA,NA,NA,NA,NA,NA,NA,NA,NA,NA,NA,NA,NA,NA,NA,NA,NA,30000,NA,"2016"
792,"Volcano Non-Profit Productions Inc.","21","City-wide","1",45000,NA,NA,NA,NA,NA,NA,NA,NA,NA,NA,NA,NA,NA,NA,NA,NA,NA,45000,NA,"2016"
793,"Volunteer Centre of Toronto","20","City-wide","1",196620,NA,NA,NA,NA,NA,NA,196620,NA,NA,NA,NA,NA,NA,NA,NA,NA,NA,NA,NA,"2016"
794,"Vtape","20","City-wide","1",80000,NA,NA,NA,NA,NA,NA,NA,NA,NA,NA,NA,NA,NA,NA,NA,NA,NA,80000,NA,"2016"
795,"VWAT Family Services","17","City-wide","1",61195,NA,NA,NA,NA,NA,NA,61195,NA,NA,NA,NA,NA,NA,NA,NA,NA,NA,NA,NA,"2016"
796,"Warden Woods Church & Community Centre","35","Area services","1",240790,NA,NA,NA,NA,NA,NA,240790,NA,NA,NA,NA,NA,NA,NA,NA,NA,NA,NA,NA,"2016"
797,"Wavelength Music Arts Projects","19","Local","1",13000,NA,NA,NA,NA,NA,NA,NA,NA,NA,NA,NA,NA,NA,NA,NA,NA,NA,13000,NA,"2016"
798,"West Neighbourhood House Music School","19","Area services","1",24000,NA,NA,NA,NA,NA,NA,NA,NA,NA,NA,NA,NA,NA,NA,NA,NA,NA,24000,NA,"2016"
799,"West Scarborough Neighbourhood Community Centre","35","Local","1",199310,NA,NA,NA,NA,NA,NA,199310,NA,NA,NA,NA,NA,NA,NA,NA,NA,NA,NA,NA,"2016"
800,"West Toronto Support Services for Senior Citizens and the Disabled Inc.","18","Area services","1",42765,NA,NA,NA,NA,NA,NA,42765,NA,NA,NA,NA,NA,NA,NA,NA,NA,NA,NA,NA,"2016"
801,"Weston-Mount Dennis Pro Tech Media Centre","11","Area services","1",35000,NA,NA,NA,NA,NA,NA,NA,NA,NA,NA,NA,NA,NA,NA,NA,35000,NA,NA,NA,"2016"
802,"Whippersnapper Gallery","20","City-wide","1",6000,NA,NA,NA,NA,NA,NA,NA,NA,NA,NA,NA,NA,NA,NA,NA,NA,NA,6000,NA,"2016"
803,"Whynot Theatre","28","City-wide","1",30000,NA,NA,NA,NA,NA,NA,NA,NA,NA,NA,NA,NA,NA,NA,NA,NA,NA,30000,NA,"2016"
804,"wind in the leaves collective","30","Local","1",12000,NA,NA,NA,NA,NA,NA,NA,NA,NA,NA,NA,NA,NA,NA,NA,NA,NA,12000,NA,"2016"
805,"Winterstations Inc","30","City-wide","1",4000,NA,NA,NA,NA,NA,NA,NA,NA,NA,NA,NA,NA,NA,NA,NA,NA,NA,4000,NA,"2016"
806,"Woman Abuse Council of Toronto","12","City-wide","1",58865,NA,NA,NA,NA,NA,NA,58865,NA,NA,NA,NA,NA,NA,NA,NA,NA,NA,NA,NA,"2016"
807,"Women's Health in Women's Hands CHC","27","City-wide","1",34000,NA,NA,NA,34000,NA,NA,NA,NA,NA,NA,NA,NA,NA,NA,NA,NA,NA,NA,NA,"2016"
808,"Women's Musical Club of Toronto","20","City-wide","1",2500,NA,NA,NA,NA,NA,NA,NA,NA,NA,NA,NA,NA,NA,NA,NA,NA,NA,2500,NA,"2016"
809,"WoodGreen Community Services","30","Area services","1",403380,NA,NA,NA,NA,NA,NA,403380,NA,NA,NA,NA,NA,NA,NA,NA,NA,NA,NA,NA,"2016"
810,"Wordplay Collective","30","Local","1",20000,NA,NA,NA,NA,NA,NA,NA,NA,NA,NA,NA,NA,NA,NA,NA,NA,NA,20000,NA,"2016"
811,"words(on)pages","20","City-wide","1",3000,NA,NA,NA,NA,NA,NA,NA,NA,NA,NA,NA,NA,NA,NA,NA,NA,NA,3000,NA,"2016"
812,"Worker's Action Centre","20","City-wide","2",94500,38000,NA,NA,NA,NA,NA,56500,NA,NA,NA,NA,NA,NA,NA,NA,NA,NA,NA,NA,"2016"
813,"Working Women Community Centre","18","Area services","2",285910,NA,NA,160000,NA,NA,NA,125910,NA,NA,NA,NA,NA,NA,NA,NA,NA,NA,NA,NA,"2016"
814,"Workman Arts Project of Ontario","18","City-wide","1",20000,NA,NA,NA,NA,NA,NA,NA,NA,NA,NA,NA,NA,NA,NA,NA,NA,NA,20000,NA,"2016"
815,"World Fiddle Day Toronto","20","City-wide","1",4000,NA,NA,NA,NA,NA,NA,NA,NA,NA,NA,NA,NA,NA,NA,NA,NA,NA,4000,NA,"2016"
816,"Wychwood Clarinet Choir","21","City-wide","1",8000,NA,NA,NA,NA,NA,NA,NA,NA,NA,NA,NA,NA,NA,NA,NA,NA,NA,8000,NA,"2016"
817,"Y+ Contemporary","42","Local","1",10000,NA,NA,NA,NA,NA,NA,NA,NA,NA,NA,NA,NA,NA,NA,NA,NA,NA,10000,NA,"2016"
818,"York West Active Living Centre","11","Area services","1",112600,NA,NA,NA,NA,NA,NA,112600,NA,NA,NA,NA,NA,NA,NA,NA,NA,NA,NA,NA,"2016"
819,"York-Fairbank Centre For Seniors","15","Area services","2",239900,NA,NA,NA,25500,NA,NA,214400,NA,NA,NA,NA,NA,NA,NA,NA,NA,NA,NA,NA,"2016"
820,"Yorkminster Park Meals on Wheels","22","Area services","1",9115,NA,NA,NA,NA,NA,NA,9115,NA,NA,NA,NA,NA,NA,NA,NA,NA,NA,NA,NA,"2016"
821,"Yorktown Child and Family Centre","15","Area services","2",40330,NA,5000,NA,NA,NA,NA,35330,NA,NA,NA,NA,NA,NA,NA,NA,NA,NA,NA,NA,"2016"
822,"YOU for YOUTH","42","Local","1",10000,NA,NA,NA,NA,NA,NA,NA,NA,NA,NA,NA,NA,NA,NA,NA,NA,NA,10000,NA,"2016"
823,"Young and Potential Fathers","11","City-wide","1",9000,NA,NA,NA,NA,NA,9000,NA,NA,NA,NA,NA,NA,NA,NA,NA,NA,NA,NA,NA,"2016"
824,"Young Centre for the Performing Arts","28","City-wide","1",35000,NA,NA,NA,NA,NA,NA,NA,35000,NA,NA,NA,NA,NA,NA,NA,NA,NA,NA,NA,"2016"
825,"Young Creatives Program","15","Local","1",8000,NA,NA,NA,NA,NA,NA,NA,NA,NA,NA,NA,NA,NA,NA,NA,NA,NA,8000,NA,"2016"
826,"Young Decision Makers Youth Group c/o The Students Commission of Canada","27","City-wide","1",10000,NA,NA,NA,NA,NA,NA,NA,NA,NA,NA,NA,10000,NA,NA,NA,NA,NA,NA,NA,"2016"
827,"Young Diplomats Ethiopian Youth Development Group","30","City-wide","1",10000,NA,NA,NA,NA,NA,NA,NA,NA,NA,NA,NA,10000,NA,NA,NA,NA,NA,NA,NA,"2016"
828,"Young People's Theatre (Lorraine Kimsa Theatre For Young People)","28","City-wide","1",321000,NA,NA,NA,NA,NA,NA,NA,NA,NA,NA,NA,NA,NA,NA,NA,NA,NA,321000,NA,"2016"
829,"YOUTH ACTION NETWORK","20","City-wide","1",150000,NA,NA,NA,NA,NA,NA,NA,NA,NA,NA,NA,NA,NA,NA,NA,150000,NA,NA,NA,"2016"
830,"Youth Arts Action (YAA)","15","Area services","1",30000,NA,NA,NA,NA,NA,NA,NA,NA,NA,NA,NA,NA,NA,NA,NA,30000,NA,NA,NA,"2016"
831,"Youth Assisting Youth","23","City-wide","1",55375,NA,NA,NA,NA,NA,NA,55375,NA,NA,NA,NA,NA,NA,NA,NA,NA,NA,NA,NA,"2016"
832,"Youth Film & Media Training Network","28","City-wide","1",7000,NA,NA,NA,NA,NA,NA,NA,NA,NA,NA,NA,NA,NA,NA,NA,NA,NA,7000,NA,"2016"
833,"Youthlink","35","Area services","4",112140,30000,NA,NA,18000,NA,9000,55140,NA,NA,NA,NA,NA,NA,NA,NA,NA,NA,NA,NA,"2016"
834,"YTB Gallery","20","Local","1",7000,NA,NA,NA,NA,NA,NA,NA,NA,NA,NA,NA,NA,NA,NA,NA,NA,NA,7000,NA,"2016"
835,"YYZ Artists Outlet","20","City-wide","1",65000,NA,NA,NA,NA,NA,NA,NA,NA,NA,NA,NA,NA,NA,NA,NA,NA,NA,65000,NA,"2016"
836,"Zou Theatre Company","13","City-wide","1",10000,NA,NA,NA,NA,NA,NA,NA,NA,NA,NA,NA,NA,NA,NA,NA,NA,NA,10000,NA,"2016"
837,NA,NA,NA,NA,NA,NA,NA,NA,NA,NA,NA,NA,NA,NA,NA,NA,NA,NA,NA,NA,NA,NA,NA,NA,"2016"
NA,"Number of Grants",NA,NA,"893",NA,20,15,4,19,17,17,200,11,16,20,15,11,6,11,3,11,2,497,4,"2016"
NA,"TOTAL ($)",NA,NA,NA,57806867,842000,51082,470000,546000,678000,136000,15498866,330000,375890,338900,2659291,197814,1705400,8069960,80600,670000,9992366,13633555,1614178,"2016"
