"...1","Organization","Ward","Service Area","# of Grants","Total Allocations","AEHR","APCIP","CSI","MCO","CCC","CFSE","CSP","DPCIP","FSIP","GT","HER","HIF","INI","LASO","MUS","MNR","MJR","SDIP","SNP","SNOW","FIND HELP","TAC","year"
"1","180 Change Street","14","Area services","1",10000,NA,NA,NA,NA,NA,NA,NA,NA,NA,NA,NA,NA,10000,NA,NA,NA,NA,NA,NA,NA,NA,NA,"2010"
"2","416 Festival Collective","18","City-wide","1",2000,NA,NA,NA,NA,NA,NA,NA,NA,NA,NA,NA,NA,NA,NA,NA,NA,NA,NA,NA,NA,NA,2000,"2010"
"3","519 Church Street Community Centre","27","City-wide","4",124377,20000,41511,NA,NA,NA,NA,35190,NA,NA,NA,NA,NA,NA,NA,NA,NA,27676,NA,NA,NA,NA,NA,"2010"
"4","7a11d Performance Art Festival","19","City-wide","1",7500,NA,NA,NA,NA,NA,NA,NA,NA,NA,NA,NA,NA,NA,NA,NA,NA,NA,NA,NA,NA,NA,7500,"2010"
"5","A Space Gallery","20","City-wide","1",62000,NA,NA,NA,NA,NA,NA,NA,NA,NA,NA,NA,NA,NA,NA,NA,NA,NA,NA,NA,NA,NA,62000,"2010"
"6","Abrigo Centre","18","City-wide","1",94950,NA,NA,NA,NA,NA,NA,94950,NA,NA,NA,NA,NA,NA,NA,NA,NA,NA,NA,NA,NA,NA,NA,"2010"
"7","Academy Concert Series","30","City-wide","1",1000,NA,NA,NA,NA,NA,NA,NA,NA,NA,NA,NA,NA,NA,NA,NA,NA,NA,NA,NA,NA,NA,1000,"2010"
"8","Academy of Latin Baseball of Toronto Inc.","11","Local","1",4300,NA,NA,NA,NA,NA,NA,NA,NA,NA,NA,NA,NA,NA,NA,NA,4300,NA,NA,NA,NA,NA,NA,"2010"
"9","Access Alliance Multicultural Health And Community Services","20","City-wide","2",86656,NA,NA,NA,NA,NA,NA,52855,33801,NA,NA,NA,NA,NA,NA,NA,NA,NA,NA,NA,NA,NA,NA,"2010"
"10","Across Oceans","20","City-wide","1",4000,NA,NA,NA,NA,NA,NA,NA,NA,NA,NA,NA,NA,NA,NA,NA,NA,NA,NA,NA,NA,NA,4000,"2010"
"11","Acting Up Stage Theatre Company","20","City-wide","1",6200,NA,NA,NA,NA,NA,NA,NA,NA,NA,NA,NA,NA,NA,NA,NA,NA,NA,NA,NA,NA,NA,6200,"2010"
"12","Afghan Women's Counseling & Integration Community Support Org.","26","City-wide","2",73630,11000,NA,NA,NA,NA,NA,62630,NA,NA,NA,NA,NA,NA,NA,NA,NA,NA,NA,NA,NA,NA,NA,"2010"
"13","Afghan-Canadian Senior Centre","26","Local","1",5000,NA,NA,NA,NA,NA,NA,NA,NA,NA,NA,NA,NA,NA,NA,NA,NA,NA,NA,NA,NA,NA,5000,"2010"
"14","African Canadian Children's Literary Festival","5","City-wide","1",5000,NA,NA,NA,NA,NA,NA,NA,NA,NA,NA,NA,NA,NA,NA,NA,NA,NA,NA,NA,NA,NA,5000,"2010"
"15","African Canadian Social Development Council","20","City-wide","2",57340,25500,NA,NA,NA,NA,NA,31840,NA,NA,NA,NA,NA,NA,NA,NA,NA,NA,NA,NA,NA,NA,NA,"2010"
"16","AfriCan Food Basket on behalf of the Jamestown Working Together","9","Local","1",25000,NA,NA,NA,NA,NA,NA,NA,NA,25000,NA,NA,NA,NA,NA,NA,NA,NA,NA,NA,NA,NA,NA,"2010"
"17","AfriCan Theatre Ensemble","33","City-wide","1",13500,NA,NA,NA,NA,NA,NA,NA,NA,NA,NA,NA,NA,NA,NA,NA,NA,NA,NA,NA,NA,NA,13500,"2010"
"18","African Training & Employment Centre of Toronto (ATEC)","21","City-wide","1",31840,NA,NA,NA,NA,NA,NA,31840,NA,NA,NA,NA,NA,NA,NA,NA,NA,NA,NA,NA,NA,NA,NA,"2010"
"19","Africans in Partnership Against AIDS","27","City-wide","2",132064,NA,57439,NA,NA,NA,NA,74625,NA,NA,NA,NA,NA,NA,NA,NA,NA,NA,NA,NA,NA,NA,NA,"2010"
"20","Afrique Nouvelle Musique/Africa New Music","18","City-wide","1",1500,NA,NA,NA,NA,NA,NA,NA,NA,NA,NA,NA,NA,NA,NA,NA,NA,NA,NA,NA,NA,NA,1500,"2010"
"21","Afro-Caribbean Dance Group","41","City-wide","1",6500,NA,NA,NA,NA,NA,NA,NA,NA,NA,NA,NA,NA,NA,NA,NA,NA,NA,NA,NA,NA,NA,6500,"2010"
"22","Against All Odds","4","Local","1",10000,NA,NA,NA,NA,NA,NA,NA,NA,NA,NA,NA,NA,10000,NA,NA,NA,NA,NA,NA,NA,NA,NA,"2010"
"23","Agincourt Community Services Association","41","Area services","6",192928,NA,3603,26000,NA,NA,4745,112160,NA,39420,NA,NA,NA,NA,NA,NA,NA,NA,NA,NA,NA,NA,7000,"2010"
"24","Ahuri Theatre","17","City-wide","1",10000,NA,NA,NA,NA,NA,NA,NA,NA,NA,NA,NA,NA,NA,NA,NA,NA,NA,NA,NA,NA,NA,10000,"2010"
"25","AIDS Committee Of Toronto","27","City-wide","2",113771,NA,NA,NA,NA,NA,NA,62200,51571,NA,NA,NA,NA,NA,NA,NA,NA,NA,NA,NA,NA,NA,NA,"2010"
"26","Alameda Theatre Company","17","City-wide","1",6000,NA,NA,NA,NA,NA,NA,NA,NA,NA,NA,NA,NA,NA,NA,NA,NA,NA,NA,NA,NA,NA,6000,"2010"
"27","Albion Neighbourhood Services","1","Area services","2",322041.64,NA,NA,NA,NA,NA,NA,103870,NA,NA,NA,NA,218171.64,NA,NA,NA,NA,NA,NA,NA,NA,NA,NA,"2010"
"28","Aldeburgh Connection","13","City-wide","1",8500,NA,NA,NA,NA,NA,NA,NA,NA,NA,NA,NA,NA,NA,NA,NA,NA,NA,NA,NA,NA,NA,8500,"2010"
"29","All The King's Voices","23","City-wide","1",3000,NA,NA,NA,NA,NA,NA,NA,NA,NA,NA,NA,NA,NA,NA,NA,NA,NA,NA,NA,NA,NA,3000,"2010"
"30","Alliance Cdn New Music Projects","27","City-wide","1",16000,NA,NA,NA,NA,NA,NA,NA,NA,NA,NA,NA,NA,NA,NA,NA,NA,NA,NA,NA,NA,NA,16000,"2010"
"31","Alliance For South Asian AIDS Prevention","27","City-wide","1",83723,NA,83723,NA,NA,NA,NA,NA,NA,NA,NA,NA,NA,NA,NA,NA,NA,NA,NA,NA,NA,NA,NA,"2010"
"32","Alliance Française de Toronto","20","City-wide","1",1000,NA,NA,NA,NA,NA,NA,NA,NA,NA,NA,NA,NA,NA,NA,NA,NA,NA,NA,NA,NA,NA,1000,"2010"
"33","Aluna Theatre","20*","City-wide","1",15000,NA,NA,NA,NA,NA,NA,NA,NA,NA,NA,NA,NA,NA,NA,NA,NA,NA,NA,NA,NA,NA,15000,"2010"
"34","Alvorada","18","City-wide","1",1350,NA,NA,NA,NA,NA,NA,NA,NA,NA,NA,NA,NA,NA,NA,NA,NA,NA,NA,NA,NA,NA,1350,"2010"
"35","Amadeus Choir of Greater Toronto","25","City-wide","1",25375,NA,NA,NA,NA,NA,NA,NA,NA,NA,NA,NA,NA,NA,NA,NA,NA,NA,NA,NA,NA,NA,25375,"2010"
"36","Amadeusz","4","Local","1",10000,NA,NA,NA,NA,NA,NA,NA,NA,NA,NA,NA,NA,10000,NA,NA,NA,NA,NA,NA,NA,NA,NA,"2010"
"37","Ambitious Enterprises","31","City-wide","1",6500,NA,NA,NA,NA,NA,NA,NA,NA,NA,NA,NA,NA,NA,NA,NA,NA,NA,NA,NA,NA,NA,6500,"2010"
"38","Amici Chamber Ensemble","20","City-wide","1",11750,NA,NA,NA,NA,NA,NA,NA,NA,NA,NA,NA,NA,NA,NA,NA,NA,NA,NA,NA,NA,NA,11750,"2010"
"39","AMY Project","31*","Area services","1",8000,NA,NA,NA,NA,NA,NA,NA,NA,NA,NA,NA,NA,NA,NA,NA,NA,NA,NA,NA,NA,NA,8000,"2010"
"40","Angel Foundation for Learning","23","City-wide","1",712863.97,NA,NA,NA,NA,NA,NA,NA,NA,NA,NA,NA,NA,NA,NA,NA,NA,NA,NA,712863.97,NA,NA,NA,"2010"
"41","Anne Johnston Health Station","16","City-wide","1",8000,8000,NA,NA,NA,NA,NA,NA,NA,NA,NA,NA,NA,NA,NA,NA,NA,NA,NA,NA,NA,NA,NA,"2010"
"42","Aphasia Institute","25","City-wide","1",20170,NA,NA,NA,NA,NA,NA,20170,NA,NA,NA,NA,NA,NA,NA,NA,NA,NA,NA,NA,NA,NA,NA,"2010"
"43","Applegrove Community Complex","32","Area services","3",16619,NA,NA,NA,NA,NA,4214,NA,8762,NA,NA,NA,NA,NA,NA,NA,3643,NA,NA,NA,NA,NA,NA,"2010"
"44","Arab Community Centre of Toronto","3","City-wide","2",53700,18000,NA,NA,NA,NA,NA,35700,NA,NA,NA,NA,NA,NA,NA,NA,NA,NA,NA,NA,NA,NA,NA,"2010"
"45","Arabesque Dance Company","27","City-wide","1",6500,NA,NA,NA,NA,NA,NA,NA,NA,NA,NA,NA,NA,NA,NA,NA,NA,NA,NA,NA,NA,NA,6500,"2010"
"46","Aradia Ensemble","21","City-wide","1",7000,NA,NA,NA,NA,NA,NA,NA,NA,NA,NA,NA,NA,NA,NA,NA,NA,NA,NA,NA,NA,NA,7000,"2010"
"47","ARCH Disability Law Centre","28","City-wide","2",42560,14000,NA,NA,NA,NA,NA,28560,NA,NA,NA,NA,NA,NA,NA,NA,NA,NA,NA,NA,NA,NA,NA,"2010"
"48","Argonaut Rowing Club","14","Local","1",6122,NA,NA,NA,NA,NA,NA,NA,NA,NA,NA,NA,NA,NA,NA,NA,6122,NA,NA,NA,NA,NA,NA,"2010"
"49","Armenian Relief Society Inc.  ""Roubina"" Chapter","33","City-wide","1",20170,NA,NA,NA,NA,NA,NA,20170,NA,NA,NA,NA,NA,NA,NA,NA,NA,NA,NA,NA,NA,NA,NA,"2010"
"50","Arraymusic","14","City-wide","1",38090,NA,NA,NA,NA,NA,NA,NA,NA,NA,NA,NA,NA,NA,NA,NA,NA,NA,NA,NA,NA,NA,38090,"2010"
"51","Art Bar Poetry Series","32","City-wide","1",7000,NA,NA,NA,NA,NA,NA,NA,NA,NA,NA,NA,NA,NA,NA,NA,NA,NA,NA,NA,NA,NA,7000,"2010"
"52","Art City in St. James Town","28","Local","1",8000,NA,NA,NA,NA,NA,NA,NA,NA,NA,NA,NA,NA,NA,NA,NA,NA,NA,NA,NA,NA,NA,8000,"2010"
"53","Art for Commuters","19","City-wide","1",2000,NA,NA,NA,NA,NA,NA,NA,NA,NA,NA,NA,NA,NA,NA,NA,NA,NA,NA,NA,NA,NA,2000,"2010"
"54","Art Gallery of Ontario","20","City-wide","1",540000,NA,NA,NA,540000,NA,NA,NA,NA,NA,NA,NA,NA,NA,NA,NA,NA,NA,NA,NA,NA,NA,NA,"2010"
"55","Art Gallery of York University","8","City-wide","1",33000,NA,NA,NA,NA,NA,NA,NA,NA,NA,NA,NA,NA,NA,NA,NA,NA,NA,NA,NA,NA,NA,33000,"2010"
"56","Art Metropole","19","City-wide","1",27172,NA,NA,NA,NA,NA,NA,NA,NA,NA,NA,NA,NA,NA,NA,NA,NA,NA,NA,NA,NA,NA,27172,"2010"
"57","Art of Time Ensemble","20*","City-wide","1",10250,NA,NA,NA,NA,NA,NA,NA,NA,NA,NA,NA,NA,NA,NA,NA,NA,NA,NA,NA,NA,NA,10250,"2010"
"58","Art Starts Neighbourhood Cultural Centre","15","Area services","2",84145,NA,NA,NA,NA,NA,NA,NA,NA,NA,19145,NA,NA,NA,NA,NA,NA,NA,NA,NA,NA,NA,65000,"2010"
"59","ArtHeart Community Art Centre","28","Local","2",20200,NA,NA,NA,NA,NA,NA,NA,NA,NA,NA,NA,NA,NA,NA,NA,3200,NA,NA,NA,NA,NA,17000,"2010"
"60","Artists Film Exhibition Group","21","City-wide","1",23000,NA,NA,NA,NA,NA,NA,NA,NA,NA,NA,NA,NA,NA,NA,NA,NA,NA,NA,NA,NA,NA,23000,"2010"
"61","Arts Etobicoke","5","Area services","2",256680,NA,NA,29150,NA,NA,NA,NA,NA,NA,NA,NA,NA,NA,227530,NA,NA,NA,NA,NA,NA,NA,NA,"2010"
"62","Arts For Children And Youth","20","Area services","2",45117,NA,NA,NA,NA,NA,NA,NA,34117,NA,NA,NA,NA,NA,NA,NA,NA,NA,NA,NA,NA,NA,11000,"2010"
"63","Arts Inter-Media","28","City-wide","1",26000,NA,NA,NA,NA,NA,NA,NA,NA,NA,NA,NA,NA,NA,NA,NA,NA,NA,NA,NA,NA,NA,26000,"2010"
"64","Arts4All","17","Local","1",8000,NA,NA,NA,NA,NA,NA,NA,NA,NA,NA,NA,NA,NA,NA,NA,NA,NA,NA,NA,NA,NA,8000,"2010"
"65","Ashkenaz Foundation","20","City-wide","1",30000,NA,NA,NA,NA,NA,NA,NA,NA,NA,NA,NA,NA,NA,NA,NA,NA,NA,NA,NA,NA,NA,30000,"2010"
"66","Asian Arts Freedom School","27","City-wide","2",14500,5000,NA,NA,NA,NA,NA,NA,NA,NA,NA,NA,NA,NA,NA,NA,NA,NA,NA,NA,NA,NA,9500,"2010"
"67","Asian Community AIDS Services","27","City-wide","1",113622,NA,113622,NA,NA,NA,NA,NA,NA,NA,NA,NA,NA,NA,NA,NA,NA,NA,NA,NA,NA,NA,NA,"2010"
"68","Assaulted Women's Helpline","20","City-wide","1",53065,NA,NA,NA,NA,NA,NA,53065,NA,NA,NA,NA,NA,NA,NA,NA,NA,NA,NA,NA,NA,NA,NA,"2010"
"69","Association for Native Development in the Performing and Visual Arts","21","City-wide","1",12000,NA,NA,NA,NA,NA,NA,NA,NA,NA,NA,NA,NA,NA,NA,NA,NA,NA,NA,NA,NA,NA,12000,"2010"
"70","Association of Artists for A Better World","23","City-wide","1",2000,NA,NA,NA,NA,NA,NA,NA,NA,NA,NA,NA,NA,NA,NA,NA,NA,NA,NA,NA,NA,NA,2000,"2010"
"71","Association of Improvising Musicians Toronto","19","City-wide","1",2500,NA,NA,NA,NA,NA,NA,NA,NA,NA,NA,NA,NA,NA,NA,NA,NA,NA,NA,NA,NA,NA,2500,"2010"
"72","Autorickshaw","32","City-wide","1",2000,NA,NA,NA,NA,NA,NA,NA,NA,NA,NA,NA,NA,NA,NA,NA,NA,NA,NA,NA,NA,NA,2000,"2010"
"73","AWIC Community and Social Services","33","City-wide","1",72340,NA,NA,NA,NA,NA,NA,72340,NA,NA,NA,NA,NA,NA,NA,NA,NA,NA,NA,NA,NA,NA,NA,"2010"
"74","b current","21*","City-wide","1",20000,NA,NA,NA,NA,NA,NA,NA,NA,NA,NA,NA,NA,NA,NA,NA,NA,NA,NA,NA,NA,NA,20000,"2010"
"75","Bach Children's Chorus of Scarborough","43","City-wide","1",18500,NA,NA,NA,NA,NA,NA,NA,NA,NA,NA,NA,NA,NA,NA,NA,NA,NA,NA,NA,NA,NA,18500,"2010"
"76","Ballet Creole","19","City-wide","1",25000,NA,NA,NA,NA,NA,NA,NA,NA,NA,NA,NA,NA,NA,NA,NA,NA,NA,NA,NA,NA,NA,25000,"2010"
"77","Ballet Jorgen","21","City-wide","1",77000,NA,NA,NA,NA,NA,NA,NA,NA,NA,NA,NA,NA,NA,NA,NA,NA,NA,NA,NA,NA,NA,77000,"2010"
"78","Bangladeshi- Canadian Community Services","31","Local","2",4519,NA,NA,NA,NA,NA,1619,NA,NA,NA,NA,NA,NA,NA,NA,NA,2900,NA,NA,NA,NA,NA,NA,"2010"
"79","Baobab Afrikan Arts","20","City-wide","1",5000,NA,NA,NA,NA,NA,NA,NA,NA,NA,NA,NA,NA,NA,NA,NA,NA,NA,NA,NA,NA,NA,5000,"2010"
"80","Barbra Schlifer Commemorative Clinic","19","City-wide","1",29725,NA,NA,NA,NA,NA,NA,29725,NA,NA,NA,NA,NA,NA,NA,NA,NA,NA,NA,NA,NA,NA,NA,"2010"
"81","Baroque Music Beside the Grange","19","City-wide","1",2000,NA,NA,NA,NA,NA,NA,NA,NA,NA,NA,NA,NA,NA,NA,NA,NA,NA,NA,NA,NA,NA,2000,"2010"
"82","Barrio Nuevo","8*","Local","1",7000,NA,NA,NA,NA,NA,NA,NA,NA,NA,NA,NA,NA,NA,NA,NA,NA,NA,NA,NA,NA,NA,7000,"2010"
"83","Bathurst Finch Food Action Team (Foodshare as trustee)","10","Local","1",22400,NA,NA,NA,NA,NA,NA,NA,NA,22400,NA,NA,NA,NA,NA,NA,NA,NA,NA,NA,NA,NA,NA,"2010"
"84","Bathurst-Finch Network (BFN)","15","Local","1",26580,NA,NA,NA,NA,NA,NA,NA,NA,NA,NA,NA,NA,NA,NA,NA,NA,NA,26580,NA,NA,NA,NA,"2010"
"85","Batuki Music Society","20","City-wide","1",4000,NA,NA,NA,NA,NA,NA,NA,NA,NA,NA,NA,NA,NA,NA,NA,NA,NA,NA,NA,NA,NA,4000,"2010"
"86","Belka Enrichment Centre","7","Local","1",10000,NA,NA,NA,NA,NA,NA,NA,NA,NA,NA,NA,NA,10000,NA,NA,NA,NA,NA,NA,NA,NA,NA,"2010"
"87","Bereaved Families of Ontario - Toronto","20","City-wide","2",73345,NA,NA,12500,NA,NA,NA,60845,NA,NA,NA,NA,NA,NA,NA,NA,NA,NA,NA,NA,NA,NA,NA,"2010"
"88","Bernard Betel Centre for Creative Living","10","Area services","1",110960,NA,NA,NA,NA,NA,NA,110960,NA,NA,NA,NA,NA,NA,NA,NA,NA,NA,NA,NA,NA,NA,NA,"2010"
"89","Better Living Health and Community Services","25","Area services","2",188360,NA,NA,NA,NA,NA,NA,99925,NA,NA,NA,NA,NA,NA,NA,NA,NA,NA,NA,NA,88435,NA,NA,"2010"
"90","Bikur Cholim Volunteer Services","15","City-wide","1",14865,NA,NA,NA,NA,NA,NA,14865,NA,NA,NA,NA,NA,NA,NA,NA,NA,NA,NA,NA,NA,NA,NA,"2010"
"91","Birchmount Bluffs Neighbourhood Centre","36","Area services","3",85642,10000,NA,NA,NA,NA,NA,46435,NA,NA,NA,NA,NA,NA,NA,NA,NA,29207,NA,NA,NA,NA,NA,"2010"
"92","Birdtown and Swanville","18","City-wide","1",4000,NA,NA,NA,NA,NA,NA,NA,NA,NA,NA,NA,NA,NA,NA,NA,NA,NA,NA,NA,NA,NA,4000,"2010"
"93","Black Coalition For AIDS Prevention","20","City-wide","1",110220,NA,110220,NA,NA,NA,NA,NA,NA,NA,NA,NA,NA,NA,NA,NA,NA,NA,NA,NA,NA,NA,NA,"2010"
"94","Black Creek Community Health Centre","7","Local","1",5100,NA,NA,NA,NA,NA,NA,NA,NA,NA,5100,NA,NA,NA,NA,NA,NA,NA,NA,NA,NA,NA,NA,"2010"
"95","Black Creek Food Justice Action Network","1","Area services","1",22400,NA,NA,NA,NA,NA,NA,NA,NA,22400,NA,NA,NA,NA,NA,NA,NA,NA,NA,NA,NA,NA,NA,"2010"
"96","Black Lily Arts","19","City-wide","1",6000,NA,NA,NA,NA,NA,NA,NA,NA,NA,NA,NA,NA,NA,NA,NA,NA,NA,NA,NA,NA,NA,6000,"2010"
"97","blackandblue dance projects","18","City-wide","1",7000,NA,NA,NA,NA,NA,NA,NA,NA,NA,NA,NA,NA,NA,NA,NA,NA,NA,NA,NA,NA,NA,7000,"2010"
"98","Blind Sailing Association of Canada","20","City-wide","1",1561,NA,NA,NA,NA,NA,NA,NA,NA,NA,NA,NA,NA,NA,NA,NA,1561,NA,NA,NA,NA,NA,NA,"2010"
"99","Bloor Information and Life Skills Centre","19","City-wide","1",31735,NA,NA,NA,NA,NA,NA,31735,NA,NA,NA,NA,NA,NA,NA,NA,NA,NA,NA,NA,NA,NA,NA,"2010"
"100","Book Bakery","19","City-wide","1",3000,NA,NA,NA,NA,NA,NA,NA,NA,NA,NA,NA,NA,NA,NA,NA,NA,NA,NA,NA,NA,NA,3000,"2010"
"101","Boost Child Abuse Prevention & Intervention","27","City-wide","1",236680,NA,NA,NA,NA,NA,NA,236680,NA,NA,NA,NA,NA,NA,NA,NA,NA,NA,NA,NA,NA,NA,NA,"2010"
"102","Boundless Adventures Association","21","Local","1",5202,NA,NA,NA,NA,NA,NA,NA,NA,NA,NA,NA,NA,NA,NA,NA,5202,NA,NA,NA,NA,NA,NA,"2010"
"103","Box Collective","20","Local","1",3200,NA,NA,NA,NA,NA,NA,NA,NA,NA,NA,NA,NA,NA,NA,NA,NA,NA,NA,NA,NA,NA,3200,"2010"
"104","Boys and Girls Club of East Scarborough","43","Local","3",168241,NA,NA,NA,NA,NA,NA,97930,NA,NA,15170,NA,NA,NA,NA,NA,NA,55141,NA,NA,NA,NA,NA,"2010"
"105","Braeburn Neighbourhood Place","2","Local","2",48630,NA,NA,NA,NA,NA,NA,43130,NA,NA,NA,NA,NA,NA,NA,NA,5500,NA,NA,NA,NA,NA,NA,"2010"
"106","Breakaway Addiction Services","5","City-wide","1",34405,NA,34405,NA,NA,NA,NA,NA,NA,NA,NA,NA,NA,NA,NA,NA,NA,NA,NA,NA,NA,NA,NA,"2010"
"107","Bright Future Alliance","12","Area services","1",9576,NA,NA,NA,NA,NA,NA,NA,NA,NA,NA,NA,NA,9576,NA,NA,NA,NA,NA,NA,NA,NA,NA,"2010"
"108","Broadview Community Youth Group","29","Local","1",1020,NA,NA,NA,NA,NA,NA,NA,NA,NA,NA,NA,NA,NA,NA,NA,1020,NA,NA,NA,NA,NA,NA,"2010"
"109","Buddies In Bad Times Theatre","27","City-wide","1",119200,NA,NA,NA,NA,NA,NA,NA,NA,NA,NA,NA,NA,NA,NA,NA,NA,NA,NA,NA,NA,NA,119200,"2010"
"110","Bus Stop Collective","21","City-wide","1",6000,NA,NA,NA,NA,NA,NA,NA,NA,NA,NA,NA,NA,NA,NA,NA,NA,NA,NA,NA,NA,NA,6000,"2010"
"111","C The Visual Arts Foundation","18*","City-wide","1",1500,NA,NA,NA,NA,NA,NA,NA,NA,NA,NA,NA,NA,NA,NA,NA,NA,NA,NA,NA,NA,NA,1500,"2010"
"112","Cabaret Theatre Company","20","City-wide","1",12000,NA,NA,NA,NA,NA,NA,NA,NA,NA,NA,NA,NA,NA,NA,NA,NA,NA,NA,NA,NA,NA,12000,"2010"
"113","Cabbagetown Community Arts Centre","28","Local","1",12500,NA,NA,NA,NA,NA,NA,NA,NA,NA,NA,NA,NA,NA,NA,NA,NA,NA,NA,NA,NA,NA,12500,"2010"
"114","Cabbagetown Youth Centre","28","Local","1",131090,NA,NA,NA,NA,NA,NA,NA,NA,NA,NA,NA,NA,NA,NA,NA,NA,131090,NA,NA,NA,NA,NA,"2010"
"115","Cahoots Theatre Projects","28","City-wide","1",30000,NA,NA,NA,NA,NA,NA,NA,NA,NA,NA,NA,NA,NA,NA,NA,NA,NA,NA,NA,NA,NA,30000,"2010"
"116","Call A Service Inc.","31","Area services","1",66355,NA,NA,NA,NA,NA,NA,66355,NA,NA,NA,NA,NA,NA,NA,NA,NA,NA,NA,NA,NA,NA,NA,"2010"
"117","Canadian Alliance of Dance Artists","20","City-wide","1",11250,NA,NA,NA,NA,NA,NA,NA,NA,NA,NA,NA,NA,NA,NA,NA,NA,NA,NA,NA,NA,NA,11250,"2010"
"118","Canadian Art Foundation","20","City-wide","1",3000,NA,NA,NA,NA,NA,NA,NA,NA,NA,NA,NA,NA,NA,NA,NA,NA,NA,NA,NA,NA,NA,3000,"2010"
"119","Canadian Artists Rrepresentation/le Front des Artistes Canadiens (CARFAC) Ontario","20","City-wide","1",16312,NA,NA,NA,NA,NA,NA,NA,NA,NA,NA,NA,NA,NA,NA,NA,NA,NA,NA,NA,NA,NA,16312,"2010"
"120","Canadian Auto Workers","24","City-wide","1",3000,NA,NA,NA,NA,NA,NA,NA,NA,NA,NA,NA,NA,NA,NA,NA,NA,NA,NA,NA,NA,NA,3000,"2010"
"121","Canadian Cambodian Association of Ontario","8","City-wide","2",36160,7500,NA,NA,NA,NA,NA,28660,NA,NA,NA,NA,NA,NA,NA,NA,NA,NA,NA,NA,NA,NA,NA,"2010"
"122","Canadian Centre for Victims of Torture","27","City-wide","1",23880,NA,NA,NA,NA,NA,NA,23880,NA,NA,NA,NA,NA,NA,NA,NA,NA,NA,NA,NA,NA,NA,NA,"2010"
"123","Canadian Children's Dance Theatre","28","City-wide","1",41850,NA,NA,NA,NA,NA,NA,NA,NA,NA,NA,NA,NA,NA,NA,NA,NA,NA,NA,NA,NA,NA,41850,"2010"
"124","Canadian Children's Opera Company","28","City-wide","1",20500,NA,NA,NA,NA,NA,NA,NA,NA,NA,NA,NA,NA,NA,NA,NA,NA,NA,NA,NA,NA,NA,20500,"2010"
"125","Canadian Cultural Society of the Deaf","28","City-wide","1",3000,NA,NA,NA,NA,NA,NA,NA,NA,NA,NA,NA,NA,NA,NA,NA,NA,NA,NA,NA,NA,NA,3000,"2010"
"126","Canadian Film Centre","25","City-wide","1",9000,NA,NA,NA,NA,NA,NA,NA,NA,NA,NA,NA,NA,NA,NA,NA,NA,NA,NA,NA,NA,NA,9000,"2010"
"127","Canadian Film in the Schools","20","Area services","1",2000,NA,NA,NA,NA,NA,NA,NA,NA,NA,NA,NA,NA,NA,NA,NA,NA,NA,NA,NA,NA,NA,2000,"2010"
"128","Canadian Filmmakers Distribution Centre","20","City-wide","1",38000,NA,NA,NA,NA,NA,NA,NA,NA,NA,NA,NA,NA,NA,NA,NA,NA,NA,NA,NA,NA,NA,38000,"2010"
"129","Canadian Hearing Society (The)","22","City-wide","1",15715,NA,NA,NA,NA,NA,NA,15715,NA,NA,NA,NA,NA,NA,NA,NA,NA,NA,NA,NA,NA,NA,NA,"2010"
"130","Canadian Mental Health Association Toronto Branch (The)","15","City-wide","1",15925,NA,NA,NA,NA,NA,NA,15925,NA,NA,NA,NA,NA,NA,NA,NA,NA,NA,NA,NA,NA,NA,NA,"2010"
"131","Canadian Music Centre","27","City-wide","1",60000,NA,NA,NA,NA,NA,NA,NA,NA,NA,NA,NA,NA,NA,NA,NA,NA,NA,NA,NA,NA,NA,60000,"2010"
"132","Canadian Opera Company","28","City-wide","1",1317015,NA,NA,NA,1317015,NA,NA,NA,NA,NA,NA,NA,NA,NA,NA,NA,NA,NA,NA,NA,NA,NA,NA,"2010"
"133","Canadian Red Cross, Toronto Region","22","City-wide","1",25385,NA,NA,NA,NA,NA,NA,25385,NA,NA,NA,NA,NA,NA,NA,NA,NA,NA,NA,NA,NA,NA,NA,"2010"
"134","Canadian Stage Company","28","City-wide","1",820000,NA,NA,NA,NA,NA,NA,NA,NA,NA,NA,NA,NA,NA,NA,NA,NA,NA,NA,NA,NA,NA,820000,"2010"
"135","Canadian Tamil Youth Development Centre","38","City-wide","2",118640,NA,NA,NA,NA,NA,NA,108640,NA,NA,NA,NA,NA,10000,NA,NA,NA,NA,NA,NA,NA,NA,NA,"2010"
"136","Canadian Training Institute","30","Area services","1",35000,NA,NA,35000,NA,NA,NA,NA,NA,NA,NA,NA,NA,NA,NA,NA,NA,NA,NA,NA,NA,NA,NA,"2010"
"137","Canadian Turkish Friendship Community","8","City-wide","1",2809,NA,NA,NA,NA,NA,2809,NA,NA,NA,NA,NA,NA,NA,NA,NA,NA,NA,NA,NA,NA,NA,NA,"2010"
"138","CanAsian Dance Festival","28","City-wide","1",13400,NA,NA,NA,NA,NA,NA,NA,NA,NA,NA,NA,NA,NA,NA,NA,NA,NA,NA,NA,NA,NA,13400,"2010"
"139","CANES Community Care","1","Area services","2",59845,NA,NA,NA,NA,NA,NA,27070,NA,NA,NA,NA,NA,NA,NA,NA,NA,NA,NA,NA,32775,NA,NA,"2010"
"140","CANORAA Inc.","27","City-wide","1",7000,NA,NA,NA,NA,NA,NA,NA,NA,NA,NA,NA,NA,NA,NA,NA,NA,NA,NA,NA,NA,NA,7000,"2010"
"141","Canzine Arts Festival","18","City-wide","1",4000,NA,NA,NA,NA,NA,NA,NA,NA,NA,NA,NA,NA,NA,NA,NA,NA,NA,NA,NA,NA,NA,4000,"2010"
"142","Carefirst Seniors and Community Services Association","39","City-wide","1",83800,NA,NA,NA,NA,NA,NA,83800,NA,NA,NA,NA,NA,NA,NA,NA,NA,NA,NA,NA,NA,NA,NA,"2010"
"143","Caribbean Global Missions","8","Local","1",9000,9000,NA,NA,NA,NA,NA,NA,NA,NA,NA,NA,NA,NA,NA,NA,NA,NA,NA,NA,NA,NA,NA,"2010"
"144","Carlos Bulosan Theatre","20","City-wide","1",13000,NA,NA,NA,NA,NA,NA,NA,NA,NA,NA,NA,NA,NA,NA,NA,NA,NA,NA,NA,NA,NA,13000,"2010"
"145","Cart/Horse Theatre","14","City-wide","1",4000,NA,NA,NA,NA,NA,NA,NA,NA,NA,NA,NA,NA,NA,NA,NA,NA,NA,NA,NA,NA,NA,4000,"2010"
"146","Casa Cutural Colombiana","26","City-wide","1",2000,NA,NA,NA,NA,NA,2000,NA,NA,NA,NA,NA,NA,NA,NA,NA,NA,NA,NA,NA,NA,NA,NA,"2010"
"147","Casey House","27","City-wide","1",8000,NA,NA,NA,NA,NA,NA,NA,NA,NA,NA,NA,NA,NA,NA,NA,NA,NA,NA,NA,NA,NA,8000,"2010"
"148","Cataraqui Youth Program - TCHC","35","Local","1",5000,NA,NA,NA,NA,NA,NA,NA,NA,NA,NA,NA,NA,NA,NA,NA,NA,NA,NA,NA,NA,NA,5000,"2010"
"149","Cathedral Bluffs Symphony Orchestra","42*","Area services","1",11000,NA,NA,NA,NA,NA,NA,NA,NA,NA,NA,NA,NA,NA,NA,NA,NA,NA,NA,NA,NA,NA,11000,"2010"
"150","Catholic Crosscultural Services","38","Area services","1",23820,NA,NA,NA,NA,NA,NA,23820,NA,NA,NA,NA,NA,NA,NA,NA,NA,NA,NA,NA,NA,NA,NA,"2010"
"151","Cecil Community Centre","20","Local","3",38555,NA,NA,NA,NA,NA,NA,4575,NA,NA,21480,NA,NA,NA,NA,NA,12500,NA,NA,NA,NA,NA,NA,"2010"
"152","Cedar Ridge Studio Gallery","43","City-wide","1",5000,NA,NA,NA,NA,NA,NA,NA,NA,NA,NA,NA,NA,NA,NA,NA,NA,NA,NA,NA,NA,NA,5000,"2010"
"153","Central Eglinton Community Centre","22","Area services","2",32305,NA,NA,NA,NA,NA,NA,2130,NA,NA,NA,NA,NA,NA,NA,NA,NA,30175,NA,NA,NA,NA,NA,"2010"
"154","Central Neighbourhood House","28","Area services","3",169155.06,NA,NA,NA,NA,NA,NA,62655,NA,NA,NA,NA,55239.06,NA,NA,NA,NA,51261,NA,NA,NA,NA,NA,"2010"
"155","Central Toronto Community Health Centres","19","Area services","2",111614,NA,70264,NA,NA,NA,NA,NA,41350,NA,NA,NA,NA,NA,NA,NA,NA,NA,NA,NA,NA,NA,NA,"2010"
"156","Centre for Aboriginal Media","20","City-wide","1",28000,NA,NA,NA,NA,NA,NA,NA,NA,NA,NA,NA,NA,NA,NA,NA,NA,NA,NA,NA,NA,NA,28000,"2010"
"157","Centre for Community Learning & Development","28","Local","2",46095,10000,NA,NA,NA,NA,NA,36095,NA,NA,NA,NA,NA,NA,NA,NA,NA,NA,NA,NA,NA,NA,NA,"2010"
"158","Centre for Equality Rights in Accommodation","20","City-wide","2",96704.87,16000,NA,NA,NA,NA,NA,NA,NA,NA,NA,NA,80704.87,NA,NA,NA,NA,NA,NA,NA,NA,NA,NA,"2010"
"159","Centre for Independent Living in Toronto","20","City-wide","2",52585,NA,NA,31350,NA,NA,NA,21235,NA,NA,NA,NA,NA,NA,NA,NA,NA,NA,NA,NA,NA,NA,NA,"2010"
"160","Centre for Indigenous Theatre","20","City-wide","1",32000,NA,NA,NA,NA,NA,NA,NA,NA,NA,NA,NA,NA,NA,NA,NA,NA,NA,NA,NA,NA,NA,32000,"2010"
"161","Centre for Information and Community Services of Ontario","41","Area services","1",101555,NA,NA,NA,NA,NA,NA,101555,NA,NA,NA,NA,NA,NA,NA,NA,NA,NA,NA,NA,NA,NA,NA,"2010"
"162","Centre for Social Innovation (CSI)","20","City-wide","1",50000,NA,NA,NA,NA,50000,NA,NA,NA,NA,NA,NA,NA,NA,NA,NA,NA,NA,NA,NA,NA,NA,NA,"2010"
"163","Centre For Spanish Speaking Peoples (The)","9","City-wide","1",51000,NA,NA,NA,NA,NA,NA,51000,NA,NA,NA,NA,NA,NA,NA,NA,NA,NA,NA,NA,NA,NA,NA,"2010"
"164","Centre Francophone de Toronto","27","City-wide","1",20972,NA,20972,NA,NA,NA,NA,NA,NA,NA,NA,NA,NA,NA,NA,NA,NA,NA,NA,NA,NA,NA,NA,"2010"
"165","Charles Street Video","19","City-wide","1",54500,NA,NA,NA,NA,NA,NA,NA,NA,NA,NA,NA,NA,NA,NA,NA,NA,NA,NA,NA,NA,NA,54500,"2010"
"166","Chartier Danse","20","City-wide","1",7000,NA,NA,NA,NA,NA,NA,NA,NA,NA,NA,NA,NA,NA,NA,NA,NA,NA,NA,NA,NA,NA,7000,"2010"
"167","Chi Ping Dance Group","39","City-wide","1",4000,NA,NA,NA,NA,NA,NA,NA,NA,NA,NA,NA,NA,NA,NA,NA,NA,NA,NA,NA,NA,NA,4000,"2010"
"168","Children's Aid Society of Toronto","27","City-wide","1",56173.15,NA,NA,NA,NA,NA,NA,NA,NA,NA,NA,NA,56173.15,NA,NA,NA,NA,NA,NA,NA,NA,NA,NA,"2010"
"169","Children's Peace Theatre","31","Local","2",43000,NA,NA,30000,NA,NA,NA,NA,NA,NA,NA,NA,NA,NA,NA,NA,NA,NA,NA,NA,NA,NA,13000,"2010"
"170","Chinese Artists Society of Toronto","39","City-wide","1",9000,NA,NA,NA,NA,NA,NA,NA,NA,NA,NA,NA,NA,NA,NA,NA,NA,NA,NA,NA,NA,NA,9000,"2010"
"171","Chinese Canadian National Council Toronto Chapter","20","City-wide","3",74340,30000,NA,12500,NA,NA,NA,31840,NA,NA,NA,NA,NA,NA,NA,NA,NA,NA,NA,NA,NA,NA,NA,"2010"
"172","Chinese Cultural Association of Toronto","24","City-wide","1",3000,NA,NA,NA,NA,NA,NA,NA,NA,NA,NA,NA,NA,NA,NA,NA,NA,NA,NA,NA,NA,NA,3000,"2010"
"173","Chinese Family Services of Ontario","41","City-wide","1",33965,NA,NA,NA,NA,NA,NA,33965,NA,NA,NA,NA,NA,NA,NA,NA,NA,NA,NA,NA,NA,NA,NA,"2010"
"174","Chinese Opera Group of Toronto","24","City-wide","1",6250,NA,NA,NA,NA,NA,NA,NA,NA,NA,NA,NA,NA,NA,NA,NA,NA,NA,NA,NA,NA,NA,6250,"2010"
"175","Chocolate Woman Collective","17","City-wide","1",6000,NA,NA,NA,NA,NA,NA,NA,NA,NA,NA,NA,NA,NA,NA,NA,NA,NA,NA,NA,NA,NA,6000,"2010"
"176","Choirs Ontario","22","City-wide","1",1500,NA,NA,NA,NA,NA,NA,NA,NA,NA,NA,NA,NA,NA,NA,NA,NA,NA,NA,NA,NA,NA,1500,"2010"
"177","Chris Langan Weekend","38","City-wide","1",3500,NA,NA,NA,NA,NA,NA,NA,NA,NA,NA,NA,NA,NA,NA,NA,NA,NA,NA,NA,NA,NA,3500,"2010"
"178","Christie Ossington Neighbourhood Centre","19","Area services","3",83730,NA,NA,NA,NA,NA,NA,56250,NA,NA,21480,NA,NA,NA,NA,NA,6000,NA,NA,NA,NA,NA,NA,"2010"
"179","Cinefranco","27","City-wide","1",2000,NA,NA,NA,NA,NA,NA,NA,NA,NA,NA,NA,NA,NA,NA,NA,NA,NA,NA,NA,NA,NA,2000,"2010"
"180","Circle of Home Care Services (Toronto)","10","City-wide","1",89400,NA,NA,NA,NA,NA,NA,89400,NA,NA,NA,NA,NA,NA,NA,NA,NA,NA,NA,NA,NA,NA,NA,"2010"
"181","Circolo dell'Anziano ""Le Caravelle""","19","Local","1",1200,NA,NA,NA,NA,NA,NA,NA,NA,NA,NA,NA,NA,NA,NA,NA,1200,NA,NA,NA,NA,NA,NA,"2010"
"182","Clay and Paper Theatre","18*","Local","1",16500,NA,NA,NA,NA,NA,NA,NA,NA,NA,NA,NA,NA,NA,NA,NA,NA,NA,NA,NA,NA,NA,16500,"2010"
"183","Cliffcrest Community Centre","38","Local","1",30600,NA,NA,NA,NA,NA,NA,30600,NA,NA,NA,NA,NA,NA,NA,NA,NA,NA,NA,NA,NA,NA,NA,"2010"
"184","COBA Collective of Black Artists","13","City-wide","1",19575,NA,NA,NA,NA,NA,NA,NA,NA,NA,NA,NA,NA,NA,NA,NA,NA,NA,NA,NA,NA,NA,19575,"2010"
"185","Committee For Accessible AIDS Treatment","28","City-wide","1",34910,NA,34910,NA,NA,NA,NA,NA,NA,NA,NA,NA,NA,NA,NA,NA,NA,NA,NA,NA,NA,NA,NA,"2010"
"186","Community Action Resource Centre","12","Area services","3",165146,NA,NA,30600,NA,NA,NA,125385,NA,NA,NA,NA,NA,NA,NA,NA,9161,NA,NA,NA,NA,NA,NA,"2010"
"187","Community Association for Riding for the Disabled (CARD)","10","City-wide","2",18819,NA,NA,NA,NA,NA,3213,NA,NA,NA,NA,NA,NA,NA,NA,NA,15606,NA,NA,NA,NA,NA,NA,"2010"
"188","Community Care East York","31","Local","2",68245,NA,NA,NA,NA,NA,NA,61995,NA,NA,NA,NA,NA,NA,NA,NA,NA,NA,NA,NA,6250,NA,NA,"2010"
"189","Community Centre 55","32","Local","3",35168,NA,NA,NA,NA,NA,953,NA,NA,NA,21480,NA,NA,NA,NA,NA,NA,12735,NA,NA,NA,NA,NA,"2010"
"190","Community Folk Art Council","28","City-wide","1",7880,NA,NA,NA,NA,NA,NA,NA,NA,NA,NA,NA,NA,NA,NA,NA,NA,NA,NA,NA,NA,NA,7880,"2010"
"191","Community Information Fairview","33","Area services","1",29190,NA,NA,NA,NA,NA,NA,29190,NA,NA,NA,NA,NA,NA,NA,NA,NA,NA,NA,NA,NA,NA,NA,"2010"
"192","Community MicroSkills Development Centre","2","City-wide","1",42455,NA,NA,NA,NA,NA,NA,42455,NA,NA,NA,NA,NA,NA,NA,NA,NA,NA,NA,NA,NA,NA,NA,"2010"
"193","Community Social Planning Council of Toronto","27","City-wide","2",368835,15000,NA,NA,NA,NA,NA,353835,NA,NA,NA,NA,NA,NA,NA,NA,NA,NA,NA,NA,NA,NA,NA,"2010"
"194","Compania Carmen Romero","26","City-wide","1",5500,NA,NA,NA,NA,NA,NA,NA,NA,NA,NA,NA,NA,NA,NA,NA,NA,NA,NA,NA,NA,NA,5500,"2010"
"195","Conflict Mediation Services of Downsview","7","Area services","2",110810,NA,NA,31200,NA,NA,NA,79610,NA,NA,NA,NA,NA,NA,NA,NA,NA,NA,NA,NA,NA,NA,NA,"2010"
"196","Connect to Youth","28","City-wide","1",6500,NA,NA,NA,NA,NA,NA,NA,NA,NA,NA,NA,NA,NA,NA,NA,NA,NA,NA,NA,NA,NA,6500,"2010"
"197","Contact Contemporary Music","27","City-wide","1",7250,NA,NA,NA,NA,NA,NA,NA,NA,NA,NA,NA,NA,NA,NA,NA,NA,NA,NA,NA,NA,NA,7250,"2010"
"198","Contact Toronto Photography Festival","20","City-wide","1",6000,NA,NA,NA,NA,NA,NA,NA,NA,NA,NA,NA,NA,NA,NA,NA,NA,NA,NA,NA,NA,NA,6000,"2010"
"199","Continuum","20","City-wide","1",16000,NA,NA,NA,NA,NA,NA,NA,NA,NA,NA,NA,NA,NA,NA,NA,NA,NA,NA,NA,NA,NA,16000,"2010"
"200","Cooking Fire Theatre Festival","18","Local","1",9000,NA,NA,NA,NA,NA,NA,NA,NA,NA,NA,NA,NA,NA,NA,NA,NA,NA,NA,NA,NA,NA,9000,"2010"
"201","Corpus Dance Projects","19","City-wide","1",24000,NA,NA,NA,NA,NA,NA,NA,NA,NA,NA,NA,NA,NA,NA,NA,NA,NA,NA,NA,NA,NA,24000,"2010"
"202","Cosburn Lawn Bowling Club","29","Local","1",3061,NA,NA,NA,NA,NA,NA,NA,NA,NA,NA,NA,NA,NA,NA,NA,3061,NA,NA,NA,NA,NA,NA,"2010"
"203","COSTI Immigrant Services","17","Area services","2",444588.62,NA,NA,NA,NA,NA,NA,116860,NA,NA,NA,NA,327728.62,NA,NA,NA,NA,NA,NA,NA,NA,NA,NA,"2010"
"204","Council of Agencies Serving South Asians","37","City-wide","3",100500,35000,NA,33660,NA,NA,NA,31840,NA,NA,NA,NA,NA,NA,NA,NA,NA,NA,NA,NA,NA,NA,NA,"2010"
"205","Creative Music","6*","Local","1",1000,NA,NA,NA,NA,NA,NA,NA,NA,NA,NA,NA,NA,NA,NA,NA,NA,NA,NA,NA,NA,NA,1000,"2010"
"206","Creative Works Studio","30","City-wide","1",2400,NA,NA,NA,NA,NA,NA,NA,NA,NA,NA,NA,NA,NA,NA,NA,NA,NA,NA,NA,NA,NA,2400,"2010"
"207","Crescent Town Youth Services Network","27","Local","1",41620,NA,NA,NA,NA,NA,NA,NA,NA,NA,NA,NA,NA,NA,NA,NA,NA,NA,41620,NA,NA,NA,NA,"2010"
"208","Crime Prevention Association of Toronto","25","City-wide","1",114095,NA,NA,NA,NA,NA,NA,114095,NA,NA,NA,NA,NA,NA,NA,NA,NA,NA,NA,NA,NA,NA,NA,"2010"
"209","Cross Toronto Community Development Corp. (Fresh Start Cleaning)","19","Area services","1",59922.88,NA,NA,NA,NA,NA,NA,NA,NA,NA,NA,NA,59922.88,NA,NA,NA,NA,NA,NA,NA,NA,NA,NA,"2010"
"210","Cross-Cultural Community Services Association (The)","20","City-wide","1",24055,NA,NA,NA,NA,NA,NA,24055,NA,NA,NA,NA,NA,NA,NA,NA,NA,NA,NA,NA,NA,NA,NA,"2010"
"211","Crow's Theatre Company","30","City-wide","1",24000,NA,NA,NA,NA,NA,NA,NA,NA,NA,NA,NA,NA,NA,NA,NA,NA,NA,NA,NA,NA,NA,24000,"2010"
"212","CultureLink Settlement Services","14","City-wide","2",75940,23000,NA,NA,NA,NA,NA,52940,NA,NA,NA,NA,NA,NA,NA,NA,NA,NA,NA,NA,NA,NA,NA,"2010"
"213","dance Immersion","20","City-wide","1",22000,NA,NA,NA,NA,NA,NA,NA,NA,NA,NA,NA,NA,NA,NA,NA,NA,NA,NA,NA,NA,NA,22000,"2010"
"214","Dance Matters","32","City-wide","1",7500,NA,NA,NA,NA,NA,NA,NA,NA,NA,NA,NA,NA,NA,NA,NA,NA,NA,NA,NA,NA,NA,7500,"2010"
"215","Dance Ontario Association","28","City-wide","1",15150,NA,NA,NA,NA,NA,NA,NA,NA,NA,NA,NA,NA,NA,NA,NA,NA,NA,NA,NA,NA,NA,15150,"2010"
"216","Dance Umbrella of Ontario","20","City-wide","1",28850,NA,NA,NA,NA,NA,NA,NA,NA,NA,NA,NA,NA,NA,NA,NA,NA,NA,NA,NA,NA,NA,28850,"2010"
"217","Dancemakers","28","City-wide","1",87000,NA,NA,NA,NA,NA,NA,NA,NA,NA,NA,NA,NA,NA,NA,NA,NA,NA,NA,NA,NA,NA,87000,"2010"
"218","DanceWorks","28","City-wide","1",49000,NA,NA,NA,NA,NA,NA,NA,NA,NA,NA,NA,NA,NA,NA,NA,NA,NA,NA,NA,NA,NA,49000,"2010"
"219","Danny Grossman Dance Company","28","City-wide","1",36000,NA,NA,NA,NA,NA,NA,NA,NA,NA,NA,NA,NA,NA,NA,NA,NA,NA,NA,NA,NA,NA,36000,"2010"
"220","Danseurs Sans Frontieres","28","City-wide","1",7000,NA,NA,NA,NA,NA,NA,NA,NA,NA,NA,NA,NA,NA,NA,NA,NA,NA,NA,NA,NA,NA,7000,"2010"
"221","Davenport Perth Neighbourhood Centre","17","Area services","5",137230,NA,19171,NA,NA,NA,NA,58265,18319,NA,21480,NA,NA,NA,NA,NA,NA,19995,NA,NA,NA,NA,NA,"2010"
"222","Dejinta Beesha Somali Multi Service Centre","2","Area services","2",41833,NA,NA,NA,NA,NA,NA,39813,NA,NA,NA,NA,NA,NA,NA,NA,2020,NA,NA,NA,NA,NA,NA,"2010"
"223","Delta Family Resource Centre","9","Area services","1",78520,NA,NA,NA,NA,NA,NA,78520,NA,NA,NA,NA,NA,NA,NA,NA,NA,NA,NA,NA,NA,NA,NA,"2010"
"224","Design Industry Advisory Committee (DIAC)","28","City-wide","1",25000,NA,NA,NA,NA,25000,NA,NA,NA,NA,NA,NA,NA,NA,NA,NA,NA,NA,NA,NA,NA,NA,NA,"2010"
"225","Diaspora Dialogues Charitable Society","19","City-wide","1",11000,NA,NA,NA,NA,NA,NA,NA,NA,NA,NA,NA,NA,NA,NA,NA,NA,NA,NA,NA,NA,NA,11000,"2010"
"226","Diaspora Film Festival Group","21","City-wide","2",3992,NA,NA,NA,NA,NA,1492,NA,NA,NA,NA,NA,NA,NA,NA,NA,NA,NA,NA,NA,NA,NA,2500,"2010"
"227","Distress Centres of Toronto","27","City-wide","1",102810,NA,NA,NA,NA,NA,NA,102810,NA,NA,NA,NA,NA,NA,NA,NA,NA,NA,NA,NA,NA,NA,NA,"2010"
"228","Dixon Community Services","4","Local","1",48960,NA,NA,NA,NA,NA,NA,48960,NA,NA,NA,NA,NA,NA,NA,NA,NA,NA,NA,NA,NA,NA,NA,"2010"
"229","Dixon Hall","28","Local","6",292761,NA,10120,31200,NA,NA,NA,165415,NA,NA,17690,NA,NA,NA,NA,NA,NA,48336,NA,NA,NA,NA,20000,"2010"
"230","DNA Theatre","20","City-wide","1",8000,NA,NA,NA,NA,NA,NA,NA,NA,NA,NA,NA,NA,NA,NA,NA,NA,NA,NA,NA,NA,NA,8000,"2010"
"231","Documentary Organization of Canada, Toronto Chapter","20","City-wide","1",2500,NA,NA,NA,NA,NA,NA,NA,NA,NA,NA,NA,NA,NA,NA,NA,NA,NA,NA,NA,NA,NA,2500,"2010"
"232","Don Mills Civitan Club","25","Local","1",2810,NA,NA,NA,NA,NA,NA,NA,NA,NA,NA,NA,NA,NA,NA,NA,2810,NA,NA,NA,NA,NA,NA,"2010"
"233","Doorsteps Neighbourhood Services","7","Area Services","3",116960,NA,NA,NA,NA,NA,1500,111460,NA,NA,NA,NA,NA,NA,NA,NA,4000,NA,NA,NA,NA,NA,NA,"2010"
"234","Doris McCarthy Gallery","44","City-wide","1",21000,NA,NA,NA,NA,NA,NA,NA,NA,NA,NA,NA,NA,NA,NA,NA,NA,NA,NA,NA,NA,NA,21000,"2010"
"235","Dorset Park Youth Service Provider Network","40","Local","1",26010,NA,NA,NA,NA,NA,NA,NA,NA,NA,NA,NA,NA,NA,NA,NA,NA,NA,26010,NA,NA,NA,NA,"2010"
"236","Dovercourt Boys and Girls Club","18","Local","2",48265,NA,NA,NA,NA,NA,NA,22255,NA,NA,NA,NA,NA,NA,NA,NA,NA,26010,NA,NA,NA,NA,NA,"2010"
"237","Downsview Services to Seniors, Inc.","10","Area services","1",77320,NA,NA,NA,NA,NA,NA,77320,NA,NA,NA,NA,NA,NA,NA,NA,NA,NA,NA,NA,NA,NA,NA,"2010"
"238","Downtown Care Ring Home Support Services of Toronto","28","Local","1",8700,NA,NA,NA,NA,NA,NA,NA,NA,NA,NA,NA,NA,NA,NA,NA,8700,NA,NA,NA,NA,NA,NA,"2010"
"239","Downtown Yonge BIA","27","Local","1",6701,NA,NA,NA,NA,NA,6701,NA,NA,NA,NA,NA,NA,NA,NA,NA,NA,NA,NA,NA,NA,NA,NA,"2010"
"240","Dreamwalker Dance Co.","19","City-wide","1",12000,NA,NA,NA,NA,NA,NA,NA,NA,NA,NA,NA,NA,NA,NA,NA,NA,NA,NA,NA,NA,NA,12000,"2010"
"241","Driftwood Theatre Group","29","City-wide","1",7500,NA,NA,NA,NA,NA,NA,NA,NA,NA,NA,NA,NA,NA,NA,NA,NA,NA,NA,NA,NA,NA,7500,"2010"
"242","Drum Artz Canada","17","Area services","1",10000,NA,NA,NA,NA,NA,NA,NA,NA,NA,NA,NA,NA,NA,NA,NA,NA,NA,NA,NA,NA,NA,10000,"2010"
"243","Dub Poets Collective","21","City-wide","1",5000,NA,NA,NA,NA,NA,NA,NA,NA,NA,NA,NA,NA,NA,NA,NA,NA,NA,NA,NA,NA,NA,5000,"2010"
"244","Dufferin/Davenport Community Centre (Older Adults)","17","Local","1",816,NA,NA,NA,NA,NA,NA,NA,NA,NA,NA,NA,NA,NA,NA,NA,816,NA,NA,NA,NA,NA,NA,"2010"
"245","Dusk Dances","17","Area services","1",25000,NA,NA,NA,NA,NA,NA,NA,NA,NA,NA,NA,NA,NA,NA,NA,NA,NA,NA,NA,NA,NA,25000,"2010"
"246","Dynesti Youth Productions","15","Area services","1",10000,NA,NA,NA,NA,NA,NA,NA,NA,NA,NA,NA,NA,10000,NA,NA,NA,NA,NA,NA,NA,NA,NA,"2010"
"247","East Metro Youth Services","38","Area services","1",26010,NA,NA,NA,NA,NA,NA,26010,NA,NA,NA,NA,NA,NA,NA,NA,NA,NA,NA,NA,NA,NA,NA,"2010"
"248","East Scarborough Storefront / Tides Canada Initiatives","43","Local","3",103612,NA,NA,35700,NA,NA,5057,62855,NA,NA,NA,NA,NA,NA,NA,NA,NA,NA,NA,NA,NA,NA,NA,"2010"
"249","East Toronto Family Community Centre (Eastview)","30","Area services","3",94150,NA,NA,NA,NA,NA,NA,58010,14660,NA,21480,NA,NA,NA,NA,NA,NA,NA,NA,NA,NA,NA,NA,"2010"
"250","East York and East Toronto Family Resources Organization","30","Area services","2",288184.32,NA,NA,NA,NA,NA,NA,26010,NA,NA,NA,NA,262174.32,NA,NA,NA,NA,NA,NA,NA,NA,NA,NA,"2010"
"251","East York Meals on Wheels","29","Local","1",25015,NA,NA,NA,NA,NA,NA,25015,NA,NA,NA,NA,NA,NA,NA,NA,NA,NA,NA,NA,NA,NA,NA,"2010"
"252","Ecce Homo Theatre","19","City-wide","1",2000,NA,NA,NA,NA,NA,NA,NA,NA,NA,NA,NA,NA,NA,NA,NA,NA,NA,NA,NA,NA,NA,2000,"2010"
"253","Echo Women's Choir","27","City-wide","1",5000,NA,NA,NA,NA,NA,NA,NA,NA,NA,NA,NA,NA,NA,NA,NA,NA,NA,NA,NA,NA,NA,5000,"2010"
"254","E-Fagia Collective","14","City-wide","1",2000,NA,NA,NA,NA,NA,NA,NA,NA,NA,NA,NA,NA,NA,NA,NA,NA,NA,NA,NA,NA,NA,2000,"2010"
"255","Eight Fest Small-Gauge Film Festival","19","City-wide","1",4000,NA,NA,NA,NA,NA,NA,NA,NA,NA,NA,NA,NA,NA,NA,NA,NA,NA,NA,NA,NA,NA,4000,"2010"
"256","Ekran Polish Film Association","6","Local","1",2000,NA,NA,NA,NA,NA,NA,NA,NA,NA,NA,NA,NA,NA,NA,NA,NA,NA,NA,NA,NA,NA,2000,"2010"
"257","Elderly Vietnamese Association, Toronto","14","City-wide","1",15265,NA,NA,NA,NA,NA,NA,15265,NA,NA,NA,NA,NA,NA,NA,NA,NA,NA,NA,NA,NA,NA,NA,"2010"
"258","Elmer Iseler Singers","25","City-wide","1",29570,NA,NA,NA,NA,NA,NA,NA,NA,NA,NA,NA,NA,NA,NA,NA,NA,NA,NA,NA,NA,NA,29570,"2010"
"259","Elspeth Heyworth Centre for Women","8","Area services","2",29215,NA,NA,NA,NA,NA,3305,25910,NA,NA,NA,NA,NA,NA,NA,NA,NA,NA,NA,NA,NA,NA,NA,"2010"
"260","Ensemble Polaris","19","City-wide","1",4000,NA,NA,NA,NA,NA,NA,NA,NA,NA,NA,NA,NA,NA,NA,NA,NA,NA,NA,NA,NA,NA,4000,"2010"
"261","Epilepsy Toronto","22","City-wide","2",37072,NA,NA,NA,NA,NA,NA,31870,NA,NA,NA,NA,NA,NA,NA,NA,5202,NA,NA,NA,NA,NA,NA,"2010"
"262","Eritrean Canadian Community Centre of Metropolitan Toronto","21","City-wide","3",37035,10000,NA,NA,NA,NA,NA,26535,NA,NA,NA,NA,NA,NA,NA,NA,500,NA,NA,NA,NA,NA,NA,"2010"
"263","Eritrean Youth in Focus","21","Area services","1",10000,NA,NA,NA,NA,NA,NA,NA,NA,NA,NA,NA,NA,10000,NA,NA,NA,NA,NA,NA,NA,NA,NA,"2010"
"264","Esmeralda Enrique Dance Company","20","City-wide","1",20000,NA,NA,NA,NA,NA,NA,NA,NA,NA,NA,NA,NA,NA,NA,NA,NA,NA,NA,NA,NA,NA,20000,"2010"
"265","Esprit Orchestra","20","City-wide","1",82500,NA,NA,NA,NA,NA,NA,NA,NA,NA,NA,NA,NA,NA,NA,NA,NA,NA,NA,NA,NA,NA,82500,"2010"
"266","Ethio Lion Sports Club","35","Local","1",3104,NA,NA,NA,NA,NA,NA,NA,NA,NA,NA,NA,NA,NA,NA,NA,3104,NA,NA,NA,NA,NA,NA,"2010"
"267","Ethiopian Association In The GTA and Surrounding Regions","31","City-wide","3",76829,NA,19629,NA,NA,NA,2000,55200,NA,NA,NA,NA,NA,NA,NA,NA,NA,NA,NA,NA,NA,NA,NA,"2010"
"268","Ethno-racial People with Disabilities Coalition of Ontario","27","City-wide","1",17000,17000,NA,NA,NA,NA,NA,NA,NA,NA,NA,NA,NA,NA,NA,NA,NA,NA,NA,NA,NA,NA,NA,"2010"
"269","Etobicoke Centennial Choir","4","Area services","1",4750,NA,NA,NA,NA,NA,NA,NA,NA,NA,NA,NA,NA,NA,NA,NA,NA,NA,NA,NA,NA,NA,4750,"2010"
"270","Etobicoke Community Concert Band","5","City-wide","1",6500,NA,NA,NA,NA,NA,NA,NA,NA,NA,NA,NA,NA,NA,NA,NA,NA,NA,NA,NA,NA,NA,6500,"2010"
"271","Etobicoke Handweavers & Spinners Guild","3","City-wide","1",1200,NA,NA,NA,NA,NA,NA,NA,NA,NA,NA,NA,NA,NA,NA,NA,NA,NA,NA,NA,NA,NA,1200,"2010"
"272","Etobicoke Philharmonic Orchestra","5","City-wide","1",7000,NA,NA,NA,NA,NA,NA,NA,NA,NA,NA,NA,NA,NA,NA,NA,NA,NA,NA,NA,NA,NA,7000,"2010"
"273","Etobicoke Services For Seniors","2","Area services","2",37215,NA,NA,NA,NA,NA,NA,35215,NA,NA,NA,NA,NA,NA,NA,NA,2000,NA,NA,NA,NA,NA,NA,"2010"
"274","Evangel Hall","20","Area services","1",55238.76,NA,NA,NA,NA,NA,NA,NA,NA,NA,NA,NA,55238.76,NA,NA,NA,NA,NA,NA,NA,NA,NA,NA,"2010"
"275","Eventual Ashes","27","City-wide","1",6500,NA,NA,NA,NA,NA,NA,NA,NA,NA,NA,NA,NA,NA,NA,NA,NA,NA,NA,NA,NA,NA,6500,"2010"
"276","Evergreen Club Contemporary Gamelan","20","City-wide","1",9500,NA,NA,NA,NA,NA,NA,NA,NA,NA,NA,NA,NA,NA,NA,NA,NA,NA,NA,NA,NA,NA,9500,"2010"
"277","Expect Theatre Inc.","1*","Local","1",9000,NA,NA,NA,NA,NA,NA,NA,NA,NA,NA,NA,NA,NA,NA,NA,NA,NA,NA,NA,NA,NA,9000,"2010"
"278","Extend A Family","16","City-wide","1",21230,NA,NA,NA,NA,NA,NA,21230,NA,NA,NA,NA,NA,NA,NA,NA,NA,NA,NA,NA,NA,NA,NA,"2010"
"279","Exultate Chamber Singers","20","City-wide","1",5000,NA,NA,NA,NA,NA,NA,NA,NA,NA,NA,NA,NA,NA,NA,NA,NA,NA,NA,NA,NA,NA,5000,"2010"
"280","Factory Theatre","20","City-wide","1",155775,NA,NA,NA,NA,NA,NA,NA,NA,NA,NA,NA,NA,NA,NA,NA,NA,NA,NA,NA,NA,NA,155775,"2010"
"281","FADO Performance Inc.","20","City-wide","1",23000,NA,NA,NA,NA,NA,NA,NA,NA,NA,NA,NA,NA,NA,NA,NA,NA,NA,NA,NA,NA,NA,23000,"2010"
"282","Family Service Toronto","27","City-wide","1",93970,NA,NA,NA,NA,NA,NA,93970,NA,NA,NA,NA,NA,NA,NA,NA,NA,NA,NA,NA,NA,NA,NA,"2010"
"283","Family Supports Institute Ontario","19","City-wide","1",12735,NA,NA,NA,NA,NA,NA,12735,NA,NA,NA,NA,NA,NA,NA,NA,NA,NA,NA,NA,NA,NA,NA,"2010"
"284","Festival Management Committee-(Caribana)","20","City-wide","1",494190,NA,NA,NA,494190,NA,NA,NA,NA,NA,NA,NA,NA,NA,NA,NA,NA,NA,NA,NA,NA,NA,NA,"2010"
"285","Fife House","27","City-wide","2",109922.76,NA,54684,NA,NA,NA,NA,NA,NA,NA,NA,NA,55238.76,NA,NA,NA,NA,NA,NA,NA,NA,NA,NA,"2010"
"286","Film Stars Project (The)","7","Area services","1",10000,NA,NA,NA,NA,NA,NA,NA,NA,NA,NA,NA,NA,10000,NA,NA,NA,NA,NA,NA,NA,NA,NA,"2010"
"287","FindHelp","20","City-wide","1",545170,NA,NA,NA,NA,NA,NA,NA,NA,NA,NA,NA,NA,NA,NA,NA,NA,NA,NA,NA,NA,545170,NA,"2010"
"288","First Nations House","20","City-wide","1",6000,NA,NA,NA,NA,NA,NA,NA,NA,NA,NA,NA,NA,NA,NA,NA,NA,NA,NA,NA,NA,NA,6000,"2010"
"289","First Portuguese Canadian Cultural Centre of Toronto","17","Area services","1",12240,NA,NA,NA,NA,NA,NA,12240,NA,NA,NA,NA,NA,NA,NA,NA,NA,NA,NA,NA,NA,NA,NA,"2010"
"290","First Things First Productions","19","City-wide","1",6750,NA,NA,NA,NA,NA,NA,NA,NA,NA,NA,NA,NA,NA,NA,NA,NA,NA,NA,NA,NA,NA,6750,"2010"
"291","Fixt Point Theatre","14","City-wide","1",3500,NA,NA,NA,NA,NA,NA,NA,NA,NA,NA,NA,NA,NA,NA,NA,NA,NA,NA,NA,NA,NA,3500,"2010"
"292","Flemingdon Neighbourhood Services","26","Area services","3",268671.74,NA,NA,NA,NA,NA,NA,57120,NA,NA,14565,NA,196986.74,NA,NA,NA,NA,NA,NA,NA,NA,NA,NA,"2010"
"293","Flemingdon Park Ministry","26","Local","1",22400,NA,NA,NA,NA,NA,NA,NA,NA,22400,NA,NA,NA,NA,NA,NA,NA,NA,NA,NA,NA,NA,NA,"2010"
"294","FoodShare Toronto","18","City-wide","1",191176,NA,NA,NA,NA,NA,NA,191176,NA,NA,NA,NA,NA,NA,NA,NA,NA,NA,NA,NA,NA,NA,NA,"2010"
"295","For You Telecare Family Service","25","City-wide","4",39614,7000,NA,NA,NA,NA,NA,12875,18739,NA,NA,NA,NA,NA,NA,NA,1000,NA,NA,NA,NA,NA,NA,"2010"
"296","For Youth Initiative in Toronto","12","Area services","2",102495,NA,NA,NA,NA,NA,NA,92495,NA,NA,NA,NA,NA,NA,NA,NA,NA,NA,NA,NA,NA,NA,10000,"2010"
"297","Force for Cultural Events Production Inc.","20","Local","1",5000,NA,NA,NA,NA,NA,NA,NA,NA,NA,NA,NA,NA,NA,NA,NA,NA,NA,NA,NA,NA,NA,5000,"2010"
"298","Franco-fete de la communaute urbaine de Toronto","20","City-wide","1",2500,NA,NA,NA,NA,NA,NA,NA,NA,NA,NA,NA,NA,NA,NA,NA,NA,NA,NA,NA,NA,NA,2500,"2010"
"299","Franklin Horner Community Centre","6","Local","1",32525,NA,NA,NA,NA,NA,NA,32525,NA,NA,NA,NA,NA,NA,NA,NA,NA,NA,NA,NA,NA,NA,NA,"2010"
"300","Fred Victor Centre","28","Area services","1",55238.76,NA,NA,NA,NA,NA,NA,NA,NA,NA,NA,NA,55238.76,NA,NA,NA,NA,NA,NA,NA,NA,NA,NA,"2010"
"301","Friendly Spike Theatre Band","14","City-wide","1",3300,NA,NA,NA,NA,NA,NA,NA,NA,NA,NA,NA,NA,NA,NA,NA,NA,NA,NA,NA,NA,NA,3300,"2010"
"302","Friends in Trouble (F.I.T.) Youth Initiative","9","Local","1",9500,NA,NA,NA,NA,NA,NA,NA,NA,NA,NA,NA,NA,9500,NA,NA,NA,NA,NA,NA,NA,NA,NA,"2010"
"303","Friends of Fort York (Summer Guard)","28","City-wide","1",15300,NA,NA,NA,NA,NA,NA,NA,NA,NA,NA,NA,NA,NA,NA,15300,NA,NA,NA,NA,NA,NA,NA,"2010"
"304","Fringe of Toronto","20","City-wide","1",72000,NA,NA,NA,NA,NA,NA,NA,NA,NA,NA,NA,NA,NA,NA,NA,NA,NA,NA,NA,NA,NA,72000,"2010"
"305","Frontline Partners with Youth Network (FPYN)","20","City-wide","2",71000,NA,NA,30000,NA,NA,NA,NA,NA,NA,NA,NA,NA,NA,NA,NA,NA,NA,41000,NA,NA,NA,NA,"2010"
"306","fu-GEN Theatre Company","28","City-wide","1",11000,NA,NA,NA,NA,NA,NA,NA,NA,NA,NA,NA,NA,NA,NA,NA,NA,NA,NA,NA,NA,NA,11000,"2010"
"307","Fujiwara Dance Inventions","28","City-wide","1",15000,NA,NA,NA,NA,NA,NA,NA,NA,NA,NA,NA,NA,NA,NA,NA,NA,NA,NA,NA,NA,NA,15000,"2010"
"308","Gadfly","20","City-wide","1",2000,NA,NA,NA,NA,NA,NA,NA,NA,NA,NA,NA,NA,NA,NA,NA,NA,NA,NA,NA,NA,NA,2000,"2010"
"309","Gallery 44","20","City-wide","1",68000,NA,NA,NA,NA,NA,NA,NA,NA,NA,NA,NA,NA,NA,NA,NA,NA,NA,NA,NA,NA,NA,68000,"2010"
"310","Gardiner Museum of Ceramic Art","27","City-wide","1",135980,NA,NA,NA,135980,NA,NA,NA,NA,NA,NA,NA,NA,NA,NA,NA,NA,NA,NA,NA,NA,NA,NA,"2010"
"311","Gatehouse Child Abuse Advocacy Centre (The)","6","City-wide","1",21230,NA,NA,NA,NA,NA,NA,21230,NA,NA,NA,NA,NA,NA,NA,NA,NA,NA,NA,NA,NA,NA,NA,"2010"
"312","GBSP Centre Corp (The Young Centre)","28","City-wide","1",1800,NA,NA,NA,NA,NA,NA,NA,NA,NA,NA,NA,NA,NA,NA,NA,NA,NA,NA,NA,NA,NA,1800,"2010"
"313","Gendai Gallery","18","City-wide","1",4500,NA,NA,NA,NA,NA,NA,NA,NA,NA,NA,NA,NA,NA,NA,NA,NA,NA,NA,NA,NA,NA,4500,"2010"
"314","George S. Syme Seniors Centre of York","11","Area services","2",80455,NA,NA,NA,NA,NA,NA,58400,NA,NA,NA,NA,NA,NA,NA,NA,NA,NA,NA,NA,22055,NA,NA,"2010"
"315","Glebe Manor Lawn Bowling Club Ltd.","22","Local","1",4500,NA,NA,NA,NA,NA,NA,NA,NA,NA,NA,NA,NA,NA,NA,NA,4500,NA,NA,NA,NA,NA,NA,"2010"
"316","Glenvale Players","23","City-wide","1",1000,NA,NA,NA,NA,NA,NA,NA,NA,NA,NA,NA,NA,NA,NA,NA,1000,NA,NA,NA,NA,NA,NA,"2010"
"317","Global Cities Ensemble","19","City-wide","1",3000,NA,NA,NA,NA,NA,NA,NA,NA,NA,NA,NA,NA,NA,NA,NA,NA,NA,NA,NA,NA,NA,3000,"2010"
"318","Grassroots Youth Collaborative","14","Local","1",24700,NA,NA,24700,NA,NA,NA,NA,NA,NA,NA,NA,NA,NA,NA,NA,NA,NA,NA,NA,NA,NA,NA,"2010"
"319","Gray Tigers Senior Citizens Club","18","Local","1",1041,NA,NA,NA,NA,NA,NA,NA,NA,NA,NA,NA,NA,NA,NA,NA,1041,NA,NA,NA,NA,NA,NA,"2010"
"320","Greek Community of Toronto","29","City-wide","1",51740,NA,NA,NA,NA,NA,NA,51740,NA,NA,NA,NA,NA,NA,NA,NA,NA,NA,NA,NA,NA,NA,NA,"2010"
"321","Green Tea Collective","28","City-wide","1",6500,NA,NA,NA,NA,NA,NA,NA,NA,NA,NA,NA,NA,NA,NA,NA,NA,NA,NA,NA,NA,NA,6500,"2010"
"322","Green Thumbs Growing Kids","28","Local","2",24100,NA,NA,NA,NA,NA,NA,NA,NA,18600,NA,NA,NA,NA,NA,NA,5500,NA,NA,NA,NA,NA,NA,"2010"
"323","Greenest City Environmental Organization","14","Local","2",6029,NA,NA,NA,NA,NA,2529,NA,NA,NA,NA,NA,NA,NA,NA,NA,3500,NA,NA,NA,NA,NA,NA,"2010"
"324","Groundwater Productions","18","City-wide","1",9000,NA,NA,NA,NA,NA,NA,NA,NA,NA,NA,NA,NA,NA,NA,NA,NA,NA,NA,NA,NA,NA,9000,"2010"
"325","Hannaford Street Silver Band","31","City-wide","1",28000,NA,NA,NA,NA,NA,NA,NA,NA,NA,NA,NA,NA,NA,NA,NA,NA,NA,NA,NA,NA,NA,28000,"2010"
"326","Harbourfront Centre","20","City-wide","1",201775,NA,NA,NA,NA,NA,NA,NA,NA,NA,NA,NA,NA,NA,NA,NA,NA,NA,NA,NA,NA,NA,201775,"2010"
"327","Harbourfront Community Centre - City Of Toronto","20","Local","3",89634,NA,NA,NA,NA,NA,NA,31350,26136,NA,NA,NA,NA,NA,NA,NA,NA,32148,NA,NA,NA,NA,NA,"2010"
"328","Harold Green Jewish Theatre Company","33","City-wide","1",9000,NA,NA,NA,NA,NA,NA,NA,NA,NA,NA,NA,NA,NA,NA,NA,NA,NA,NA,NA,NA,NA,9000,"2010"
"329","Harriet Tubman Community Organization","33","Local","2",42025,NA,NA,NA,NA,NA,NA,36025,NA,NA,NA,NA,NA,NA,NA,NA,6000,NA,NA,NA,NA,NA,NA,"2010"
"330","Hassle Free Clinic","27","City-wide","1",40143,NA,40143,NA,NA,NA,NA,NA,NA,NA,NA,NA,NA,NA,NA,NA,NA,NA,NA,NA,NA,NA,NA,"2010"
"331","Hellenic Home for the Aged Inc.","21","City-wide","1",1000,NA,NA,NA,NA,NA,NA,NA,NA,NA,NA,NA,NA,NA,NA,NA,1000,NA,NA,NA,NA,NA,NA,"2010"
"332","Heritage - 6 Laurier","28","Local","1",2500,NA,NA,NA,NA,NA,NA,NA,NA,NA,NA,2500,NA,NA,NA,NA,NA,NA,NA,NA,NA,NA,NA,"2010"
"333","Heritage - 76 Amelia Street","28","Local","1",7250,NA,NA,NA,NA,NA,NA,NA,NA,NA,NA,7250,NA,NA,NA,NA,NA,NA,NA,NA,NA,NA,NA,"2010"
"334","Heritage - Casa Loma","22","Local","1",15250,NA,NA,NA,NA,NA,NA,NA,NA,NA,NA,15250,NA,NA,NA,NA,NA,NA,NA,NA,NA,NA,NA,"2010"
"335","Heritage - Ontario College of Art","20","Local","1",25000,NA,NA,NA,NA,NA,NA,NA,NA,NA,NA,25000,NA,NA,NA,NA,NA,NA,NA,NA,NA,NA,NA,"2010"
"336","Heritage - Trustees Metropolitan United Church -56 Queen Street E","27","Local","1",30000,NA,NA,NA,NA,NA,NA,NA,NA,NA,NA,30000,NA,NA,NA,NA,NA,NA,NA,NA,NA,NA,NA,"2010"
"337","Heritage- 100 McCaul Street","27","Local","1",25000,NA,NA,NA,NA,NA,NA,NA,NA,NA,NA,25000,NA,NA,NA,NA,NA,NA,NA,NA,NA,NA,NA,"2010"
"338","Heritage --7 Winchester","28","Local","1",10000,NA,NA,NA,NA,NA,NA,NA,NA,NA,NA,10000,NA,NA,NA,NA,NA,NA,NA,NA,NA,NA,NA,"2010"
"339","Heritage Skills Development Centre (HSDC)","38","Local","2",42152,NA,26777,NA,NA,NA,NA,NA,NA,NA,NA,NA,NA,NA,NA,NA,15375,NA,NA,NA,NA,NA,NA,"2010"
"340","Heritage-110 Bedford Road","20","Local","1",10000,NA,NA,NA,NA,NA,NA,NA,NA,NA,NA,10000,NA,NA,NA,NA,NA,NA,NA,NA,NA,NA,NA,"2010"
"341","Heritage-21 Elm Street","27","Local","1",10000,NA,NA,NA,NA,NA,NA,NA,NA,NA,NA,10000,NA,NA,NA,NA,NA,NA,NA,NA,NA,NA,NA,"2010"
"342","Heritage--32 Spruce Street","28","Local","1",5000,NA,NA,NA,NA,NA,NA,NA,NA,NA,NA,5000,NA,NA,NA,NA,NA,NA,NA,NA,NA,NA,NA,"2010"
"343","Heritage-Bank of Nova Scotia -44 King St W","28","Local","1",27500,NA,NA,NA,NA,NA,NA,NA,NA,NA,NA,27500,NA,NA,NA,NA,NA,NA,NA,NA,NA,NA,NA,"2010"
"344","Heritage-Toronto Dance Theatre - 80 Winchester","28","Local","1",42500,NA,NA,NA,NA,NA,NA,NA,NA,NA,NA,42500,NA,NA,NA,NA,NA,NA,NA,NA,NA,NA,NA,"2010"
"345","High Park Choirs of Toronto","18*","Local","1",3000,NA,NA,NA,NA,NA,NA,NA,NA,NA,NA,NA,NA,NA,NA,NA,NA,NA,NA,NA,NA,NA,3000,"2010"
"346","High Park Initiatives","13","Local","2",6000,NA,NA,NA,NA,NA,1500,NA,NA,NA,NA,NA,NA,NA,NA,NA,4500,NA,NA,NA,NA,NA,NA,"2010"
"347","Highclass","7","Area services","1",10000,NA,NA,NA,NA,NA,NA,NA,NA,NA,NA,NA,NA,10000,NA,NA,NA,NA,NA,NA,NA,NA,NA,"2010"
"348","Hispanic Development Council","20","City-wide","3",111494.9,25500,NA,NA,NA,NA,NA,31840,NA,NA,NA,NA,54154.9,NA,NA,NA,NA,NA,NA,NA,NA,NA,NA,"2010"
"349","Hong Fook Mental Health Association","41","City-wide","1",21230,NA,NA,NA,NA,NA,NA,21230,NA,NA,NA,NA,NA,NA,NA,NA,NA,NA,NA,NA,NA,NA,NA,"2010"
"350","Hopscotch Collective","14","City-wide","1",6000,NA,NA,NA,NA,NA,NA,NA,NA,NA,NA,NA,NA,NA,NA,NA,NA,NA,NA,NA,NA,NA,6000,"2010"
"351","Hot Docs","20","City-wide","2",78000,NA,NA,NA,NA,50000,NA,NA,NA,NA,NA,NA,NA,NA,NA,NA,NA,NA,NA,NA,NA,NA,28000,"2010"
"352","Hub 14","19","City-wide","1",6500,NA,NA,NA,NA,NA,NA,NA,NA,NA,NA,NA,NA,NA,NA,NA,NA,NA,NA,NA,NA,NA,6500,"2010"
"353","hum dansoundart not just a dance company","28","City-wide","1",10000,NA,NA,NA,NA,NA,NA,NA,NA,NA,NA,NA,NA,NA,NA,NA,NA,NA,NA,NA,NA,NA,10000,"2010"
"354","Human Cargo","28","City-wide","1",7500,NA,NA,NA,NA,NA,NA,NA,NA,NA,NA,NA,NA,NA,NA,NA,NA,NA,NA,NA,NA,NA,7500,"2010"
"355","Humber Community Seniors Services Inc.","11","Area services","2",32580,NA,NA,NA,NA,NA,NA,20935,NA,NA,NA,NA,NA,NA,NA,NA,NA,NA,NA,NA,11645,NA,NA,"2010"
"356","Humberside Lawn Bowling Club","13","Local","1",2601,NA,NA,NA,NA,NA,NA,NA,NA,NA,NA,NA,NA,NA,NA,NA,2601,NA,NA,NA,NA,NA,NA,"2010"
"357","Hungarian Canadian Community Services (Ontario)","21","City-wide","1",10615,NA,NA,NA,NA,NA,NA,10615,NA,NA,NA,NA,NA,NA,NA,NA,NA,NA,NA,NA,NA,NA,NA,"2010"
"358","I Furiosi Baroque Ensemble","14","City-wide","1",4250,NA,NA,NA,NA,NA,NA,NA,NA,NA,NA,NA,NA,NA,NA,NA,NA,NA,NA,NA,NA,NA,4250,"2010"
"359","Immigrant Post Information Centre","11","Local","1",7000,NA,NA,NA,NA,NA,NA,NA,NA,NA,NA,NA,NA,NA,NA,NA,NA,NA,NA,NA,NA,NA,7000,"2010"
"360","iNative Toronto International Aboriginal Music Festival","27","City-wide","1",3000,NA,NA,NA,NA,NA,NA,NA,NA,NA,NA,NA,NA,NA,NA,NA,NA,NA,NA,NA,NA,NA,3000,"2010"
"361","InDance","28","City-wide","1",5000,NA,NA,NA,NA,NA,NA,NA,NA,NA,NA,NA,NA,NA,NA,NA,NA,NA,NA,NA,NA,NA,5000,"2010"
"362","Inner City Angels","28","Area services","1",36500,NA,NA,NA,NA,NA,NA,NA,NA,NA,NA,NA,NA,NA,NA,NA,NA,NA,NA,NA,NA,NA,36500,"2010"
"363","Inside Out Film & Video Festival","20","City-wide","1",32000,NA,NA,NA,NA,NA,NA,NA,NA,NA,NA,NA,NA,NA,NA,NA,NA,NA,NA,NA,NA,NA,32000,"2010"
"364","InterAccess","19","City-wide","1",43800,NA,NA,NA,NA,NA,NA,NA,NA,NA,NA,NA,NA,NA,NA,NA,NA,NA,NA,NA,NA,NA,43800,"2010"
"365","International Readings at Harbourfront","20","City-wide","1",111200,NA,NA,NA,NA,NA,NA,NA,NA,NA,NA,NA,NA,NA,NA,NA,NA,NA,NA,NA,NA,NA,111200,"2010"
"366","Ipsita Nova Dance Projects","19","City-wide","1",5000,NA,NA,NA,NA,NA,NA,NA,NA,NA,NA,NA,NA,NA,NA,NA,NA,NA,NA,NA,NA,NA,5000,"2010"
"367","Iranian Women's Organization of Ontario","33","City-wide","1",31015,NA,NA,NA,NA,NA,NA,31015,NA,NA,NA,NA,NA,NA,NA,NA,NA,NA,NA,NA,NA,NA,NA,"2010"
"368","Iraqi Canadian Artists Federation","15*","Local","1",4000,NA,NA,NA,NA,NA,NA,NA,NA,NA,NA,NA,NA,NA,NA,NA,NA,NA,NA,NA,NA,NA,4000,"2010"
"369","Islington Centre -  Etobicoke Senior Citizens","5","Area services","1",31330,NA,NA,NA,NA,NA,NA,31330,NA,NA,NA,NA,NA,NA,NA,NA,NA,NA,NA,NA,NA,NA,NA,"2010"
"370","IXOK Theatre Collective","13","City-wide","1",5000,NA,NA,NA,NA,NA,NA,NA,NA,NA,NA,NA,NA,NA,NA,NA,NA,NA,NA,NA,NA,NA,5000,"2010"
"371","J. D. Griffin Adolescent Centre","24","City-wide","1",24512,NA,24512,NA,NA,NA,NA,NA,NA,NA,NA,NA,NA,NA,NA,NA,NA,NA,NA,NA,NA,NA,NA,"2010"
"372","J.H. Chinese Professionals Association of Canada","41","City-wide","1",1750,NA,NA,NA,NA,NA,1750,NA,NA,NA,NA,NA,NA,NA,NA,NA,NA,NA,NA,NA,NA,NA,NA,"2010"
"373","Jamaican Canadian Association","7","City-wide","1",53605,NA,NA,NA,NA,NA,NA,53605,NA,NA,NA,NA,NA,NA,NA,NA,NA,NA,NA,NA,NA,NA,NA,"2010"
"374","Janak Khendry Dance Company","18","City-wide","1",6000,NA,NA,NA,NA,NA,NA,NA,NA,NA,NA,NA,NA,NA,NA,NA,NA,NA,NA,NA,NA,NA,6000,"2010"
"375","Jane Finch Community and Family Centre","8","Local","3",162870,14000,NA,NA,NA,NA,NA,131180,NA,NA,17690,NA,NA,NA,NA,NA,NA,NA,NA,NA,NA,NA,NA,"2010"
"376","Jane-Finch On the Move","8","Local","1",11000,11000,NA,NA,NA,NA,NA,NA,NA,NA,NA,NA,NA,NA,NA,NA,NA,NA,NA,NA,NA,NA,NA,"2010"
"377","Japanese Social Services","26","City-wide","1",26535,NA,NA,NA,NA,NA,NA,26535,NA,NA,NA,NA,NA,NA,NA,NA,NA,NA,NA,NA,NA,NA,NA,"2010"
"378","John Howard Society of Toronto","27","City-wide","2",104123,NA,NA,NA,NA,NA,NA,12205,NA,NA,NA,NA,91918,NA,NA,NA,NA,NA,NA,NA,NA,NA,NA,"2010"
"379","Jubilate Singers","20","City-wide","1",5000,NA,NA,NA,NA,NA,NA,NA,NA,NA,NA,NA,NA,NA,NA,NA,NA,NA,NA,NA,NA,NA,5000,"2010"
"380","Jumblies Theatre","28","Area services","1",35000,NA,NA,NA,NA,NA,NA,NA,NA,NA,NA,NA,NA,NA,NA,NA,NA,NA,NA,NA,NA,NA,35000,"2010"
"381","Junction Forum for Arts and Culture","13","Local","1",7000,NA,NA,NA,NA,NA,NA,NA,NA,NA,NA,NA,NA,NA,NA,NA,NA,NA,NA,NA,NA,NA,7000,"2010"
"382","June Callwood Centre for Women and Families (The)","28","City-wide","3",26725,NA,NA,NA,NA,NA,NA,15925,NA,NA,NA,NA,NA,NA,NA,NA,4000,NA,NA,NA,NA,NA,6800,"2010"
"383","Justina M. Barnicke Gallery","20","City-wide","1",4500,NA,NA,NA,NA,NA,NA,NA,NA,NA,NA,NA,NA,NA,NA,NA,NA,NA,NA,NA,NA,NA,4500,"2010"
"384","Kababayan Community Service Centre","14","City-wide","2",44600,14000,NA,NA,NA,NA,NA,30600,NA,NA,NA,NA,NA,NA,NA,NA,NA,NA,NA,NA,NA,NA,NA,"2010"
"385","Kadozuke Kollektif","18","City-wide","1",5500,NA,NA,NA,NA,NA,NA,NA,NA,NA,NA,NA,NA,NA,NA,NA,NA,NA,NA,NA,NA,NA,5500,"2010"
"386","Kaeja d'Dance","20","City-wide","1",30900,NA,NA,NA,NA,NA,NA,NA,NA,NA,NA,NA,NA,NA,NA,NA,NA,NA,NA,NA,NA,NA,30900,"2010"
"387","Kaha:wi Dance Theatre","27","City-wide","1",20000,NA,NA,NA,NA,NA,NA,NA,NA,NA,NA,NA,NA,NA,NA,NA,NA,NA,NA,NA,NA,NA,20000,"2010"
"388","Kaisoca Pass De Torch","38","City-wide","1",10000,NA,NA,NA,NA,NA,NA,NA,NA,NA,NA,NA,NA,NA,NA,NA,NA,NA,NA,NA,NA,NA,10000,"2010"
"389","Kapisanan Philippine Centre","20","City-wide","1",3500,NA,NA,NA,NA,NA,NA,NA,NA,NA,NA,NA,NA,NA,NA,NA,NA,NA,NA,NA,NA,NA,3500,"2010"
"390","KCWA Family and Social Services","20","City-wide","1",26535,NA,NA,NA,NA,NA,NA,26535,NA,NA,NA,NA,NA,NA,NA,NA,NA,NA,NA,NA,NA,NA,NA,"2010"
"391","Kei Lok Yuen","31","Area services","2",1000,NA,NA,NA,NA,NA,500,NA,NA,NA,NA,NA,NA,NA,NA,NA,500,NA,NA,NA,NA,NA,NA,"2010"
"392","Kemi-Contemporary Dance Projects","14","City-wide","1",7000,NA,NA,NA,NA,NA,NA,NA,NA,NA,NA,NA,NA,NA,NA,NA,NA,NA,NA,NA,NA,NA,7000,"2010"
"393","Kew Beach Lawn Bowling Club","36","Local","1",4162,NA,NA,NA,NA,NA,NA,NA,NA,NA,NA,NA,NA,NA,NA,NA,4162,NA,NA,NA,NA,NA,NA,"2010"
"394","Keys to the Studio","14","City-wide","1",7000,NA,NA,NA,NA,NA,NA,NA,NA,NA,NA,NA,NA,NA,NA,NA,NA,NA,NA,NA,NA,NA,7000,"2010"
"395","Kipling Comm. Council Coalition (w/ Rexdale Comm. Health Ctr)","4","Local","1",12402,NA,NA,NA,NA,NA,NA,NA,12402,NA,NA,NA,NA,NA,NA,NA,NA,NA,NA,NA,NA,NA,NA,"2010"
"396","Kitchen Band Productions","18","City-wide","1",6000,NA,NA,NA,NA,NA,NA,NA,NA,NA,NA,NA,NA,NA,NA,NA,NA,NA,NA,NA,NA,NA,6000,"2010"
"397","Kiwanis Club of Scarborough","41","Local","1",5000,5000,NA,NA,NA,NA,NA,NA,NA,NA,NA,NA,NA,NA,NA,NA,NA,NA,NA,NA,NA,NA,NA,"2010"
"398","Koffler Gallery","10","City-wide","1",50000,NA,NA,NA,NA,NA,NA,NA,NA,NA,NA,NA,NA,NA,NA,NA,NA,NA,NA,NA,NA,NA,50000,"2010"
"399","Korean Canadian Symphony Orchestra","19","City-wide","1",6000,NA,NA,NA,NA,NA,NA,NA,NA,NA,NA,NA,NA,NA,NA,NA,NA,NA,NA,NA,NA,NA,6000,"2010"
"400","Korean Dance Studies Society","34","City-wide","1",11325,NA,NA,NA,NA,NA,NA,NA,NA,NA,NA,NA,NA,NA,NA,NA,NA,NA,NA,NA,NA,NA,11325,"2010"
"401","Korean Senior Citizens Society of Toronto","19","City-wide","1",20400,NA,NA,NA,NA,NA,NA,20400,NA,NA,NA,NA,NA,NA,NA,NA,NA,NA,NA,NA,NA,NA,NA,"2010"
"402","Kumasi Asafo Foundation","36","Local","2",3600,NA,NA,NA,NA,NA,1000,NA,NA,NA,NA,NA,NA,NA,NA,NA,2600,NA,NA,NA,NA,NA,NA,"2010"
"403","Lab Cab Festival","14","City-wide","1",8500,NA,NA,NA,NA,NA,NA,NA,NA,NA,NA,NA,NA,NA,NA,NA,NA,NA,NA,NA,NA,NA,8500,"2010"
"404","Lakeshore Area Multi-Services Project (LAMP) Inc.","6","Local","2",83593,NA,NA,NA,NA,NA,NA,68115,15478,NA,NA,NA,NA,NA,NA,NA,NA,NA,NA,NA,NA,NA,NA,"2010"
"405","Lakeshore Arts Committee","6","Area services","1",97840,NA,NA,NA,NA,NA,NA,NA,NA,NA,NA,NA,NA,NA,97840,NA,NA,NA,NA,NA,NA,NA,NA,"2010"
"406","Lao Association Of Ontario","9","City-wide","1",28660,NA,NA,NA,NA,NA,NA,28660,NA,NA,NA,NA,NA,NA,NA,NA,NA,NA,NA,NA,NA,NA,NA,"2010"
"407","Latin St. Music","15*","Local","1",7000,NA,NA,NA,NA,NA,NA,NA,NA,NA,NA,NA,NA,NA,NA,NA,NA,NA,NA,NA,NA,NA,7000,"2010"
"408","Latvian Senior Citizen's Association","34","City-wide","1",10200,NA,NA,NA,NA,NA,NA,10200,NA,NA,NA,NA,NA,NA,NA,NA,NA,NA,NA,NA,NA,NA,NA,"2010"
"409","Lawrence Heights Inter-Organization Network (LHION)","15","Local","1",41000,NA,NA,NA,NA,NA,NA,NA,NA,NA,NA,NA,NA,NA,NA,NA,NA,NA,41000,NA,NA,NA,NA,"2010"
"410","Lawrence Park Lawn Bowling and Croquet Club","26","Local","1",3850,NA,NA,NA,NA,NA,NA,NA,NA,NA,NA,NA,NA,NA,NA,NA,3850,NA,NA,NA,NA,NA,NA,"2010"
"411","Le Laboratoire d'Art","28","Local","1",3500,NA,NA,NA,NA,NA,NA,NA,NA,NA,NA,NA,NA,NA,NA,NA,NA,NA,NA,NA,NA,NA,3500,"2010"
"412","Le Théâtre français de Toronto","27","City-wide","1",101000,NA,NA,NA,NA,NA,NA,NA,NA,NA,NA,NA,NA,NA,NA,NA,NA,NA,NA,NA,NA,NA,101000,"2010"
"413","League of Canadian Poets","20","City-wide","1",19100,NA,NA,NA,NA,NA,NA,NA,NA,NA,NA,NA,NA,NA,NA,NA,NA,NA,NA,NA,NA,NA,19100,"2010"
"414","Learning Disabilities Association Toronto District","23","City-wide","1",50210,NA,NA,NA,NA,NA,NA,50210,NA,NA,NA,NA,NA,NA,NA,NA,NA,NA,NA,NA,NA,NA,NA,"2010"
"415","Leaside Lawn Bowling Club","26*","Local","1",2081,NA,NA,NA,NA,NA,NA,NA,NA,NA,NA,NA,NA,NA,NA,NA,2081,NA,NA,NA,NA,NA,NA,"2010"
"416","Leave Out Violence","15","Local","1",10000,NA,NA,NA,NA,NA,NA,NA,NA,NA,NA,NA,NA,NA,NA,NA,NA,NA,NA,NA,NA,NA,10000,"2010"
"417","Les Amis Concerts","8","City-wide","1",5000,NA,NA,NA,NA,NA,NA,NA,NA,NA,NA,NA,NA,NA,NA,NA,NA,NA,NA,NA,NA,NA,5000,"2010"
"418","Les Centres d'Accueil Héritage","28","City-wide","1",55190,NA,NA,NA,NA,NA,NA,55190,NA,NA,NA,NA,NA,NA,NA,NA,NA,NA,NA,NA,NA,NA,NA,"2010"
"419","Lesbian Gay Bi Youth Line","27","City-wide","2",57265,NA,NA,25500,NA,NA,NA,31765,NA,NA,NA,NA,NA,NA,NA,NA,NA,NA,NA,NA,NA,NA,NA,"2010"
"420","Liaison of Independent Filmmakers of Toronto (LIFT)","18","City-wide","1",58500,NA,NA,NA,NA,NA,NA,NA,NA,NA,NA,NA,NA,NA,NA,NA,NA,NA,NA,NA,NA,NA,58500,"2010"
"421","Life Rattle","19","City-wide","1",2200,NA,NA,NA,NA,NA,NA,NA,NA,NA,NA,NA,NA,NA,NA,NA,NA,NA,NA,NA,NA,NA,2200,"2010"
"422","Little Pear Garden Collective","20","City-wide","1",11000,NA,NA,NA,NA,NA,NA,NA,NA,NA,NA,NA,NA,NA,NA,NA,NA,NA,NA,NA,NA,NA,11000,"2010"
"423","LOFT Community Services","27","Area services","1",57448.49,NA,NA,NA,NA,NA,NA,NA,NA,NA,NA,NA,57448.49,NA,NA,NA,NA,NA,NA,NA,NA,NA,NA,"2010"
"424","Lookup Theatre","18","City-wide","1",8000,NA,NA,NA,NA,NA,NA,NA,NA,NA,NA,NA,NA,NA,NA,NA,NA,NA,NA,NA,NA,NA,8000,"2010"
"425","Loop Gallery","18","City-wide","1",1500,NA,NA,NA,NA,NA,NA,NA,NA,NA,NA,NA,NA,NA,NA,NA,NA,NA,NA,NA,NA,NA,1500,"2010"
"426","Lorraine Kimsa Theatre for Young People","28","City-wide","1",301000,NA,NA,NA,NA,NA,NA,NA,NA,NA,NA,NA,NA,NA,NA,NA,NA,NA,NA,NA,NA,NA,301000,"2010"
"427","Lost Lyrics","20*","Local","1",10000,NA,NA,NA,NA,NA,NA,NA,NA,NA,NA,NA,NA,NA,NA,NA,NA,NA,NA,NA,NA,NA,10000,"2010"
"428","Loyola Arrupe Centre for Seniors","14","Local","1",15165,NA,NA,NA,NA,NA,NA,15165,NA,NA,NA,NA,NA,NA,NA,NA,NA,NA,NA,NA,NA,NA,NA,"2010"
"429","Lula Music and Arts Centre","18","City-wide","1",1800,NA,NA,NA,NA,NA,NA,NA,NA,NA,NA,NA,NA,NA,NA,NA,NA,NA,NA,NA,NA,NA,1800,"2010"
"430","MABELLEarts","17","Local","1",12000,NA,NA,NA,NA,NA,NA,NA,NA,NA,NA,NA,NA,NA,NA,NA,NA,NA,NA,NA,NA,NA,12000,"2010"
"431","MacGregor Park Art Club","18","Local","1",8000,NA,NA,NA,NA,NA,NA,NA,NA,NA,NA,NA,NA,NA,NA,NA,NA,NA,NA,NA,NA,NA,8000,"2010"
"432","MacKenzieRo Productions","13","City-wide","1",6500,NA,NA,NA,NA,NA,NA,NA,NA,NA,NA,NA,NA,NA,NA,NA,NA,NA,NA,NA,NA,NA,6500,"2010"
"433","Madbakh Women's Initiative","3","City-wide","1",10000,10000,NA,NA,NA,NA,NA,NA,NA,NA,NA,NA,NA,NA,NA,NA,NA,NA,NA,NA,NA,NA,NA,"2010"
"434","Majlis Art Collective","19","City-wide","1",3000,NA,NA,NA,NA,NA,NA,NA,NA,NA,NA,NA,NA,NA,NA,NA,NA,NA,NA,NA,NA,NA,3000,"2010"
"435","Malvern Family Resource Centre","42","Local","5",227340,15000,21859,NA,NA,NA,NA,133825,NA,22400,NA,NA,NA,NA,NA,NA,NA,34256,NA,NA,NA,NA,NA,"2010"
"436","Malvern Youth Cabinet","42","Local","1",10000,NA,NA,NA,NA,NA,NA,NA,NA,NA,NA,NA,NA,10000,NA,NA,NA,NA,NA,NA,NA,NA,NA,"2010"
"437","Mammalian Diving Reflex","20","City-wide","1",22000,NA,NA,NA,NA,NA,NA,NA,NA,NA,NA,NA,NA,NA,NA,NA,NA,NA,NA,NA,NA,NA,22000,"2010"
"438","Manantial Neighbourhood Services","9","Area services","2",25345,10000,15345,NA,NA,NA,NA,NA,NA,NA,NA,NA,NA,NA,NA,NA,NA,NA,NA,NA,NA,NA,NA,"2010"
"439","Maple Leaf Theatre For Social Responsibility (Mixed Company Theatre)","28","City-wide","2",30347,NA,NA,NA,NA,NA,NA,NA,11522,NA,NA,NA,NA,NA,NA,NA,NA,NA,NA,NA,NA,NA,18825,"2010"
"440","Mariposa in the Schools","28","City-wide","1",15000,NA,NA,NA,NA,NA,NA,NA,NA,NA,NA,NA,NA,NA,NA,NA,NA,NA,NA,NA,NA,NA,15000,"2010"
"441","Massey Centre for Women","29","City-wide","2",79973.76,NA,NA,NA,NA,NA,NA,24735,NA,NA,NA,NA,55238.76,NA,NA,NA,NA,NA,NA,NA,NA,NA,NA,"2010"
"442","Mayworks","20","City-wide","1",23750,NA,NA,NA,NA,NA,NA,NA,NA,NA,NA,NA,NA,NA,NA,NA,NA,NA,NA,NA,NA,NA,23750,"2010"
"443","Median Contemporary","18","Area services","1",4000,NA,NA,NA,NA,NA,NA,NA,NA,NA,NA,NA,NA,NA,NA,NA,NA,NA,NA,NA,NA,NA,4000,"2010"
"444","Menaka Thakkar Dance Company","23","City-wide","1",23000,NA,NA,NA,NA,NA,NA,NA,NA,NA,NA,NA,NA,NA,NA,NA,NA,NA,NA,NA,NA,NA,23000,"2010"
"445","Mercer Union","18","City-wide","1",62000,NA,NA,NA,NA,NA,NA,NA,NA,NA,NA,NA,NA,NA,NA,NA,NA,NA,NA,NA,NA,NA,62000,"2010"
"446","Metro Toronto Wildcats Football Club","16","Local","1",3121,NA,NA,NA,NA,NA,NA,NA,NA,NA,NA,NA,NA,NA,NA,NA,3121,NA,NA,NA,NA,NA,NA,"2010"
"447","Metropolitan Action Committee on Violence Against Women & Children","20","City-wide","1",233255,NA,NA,NA,NA,NA,NA,233255,NA,NA,NA,NA,NA,NA,NA,NA,NA,NA,NA,NA,NA,NA,NA,"2010"
"448","Metropolitan United Church","27","Area services","1",55114.89,NA,NA,NA,NA,NA,NA,NA,NA,NA,NA,NA,55114.89,NA,NA,NA,NA,NA,NA,NA,NA,NA,NA,"2010"
"449","Mid Toronto Community Services Inc.","28","Area services","1",116385,NA,NA,NA,NA,NA,NA,116385,NA,NA,NA,NA,NA,NA,NA,NA,NA,NA,NA,NA,NA,NA,NA,"2010"
"450","Midaynta Community Services","22","City-wide","2",89288.32,NA,NA,NA,NA,NA,NA,31840,NA,NA,NA,NA,57448.32,NA,NA,NA,NA,NA,NA,NA,NA,NA,NA,"2010"
"451","Minor Empire","13","City-wide","1",2000,NA,NA,NA,NA,NA,NA,NA,NA,NA,NA,NA,NA,NA,NA,NA,NA,NA,NA,NA,NA,NA,2000,"2010"
"452","Miziwe Biik","27","City-wide","2",30995,10000,NA,NA,NA,20995,NA,NA,NA,NA,NA,NA,NA,NA,NA,NA,NA,NA,NA,NA,NA,NA,NA,"2010"
"453","Modern Times Stage Company","28","City-wide","1",15000,NA,NA,NA,NA,NA,NA,NA,NA,NA,NA,NA,NA,NA,NA,NA,NA,NA,NA,NA,NA,NA,15000,"2010"
"454","Momiji Health Care Society","36","City-wide","1",32695,NA,NA,NA,NA,NA,NA,32695,NA,NA,NA,NA,NA,NA,NA,NA,NA,NA,NA,NA,NA,NA,NA,"2010"
"455","Mood Disorders Association of Ontario and Metro Toronto","16","City-wide","1",15925,NA,NA,NA,NA,NA,NA,15925,NA,NA,NA,NA,NA,NA,NA,NA,NA,NA,NA,NA,NA,NA,NA,"2010"
"456","MOonhORsE dance theatre","20","City-wide","1",10300,NA,NA,NA,NA,NA,NA,NA,NA,NA,NA,NA,NA,NA,NA,NA,NA,NA,NA,NA,NA,NA,10300,"2010"
"457","Moore Park Lawn Bowling Club","27","Local","1",3000,NA,NA,NA,NA,NA,NA,NA,NA,NA,NA,NA,NA,NA,NA,NA,3000,NA,NA,NA,NA,NA,NA,"2010"
"458","Mooredale Concerts","27","City-wide","1",4500,NA,NA,NA,NA,NA,NA,NA,NA,NA,NA,NA,NA,NA,NA,NA,NA,NA,NA,NA,NA,NA,4500,"2010"
"459","Mornelle Court Residents Action Coalition","43","Area services","1",22000,NA,NA,22000,NA,NA,NA,NA,NA,NA,NA,NA,NA,NA,NA,NA,NA,NA,NA,NA,NA,NA,NA,"2010"
"460","Moving Company Performance Projects","6","City-wide","1",5000,NA,NA,NA,NA,NA,NA,NA,NA,NA,NA,NA,NA,NA,NA,NA,NA,NA,NA,NA,NA,NA,5000,"2010"
"461","Moyo Wa Africa","8*","Local","1",3000,NA,NA,NA,NA,NA,NA,NA,NA,NA,NA,NA,NA,NA,NA,NA,NA,NA,NA,NA,NA,NA,3000,"2010"
"462","Muay Thai Training Centres","20","Area services","1",2112,NA,NA,NA,NA,NA,NA,NA,NA,NA,NA,NA,NA,NA,NA,NA,2112,NA,NA,NA,NA,NA,NA,"2010"
"463","MUC Shelter Corporation (Sojourn House)","28","City-wide","1",110477.06,NA,NA,NA,NA,NA,NA,NA,NA,NA,NA,NA,110477.06,NA,NA,NA,NA,NA,NA,NA,NA,NA,NA,"2010"
"464","Muhtadi International Drumming Festival","21","City-wide","1",4000,NA,NA,NA,NA,NA,NA,NA,NA,NA,NA,NA,NA,NA,NA,NA,NA,NA,NA,NA,NA,NA,4000,"2010"
"465","Mujer, Latin American Women Organization","19","City-wide","1",15000,15000,NA,NA,NA,NA,NA,NA,NA,NA,NA,NA,NA,NA,NA,NA,NA,NA,NA,NA,NA,NA,NA,"2010"
"466","Mural Routes Inc.","36","City-wide","2",24300,NA,NA,NA,NA,NA,NA,NA,NA,NA,15300,NA,NA,NA,NA,NA,NA,NA,NA,NA,NA,NA,9000,"2010"
"467","Muse","14","City-wide","1",3500,NA,NA,NA,NA,NA,NA,NA,NA,NA,NA,NA,NA,NA,NA,NA,NA,NA,NA,NA,NA,NA,3500,"2010"
"468","Music Africa of Canada Inc.","20","City-wide","1",15000,NA,NA,NA,NA,NA,NA,NA,NA,NA,NA,NA,NA,NA,NA,NA,NA,NA,NA,NA,NA,NA,15000,"2010"
"469","Music Gallery","20","City-wide","1",79000,NA,NA,NA,NA,NA,NA,NA,NA,NA,NA,NA,NA,NA,NA,NA,NA,NA,NA,NA,NA,NA,79000,"2010"
"470","Music Mondays Community Series","27","City-wide","1",3500,NA,NA,NA,NA,NA,NA,NA,NA,NA,NA,NA,NA,NA,NA,NA,NA,NA,NA,NA,NA,NA,3500,"2010"
"471","Music Toronto","28","City-wide","1",91500,NA,NA,NA,NA,NA,NA,NA,NA,NA,NA,NA,NA,NA,NA,NA,NA,NA,NA,NA,NA,NA,91500,"2010"
"472","Myalgic Encephalomyelitis Association of Ontario (The)","29","City-wide","1",7435,NA,NA,NA,NA,NA,NA,7435,NA,NA,NA,NA,NA,NA,NA,NA,NA,NA,NA,NA,NA,NA,NA,"2010"
"473","Nagata Shachu","42","City-wide","1",6000,NA,NA,NA,NA,NA,NA,NA,NA,NA,NA,NA,NA,NA,NA,NA,NA,NA,NA,NA,NA,NA,6000,"2010"
"474","Na-Me-Res","21","Local","1",10000,NA,NA,NA,NA,NA,NA,NA,NA,NA,NA,NA,NA,NA,NA,NA,NA,NA,NA,NA,NA,NA,10000,"2010"
"475","Nathaniel Dett Chorale","15","City-wide","1",21000,NA,NA,NA,NA,NA,NA,NA,NA,NA,NA,NA,NA,NA,NA,NA,NA,NA,NA,NA,NA,NA,21000,"2010"
"476","National Ballet of Canada","20","City-wide","1",1148600,NA,NA,NA,1148600,NA,NA,NA,NA,NA,NA,NA,NA,NA,NA,NA,NA,NA,NA,NA,NA,NA,NA,"2010"
"477","National Ballet School","27","City-wide","1",137332,NA,NA,NA,137332,NA,NA,NA,NA,NA,NA,NA,NA,NA,NA,NA,NA,NA,NA,NA,NA,NA,NA,"2010"
"478","National Council of Jewish Women of Canada, Toronto Section","10","City-wide","1",18730,NA,NA,NA,NA,NA,NA,18730,NA,NA,NA,NA,NA,NA,NA,NA,NA,NA,NA,NA,NA,NA,NA,"2010"
"479","National Shevchenko Musical Ensemble","19","City-wide","1",5000,NA,NA,NA,NA,NA,NA,NA,NA,NA,NA,NA,NA,NA,NA,NA,NA,NA,NA,NA,NA,NA,5000,"2010"
"480","Native Canadian Centre of Toronto","20","City-wide","1",72160,NA,NA,NA,NA,NA,NA,72160,NA,NA,NA,NA,NA,NA,NA,NA,NA,NA,NA,NA,NA,NA,NA,"2010"
"481","Native Child and Family Services of Toronto","27","Area services","6",275583.74,NA,49037,NA,NA,NA,NA,81300,32425,NA,20810,NA,55238.74,NA,NA,NA,NA,36773,NA,NA,NA,NA,NA,"2010"
"482","Native Earth Performing Arts","28","City-wide","1",63000,NA,NA,NA,NA,NA,NA,NA,NA,NA,NA,NA,NA,NA,NA,NA,NA,NA,NA,NA,NA,NA,63000,"2010"
"483","Native Women in the Arts","20","City-wide","1",15500,NA,NA,NA,NA,NA,NA,NA,NA,NA,NA,NA,NA,NA,NA,NA,NA,NA,NA,NA,NA,NA,15500,"2010"
"484","Native Women's Resource Centre of Toronto","27","Local","2",90397.92,NA,NA,NA,NA,NA,NA,33965,NA,NA,NA,NA,56432.92,NA,NA,NA,NA,NA,NA,NA,NA,NA,NA,"2010"
"485","Nazareth House","19","Local","1",123097.82,NA,NA,NA,NA,NA,NA,NA,NA,NA,NA,NA,123097.82,NA,NA,NA,NA,NA,NA,NA,NA,NA,NA,"2010"
"486","Necessary Angel Theatre Company","20","City-wide","1",65000,NA,NA,NA,NA,NA,NA,NA,NA,NA,NA,NA,NA,NA,NA,NA,NA,NA,NA,NA,NA,NA,65000,"2010"
"487","Neighbourhood Information Centre","31","Area services","3",186092,NA,NA,NA,NA,NA,NA,95712,NA,25000,NA,NA,NA,NA,NA,NA,NA,NA,NA,NA,65380,NA,NA,"2010"
"488","Neighbourhood Information Post (NIP)","28","Area services","2",64234.39,NA,NA,NA,NA,NA,NA,36615,NA,NA,NA,NA,27619.39,NA,NA,NA,NA,NA,NA,NA,NA,NA,NA,"2010"
"489","Neighbourhood Link Support Services","32","Area services","3",247580.76,NA,NA,NA,NA,NA,NA,188180,NA,NA,NA,NA,55238.76,NA,NA,NA,4162,NA,NA,NA,NA,NA,NA,"2010"
"490","Network Integrated Street Entertainment","21","Local","1",10000,NA,NA,NA,NA,NA,NA,NA,NA,NA,NA,NA,NA,10000,NA,NA,NA,NA,NA,NA,NA,NA,NA,"2010"
"491","New Adventures In Sound Art","21","Local","1",13500,NA,NA,NA,NA,NA,NA,NA,NA,NA,NA,NA,NA,NA,NA,NA,NA,NA,NA,NA,NA,NA,13500,"2010"
"492","New Canadian Community Centre","24","City-wide","3",41050,NA,NA,NA,NA,NA,1000,38050,NA,NA,NA,NA,NA,NA,NA,NA,2000,NA,NA,NA,NA,NA,NA,"2010"
"493","New Music Concerts","28","City-wide","1",55000,NA,NA,NA,NA,NA,NA,NA,NA,NA,NA,NA,NA,NA,NA,NA,NA,NA,NA,NA,NA,NA,55000,"2010"
"494","New Teatro Theatre Company","22","City-wide","1",1500,NA,NA,NA,NA,NA,NA,NA,NA,NA,NA,NA,NA,NA,NA,NA,NA,NA,NA,NA,NA,NA,1500,"2010"
"495","Newcomer Women's Services Toronto","29","City-wide","1",38210,NA,NA,NA,NA,NA,NA,38210,NA,NA,NA,NA,NA,NA,NA,NA,NA,NA,NA,NA,NA,NA,NA,"2010"
"496","Nigeria Eagles Soccer Club of Toronto","11","City-wide","1",3121,NA,NA,NA,NA,NA,NA,NA,NA,NA,NA,NA,NA,NA,NA,NA,3121,NA,NA,NA,NA,NA,NA,"2010"
"497","Nightswimming","28","City-wide","1",14000,NA,NA,NA,NA,NA,NA,NA,NA,NA,NA,NA,NA,NA,NA,NA,NA,NA,NA,NA,NA,NA,14000,"2010"
"498","Nightwood Theatre","28","City-wide","1",63350,NA,NA,NA,NA,NA,NA,NA,NA,NA,NA,NA,NA,NA,NA,NA,NA,NA,NA,NA,NA,NA,63350,"2010"
"499","NM Laboratory of Performing Arts","18","City-wide","1",5000,NA,NA,NA,NA,NA,NA,NA,NA,NA,NA,NA,NA,NA,NA,NA,NA,NA,NA,NA,NA,NA,5000,"2010"
"500","North Toronto Lawn Bowling and Croquet Club","25","Local","1",4000,NA,NA,NA,NA,NA,NA,NA,NA,NA,NA,NA,NA,NA,NA,NA,4000,NA,NA,NA,NA,NA,NA,"2010"
"501","North York Community House","15","Area services","1",116010,NA,NA,NA,NA,NA,NA,116010,NA,NA,NA,NA,NA,NA,NA,NA,NA,NA,NA,NA,NA,NA,NA,"2010"
"502","North York Concert Orchestra","25","City-wide","1",2735,NA,NA,NA,NA,NA,NA,NA,NA,NA,NA,NA,NA,NA,NA,NA,NA,NA,NA,NA,NA,NA,2735,"2010"
"503","North York Emergency Home for Youth (Eva's Initiatives)","20","City-wide","3",61884,NA,27963,NA,NA,NA,NA,NA,30921,NA,NA,NA,NA,NA,NA,NA,3000,NA,NA,NA,NA,NA,NA,"2010"
"504","North York Harvest Food Bank","15","Area services","2",43630,NA,NA,NA,NA,NA,NA,21230,NA,22400,NA,NA,NA,NA,NA,NA,NA,NA,NA,NA,NA,NA,NA,"2010"
"505","North York Seniors Centre","23","Area services","1",82590,NA,NA,NA,NA,NA,NA,82590,NA,NA,NA,NA,NA,NA,NA,NA,NA,NA,NA,NA,NA,NA,NA,"2010"
"506","North York Women's Resource Centre","16","Area services","3",73365,NA,NA,28000,NA,NA,NA,41365,NA,NA,NA,NA,NA,NA,NA,NA,4000,NA,NA,NA,NA,NA,NA,"2010"
"507","Northern Visions Independent Film & Video Organization","20","Local","1",42000,NA,NA,NA,NA,NA,NA,NA,NA,NA,NA,NA,NA,NA,NA,NA,NA,NA,NA,NA,NA,NA,42000,"2010"
"508","Northwood Neighbourhood Services","11","Area services","1",42040,NA,NA,NA,NA,NA,NA,42040,NA,NA,NA,NA,NA,NA,NA,NA,NA,NA,NA,NA,NA,NA,NA,"2010"
"509","Obsidian Theatre Company","30","City-wide","1",39500,NA,NA,NA,NA,NA,NA,NA,NA,NA,NA,NA,NA,NA,NA,NA,NA,NA,NA,NA,NA,NA,39500,"2010"
"510","OCAD Professional Gallery","20","City-wide","1",3000,NA,NA,NA,NA,NA,NA,NA,NA,NA,NA,NA,NA,NA,NA,NA,NA,NA,NA,NA,NA,NA,3000,"2010"
"511","One Minute Film and Video Festival","27","City-wide","1",2000,NA,NA,NA,NA,NA,NA,NA,NA,NA,NA,NA,NA,NA,NA,NA,NA,NA,NA,NA,NA,NA,2000,"2010"
"512","One Spoon Productions","31","City-wide","1",4000,NA,NA,NA,NA,NA,NA,NA,NA,NA,NA,NA,NA,NA,NA,NA,NA,NA,NA,NA,NA,NA,4000,"2010"
"513","Ontario Association of Art Galleries","20","City-wide","1",12000,NA,NA,NA,NA,NA,NA,NA,NA,NA,NA,NA,NA,NA,NA,NA,NA,NA,NA,NA,NA,NA,12000,"2010"
"514","Ontario Community Centre for the Deaf (The)","25","City-wide","1",12240,NA,NA,NA,NA,NA,NA,12240,NA,NA,NA,NA,NA,NA,NA,NA,NA,NA,NA,NA,NA,NA,NA,"2010"
"515","Ontario Council of Agencies Serving Immigrants","16","City-wide","1",25500,NA,NA,NA,NA,NA,NA,25500,NA,NA,NA,NA,NA,NA,NA,NA,NA,NA,NA,NA,NA,NA,NA,"2010"
"516","Ontario Crafts Council","19","City-wide","1",3500,NA,NA,NA,NA,NA,NA,NA,NA,NA,NA,NA,NA,NA,NA,NA,NA,NA,NA,NA,NA,NA,3500,"2010"
"517","Ontario Steelpan Association","33","City-wide","1",4000,NA,NA,NA,NA,NA,NA,NA,NA,NA,NA,NA,NA,NA,NA,NA,NA,NA,NA,NA,NA,NA,4000,"2010"
"518","Oolagen Community Services","27","City-wide","1",31794.39,NA,NA,NA,NA,NA,NA,NA,NA,NA,NA,NA,31794.39,NA,NA,NA,NA,NA,NA,NA,NA,NA,NA,"2010"
"519","Open Door Storytelling Project","12*","Local","1",2750,NA,NA,NA,NA,NA,NA,NA,NA,NA,NA,NA,NA,NA,NA,NA,NA,NA,NA,NA,NA,NA,2750,"2010"
"520","Open Studio","20","City-wide","1",65000,NA,NA,NA,NA,NA,NA,NA,NA,NA,NA,NA,NA,NA,NA,NA,NA,NA,NA,NA,NA,NA,65000,"2010"
"521","Opera Atelier","28","City-wide","1",58760,NA,NA,NA,NA,NA,NA,NA,NA,NA,NA,NA,NA,NA,NA,NA,NA,NA,NA,NA,NA,NA,58760,"2010"
"522","Opera In Concert","30","City-wide","1",25500,NA,NA,NA,NA,NA,NA,NA,NA,NA,NA,NA,NA,NA,NA,NA,NA,NA,NA,NA,NA,NA,25500,"2010"
"523","Opportunity for Advancement","20","City-wide","1",42455,NA,NA,NA,NA,NA,NA,42455,NA,NA,NA,NA,NA,NA,NA,NA,NA,NA,NA,NA,NA,NA,NA,"2010"
"524","Orchestra Toronto","23","City-wide","1",18000,NA,NA,NA,NA,NA,NA,NA,NA,NA,NA,NA,NA,NA,NA,NA,NA,NA,NA,NA,NA,NA,18000,"2010"
"525","Organization of Calypso Performing Artistes","11","City-wide","1",3000,NA,NA,NA,NA,NA,NA,NA,NA,NA,NA,NA,NA,NA,NA,NA,NA,NA,NA,NA,NA,NA,3000,"2010"
"526","Organix Concerts","20","City-wide","1",3000,NA,NA,NA,NA,NA,NA,NA,NA,NA,NA,NA,NA,NA,NA,NA,NA,NA,NA,NA,NA,NA,3000,"2010"
"527","Oriana Women's Choir","4","City-wide","1",7000,NA,NA,NA,NA,NA,NA,NA,NA,NA,NA,NA,NA,NA,NA,NA,NA,NA,NA,NA,NA,NA,7000,"2010"
"528","Oromo Canadian Community Association of GTA","11","City-wide","1",27600,NA,NA,NA,NA,NA,NA,27600,NA,NA,NA,NA,NA,NA,NA,NA,NA,NA,NA,NA,NA,NA,NA,"2010"
"529","Orpheus Choir of Toronto","16*","City-wide","1",9117,NA,NA,NA,NA,NA,NA,NA,NA,NA,NA,NA,NA,NA,NA,NA,NA,NA,NA,NA,NA,NA,9117,"2010"
"530","OurRegentPark Media Arts Facilitation Group","28*","Local","1",4750,NA,NA,NA,NA,NA,NA,NA,NA,NA,NA,NA,NA,NA,NA,NA,NA,NA,NA,NA,NA,NA,4750,"2010"
"531","Outerregion","20","City-wide","1",1500,NA,NA,NA,NA,NA,NA,NA,NA,NA,NA,NA,NA,NA,NA,NA,NA,NA,NA,NA,NA,NA,1500,"2010"
"532","Outspoke Productions","14","City-wide","1",5000,NA,NA,NA,NA,NA,NA,NA,NA,NA,NA,NA,NA,NA,NA,NA,NA,NA,NA,NA,NA,NA,5000,"2010"
"533","P.A.D. - Parent Action on Drugs","9","City-wide","1",19305,NA,NA,NA,NA,NA,NA,NA,19305,NA,NA,NA,NA,NA,NA,NA,NA,NA,NA,NA,NA,NA,NA,"2010"
"534","PACT","20","City-wide","1",4630,NA,NA,NA,NA,NA,NA,NA,NA,NA,NA,NA,NA,NA,NA,NA,NA,NA,NA,NA,NA,NA,4630,"2010"
"535","PAL Reading Services Inc.","27","City-wide","1",14120,NA,NA,NA,NA,NA,NA,14120,NA,NA,NA,NA,NA,NA,NA,NA,NA,NA,NA,NA,NA,NA,NA,"2010"
"536","Pan Trinbago Steelband Assoc. of Ontario","32","City-wide","1",9000,NA,NA,NA,NA,NA,NA,NA,NA,NA,NA,NA,NA,NA,NA,NA,NA,NA,NA,NA,NA,NA,9000,"2010"
"537","Pape Adolescent Resource Centre c/o Children’s Aid Society Of Toronto","30","City-wide","1",15070,NA,15070,NA,NA,NA,NA,NA,NA,NA,NA,NA,NA,NA,NA,NA,NA,NA,NA,NA,NA,NA,NA,"2010"
"538","Paprika Festival","21","City-wide","1",10000,NA,NA,NA,NA,NA,NA,NA,NA,NA,NA,NA,NA,NA,NA,NA,NA,NA,NA,NA,NA,NA,10000,"2010"
"539","Parent Education Network","5","Area services","1",23035,NA,NA,NA,NA,NA,NA,23035,NA,NA,NA,NA,NA,NA,NA,NA,NA,NA,NA,NA,NA,NA,NA,"2010"
"540","Parkdale Activity-Recreation Centre","14","Local","2",23000,15000,NA,NA,NA,NA,NA,NA,NA,NA,NA,NA,NA,NA,NA,NA,NA,NA,NA,NA,NA,NA,8000,"2010"
"541","Parkdale Beauty Pageant Society","14*","Local","1",3500,NA,NA,NA,NA,NA,NA,NA,NA,NA,NA,NA,NA,NA,NA,NA,NA,NA,NA,NA,NA,NA,3500,"2010"
"542","Parkdale Community Health Centre","14","Area services","2",95465,NA,74235,NA,NA,NA,NA,21230,NA,NA,NA,NA,NA,NA,NA,NA,NA,NA,NA,NA,NA,NA,NA,"2010"
"543","Parkdale Community Information Centre (PCIC)","14","Local","1",24590,NA,NA,NA,NA,NA,NA,24590,NA,NA,NA,NA,NA,NA,NA,NA,NA,NA,NA,NA,NA,NA,NA,"2010"
"544","Parkdale Golden Age Foundation","14","Area services","2",51616,NA,NA,NA,NA,NA,NA,47975,NA,NA,NA,NA,NA,NA,NA,NA,3641,NA,NA,NA,NA,NA,NA,"2010"
"545","Parkdale Intercultural Association","14","Local","2",33230,12000,NA,NA,NA,NA,NA,21230,NA,NA,NA,NA,NA,NA,NA,NA,NA,NA,NA,NA,NA,NA,NA,"2010"
"546","Parkdale Liberty Economic Development Corporation","14","Area services","1",6701,NA,NA,NA,NA,NA,6701,NA,NA,NA,NA,NA,NA,NA,NA,NA,NA,NA,NA,NA,NA,NA,NA,"2010"
"547","Parkdale Young Writers' Group","14*","Local","1",10000,NA,NA,NA,NA,NA,NA,NA,NA,NA,NA,NA,NA,NA,NA,NA,NA,NA,NA,NA,NA,NA,10000,"2010"
"548","Passerelle Intégration et Développement Économiques","27","City-wide","2",54805,15000,NA,NA,NA,NA,NA,39805,NA,NA,NA,NA,NA,NA,NA,NA,NA,NA,NA,NA,NA,NA,NA,"2010"
"549","Pax Christi Chorale","25","City-wide","1",9250,NA,NA,NA,NA,NA,NA,NA,NA,NA,NA,NA,NA,NA,NA,NA,NA,NA,NA,NA,NA,NA,9250,"2010"
"550","PEACH   Promoting Education and Community Health","7","Area services","1",45900,NA,NA,NA,NA,NA,NA,45900,NA,NA,NA,NA,NA,NA,NA,NA,NA,NA,NA,NA,NA,NA,NA,"2010"
"551","Peggy Baker Dance Projects","19","City-wide","1",15000,NA,NA,NA,NA,NA,NA,NA,NA,NA,NA,NA,NA,NA,NA,NA,NA,NA,NA,NA,NA,NA,15000,"2010"
"552","Penthelia Singers","32","City-wide","1",1000,NA,NA,NA,NA,NA,NA,NA,NA,NA,NA,NA,NA,NA,NA,NA,NA,NA,NA,NA,NA,NA,1000,"2010"
"553","People and Organizations in North Toronto (P.O.I.N.T)","16","Area services","2",4995,NA,NA,NA,NA,NA,NA,2895,NA,NA,NA,NA,NA,NA,NA,NA,2100,NA,NA,NA,NA,NA,NA,"2010"
"554","People To People Aid Organization (Canada) Inc","32","City-wide","1",10286,NA,10286,NA,NA,NA,NA,NA,NA,NA,NA,NA,NA,NA,NA,NA,NA,NA,NA,NA,NA,NA,NA,"2010"
"555","Phil-Can Athletic Club","41","City-wide","1",5500,NA,NA,NA,NA,NA,NA,NA,NA,NA,NA,NA,NA,NA,NA,NA,5500,NA,NA,NA,NA,NA,NA,"2010"
"556","Piano Six Foundation","28*","Local","1",1000,NA,NA,NA,NA,NA,NA,NA,NA,NA,NA,NA,NA,NA,NA,NA,NA,NA,NA,NA,NA,NA,1000,"2010"
"557","PKM Jayanti Festival","20","City-wide","1",2000,NA,NA,NA,NA,NA,NA,NA,NA,NA,NA,NA,NA,NA,NA,NA,NA,NA,NA,NA,NA,NA,2000,"2010"
"558","Planet In Focus","28","City-wide","2",32995,NA,NA,NA,NA,20995,NA,NA,NA,NA,NA,NA,NA,NA,NA,NA,NA,NA,NA,NA,NA,NA,12000,"2010"
"559","Playwrights Guild of Canada","20","City-wide","1",22000,NA,NA,NA,NA,NA,NA,NA,NA,NA,NA,NA,NA,NA,NA,NA,NA,NA,NA,NA,NA,NA,22000,"2010"
"560","Pleiades Theatre","28","City-wide","1",17000,NA,NA,NA,NA,NA,NA,NA,NA,NA,NA,NA,NA,NA,NA,NA,NA,NA,NA,NA,NA,NA,17000,"2010"
"561","PofT Collective","31","City-wide","1",5000,NA,NA,NA,NA,NA,NA,NA,NA,NA,NA,NA,NA,NA,NA,NA,NA,NA,NA,NA,NA,NA,5000,"2010"
"562","Polycultural Immigrant and Community Services","5","Area services","1",26415,NA,NA,NA,NA,NA,NA,26415,NA,NA,NA,NA,NA,NA,NA,NA,NA,NA,NA,NA,NA,NA,NA,"2010"
"563","Portuguese Women 55 Plus Support Group of Ontario","19","Area services","1",4675,NA,NA,NA,NA,NA,NA,4675,NA,NA,NA,NA,NA,NA,NA,NA,NA,NA,NA,NA,NA,NA,NA,"2010"
"564","Power In Numbers","38","Area services","1",9449,NA,NA,NA,NA,NA,NA,NA,NA,NA,NA,NA,NA,9449,NA,NA,NA,NA,NA,NA,NA,NA,NA,"2010"
"565","Power Plant","20","City-wide","1",141240,NA,NA,NA,NA,NA,NA,NA,NA,NA,NA,NA,NA,NA,NA,NA,NA,NA,NA,NA,NA,NA,141240,"2010"
"566","Praxis Theatre","32","City-wide","1",6500,NA,NA,NA,NA,NA,NA,NA,NA,NA,NA,NA,NA,NA,NA,NA,NA,NA,NA,NA,NA,NA,6500,"2010"
"567","Prefix Institute of Contemporary Art","20","City-wide","1",17000,NA,NA,NA,NA,NA,NA,NA,NA,NA,NA,NA,NA,NA,NA,NA,NA,NA,NA,NA,NA,NA,17000,"2010"
"568","Pride Toronto","27","City-wide","1",123807,NA,NA,NA,123807,NA,NA,NA,NA,NA,NA,NA,NA,NA,NA,NA,NA,NA,NA,NA,NA,NA,NA,"2010"
"569","princess productions","18","City-wide","1",14000,NA,NA,NA,NA,NA,NA,NA,NA,NA,NA,NA,NA,NA,NA,NA,NA,NA,NA,NA,NA,NA,14000,"2010"
"570","Prisoners With HIV/AIDS Support Action Network","27","City-wide","2",200561,NA,141434,NA,NA,NA,NA,NA,59127,NA,NA,NA,NA,NA,NA,NA,NA,NA,NA,NA,NA,NA,NA,"2010"
"571","ProArteDanza","20","City-wide","1",10000,NA,NA,NA,NA,NA,NA,NA,NA,NA,NA,NA,NA,NA,NA,NA,NA,NA,NA,NA,NA,NA,10000,"2010"
"572","Project Builder Arts Guild","20","City-wide","1",2000,NA,NA,NA,NA,NA,NA,NA,NA,NA,NA,NA,NA,NA,NA,NA,NA,NA,NA,NA,NA,NA,2000,"2010"
"573","Project CANOE","30","City-wide","1",16646,NA,NA,NA,NA,NA,NA,NA,NA,NA,NA,NA,NA,NA,NA,NA,16646,NA,NA,NA,NA,NA,NA,"2010"
"574","Project Youthtube","20","City-wide","1",5000,5000,NA,NA,NA,NA,NA,NA,NA,NA,NA,NA,NA,NA,NA,NA,NA,NA,NA,NA,NA,NA,NA,"2010"
"575","Project: Humanity Inc.","1*","Local","1",2500,NA,NA,NA,NA,NA,NA,NA,NA,NA,NA,NA,NA,NA,NA,NA,NA,NA,NA,NA,NA,NA,2500,"2010"
"576","Prologue to the Performing Arts","28","City-wide","1",20000,NA,NA,NA,NA,NA,NA,NA,NA,NA,NA,NA,NA,NA,NA,NA,NA,NA,NA,NA,NA,NA,20000,"2010"
"577","Prosserman Jewish Community Centre","10","City-wide","2",16110,NA,NA,NA,NA,NA,NA,12110,NA,NA,NA,NA,NA,NA,NA,NA,4000,NA,NA,NA,NA,NA,NA,"2010"
"578","ProTech Media Centre by Community Microskills","1","Local","1",41000,NA,NA,NA,NA,NA,NA,NA,NA,NA,NA,NA,NA,NA,NA,NA,NA,NA,41000,NA,NA,NA,NA,"2010"
"579","Public Recordings Performance Projects","22","City-wide","1",5000,NA,NA,NA,NA,NA,NA,NA,NA,NA,NA,NA,NA,NA,NA,NA,NA,NA,NA,NA,NA,NA,5000,"2010"
"580","Puppetmongers","30","City-wide","1",19000,NA,NA,NA,NA,NA,NA,NA,NA,NA,NA,NA,NA,NA,NA,NA,NA,NA,NA,NA,NA,NA,19000,"2010"
"581","Queen Of Puddings Music Theatre Co.","28","City-wide","1",32500,NA,NA,NA,NA,NA,NA,NA,NA,NA,NA,NA,NA,NA,NA,NA,NA,NA,NA,NA,NA,NA,32500,"2010"
"582","R3: Roots Rythyms Resistance Artists' Collective","17","City-wide","1",5600,NA,NA,NA,NA,NA,NA,NA,NA,NA,NA,NA,NA,NA,NA,NA,NA,NA,NA,NA,NA,NA,5600,"2010"
"583","Raging Asian Women Taiko Drummers","21","City-wide","1",4000,NA,NA,NA,NA,NA,NA,NA,NA,NA,NA,NA,NA,NA,NA,NA,NA,NA,NA,NA,NA,NA,4000,"2010"
"584","Ralph Thornton Centre","30","Local","4",64911,NA,NA,NA,NA,NA,NA,30940,NA,NA,19145,NA,NA,NA,NA,NA,5826,NA,NA,NA,NA,NA,9000,"2010"
"585","Reason d'etre dance productions","14","City-wide","1",5000,NA,NA,NA,NA,NA,NA,NA,NA,NA,NA,NA,NA,NA,NA,NA,NA,NA,NA,NA,NA,NA,5000,"2010"
"586","Red Diva","18","City-wide","1",10000,NA,NA,NA,NA,NA,NA,NA,NA,NA,NA,NA,NA,NA,NA,NA,NA,NA,NA,NA,NA,NA,10000,"2010"
"587","Red Light District","20","City-wide","1",1500,NA,NA,NA,NA,NA,NA,NA,NA,NA,NA,NA,NA,NA,NA,NA,NA,NA,NA,NA,NA,NA,1500,"2010"
"588","Red Pepper Spectacle Arts","19","Area services","1",29000,NA,NA,NA,NA,NA,NA,NA,NA,NA,NA,NA,NA,NA,NA,NA,NA,NA,NA,NA,NA,NA,29000,"2010"
"589","Red Slam Collective","27*","Area services","1",9000,NA,NA,NA,NA,NA,NA,NA,NA,NA,NA,NA,NA,NA,NA,NA,NA,NA,NA,NA,NA,NA,9000,"2010"
"590","Red Snow Collective","34","City-wide","1",10000,NA,NA,NA,NA,NA,NA,NA,NA,NA,NA,NA,NA,NA,NA,NA,NA,NA,NA,NA,NA,NA,10000,"2010"
"591","Red Tree","14*","Local","1",8000,NA,NA,NA,NA,NA,NA,NA,NA,NA,NA,NA,NA,NA,NA,NA,NA,NA,NA,NA,NA,NA,8000,"2010"
"592","Red Wagon Collective","14*","Local","1",8000,NA,NA,NA,NA,NA,NA,NA,NA,NA,NA,NA,NA,NA,NA,NA,NA,NA,NA,NA,NA,NA,8000,"2010"
"593","Regent Park Community Health Centre","28","Area services","1",4988,NA,NA,NA,NA,NA,NA,NA,4988,NA,NA,NA,NA,NA,NA,NA,NA,NA,NA,NA,NA,NA,NA,"2010"
"594","Regent Park Film Festival","28*","Local","2",14762,NA,NA,NA,NA,NA,4762,NA,NA,NA,NA,NA,NA,NA,NA,NA,NA,NA,NA,NA,NA,NA,10000,"2010"
"595","Regent Park Focus","28","Local","2",67403,NA,NA,NA,NA,NA,NA,NA,39403,NA,NA,NA,NA,NA,NA,NA,NA,NA,NA,NA,NA,NA,28000,"2010"
"596","Regent Park School of Music","28","Area services","1",15000,NA,NA,NA,NA,NA,NA,NA,NA,NA,NA,NA,NA,NA,NA,NA,NA,NA,NA,NA,NA,NA,15000,"2010"
"597","Remix Project (The)","4","City-wide","1",41000,NA,NA,NA,NA,NA,NA,NA,NA,NA,NA,NA,NA,NA,NA,NA,NA,NA,41000,NA,NA,NA,NA,"2010"
"598","Rexdale Community Health Centre","2","Area services","4",195524,NA,NA,26000,NA,NA,NA,137975,15949,NA,15600,NA,NA,NA,NA,NA,NA,NA,NA,NA,NA,NA,NA,"2010"
"599","Rexdale Women's Centre","1","Area services","3",57835,18000,NA,NA,NA,NA,NA,34835,NA,NA,NA,NA,NA,NA,NA,NA,5000,NA,NA,NA,NA,NA,NA,"2010"
"600","Rina Singha Kathak Dance Organization","30","City-wide","1",3000,NA,NA,NA,NA,NA,NA,NA,NA,NA,NA,NA,NA,NA,NA,NA,NA,NA,NA,NA,NA,NA,3000,"2010"
"601","Rogue Wave","28","City-wide","1",2000,NA,NA,NA,NA,NA,NA,NA,NA,NA,NA,NA,NA,NA,NA,NA,NA,NA,NA,NA,NA,NA,2000,"2010"
"602","Roseneath Theatre","18","City-wide","1",57000,NA,NA,NA,NA,NA,NA,NA,NA,NA,NA,NA,NA,NA,NA,NA,NA,NA,NA,NA,NA,NA,57000,"2010"
"603","Rouge Valley Foundation","42","Local","1",2500,NA,NA,NA,NA,NA,2500,NA,NA,NA,NA,NA,NA,NA,NA,NA,NA,NA,NA,NA,NA,NA,NA,"2010"
"604","Rowers Pub Reading Series Inc.","20","City-wide","1",2750,NA,NA,NA,NA,NA,NA,NA,NA,NA,NA,NA,NA,NA,NA,NA,NA,NA,NA,NA,NA,NA,2750,"2010"
"605","Royal Agricultural Winter Fair","19","City-wide","1",939110,NA,NA,NA,NA,NA,NA,NA,NA,NA,NA,NA,NA,NA,939110,NA,NA,NA,NA,NA,NA,NA,NA,"2010"
"606","Russian-Canadian Theatrical Community Centre","8","City-wide","1",5680,NA,NA,NA,NA,NA,NA,NA,NA,NA,NA,NA,NA,NA,NA,NA,NA,NA,NA,NA,NA,NA,5680,"2010"
"607","Ryerson Gallery and Research Centre","27","City-wide","1",4000,NA,NA,NA,NA,NA,NA,NA,NA,NA,NA,NA,NA,NA,NA,NA,NA,NA,NA,NA,NA,NA,4000,"2010"
"608","Salon du Livre de Toronto","8","City-wide","1",5000,NA,NA,NA,NA,NA,NA,NA,NA,NA,NA,NA,NA,NA,NA,NA,NA,NA,NA,NA,NA,NA,5000,"2010"
"609","Salvador Allende Arts Festival for Peace","21","Area services","1",8000,NA,NA,NA,NA,NA,NA,NA,NA,NA,NA,NA,NA,NA,NA,NA,NA,NA,NA,NA,NA,NA,8000,"2010"
"610","San Lorenzo Latin American Comm. Ctre","15","City-wide","1",2500,NA,NA,NA,NA,NA,NA,NA,NA,NA,NA,NA,NA,NA,NA,NA,NA,NA,NA,NA,NA,NA,2500,"2010"
"611","San Romanoway Revitalization Association","8","Local","2",82945,NA,NA,NA,NA,NA,NA,70945,NA,NA,NA,NA,NA,NA,NA,NA,NA,NA,NA,NA,NA,NA,12000,"2010"
"612","Sanctuary Ministries","27","City-wide","1",2000,NA,NA,NA,NA,NA,NA,NA,NA,NA,NA,NA,NA,NA,NA,NA,NA,NA,NA,NA,NA,NA,2000,"2010"
"613","Scadding Court Community Centre","20","Local","5",209691,25000,NA,NA,NA,NA,NA,98975,13313,NA,13100,NA,NA,NA,NA,NA,NA,59303,NA,NA,NA,NA,NA,"2010"
"614","Scaramella Concerts","13","City-wide","1",3000,NA,NA,NA,NA,NA,NA,NA,NA,NA,NA,NA,NA,NA,NA,NA,NA,NA,NA,NA,NA,NA,3000,"2010"
"615","Scarborough Access Centre","38","Area services","1",31200,NA,NA,31200,NA,NA,NA,NA,NA,NA,NA,NA,NA,NA,NA,NA,NA,NA,NA,NA,NA,NA,NA,"2010"
"616","Scarborough Arts Council","36","Area services","1",113405,NA,NA,NA,NA,NA,NA,NA,NA,NA,NA,NA,NA,NA,113405,NA,NA,NA,NA,NA,NA,NA,NA,"2010"
"617","Scarborough Bluffs Music","43*","Local","1",7000,NA,NA,NA,NA,NA,NA,NA,NA,NA,NA,NA,NA,NA,NA,NA,NA,NA,NA,NA,NA,NA,7000,"2010"
"618","Scarborough Philharmonic Orchestra","36","Area services","1",18000,NA,NA,NA,NA,NA,NA,NA,NA,NA,NA,NA,NA,NA,NA,NA,NA,NA,NA,NA,NA,NA,18000,"2010"
"619","Scarborough Support Services for the Elderly Inc (newly named as Transcare Community Support Services)","39","Area services","2",74275,NA,NA,NA,NA,NA,NA,43060,NA,NA,NA,NA,NA,NA,NA,NA,NA,NA,NA,NA,31215,NA,NA,"2010"
"620","Scarborough Sweet Adelines","40*","Local","1",960,NA,NA,NA,NA,NA,NA,NA,NA,NA,NA,NA,NA,NA,NA,NA,NA,NA,NA,NA,NA,NA,960,"2010"
"621","Scarborough Village Youth Services c/o East Scarborough Boys and Girls Club","43","Local","1",26010,NA,NA,NA,NA,NA,NA,NA,NA,NA,NA,NA,NA,NA,NA,NA,NA,NA,26010,NA,NA,NA,NA,"2010"
"622","Scarborough Women's Centre","38","Area services","2",63280,NA,NA,30600,NA,NA,NA,32680,NA,NA,NA,NA,NA,NA,NA,NA,NA,NA,NA,NA,NA,NA,NA,"2010"
"623","Schools Without Borders","14","City-wide","1",104040,NA,104040,NA,NA,NA,NA,NA,NA,NA,NA,NA,NA,NA,NA,NA,NA,NA,NA,NA,NA,NA,NA,"2010"
"624","Scream Literary Festival","20","City-wide","1",12000,NA,NA,NA,NA,NA,NA,NA,NA,NA,NA,NA,NA,NA,NA,NA,NA,NA,NA,NA,NA,NA,12000,"2010"
"625","SEAS Centre (Support Enhance Access Services Centre)","28","City-wide","2",79885,10800,NA,NA,NA,NA,NA,69085,NA,NA,NA,NA,NA,NA,NA,NA,NA,NA,NA,NA,NA,NA,NA,"2010"
"626","Second Mile Club Of Toronto (The)","20","City-wide","2",62616,NA,NA,NA,NA,NA,NA,58455,NA,NA,NA,NA,NA,NA,NA,NA,4161,NA,NA,NA,NA,NA,NA,"2010"
"627","Self Help Resource Centre","16","City-wide","1",13805,NA,NA,NA,NA,NA,NA,13805,NA,NA,NA,NA,NA,NA,NA,NA,NA,NA,NA,NA,NA,NA,NA,"2010"
"628","Senior Adult Services in the Annex","20","Local","2",27516,NA,NA,NA,NA,NA,NA,23355,NA,NA,NA,NA,NA,NA,NA,NA,4161,NA,NA,NA,NA,NA,NA,"2010"
"629","Senior Peoples' Resources in North Toronto (SPRINT)","22","Area services","1",87585,NA,NA,NA,NA,NA,NA,87585,NA,NA,NA,NA,NA,NA,NA,NA,NA,NA,NA,NA,NA,NA,NA,"2010"
"630","Seniors Tamils' Centre of Ontario","41","City-wide","2",53000,NA,NA,NA,NA,NA,NA,51000,NA,NA,NA,NA,NA,NA,NA,NA,2000,NA,NA,NA,NA,NA,NA,"2010"
"631","Series 8:08","18","City-wide","1",12000,NA,NA,NA,NA,NA,NA,NA,NA,NA,NA,NA,NA,NA,NA,NA,NA,NA,NA,NA,NA,NA,12000,"2010"
"632","Serve Canada Youth Service Organization","28","City-wide","1",19000,19000,NA,NA,NA,NA,NA,NA,NA,NA,NA,NA,NA,NA,NA,NA,NA,NA,NA,NA,NA,NA,NA,"2010"
"633","Shadowland Theatre","28","Local","2",26509,NA,NA,NA,NA,NA,NA,NA,10509,NA,NA,NA,NA,NA,NA,NA,NA,NA,NA,NA,NA,NA,16000,"2010"
"634","Shakespeare In Action","7*","Local","1",7000,NA,NA,NA,NA,NA,NA,NA,NA,NA,NA,NA,NA,NA,NA,NA,NA,NA,NA,NA,NA,NA,7000,"2010"
"635","Shakespeare Link Canada","28","City-wide","1",6500,NA,NA,NA,NA,NA,NA,NA,NA,NA,NA,NA,NA,NA,NA,NA,NA,NA,NA,NA,NA,NA,6500,"2010"
"636","Shakespearience Performing Arts","28*","Local","1",9000,NA,NA,NA,NA,NA,NA,NA,NA,NA,NA,NA,NA,NA,NA,NA,NA,NA,NA,NA,NA,NA,9000,"2010"
"637","Sherbourne Health Centre: Supporting Our Youth Program","28","City-wide","2",12700,7000,NA,NA,NA,NA,NA,NA,NA,NA,NA,NA,NA,NA,NA,NA,NA,NA,NA,NA,NA,NA,5700,"2010"
"638","Silent Voice Canada","22","City-wide","2",31446,NA,NA,NA,NA,NA,NA,28325,NA,NA,NA,NA,NA,NA,NA,NA,3121,NA,NA,NA,NA,NA,NA,"2010"
"639","Sinfonia Toronto","24","City-wide","1",7940,NA,NA,NA,NA,NA,NA,NA,NA,NA,NA,NA,NA,NA,NA,NA,NA,NA,NA,NA,NA,NA,7940,"2010"
"640","Sir William Campbell House Museum","20","City-wide","1",35959.08,NA,NA,NA,NA,NA,NA,NA,NA,NA,NA,NA,NA,NA,NA,35959.08,NA,NA,NA,NA,NA,NA,NA,"2010"
"641","Sister 2 Sister","1","Local","1",9490,NA,NA,NA,NA,NA,NA,NA,NA,NA,NA,NA,NA,9490,NA,NA,NA,NA,NA,NA,NA,NA,NA,"2010"
"642","Sistering-A Woman’s Place","19","City-wide","2",38063,NA,34063,NA,NA,NA,NA,NA,NA,NA,NA,NA,NA,NA,NA,NA,NA,NA,NA,NA,NA,NA,4000,"2010"
"643","SKETCH Working Arts For Street Involved & Homeless Youth","20","City-wide","3",127685,7000,NA,NA,NA,NA,NA,NA,81685,NA,NA,NA,NA,NA,NA,NA,NA,NA,NA,NA,NA,NA,39000,"2010"
"644","Small Theatre Administrative Facility","20","City-wide","1",20000,NA,NA,NA,NA,NA,NA,NA,NA,NA,NA,NA,NA,NA,NA,NA,NA,NA,NA,NA,NA,NA,20000,"2010"
"645","Small World Music Society","14","City-wide","2",31500,NA,NA,NA,NA,NA,4000,NA,NA,NA,NA,NA,NA,NA,NA,NA,NA,NA,NA,NA,NA,NA,27500,"2010"
"646","Smile Company","28","Area services","1",22500,NA,NA,NA,NA,NA,NA,NA,NA,NA,NA,NA,NA,NA,NA,NA,NA,NA,NA,NA,NA,NA,22500,"2010"
"647","Social Housing Hispanic Tenants Association","17","Local","1",7000,NA,NA,NA,NA,NA,NA,NA,NA,NA,NA,NA,NA,NA,NA,NA,NA,NA,NA,NA,NA,NA,7000,"2010"
"648","Society of Sharing: Inner City Volunteers","27","Area services","1",14655,NA,NA,NA,NA,NA,NA,14655,NA,NA,NA,NA,NA,NA,NA,NA,NA,NA,NA,NA,NA,NA,NA,"2010"
"649","Somali Business Development Centre","11","Local","2",4955,NA,NA,NA,NA,NA,2655,NA,NA,NA,NA,NA,NA,NA,NA,NA,NA,NA,NA,NA,NA,NA,2300,"2010"
"650","Somali Canadian Association of Etobicoke","2","Area services","1",21230,NA,NA,NA,NA,NA,NA,21230,NA,NA,NA,NA,NA,NA,NA,NA,NA,NA,NA,NA,NA,NA,NA,"2010"
"651","Somali Immigrant Aid Organization","11","Area services","1",21870,NA,NA,NA,NA,NA,NA,21870,NA,NA,NA,NA,NA,NA,NA,NA,NA,NA,NA,NA,NA,NA,NA,"2010"
"652","Somali Women and Children's Support Network","2","City-wide","1",36940,NA,NA,NA,NA,NA,NA,36940,NA,NA,NA,NA,NA,NA,NA,NA,NA,NA,NA,NA,NA,NA,NA,"2010"
"653","Somali Youth Association of Toronto","2","Local","1",31200,NA,NA,31200,NA,NA,NA,NA,NA,NA,NA,NA,NA,NA,NA,NA,NA,NA,NA,NA,NA,NA,NA,"2010"
"654","Sometimes Y Theatre","29","City-wide","1",7000,NA,NA,NA,NA,NA,NA,NA,NA,NA,NA,NA,NA,NA,NA,NA,NA,NA,NA,NA,NA,NA,7000,"2010"
"655","Somewhere There Creative Music Presentation","18","City-wide","1",4000,NA,NA,NA,NA,NA,NA,NA,NA,NA,NA,NA,NA,NA,NA,NA,NA,NA,NA,NA,NA,NA,4000,"2010"
"656","Songwriters Expo","14*","Local","1",2500,NA,NA,NA,NA,NA,NA,NA,NA,NA,NA,NA,NA,NA,NA,NA,NA,NA,NA,NA,NA,NA,2500,"2010"
"657","Soulpepper Theatre Company","28","City-wide","1",146500,NA,NA,NA,NA,NA,NA,NA,NA,NA,NA,NA,NA,NA,NA,NA,NA,NA,NA,NA,NA,NA,146500,"2010"
"658","Soundstreams Canada","20","City-wide","1",64000,NA,NA,NA,NA,NA,NA,NA,NA,NA,NA,NA,NA,NA,NA,NA,NA,NA,NA,NA,NA,NA,64000,"2010"
"659","South Asian Family Support Services","38","Area services","1",37200,NA,NA,NA,NA,NA,NA,37200,NA,NA,NA,NA,NA,NA,NA,NA,NA,NA,NA,NA,NA,NA,NA,"2010"
"660","South Asian Visual Arts Collective","20","City-wide","1",23000,NA,NA,NA,NA,NA,NA,NA,NA,NA,NA,NA,NA,NA,NA,NA,NA,NA,NA,NA,NA,NA,23000,"2010"
"661","South Asian Women's Centre","18","City-wide","1",79605,NA,NA,NA,NA,NA,NA,79605,NA,NA,NA,NA,NA,NA,NA,NA,NA,NA,NA,NA,NA,NA,NA,"2010"
"662","South Asian Women's Rights Organization Inc.","35","Local","3",7500,5000,NA,NA,NA,NA,1000,NA,NA,NA,NA,NA,NA,NA,NA,NA,1500,NA,NA,NA,NA,NA,NA,"2010"
"663","South Riverdale Community Health Centre","30","Area services","2",125713,NA,91703,NA,NA,NA,NA,NA,34010,NA,NA,NA,NA,NA,NA,NA,NA,NA,NA,NA,NA,NA,NA,"2010"
"664","Southern Currents / Corrientes Del Sur","20","City-wide","1",18000,NA,NA,NA,NA,NA,NA,NA,NA,NA,NA,NA,NA,NA,NA,NA,NA,NA,NA,NA,NA,NA,18000,"2010"
"665","Southern Mirrors Arts and Culture","21","City-wide","1",7000,NA,NA,NA,NA,NA,NA,NA,NA,NA,NA,NA,NA,NA,NA,NA,NA,NA,NA,NA,NA,NA,7000,"2010"
"666","Springtide Resources, Inc.","20","City-wide","1",21230,NA,NA,NA,NA,NA,NA,21230,NA,NA,NA,NA,NA,NA,NA,NA,NA,NA,NA,NA,NA,NA,NA,"2010"
"667","St. Alban's Boys' and Girls' Club","20","Area services","4",251906,NA,NA,NA,NA,NA,NA,104670,70509,NA,NA,NA,NA,NA,NA,NA,NA,66727,NA,NA,NA,NA,10000,"2010"
"668","St. Bernadette's Family Resource Centre","15","Area services","1",17500,NA,NA,NA,NA,NA,NA,17500,NA,NA,NA,NA,NA,NA,NA,NA,NA,NA,NA,NA,NA,NA,NA,"2010"
"669","St. Christopher House (The)","19","Area services","5",331978,NA,NA,NA,NA,NA,NA,200210,32271,NA,13770,NA,NA,NA,NA,NA,NA,61727,NA,NA,NA,NA,24000,"2010"
"670","St. Clair O'Connor Community Inc.","31","Area services","1",16265,NA,NA,NA,NA,NA,NA,16265,NA,NA,NA,NA,NA,NA,NA,NA,NA,NA,NA,NA,NA,NA,NA,"2010"
"671","St. Clair West Services for Seniors, Inc.","12","Area services","1",46020,NA,NA,NA,NA,NA,NA,46020,NA,NA,NA,NA,NA,NA,NA,NA,NA,NA,NA,NA,NA,NA,NA,"2010"
"672","St. Lawrence Neighbourhood Association","27","Local","1",4214,NA,NA,NA,NA,NA,4214,NA,NA,NA,NA,NA,NA,NA,NA,NA,NA,NA,NA,NA,NA,NA,NA,"2010"
"673","St. Matthew's Bracondale House","21","Area services","1",13405,NA,NA,NA,NA,NA,NA,13405,NA,NA,NA,NA,NA,NA,NA,NA,NA,NA,NA,NA,NA,NA,NA,"2010"
"674","St. Paul's L'Amoreaux Centre","40","Area services","1",88715,NA,NA,NA,NA,NA,NA,88715,NA,NA,NA,NA,NA,NA,NA,NA,NA,NA,NA,NA,NA,NA,NA,"2010"
"675","St. Stephen's Community House","20","City-wide","3",189113,9070,NA,NA,NA,NA,NA,107215,NA,NA,NA,NA,NA,NA,NA,NA,NA,72828,NA,NA,NA,NA,NA,"2010"
"676","Steeles - L'Amoureaux Youth Empowerment Network","39","Local","1",41620,NA,NA,NA,NA,NA,NA,NA,NA,NA,NA,NA,NA,NA,NA,NA,NA,NA,41620,NA,NA,NA,NA,"2010"
"677","Stonegate Community Health Centre","5","Area services","1",79490,NA,NA,NA,NA,NA,NA,79490,NA,NA,NA,NA,NA,NA,NA,NA,NA,NA,NA,NA,NA,NA,NA,"2010"
"678","Stop Community Food Centre (The)","17","Area services","3",43967,15400,NA,NA,NA,NA,3067,25500,NA,NA,NA,NA,NA,NA,NA,NA,NA,NA,NA,NA,NA,NA,NA,"2010"
"679","Storefront Humber Inc.","6","Local","2",43740,NA,NA,NA,NA,NA,NA,26570,NA,NA,NA,NA,NA,NA,NA,NA,NA,NA,NA,NA,17170,NA,NA,"2010"
"680","Story Planet","20","City-wide","1",8000,NA,NA,NA,NA,NA,NA,NA,NA,NA,NA,NA,NA,NA,NA,NA,NA,NA,NA,NA,NA,NA,8000,"2010"
"681","Storytellers School of Toronto","21","City-wide","1",22850,NA,NA,NA,NA,NA,NA,NA,NA,NA,NA,NA,NA,NA,NA,NA,NA,NA,NA,NA,NA,NA,22850,"2010"
"682","Stranger Theatre","18","City-wide","1",5000,NA,NA,NA,NA,NA,NA,NA,NA,NA,NA,NA,NA,NA,NA,NA,NA,NA,NA,NA,NA,NA,5000,"2010"
"683","Street Health Community Nursing Foundation","28","Area services","3",96908,NA,46365,30600,NA,NA,NA,NA,19943,NA,NA,NA,NA,NA,NA,NA,NA,NA,NA,NA,NA,NA,NA,"2010"
"684","Student Assistance in North Toronto for Seniors","25","Local","1",10300,NA,NA,NA,NA,NA,NA,NA,NA,NA,NA,NA,NA,NA,NA,NA,NA,NA,NA,NA,10300,NA,NA,"2010"
"685","Studio 180 Theatre Company","20","City-wide","1",10000,NA,NA,NA,NA,NA,NA,NA,NA,NA,NA,NA,NA,NA,NA,NA,NA,NA,NA,NA,NA,NA,10000,"2010"
"686","Subtle Technologies","20","City-wide","1",14000,NA,NA,NA,NA,NA,NA,NA,NA,NA,NA,NA,NA,NA,NA,NA,NA,NA,NA,NA,NA,NA,14000,"2010"
"687","Sudanese Community Association of Ontario (SCAON)","29","City-wide","1",5000,5000,NA,NA,NA,NA,NA,NA,NA,NA,NA,NA,NA,NA,NA,NA,NA,NA,NA,NA,NA,NA,NA,"2010"
"688","SummerWorks Theatre Festival","19","City-wide","1",30000,NA,NA,NA,NA,NA,NA,NA,NA,NA,NA,NA,NA,NA,NA,NA,NA,NA,NA,NA,NA,NA,30000,"2010"
"689","Sunshine Centre for Seniors","28","Local","2",30760,NA,NA,NA,NA,NA,NA,28135,NA,NA,NA,NA,NA,NA,NA,NA,2625,NA,NA,NA,NA,NA,NA,"2010"
"690","Surayi Community Association of Ontario","2","Area services","1",4121,NA,NA,NA,NA,NA,NA,NA,NA,NA,NA,NA,NA,NA,NA,NA,4121,NA,NA,NA,NA,NA,NA,"2010"
"691","Swansea Area Seniors Association","13","Local","1",4994,NA,NA,NA,NA,NA,NA,NA,NA,NA,NA,NA,NA,NA,NA,NA,4994,NA,NA,NA,NA,NA,NA,"2010"
"692","Syme-Woolner Neighbourhood & Family Centre","12","Area services","2",94235,NA,NA,NA,NA,NA,NA,90335,NA,NA,NA,NA,NA,NA,NA,NA,3900,NA,NA,NA,NA,NA,NA,"2010"
"693","Tafelmusik","20","City-wide","1",140000,NA,NA,NA,NA,NA,NA,NA,NA,NA,NA,NA,NA,NA,NA,NA,NA,NA,NA,NA,NA,NA,140000,"2010"
"694","Talisker Players Chamber  Music","20","City-wide","1",5000,NA,NA,NA,NA,NA,NA,NA,NA,NA,NA,NA,NA,NA,NA,NA,NA,NA,NA,NA,NA,NA,5000,"2010"
"695","Tamala","28","City-wide","1",2000,NA,NA,NA,NA,NA,NA,NA,NA,NA,NA,NA,NA,NA,NA,NA,NA,NA,NA,NA,NA,NA,2000,"2010"
"696","Tamil Eelam Society of Canada (The)","37","City-wide","2",37905,5000,NA,NA,NA,NA,NA,32905,NA,NA,NA,NA,NA,NA,NA,NA,NA,NA,NA,NA,NA,NA,NA,"2010"
"697","Tapestry New Opera Works","28","City-wide","1",35000,NA,NA,NA,NA,NA,NA,NA,NA,NA,NA,NA,NA,NA,NA,NA,NA,NA,NA,NA,NA,NA,35000,"2010"
"698","Tarragon Theatre","21","City-wide","1",190000,NA,NA,NA,NA,NA,NA,NA,NA,NA,NA,NA,NA,NA,NA,NA,NA,NA,NA,NA,NA,NA,190000,"2010"
"699","Teresa Group (The)","22","City-wide","1",26535,NA,NA,NA,NA,NA,NA,26535,NA,NA,NA,NA,NA,NA,NA,NA,NA,NA,NA,NA,NA,NA,NA,"2010"
"700","Textile Museum of Canada","27","City-wide","1",35000,NA,NA,NA,NA,NA,NA,NA,NA,NA,NA,NA,NA,NA,NA,NA,NA,NA,NA,NA,NA,NA,35000,"2010"
"701","Theatre Centre","19","City-wide","1",82000,NA,NA,NA,NA,NA,NA,NA,NA,NA,NA,NA,NA,NA,NA,NA,NA,NA,NA,NA,NA,NA,82000,"2010"
"702","Theatre Columbus","20","City-wide","1",41000,NA,NA,NA,NA,NA,NA,NA,NA,NA,NA,NA,NA,NA,NA,NA,NA,NA,NA,NA,NA,NA,41000,"2010"
"703","Theatre Direct Canada","21","City-wide","1",63000,NA,NA,NA,NA,NA,NA,NA,NA,NA,NA,NA,NA,NA,NA,NA,NA,NA,NA,NA,NA,NA,63000,"2010"
"704","Theatre Gargantua","18","City-wide","1",11075,NA,NA,NA,NA,NA,NA,NA,NA,NA,NA,NA,NA,NA,NA,NA,NA,NA,NA,NA,NA,NA,11075,"2010"
"705","Theatre Ontario","20","City-wide","1",11500,NA,NA,NA,NA,NA,NA,NA,NA,NA,NA,NA,NA,NA,NA,NA,NA,NA,NA,NA,NA,NA,11500,"2010"
"706","Theatre Passe Muraille","20","City-wide","1",151275,NA,NA,NA,NA,NA,NA,NA,NA,NA,NA,NA,NA,NA,NA,NA,NA,NA,NA,NA,NA,NA,151275,"2010"
"707","Theatre Run","18","City-wide","1",8000,NA,NA,NA,NA,NA,NA,NA,NA,NA,NA,NA,NA,NA,NA,NA,NA,NA,NA,NA,NA,NA,8000,"2010"
"708","Theatre Rusticle","18","City-wide","1",8000,NA,NA,NA,NA,NA,NA,NA,NA,NA,NA,NA,NA,NA,NA,NA,NA,NA,NA,NA,NA,NA,8000,"2010"
"709","Theatre Smith-Gilmour","20","City-wide","1",41000,NA,NA,NA,NA,NA,NA,NA,NA,NA,NA,NA,NA,NA,NA,NA,NA,NA,NA,NA,NA,NA,41000,"2010"
"710","Theatrefront","14","City-wide","1",10000,NA,NA,NA,NA,NA,NA,NA,NA,NA,NA,NA,NA,NA,NA,NA,NA,NA,NA,NA,NA,NA,10000,"2010"
"711","Thorncliffe Neighbourhood Office of Toronto for Social 
& Multi-Cultural Development","26","Local","5",86312,23700,NA,NA,NA,NA,3224,40800,13386,NA,NA,NA,NA,NA,NA,NA,5202,NA,NA,NA,NA,NA,NA,"2010"
"712","Tibetan Canadian Culture Centre","5","City-wide","1",7000,7000,NA,NA,NA,NA,NA,NA,NA,NA,NA,NA,NA,NA,NA,NA,NA,NA,NA,NA,NA,NA,NA,"2010"
"713","Tobermory Community Activities","8","Local","1",8000,8000,NA,NA,NA,NA,NA,NA,NA,NA,NA,NA,NA,NA,NA,NA,NA,NA,NA,NA,NA,NA,NA,"2010"
"714","Tobias House Attendant Care Inc.","32","City-wide","2",33730,NA,NA,NA,NA,NA,NA,21230,NA,NA,NA,NA,NA,NA,NA,NA,12500,NA,NA,NA,NA,NA,NA,"2010"
"715","Toca Loca","18","City-wide","1",3600,NA,NA,NA,NA,NA,NA,NA,NA,NA,NA,NA,NA,NA,NA,NA,NA,NA,NA,NA,NA,NA,3600,"2010"
"716","Tones of Voice","21","City-wide","1",6000,NA,NA,NA,NA,NA,NA,NA,NA,NA,NA,NA,NA,NA,NA,NA,NA,NA,NA,NA,NA,NA,6000,"2010"
"717","Topological Theatre","27","City-wide","1",13000,NA,NA,NA,NA,NA,NA,NA,NA,NA,NA,NA,NA,NA,NA,NA,NA,NA,NA,NA,NA,NA,13000,"2010"
"718","Toronto ACORN","29","City-wide","1",15000,15000,NA,NA,NA,NA,NA,NA,NA,NA,NA,NA,NA,NA,NA,NA,NA,NA,NA,NA,NA,NA,NA,"2010"
"719","Toronto Alliance for the Performing Arts","20","City-wide","2",113500,NA,NA,NA,NA,40000,NA,NA,NA,NA,NA,NA,NA,NA,NA,NA,NA,NA,NA,NA,NA,NA,73500,"2010"
"720","Toronto and Central Ontario Hemophilia Society","27","City-wide","1",31845,NA,NA,NA,NA,NA,NA,31845,NA,NA,NA,NA,NA,NA,NA,NA,NA,NA,NA,NA,NA,NA,NA,"2010"
"721","Toronto Animated Image Society","14","City-wide","1",5500,NA,NA,NA,NA,NA,NA,NA,NA,NA,NA,NA,NA,NA,NA,NA,NA,NA,NA,NA,NA,NA,5500,"2010"
"722","Toronto Artscape","19","City-wide","1",264020,NA,NA,NA,264020,NA,NA,NA,NA,NA,NA,NA,NA,NA,NA,NA,NA,NA,NA,NA,NA,NA,NA,"2010"
"723","Toronto Association of Business Improvement Areas (TABIA)","13","City-wide","1",40000,NA,NA,NA,NA,40000,NA,NA,NA,NA,NA,NA,NA,NA,NA,NA,NA,NA,NA,NA,NA,NA,NA,"2010"
"724","Toronto Beach Chorale","32","Local","1",1000,NA,NA,NA,NA,NA,NA,NA,NA,NA,NA,NA,NA,NA,NA,NA,NA,NA,NA,NA,NA,NA,1000,"2010"
"725","Toronto Blues Society","19","City-wide","1",27000,NA,NA,NA,NA,NA,NA,NA,NA,NA,NA,NA,NA,NA,NA,NA,NA,NA,NA,NA,NA,NA,27000,"2010"
"726","Toronto Book and Magazine Fair","14","City-wide","1",37500,NA,NA,NA,NA,NA,NA,NA,NA,NA,NA,NA,NA,NA,NA,NA,NA,NA,NA,NA,NA,NA,37500,"2010"
"727","Toronto Chamber Choir","13","City-wide","1",7500,NA,NA,NA,NA,NA,NA,NA,NA,NA,NA,NA,NA,NA,NA,NA,NA,NA,NA,NA,NA,NA,7500,"2010"
"728","Toronto Children's Chorus","22","City-wide","1",28000,NA,NA,NA,NA,NA,NA,NA,NA,NA,NA,NA,NA,NA,NA,NA,NA,NA,NA,NA,NA,NA,28000,"2010"
"729","Toronto Coalition for Better Child Care","19","City-wide","2",36830,15600,NA,NA,NA,NA,NA,21230,NA,NA,NA,NA,NA,NA,NA,NA,NA,NA,NA,NA,NA,NA,NA,"2010"
"730","Toronto Community & Culture Centre","20","City-wide","3",27026,8000,NA,NA,NA,NA,NA,15925,NA,NA,NA,NA,NA,NA,NA,NA,3101,NA,NA,NA,NA,NA,NA,"2010"
"731","Toronto Community Garden Network","21","City-wide","1",1250,NA,NA,NA,NA,NA,1250,NA,NA,NA,NA,NA,NA,NA,NA,NA,NA,NA,NA,NA,NA,NA,NA,"2010"
"732","Toronto Consort","20","City-wide","1",19000,NA,NA,NA,NA,NA,NA,NA,NA,NA,NA,NA,NA,NA,NA,NA,NA,NA,NA,NA,NA,NA,19000,"2010"
"733","Toronto Dance Theatre","28","City-wide","1",146450,NA,NA,NA,NA,NA,NA,NA,NA,NA,NA,NA,NA,NA,NA,NA,NA,NA,NA,NA,NA,NA,146450,"2010"
"734","Toronto Downtown Jazz","28","City-wide","1",10000,NA,NA,NA,NA,NA,NA,NA,NA,NA,NA,NA,NA,NA,NA,NA,NA,NA,NA,NA,NA,NA,10000,"2010"
"735","Toronto Early Music Centre","20","City-wide","1",5250,NA,NA,NA,NA,NA,NA,NA,NA,NA,NA,NA,NA,NA,NA,NA,NA,NA,NA,NA,NA,NA,5250,"2010"
"736","Toronto Festival of Clowns","19","City-wide","1",4000,NA,NA,NA,NA,NA,NA,NA,NA,NA,NA,NA,NA,NA,NA,NA,NA,NA,NA,NA,NA,NA,4000,"2010"
"737","Toronto Finnish Canadian Seniors Centre","26","City-wide","1",15705,NA,NA,NA,NA,NA,NA,15705,NA,NA,NA,NA,NA,NA,NA,NA,NA,NA,NA,NA,NA,NA,NA,"2010"
"738","Toronto Food Business Incubator (TFBI)","7","City-wide","1",50000,NA,NA,NA,NA,50000,NA,NA,NA,NA,NA,NA,NA,NA,NA,NA,NA,NA,NA,NA,NA,NA,NA,"2010"
"739","Toronto Foundation for Student Success","12","City-wide","1",3083712.03,NA,NA,NA,NA,NA,NA,NA,NA,NA,NA,NA,NA,NA,NA,NA,NA,NA,NA,3083712.03,NA,NA,NA,"2010"
"740","Toronto Free Gallery","18","City-wide","1",4000,NA,NA,NA,NA,NA,NA,NA,NA,NA,NA,NA,NA,NA,NA,NA,NA,NA,NA,NA,NA,NA,4000,"2010"
"741","Toronto Harm Reduction Task Force","27","City-wide","1",36154,NA,NA,NA,NA,NA,NA,NA,36154,NA,NA,NA,NA,NA,NA,NA,NA,NA,NA,NA,NA,NA,NA,"2010"
"742","Toronto Intergenerational Partnerships","29","Area services","1",18045,NA,NA,NA,NA,NA,NA,18045,NA,NA,NA,NA,NA,NA,NA,NA,NA,NA,NA,NA,NA,NA,NA,"2010"
"743","Toronto International Film Festival","20","City-wide","1",8e+05,NA,NA,NA,8e+05,NA,NA,NA,NA,NA,NA,NA,NA,NA,NA,NA,NA,NA,NA,NA,NA,NA,NA,"2010"
"744","Toronto International Flamenco Festival","30","City-wide","1",6500,NA,NA,NA,NA,NA,NA,NA,NA,NA,NA,NA,NA,NA,NA,NA,NA,NA,NA,NA,NA,NA,6500,"2010"
"745","Toronto Jewish Film Festival","20","City-wide","1",12000,NA,NA,NA,NA,NA,NA,NA,NA,NA,NA,NA,NA,NA,NA,NA,NA,NA,NA,NA,NA,NA,12000,"2010"
"746","Toronto Jewish Folk Choir","16","City-wide","1",5800,NA,NA,NA,NA,NA,NA,NA,NA,NA,NA,NA,NA,NA,NA,NA,NA,NA,NA,NA,NA,NA,5800,"2010"
"747","Toronto Kiwanis Boys and Girls Club","28","Local","2",87197,NA,NA,NA,NA,NA,NA,42460,NA,NA,NA,NA,NA,NA,NA,NA,NA,44737,NA,NA,NA,NA,NA,"2010"
"748","Toronto Masque Theatre","20","City-wide","1",6000,NA,NA,NA,NA,NA,NA,NA,NA,NA,NA,NA,NA,NA,NA,NA,NA,NA,NA,NA,NA,NA,6000,"2010"
"749","Toronto Mendelssohn Choir","20","City-wide","1",60900,NA,NA,NA,NA,NA,NA,NA,NA,NA,NA,NA,NA,NA,NA,NA,NA,NA,NA,NA,NA,NA,60900,"2010"
"750","Toronto New Music Projects","18","City-wide","1",5000,NA,NA,NA,NA,NA,NA,NA,NA,NA,NA,NA,NA,NA,NA,NA,NA,NA,NA,NA,NA,NA,5000,"2010"
"751","Toronto Opera Repertoire","27","City-wide","1",6000,NA,NA,NA,NA,NA,NA,NA,NA,NA,NA,NA,NA,NA,NA,NA,NA,NA,NA,NA,NA,NA,6000,"2010"
"752","Toronto Operetta Theatre","30","City-wide","1",19000,NA,NA,NA,NA,NA,NA,NA,NA,NA,NA,NA,NA,NA,NA,NA,NA,NA,NA,NA,NA,NA,19000,"2010"
"753","Toronto Palestine Film Festival Collective","30","City-wide","1",3000,NA,NA,NA,NA,NA,NA,NA,NA,NA,NA,NA,NA,NA,NA,NA,NA,NA,NA,NA,NA,NA,3000,"2010"
"754","Toronto People With AIDS Foundation","28","City-wide","2",88653,NA,59858,NA,NA,NA,NA,28795,NA,NA,NA,NA,NA,NA,NA,NA,NA,NA,NA,NA,NA,NA,NA,"2010"
"755","Toronto Photographers Workshop","19","City-wide","1",61000,NA,NA,NA,NA,NA,NA,NA,NA,NA,NA,NA,NA,NA,NA,NA,NA,NA,NA,NA,NA,NA,61000,"2010"
"756","Toronto Rape Crisis Centre/Multicultural Against Rape","20","City-wide","1",38345,NA,NA,NA,NA,NA,NA,38345,NA,NA,NA,NA,NA,NA,NA,NA,NA,NA,NA,NA,NA,NA,NA,"2010"
"757","Toronto Reel Asian International Film Festival","20","City-wide","1",25000,NA,NA,NA,NA,NA,NA,NA,NA,NA,NA,NA,NA,NA,NA,NA,NA,NA,NA,NA,NA,NA,25000,"2010"
"758","Toronto Region Research Alliance (TRRA)","27","City-wide","1",40000,NA,NA,NA,NA,40000,NA,NA,NA,NA,NA,NA,NA,NA,NA,NA,NA,NA,NA,NA,NA,NA,NA,"2010"
"759","Toronto Renewable Energy Co-operative","28","City-wide","1",2000,NA,NA,NA,NA,NA,2000,NA,NA,NA,NA,NA,NA,NA,NA,NA,NA,NA,NA,NA,NA,NA,NA,"2010"
"760","Toronto Sinfonietta","27","City-wide","1",3000,NA,NA,NA,NA,NA,NA,NA,NA,NA,NA,NA,NA,NA,NA,NA,NA,NA,NA,NA,NA,NA,3000,"2010"
"761","Toronto Sketch Comedy Festival Group","18","City-wide","1",5000,NA,NA,NA,NA,NA,NA,NA,NA,NA,NA,NA,NA,NA,NA,NA,NA,NA,NA,NA,NA,NA,5000,"2010"
"762","Toronto Small Press Group","19","City-wide","1",5000,NA,NA,NA,NA,NA,NA,NA,NA,NA,NA,NA,NA,NA,NA,NA,NA,NA,NA,NA,NA,NA,5000,"2010"
"763","Toronto Summer Music Foundation","19","City-wide","1",3000,NA,NA,NA,NA,NA,NA,NA,NA,NA,NA,NA,NA,NA,NA,NA,NA,NA,NA,NA,NA,NA,3000,"2010"
"764","Toronto Symphony Orchestra","20","City-wide","1",1134036,NA,NA,NA,1134036,NA,NA,NA,NA,NA,NA,NA,NA,NA,NA,NA,NA,NA,NA,NA,NA,NA,NA,"2010"
"765","Toronto Synchronized Swimming Club","22","Area services","1",3000,NA,NA,NA,NA,NA,NA,NA,NA,NA,NA,NA,NA,NA,NA,NA,3000,NA,NA,NA,NA,NA,NA,"2010"
"766","Toronto Tabla Ensemble","27","City-wide","1",15000,NA,NA,NA,NA,NA,NA,NA,NA,NA,NA,NA,NA,NA,NA,NA,NA,NA,NA,NA,NA,NA,15000,"2010"
"767","Toronto Tamil Seniors Association","28","Local","1",21230,NA,NA,NA,NA,NA,NA,21230,NA,NA,NA,NA,NA,NA,NA,NA,NA,NA,NA,NA,NA,NA,NA,"2010"
"768","Toronto Urban Music Festival Incorporated","11","City-wide","1",3000,NA,NA,NA,NA,NA,NA,NA,NA,NA,NA,NA,NA,NA,NA,NA,NA,NA,NA,NA,NA,NA,3000,"2010"
"769","Toronto Wind Orchestra","32","City-wide","1",3200,NA,NA,NA,NA,NA,NA,NA,NA,NA,NA,NA,NA,NA,NA,NA,NA,NA,NA,NA,NA,NA,3200,"2010"
"770","Toronto Women's City Alliance","20","City-wide","1",30000,30000,NA,NA,NA,NA,NA,NA,NA,NA,NA,NA,NA,NA,NA,NA,NA,NA,NA,NA,NA,NA,NA,"2010"
"771","Tower Labs","8","City-wide","1",50000,NA,NA,NA,NA,50000,NA,NA,NA,NA,NA,NA,NA,NA,NA,NA,NA,NA,NA,NA,NA,NA,NA,"2010"
"772","Town of York Historical Society (Toronto's First Post Office)","28","City-wide","1",27739.92,NA,NA,NA,NA,NA,NA,NA,NA,NA,NA,NA,NA,NA,NA,27739.92,NA,NA,NA,NA,NA,NA,NA,"2010"
"773","Trailblazers Tandem Cycling Club","3","City-wide","2",7000,5000,NA,NA,NA,NA,NA,NA,NA,NA,NA,NA,NA,NA,NA,NA,2000,NA,NA,NA,NA,NA,NA,"2010"
"774","Tribal Crackling Wind for the Arts","27","City-wide","1",15000,NA,NA,NA,NA,NA,NA,NA,NA,NA,NA,NA,NA,NA,NA,NA,NA,NA,NA,NA,NA,NA,15000,"2010"
"775","Trigger Collective","19","City-wide","1",1950,NA,NA,NA,NA,NA,NA,NA,NA,NA,NA,NA,NA,NA,NA,NA,NA,NA,NA,NA,NA,NA,1950,"2010"
"776","Trinity Square Video","20","City-wide","1",50000,NA,NA,NA,NA,NA,NA,NA,NA,NA,NA,NA,NA,NA,NA,NA,NA,NA,NA,NA,NA,NA,50000,"2010"
"777","Trio 416","35*","Local","1",9000,NA,NA,NA,NA,NA,NA,NA,NA,NA,NA,NA,NA,NA,NA,NA,NA,NA,NA,NA,NA,NA,9000,"2010"
"778","Tropicana Community Services Organization","38","Area services","1",68320,NA,NA,NA,NA,NA,NA,68320,NA,NA,NA,NA,NA,NA,NA,NA,NA,NA,NA,NA,NA,NA,NA,"2010"
"779","True Davidson Meals on Wheels (E.York) Inc.","31","Local","1",19160,NA,NA,NA,NA,NA,NA,19160,NA,NA,NA,NA,NA,NA,NA,NA,NA,NA,NA,NA,NA,NA,NA,"2010"
"780","Ukrainian Canadian Social Services (Toronto) Inc.","13","City-wide","1",35070,NA,NA,NA,NA,NA,NA,35070,NA,NA,NA,NA,NA,NA,NA,NA,NA,NA,NA,NA,NA,NA,NA,"2010"
"781","Union Eight Theatre","30","City-wide","1",5500,NA,NA,NA,NA,NA,NA,NA,NA,NA,NA,NA,NA,NA,NA,NA,NA,NA,NA,NA,NA,NA,5500,"2010"
"782","Unit Productions","15","City-wide","1",3000,NA,NA,NA,NA,NA,NA,NA,NA,NA,NA,NA,NA,NA,NA,NA,NA,NA,NA,NA,NA,NA,3000,"2010"
"783","United Way Toronto-Toronto Enterprise Fund","28","City-wide","1",250000,NA,NA,NA,NA,NA,NA,NA,NA,NA,NA,NA,250000,NA,NA,NA,NA,NA,NA,NA,NA,NA,NA,"2010"
"784","University of Toronto Art Centre","20","City-wide","1",2000,NA,NA,NA,NA,NA,NA,NA,NA,NA,NA,NA,NA,NA,NA,NA,NA,NA,NA,NA,NA,NA,2000,"2010"
"785","University of Toronto Track and Field Club","20","City-wide","1",28371,NA,NA,NA,NA,NA,NA,NA,NA,NA,NA,NA,NA,NA,NA,NA,NA,28371,NA,NA,NA,NA,NA,"2010"
"786","University Settlement","20","Local","4",155852,NA,NA,NA,NA,NA,4000,54135,NA,NA,NA,NA,NA,NA,NA,NA,NA,74217,NA,NA,NA,NA,23500,"2010"
"787","Univox Choir Toronto","18","City-wide","1",4750,NA,NA,NA,NA,NA,NA,NA,NA,NA,NA,NA,NA,NA,NA,NA,NA,NA,NA,NA,NA,NA,4750,"2010"
"788","UnSpun Theatre","27","City-wide","1",6000,NA,NA,NA,NA,NA,NA,NA,NA,NA,NA,NA,NA,NA,NA,NA,NA,NA,NA,NA,NA,NA,6000,"2010"
"789","Urban Alliance on Race Relations","20","City-wide","1",41000,41000,NA,NA,NA,NA,NA,NA,NA,NA,NA,NA,NA,NA,NA,NA,NA,NA,NA,NA,NA,NA,NA,"2010"
"790","Urban Non-Violence Initiatives Through Youth","27","Local","2",11500,NA,NA,NA,NA,NA,1500,NA,NA,NA,NA,NA,NA,NA,NA,NA,NA,NA,NA,NA,NA,NA,10000,"2010"
"791","Urban Youth Poetry Festival","37","Area services","1",4000,NA,NA,NA,NA,NA,NA,NA,NA,NA,NA,NA,NA,NA,NA,NA,NA,NA,NA,NA,NA,NA,4000,"2010"
"792","UrbanArts Community Arts Council","11","Local","3",143045,NA,NA,NA,NA,NA,NA,NA,NA,25000,23410,NA,NA,NA,94635,NA,NA,NA,NA,NA,NA,NA,NA,"2010"
"793","urbanvessel","13","City-wide","1",8500,NA,NA,NA,NA,NA,NA,NA,NA,NA,NA,NA,NA,NA,NA,NA,NA,NA,NA,NA,NA,NA,8500,"2010"
"794","UYIRPPU - Progressive Tamil Women Artistic Organization","37","City-wide","1",2000,NA,NA,NA,NA,NA,NA,NA,NA,NA,NA,NA,NA,NA,NA,NA,NA,NA,NA,NA,NA,NA,2000,"2010"
"795","V Tape","20","City-wide","1",52000,NA,NA,NA,NA,NA,NA,NA,NA,NA,NA,NA,NA,NA,NA,NA,NA,NA,NA,NA,NA,NA,52000,"2010"
"796","Vagabond Trust","20","City-wide","1",3200,NA,NA,NA,NA,NA,NA,NA,NA,NA,NA,NA,NA,NA,NA,NA,NA,NA,NA,NA,NA,NA,3200,"2010"
"797","Vanguardia Dance Projects","18","City-wide","1",6000,NA,NA,NA,NA,NA,NA,NA,NA,NA,NA,NA,NA,NA,NA,NA,NA,NA,NA,NA,NA,NA,6000,"2010"
"798","Variety- The Childen's Charity","36","City-wide","1",30994,NA,NA,NA,NA,NA,NA,NA,NA,NA,NA,NA,NA,NA,NA,NA,NA,30994,NA,NA,NA,NA,NA,"2010"
"799","Vasantham - A Tamil Seniors Wellness Centre","28","Area services","2",6024,NA,NA,NA,NA,NA,2024,NA,NA,NA,NA,NA,NA,NA,NA,NA,4000,NA,NA,NA,NA,NA,NA,"2010"
"800","Vermont Square Parent Child Mother Goose Program","19","City-wide","1",23770,NA,NA,NA,NA,NA,NA,23770,NA,NA,NA,NA,NA,NA,NA,NA,NA,NA,NA,NA,NA,NA,NA,"2010"
"801","Vertical City Project","14","City-wide","1",3000,NA,NA,NA,NA,NA,NA,NA,NA,NA,NA,NA,NA,NA,NA,NA,NA,NA,NA,NA,NA,NA,3000,"2010"
"802","Vesnivka Choir Inc.","13","City-wide","1",8000,NA,NA,NA,NA,NA,NA,NA,NA,NA,NA,NA,NA,NA,NA,NA,NA,NA,NA,NA,NA,NA,8000,"2010"
"803","Via Salzburg","28","City-wide","1",13000,NA,NA,NA,NA,NA,NA,NA,NA,NA,NA,NA,NA,NA,NA,NA,NA,NA,NA,NA,NA,NA,13000,"2010"
"804","Victim Services Program of Toronto","27","City-wide","1",171945,NA,NA,NA,NA,NA,NA,171945,NA,NA,NA,NA,NA,NA,NA,NA,NA,NA,NA,NA,NA,NA,NA,"2010"
"805","Victoria Park Cricket Club","42","Local","1",9500,NA,NA,NA,NA,NA,NA,NA,NA,NA,NA,NA,NA,NA,NA,NA,9500,NA,NA,NA,NA,NA,NA,"2010"
"806","Victoria Scholars Men's Choral Ensemble","4","City-wide","1",6600,NA,NA,NA,NA,NA,NA,NA,NA,NA,NA,NA,NA,NA,NA,NA,NA,NA,NA,NA,NA,NA,6600,"2010"
"807","VideoCabaret International","20","City-wide","1",54800,NA,NA,NA,NA,NA,NA,NA,NA,NA,NA,NA,NA,NA,NA,NA,NA,NA,NA,NA,NA,NA,54800,"2010"
"808","Vietnamese Women's Association Toronto","17","City-wide","5",88277,9000,NA,22000,NA,NA,2107,53070,NA,NA,NA,NA,NA,NA,NA,NA,2100,NA,NA,NA,NA,NA,NA,"2010"
"809","Villa Colombo Homes For The Aged","15","City-wide","1",27665,NA,NA,NA,NA,NA,NA,27665,NA,NA,NA,NA,NA,NA,NA,NA,NA,NA,NA,NA,NA,NA,NA,"2010"
"810","VIVA! Youth Singers of Toronto","20","City-wide","1",7000,NA,NA,NA,NA,NA,NA,NA,NA,NA,NA,NA,NA,NA,NA,NA,NA,NA,NA,NA,NA,NA,7000,"2010"
"811","Viver - Portuguese-Speaking HIV/AIDS Coalition","27","Area services","1",37618,NA,37618,NA,NA,NA,NA,NA,NA,NA,NA,NA,NA,NA,NA,NA,NA,NA,NA,NA,NA,NA,NA,"2010"
"812","Voices of Positive Women Support Services (Ontario)","27","City-wide","1",33560,NA,NA,NA,NA,NA,NA,33560,NA,NA,NA,NA,NA,NA,NA,NA,NA,NA,NA,NA,NA,NA,NA,"2010"
"813","Volcano Non-Profit Productions Inc.","19","City-wide","1",32000,NA,NA,NA,NA,NA,NA,NA,NA,NA,NA,NA,NA,NA,NA,NA,NA,NA,NA,NA,NA,NA,32000,"2010"
"814","Volunteer Centre of Toronto","20","City-wide","1",177280,NA,NA,NA,NA,NA,NA,177280,NA,NA,NA,NA,NA,NA,NA,NA,NA,NA,NA,NA,NA,NA,NA,"2010"
"815","Wahoo's Dragon Boating","20","Area services","1",500,NA,NA,NA,NA,NA,NA,NA,NA,NA,NA,NA,NA,NA,NA,NA,500,NA,NA,NA,NA,NA,NA,"2010"
"816","Warden Woods Church & Community Centre","35","Area services","1",217100,NA,NA,NA,NA,NA,NA,217100,NA,NA,NA,NA,NA,NA,NA,NA,NA,NA,NA,NA,NA,NA,NA,"2010"
"817","Waterfront Trail Artists","6","Local","2",5356,NA,NA,NA,NA,NA,1556,NA,NA,NA,NA,NA,NA,NA,NA,NA,3800,NA,NA,NA,NA,NA,NA,"2010"
"818","Wavelength Music Arts Projects","20","City-wide","1",6500,NA,NA,NA,NA,NA,NA,NA,NA,NA,NA,NA,NA,NA,NA,NA,NA,NA,NA,NA,NA,NA,6500,"2010"
"819","Waves","20","City-wide","1",3000,NA,NA,NA,NA,NA,NA,NA,NA,NA,NA,NA,NA,NA,NA,NA,NA,NA,NA,NA,NA,NA,3000,"2010"
"820","We Help Youth","3","Local","1",6155,NA,NA,NA,NA,NA,NA,NA,NA,NA,NA,NA,NA,6155,NA,NA,NA,NA,NA,NA,NA,NA,NA,"2010"
"821","Wedge Curatorial Projects","20","City-wide","1",2500,NA,NA,NA,NA,NA,NA,NA,NA,NA,NA,NA,NA,NA,NA,NA,NA,NA,NA,NA,NA,NA,2500,"2010"
"822","Wells Hill Lawn Bowling Club","21","Local","1",2601,NA,NA,NA,NA,NA,NA,NA,NA,NA,NA,NA,NA,NA,NA,NA,2601,NA,NA,NA,NA,NA,NA,"2010"
"823","West Hill Community Services - Eglinton East/Kennedy Park & Scarborough Village","36","Area services","4",236703,NA,NA,NA,NA,NA,3613,142120,NA,67100,NA,NA,NA,NA,NA,NA,NA,NA,NA,NA,23870,NA,NA,"2010"
"824","West Scarborough Neighbourhood Community Centre","35","Area services","4",184520,NA,NA,NA,NA,NA,NA,125410,NA,NA,21480,NA,NA,NA,NA,NA,NA,25630,NA,NA,NA,NA,12000,"2010"
"825","West Toronto Lawn Bowling Club","14","Local","1",3670,NA,NA,NA,NA,NA,NA,NA,NA,NA,NA,NA,NA,NA,NA,NA,3670,NA,NA,NA,NA,NA,NA,"2010"
"826","West Toronto Support Services for Senior Citizens and the Disabled Inc.","18","Area services","1",38540,NA,NA,NA,NA,NA,NA,38540,NA,NA,NA,NA,NA,NA,NA,NA,NA,NA,NA,NA,NA,NA,NA,"2010"
"827","Weston Minor Hockey League","11","Local","1",12500,NA,NA,NA,NA,NA,NA,NA,NA,NA,NA,NA,NA,NA,NA,NA,12500,NA,NA,NA,NA,NA,NA,"2010"
"828","Weston Village B.I.A.","11","Local","1",4500,NA,NA,NA,NA,NA,4500,NA,NA,NA,NA,NA,NA,NA,NA,NA,NA,NA,NA,NA,NA,NA,NA,"2010"
"829","Wexford Residence Inc. (The)","37","Local","1",19005,NA,NA,NA,NA,NA,NA,19005,NA,NA,NA,NA,NA,NA,NA,NA,NA,NA,NA,NA,NA,NA,NA,"2010"
"830","WHRegulators Entertainment","29*","Local","1",1000,NA,NA,NA,NA,NA,NA,NA,NA,NA,NA,NA,NA,NA,NA,NA,NA,NA,NA,NA,NA,NA,1000,"2010"
"831","Why Not Theatre","3","City-wide","1",6000,NA,NA,NA,NA,NA,NA,NA,NA,NA,NA,NA,NA,NA,NA,NA,NA,NA,NA,NA,NA,NA,6000,"2010"
"832","Wild Tomato Arts","19","City-wide","1",2000,NA,NA,NA,NA,NA,NA,NA,NA,NA,NA,NA,NA,NA,NA,NA,NA,NA,NA,NA,NA,NA,2000,"2010"
"833","Wildflowers Art Collective","14","City-wide","1",7000,NA,NA,NA,NA,NA,NA,NA,NA,NA,NA,NA,NA,NA,NA,NA,NA,NA,NA,NA,NA,NA,7000,"2010"
"834","wind in the leaves collective","32","City-wide","1",5000,NA,NA,NA,NA,NA,NA,NA,NA,NA,NA,NA,NA,NA,NA,NA,NA,NA,NA,NA,NA,NA,5000,"2010"
"835","Woman Abuse Council of Toronto","12","City-wide","1",53070,NA,NA,NA,NA,NA,NA,53070,NA,NA,NA,NA,NA,NA,NA,NA,NA,NA,NA,NA,NA,NA,NA,"2010"
"836","Women’s Health in Women’s Hands Community Health Centre","27","City-wide","2",118961,NA,87761,31200,NA,NA,NA,NA,NA,NA,NA,NA,NA,NA,NA,NA,NA,NA,NA,NA,NA,NA,NA,"2010"
"837","Women's Art Resource Centre","20","City-wide","1",37000,NA,NA,NA,NA,NA,NA,NA,NA,NA,NA,NA,NA,NA,NA,NA,NA,NA,NA,NA,NA,NA,37000,"2010"
"838","Women's Counselling Referral & Education Centre (W.C.R.E.C.)","19","City-wide","1",30420,NA,NA,NA,NA,NA,NA,30420,NA,NA,NA,NA,NA,NA,NA,NA,NA,NA,NA,NA,NA,NA,NA,"2010"
"839","Women's Musical Club of Toronto","28","City-wide","1",2500,NA,NA,NA,NA,NA,NA,NA,NA,NA,NA,NA,NA,NA,NA,NA,NA,NA,NA,NA,NA,NA,2500,"2010"
"840","Woodgreen Community Services","30","Area services","2",293653,NA,NA,NA,NA,NA,NA,244790,NA,NA,NA,NA,NA,NA,NA,NA,NA,48863,NA,NA,NA,NA,NA,"2010"
"841","Workers Action Centre","20","City-wide","2",70940,20000,NA,NA,NA,NA,NA,50940,NA,NA,NA,NA,NA,NA,NA,NA,NA,NA,NA,NA,NA,NA,NA,"2010"
"842","Working Women Community Centre","18","City-wide","4",161074,NA,NA,25000,NA,NA,NA,113509,NA,NA,14565,NA,NA,NA,NA,NA,NA,NA,NA,NA,NA,NA,8000,"2010"
"843","Workman Arts Project","18","City-wide","1",7500,NA,NA,NA,NA,NA,NA,NA,NA,NA,NA,NA,NA,NA,NA,NA,NA,NA,NA,NA,NA,NA,7500,"2010"
"844","Worlds of Music Toronto","19","City-wide","1",12000,NA,NA,NA,NA,NA,NA,NA,NA,NA,NA,NA,NA,NA,NA,NA,NA,NA,NA,NA,NA,NA,12000,"2010"
"845","Wychwood Open Door Drop-in Centre","21","Local","1",750,NA,NA,NA,NA,NA,750,NA,NA,NA,NA,NA,NA,NA,NA,NA,NA,NA,NA,NA,NA,NA,NA,"2010"
"846","Xiyanghong Senior Activity Centre","41","City-wide","1",7000,NA,NA,NA,NA,NA,NA,NA,NA,NA,NA,NA,NA,NA,NA,NA,NA,NA,NA,NA,NA,NA,7000,"2010"
"847","XPACE Cultural Centre","19","City-wide","1",1000,NA,NA,NA,NA,NA,NA,NA,NA,NA,NA,NA,NA,NA,NA,NA,NA,NA,NA,NA,NA,NA,1000,"2010"
"848","Yonge Street Missions Evergreen Centre For Street Youth","28","Local","1",8182,NA,8182,NA,NA,NA,NA,NA,NA,NA,NA,NA,NA,NA,NA,NA,NA,NA,NA,NA,NA,NA,NA,"2010"
"849","York Community Services","11","Local","2",45015,NA,NA,NA,NA,NA,NA,28040,NA,NA,NA,NA,NA,NA,NA,NA,NA,NA,NA,NA,16975,NA,NA,"2010"
"850","York Swim Club","11","Local","1",10404,NA,NA,NA,NA,NA,NA,NA,NA,NA,NA,NA,NA,NA,NA,NA,10404,NA,NA,NA,NA,NA,NA,"2010"
"851","York West Active Living Centre","11","Local","2",73127,NA,NA,NA,NA,NA,NA,67925,NA,NA,NA,NA,NA,NA,NA,NA,5202,NA,NA,NA,NA,NA,NA,"2010"
"852","York Youth Coalition","11","Local","1",41000,NA,NA,NA,NA,NA,NA,NA,NA,NA,NA,NA,NA,NA,NA,NA,NA,NA,41000,NA,NA,NA,NA,"2010"
"853","York-Fairbank Centre For Seniors","15","Area services","3",137730,NA,NA,NA,NA,NA,NA,90475,NA,NA,NA,NA,NA,NA,NA,NA,15000,NA,NA,NA,32255,NA,NA,"2010"
"854","Yorkminster Park Meals on Wheels","22","Area services","1",8215,NA,NA,NA,NA,NA,NA,8215,NA,NA,NA,NA,NA,NA,NA,NA,NA,NA,NA,NA,NA,NA,NA,"2010"
"855","Yorktown Child and Family Centre","17","Area services","1",31845,NA,NA,NA,NA,NA,NA,31845,NA,NA,NA,NA,NA,NA,NA,NA,NA,NA,NA,NA,NA,NA,NA,"2010"
"856","Young People's Theatre (Lorraine Kimsa Theatre For Young People)","28","City-wide","1",26778,NA,NA,NA,NA,NA,NA,NA,26778,NA,NA,NA,NA,NA,NA,NA,NA,NA,NA,NA,NA,NA,NA,"2010"
"857","Youth 4 Youth","15","Local","1",7500,NA,NA,NA,NA,NA,NA,NA,NA,NA,NA,NA,NA,7500,NA,NA,NA,NA,NA,NA,NA,NA,NA,"2010"
"858","Youth Action Network","20","City-wide","2",40000,30000,NA,NA,NA,NA,NA,NA,NA,NA,NA,NA,NA,10000,NA,NA,NA,NA,NA,NA,NA,NA,NA,"2010"
"859","Youth Assisting Youth","23","City-wide","3",66677,NA,NA,NA,NA,NA,NA,45930,16747,NA,NA,NA,NA,NA,NA,NA,4000,NA,NA,NA,NA,NA,NA,"2010"
"860","Youth Film and Media Training Network (POV)","28","Local","1",2400,NA,NA,NA,NA,NA,NA,NA,NA,NA,NA,NA,NA,NA,NA,NA,NA,NA,NA,NA,NA,NA,2400,"2010"
"861","Youth Services Network","26","Local","1",41000,NA,NA,NA,NA,NA,NA,NA,NA,NA,NA,NA,NA,NA,NA,NA,NA,NA,41000,NA,NA,NA,NA,"2010"
"862","YOUTHLINK","35","Local","3",128576,NA,88476,NA,NA,NA,NA,35600,NA,NA,NA,NA,NA,NA,NA,NA,4500,NA,NA,NA,NA,NA,NA,"2010"
"863","YYZ Artists' Outlet","20","City-wide","1",65000,NA,NA,NA,NA,NA,NA,NA,NA,NA,NA,NA,NA,NA,NA,NA,NA,NA,NA,NA,NA,NA,65000,"2010"
"864","Zata Omm Dance Projects","31","City-wide","1",6000,NA,NA,NA,NA,NA,NA,NA,NA,NA,NA,NA,NA,NA,NA,NA,NA,NA,NA,NA,NA,NA,6000,"2010"
NA,"TOTAL ($)",NA,NA,NA,43583706,806070,1679000,696860,6094980,386990,103310,12292050,844280,312120,353940,210000,2504040,171670,1472520,78999,378730,1048200,407840,3796576,358325,545170,9042036,"2010"
NA,"Number of Grants",NA,NA,"1111",NA,56,34,25,10,10,38,226,30,11,20,12,25,18,5,3,84,23,11,2,12,1,455,"2010"
NA,NA,NA,NA,NA,NA,NA,NA,NA,NA,NA,NA,NA,NA,NA,NA,NA,NA,NA,NA,NA,NA,NA,NA,NA,NA,NA,NA,"2010"
"Note: The total funding reported in this list does not include TAC grants to individuals.",NA,NA,NA,NA,NA,NA,NA,NA,NA,NA,NA,NA,NA,NA,NA,NA,NA,NA,NA,NA,NA,NA,NA,NA,NA,NA,NA,"2010"
NA,NA,NA,NA,NA,NA,NA,NA,NA,NA,NA,NA,NA,NA,NA,NA,NA,NA,NA,NA,NA,NA,NA,NA,NA,NA,NA,NA,"2010"
NA,NA,NA,NA,NA,NA,NA,NA,NA,NA,NA,NA,NA,NA,NA,NA,NA,NA,NA,NA,NA,NA,NA,NA,NA,NA,NA,NA,"2010"
NA,NA,NA,NA,NA,NA,NA,NA,NA,NA,NA,NA,NA,NA,NA,NA,NA,NA,NA,NA,NA,NA,NA,NA,NA,NA,NA,NA,"2010"
"*Organizations Listed in Wards of Their Main Service Location",NA,NA,NA,NA,NA,NA,NA,NA,NA,NA,NA,NA,NA,NA,NA,NA,NA,NA,NA,NA,NA,NA,NA,NA,NA,NA,NA,"2010"
NA,NA,NA,NA,NA,NA,NA,NA,NA,NA,NA,NA,NA,NA,NA,NA,NA,NA,NA,NA,NA,NA,NA,NA,NA,NA,NA,NA,"2010"
NA,"Organization","Mailing Address Ward",NA,"Service Location Ward",NA,NA,NA,NA,NA,NA,NA,NA,NA,NA,NA,NA,NA,NA,NA,NA,NA,NA,NA,NA,NA,NA,NA,"2010"
"1","Aluna Theatre","11",NA,"20",NA,NA,NA,NA,NA,NA,NA,NA,NA,NA,NA,NA,NA,NA,NA,NA,NA,NA,NA,NA,NA,NA,NA,"2010"
"2","AMY Project","14",NA,"31",NA,NA,NA,NA,NA,NA,NA,NA,NA,NA,NA,NA,NA,NA,NA,NA,NA,NA,NA,NA,NA,NA,NA,"2010"
"3","Art of Time Ensemble","22",NA,"20",NA,NA,NA,NA,NA,NA,NA,NA,NA,NA,NA,NA,NA,NA,NA,NA,NA,NA,NA,NA,NA,NA,NA,"2010"
"4","b Current","20",NA,"21",NA,NA,NA,NA,NA,NA,NA,NA,NA,NA,NA,NA,NA,NA,NA,NA,NA,NA,NA,NA,NA,NA,NA,"2010"
"5","Barrio Nuevo","30",NA,"8",NA,NA,NA,NA,NA,NA,NA,NA,NA,NA,NA,NA,NA,NA,NA,NA,NA,NA,NA,NA,NA,NA,NA,"2010"
"6","C The Visual Arts Foundation","20",NA,"18",NA,NA,NA,NA,NA,NA,NA,NA,NA,NA,NA,NA,NA,NA,NA,NA,NA,NA,NA,NA,NA,NA,NA,"2010"
"7","Cathedral Bluffs Symphony Orchestra","35",NA,"42",NA,NA,NA,NA,NA,NA,NA,NA,NA,NA,NA,NA,NA,NA,NA,NA,NA,NA,NA,NA,NA,NA,NA,"2010"
"8","Clay and Paper Theatre","19",NA,"18",NA,NA,NA,NA,NA,NA,NA,NA,NA,NA,NA,NA,NA,NA,NA,NA,NA,NA,NA,NA,NA,NA,NA,"2010"
"9","Creative Music","12",NA,"6",NA,NA,NA,NA,NA,NA,NA,NA,NA,NA,NA,NA,NA,NA,NA,NA,NA,NA,NA,NA,NA,NA,NA,"2010"
"10","Expect Theatre Inc.","28",NA,"1",NA,NA,NA,NA,NA,NA,NA,NA,NA,NA,NA,NA,NA,NA,NA,NA,NA,NA,NA,NA,NA,NA,NA,"2010"
"11","High Park Choirs of Toronto","13",NA,"18",NA,NA,NA,NA,NA,NA,NA,NA,NA,NA,NA,NA,NA,NA,NA,NA,NA,NA,NA,NA,NA,NA,NA,"2010"
"12","Iraqi Canadian Artists Federation","10",NA,"15",NA,NA,NA,NA,NA,NA,NA,NA,NA,NA,NA,NA,NA,NA,NA,NA,NA,NA,NA,NA,NA,NA,NA,"2010"
"13","Latin St. Music","11",NA,"15",NA,NA,NA,NA,NA,NA,NA,NA,NA,NA,NA,NA,NA,NA,NA,NA,NA,NA,NA,NA,NA,NA,NA,"2010"
"14","Leaside Lawn Bowling Club","16",NA,"28",NA,NA,NA,NA,NA,NA,NA,NA,NA,NA,NA,NA,NA,NA,NA,NA,NA,NA,NA,NA,NA,NA,NA,"2010"
"15","Lost Lyrics","12",NA,"20",NA,NA,NA,NA,NA,NA,NA,NA,NA,NA,NA,NA,NA,NA,NA,NA,NA,NA,NA,NA,NA,NA,NA,"2010"
"16","Moyo Wa Africa","17",NA,"8",NA,NA,NA,NA,NA,NA,NA,NA,NA,NA,NA,NA,NA,NA,NA,NA,NA,NA,NA,NA,NA,NA,NA,"2010"
"17","Open Door Storytelling Project","30",NA,"12",NA,NA,NA,NA,NA,NA,NA,NA,NA,NA,NA,NA,NA,NA,NA,NA,NA,NA,NA,NA,NA,NA,NA,"2010"
"18","Orpheus Choir of Toronto","27",NA,"16",NA,NA,NA,NA,NA,NA,NA,NA,NA,NA,NA,NA,NA,NA,NA,NA,NA,NA,NA,NA,NA,NA,NA,"2010"
"19","OurRegentPark Media Arts Facilitation Group","21",NA,"28",NA,NA,NA,NA,NA,NA,NA,NA,NA,NA,NA,NA,NA,NA,NA,NA,NA,NA,NA,NA,NA,NA,NA,"2010"
"20","Parkdale Beauty Pageant Society","11",NA,"14",NA,NA,NA,NA,NA,NA,NA,NA,NA,NA,NA,NA,NA,NA,NA,NA,NA,NA,NA,NA,NA,NA,NA,"2010"
"21","Parkdale Young Writers' Group","18",NA,"14",NA,NA,NA,NA,NA,NA,NA,NA,NA,NA,NA,NA,NA,NA,NA,NA,NA,NA,NA,NA,NA,NA,NA,"2010"
"22","Piano Six Foundation","13",NA,"28",NA,NA,NA,NA,NA,NA,NA,NA,NA,NA,NA,NA,NA,NA,NA,NA,NA,NA,NA,NA,NA,NA,NA,"2010"
"23","Project: Humanity Inc.","18",NA,"1",NA,NA,NA,NA,NA,NA,NA,NA,NA,NA,NA,NA,NA,NA,NA,NA,NA,NA,NA,NA,NA,NA,NA,"2010"
"24","Red Slam Collective","15",NA,"27",NA,NA,NA,NA,NA,NA,NA,NA,NA,NA,NA,NA,NA,NA,NA,NA,NA,NA,NA,NA,NA,NA,NA,"2010"
"25","Red Tree","20",NA,"14",NA,NA,NA,NA,NA,NA,NA,NA,NA,NA,NA,NA,NA,NA,NA,NA,NA,NA,NA,NA,NA,NA,NA,"2010"
"26","Red Wagon Collective","18",NA,"14",NA,NA,NA,NA,NA,NA,NA,NA,NA,NA,NA,NA,NA,NA,NA,NA,NA,NA,NA,NA,NA,NA,NA,"2010"
"27","Regent Park Film Festival","20",NA,"28",NA,NA,NA,NA,NA,NA,NA,NA,NA,NA,NA,NA,NA,NA,NA,NA,NA,NA,NA,NA,NA,NA,NA,"2010"
"28","Scarborough Bluffs Music","36",NA,"43",NA,NA,NA,NA,NA,NA,NA,NA,NA,NA,NA,NA,NA,NA,NA,NA,NA,NA,NA,NA,NA,NA,NA,"2010"
"29","Scarborough Sweet Adelines","38",NA,"40",NA,NA,NA,NA,NA,NA,NA,NA,NA,NA,NA,NA,NA,NA,NA,NA,NA,NA,NA,NA,NA,NA,NA,"2010"
"30","Shakespeare In Action","19",NA,"7",NA,NA,NA,NA,NA,NA,NA,NA,NA,NA,NA,NA,NA,NA,NA,NA,NA,NA,NA,NA,NA,NA,NA,"2010"
"31","Shakespearience Performing Arts","33",NA,"28",NA,NA,NA,NA,NA,NA,NA,NA,NA,NA,NA,NA,NA,NA,NA,NA,NA,NA,NA,NA,NA,NA,NA,"2010"
"32","Songwriters Expo","19",NA,"14",NA,NA,NA,NA,NA,NA,NA,NA,NA,NA,NA,NA,NA,NA,NA,NA,NA,NA,NA,NA,NA,NA,NA,"2010"
"33","Trio 416","20",NA,"35",NA,NA,NA,NA,NA,NA,NA,NA,NA,NA,NA,NA,NA,NA,NA,NA,NA,NA,NA,NA,NA,NA,NA,"2010"
"34","WHRegulators Entertainment","26",NA,"29",NA,NA,NA,NA,NA,NA,NA,NA,NA,NA,NA,NA,NA,NA,NA,NA,NA,NA,NA,NA,NA,NA,NA,"2010"
NA,NA,NA,NA,NA,NA,NA,NA,NA,NA,NA,NA,NA,NA,NA,NA,NA,NA,NA,NA,NA,NA,NA,NA,NA,NA,NA,NA,"2010"
NA,NA,NA,NA,NA,NA,NA,NA,NA,NA,NA,NA,NA,NA,NA,NA,NA,NA,NA,NA,NA,NA,NA,NA,NA,NA,NA,NA,"2010"
NA,NA,NA,NA,NA,NA,NA,NA,NA,NA,NA,NA,NA,NA,NA,NA,NA,NA,NA,NA,NA,NA,NA,NA,NA,NA,NA,NA,"2010"
NA,NA,NA,NA,NA,NA,NA,NA,NA,NA,NA,NA,NA,NA,NA,NA,NA,NA,NA,NA,NA,NA,NA,NA,NA,NA,NA,NA,"2010"
NA,NA,NA,NA,NA,NA,NA,NA,NA,NA,NA,NA,NA,NA,NA,NA,NA,NA,NA,NA,NA,NA,NA,NA,NA,NA,NA,NA,"2010"
NA,NA,NA,NA,NA,NA,NA,NA,NA,NA,NA,NA,NA,NA,NA,NA,NA,NA,NA,NA,NA,NA,NA,NA,NA,NA,NA,NA,"2010"
NA,NA,NA,NA,NA,NA,NA,NA,NA,NA,NA,NA,NA,NA,NA,NA,NA,NA,NA,NA,NA,NA,NA,NA,NA,NA,NA,NA,"2010"
NA,NA,NA,NA,NA,NA,NA,NA,NA,NA,NA,NA,NA,NA,NA,NA,NA,NA,NA,NA,NA,NA,NA,NA,NA,NA,NA,NA,"2010"
NA,NA,NA,NA,NA,NA,NA,NA,NA,NA,NA,NA,NA,NA,NA,NA,NA,NA,NA,NA,NA,NA,NA,NA,NA,NA,NA,NA,"2010"
NA,NA,NA,NA,NA,NA,NA,NA,NA,NA,NA,NA,NA,NA,NA,NA,NA,NA,NA,NA,NA,NA,NA,NA,NA,NA,NA,NA,"2010"
NA,NA,NA,NA,NA,NA,NA,NA,NA,NA,NA,NA,NA,NA,NA,NA,NA,NA,NA,NA,NA,NA,NA,NA,NA,NA,NA,NA,"2010"
NA,NA,NA,NA,NA,NA,NA,NA,NA,NA,NA,NA,NA,NA,NA,NA,NA,NA,NA,NA,NA,NA,NA,NA,NA,NA,NA,NA,"2010"
NA,"Prepared by SDF&A, Community Resources",NA,NA,NA,NA,NA,NA,NA,NA,NA,NA,NA,NA,NA,NA,NA,NA,NA,NA,NA,NA,NA,NA,NA,NA,NA,NA,"2010"
NA,"February 25, 2011",NA,NA,NA,NA,NA,NA,NA,NA,NA,NA,NA,NA,NA,NA,NA,NA,NA,NA,NA,NA,NA,NA,NA,NA,NA,NA,"2010"
NA,NA,NA,NA,NA,NA,NA,NA,NA,NA,NA,NA,NA,NA,NA,NA,NA,NA,NA,NA,NA,NA,NA,NA,NA,NA,NA,NA,"2010"
NA,"For more information, contact:",NA,NA,NA,NA,NA,NA,NA,NA,NA,NA,NA,NA,NA,NA,NA,NA,NA,NA,NA,NA,NA,NA,NA,NA,NA,NA,"2010"
NA,"Sue Kaiser, Manager, Community Funding Programs",NA,NA,NA,NA,NA,NA,NA,NA,NA,NA,NA,NA,NA,NA,NA,NA,NA,NA,NA,NA,NA,NA,NA,NA,NA,NA,"2010"
NA,"416-397-7302",NA,NA,NA,NA,NA,NA,NA,NA,NA,NA,NA,NA,NA,NA,NA,NA,NA,NA,NA,NA,NA,NA,NA,NA,NA,NA,"2010"
NA,"skaiser@toronto.ca",NA,NA,NA,NA,NA,NA,NA,NA,NA,NA,NA,NA,NA,NA,NA,NA,NA,NA,NA,NA,NA,NA,NA,NA,NA,NA,"2010"
