"#","Organization","Ward","Service Area","# of Grants","Total Allocations","AEHR","CLI","CR","CSI","CFSE","CFSE   Pan Am","ENF","CSP","CBIP","GameOn","StART","HER","HIF","INI","LASO","MCO","MUS","SDIP","SNP","TAC","OTHER","year"
1,"3T Program","42","City-wide","1",6000,NA,NA,NA,NA,NA,6000,NA,NA,NA,NA,NA,NA,NA,NA,NA,NA,NA,NA,NA,NA,NA,"2015"
2,"7th Cousins","14","City-wide","1",7000,NA,NA,NA,NA,NA,NA,NA,NA,NA,NA,NA,NA,NA,NA,NA,NA,NA,NA,NA,7000,NA,"2015"
3,"519 Church Street Community Centre","27","City-wide","3",156144,22000,NA,NA,NA,NA,NA,NA,57390,NA,NA,NA,NA,76754,NA,NA,NA,NA,NA,NA,NA,NA,"2015"
4,"1652 Keele Street Community Alliance","12","Area Services","1",40000,NA,NA,NA,NA,NA,NA,NA,NA,NA,NA,NA,NA,NA,NA,NA,NA,NA,40000,NA,NA,NA,"2015"
5,"A Man Vanishes Collective","20","City-wide","1",10000,NA,NA,NA,NA,NA,NA,NA,NA,NA,NA,NA,NA,NA,NA,NA,NA,NA,NA,NA,10000,NA,"2015"
6,"A Space Gallery","20","City-wide","2",78600,NA,NA,NA,NA,NA,NA,NA,NA,16600,NA,NA,NA,NA,NA,NA,NA,NA,NA,NA,62000,NA,"2015"
7,"Abrigo Centre","17","City-wide","1",103055,NA,NA,NA,NA,NA,NA,NA,103055,NA,NA,NA,NA,NA,NA,NA,NA,NA,NA,NA,NA,NA,"2015"
8,"Access Alliance Multicultural Health And Community Services","35","City-wide","2",68865,NA,NA,NA,NA,NA,NA,NA,57365,NA,11500,NA,NA,NA,NA,NA,NA,NA,NA,NA,NA,NA,"2015"
9,"Acting Up Stage Theatre Company","28","City-wide","1",38000,NA,NA,NA,NA,NA,NA,NA,NA,NA,NA,NA,NA,NA,NA,NA,NA,NA,NA,NA,38000,NA,"2015"
10,"adelheid dance projects","20","City-wide","1",7000,NA,NA,NA,NA,NA,NA,NA,NA,NA,NA,NA,NA,NA,NA,NA,NA,NA,NA,NA,7000,NA,"2015"
11,"Afghan Women's Counselling and Integration Community Support Organization","26","City-wide","1",73200,NA,NA,NA,NA,NA,NA,NA,73200,NA,NA,NA,NA,NA,NA,NA,NA,NA,NA,NA,NA,NA,"2015"
12,"African Canadian Social Development Council","28","City-wide","1",34560,NA,NA,NA,NA,NA,NA,NA,34560,NA,NA,NA,NA,NA,NA,NA,NA,NA,NA,NA,NA,NA,"2015"
13,"African Women Acting","28","Local","1",8000,NA,NA,NA,NA,NA,NA,NA,NA,NA,NA,NA,NA,NA,NA,NA,NA,NA,NA,NA,8000,NA,"2015"
14,"Africans in Partnership Against AIDS","27","City-wide","1",100930,NA,NA,NA,NA,NA,NA,NA,100930,NA,NA,NA,NA,NA,NA,NA,NA,NA,NA,NA,NA,NA,"2015"
15,"Afrihili Cultural Association of Ontario","20","City-wide","1",4100,NA,NA,NA,NA,NA,NA,NA,NA,NA,NA,NA,NA,NA,NA,NA,NA,NA,NA,NA,4100,NA,"2015"
16,"Agincourt Community Services Association","41","Area services","3",439612,NA,NA,NA,47000,NA,NA,NA,143455,NA,NA,NA,NA,249157,NA,NA,NA,NA,NA,NA,NA,NA,"2015"
17,"Ahuri Theatre","17","City-wide","1",15000,NA,NA,NA,NA,NA,NA,NA,NA,NA,NA,NA,NA,NA,NA,NA,NA,NA,NA,NA,15000,NA,"2015"
18,"Aiding Dramatic Change in Development","19","City-wide","1",13000,NA,NA,NA,NA,NA,NA,NA,NA,NA,NA,NA,NA,NA,NA,NA,NA,NA,NA,NA,13000,NA,"2015"
19,"AIDS Committee Of Toronto","27","City-wide","1",67520,NA,NA,NA,NA,NA,NA,NA,67520,NA,NA,NA,NA,NA,NA,NA,NA,NA,NA,NA,NA,NA,"2015"
20,"Albion Neighbourhood Services","1","Area services","2",562730,NA,NA,NA,NA,NA,NA,NA,112730,NA,NA,NA,NA,450000,NA,NA,NA,NA,NA,NA,NA,NA,"2015"
21,"Alexander Park Community Centre","20","Area services","1",40000,NA,NA,NA,40000,NA,NA,NA,NA,NA,NA,NA,NA,NA,NA,NA,NA,NA,NA,NA,NA,NA,"2015"
22,"Alias Dance Projects","33","Local","1",7000,NA,NA,NA,NA,NA,NA,NA,NA,NA,NA,NA,NA,NA,NA,NA,NA,NA,NA,NA,7000,NA,"2015"
23,"Aisle 4","18","Local","1",5000,NA,NA,NA,NA,NA,NA,NA,NA,NA,NA,NA,NA,NA,NA,NA,NA,NA,NA,NA,5000,NA,"2015"
24,"Alliance Francaise de Toronto","20","City-wide","1",7500,NA,NA,NA,NA,NA,NA,NA,NA,NA,NA,NA,NA,NA,NA,NA,NA,NA,NA,NA,7500,NA,"2015"
25,"Aluna Theatre","17","City-wide","1",36000,NA,NA,NA,NA,NA,NA,NA,NA,NA,NA,NA,NA,NA,NA,NA,NA,NA,NA,NA,36000,NA,"2015"
26,"Amadeus Choir of Greater Toronto","23","City-wide","1",25375,NA,NA,NA,NA,NA,NA,NA,NA,NA,NA,NA,NA,NA,NA,NA,NA,NA,NA,NA,25375,NA,"2015"
27,"Amici Chamber Ensemble","20","City-wide","1",18000,NA,NA,NA,NA,NA,NA,NA,NA,NA,NA,NA,NA,NA,NA,NA,NA,NA,NA,NA,18000,NA,"2015"
28,"Angel Foundation for Learning","23","City-wide","1",1965403,NA,NA,NA,NA,NA,NA,NA,NA,NA,NA,NA,NA,NA,NA,NA,NA,NA,NA,1965403,NA,NA,"2015"
29,"AnOther Theatre Company","27","City-wide","1",3000,NA,NA,NA,NA,NA,NA,NA,NA,NA,NA,NA,NA,NA,NA,NA,NA,NA,NA,NA,3000,NA,"2015"
30,"ANTARES Publishing House of Spanish Culture","25","City-wide","1",6000,NA,NA,NA,NA,NA,NA,NA,NA,NA,NA,NA,NA,NA,NA,NA,NA,NA,NA,NA,6000,NA,"2015"
31,"Aphasia Institute","25","City-wide","1",21900,NA,NA,NA,NA,NA,NA,NA,21900,NA,NA,NA,NA,NA,NA,NA,NA,NA,NA,NA,NA,NA,"2015"
32,"Arab Community Centre of Toronto (The)","3","City-wide","1",38750,NA,NA,NA,NA,NA,NA,NA,38750,NA,NA,NA,NA,NA,NA,NA,NA,NA,NA,NA,NA,NA,"2015"
33,"ARCH Disability Law Centre","28","City-wide","1",31000,NA,NA,NA,NA,NA,NA,NA,31000,NA,NA,NA,NA,NA,NA,NA,NA,NA,NA,NA,NA,NA,"2015"
34,"Architect Theatre","18","City-wide","1",2000,NA,NA,NA,NA,NA,NA,NA,NA,NA,NA,NA,NA,NA,NA,NA,NA,NA,NA,NA,2000,NA,"2015"
35,"Armenian Relief Society Inc. -""Roubina"" Chapter","33","City-wide","1",21900,NA,NA,NA,NA,NA,NA,NA,21900,NA,NA,NA,NA,NA,NA,NA,NA,NA,NA,NA,NA,NA,"2015"
36,"Aradia Ensemble","20","City-wide","1",10000,NA,NA,NA,NA,NA,NA,NA,NA,NA,NA,NA,NA,NA,NA,NA,NA,NA,NA,NA,10000,NA,"2015"
37,"Arraymusic","19","City-wide","1",58090,NA,NA,NA,NA,NA,NA,NA,NA,NA,NA,NA,NA,NA,NA,NA,NA,NA,NA,NA,58090,NA,"2015"
38,"Ars Mechanica","20","City-wide","1",7000,NA,NA,NA,NA,NA,NA,NA,NA,NA,NA,NA,NA,NA,NA,NA,NA,NA,NA,NA,7000,NA,"2015"
39,"Art Bar Poetry Series","29","City-wide","1",7000,NA,NA,NA,NA,NA,NA,NA,NA,NA,NA,NA,NA,NA,NA,NA,NA,NA,NA,NA,7000,NA,"2015"
40,"Art Gallery of Ontario","20","City-wide","1",626750,NA,NA,NA,NA,NA,NA,NA,NA,NA,NA,NA,NA,NA,NA,NA,626750,NA,NA,NA,NA,NA,"2015"
41,"Art Gallery of York University","8","City-wide","1",67000,NA,NA,NA,NA,NA,NA,NA,NA,NA,NA,NA,NA,NA,NA,NA,NA,NA,NA,NA,67000,NA,"2015"
42,"Art Metropole","18","City-wide","1",40000,NA,NA,NA,NA,NA,NA,NA,NA,NA,NA,NA,NA,NA,NA,NA,NA,NA,NA,NA,40000,NA,"2015"
43,"Art of Time Ensemble","20","City-wide","1",50000,NA,NA,NA,NA,NA,NA,NA,NA,NA,NA,NA,NA,NA,NA,NA,NA,NA,NA,NA,50000,NA,"2015"
44,"Art Starts Neighbourhood Cultural Centre","16","Area services","2",90000,NA,NA,25000,NA,NA,NA,NA,NA,NA,NA,NA,NA,NA,NA,NA,NA,NA,NA,NA,65000,NA,"2015"
45,"Article 11  Performance Group","27","Local","1",15000,NA,NA,NA,NA,NA,NA,NA,NA,NA,NA,NA,NA,NA,NA,NA,NA,NA,NA,NA,15000,NA,"2015"
46,"Artists Film Exhibition Group","20","City-wide","1",23000,NA,NA,NA,NA,NA,NA,NA,NA,NA,NA,NA,NA,NA,NA,NA,NA,NA,NA,NA,23000,NA,"2015"
47,"ArtReach Toronto","20","City-wide","3",110000,NA,NA,NA,NA,NA,NA,NA,NA,NA,NA,NA,NA,NA,50000,NA,NA,NA,30000,NA,30000,NA,"2015"
48,"Arts Etobicoke","5","City-wide","1",374805,NA,NA,NA,NA,NA,NA,NA,NA,NA,NA,NA,NA,NA,NA,374805,NA,NA,NA,NA,NA,NA,"2015"
49,"Arts For Children And Youth","20","Area services","3",111000,NA,NA,35000,NA,NA,28000,NA,NA,NA,NA,NA,NA,NA,NA,NA,NA,NA,NA,NA,48000,NA,"2015"
50,"Arts4All Creative Society","17","Local","1",15000,NA,NA,NA,NA,NA,NA,NA,NA,NA,NA,NA,NA,NA,NA,NA,NA,NA,NA,NA,15000,NA,"2015"
51,"Ashkenaz Foundation","20","City-wide","1",50000,NA,NA,NA,NA,NA,NA,NA,NA,NA,NA,NA,NA,NA,NA,NA,NA,NA,NA,NA,50000,NA,"2015"
52,"Asian Arts Freedom School","18","City-wide","1",12000,NA,NA,NA,NA,NA,NA,NA,NA,NA,NA,NA,NA,NA,NA,NA,NA,NA,NA,NA,12000,NA,"2015"
53,"Asian Community AIDS Services","20","Local","2",34900,NA,NA,27000,NA,NA,NA,NA,NA,NA,NA,NA,NA,NA,NA,NA,NA,NA,NA,NA,7900,NA,"2015"
54,"Ascot Co-op","2","City-wide","1",11625,NA,NA,NA,NA,NA,NA,NA,NA,NA,11625,NA,NA,NA,NA,NA,NA,NA,NA,NA,NA,NA,"2015"
55,"Assaulted Women's Helpline","20","City-wide","1",57590,NA,NA,NA,NA,NA,NA,NA,57590,NA,NA,NA,NA,NA,NA,NA,NA,NA,NA,NA,NA,NA,"2015"
56,"Association of Music and Innocative Arts","21","City-wide","1",3500,NA,NA,NA,NA,NA,NA,NA,NA,NA,NA,NA,NA,NA,NA,NA,NA,NA,NA,NA,3500,NA,"2015"
57,"AWIC Community and Social Services","33","City-wide","1",78515,NA,NA,NA,NA,NA,NA,NA,78515,NA,NA,NA,NA,NA,NA,NA,NA,NA,NA,NA,NA,NA,"2015"
58,"Axis Music Inc.","35","Local","1",10000,NA,NA,NA,NA,NA,NA,NA,NA,NA,NA,NA,NA,NA,NA,NA,NA,NA,NA,NA,10000,NA,"2015"
59,"b current","21","Local","1",27000,NA,NA,NA,NA,NA,NA,NA,NA,NA,NA,NA,NA,NA,NA,NA,NA,NA,NA,NA,27000,NA,"2015"
60,"B.I.G. Bloor Improvement Group","18","Local","1",8000,NA,NA,NA,NA,NA,NA,NA,NA,NA,NA,NA,NA,NA,NA,NA,NA,NA,NA,NA,8000,NA,"2015"
61,"Baby Steps Parenting","15","Local","1",13000,NA,NA,NA,NA,NA,NA,NA,NA,NA,NA,NA,NA,NA,NA,NA,NA,NA,NA,NA,13000,NA,"2015"
62,"Bach Children's Chorus of Scarborough","43","City-wide","1",25000,NA,NA,NA,NA,NA,NA,NA,NA,NA,NA,NA,NA,NA,NA,NA,NA,NA,NA,NA,25000,NA,"2015"
63,"Bad News Days Performing Arts","14","City-wide","1",9000,NA,NA,NA,NA,NA,NA,NA,NA,NA,NA,NA,NA,NA,NA,NA,NA,NA,NA,NA,9000,NA,"2015"
64,"Bain Arts Collective","30","Local","1",13000,NA,NA,NA,NA,NA,NA,NA,NA,NA,NA,NA,NA,NA,NA,NA,NA,NA,NA,NA,13000,NA,"2015"
65,"Ballet Creole","20","City-wide","1",23750,NA,NA,NA,NA,NA,NA,NA,NA,NA,NA,NA,NA,NA,NA,NA,NA,NA,NA,NA,23750,NA,"2015"
66,"Ballet Jorgen Canada","27","City-wide","1",90000,NA,NA,NA,NA,NA,NA,NA,NA,NA,NA,NA,NA,NA,NA,NA,NA,NA,NA,NA,90000,NA,"2015"
67,"Baque de Bamba","18","City-wide","1",9500,NA,NA,NA,NA,NA,NA,NA,NA,NA,NA,NA,NA,NA,NA,NA,NA,NA,NA,NA,9500,NA,"2015"
68,"Barbra Schlifer Commemorative Clinic","19","Local","3",107255,48000,NA,NA,NA,NA,NA,NA,50255,NA,NA,NA,NA,NA,NA,NA,NA,NA,NA,NA,9000,NA,"2015"
69,"Barrier Free Media Alliance","20","City-wide","1",8000,NA,NA,NA,NA,NA,NA,NA,NA,NA,NA,NA,NA,NA,NA,NA,NA,NA,NA,NA,8000,NA,"2015"
70,"Bathurst Finch Network","10","Area services","1",75000,NA,NA,NA,NA,NA,NA,75000,NA,NA,NA,NA,NA,NA,NA,NA,NA,NA,NA,NA,NA,NA,"2015"
71,"Batuki Music Society","28","City-wide","1",5000,NA,NA,NA,NA,NA,NA,NA,NA,NA,NA,NA,NA,NA,NA,NA,NA,NA,NA,NA,5000,NA,"2015"
72,"Belka Enrichment Centre","8","City-wide","1",10000,NA,NA,NA,NA,NA,10000,NA,NA,NA,NA,NA,NA,NA,NA,NA,NA,NA,NA,NA,NA,NA,"2015"
73,"Bereaved Families of Ontario-Toronto","22","City-wide","1",66035,NA,NA,NA,NA,NA,NA,NA,66035,NA,NA,NA,NA,NA,NA,NA,NA,NA,NA,NA,NA,NA,"2015"
74,"Bernard Betel Centre for Creative Living","10","Area Services","1",120425,NA,NA,NA,NA,NA,NA,NA,120425,NA,NA,NA,NA,NA,NA,NA,NA,NA,NA,NA,NA,NA,"2015"
75,"Better Living Health and Community Services","25","Area Services","1",204470,NA,NA,NA,NA,NA,NA,NA,204470,NA,NA,NA,NA,NA,NA,NA,NA,NA,NA,NA,NA,NA,"2015"
76,"Birchmount Bluffs Neighbourhood Centre","36","Area Services","2",108120,NA,NA,NA,NA,NA,26000,NA,82120,NA,NA,NA,NA,NA,NA,NA,NA,NA,NA,NA,NA,NA,"2015"
77,"Birchmount Community Action Council","37","Local","1",10000,NA,NA,NA,NA,NA,NA,NA,NA,NA,NA,NA,NA,NA,NA,NA,NA,NA,NA,NA,10000,NA,"2015"
78,"Black Business Professional Association (BBP)","20","City Wide","1",240000,NA,240000,NA,NA,NA,NA,NA,NA,NA,NA,NA,NA,NA,NA,NA,NA,NA,NA,NA,NA,NA,"2015"
79,"Bloor Information and Life Skills Centre","19","City-wide","1",34445,NA,NA,NA,NA,NA,NA,NA,34445,NA,NA,NA,NA,NA,NA,NA,NA,NA,NA,NA,NA,NA,"2015"
80,"Blue Ceiling Dance","13","City-wide","1",6500,NA,NA,NA,NA,NA,NA,NA,NA,NA,NA,NA,NA,NA,NA,NA,NA,NA,NA,NA,6500,NA,"2015"
81,"bluemounth inc. presents","18","City-wide","1",8000,NA,NA,NA,NA,NA,NA,NA,NA,NA,NA,NA,NA,NA,NA,NA,NA,NA,NA,NA,8000,NA,"2015"
82,"Boost Child Abuse Prevention and Intervention","27","City-wide","1",256880,NA,NA,NA,NA,NA,NA,NA,256880,NA,NA,NA,NA,NA,NA,NA,NA,NA,NA,NA,NA,NA,"2015"
83,"BoucharDanze","17","City-wide","1",7000,NA,NA,NA,NA,NA,NA,NA,NA,NA,NA,NA,NA,NA,NA,NA,NA,NA,NA,NA,7000,NA,"2015"
84,"Braeburn Neighbourhood Place","2","Area services","1",46825,NA,NA,NA,NA,NA,NA,NA,46825,NA,NA,NA,NA,NA,NA,NA,NA,NA,NA,NA,NA,NA,"2015"
85,"Broken Heals","18","Local","1",5000,NA,NA,NA,NA,NA,NA,NA,NA,NA,NA,NA,NA,NA,NA,NA,NA,NA,NA,NA,5000,NA,"2015"
86,"BUCC  N FLVR DANCE COMPANY","35","Local","1",18000,NA,NA,NA,NA,NA,NA,NA,NA,NA,NA,NA,NA,NA,NA,NA,NA,NA,NA,NA,18000,NA,"2015"
87,"Buddies In Bad Times Theatre","27","City-wide","1",143000,NA,NA,NA,NA,NA,NA,NA,NA,NA,NA,NA,NA,NA,NA,NA,NA,NA,NA,NA,143000,NA,"2015"
88,"Butcher's Block Productions","18","City-wide","1",10000,NA,NA,NA,NA,NA,NA,NA,NA,NA,NA,NA,NA,NA,NA,NA,NA,NA,NA,NA,10000,NA,"2015"
89,"C-A-Mcorder Productions","17","City-wide","1",9000,NA,NA,NA,NA,NA,NA,NA,NA,NA,NA,NA,NA,NA,NA,NA,NA,NA,NA,NA,9000,NA,"2015"
90,"Cabbagetown Youth Centre Inc","28","Area services","1",36525,NA,NA,NA,NA,NA,NA,NA,36525,NA,NA,NA,NA,NA,NA,NA,NA,NA,NA,NA,NA,NA,"2015"
91,"CADA-ON","28","City-wide","1",21000,NA,NA,NA,NA,NA,NA,NA,NA,NA,NA,NA,NA,NA,NA,NA,NA,NA,NA,NA,21000,NA,"2015"
92,"Cahoots Theatre Projects","28","City-wide","1",44000,NA,NA,NA,NA,NA,NA,NA,NA,NA,NA,NA,NA,NA,NA,NA,NA,NA,NA,NA,44000,NA,"2015"
93,"Cajuca Mas Arts Producers","37","City-wide","1",10000,NA,NA,NA,NA,NA,NA,NA,NA,NA,NA,NA,NA,NA,NA,NA,NA,NA,NA,NA,10000,NA,"2015"
94,"Canada Clown","20","City-wide","1",15000,NA,NA,NA,NA,NA,NA,NA,NA,NA,NA,NA,NA,NA,NA,NA,NA,NA,NA,NA,15000,NA,"2015"
95,"Canada's National Ballet School","27","City-wide","1",161000,NA,NA,NA,NA,NA,NA,NA,NA,NA,NA,NA,NA,NA,NA,NA,161000,NA,NA,NA,NA,NA,"2015"
96,"Canadian Centre for Victims of Torture","27","City-wide","1",25925,NA,NA,NA,NA,NA,NA,NA,25925,NA,NA,NA,NA,NA,NA,NA,NA,NA,NA,NA,NA,NA,"2015"
97,"Canadian Children's Opera Company","28","City-wide","1",22500,NA,NA,NA,NA,NA,NA,NA,NA,NA,NA,NA,NA,NA,NA,NA,NA,NA,NA,NA,22500,NA,"2015"
98,"Canadian Contemporary Dance Theatre","20","City-wide","1",55000,NA,NA,NA,NA,NA,NA,NA,NA,NA,NA,NA,NA,NA,NA,NA,NA,NA,NA,NA,55000,NA,"2015"
99,"Canadian Film in the Schools","20","City-wide","1",5000,NA,NA,NA,NA,NA,NA,NA,NA,NA,NA,NA,NA,NA,NA,NA,NA,NA,NA,NA,5000,NA,"2015"
100,"Canadian Filmmakers Distribution Centre","20","City-wide","1",51000,NA,NA,NA,NA,NA,NA,NA,NA,NA,NA,NA,NA,NA,NA,NA,NA,NA,NA,NA,51000,NA,"2015"
101,"Canadian Gay and Lesbian Archives","27","City-wide","1",4000,NA,NA,NA,NA,NA,NA,NA,NA,NA,NA,NA,NA,NA,NA,NA,NA,NA,NA,NA,4000,NA,"2015"
102,"Canadian Hearing Society","22","City-wide","1",17060,NA,NA,NA,NA,NA,NA,NA,17060,NA,NA,NA,NA,NA,NA,NA,NA,NA,NA,NA,NA,NA,"2015"
103,"Canadian Men's Chorus","20","City-wide","1",3000,NA,NA,NA,NA,NA,NA,NA,NA,NA,NA,NA,NA,NA,NA,NA,NA,NA,NA,NA,3000,NA,"2015"
104,"Canadian Mental Health Association, The","15","City-wide","1",17290,NA,NA,NA,NA,NA,NA,NA,17290,NA,NA,NA,NA,NA,NA,NA,NA,NA,NA,NA,NA,NA,"2015"
105,"Canadian Music Centre","27","City-wide","1",70000,NA,NA,NA,NA,NA,NA,NA,NA,NA,NA,NA,NA,NA,NA,NA,NA,NA,NA,NA,70000,NA,"2015"
106,"Canadian Opera Company","28","City-wide","1",1522800,NA,NA,NA,NA,NA,NA,NA,NA,NA,NA,NA,NA,NA,NA,NA,1522800,NA,NA,NA,NA,NA,"2015"
107,"Canadian Red Cross, Markham Office","38","Area Services","1",27560,NA,NA,NA,NA,NA,NA,NA,27560,NA,NA,NA,NA,NA,NA,NA,NA,NA,NA,NA,NA,NA,"2015"
108,"Canadian Red Cross, Toronto Region","18","City-wide","1",71500,NA,NA,NA,NA,NA,NA,NA,NA,NA,NA,NA,NA,71500,NA,NA,NA,NA,NA,NA,NA,NA,"2015"
109,"Canadian Rep Theatre","28","Local","1",3000,NA,NA,NA,NA,NA,NA,NA,NA,NA,NA,NA,NA,NA,NA,NA,NA,NA,NA,NA,3000,NA,"2015"
110,"Canadian Roots Exchange","19","City-wide","1",10000,NA,NA,NA,NA,NA,NA,NA,NA,NA,NA,NA,NA,NA,NA,NA,NA,NA,NA,NA,10000,NA,"2015"
111,"Canadian Society of Children's Authors, Ilustrators","6","City-wide","1",7000,NA,NA,NA,NA,NA,NA,NA,NA,NA,NA,NA,NA,NA,NA,NA,NA,NA,NA,NA,7000,NA,"2015"
112,"Canadian Stage Company","28","City-wide","1",905000,NA,NA,NA,NA,NA,NA,NA,NA,NA,NA,NA,NA,NA,NA,NA,NA,NA,NA,NA,905000,NA,"2015"
113,"Canadian Tamil Youth Development Centre","38","City-wide","1",123130,NA,NA,NA,NA,NA,NA,NA,123130,NA,NA,NA,NA,NA,NA,NA,NA,NA,NA,NA,NA,NA,"2015"
114,"CanAsian Dance Festival","20","City-wide","1",18000,NA,NA,NA,NA,NA,NA,NA,NA,NA,NA,NA,NA,NA,NA,NA,NA,NA,NA,NA,18000,NA,"2015"
115,"CANES Community Centre","2","Area Services","1",64955,NA,NA,NA,NA,NA,NA,NA,64955,NA,NA,NA,NA,NA,NA,NA,NA,NA,NA,NA,NA,NA,"2015"
116,"CANORAA INC.","35","City-wide","1",10000,NA,NA,NA,NA,NA,NA,NA,NA,NA,NA,NA,NA,NA,NA,NA,NA,NA,NA,NA,10000,NA,"2015"
117,"CANVAS Programs","21","Local","1",5000,NA,NA,NA,NA,NA,NA,NA,NA,NA,NA,NA,NA,NA,NA,NA,NA,NA,NA,NA,5000,NA,"2015"
118,"Canzine Arts Festival","20","City-wide","1",5000,NA,NA,NA,NA,NA,NA,NA,NA,NA,NA,NA,NA,NA,NA,NA,NA,NA,NA,NA,5000,NA,"2015"
119,"Carefirst Seniors and Community Services Association","39","City-wide","1",90965,NA,NA,NA,NA,NA,NA,NA,90965,NA,NA,NA,NA,NA,NA,NA,NA,NA,NA,NA,NA,NA,"2015"
120,"CARFAC Ontario","20","City-wide","1",24000,NA,NA,NA,NA,NA,NA,NA,NA,NA,NA,NA,NA,NA,NA,NA,NA,NA,NA,NA,24000,NA,"2015"
121,"CaribbeanTales International Film Festival","19","City-wide","1",2000,NA,NA,NA,NA,NA,NA,NA,NA,NA,NA,NA,NA,NA,NA,NA,NA,NA,NA,NA,2000,NA,"2015"
122,"Cathedral Bluffs Symphony Orchestra","42","Local","1",15000,NA,NA,NA,NA,NA,NA,NA,NA,NA,NA,NA,NA,NA,NA,NA,NA,NA,NA,NA,15000,NA,"2015"
123,"Catholic Crosscultural Services","38","Area Services","1",25860,NA,NA,NA,NA,NA,NA,NA,25860,NA,NA,NA,NA,NA,NA,NA,NA,NA,NA,NA,NA,NA,"2015"
124,"Cecil Community Centre","20","Area  services","1",4970,NA,NA,NA,NA,NA,NA,NA,4970,NA,NA,NA,NA,NA,NA,NA,NA,NA,NA,NA,NA,NA,"2015"
125,"Cecilia String Quartet","28","City-wide","1",8850,NA,NA,NA,NA,NA,NA,NA,NA,NA,NA,NA,NA,NA,NA,NA,NA,NA,NA,NA,8850,NA,"2015"
126,"Cedar Ridge Studio Gallery","43","City-wide","1",5500,NA,NA,NA,NA,NA,NA,NA,NA,NA,NA,NA,NA,NA,NA,NA,NA,NA,NA,NA,5500,NA,"2015"
127,"Central Eglinton Community Centre","22","Area Services","1",26685,NA,NA,NA,NA,NA,NA,NA,26685,NA,NA,NA,NA,NA,NA,NA,NA,NA,NA,NA,NA,NA,"2015"
128,"Central Neighbourhood House Association","28","Area services","1",6000,NA,NA,NA,NA,NA,NA,NA,NA,NA,NA,NA,NA,NA,NA,NA,NA,NA,NA,NA,6000,NA,"2015"
129,"Central Toronto Youth Services","27","City-wide","1",13000,NA,NA,NA,NA,NA,NA,NA,NA,NA,NA,NA,NA,NA,NA,NA,NA,NA,NA,NA,13000,NA,"2015"
130,"Centre for Community Learning and Development","28","City-wide","1",44410,NA,NA,NA,NA,NA,NA,NA,44410,NA,NA,NA,NA,NA,NA,NA,NA,NA,NA,NA,NA,NA,"2015"
131,"Centre for Equality Rights in Accommodation","19","City-wide","2",148670,30000,NA,NA,NA,NA,NA,NA,NA,NA,NA,NA,NA,118670,NA,NA,NA,NA,NA,NA,NA,NA,"2015"
132,"Centre for Immigrant and Community Services","41","City-wide","1",115455,NA,NA,NA,NA,NA,NA,NA,115455,NA,NA,NA,NA,NA,NA,NA,NA,NA,NA,NA,NA,NA,"2015"
133,"Centre for Independent Living in Toronto (C.I.L.T.)","27","City-wide","1",23065,NA,NA,NA,NA,NA,NA,NA,23065,NA,NA,NA,NA,NA,NA,NA,NA,NA,NA,NA,NA,NA,"2015"
134,"Centre for Indigenous Theatre","19","City-wide","1",40000,NA,NA,NA,NA,NA,NA,NA,NA,NA,NA,NA,NA,NA,NA,NA,NA,NA,NA,NA,40000,NA,"2015"
135,"Centre For Spanish Speaking Peoples (The)","9","City-wide","4",122800,NA,NA,25000,NA,9000,NA,NA,60800,NA,NA,28000,NA,NA,NA,NA,NA,NA,NA,NA,NA,NA,"2015"
136,"Charles Street Video","19","City-wide","1",54500,NA,NA,NA,NA,NA,NA,NA,NA,NA,NA,NA,NA,NA,NA,NA,NA,NA,NA,NA,54500,NA,"2015"
137,"Chiaroscuro Reading Series","20","City-wide","1",8000,NA,NA,NA,NA,NA,NA,NA,NA,NA,NA,NA,NA,NA,NA,NA,NA,NA,NA,NA,8000,NA,"2015"
138,"Children's Aid Society of Toronto","30","City-wide","1",57409,NA,NA,NA,NA,NA,NA,NA,NA,NA,NA,NA,NA,57409,NA,NA,NA,NA,NA,NA,NA,NA,"2015"
139,"Children's Peace Theatre","31","Area Services","2",52000,NA,NA,NA,NA,NA,27000,NA,NA,NA,NA,NA,NA,NA,NA,NA,NA,NA,NA,NA,25000,NA,"2015"
140,"Chinese Artists Society of Toronto","42","City-wide","1",13000,NA,NA,NA,NA,NA,NA,NA,NA,NA,NA,NA,NA,NA,NA,NA,NA,NA,NA,NA,13000,NA,"2015"
141,"Chinese Canadian National Council Toronto Chapter","20","City-wide","2",90425,NA,NA,NA,35000,NA,NA,NA,55425,NA,NA,NA,NA,NA,NA,NA,NA,NA,NA,NA,NA,NA,"2015"
142,"Chinese Cultural Centre of Greater Toronto","42","City-wide","2",49000,NA,NA,NA,NA,NA,28000,NA,NA,21000,NA,NA,NA,NA,NA,NA,NA,NA,NA,NA,NA,NA,"2015"
143,"Chinese Family Services of Ontario","41","City-wide","1",36865,NA,NA,NA,NA,NA,NA,NA,36865,NA,NA,NA,NA,NA,NA,NA,NA,NA,NA,NA,NA,NA,"2015"
144,"Chocolate Woman Collective","17","City-wide","1",8000,NA,NA,NA,NA,NA,NA,NA,NA,NA,NA,NA,NA,NA,NA,NA,NA,NA,NA,NA,8000,NA,"2015"
145,"Choirs Ontario","22","City-wide","1",4800,NA,NA,NA,NA,NA,NA,NA,NA,NA,NA,NA,NA,NA,NA,NA,NA,NA,NA,NA,4800,NA,"2015"
146,"Christie Ossington Neighbourhood Centre","19","City-wide","1",67580,NA,NA,NA,NA,NA,NA,NA,67580,NA,NA,NA,NA,NA,NA,NA,NA,NA,NA,NA,NA,NA,"2015"
147,"Christie Pits Film Festival","19","Local","1",1000,NA,NA,NA,NA,NA,NA,NA,NA,NA,NA,NA,NA,NA,NA,NA,NA,NA,NA,NA,1000,NA,"2015"
148,"Church of the Redeemer","7","Local","1",70000,NA,NA,NA,NA,NA,NA,NA,NA,NA,NA,NA,70000,NA,NA,NA,NA,NA,NA,NA,NA,NA,"2015"
149,"Circle of Home Care Services (Toronto)","25","City-wide","2",97045,NA,NA,NA,NA,NA,NA,NA,97045,NA,NA,NA,NA,NA,NA,NA,NA,NA,NA,NA,NA,NA,"2015"
150,"Clay and Paper Theatre","18","City-wide","1",22000,NA,NA,NA,NA,NA,NA,NA,NA,NA,NA,NA,NA,NA,NA,NA,NA,NA,NA,NA,22000,NA,"2015"
151,"Cliffcrest Community Centre","38","Local","1",33215,NA,NA,NA,NA,NA,NA,NA,33215,NA,NA,NA,NA,NA,NA,NA,NA,NA,NA,NA,NA,NA,"2015"
152,"COBA Collective of Black Artists","13","City-wide","1",24000,NA,NA,NA,NA,NA,NA,NA,NA,NA,NA,NA,NA,NA,NA,NA,NA,NA,NA,NA,24000,NA,"2015"
153,"Coleman Lemieux & Compagnie","28","City-wide","1",40000,NA,NA,NA,NA,NA,NA,NA,NA,NA,NA,NA,NA,NA,NA,NA,NA,NA,NA,NA,40000,NA,"2015"
154,"Common People","28","City-wide","1",7950,NA,NA,NA,NA,NA,NA,NA,NA,NA,NA,NA,NA,NA,NA,NA,NA,NA,NA,NA,7950,NA,"2015"
155,"Community Action Resource Centre","12","Area services","1",156420,NA,NA,NA,NA,NA,NA,NA,156420,NA,NA,NA,NA,NA,NA,NA,NA,NA,NA,NA,NA,NA,"2015"
156,"Community Centre 55","32","Local","1",15000,NA,NA,NA,NA,NA,NA,NA,NA,NA,NA,15000,NA,NA,NA,NA,NA,NA,NA,NA,NA,NA,"2015"
157,"Community Head Injury Resource Services of Toronto","23","City-wide","1",10337,NA,NA,NA,NA,NA,NA,NA,NA,NA,10337,NA,NA,NA,NA,NA,NA,NA,NA,NA,NA,NA,"2015"
158,"Community Information Fairview","33","Area Services","1",31685,NA,NA,NA,NA,NA,NA,NA,31685,NA,NA,NA,NA,NA,NA,NA,NA,NA,NA,NA,NA,NA,"2015"
159,"Community Matters Toronto/St. James Town Family Literacy Services.","28","Area services","1",3500,NA,NA,NA,NA,NA,NA,NA,NA,NA,NA,3500,NA,NA,NA,NA,NA,NA,NA,NA,NA,NA,"2015"
160,"Community Microskills Development Centre","2","City-wide","1",77385,NA,NA,NA,NA,NA,NA,NA,77385,NA,NA,NA,NA,NA,NA,NA,NA,NA,NA,NA,NA,NA,"2015"
161,"Community Social Planning Council of Toronto","27","City-wide","1",384015,NA,NA,NA,NA,NA,NA,NA,384015,NA,NA,NA,NA,NA,NA,NA,NA,NA,NA,NA,NA,NA,"2015"
162,"Community Story Collective","25","Local","1",20000,NA,NA,NA,NA,NA,NA,NA,NA,NA,NA,NA,NA,NA,NA,NA,NA,NA,NA,NA,20000,NA,"2015"
163,"Compania Carmen Romero","34","City-wide","1",7000,NA,NA,NA,NA,NA,NA,NA,NA,NA,NA,NA,NA,NA,NA,NA,NA,NA,NA,NA,7000,NA,"2015"
164,"Connecting Women with Scarborough Services","14","Area Services","1",40000,NA,NA,NA,NA,NA,NA,NA,NA,NA,NA,NA,NA,NA,NA,NA,NA,NA,40000,NA,NA,NA,"2015"
165,"Contact Contemporary Music","27","City-wide","1",4000,NA,NA,NA,NA,NA,NA,NA,NA,NA,NA,NA,NA,NA,NA,NA,NA,NA,NA,NA,4000,NA,"2015"
166,"Contact Toronto Photography Festival","19","City-wide","1",3000,NA,NA,NA,NA,NA,NA,NA,NA,NA,NA,NA,NA,NA,NA,NA,NA,NA,NA,NA,3000,NA,"2015"
167,"Contemporary Textile Studio","20","City-wide","1",7350,NA,NA,NA,NA,NA,NA,NA,NA,7350,NA,NA,NA,NA,NA,NA,NA,NA,NA,NA,NA,NA,"2015"
168,"Continuum","21","City-wide","1",21000,NA,NA,NA,NA,NA,NA,NA,NA,NA,NA,NA,NA,NA,NA,NA,NA,NA,NA,NA,21000,NA,"2015"
169,"Corpus Dance Projects","19","City-wide","1",33000,NA,NA,NA,NA,NA,NA,NA,NA,NA,NA,NA,NA,NA,NA,NA,NA,NA,NA,NA,33000,NA,"2015"
170,"COSTI Immigrant Services","17","Area services","2",698580,NA,NA,NA,NA,NA,NA,NA,126855,NA,NA,NA,NA,571725,NA,NA,NA,NA,NA,NA,NA,NA,"2015"
171,"Council of Agencies Serving South Asians (CASSA)","35","City-wide","1",55425,NA,NA,NA,NA,NA,NA,NA,55425,NA,NA,NA,NA,NA,NA,NA,NA,NA,NA,NA,NA,NA,"2015"
172,"Craft Ontario","19","City-wide","1",32000,NA,NA,NA,NA,NA,NA,NA,NA,NA,NA,NA,NA,NA,NA,NA,NA,NA,NA,NA,32000,NA,"2015"
173,"Cross Cultural Community Services Association","20","City-wide","1",26115,NA,NA,NA,NA,NA,NA,NA,26115,NA,NA,NA,NA,NA,NA,NA,NA,NA,NA,NA,NA,NA,"2015"
174,"Cross Toronto Community Development Corp. (Fresh Start Cleaning)","19","Area services","1",139108,NA,NA,NA,NA,NA,NA,NA,NA,NA,NA,NA,NA,139108,NA,NA,NA,NA,NA,NA,NA,NA,"2015"
175,"Crow's Theatre Company","28","City-wide","1",42000,NA,NA,NA,NA,NA,NA,NA,NA,NA,NA,NA,NA,NA,NA,NA,NA,NA,NA,NA,42000,NA,"2015"
176,"CultureLink Settlement Services","14","City-wide","1",67895,NA,NA,NA,NA,NA,NA,NA,67895,NA,NA,NA,NA,NA,NA,NA,NA,NA,NA,NA,NA,NA,"2015"
177,"Cue6 Theatre Company Inc","20","City-wide","1",2200,NA,NA,NA,NA,NA,NA,NA,NA,NA,NA,NA,NA,NA,NA,NA,NA,NA,NA,NA,2200,NA,"2015"
178,"Culchahworks Arts Collective","19","City-wide","1",5000,NA,NA,NA,NA,NA,NA,NA,NA,NA,NA,NA,NA,NA,NA,NA,NA,NA,NA,NA,5000,NA,"2015"
179,"Dance Collection Danse","27","City-wide","1",31000,NA,NA,NA,NA,NA,NA,NA,NA,NA,NA,NA,NA,NA,NA,NA,NA,NA,NA,NA,31000,NA,"2015"
180,"Dance Immersion Ontario","20","City-wide","1",25000,NA,NA,NA,NA,NA,NA,NA,NA,NA,NA,NA,NA,NA,NA,NA,NA,NA,NA,NA,25000,NA,"2015"
181,"Dance Matters Dance Productions","14","City-wide","1",10000,NA,NA,NA,NA,NA,NA,NA,NA,NA,NA,NA,NA,NA,NA,NA,NA,NA,NA,NA,10000,NA,"2015"
182,"Dance Ontario Association","20","City-wide","1",20000,NA,NA,NA,NA,NA,NA,NA,NA,NA,NA,NA,NA,NA,NA,NA,NA,NA,NA,NA,20000,NA,"2015"
183,"Dancemakers","28","City-wide","1",92000,NA,NA,NA,NA,NA,NA,NA,NA,NA,NA,NA,NA,NA,NA,NA,NA,NA,NA,NA,92000,NA,"2015"
184,"DanceWorks","20","City-wide","1",55000,NA,NA,NA,NA,NA,NA,NA,NA,NA,NA,NA,NA,NA,NA,NA,NA,NA,NA,NA,55000,NA,"2015"
185,"Dancing with Parkinson's Inc.","27","City-wide","1",9000,NA,NA,NA,NA,NA,NA,NA,NA,NA,NA,NA,NA,NA,NA,NA,NA,NA,NA,NA,9000,NA,"2015"
186,"Davenport Perth Neighbourhood Centre","17","Area services","1",84960,NA,NA,NA,NA,NA,NA,NA,84960,NA,NA,NA,NA,NA,NA,NA,NA,NA,NA,NA,NA,NA,"2015"
187,"Dead Roads Collective","13","City-wide","1",5000,NA,NA,NA,NA,NA,NA,NA,NA,NA,NA,NA,NA,NA,NA,NA,NA,NA,NA,NA,5000,NA,"2015"
188,"Delta Family Resource Centre","7","Area Services","3",151945,35000,NA,NA,NA,10000,NA,NA,106945,NA,NA,NA,NA,NA,NA,NA,NA,NA,NA,NA,NA,NA,"2015"
189,"Dia de los Muertos Collective","21","City-wide","1",9000,NA,NA,NA,NA,NA,NA,NA,NA,NA,NA,NA,NA,NA,NA,NA,NA,NA,NA,NA,9000,NA,"2015"
190,"Diaspora Dialogues Charitable Society","20","City-wide","1",45000,NA,NA,NA,NA,NA,NA,NA,NA,NA,NA,NA,NA,NA,NA,NA,NA,NA,NA,NA,45000,NA,"2015"
191,"Directors Lab North","30","City-wide","1",3000,NA,NA,NA,NA,NA,NA,NA,NA,NA,NA,NA,NA,NA,NA,NA,NA,NA,NA,NA,3000,NA,"2015"
192,"Distress Centres","27","City-wide","1",111605,NA,NA,NA,NA,NA,NA,NA,111605,NA,NA,NA,NA,NA,NA,NA,NA,NA,NA,NA,NA,NA,"2015"
193,"Dixon Community Services","2","Local","1",53150,NA,NA,NA,NA,NA,NA,NA,53150,NA,NA,NA,NA,NA,NA,NA,NA,NA,NA,NA,NA,NA,"2015"
194,"Dixon Hall","28","Local","1",345350,NA,NA,NA,NA,NA,NA,NA,345350,NA,NA,NA,NA,NA,NA,NA,NA,NA,NA,NA,NA,NA,"2015"
195,"Dixon Hall Music School","28","Local","1",20000,NA,NA,NA,NA,NA,NA,NA,NA,NA,NA,NA,NA,NA,NA,NA,NA,NA,NA,NA,20000,NA,"2015"
196,"Doorsteps Neighbourhood Services","7","Area Services","1",125350,NA,NA,NA,NA,NA,NA,NA,125350,NA,NA,NA,NA,NA,NA,NA,NA,NA,NA,NA,NA,NA,"2015"
197,"Doris McCarthy Gallery","44","City-wide","1",51000,NA,NA,NA,NA,NA,NA,NA,NA,NA,NA,NA,NA,NA,NA,NA,NA,NA,NA,NA,51000,NA,"2015"
198,"Dorset Park Neighbourhood Association","40","Area Services","1",40000,NA,NA,NA,NA,NA,NA,NA,NA,NA,NA,NA,NA,NA,NA,NA,NA,NA,40000,NA,NA,NA,"2015"
199,"Dorset Park Neighbourhood Transition Group","37","Area services","1",75000,NA,NA,NA,NA,NA,NA,75000,NA,NA,NA,NA,NA,NA,NA,NA,NA,NA,NA,NA,NA,NA,"2015"
200,"Downtown Yonge BIA","27","Area services","1",9000,NA,NA,NA,NA,NA,NA,NA,NA,NA,NA,9000,NA,NA,NA,NA,NA,NA,NA,NA,NA,NA,"2015"
201,"Dovercourt Boys' and Girls' Club","18","Local","1",52400,NA,NA,NA,NA,NA,NA,NA,52400,NA,NA,NA,NA,NA,NA,NA,NA,NA,NA,NA,NA,NA,"2015"
202,"Dreamwalker Dance Co.","28","City-wide","1",15000,NA,NA,NA,NA,NA,NA,NA,NA,NA,NA,NA,NA,NA,NA,NA,NA,NA,NA,NA,15000,NA,"2015"
203,"Drum Artz Canada","17","Local","1",19000,NA,NA,NA,NA,NA,NA,NA,NA,NA,NA,NA,NA,NA,NA,NA,NA,NA,NA,NA,19000,NA,"2015"
204,"Drum Artz Community Centre","17","City-wide","1",39570,NA,NA,NA,NA,NA,NA,NA,NA,39570,NA,NA,NA,NA,NA,NA,NA,NA,NA,NA,NA,NA,"2015"
205,"Dusk Dances","30","Local","1",41000,NA,NA,NA,NA,NA,NA,NA,NA,NA,NA,NA,NA,NA,NA,NA,NA,NA,NA,NA,41000,NA,"2015"
206,"e-fagia visual and media art organization","14","City-wide","1",6500,NA,NA,NA,NA,NA,NA,NA,NA,NA,NA,NA,NA,NA,NA,NA,NA,NA,NA,NA,6500,NA,"2015"
207,"Earwitness Productions","19","Local","1",2500,NA,NA,NA,NA,NA,NA,NA,NA,NA,NA,NA,NA,NA,NA,NA,NA,NA,NA,NA,2500,NA,"2015"
208,"East End Arts","29","Area Services","2",110000,NA,NA,NA,NA,NA,NA,NA,NA,NA,NA,NA,NA,NA,NA,110000,NA,NA,NA,NA,NA,NA,"2015"
209,"East Metro Youth Services","38","Area Services","1",63240,NA,NA,NA,NA,NA,NA,NA,63240,NA,NA,NA,NA,NA,NA,NA,NA,NA,NA,NA,NA,NA,"2015"
210,"East Scarborough Boys & Girls Club","43","Area Services","3",185250,NA,NA,NA,NA,NA,NA,NA,166150,NA,NA,13500,NA,NA,NA,NA,NA,NA,NA,NA,5600,NA,"2015"
211,"East Scarborough Storefront / Tides Canada Initiatives","43","Area services","3",155570,NA,NA,36500,NA,NA,35000,NA,84070,NA,NA,NA,NA,NA,NA,NA,NA,NA,NA,NA,NA,NA,"2015"
212,"East York East Toronto Family Resources Organization - Housing Help Centre","30","Area services","2",111068,NA,NA,NA,NA,NA,NA,NA,28240,NA,NA,NA,NA,82828,NA,NA,NA,NA,NA,NA,NA,NA,"2015"
213,"East York East Toronto Family Resources Organization - Landlord Connect","30","City-wide","1",227392,NA,NA,NA,NA,NA,NA,NA,NA,NA,NA,NA,NA,227392,NA,NA,NA,NA,NA,NA,NA,NA,"2015"
214,"East York Meal on Wheels","26","Local","1",27155,NA,NA,NA,NA,NA,NA,NA,27155,NA,NA,NA,NA,NA,NA,NA,NA,NA,NA,NA,NA,NA,"2015"
215,"Eastview Neighbourhood Community Choir","30","Area Services","1",62980,NA,NA,NA,NA,NA,NA,NA,62980,NA,NA,NA,NA,NA,NA,NA,NA,NA,NA,NA,NA,NA,"2015"
216,"Echo Women's Choir","27","City-wide","1",7500,NA,NA,NA,NA,NA,NA,NA,NA,NA,NA,NA,NA,NA,NA,NA,NA,NA,NA,NA,7500,NA,"2015"
217,"Eglinton East-Kennedy Park Community Project","36","Area services","1",25000,NA,NA,NA,NA,NA,NA,NA,NA,NA,NA,NA,NA,NA,NA,NA,NA,NA,25000,NA,NA,NA,"2015"
218,"Eglinton East-Kennedy Park Youth Service Providers Network","36","Area services","1",7000,NA,NA,NA,NA,7000,NA,NA,NA,NA,NA,NA,NA,NA,NA,NA,NA,NA,NA,NA,NA,NA,"2015"
219,"Eight Fest Small-Gauge Film Festival","20","City-wide","1",7000,NA,NA,NA,NA,NA,NA,NA,NA,NA,NA,NA,NA,NA,NA,NA,NA,NA,NA,NA,7000,NA,"2015"
220,"Eldritch Theatre","30","City-wide","1",15000,NA,NA,NA,NA,NA,NA,NA,NA,NA,NA,NA,NA,NA,NA,NA,NA,NA,NA,NA,15000,NA,"2015"
221,"Elle Productions Collective","20","City-wide","1",3000,NA,NA,NA,NA,NA,NA,NA,NA,NA,NA,NA,NA,NA,NA,NA,NA,NA,NA,NA,3000,NA,"2015"
222,"Elspeth Heyworth Centre for Women","7","Area Services","1",28135,NA,NA,NA,NA,NA,NA,NA,28135,NA,NA,NA,NA,NA,NA,NA,NA,NA,NA,NA,NA,NA,"2015"
223,"Emerging Young Artists Inc","28","Local","1",10000,NA,NA,NA,NA,NA,NA,NA,NA,NA,NA,NA,NA,NA,NA,NA,NA,NA,NA,NA,10000,NA,"2015"
224,"Ensemble Polaris","20","City-wide","1",4000,NA,NA,NA,NA,NA,NA,NA,NA,NA,NA,NA,NA,NA,NA,NA,NA,NA,NA,NA,4000,NA,"2015"
225,"Epilepsy Toronto","28","City-wide","1",40235,NA,NA,NA,NA,NA,NA,NA,40235,NA,NA,NA,NA,NA,NA,NA,NA,NA,NA,NA,NA,NA,"2015"
226,"Eritrean Canadian Community Centre","21","City-wide","2",66805,38000,NA,NA,NA,NA,NA,NA,28805,NA,NA,NA,NA,NA,NA,NA,NA,NA,NA,NA,NA,NA,"2015"
227,"Esmeralda Enrique Spanish Dance Company","20","City-wide","2",63000,NA,NA,NA,NA,NA,NA,NA,NA,40000,NA,NA,NA,NA,NA,NA,NA,NA,NA,NA,23000,NA,"2015"
228,"Etobicoke Centennial Choir","4","Local","1",4750,NA,NA,NA,NA,NA,NA,NA,NA,NA,NA,NA,NA,NA,NA,NA,NA,NA,NA,NA,4750,NA,"2015"
229,"Etobicoke Community Concert Band","5","Local","1",6500,NA,NA,NA,NA,NA,NA,NA,NA,NA,NA,NA,NA,NA,NA,NA,NA,NA,NA,NA,6500,NA,"2015"
230,"Etobicoke Historical Society","4","City-wide","1",16000,NA,NA,NA,NA,NA,16000,NA,NA,NA,NA,NA,NA,NA,NA,NA,NA,NA,NA,NA,NA,NA,"2015"
231,"Etobicoke Philharmonic Orchestra","3","Local","1",11000,NA,NA,NA,NA,NA,NA,NA,NA,NA,NA,NA,NA,NA,NA,NA,NA,NA,NA,NA,11000,NA,"2015"
232,"Etobicoke Services for Seniors","2","Area services","1",49085,NA,NA,NA,NA,NA,NA,NA,49085,NA,NA,NA,NA,NA,NA,NA,NA,NA,NA,NA,NA,NA,"2015"
233,"Evangel Hall","20","Local","1",61311,NA,NA,NA,NA,NA,NA,NA,NA,NA,NA,NA,NA,61311,NA,NA,NA,NA,NA,NA,NA,NA,"2015"
234,"Everdale - Black Creek Community Farm","8","Area Services","2",56500,40000,NA,16500,NA,NA,NA,NA,NA,NA,NA,NA,NA,NA,NA,NA,NA,NA,NA,NA,NA,NA,"2015"
235,"Expect Theatre","1","Local","1",30000,NA,NA,NA,NA,NA,NA,NA,NA,NA,NA,NA,NA,NA,NA,NA,NA,NA,NA,NA,30000,NA,"2015"
236,"Express Arte","8","Local","1",7000,NA,NA,NA,NA,NA,NA,NA,NA,NA,NA,NA,NA,NA,NA,NA,NA,NA,NA,NA,7000,NA,"2015"
237,"Extend-A-Family","16","City-wide","1",23045,NA,NA,NA,NA,NA,NA,NA,23045,NA,NA,NA,NA,NA,NA,NA,NA,NA,NA,NA,NA,NA,"2015"
238,"Exultate Chamber Singers","20","City-wide","1",7000,NA,NA,NA,NA,NA,NA,NA,NA,NA,NA,NA,NA,NA,NA,NA,NA,NA,NA,NA,7000,NA,"2015"
239,"F-You: The Forgiveness Project","27","Local","1",5000,NA,NA,NA,NA,NA,NA,NA,NA,NA,NA,NA,NA,NA,NA,NA,NA,NA,NA,NA,5000,NA,"2015"
240,"Factory Theatre","20","City-wide","1",158000,NA,NA,NA,NA,NA,NA,NA,NA,NA,NA,NA,NA,NA,NA,NA,NA,NA,NA,NA,158000,NA,"2015"
241,"FADO Performance Inc.","19","City-wide","1",24000,NA,NA,NA,NA,NA,NA,NA,NA,NA,NA,NA,NA,NA,NA,NA,NA,NA,NA,NA,24000,NA,"2015"
242,"Family Services Toronto","27","City-wide","1",101995,NA,NA,NA,NA,NA,NA,NA,101995,NA,NA,NA,NA,NA,NA,NA,NA,NA,NA,NA,NA,NA,"2015"
243,"FAWN Chamber Creative","18","City-wide","1",3000,NA,NA,NA,NA,NA,NA,NA,NA,NA,NA,NA,NA,NA,NA,NA,NA,NA,NA,NA,3000,NA,"2015"
244,"FCJ Refugee Centre","17","City-wide","4",310000,NA,230000,25000,46000,9000,NA,NA,NA,NA,NA,NA,NA,NA,NA,NA,NA,NA,NA,NA,NA,NA,"2015"
245,"FCJ Youth Network","17","Local","1",10000,NA,NA,NA,NA,NA,NA,NA,NA,NA,NA,NA,NA,NA,NA,NA,NA,NA,NA,NA,10000,NA,"2015"
246,"Feast Collective","14","City-wide","1",3000,NA,NA,NA,NA,NA,NA,NA,NA,NA,NA,NA,NA,NA,NA,NA,NA,NA,NA,NA,3000,NA,"2015"
247,"FEAT for Childre of Incarcerated Parents","6","City Wide","1",10000,NA,NA,NA,NA,NA,NA,NA,NA,NA,NA,NA,NA,NA,10000,NA,NA,NA,NA,NA,NA,NA,"2015"
248,"Festival Management Committee/Toronto Caribbean Carnival-Caribana","31","City-wide","1",560000,NA,NA,NA,NA,NA,NA,NA,NA,NA,NA,NA,NA,NA,NA,NA,560000,NA,NA,NA,NA,NA,"2015"
249,"Fife House","27","City Wide","1",1e+05,NA,NA,NA,NA,NA,NA,NA,NA,NA,NA,NA,NA,1e+05,NA,NA,NA,NA,NA,NA,NA,NA,"2015"
250,"Film for Artists","19","City-wide","1",6000,NA,NA,NA,NA,NA,NA,NA,NA,NA,NA,NA,NA,NA,NA,NA,NA,NA,NA,NA,6000,NA,"2015"
251,"Find Help Toronto","20","City-wide","1",591670,NA,NA,NA,NA,NA,NA,NA,NA,NA,NA,NA,NA,NA,NA,NA,NA,NA,NA,NA,NA,591670,"2015"
252,"Firgrove Community Learning Centre","11","Local","1",8000,NA,NA,NA,NA,8000,NA,NA,NA,NA,NA,NA,NA,NA,NA,NA,NA,NA,NA,NA,NA,NA,"2015"
253,"First Portuguese Canadian Cultural Centre of Toronto","17","Area Services","1",13290,NA,NA,NA,NA,NA,NA,NA,13290,NA,NA,NA,NA,NA,NA,NA,NA,NA,NA,NA,NA,NA,"2015"
254,"Flemingdon Health Centre","26","Area Services","1",36000,NA,NA,36000,NA,NA,NA,NA,NA,NA,NA,NA,NA,NA,NA,NA,NA,NA,NA,NA,NA,NA,"2015"
255,"Flemingdon Urban Fair Committee","26","Area Services","1",9000,NA,NA,NA,NA,9000,NA,NA,NA,NA,NA,NA,NA,NA,NA,NA,NA,NA,NA,NA,NA,NA,"2015"
256,"FoodShare Toronto","18","City-wide","2",252510,45000,NA,NA,NA,NA,NA,NA,207510,NA,NA,NA,NA,NA,NA,NA,NA,NA,NA,NA,NA,NA,"2015"
257,"For You Telecare Family Services Inc. (FUTFS)","25","City-wide","1",15060,NA,NA,NA,NA,NA,NA,NA,15060,NA,NA,NA,NA,NA,NA,NA,NA,NA,NA,NA,NA,NA,"2015"
259,"For Youth Initiative in Toronto","12","Area Services","1",116260,NA,NA,NA,NA,NA,NA,NA,116260,NA,NA,NA,NA,NA,NA,NA,NA,NA,NA,NA,NA,NA,"2015"
260,"Franco-fete de la communaute urbaine de Toronto","27","City-wide","1",10000,NA,NA,NA,NA,NA,NA,NA,NA,NA,NA,NA,NA,NA,NA,NA,NA,NA,NA,NA,10000,NA,"2015"
261,"Francophoneie En Fete","20","City-wide","1",7500,NA,NA,NA,NA,NA,NA,NA,NA,NA,NA,NA,NA,NA,NA,NA,NA,NA,NA,NA,7500,NA,"2015"
262,"Franklin Carmichael Art Group","1","Local","1",5000,NA,NA,NA,NA,NA,NA,NA,NA,NA,NA,NA,NA,NA,NA,NA,NA,NA,NA,NA,5000,NA,"2015"
262,"Franklin Horner Community Centre","6","City-wide","1",28245,NA,NA,NA,NA,NA,NA,NA,28245,NA,NA,NA,NA,NA,NA,NA,NA,NA,NA,NA,NA,NA,"2015"
263,"FRESH Collective","20","Area Services","1",40000,NA,NA,NA,40000,NA,NA,NA,NA,NA,NA,NA,NA,NA,NA,NA,NA,NA,NA,NA,NA,NA,"2015"
264,"Friends of Fort York (Summer Guard)","28","City-wide","1",15610,NA,NA,NA,NA,NA,NA,NA,NA,NA,NA,NA,NA,NA,NA,NA,NA,15610,NA,NA,NA,NA,"2015"
266,"fu-GEN Theatre Company","28","City-wide","1",22000,NA,NA,NA,NA,NA,NA,NA,NA,NA,NA,NA,NA,NA,NA,NA,NA,NA,NA,NA,22000,NA,"2015"
267,"Fujiwara Dance Inventions","20","City-wide","1",17000,NA,NA,NA,NA,NA,NA,NA,NA,NA,NA,NA,NA,NA,NA,NA,NA,NA,NA,NA,17000,NA,"2015"
268,"Gallery 44","20","City-wide","1",94000,NA,NA,NA,NA,NA,NA,NA,NA,NA,NA,NA,NA,NA,NA,NA,NA,NA,NA,NA,94000,NA,"2015"
269,"Gallery TPW","18","City-wide","1",12500,NA,NA,NA,NA,NA,NA,NA,NA,12500,NA,NA,NA,NA,NA,NA,NA,NA,NA,NA,NA,NA,"2015"
270,"Gatehouse Child Abuse Investigation and Support Site, The","6","City-wide","1",23045,NA,NA,NA,NA,NA,NA,NA,23045,NA,NA,NA,NA,NA,NA,NA,NA,NA,NA,NA,NA,NA,"2015"
271,"George R. Gardiner Museum of Ceramic Art/Gardiner Museum","27","City-wide","1",152220,NA,NA,NA,NA,NA,NA,NA,NA,NA,NA,NA,NA,NA,NA,NA,152220,NA,NA,NA,NA,NA,"2015"
272,"George S. Syme Seniors Centre of York","11","Area services","1",87325,NA,NA,NA,NA,NA,NA,NA,87325,NA,NA,NA,NA,NA,NA,NA,NA,NA,NA,NA,NA,NA,"2015"
273,"G.E.T (Grassroots Education and Training) Schooled (ArtReach Toronto/Tides Canada)","20","City-wide","1",40000,NA,NA,NA,NA,NA,NA,NA,NA,NA,NA,NA,NA,NA,NA,NA,NA,NA,40000,NA,NA,NA,"2015"
274,"Girls in Bow Ties","7","City-wide","1",11000,NA,NA,NA,NA,NA,NA,NA,NA,NA,NA,NA,NA,NA,NA,NA,NA,NA,NA,NA,11000,NA,"2015"
275,"Girls Rock Camp Toronto","20","City-wide","1",6000,NA,NA,NA,NA,NA,NA,NA,NA,NA,NA,NA,NA,NA,NA,NA,NA,NA,NA,NA,6000,NA,"2015"
276,"Glad Day Bookshop Proud Voices Collective","27","City-wide","1",1775,NA,NA,NA,NA,NA,NA,NA,NA,NA,NA,NA,NA,NA,NA,NA,NA,NA,NA,NA,1775,NA,"2015"
277,"Glenn Gould Foundation","28","City-wide","1",15000,NA,NA,NA,NA,NA,NA,NA,NA,NA,NA,NA,NA,NA,NA,NA,NA,NA,NA,NA,NA,15000,"2015"
278,"Golden Age","18","City-wide","1",3000,NA,NA,NA,NA,NA,NA,NA,NA,NA,NA,NA,NA,NA,NA,NA,NA,NA,NA,NA,3000,NA,"2015"
279,"Grace Hartman Wilcox Creek Coop Advisory Committee","42","Area services","1",30000,NA,NA,NA,NA,NA,NA,NA,NA,NA,NA,NA,NA,NA,NA,NA,NA,NA,30000,NA,NA,NA,"2015"
280,"Grassroots Canada Basketball","8","City-wide","1",10738,NA,NA,NA,NA,NA,NA,NA,NA,NA,10738,NA,NA,NA,NA,NA,NA,NA,NA,NA,NA,NA,"2015"
281,"Greenest City","14","Area services","1",20000,NA,NA,NA,NA,NA,NA,NA,NA,NA,NA,20000,NA,NA,NA,NA,NA,NA,NA,NA,NA,NA,"2015"
282,"GreenHere","18","Area Services","1",12000,NA,NA,12000,NA,NA,NA,NA,NA,NA,NA,NA,NA,NA,NA,NA,NA,NA,NA,NA,NA,NA,"2015"
283,"group of 27","27","Local","1",9000,NA,NA,NA,NA,NA,NA,NA,NA,NA,NA,NA,NA,NA,NA,NA,NA,NA,NA,NA,9000,NA,"2015"
284,"Hand Eye Society","27","City-wide","1",2000,NA,NA,NA,NA,NA,NA,NA,NA,NA,NA,NA,NA,NA,NA,NA,NA,NA,NA,NA,2000,NA,"2015"
285,"Harbourfront Centre","20","City-wide","1",285000,NA,NA,NA,NA,NA,NA,NA,NA,NA,NA,NA,NA,NA,NA,NA,NA,NA,NA,NA,285000,NA,"2015"
286,"Harbourfront Community Centre - City Of Toronto","20","Area services","3",110415,NA,NA,25000,NA,NA,NA,NA,68915,NA,NA,16500,NA,NA,NA,NA,NA,NA,NA,NA,NA,NA,"2015"
287,"Harmony Hall Centre for Seniors","31","Area Services","1",96075,NA,NA,NA,NA,NA,NA,NA,96075,NA,NA,NA,NA,NA,NA,NA,NA,NA,NA,NA,NA,NA,"2015"
288,"Harriet Tubman Community Organization","33","Local","2",68875,NA,NA,NA,NA,NA,20000,NA,48875,NA,NA,NA,NA,NA,NA,NA,NA,NA,NA,NA,NA,NA,"2015"
289,"Health Arts Society of Ontario","28","Local","1",3500,NA,NA,NA,NA,NA,NA,NA,NA,NA,NA,NA,NA,NA,NA,NA,NA,NA,NA,NA,3500,NA,"2015"
290,"Heretical Objects Cooperative","21","City-wide","1",1000,NA,NA,NA,NA,NA,NA,NA,NA,NA,NA,NA,NA,NA,NA,NA,NA,NA,NA,NA,1000,NA,"2015"
291,"Heritage - 290 Annette Street","13","Local","1",6750,NA,NA,NA,NA,NA,NA,NA,NA,NA,NA,NA,6750,NA,NA,NA,NA,NA,NA,NA,NA,NA,"2015"
292,"Heritage - 114 Bedford Road","20","Local","1",10000,NA,NA,NA,NA,NA,NA,NA,NA,NA,NA,NA,10000,NA,NA,NA,NA,NA,NA,NA,NA,NA,"2015"
293,"Heritage - 169 Blythwood Road","25","Local","1",3400,NA,NA,NA,NA,NA,NA,NA,NA,NA,NA,NA,3400,NA,NA,NA,NA,NA,NA,NA,NA,NA,"2015"
294,"Heritage - 285 Carlton Street","28","Local","1",7500,NA,NA,NA,NA,NA,NA,NA,NA,NA,NA,NA,7500,NA,NA,NA,NA,NA,NA,NA,NA,NA,"2015"
295,"Heritage - 97 Cluny Drive","27","Local","1",10000,NA,NA,NA,NA,NA,NA,NA,NA,NA,NA,NA,10000,NA,NA,NA,NA,NA,NA,NA,NA,NA,"2015"
296,"Heritage - 10 Geneva Avenue","28","Local","1",10000,NA,NA,NA,NA,NA,NA,NA,NA,NA,NA,NA,10000,NA,NA,NA,NA,NA,NA,NA,NA,NA,"2015"
297,"Heritage - 14 Geneva Avenue","28","Local","1",10000,NA,NA,NA,NA,NA,NA,NA,NA,NA,NA,NA,10000,NA,NA,NA,NA,NA,NA,NA,NA,NA,"2015"
298,"Heritage - 30 Geneva Avenue","28","Local","1",5340,NA,NA,NA,NA,NA,NA,NA,NA,NA,NA,NA,5340,NA,NA,NA,NA,NA,NA,NA,NA,NA,"2015"
299,"Heritage - 32 Geneva Avenue","28","Local","1",5340,NA,NA,NA,NA,NA,NA,NA,NA,NA,NA,NA,5340,NA,NA,NA,NA,NA,NA,NA,NA,NA,"2015"
300,"Heritage - 40 Glen Road","27","Local","1",49500,NA,NA,NA,NA,NA,NA,NA,NA,NA,NA,NA,49500,NA,NA,NA,NA,NA,NA,NA,NA,NA,"2015"
301,"Heritage - 88 Hazelton Avenue","27","Local","1",8800,NA,NA,NA,NA,NA,NA,NA,NA,NA,NA,NA,8800,NA,NA,NA,NA,NA,NA,NA,NA,NA,"2015"
302,"Heritage - 90 Hazelton Avenue","27","Local","1",8800,NA,NA,NA,NA,NA,NA,NA,NA,NA,NA,NA,8800,NA,NA,NA,NA,NA,NA,NA,NA,NA,"2015"
303,"Heritage - 238 Robert Street","20","Local","1",10000,NA,NA,NA,NA,NA,NA,NA,NA,NA,NA,NA,10000,NA,NA,NA,NA,NA,NA,NA,NA,NA,"2015"
304,"Heritage - 32 Salisbury Avenue","28","Local","1",10000,NA,NA,NA,NA,NA,NA,NA,NA,NA,NA,NA,10000,NA,NA,NA,NA,NA,NA,NA,NA,NA,"2015"
305,"Heritage - 14 Wellesley Avenue","28","Local","1",7900,NA,NA,NA,NA,NA,NA,NA,NA,NA,NA,NA,7900,NA,NA,NA,NA,NA,NA,NA,NA,NA,"2015"
306,"Heritage - 16 Wellesley Avenue","28","Local","1",7900,NA,NA,NA,NA,NA,NA,NA,NA,NA,NA,NA,7900,NA,NA,NA,NA,NA,NA,NA,NA,NA,"2015"
307,"Heritage - 17 Wellesley Avenue","28","Local","1",10000,NA,NA,NA,NA,NA,NA,NA,NA,NA,NA,NA,10000,NA,NA,NA,NA,NA,NA,NA,NA,NA,"2015"
308,"Heritage - 19 Wellesley Avenue","28","Local","1",10000,NA,NA,NA,NA,NA,NA,NA,NA,NA,NA,NA,10000,NA,NA,NA,NA,NA,NA,NA,NA,NA,"2015"
309,"Heritage - 82 West Avenue","30","Local","1",10000,NA,NA,NA,NA,NA,NA,NA,NA,NA,NA,NA,10000,NA,NA,NA,NA,NA,NA,NA,NA,NA,"2015"
310,"Hispanic Canadian Heritage Council (The)","8","City Wide","1",175000,NA,175000,NA,NA,NA,NA,NA,NA,NA,NA,NA,NA,NA,NA,NA,NA,NA,NA,NA,NA,NA,"2015"
311,"Hispanic Development Council","20","City-wide","1",55425,NA,NA,NA,NA,NA,NA,NA,55425,NA,NA,NA,NA,NA,NA,NA,NA,NA,NA,NA,NA,NA,"2015"
312,"Hong Fook Mental Health Association","41","City-wide","1",23045,NA,NA,NA,NA,NA,NA,NA,23045,NA,NA,NA,NA,NA,NA,NA,NA,NA,NA,NA,NA,NA,"2015"
313,"Hogtown Collective","29","City-wide","1",2500,NA,NA,NA,NA,NA,NA,NA,NA,NA,NA,NA,NA,NA,NA,NA,NA,NA,NA,NA,2500,NA,"2015"
314,"Hope and Hell Theatre Company","20","City-wide","1",5000,NA,NA,NA,NA,NA,NA,NA,NA,NA,NA,NA,NA,NA,NA,NA,NA,NA,NA,NA,5000,NA,"2015"
315,"Hope House Youth Charities","16","City-wide","1",11625,NA,NA,NA,NA,NA,NA,NA,NA,NA,11625,NA,NA,NA,NA,NA,NA,NA,NA,NA,NA,NA,"2015"
316,"Hot Docs Canadian International Documentary Festival","20","City-wide","1",98000,NA,NA,NA,NA,NA,NA,NA,NA,NA,NA,NA,NA,NA,NA,NA,NA,NA,NA,NA,98000,NA,"2015"
317,"Human Cargo","30","Local","1",13000,NA,NA,NA,NA,NA,NA,NA,NA,NA,NA,NA,NA,NA,NA,NA,NA,NA,NA,NA,13000,NA,"2015"
318,"Humber Community Seniors' Services Inc.","11","Area services","1",35375,NA,NA,NA,NA,NA,NA,NA,35375,NA,NA,NA,NA,NA,NA,NA,NA,NA,NA,NA,NA,NA,"2015"
319,"I-Insight","20","City-wide","1",10000,NA,NA,NA,NA,NA,NA,NA,NA,NA,NA,NA,NA,NA,NA,NA,NA,NA,NA,NA,10000,NA,"2015"
320,"IFT (IT’S A FREEDOM THING) THEATRE","23","Local","1",5000,NA,NA,NA,NA,NA,NA,NA,NA,NA,NA,NA,NA,NA,NA,NA,NA,NA,NA,NA,5000,NA,"2015"
321,"imagineNATIVE Film + Media Arts Festival","20","City","1",65000,NA,NA,NA,NA,NA,NA,NA,NA,NA,NA,NA,NA,NA,NA,NA,NA,NA,NA,NA,65000,NA,"2015"
322,"IMPACT 'n Communities","43","Local","1",6500,NA,NA,NA,NA,NA,NA,NA,NA,NA,NA,NA,NA,NA,NA,NA,NA,NA,NA,NA,6500,NA,"2015"
323,"Independent Auntie Productions","27","City-wide","1",7000,NA,NA,NA,NA,NA,NA,NA,NA,NA,NA,NA,NA,NA,NA,NA,NA,NA,NA,NA,7000,NA,"2015"
324,"Indigenious Performing Arts Alliance","28","City-wide","1",60000,NA,NA,NA,NA,NA,NA,NA,NA,NA,NA,NA,NA,NA,NA,NA,NA,NA,NA,NA,60000,NA,"2015"
325,"Indigenious Routes","18","City-wide","1",8000,NA,NA,NA,NA,NA,NA,NA,NA,NA,NA,NA,NA,NA,NA,NA,NA,NA,NA,NA,8000,NA,"2015"
326,"Indigenious Writers' Gathering Collective","31","City-wide","1",15000,NA,NA,NA,NA,NA,NA,NA,NA,NA,NA,NA,NA,NA,NA,NA,NA,NA,NA,NA,15000,NA,"2015"
327,"Inner City Angels","28","City-wide","1",46500,NA,NA,NA,NA,NA,NA,NA,NA,NA,NA,NA,NA,NA,NA,NA,NA,NA,NA,NA,46500,NA,"2015"
328,"Inside Out Lesbian and Gay Film Festival","20","City-wide","1",62000,NA,NA,NA,NA,NA,NA,NA,NA,NA,NA,NA,NA,NA,NA,NA,NA,NA,NA,NA,62000,NA,"2015"
329,"InterAccess","19","City-wide","1",51000,NA,NA,NA,NA,NA,NA,NA,NA,NA,NA,NA,NA,NA,NA,NA,NA,NA,NA,NA,51000,NA,"2015"
330,"International Readings at Harbourfront","20","City-wide","1",195000,NA,NA,NA,NA,NA,NA,NA,NA,NA,NA,NA,NA,NA,NA,NA,NA,NA,NA,NA,195000,NA,"2015"
331,"International Resource Centre for Performing Artists","28","City-wide","1",2000,NA,NA,NA,NA,NA,NA,NA,NA,NA,NA,NA,NA,NA,NA,NA,NA,NA,NA,NA,2000,NA,"2015"
332,"Invention Squad","19","Local","1",3000,NA,NA,NA,NA,NA,NA,NA,NA,NA,NA,NA,NA,NA,NA,NA,NA,NA,NA,NA,3000,NA,"2015"
333,"Ipsita Nova Dance Projects","19","City-wide","1",15000,NA,NA,NA,NA,NA,NA,NA,NA,NA,NA,NA,NA,NA,NA,NA,NA,NA,NA,NA,15000,NA,"2015"
334,"Iranian Canadian Centre for the Arts","24","City-wide","1",6000,NA,NA,NA,NA,NA,NA,NA,NA,NA,NA,NA,NA,NA,NA,NA,NA,NA,NA,NA,6000,NA,"2015"
335,"Iranian Women's Organization of Ontario","33","City-wide","1",33670,NA,NA,NA,NA,NA,NA,NA,33670,NA,NA,NA,NA,NA,NA,NA,NA,NA,NA,NA,NA,NA,"2015"
336,"Islington Centre - Etobicoke Senior Citizens","5","Area services","1",34005,NA,NA,NA,NA,NA,NA,NA,34005,NA,NA,NA,NA,NA,NA,NA,NA,NA,NA,NA,NA,NA,"2015"
338,"Ismailova Theatre of Dance","10","Local","1",25000,NA,NA,NA,NA,NA,NA,NA,NA,NA,NA,NA,NA,NA,NA,NA,NA,NA,NA,NA,25000,NA,"2015"
339,"Isshin Daiko","19","City-wide","1",8000,NA,NA,NA,NA,NA,NA,NA,NA,NA,NA,NA,NA,NA,NA,NA,NA,NA,NA,NA,8000,NA,"2015"
340,"IVI Magazine","43","Local","1",5000,NA,NA,NA,NA,NA,NA,NA,NA,NA,NA,NA,NA,NA,NA,NA,NA,NA,NA,NA,5000,NA,"2015"
341,"Jamii Esplanade","28","Local","1",12000,NA,NA,NA,NA,NA,NA,NA,NA,NA,NA,NA,NA,NA,NA,NA,NA,NA,NA,NA,12000,NA,"2015"
342,"Jane Finch Community and Family Centre","8","Local","2",183240,NA,NA,NA,NA,NA,30000,NA,153240,NA,NA,NA,NA,NA,NA,NA,NA,NA,NA,NA,NA,NA,"2015"
343,"Jane Finch Panam Host Committee","11","City-wide","1",38000,NA,NA,NA,NA,NA,38000,NA,NA,NA,NA,NA,NA,NA,NA,NA,NA,NA,NA,NA,NA,NA,"2015"
344,"Japanese Canadian Cultural Centre","26","City-wide","1",39000,NA,NA,NA,NA,NA,NA,NA,NA,39000,NA,NA,NA,NA,NA,NA,NA,NA,NA,NA,NA,NA,"2015"
345,"Japanese Social Services","26","City-wide","1",28805,NA,NA,NA,NA,NA,NA,NA,28805,NA,NA,NA,NA,NA,NA,NA,NA,NA,NA,NA,NA,NA,"2015"
346,"Jayu","20","City-wide","1",6000,NA,NA,NA,NA,NA,NA,NA,NA,NA,NA,NA,NA,NA,NA,NA,NA,NA,NA,NA,6000,NA,"2015"
347,"JD Dance","27","City-wide","1",7000,NA,NA,NA,NA,NA,NA,NA,NA,NA,NA,NA,NA,NA,NA,NA,NA,NA,NA,NA,7000,NA,"2015"
348,"Jessie's - The June Callwood Centre for Young Women and Families","28","City-wide","1",21630,NA,NA,NA,NA,NA,NA,NA,21630,NA,NA,NA,NA,NA,NA,NA,NA,NA,NA,NA,NA,NA,"2015"
349,"Jeunessess Musicales Ontario","20","City-wide","1",2000,NA,NA,NA,NA,NA,NA,NA,NA,NA,NA,NA,NA,NA,NA,NA,NA,NA,NA,NA,2000,NA,"2015"
350,"John Howard Society of Toronto","27","City-wide","2",53250,NA,NA,NA,40000,NA,NA,NA,13250,NA,NA,NA,NA,NA,NA,NA,NA,NA,NA,NA,NA,NA,"2015"
351,"Jubilate Singers","28","City-wide","1",5000,NA,NA,NA,NA,NA,NA,NA,NA,NA,NA,NA,NA,NA,NA,NA,NA,NA,NA,NA,5000,NA,"2015"
352,"Jumblies Theatre","20","Area services","1",68000,NA,NA,NA,NA,NA,NA,NA,NA,NA,NA,NA,NA,NA,NA,NA,NA,NA,NA,NA,68000,NA,"2015"
353,"JunctQin Keyboard Collective","27","City-wide","1",2500,NA,NA,NA,NA,NA,NA,NA,NA,NA,NA,NA,NA,NA,NA,NA,NA,NA,NA,NA,2500,NA,"2015"
354,"Just Bgraphic Inc","7","Local","2",44000,NA,NA,NA,NA,7000,37000,NA,NA,NA,NA,NA,NA,NA,NA,NA,NA,NA,NA,NA,NA,NA,"2015"
355,"Justina M. Barnicke Gallery","20","City-wide","1",5000,NA,NA,NA,NA,NA,NA,NA,NA,NA,NA,NA,NA,NA,NA,NA,NA,NA,NA,NA,5000,NA,"2015"
356,"Kababayan Community Service Centre Inc.","14","City-wide","1",33215,NA,NA,NA,NA,NA,NA,NA,33215,NA,NA,NA,NA,NA,NA,NA,NA,NA,NA,NA,NA,NA,"2015"
357,"Kaeja d'Dance","20","City-wide","1",60900,NA,NA,NA,NA,NA,NA,NA,NA,NA,NA,NA,NA,NA,NA,NA,NA,NA,NA,NA,60900,NA,"2015"
358,"Kaha:wi Dance Theatre","20","City-wide","1",32000,NA,NA,NA,NA,NA,NA,NA,NA,NA,NA,NA,NA,NA,NA,NA,NA,NA,NA,NA,32000,NA,"2015"
359,"Kaisoca Pass De Torch","42","City-wide","1",8000,NA,NA,NA,NA,NA,NA,NA,NA,NA,NA,NA,NA,NA,NA,NA,NA,NA,NA,NA,8000,NA,"2015"
360,"Kapisanan Philippine Centre for Arts and Culture","20","City-wide","1",10000,NA,NA,NA,NA,NA,NA,NA,NA,NA,NA,NA,NA,NA,NA,NA,NA,NA,NA,NA,10000,NA,"2015"
361,"KasheDance","14","City-wide","1",6000,NA,NA,NA,NA,NA,NA,NA,NA,NA,NA,NA,NA,NA,NA,NA,NA,NA,NA,NA,6000,NA,"2015"
362,"KCWA Family and Social Services","20","City-wide","1",39240,NA,NA,NA,NA,NA,NA,NA,39240,NA,NA,NA,NA,NA,NA,NA,NA,NA,NA,NA,NA,NA,"2015"
363,"Kemi Contemporary Dance Projects","18","City-wide","1",5000,NA,NA,NA,NA,NA,NA,NA,NA,NA,NA,NA,NA,NA,NA,NA,NA,NA,NA,NA,5000,NA,"2015"
364,"Keys To The Studio","14","City-wide","1",13500,NA,NA,NA,NA,NA,NA,NA,NA,NA,NA,NA,NA,NA,NA,NA,NA,NA,NA,NA,13500,NA,"2015"
365,"Kick Start Arts Society","2","Local","1",10000,NA,NA,NA,NA,NA,NA,NA,NA,NA,NA,NA,NA,NA,NA,NA,NA,NA,NA,NA,10000,NA,"2015"
366,"kith & kin","28","City-wide","1",3500,NA,NA,NA,NA,NA,NA,NA,NA,NA,NA,NA,NA,NA,NA,NA,NA,NA,NA,NA,3500,NA,"2015"
367,"kiy collective","14","Local","1",6000,NA,NA,NA,NA,NA,NA,NA,NA,NA,NA,NA,NA,NA,NA,NA,NA,NA,NA,NA,6000,NA,"2015"
368,"Koffler Gallery","19","City-wide","1",50000,NA,NA,NA,NA,NA,NA,NA,NA,NA,NA,NA,NA,NA,NA,NA,NA,NA,NA,NA,50000,NA,"2015"
369,"Korean Dance Studies Society","27","City-wide","1",17000,NA,NA,NA,NA,NA,NA,NA,NA,NA,NA,NA,NA,NA,NA,NA,NA,NA,NA,NA,17000,NA,"2015"
370,"Korean Senior Citizens Society of Toronto, The","19","City-wide","1",22150,NA,NA,NA,NA,NA,NA,NA,22150,NA,NA,NA,NA,NA,NA,NA,NA,NA,NA,NA,NA,NA,"2015"
371,"LA Centre for Active Living 55+","18","City-wide","1",21685,NA,NA,NA,NA,NA,NA,NA,21685,NA,NA,NA,NA,NA,NA,NA,NA,NA,NA,NA,NA,NA,"2015"
372,"Lakeshore Area Multi-Service Project (LAMP)","6","Local","1",79735,NA,NA,NA,NA,NA,NA,NA,79735,NA,NA,NA,NA,NA,NA,NA,NA,NA,NA,NA,NA,NA,"2015"
373,"Lakeshore Arts Committee","6","Local","1",232430,NA,NA,NA,NA,NA,NA,NA,NA,NA,NA,NA,NA,NA,NA,232430,NA,NA,NA,NA,NA,NA,"2015"
374,"Lakeshore Village Action Group","6","City-wide","1",27000,NA,NA,NA,NA,NA,27000,NA,NA,NA,NA,NA,NA,NA,NA,NA,NA,NA,NA,NA,NA,NA,"2015"
375,"Lao Association of Ontario","9","City-wide","1",31110,NA,NA,NA,NA,NA,NA,NA,31110,NA,NA,NA,NA,NA,NA,NA,NA,NA,NA,NA,NA,NA,"2015"
376,"Las Perlas del Mar Productions Inc","20","City-wide","1",5500,NA,NA,NA,NA,NA,NA,NA,NA,NA,NA,NA,NA,NA,NA,NA,NA,NA,NA,NA,5500,NA,"2015"
377,"Latin American Art Projects","21","City-wide","1",29000,NA,NA,NA,NA,NA,NA,NA,NA,NA,NA,NA,NA,NA,NA,NA,NA,NA,NA,NA,29000,NA,"2015"
378,"Latin St. Music","9","Local","1",8000,NA,NA,NA,NA,NA,NA,NA,NA,NA,NA,NA,NA,NA,NA,NA,NA,NA,NA,NA,8000,NA,"2015"
379,"Latvian Canadian Cultural Centre","34","City-wide","1",25000,NA,NA,NA,NA,NA,NA,NA,NA,25000,NA,NA,NA,NA,NA,NA,NA,NA,NA,NA,NA,NA,"2015"
380,"Latvian Senior Citizen's Association","34","City-wide","1",11075,NA,NA,NA,NA,NA,NA,NA,11075,NA,NA,NA,NA,NA,NA,NA,NA,NA,NA,NA,NA,NA,"2015"
381,"Le Laboratoire d'Art","19","City-wide","1",18000,NA,NA,NA,NA,NA,NA,NA,NA,NA,NA,NA,NA,NA,NA,NA,NA,NA,NA,NA,18000,NA,"2015"
382,"Le Théâtre français de Toronto","28","City-wide","1",117000,NA,NA,NA,NA,NA,NA,NA,NA,NA,NA,NA,NA,NA,NA,NA,NA,NA,NA,NA,117000,NA,"2015"
383,"Le Theatre La Tangente","22","City-wide","1",5000,NA,NA,NA,NA,NA,NA,NA,NA,NA,NA,NA,NA,NA,NA,NA,NA,NA,NA,NA,5000,NA,"2015"
384,"LEAF - Local Entertainment & Appreciation of Forests","21","City-wide","1",34500,NA,NA,34500,NA,NA,NA,NA,NA,NA,NA,NA,NA,NA,NA,NA,NA,NA,NA,NA,NA,NA,"2015"
385,"League of Canadian Poets","20","City-wide","1",19100,NA,NA,NA,NA,NA,NA,NA,NA,NA,NA,NA,NA,NA,NA,NA,NA,NA,NA,NA,19100,NA,"2015"
386,"Learning Disabilities Association Toronto","23","City-wide","1",59110,NA,NA,NA,NA,NA,NA,NA,59110,NA,NA,NA,NA,NA,NA,NA,NA,NA,NA,NA,NA,NA,"2015"
387,"Lemon Tree Theatre Creations","27","City-wide","1",13000,NA,NA,NA,NA,NA,NA,NA,NA,NA,NA,NA,NA,NA,NA,NA,NA,NA,NA,NA,13000,NA,"2015"
388,"Les Amis Concerts","27","City-wide","1",2000,NA,NA,NA,NA,NA,NA,NA,NA,NA,NA,NA,NA,NA,NA,NA,NA,NA,NA,NA,2000,NA,"2015"
389,"Les Centres d'Accueil Heritage","28","City-wide","1",59900,NA,NA,NA,NA,NA,NA,NA,59900,NA,NA,NA,NA,NA,NA,NA,NA,NA,NA,NA,NA,NA,"2015"
390,"Lesbian Gay Bi Trans Youth Line","28","City-wide","1",41790,NA,NA,NA,NA,NA,NA,NA,41790,NA,NA,NA,NA,NA,NA,NA,NA,NA,NA,NA,NA,NA,"2015"
391,"Liaison of Independent Filmakers of Toronto","18","City-wide","1",77000,NA,NA,NA,NA,NA,NA,NA,NA,NA,NA,NA,NA,NA,NA,NA,NA,NA,NA,NA,77000,NA,"2015"
392,"Literary Managers and Dramaturgs of the Americas","37","City-wide","1",2000,NA,NA,NA,NA,NA,NA,NA,NA,NA,NA,NA,NA,NA,NA,NA,NA,NA,NA,NA,2000,NA,"2015"
393,"Litmus Theatre Collective","19","City-wide","1",7500,NA,NA,NA,NA,NA,NA,NA,NA,NA,NA,NA,NA,NA,NA,NA,NA,NA,NA,NA,7500,NA,"2015"
394,"Little Pear Garden Collective","28","City-wide","1",13000,NA,NA,NA,NA,NA,NA,NA,NA,NA,NA,NA,NA,NA,NA,NA,NA,NA,NA,NA,13000,NA,"2015"
395,"Long Winter","19","City-wide","1",10000,NA,NA,NA,NA,NA,NA,NA,NA,NA,NA,NA,NA,NA,NA,NA,NA,NA,NA,NA,10000,NA,"2015"
396,"Lost Lyrics","20","Local","2",30000,NA,NA,NA,NA,NA,NA,NA,NA,NA,NA,NA,NA,NA,10000,NA,NA,NA,NA,NA,20000,NA,"2015"
397,"Lulu Music and Arts Centre","18","City-wide","1",25000,NA,NA,NA,NA,NA,NA,NA,NA,NA,NA,NA,NA,NA,NA,NA,NA,NA,NA,NA,25000,NA,"2015"
398,"Lumacare Services","10","City-wide","1",83940,NA,NA,NA,NA,NA,NA,NA,83940,NA,NA,NA,NA,NA,NA,NA,NA,NA,NA,NA,NA,NA,"2015"
399,"MABELLEarts","5","Local","1",30000,NA,NA,NA,NA,NA,NA,NA,NA,NA,NA,NA,NA,NA,NA,NA,NA,NA,NA,NA,30000,NA,"2015"
400,"Magazines Canada","20","City-wide","1",5000,NA,NA,NA,NA,NA,NA,NA,NA,NA,NA,NA,NA,NA,NA,NA,NA,NA,NA,NA,5000,NA,"2015"
401,"Malvern Family Resource Centre","42","Local","5",287880,NA,NA,43000,NA,NA,25000,NA,191680,NA,NA,21000,NA,NA,NA,NA,NA,NA,NA,NA,7200,NA,"2015"
402,"Malvern Stakeholder Group","42","Area services","2",115000,NA,NA,NA,NA,NA,NA,75000,NA,NA,NA,NA,NA,NA,NA,NA,NA,NA,40000,NA,NA,NA,"2015"
403,"Mammalian Diving Reflex","18","City-wide","1",35000,NA,NA,NA,NA,NA,NA,NA,NA,NA,NA,NA,NA,NA,NA,NA,NA,NA,NA,NA,35000,NA,"2015"
404,"Manifesto Community Projects","20","City Wide","1",35000,NA,NA,NA,NA,NA,NA,NA,NA,NA,NA,NA,NA,NA,NA,NA,NA,NA,NA,NA,35000,NA,"2015"
405,"Maracatu Mar Aberto","18","City-wide","1",8000,NA,NA,NA,NA,NA,NA,NA,NA,NA,NA,NA,NA,NA,NA,NA,NA,NA,NA,NA,8000,NA,"2015"
406,"Mariposa in the Schools","28","City-wide","1",27000,NA,NA,NA,NA,NA,NA,NA,NA,NA,NA,NA,NA,NA,NA,NA,NA,NA,NA,NA,27000,NA,"2015"
407,"Mashed Collective","29","Local","1",10000,NA,NA,NA,NA,NA,NA,NA,NA,NA,NA,NA,NA,NA,NA,NA,NA,NA,NA,NA,10000,NA,"2015"
408,"Massey Centre for Women","29","City Wide","1",26850,NA,NA,NA,NA,NA,NA,NA,26850,NA,NA,NA,NA,NA,NA,NA,NA,NA,NA,NA,NA,NA,"2015"
409,"Mayworks","20","City-wide","1",32750,NA,NA,NA,NA,NA,NA,NA,NA,NA,NA,NA,NA,NA,NA,NA,NA,NA,NA,NA,32750,NA,"2015"
410,"Media Arts Network of Ontario","20","City-wide","1",7000,NA,NA,NA,NA,NA,NA,NA,NA,NA,NA,NA,NA,NA,NA,NA,NA,NA,NA,NA,7000,NA,"2015"
411,"Median Contemporary","20","Area services","1",8000,NA,NA,NA,NA,NA,NA,NA,NA,NA,NA,NA,NA,NA,NA,NA,NA,NA,NA,NA,8000,NA,"2015"
412,"Menaka Thakkar Dance Company","20","City-wide","1",35000,NA,NA,NA,NA,NA,NA,NA,NA,NA,NA,NA,NA,NA,NA,NA,NA,NA,NA,NA,35000,NA,"2015"
413,"Mennonite New Life Centre of Toronto","32","Area services","1",45000,45000,NA,NA,NA,NA,NA,NA,NA,NA,NA,NA,NA,NA,NA,NA,NA,NA,NA,NA,NA,NA,"2015"
414,"Mercer Union","18","City-wide","1",70000,NA,NA,NA,NA,NA,NA,NA,NA,NA,NA,NA,NA,NA,NA,NA,NA,NA,NA,NA,70000,NA,"2015"
415,"Metropolitan Action Committee on Violence Against Women & Children (METRAC)","20","City-wide","1",304210,NA,NA,NA,NA,NA,NA,NA,304210,NA,NA,NA,NA,NA,NA,NA,NA,NA,NA,NA,NA,NA,"2015"
416,"Miles Nadal Jewish Community Centre","20","City-wide","1",6000,NA,NA,NA,NA,NA,NA,NA,NA,NA,NA,NA,NA,NA,NA,NA,NA,NA,NA,NA,6000,NA,"2015"
417,"Mixed Company","28","City-wide","1",18825,NA,NA,NA,NA,NA,NA,NA,NA,NA,NA,NA,NA,NA,NA,NA,NA,NA,NA,NA,18825,NA,"2015"
418,"MLC","27","City-wide","1",7000,NA,NA,NA,NA,NA,NA,NA,NA,NA,NA,NA,NA,NA,NA,NA,NA,NA,NA,NA,7000,NA,"2015"
419,"Modern Times Stage Company","27","City-wide","1",28000,NA,NA,NA,NA,NA,NA,NA,NA,NA,NA,NA,NA,NA,NA,NA,NA,NA,NA,NA,28000,NA,"2015"
420,"Momiji Health Care Society","36","City-wide","1",35485,NA,NA,NA,NA,NA,NA,NA,35485,NA,NA,NA,NA,NA,NA,NA,NA,NA,NA,NA,NA,NA,"2015"
421,"Mood Disorders Association of Ontario","16","City-wide","1",17290,NA,NA,NA,NA,NA,NA,NA,17290,NA,NA,NA,NA,NA,NA,NA,NA,NA,NA,NA,NA,NA,"2015"
422,"MOonhORsE dance theatre","28","City-wide","1",10300,NA,NA,NA,NA,NA,NA,NA,NA,NA,NA,NA,NA,NA,NA,NA,NA,NA,NA,NA,10300,NA,"2015"
423,"Mooredale Concerts","20","City-wide","1",4000,NA,NA,NA,NA,NA,NA,NA,NA,NA,NA,NA,NA,NA,NA,NA,NA,NA,NA,NA,4000,NA,"2015"
424,"Motion Live Collective","28","City-wide","1",11000,NA,NA,NA,NA,NA,NA,NA,NA,NA,NA,NA,NA,NA,NA,NA,NA,NA,NA,NA,11000,NA,"2015"
425,"Moveable Beast","17","City-wide","1",6600,NA,NA,NA,NA,NA,NA,NA,NA,NA,NA,NA,NA,NA,NA,NA,NA,NA,NA,NA,6600,NA,"2015"
426,"Muhtadi International Drumming Festival","32","City-wide","1",11000,NA,NA,NA,NA,NA,NA,NA,NA,NA,NA,NA,NA,NA,NA,NA,NA,NA,NA,NA,11000,NA,"2015"
427,"Mural Routes Inc.","36","City-wide","2",76500,NA,NA,NA,NA,NA,NA,NA,NA,NA,NA,56500,NA,NA,NA,NA,NA,NA,NA,NA,20000,NA,"2015"
428,"Music Africa of Canada Inc.","32","City-wide","1",31000,NA,NA,NA,NA,NA,NA,NA,NA,NA,NA,NA,NA,NA,NA,NA,NA,NA,NA,NA,31000,NA,"2015"
429,"Music Garden, Harbourfront Centre","20","City-Wide","1",12500,NA,NA,NA,NA,NA,NA,NA,NA,NA,NA,NA,NA,NA,NA,NA,NA,NA,NA,NA,NA,12500,"2015"
430,"Music Mondays Community Series","27","City-wide","1",5000,NA,NA,NA,NA,NA,NA,NA,NA,NA,NA,NA,NA,NA,NA,NA,NA,NA,NA,NA,5000,NA,"2015"
431,"Music Toronto","28","City-wide","1",86500,NA,NA,NA,NA,NA,NA,NA,NA,NA,NA,NA,NA,NA,NA,NA,NA,NA,NA,NA,86500,NA,"2015"
432,"Muslimah making Media","19","Local","1",10000,NA,NA,NA,NA,NA,NA,NA,NA,NA,NA,NA,NA,NA,NA,NA,NA,NA,NA,NA,10000,NA,"2015"
433,"My Body is My Canvas","23","Local","1",9200,NA,NA,NA,NA,NA,NA,NA,NA,NA,NA,NA,NA,NA,NA,NA,NA,NA,NA,NA,9200,NA,"2015"
434,"Nagata Shachu Japaneses Taiko and Music Garden","20","City-wide","1",22000,NA,NA,NA,NA,NA,NA,NA,NA,NA,NA,NA,NA,NA,NA,NA,NA,NA,NA,NA,22000,NA,"2015"
435,"National Ballet of Canada","20","City-wide","1",1250000,NA,NA,NA,NA,NA,NA,NA,NA,NA,NA,NA,NA,NA,NA,NA,1250000,NA,NA,NA,NA,NA,"2015"
436,"National Shevchenko Musical Ensemble","15","City-wide","1",7500,NA,NA,NA,NA,NA,NA,NA,NA,NA,NA,NA,NA,NA,NA,NA,NA,NA,NA,NA,7500,NA,"2015"
437,"Native Canadian Centre of Toronto","20","City-wide","2",96340,NA,NA,NA,NA,NA,18000,NA,78340,NA,NA,NA,NA,NA,NA,NA,NA,NA,NA,NA,NA,NA,"2015"
438,"Native Child and Family Services of Toronto","27","Area services","1",115125,NA,NA,NA,NA,NA,NA,NA,115125,NA,NA,NA,NA,NA,NA,NA,NA,NA,NA,NA,NA,NA,"2015"
439,"Native Earth Performing Arts","28","City-wide","1",78000,NA,NA,NA,NA,NA,NA,NA,NA,NA,NA,NA,NA,NA,NA,NA,NA,NA,NA,NA,78000,NA,"2015"
440,"Native Women in the Arts","20","City-wide","1",16500,NA,NA,NA,NA,NA,NA,NA,NA,NA,NA,NA,NA,NA,NA,NA,NA,NA,NA,NA,16500,NA,"2015"
441,"Native Women's Resource Centre of Toronto","27","Area services","1",88320,NA,NA,NA,NA,NA,NA,NA,88320,NA,NA,NA,NA,NA,NA,NA,NA,NA,NA,NA,NA,NA,"2015"
442,"Neighbourhood Arts Network","20","City-wide","1",1e+05,NA,NA,NA,NA,NA,NA,NA,NA,NA,NA,NA,NA,NA,NA,NA,NA,NA,NA,NA,1e+05,NA,"2015"
443,"Neighbourhood Festival Group","11","Area Services","1",7000,NA,NA,NA,NA,7000,NA,NA,NA,NA,NA,NA,NA,NA,NA,NA,NA,NA,NA,NA,NA,NA,"2015"
444,"Neighbourhood Group Community Services","28","Area services","3",560965,NA,NA,NA,44000,NA,NA,NA,411350,NA,NA,NA,NA,98615,NA,NA,NA,NA,NA,NA,NA,NA,"2015"
445,"Neighbourhood Information Centre","28","Area services","2",147160,NA,NA,NA,NA,9000,NA,NA,138160,NA,NA,NA,NA,NA,NA,NA,NA,NA,NA,NA,NA,NA,"2015"
446,"New Adventures In Sound Art","21","Area services","1",13500,NA,NA,NA,NA,NA,NA,NA,NA,NA,NA,NA,NA,NA,NA,NA,NA,NA,NA,NA,13500,NA,"2015"
447,"New Canadian Community Centre","24","City-wide","1",43475,NA,NA,NA,NA,NA,NA,NA,43475,NA,NA,NA,NA,NA,NA,NA,NA,NA,NA,NA,NA,NA,"2015"
448,"New Music Concerts","20","City-wide","1",55000,NA,NA,NA,NA,NA,NA,NA,NA,NA,NA,NA,NA,NA,NA,NA,NA,NA,NA,NA,55000,NA,"2015"
449,"Newcomer Girls Action Committee","30","Local","1",10000,NA,NA,NA,NA,NA,NA,NA,NA,NA,NA,NA,NA,NA,NA,NA,NA,NA,NA,NA,10000,NA,"2015"
450,"Newcomers Women's Services Toronto","30","City-wide","1",41480,NA,NA,NA,NA,NA,NA,NA,41480,NA,NA,NA,NA,NA,NA,NA,NA,NA,NA,NA,NA,NA,"2015"
451,"NIA Centre for the Arts","33","Area services","2",74000,NA,NA,NA,33000,NA,NA,NA,NA,NA,NA,NA,NA,NA,NA,NA,NA,NA,NA,NA,41000,NA,"2015"
452,"Nightswimming","28","City-wide","1",17000,NA,NA,NA,NA,NA,NA,NA,NA,NA,NA,NA,NA,NA,NA,NA,NA,NA,NA,NA,17000,NA,"2015"
453,"Nightwood Theatre","27","City-wide","1",73000,NA,NA,NA,NA,NA,NA,NA,NA,NA,NA,NA,NA,NA,NA,NA,NA,NA,NA,NA,73000,NA,"2015"
454,"Nikki Knows","28","Area services","1",46000,46000,NA,NA,NA,NA,NA,NA,NA,NA,NA,NA,NA,NA,NA,NA,NA,NA,NA,NA,NA,NA,"2015"
455,"NIP- Newcomer Information Post","28","City-wide","1",39740,NA,NA,NA,NA,NA,NA,NA,39740,NA,NA,NA,NA,NA,NA,NA,NA,NA,NA,NA,NA,NA,"2015"
456,"No 9 Contemporary Art and the Environment","20","City-wide","1",2000,NA,NA,NA,NA,NA,NA,NA,NA,NA,NA,NA,NA,NA,NA,NA,NA,NA,NA,NA,2000,NA,"2015"
457,"North York Arts","23","City Wide","1",174240,NA,NA,NA,NA,NA,NA,NA,NA,NA,NA,NA,NA,NA,NA,174240,NA,NA,NA,NA,NA,NA,"2015"
458,"North York Community House","15","Area services","1",125920,NA,NA,NA,NA,NA,NA,NA,125920,NA,NA,NA,NA,NA,NA,NA,NA,NA,NA,NA,NA,NA,"2015"
459,"North York Harvest Food Bank","15","Area Services","1",23045,NA,NA,NA,NA,NA,NA,NA,23045,NA,NA,NA,NA,NA,NA,NA,NA,NA,NA,NA,NA,NA,"2015"
460,"North York Seniors Centre","23","Area services","1",89635,NA,NA,NA,NA,NA,NA,NA,89635,NA,NA,NA,NA,NA,NA,NA,NA,NA,NA,NA,NA,NA,"2015"
461,"North York Womens Resource Centre","15","Area services","1",49235,NA,NA,NA,NA,NA,NA,NA,49235,NA,NA,NA,NA,NA,NA,NA,NA,NA,NA,NA,NA,NA,"2015"
462,"Northern Visions Independent Film & Video Organization","20","City-wide","1",58000,NA,NA,NA,NA,NA,NA,NA,NA,NA,NA,NA,NA,NA,NA,NA,NA,NA,NA,NA,58000,NA,"2015"
463,"Northwood Neighbourhood Services","11","Area services","1",45635,NA,NA,NA,NA,NA,NA,NA,45635,NA,NA,NA,NA,NA,NA,NA,NA,NA,NA,NA,NA,NA,"2015"
464,"Obsidian Theatre Company","20","City-wide","1",50000,NA,NA,NA,NA,NA,NA,NA,NA,NA,NA,NA,NA,NA,NA,NA,NA,NA,NA,NA,50000,NA,"2015"
465,"On the MOVE","27","City-wide","1",4000,NA,NA,NA,NA,NA,NA,NA,NA,NA,NA,NA,NA,NA,NA,NA,NA,NA,NA,NA,4000,NA,"2015"
466,"One Little Goat Theatre Company","20","City-wide","1",1500,NA,NA,NA,NA,NA,NA,NA,NA,NA,NA,NA,NA,NA,NA,NA,NA,NA,NA,NA,1500,NA,"2015"
467,"Ontario Association of Art Galleries","20","City-wide","1",24000,NA,NA,NA,NA,NA,NA,NA,NA,NA,NA,NA,NA,NA,NA,NA,NA,NA,NA,NA,24000,NA,"2015"
468,"Ontario Community Centre for the Deaf (The)","25","City-wide","1",13290,NA,NA,NA,NA,NA,NA,NA,13290,NA,NA,NA,NA,NA,NA,NA,NA,NA,NA,NA,NA,NA,"2015"
469,"Ontario Council of Agencies Serving Immigrants (OCASI)","16","City-wide","3",97675,25000,NA,NA,NA,NA,NA,NA,27675,NA,NA,NA,NA,NA,NA,NA,NA,NA,45000,NA,NA,NA,"2015"
470,"Ontario Historical Society","23","Local","1",10000,NA,NA,NA,NA,NA,NA,NA,NA,NA,NA,NA,10000,NA,NA,NA,NA,NA,NA,NA,NA,NA,"2015"
471,"Ontario Justice Education Networt/Reseau Ontarien D'Education Juridicue","27","City-wide","1",40000,NA,NA,NA,40000,NA,NA,NA,NA,NA,NA,NA,NA,NA,NA,NA,NA,NA,NA,NA,NA,NA,"2015"
472,"ONTARIO PRESENTS","20","Local","1",50000,NA,NA,NA,NA,NA,NA,NA,NA,NA,NA,NA,NA,NA,NA,NA,NA,NA,NA,NA,50000,NA,"2015"
473,"Open Book Foundation","20","City-wide","1",8000,NA,NA,NA,NA,NA,NA,NA,NA,NA,NA,NA,NA,NA,NA,NA,NA,NA,NA,NA,8000,NA,"2015"
474,"Open Door Storytelling Project","29","City-wide","1",2900,NA,NA,NA,NA,NA,NA,NA,NA,NA,NA,NA,NA,NA,NA,NA,NA,NA,NA,NA,2900,NA,"2015"
475,"Open Roof Films Entertainment Inc.","18","City-wide","1",6000,NA,NA,NA,NA,NA,NA,NA,NA,NA,NA,NA,NA,NA,NA,NA,NA,NA,NA,NA,6000,NA,"2015"
476,"Open Studio","20","City-wide","1",73000,NA,NA,NA,NA,NA,NA,NA,NA,NA,NA,NA,NA,NA,NA,NA,NA,NA,NA,NA,73000,NA,"2015"
477,"Opera Atelier","27","City-wide","1",140000,NA,NA,NA,NA,NA,NA,NA,NA,NA,NA,NA,NA,NA,NA,NA,NA,NA,NA,NA,140000,NA,"2015"
478,"Opera Five Inc.","27","City-wide","1",8000,NA,NA,NA,NA,NA,NA,NA,NA,NA,NA,NA,NA,NA,NA,NA,NA,NA,NA,NA,8000,NA,"2015"
479,"Opera In Concert","28","City-wide","1",30000,NA,NA,NA,NA,NA,NA,NA,NA,NA,NA,NA,NA,NA,NA,NA,NA,NA,NA,NA,30000,NA,"2015"
480,"Operation Springboard","27","City-wide","1",36000,NA,NA,NA,36000,NA,NA,NA,NA,NA,NA,NA,NA,NA,NA,NA,NA,NA,NA,NA,NA,NA,"2015"
481,"Opportunity for Advancement","20","City-wide","1",46080,NA,NA,NA,NA,NA,NA,NA,46080,NA,NA,NA,NA,NA,NA,NA,NA,NA,NA,NA,NA,NA,"2015"
482,"Orchestra Toronto","23","City-wide","1",21000,NA,NA,NA,NA,NA,NA,NA,NA,NA,NA,NA,NA,NA,NA,NA,NA,NA,NA,NA,21000,NA,"2015"
483,"Oriana Women's Choir","22","City-wide","1",9400,NA,NA,NA,NA,NA,NA,NA,NA,NA,NA,NA,NA,NA,NA,NA,NA,NA,NA,NA,9400,NA,"2015"
484,"Orpheus Choir of Toronto","22","City-wide","1",20000,NA,NA,NA,NA,NA,NA,NA,NA,NA,NA,NA,NA,NA,NA,NA,NA,NA,NA,NA,20000,NA,"2015"
485,"Outside Looking In","28","City Wide","1",15000,NA,NA,NA,NA,NA,NA,NA,NA,NA,NA,NA,NA,NA,NA,NA,NA,NA,NA,NA,15000,NA,"2015"
486,"PAL-Reading Services Inc.","27","City-wide","1",15330,NA,NA,NA,NA,NA,NA,NA,15330,NA,NA,NA,NA,NA,NA,NA,NA,NA,NA,NA,NA,NA,"2015"
487,"Pan Trinbago Steelband Assoc. of Ontario","29","City-wide","1",9000,NA,NA,NA,NA,NA,NA,NA,NA,NA,NA,NA,NA,NA,NA,NA,NA,NA,NA,NA,9000,NA,"2015"
488,"Pandemic Theatre","20","City-wide","1",3500,NA,NA,NA,NA,NA,NA,NA,NA,NA,NA,NA,NA,NA,NA,NA,NA,NA,NA,NA,3500,NA,"2015"
489,"Paprika Festival","18","City-wide","1",15000,NA,NA,NA,NA,NA,NA,NA,NA,NA,NA,NA,NA,NA,NA,NA,NA,NA,NA,NA,15000,NA,"2015"
490,"Paradigm Productions","28","City-wide","1",4200,NA,NA,NA,NA,NA,NA,NA,NA,NA,NA,NA,NA,NA,NA,NA,NA,NA,NA,NA,4200,NA,"2015"
491,"Parkdale Activity Recreation Centre","14","Local","1",10000,NA,NA,NA,NA,NA,NA,NA,NA,NA,NA,NA,NA,NA,NA,NA,NA,NA,NA,NA,10000,NA,"2015"
492,"Parkdale Beauty Pageant Society","14","Local","1",2000,NA,NA,NA,NA,NA,NA,NA,NA,NA,NA,NA,NA,NA,NA,NA,NA,NA,NA,NA,2000,NA,"2015"
493,"Parkdale Community Information Centre","14","Local","1",26690,NA,NA,NA,NA,NA,NA,NA,26690,NA,NA,NA,NA,NA,NA,NA,NA,NA,NA,NA,NA,NA,"2015"
494,"Parkdale Golden Age Foundation","14","Area services","1",56000,NA,NA,NA,NA,NA,NA,NA,56000,NA,NA,NA,NA,NA,NA,NA,NA,NA,NA,NA,NA,NA,"2015"
495,"Parkdale Intercultural Association (Toronto)","14","Local","1",68635,NA,NA,NA,NA,NA,NA,NA,68635,NA,NA,NA,NA,NA,NA,NA,NA,NA,NA,NA,NA,NA,"2015"
496,"Parkdale Village Arts Collective","14","City-wide","1",5000,NA,NA,NA,NA,NA,NA,NA,NA,NA,NA,NA,NA,NA,NA,NA,NA,NA,NA,NA,5000,NA,"2015"
497,"Passerelle Intégration et Développement Économiques","27","City-wide","3",112500,30000,NA,NA,NA,NA,20000,NA,62500,NA,NA,NA,NA,NA,NA,NA,NA,NA,NA,NA,NA,NA,"2015"
498,"Pax Christi Chorale","23","City-wide","1",15000,NA,NA,NA,NA,NA,NA,NA,NA,NA,NA,NA,NA,NA,NA,NA,NA,NA,NA,NA,15000,NA,"2015"
499,"Pea Green Theatre Group","17","City-wide","1",3500,NA,NA,NA,NA,NA,NA,NA,NA,NA,NA,NA,NA,NA,NA,NA,NA,NA,NA,NA,3500,NA,"2015"
500,"Peggy Baker Dance Projects","28","City-wide","1",22500,NA,NA,NA,NA,NA,NA,NA,NA,NA,NA,NA,NA,NA,NA,NA,NA,NA,NA,NA,22500,NA,"2015"
501,"People of the Motherland-A World of Cultures","30","City-wide","1",6300,NA,NA,NA,NA,NA,NA,NA,NA,NA,NA,NA,NA,NA,NA,NA,NA,NA,NA,NA,6300,NA,"2015"
502,"Piece of Mine Festival","15","Local","1",10000,NA,NA,NA,NA,NA,NA,NA,NA,NA,NA,NA,NA,NA,NA,NA,NA,NA,NA,NA,10000,NA,"2015"
503,"Pigeon Collective","14","Local","1",5000,NA,NA,NA,NA,NA,NA,NA,NA,NA,NA,NA,NA,NA,NA,NA,NA,NA,NA,NA,5000,NA,"2015"
504,"Pink Pluto","27","City-wide","1",3500,NA,NA,NA,NA,NA,NA,NA,NA,NA,NA,NA,NA,NA,NA,NA,NA,NA,NA,NA,3500,NA,"2015"
505,"Pivot Reading Series","20","City-wide","1",7000,NA,NA,NA,NA,NA,NA,NA,NA,NA,NA,NA,NA,NA,NA,NA,NA,NA,NA,NA,7000,NA,"2015"
506,"Planet In Focus","20","City-wide","1",35000,NA,NA,NA,NA,NA,NA,NA,NA,NA,NA,NA,NA,NA,NA,NA,NA,NA,NA,NA,35000,NA,"2015"
507,"Plasticine Poetry Series Association","19","City-wide","1",2800,NA,NA,NA,NA,NA,NA,NA,NA,NA,NA,NA,NA,NA,NA,NA,NA,NA,NA,NA,2800,NA,"2015"
508,"Platform A Collaborative Partnership","15","Area Services","1",348000,NA,NA,NA,NA,NA,NA,NA,NA,NA,NA,NA,NA,NA,NA,NA,NA,NA,NA,NA,348000,NA,"2015"
509,"Playwrights Guild of Canada","20","City-wide","1",23000,NA,NA,NA,NA,NA,NA,NA,NA,NA,NA,NA,NA,NA,NA,NA,NA,NA,NA,NA,23000,NA,"2015"
510,"Pleiades Theatre","28","City-wide","1",33000,NA,NA,NA,NA,NA,NA,NA,NA,NA,NA,NA,NA,NA,NA,NA,NA,NA,NA,NA,33000,NA,"2015"
511,"Pocket Community Association","30","Local","1",4000,NA,NA,NA,NA,NA,NA,NA,NA,NA,NA,NA,NA,NA,NA,NA,NA,NA,NA,NA,4000,NA,"2015"
512,"Polycultural Immigrant and Community Services","3","Area Services","1",28670,NA,NA,NA,NA,NA,NA,NA,28670,NA,NA,NA,NA,NA,NA,NA,NA,NA,NA,NA,NA,NA,"2015"
513,"pounds per square inch performance","28","City-wide","1",12000,NA,NA,NA,NA,NA,NA,NA,NA,NA,NA,NA,NA,NA,NA,NA,NA,NA,NA,NA,12000,NA,"2015"
514,"Prefix Institute of Contemporary Art","20","City-wide","1",34000,NA,NA,NA,NA,NA,NA,NA,NA,NA,NA,NA,NA,NA,NA,NA,NA,NA,NA,NA,34000,NA,"2015"
515,"Pride Toronto","27","City-wide","1",160500,NA,NA,NA,NA,NA,NA,NA,NA,NA,NA,NA,NA,NA,NA,NA,160500,NA,NA,NA,NA,NA,"2015"
516,"princess productions","28","City-wide","1",42000,NA,NA,NA,NA,NA,NA,NA,NA,NA,NA,NA,NA,NA,NA,NA,NA,NA,NA,NA,42000,NA,"2015"
517,"ProArteDanza","20","City-wide","1",15000,NA,NA,NA,NA,NA,NA,NA,NA,NA,NA,NA,NA,NA,NA,NA,NA,NA,NA,NA,15000,NA,"2015"
518,"Professional Association of Canadian Theatre","20","City-wide","1",6000,NA,NA,NA,NA,NA,NA,NA,NA,NA,NA,NA,NA,NA,NA,NA,NA,NA,NA,NA,6000,NA,"2015"
519,"Project Creative Users","19","City-wide","1",9000,NA,NA,NA,NA,NA,NA,NA,NA,NA,NA,NA,NA,NA,NA,NA,NA,NA,NA,NA,9000,NA,"2015"
520,"Prologue to the Performing Arts","28","City-wide","1",35000,NA,NA,NA,NA,NA,NA,NA,NA,NA,NA,NA,NA,NA,NA,NA,NA,NA,NA,NA,35000,NA,"2015"
521,"Promoting Education and Community Health (PEACH)","7","Area services","2",103920,NA,NA,NA,45000,NA,NA,NA,58920,NA,NA,NA,NA,NA,NA,NA,NA,NA,NA,NA,NA,NA,"2015"
522,"Prosserman Jewish Community Centre","10","City-wide","1",13160,NA,NA,NA,NA,NA,NA,NA,13160,NA,NA,NA,NA,NA,NA,NA,NA,NA,NA,NA,NA,NA,"2015"
523,"Public Recordings Performance Projects","17","City-wide","1",15000,NA,NA,NA,NA,NA,NA,NA,NA,NA,NA,NA,NA,NA,NA,NA,NA,NA,NA,NA,15000,NA,"2015"
524,"Puppetmongers","30","City-wide","1",20000,NA,NA,NA,NA,NA,NA,NA,NA,NA,NA,NA,NA,NA,NA,NA,NA,NA,NA,NA,20000,NA,"2015"
525,"Queen's Plate","2","Area Services","1",30000,NA,NA,NA,NA,NA,NA,NA,NA,NA,NA,NA,NA,NA,NA,NA,NA,NA,30000,NA,NA,NA,"2015"
526,"Queer Songbook Orchestra","19","Local","1",3000,NA,NA,NA,NA,NA,NA,NA,NA,NA,NA,NA,NA,NA,NA,NA,NA,NA,NA,NA,3000,NA,"2015"
527,"Quip Take","21","City-wide","1",5000,NA,NA,NA,NA,NA,NA,NA,NA,NA,NA,NA,NA,NA,NA,NA,NA,NA,NA,NA,5000,NA,"2015"
528,"Quote Unquote Collective","13","City-wide","1",4000,NA,NA,NA,NA,NA,NA,NA,NA,NA,NA,NA,NA,NA,NA,NA,NA,NA,NA,NA,4000,NA,"2015"
529,"Raging Asian Women Taiko Drummers","21","City-wide","1",6000,NA,NA,NA,NA,NA,NA,NA,NA,NA,NA,NA,NA,NA,NA,NA,NA,NA,NA,NA,6000,NA,"2015"
530,"Rainbow Association of Canadian Artists","27","City-wide","1",2500,NA,NA,NA,NA,NA,NA,NA,NA,NA,NA,NA,NA,NA,NA,NA,NA,NA,NA,NA,2500,NA,"2015"
531,"Ralph Thornton Centre","30","Local","2",73585,40000,NA,NA,NA,NA,NA,NA,33585,NA,NA,NA,NA,NA,NA,NA,NA,NA,NA,NA,NA,NA,"2015"
532,"Rear View Curatorial Collective","18","City-wide","1",7250,NA,NA,NA,NA,NA,NA,NA,NA,NA,NA,NA,NA,NA,NA,NA,NA,NA,NA,NA,7250,NA,"2015"
533,"Red Dress Productions","28","Local","1",15000,NA,NA,NA,NA,NA,NA,NA,NA,NA,NA,NA,NA,NA,NA,NA,NA,NA,NA,NA,15000,NA,"2015"
534,"Red Pepper Spectacle Arts","20","City-wide","1",29000,NA,NA,NA,NA,NA,NA,NA,NA,NA,NA,NA,NA,NA,NA,NA,NA,NA,NA,NA,29000,NA,"2015"
535,"Red Sky Performance","20","City-wide","1",33000,NA,NA,NA,NA,NA,NA,NA,NA,NA,NA,NA,NA,NA,NA,NA,NA,NA,NA,NA,33000,NA,"2015"
536,"Red Slam","27","City-wide","1",8000,NA,NA,NA,NA,NA,NA,NA,NA,NA,NA,NA,NA,NA,NA,NA,NA,NA,NA,NA,8000,NA,"2015"
537,"Red Snow Collective","34","City-wide","1",15000,NA,NA,NA,NA,NA,NA,NA,NA,NA,NA,NA,NA,NA,NA,NA,NA,NA,NA,NA,15000,NA,"2015"
538,"Regent Park Film Festival Inc","28","Local","1",21000,NA,NA,NA,NA,NA,NA,NA,NA,NA,NA,NA,NA,NA,NA,NA,NA,NA,NA,NA,21000,NA,"2015"
539,"Regent Park Focus","28","City-wide","1",30000,NA,NA,NA,NA,NA,NA,NA,NA,NA,NA,NA,NA,NA,NA,NA,NA,NA,NA,NA,30000,NA,"2015"
540,"Regent Park School of Music","28","Area services","1",20000,NA,NA,NA,NA,NA,NA,NA,NA,NA,NA,NA,NA,NA,NA,NA,NA,NA,NA,NA,20000,NA,"2015"
541,"Remix Project (The)","14","City-wide","1",10000,NA,NA,NA,NA,NA,NA,NA,NA,NA,NA,NA,NA,NA,10000,NA,NA,NA,NA,NA,NA,NA,"2015"
542,"Revolutions per Minute (RPM)","20","City-wide","1",15000,NA,NA,NA,NA,NA,NA,NA,NA,NA,NA,NA,NA,NA,NA,NA,NA,NA,NA,NA,15000,NA,"2015"
543,"reWork Productions","19","City-wide","1",5700,NA,NA,NA,NA,NA,NA,NA,NA,NA,NA,NA,NA,NA,NA,NA,NA,NA,NA,NA,5700,NA,"2015"
544,"REX Pride","1","Area Services","1",35000,35000,NA,NA,NA,NA,NA,NA,NA,NA,NA,NA,NA,NA,NA,NA,NA,NA,NA,NA,NA,NA,"2015"
545,"Rexdale Community Health Centre","2","Area services","2",169750,NA,NA,NA,NA,NA,NA,NA,149750,NA,NA,20000,NA,NA,NA,NA,NA,NA,NA,NA,NA,NA,"2015"
546,"Rexdale Community Hub","1","Area Services","1",45000,NA,NA,NA,NA,NA,NA,NA,NA,NA,NA,NA,NA,NA,NA,NA,NA,NA,45000,NA,NA,NA,"2015"
547,"Rexdale Women's Centre","1","Area services","3",98690,NA,NA,36500,NA,8500,NA,NA,53690,NA,NA,NA,NA,NA,NA,NA,NA,NA,NA,NA,NA,NA,"2015"
548,"Right Path Community Centre","9","City-wide","1",7000,NA,NA,NA,NA,NA,NA,NA,NA,NA,NA,NA,NA,NA,NA,NA,NA,NA,NA,NA,7000,NA,"2015"
549,"R.I.S.E Edutainment","42","Local","2",20000,NA,NA,NA,NA,NA,NA,NA,NA,NA,NA,NA,NA,NA,10000,NA,NA,NA,NA,NA,10000,NA,"2015"
550,"Rina Singha Kathak Dance Organization","28","City-wide","1",10000,NA,NA,NA,NA,NA,NA,NA,NA,NA,NA,NA,NA,NA,NA,NA,NA,NA,NA,NA,10000,NA,"2015"
552,"Riverdale Immigrant Women's Centre","30","Area Services","1",35000,NA,NA,35000,NA,NA,NA,NA,NA,NA,NA,NA,NA,NA,NA,NA,NA,NA,NA,NA,NA,NA,"2015"
553,"Roseneath Theatre","18","City-wide","1",79000,NA,NA,NA,NA,NA,NA,NA,NA,NA,NA,NA,NA,NA,NA,NA,NA,NA,NA,NA,79000,NA,"2015"
554,"Rotary Club","5","City-wide","1",22000,NA,NA,NA,NA,NA,22000,NA,NA,NA,NA,NA,NA,NA,NA,NA,NA,NA,NA,NA,NA,NA,"2015"
555,"Rowers Pub Reading Series Inc.","19","City-wide","1",8000,NA,NA,NA,NA,NA,NA,NA,NA,NA,NA,NA,NA,NA,NA,NA,NA,NA,NA,NA,8000,NA,"2015"
556,"Royal Agricultural Winter Fair","19","City-wide","1",939110,NA,NA,NA,NA,NA,NA,NA,NA,NA,NA,NA,NA,NA,NA,NA,NA,NA,NA,NA,NA,939110,"2015"
557,"RT Collective","20","Local","1",4000,NA,NA,NA,NA,NA,NA,NA,NA,NA,NA,NA,NA,NA,NA,NA,NA,NA,NA,NA,4000,NA,"2015"
558,"Saga Collectif","14","City-wide","1",5000,NA,NA,NA,NA,NA,NA,NA,NA,NA,NA,NA,NA,NA,NA,NA,NA,NA,NA,NA,5000,NA,"2015"
559,"San Lorenzo Latin American Community Centre","19","City-wide","2",38500,NA,NA,NA,NA,NA,35000,NA,NA,NA,NA,NA,NA,NA,NA,NA,NA,NA,NA,NA,3500,NA,"2015"
560,"San Romanoway Revitalization Association","8","Local","1",77010,NA,NA,NA,NA,NA,NA,NA,77010,NA,NA,NA,NA,NA,NA,NA,NA,NA,NA,NA,NA,NA,"2015"
561,"SAVAC","20","City-wide","1",40000,NA,NA,NA,NA,NA,NA,NA,NA,NA,NA,NA,NA,NA,NA,NA,NA,NA,NA,NA,40000,NA,"2015"
562,"Scadding Court Community Centre","20","Area services","2",197850,NA,NA,NA,NA,NA,NA,NA,169850,NA,NA,28000,NA,NA,NA,NA,NA,NA,NA,NA,NA,NA,"2015"
563,"Scarborough Arts Council","36","City-wide","1",209000,NA,NA,NA,NA,NA,NA,NA,NA,NA,NA,NA,NA,NA,NA,209000,NA,NA,NA,NA,NA,NA,"2015"
564,"Scarborough Caribbean Youth Dance Ensemble","42","Local","1",9500,NA,NA,NA,NA,NA,NA,NA,NA,NA,NA,NA,NA,NA,NA,NA,NA,NA,NA,NA,9500,NA,"2015"
565,"Scarborough Centre for Healthy Communities","38","Area Services","1",180175,NA,NA,NA,NA,NA,NA,NA,180175,NA,NA,NA,NA,NA,NA,NA,NA,NA,NA,NA,NA,NA,"2015"
566,"Scarborough Film Festival","41","City-wide","1",3000,NA,NA,NA,NA,NA,NA,NA,NA,NA,NA,NA,NA,NA,NA,NA,NA,NA,NA,NA,3000,NA,"2015"
567,"Scarborough Philharmonic Orchestra","36","Area services","1",20000,NA,NA,NA,NA,NA,NA,NA,NA,NA,NA,NA,NA,NA,NA,NA,NA,NA,NA,NA,20000,NA,"2015"
568,"Scarborough Residents Unite","36","Area services","1",30000,NA,NA,NA,NA,NA,NA,NA,NA,NA,NA,NA,NA,NA,NA,NA,NA,NA,30000,NA,NA,NA,"2015"
569,"Scarborough Women's Centre","38","Area services","3",111490,NA,NA,36000,40000,NA,NA,NA,35490,NA,NA,NA,NA,NA,NA,NA,NA,NA,NA,NA,NA,NA,"2015"
570,"S.E.A.S. Centre (Support Enhance Access Services Centre)","28","Area services","1",80225,NA,NA,NA,NA,NA,NA,NA,80225,NA,NA,NA,NA,NA,NA,NA,NA,NA,NA,NA,NA,NA,"2015"
572,"Second Mile Club of Toronto, The","20","City-wide","1",67910,NA,NA,NA,NA,NA,NA,NA,67910,NA,NA,NA,NA,NA,NA,NA,NA,NA,NA,NA,NA,NA,"2015"
573,"Self-Help Resource Centre","22","City-wide","2",54990,40000,NA,NA,NA,NA,NA,NA,14990,NA,NA,NA,NA,NA,NA,NA,NA,NA,NA,NA,NA,NA,"2015"
574,"Senior Adult Services in the Annex, Toronto","20","Local","1",32945,NA,NA,NA,NA,NA,NA,NA,32945,NA,NA,NA,NA,NA,NA,NA,NA,NA,NA,NA,NA,NA,"2015"
575,"Senior Peoples' Resources in North Toronto (SPRINT)","22","Area services","1",95070,NA,NA,NA,NA,NA,NA,NA,95070,NA,NA,NA,NA,NA,NA,NA,NA,NA,NA,NA,NA,NA,"2015"
576,"Senior Tamil's Centre of Ontario","41","City-wide","1",57530,NA,NA,NA,NA,NA,NA,NA,57530,NA,NA,NA,NA,NA,NA,NA,NA,NA,NA,NA,NA,NA,"2015"
577,"Setsane Indigenous Fashion and textile Arts","20","City-wide","1",15000,NA,NA,NA,NA,NA,NA,NA,NA,NA,NA,NA,NA,NA,NA,NA,NA,NA,NA,NA,15000,NA,"2015"
578,"Settlement Assistance and Family Support Services (Formerly South Asian Family Support Services)","38","Area services","1",50800,NA,NA,NA,NA,NA,NA,NA,50800,NA,NA,NA,NA,NA,NA,NA,NA,NA,NA,NA,NA,NA,"2015"
579,"Shadowland Theatre","28","Local","1",18000,NA,NA,NA,NA,NA,NA,NA,NA,NA,NA,NA,NA,NA,NA,NA,NA,NA,NA,NA,18000,NA,"2015"
580,"Shakespeare in the Ruff","32","Local","1",8000,NA,NA,NA,NA,NA,NA,NA,NA,NA,NA,NA,NA,NA,NA,NA,NA,NA,NA,NA,8000,NA,"2015"
581,"Sherbourne Health Centre - SOY","28","City-wide","2",28500,NA,NA,NA,NA,NA,22000,NA,NA,NA,NA,NA,NA,NA,NA,NA,NA,NA,NA,NA,6500,NA,"2015"
582,"Sick Muse Art Projects","17","City-wide","1",10000,NA,NA,NA,NA,NA,NA,NA,NA,NA,NA,NA,NA,NA,NA,NA,NA,NA,NA,NA,10000,NA,"2015"
583,"Silent Voice Canada","22","City-wide","3",79827,40000,NA,NA,NA,NA,NA,NA,30765,NA,9062,NA,NA,NA,NA,NA,NA,NA,NA,NA,NA,NA,"2015"
584,"Signal Theatre","19","City-wide","1",8000,NA,NA,NA,NA,NA,NA,NA,NA,NA,NA,NA,NA,NA,NA,NA,NA,NA,NA,NA,8000,NA,"2015"
585,"Sinfonia Toronto","20","City-wide","1",12350,NA,NA,NA,NA,NA,NA,NA,NA,NA,NA,NA,NA,NA,NA,NA,NA,NA,NA,NA,12350,NA,"2015"
586,"SING The Toronto Vocal Arts Festival","28","City-wide","1",6000,NA,NA,NA,NA,NA,NA,NA,NA,NA,NA,NA,NA,NA,NA,NA,NA,NA,NA,NA,6000,NA,"2015"
587,"Singing Out - Toronto LGBTQ Choir","28","City-wide","1",7500,NA,NA,NA,NA,NA,NA,NA,NA,NA,NA,NA,NA,NA,NA,NA,NA,NA,NA,NA,7500,NA,"2015"
588,"Single Thread Theatre Company","14","Local","1",18000,NA,NA,NA,NA,NA,NA,NA,NA,NA,NA,NA,NA,NA,NA,NA,NA,NA,NA,NA,18000,NA,"2015"
589,"Sir William Campbell House Museum","20","City-wide","1",36687,NA,NA,NA,NA,NA,NA,NA,NA,NA,NA,NA,NA,NA,NA,NA,NA,36687,NA,NA,NA,NA,"2015"
590,"SKETCH Working Arts For Street Involved & Homeless Youth","19","City-wide","2",135000,45000,NA,NA,NA,NA,NA,NA,NA,NA,NA,NA,NA,NA,NA,NA,NA,NA,NA,NA,90000,NA,"2015"
591,"Small Theatre Administrative Facility","20","City-wide","1",32000,NA,NA,NA,NA,NA,NA,NA,NA,NA,NA,NA,NA,NA,NA,NA,NA,NA,NA,NA,32000,NA,"2015"
592,"Small Wooden Shoe","17","City-wide","1",15000,NA,NA,NA,NA,NA,NA,NA,NA,NA,NA,NA,NA,NA,NA,NA,NA,NA,NA,NA,15000,NA,"2015"
593,"Small World Music Society","18","City-wide","1",42500,NA,NA,NA,NA,NA,NA,NA,NA,NA,NA,NA,NA,NA,NA,NA,NA,NA,NA,NA,42500,NA,"2015"
594,"Snack Music Collective","19","City-wide","1",6500,NA,NA,NA,NA,NA,NA,NA,NA,NA,NA,NA,NA,NA,NA,NA,NA,NA,NA,NA,6500,NA,"2015"
595,"Social Circus Circle","19","City-wide","1",2000,NA,NA,NA,NA,NA,NA,NA,NA,NA,NA,NA,NA,NA,NA,NA,NA,NA,NA,NA,2000,NA,"2015"
596,"Social Housing Latin American Tenant Association","17","Local","1",6000,NA,NA,NA,NA,NA,NA,NA,NA,NA,NA,NA,NA,NA,NA,NA,NA,NA,NA,NA,6000,NA,"2015"
597,"Society of Sharing: Inner-City Volunteers","27","Area services","1",15915,NA,NA,NA,NA,NA,NA,NA,15915,NA,NA,NA,NA,NA,NA,NA,NA,NA,NA,NA,NA,NA,"2015"
598,"Somali Canadian Association of Etobicoke","1","Area services","1",23045,NA,NA,NA,NA,NA,NA,NA,23045,NA,NA,NA,NA,NA,NA,NA,NA,NA,NA,NA,NA,NA,"2015"
599,"Somali Women and Children's Support Network","2","City-wide","1",40100,NA,NA,NA,NA,NA,NA,NA,40100,NA,NA,NA,NA,NA,NA,NA,NA,NA,NA,NA,NA,NA,"2015"
600,"Soulpepper Theatre Company","28","City-wide","1",370000,NA,NA,NA,NA,NA,NA,NA,NA,NA,NA,NA,NA,NA,NA,NA,NA,NA,NA,NA,370000,NA,"2015"
601,"Soundstreams Canada","20","City-wide","1",91000,NA,NA,NA,NA,NA,NA,NA,NA,NA,NA,NA,NA,NA,NA,NA,NA,NA,NA,NA,91000,NA,"2015"
602,"South Asian Women's Centre","18","City-wide","2",126410,NA,NA,NA,40000,NA,NA,NA,86410,NA,NA,NA,NA,NA,NA,NA,NA,NA,NA,NA,NA,NA,"2015"
603,"South Asian Women's Right Organization","35","City-wide","1",43000,43000,NA,NA,NA,NA,NA,NA,NA,NA,NA,NA,NA,NA,NA,NA,NA,NA,NA,NA,NA,NA,"2015"
604,"Southern Currents / Corrientes Del Sur","20","City-wide","1",20000,NA,NA,NA,NA,NA,NA,NA,NA,NA,NA,NA,NA,NA,NA,NA,NA,NA,NA,NA,20000,NA,"2015"
605,"SpeakSudan","27","Local","1",10000,NA,NA,NA,NA,NA,NA,NA,NA,NA,NA,NA,NA,NA,NA,NA,NA,NA,NA,NA,10000,NA,"2015"
606,"Spectrum Composers Collective","20","City-wide","1",6000,NA,NA,NA,NA,NA,NA,NA,NA,NA,NA,NA,NA,NA,NA,NA,NA,NA,NA,NA,6000,NA,"2015"
607,"Speedy Creek Productions","27","City-wide","1",7500,NA,NA,NA,NA,NA,NA,NA,NA,NA,NA,NA,NA,NA,NA,NA,NA,NA,NA,NA,7500,NA,"2015"
608,"Springtide Resources Inc.","20","City-wide","1",23045,NA,NA,NA,NA,NA,NA,NA,23045,NA,NA,NA,NA,NA,NA,NA,NA,NA,NA,NA,NA,NA,"2015"
609,"Spoke N'Heard","24","Local","1",15000,NA,NA,NA,NA,NA,NA,NA,NA,NA,NA,NA,NA,NA,NA,NA,NA,NA,NA,NA,15000,NA,"2015"
610,"SPUR Action for Change","26","Area Services","1",9000,NA,NA,NA,NA,9000,NA,NA,NA,NA,NA,NA,NA,NA,NA,NA,NA,NA,NA,NA,NA,NA,"2015"
611,"SPUR of the Moment Shakespeare Collective","28","Local","1",7500,NA,NA,NA,NA,NA,NA,NA,NA,NA,NA,NA,NA,NA,NA,NA,NA,NA,NA,NA,7500,NA,"2015"
612,"St. Alban's Boys' and Girls' Club","20","Area services","1",190985,NA,NA,NA,NA,NA,NA,NA,190985,NA,NA,NA,NA,NA,NA,NA,NA,NA,NA,NA,NA,NA,"2015"
613,"St. Bernadette's Family Resource Centre","12","Area services","1",19000,NA,NA,NA,NA,NA,NA,NA,19000,NA,NA,NA,NA,NA,NA,NA,NA,NA,NA,NA,NA,NA,"2015"
614,"St. Christopher House (The)","19","Area services","1",289400,NA,NA,NA,NA,NA,NA,NA,289400,NA,NA,NA,NA,NA,NA,NA,NA,NA,NA,NA,NA,NA,"2015"
615,"St. Clair O'Connor Community Inc.","31","Area services","1",17660,NA,NA,NA,NA,NA,NA,NA,17660,NA,NA,NA,NA,NA,NA,NA,NA,NA,NA,NA,NA,NA,"2015"
616,"St. Clair West Services for Seniors, Inc.","12","Area services","1",49960,NA,NA,NA,NA,NA,NA,NA,49960,NA,NA,NA,NA,NA,NA,NA,NA,NA,NA,NA,NA,NA,"2015"
617,"St. James Town Family Literacy Services","28","Local","1",4000,NA,NA,NA,NA,NA,NA,NA,NA,NA,NA,NA,NA,NA,NA,NA,NA,NA,NA,NA,4000,NA,"2015"
618,"St. Matthew's Bracondale House","21","Area services","1",14555,NA,NA,NA,NA,NA,NA,NA,14555,NA,NA,NA,NA,NA,NA,NA,NA,NA,NA,NA,NA,NA,"2015"
619,"St. Paul's L'Amoreaux Centre","40","Area services","1",96300,NA,NA,NA,NA,NA,NA,NA,96300,NA,NA,NA,NA,NA,NA,NA,NA,NA,NA,NA,NA,NA,"2015"
620,"St. Stephen's Community House","20","City-wide","2",245605,NA,NA,NA,NA,NA,NA,NA,235605,NA,NA,NA,NA,NA,NA,NA,NA,NA,NA,NA,10000,NA,"2015"
621,"Steeles L'Amoreaux Strength in Partnership","41","Area services","2",115000,NA,NA,NA,NA,NA,NA,75000,NA,NA,NA,NA,NA,NA,NA,NA,NA,NA,40000,NA,NA,NA,"2015"
622,"Steeles L'Amoreaux Youth Emplowerment","39","Area services","1",9000,NA,NA,NA,NA,9000,NA,NA,NA,NA,NA,NA,NA,NA,NA,NA,NA,NA,NA,NA,NA,NA,"2015"
623,"Steeles L'Amoreaux Youth Hub","40","Area services","1",34000,NA,NA,NA,34000,NA,NA,NA,NA,NA,NA,NA,NA,NA,NA,NA,NA,NA,NA,NA,NA,NA,"2015"
624,"STEPS Sustainable Thinking and Expression Initiative","26","City-wide","2",33000,NA,NA,NA,NA,NA,NA,NA,NA,NA,NA,24000,NA,NA,NA,NA,NA,NA,NA,NA,9000,NA,"2015"
625,"Stonegate Community Health Centre","5","Area services","1",86290,NA,NA,NA,NA,NA,NA,NA,86290,NA,NA,NA,NA,NA,NA,NA,NA,NA,NA,NA,NA,NA,"2015"
626,"Stop Community Food Centre, The","17","Area services","1",27675,NA,NA,NA,NA,NA,NA,NA,27675,NA,NA,NA,NA,NA,NA,NA,NA,NA,NA,NA,NA,NA,"2015"
627,"Storefront Humber Inc.","6","Local","1",56995,NA,NA,NA,NA,NA,NA,NA,56995,NA,NA,NA,NA,NA,NA,NA,NA,NA,NA,NA,NA,NA,"2015"
628,"Story Planet","18","City-wide","1",10000,NA,NA,NA,NA,NA,NA,NA,NA,NA,NA,NA,NA,NA,NA,NA,NA,NA,NA,NA,10000,NA,"2015"
629,"Street Health Community Nursing Foundation","28","City-wide","1",35000,NA,NA,NA,35000,NA,NA,NA,NA,NA,NA,NA,NA,NA,NA,NA,NA,NA,NA,NA,NA,NA,"2015"
630,"Street Voices","19","Local","1",15000,NA,NA,NA,NA,NA,NA,NA,NA,NA,NA,NA,NA,NA,NA,NA,NA,NA,NA,NA,15000,NA,"2015"
631,"Student Assistance in North Toronto for Seniors","25","Area services","1",11190,NA,NA,NA,NA,NA,NA,NA,11190,NA,NA,NA,NA,NA,NA,NA,NA,NA,NA,NA,NA,NA,"2015"
632,"Studio 180 Theatre Company","18","City Wide","1",17000,NA,NA,NA,NA,NA,NA,NA,NA,NA,NA,NA,NA,NA,NA,NA,NA,NA,NA,NA,17000,NA,"2015"
633,"Subtle Technologies","19","City-wide","1",16000,NA,NA,NA,NA,NA,NA,NA,NA,NA,NA,NA,NA,NA,NA,NA,NA,NA,NA,NA,16000,NA,"2015"
634,"SuiteLife Arts for Youth","36","Local","1",7000,NA,NA,NA,NA,NA,NA,NA,NA,NA,NA,NA,NA,NA,NA,NA,NA,NA,NA,NA,7000,NA,"2015"
635,"SummerWorks Theatre Festival","18","Local","1",45000,NA,NA,NA,NA,NA,NA,NA,NA,NA,NA,NA,NA,NA,NA,NA,NA,NA,NA,NA,45000,NA,"2015"
636,"Sunshine Centre for Seniors","27","Local","2",51795,NA,NA,NA,NA,8000,NA,NA,43795,NA,NA,NA,NA,NA,NA,NA,NA,NA,NA,NA,NA,NA,"2015"
637,"Surface Art","11","Area services","1",38500,NA,NA,NA,NA,NA,NA,NA,NA,NA,NA,38500,NA,NA,NA,NA,NA,NA,NA,NA,NA,NA,"2015"
638,"Surviving Huronia Collective","20","City-wide","1",8000,NA,NA,NA,NA,NA,NA,NA,NA,NA,NA,NA,NA,NA,NA,NA,NA,NA,NA,NA,8000,NA,"2015"
639,"Syme-Woolner Neighbourhood & Family Centre","12","Area services","1",103475,NA,NA,NA,NA,NA,NA,NA,103475,NA,NA,NA,NA,NA,NA,NA,NA,NA,NA,NA,NA,NA,"2015"
640,"Tafelmusik","20","City-wide","1",180000,NA,NA,NA,NA,NA,NA,NA,NA,NA,NA,NA,NA,NA,NA,NA,NA,NA,NA,NA,180000,NA,"2015"
641,"Talisker Players Chamber  Music","20","City-wide","1",14000,NA,NA,NA,NA,NA,NA,NA,NA,NA,NA,NA,NA,NA,NA,NA,NA,NA,NA,NA,14000,NA,"2015"
642,"Talk yuh Talk","35","City-wide","1",7000,NA,NA,NA,NA,NA,NA,NA,NA,NA,NA,NA,NA,NA,NA,NA,NA,NA,NA,NA,7000,NA,"2015"
643,"Tangled Art and Disability","28","City-wide","1",15000,NA,NA,NA,NA,NA,NA,NA,NA,NA,NA,NA,NA,NA,NA,NA,NA,NA,NA,NA,15000,NA,"2015"
644,"Tapestry Opera","28","City-wide","1",65000,NA,NA,NA,NA,NA,NA,NA,NA,NA,NA,NA,NA,NA,NA,NA,NA,NA,NA,NA,65000,NA,"2015"
645,"Tarragon Theatre","21","City-wide","1",2e+05,NA,NA,NA,NA,NA,NA,NA,NA,NA,NA,NA,NA,NA,NA,NA,NA,NA,NA,NA,2e+05,NA,"2015"
646,"TB West Community Services","28","City-wide","1",6000,NA,NA,NA,NA,NA,NA,NA,NA,NA,NA,NA,NA,NA,NA,NA,NA,NA,NA,NA,6000,NA,"2015"
647,"tdsbCREATES - Prologue to the Performing Arts","27","City-wide","1",105000,NA,NA,NA,NA,NA,NA,NA,NA,NA,NA,NA,NA,NA,NA,NA,NA,NA,NA,NA,105000,NA,"2015"
648,"Teresa Group (The)","22","Area Services","1",28805,NA,NA,NA,NA,NA,NA,NA,28805,NA,NA,NA,NA,NA,NA,NA,NA,NA,NA,NA,NA,NA,"2015"
649,"Tesoc Multicultural Settlement Services","37","City-wide","1",35715,NA,NA,NA,NA,NA,NA,NA,35715,NA,NA,NA,NA,NA,NA,NA,NA,NA,NA,NA,NA,NA,"2015"
650,"Textile Museum of Canada","27","City-wide","1",132000,NA,NA,NA,NA,NA,NA,NA,NA,NA,NA,NA,NA,NA,NA,NA,NA,NA,NA,NA,132000,NA,"2015"
651,"That Choir","27","City-wide","1",1500,NA,NA,NA,NA,NA,NA,NA,NA,NA,NA,NA,NA,NA,NA,NA,NA,NA,NA,NA,1500,NA,"2015"
652,"That's So Gay Collective","28","City-wide","1",3000,NA,NA,NA,NA,NA,NA,NA,NA,NA,NA,NA,NA,NA,NA,NA,NA,NA,NA,NA,3000,NA,"2015"
653,"The Artist Mentoring Youth Project Inc.","28","City-wide","1",10000,NA,NA,NA,NA,NA,NA,NA,NA,NA,NA,NA,NA,NA,NA,NA,NA,NA,NA,NA,10000,NA,"2015"
654,"The Artist Newstand Collective","30","Local","1",8500,NA,NA,NA,NA,NA,NA,NA,NA,NA,NA,NA,NA,NA,NA,NA,NA,NA,NA,NA,8500,NA,"2015"
655,"The Bicycle Opera Collective","17","City-wide","1",8000,NA,NA,NA,NA,NA,NA,NA,NA,NA,NA,NA,NA,NA,NA,NA,NA,NA,NA,NA,8000,NA,"2015"
656,"The Cabaret Theatre Company","20","City-wide","1",13000,NA,NA,NA,NA,NA,NA,NA,NA,NA,NA,NA,NA,NA,NA,NA,NA,NA,NA,NA,13000,NA,"2015"
657,"The Cabbagetown Community Arts Centre","28","City-wide","1",25000,NA,NA,NA,NA,NA,NA,NA,NA,NA,NA,NA,NA,NA,NA,NA,NA,NA,NA,NA,25000,NA,"2015"
658,"The Chimera Project Dance Theatre","20","City-wide","1",8000,NA,NA,NA,NA,NA,NA,NA,NA,NA,NA,NA,NA,NA,NA,NA,NA,NA,NA,NA,8000,NA,"2015"
659,"The Company Theatre","21","City-wide","1",18000,NA,NA,NA,NA,NA,NA,NA,NA,NA,NA,NA,NA,NA,NA,NA,NA,NA,NA,NA,18000,NA,"2015"
660,"The Corporation of Massey Hall and Roy Thomson Hall","20","City-wide","1",9000,NA,NA,NA,NA,NA,NA,NA,NA,NA,NA,NA,NA,NA,NA,NA,NA,NA,NA,NA,9000,NA,"2015"
661,"The Dance Umbrella of Ontario","28","City-wide","1",28850,NA,NA,NA,NA,NA,NA,NA,NA,NA,NA,NA,NA,NA,NA,NA,NA,NA,NA,NA,28850,NA,"2015"
662,"The Dream Team","14","City-wide","1",35000,NA,NA,NA,35000,NA,NA,NA,NA,NA,NA,NA,NA,NA,NA,NA,NA,NA,NA,NA,NA,NA,"2015"
663,"The Dietrich Group Interdisciplinary Arts Project","30","City-wide","1",13500,NA,NA,NA,NA,NA,NA,NA,NA,NA,NA,NA,NA,NA,NA,NA,NA,NA,NA,NA,13500,NA,"2015"
664,"The Elmer Iseler Singers","25","City-wide","1",32300,NA,NA,NA,NA,NA,NA,NA,NA,NA,NA,NA,NA,NA,NA,NA,NA,NA,NA,NA,32300,NA,"2015"
665,"The Empty Room","18","City-wide","1",3000,NA,NA,NA,NA,NA,NA,NA,NA,NA,NA,NA,NA,NA,NA,NA,NA,NA,NA,NA,3000,NA,"2015"
666,"The Empty Whole Group","30","City-wide","1",8000,NA,NA,NA,NA,NA,NA,NA,NA,NA,NA,NA,NA,NA,NA,NA,NA,NA,NA,NA,8000,NA,"2015"
667,"The Esprit Orchestra","20","City-wide","1",84500,NA,NA,NA,NA,NA,NA,NA,NA,NA,NA,NA,NA,NA,NA,NA,NA,NA,NA,NA,84500,NA,"2015"
668,"The Film Stars Project","19","Area services","1",30000,30000,NA,NA,NA,NA,NA,NA,NA,NA,NA,NA,NA,NA,NA,NA,NA,NA,NA,NA,NA,NA,"2015"
669,"The FORCE for Cultural Events Productions","20","City-wide","1",5000,NA,NA,NA,NA,NA,NA,NA,NA,NA,NA,NA,NA,NA,NA,NA,NA,NA,NA,NA,5000,NA,"2015"
670,"The Fringe of Toronto Theatre Festival","19","City-wide","1",77000,NA,NA,NA,NA,NA,NA,NA,NA,NA,NA,NA,NA,NA,NA,NA,NA,NA,NA,NA,77000,NA,"2015"
671,"The Hannaford Street Silver Band","31","City-wide","1",38000,NA,NA,NA,NA,NA,NA,NA,NA,NA,NA,NA,NA,NA,NA,NA,NA,NA,NA,NA,38000,NA,"2015"
672,"The InPrint Collective Inc.","17","Local","1",6000,NA,NA,NA,NA,NA,NA,NA,NA,NA,NA,NA,NA,NA,NA,NA,NA,NA,NA,NA,6000,NA,"2015"
673,"The League of Lady Wrestlers","14","City-wide","1",2000,NA,NA,NA,NA,NA,NA,NA,NA,NA,NA,NA,NA,NA,NA,NA,NA,NA,NA,NA,2000,NA,"2015"
674,"The Lemon Bucket Orkestra","4","Local","1",10000,NA,NA,NA,NA,NA,NA,NA,NA,NA,NA,NA,NA,NA,NA,NA,NA,NA,NA,NA,10000,NA,"2015"
675,"The Music Gallery","20","City-wide","1",79000,NA,NA,NA,NA,NA,NA,NA,NA,NA,NA,NA,NA,NA,NA,NA,NA,NA,NA,NA,79000,NA,"2015"
676,"The Nathaniel Dett Chorale","15","City-wide","1",21000,NA,NA,NA,NA,NA,NA,NA,NA,NA,NA,NA,NA,NA,NA,NA,NA,NA,NA,NA,21000,NA,"2015"
677,"The NDN Talent Collective","20","City-wide","1",8000,NA,NA,NA,NA,NA,NA,NA,NA,NA,NA,NA,NA,NA,NA,NA,NA,NA,NA,NA,8000,NA,"2015"
678,"The Necessary Angel Theatre Company","20","City-wide","1",67000,NA,NA,NA,NA,NA,NA,NA,NA,NA,NA,NA,NA,NA,NA,NA,NA,NA,NA,NA,67000,NA,"2015"
679,"The Other's Collective","18","City-wide","1",10000,NA,NA,NA,NA,NA,NA,NA,NA,NA,NA,NA,NA,NA,NA,NA,NA,NA,NA,NA,10000,NA,"2015"
680,"The Playwright Project","28","Local","1",5000,NA,NA,NA,NA,NA,NA,NA,NA,NA,NA,NA,NA,NA,NA,NA,NA,NA,NA,NA,5000,NA,"2015"
681,"The Power Plant","20","City-wide","1",195000,NA,NA,NA,NA,NA,NA,NA,NA,NA,NA,NA,NA,NA,NA,NA,NA,NA,NA,NA,195000,NA,"2015"
682,"The Public Realm","17","Area services","1",19000,NA,NA,NA,NA,NA,NA,NA,NA,NA,NA,19000,NA,NA,NA,NA,NA,NA,NA,NA,NA,NA,"2015"
683,"the red light district","20","City-wide","1",1500,NA,NA,NA,NA,NA,NA,NA,NA,NA,NA,NA,NA,NA,NA,NA,NA,NA,NA,NA,1500,NA,"2015"
684,"The Remix Project","14","City-wide","1",20000,NA,NA,NA,NA,NA,NA,NA,NA,NA,NA,NA,NA,NA,NA,NA,NA,NA,NA,NA,20000,NA,"2015"
685,"The Rhema Foundation Canada","9","City-wide","1",40000,40000,NA,NA,NA,NA,NA,NA,NA,NA,NA,NA,NA,NA,NA,NA,NA,NA,NA,NA,NA,NA,"2015"
686,"The Royal Conservatory of Music","20","City-wide","1",35000,NA,NA,NA,NA,NA,NA,NA,NA,NA,NA,NA,NA,NA,NA,NA,NA,NA,NA,NA,35000,NA,"2015"
687,"The Sage in Me Education Services","21","City-wide","1",8000,NA,NA,NA,NA,NA,NA,NA,NA,NA,NA,NA,NA,NA,NA,NA,NA,NA,NA,NA,8000,NA,"2015"
688,"The Smile Company - Theatrical Productions","14","City-wide","1",24000,NA,NA,NA,NA,NA,NA,NA,NA,NA,NA,NA,NA,NA,NA,NA,NA,NA,NA,NA,24000,NA,"2015"
689,"The Storytellers School of Toronto","18","City-wide","1",35500,NA,NA,NA,NA,NA,NA,NA,NA,NA,NA,NA,NA,NA,NA,NA,NA,NA,NA,NA,35500,NA,"2015"
690,"The Suck and Blow Collective","20","City-wide","1",6000,NA,NA,NA,NA,NA,NA,NA,NA,NA,NA,NA,NA,NA,NA,NA,NA,NA,NA,NA,6000,NA,"2015"
691,"The Toronto Consort","20","City-wide","1",27000,NA,NA,NA,NA,NA,NA,NA,NA,NA,NA,NA,NA,NA,NA,NA,NA,NA,NA,NA,27000,NA,"2015"
692,"The Watah School","28","Local","1",67000,NA,NA,NA,NA,NA,NA,NA,NA,NA,NA,NA,NA,NA,NA,NA,NA,NA,NA,NA,67000,NA,"2015"
693,"The Wexford Residence","37","Area services","1",20630,NA,NA,NA,NA,NA,NA,NA,20630,NA,NA,NA,NA,NA,NA,NA,NA,NA,NA,NA,NA,NA,"2015"
694,"The Word on the Street","14","City-wide","1",41500,NA,NA,NA,NA,NA,NA,NA,NA,NA,NA,NA,NA,NA,NA,NA,NA,NA,NA,NA,41500,NA,"2015"
695,"The Workman Arts Project of Ontario","18","City-wide","1",20000,NA,NA,NA,NA,NA,NA,NA,NA,NA,NA,NA,NA,NA,NA,NA,NA,NA,NA,NA,20000,NA,"2015"
696,"Theatre 20","34","City-wide","1",5000,NA,NA,NA,NA,NA,NA,NA,NA,NA,NA,NA,NA,NA,NA,NA,NA,NA,NA,NA,5000,NA,"2015"
697,"Theatre Centre","18","City-wide","1",121000,NA,NA,NA,NA,NA,NA,NA,NA,NA,NA,NA,NA,NA,NA,NA,NA,NA,NA,NA,121000,NA,"2015"
698,"Theatre Columbus","29","City-wide","1",51000,NA,NA,NA,NA,NA,NA,NA,NA,NA,NA,NA,NA,NA,NA,NA,NA,NA,NA,NA,51000,NA,"2015"
699,"Theatre Direct Canada","20","City-wide","1",79000,NA,NA,NA,NA,NA,NA,NA,NA,NA,NA,NA,NA,NA,NA,NA,NA,NA,NA,NA,79000,NA,"2015"
700,"Theatre Fix","28","City-wide","1",10000,NA,NA,NA,NA,NA,NA,NA,NA,NA,NA,NA,NA,NA,NA,NA,NA,NA,NA,NA,10000,NA,"2015"
701,"Theatre Gargantua","20","Local","1",25000,NA,NA,NA,NA,NA,NA,NA,NA,NA,NA,NA,NA,NA,NA,NA,NA,NA,NA,NA,25000,NA,"2015"
702,"Theatre Non Nobis","29","City-wide","1",8250,NA,NA,NA,NA,NA,NA,NA,NA,NA,NA,NA,NA,NA,NA,NA,NA,NA,NA,NA,8250,NA,"2015"
703,"Theatre Ontario","20","City-wide","1",12500,NA,NA,NA,NA,NA,NA,NA,NA,NA,NA,NA,NA,NA,NA,NA,NA,NA,NA,NA,12500,NA,"2015"
704,"Theatre Parallax Toronto","28","City-wide","1",12000,NA,NA,NA,NA,NA,NA,NA,NA,NA,NA,NA,NA,NA,NA,NA,NA,NA,NA,NA,12000,NA,"2015"
705,"Theatre Passe Muraille","20","City-wide","1",154000,NA,NA,NA,NA,NA,NA,NA,NA,NA,NA,NA,NA,NA,NA,NA,NA,NA,NA,NA,154000,NA,"2015"
706,"Theatre Rusticle","27","City-wide","1",6000,NA,NA,NA,NA,NA,NA,NA,NA,NA,NA,NA,NA,NA,NA,NA,NA,NA,NA,NA,6000,NA,"2015"
707,"Theatre Smash","27","City-wide","1",10000,NA,NA,NA,NA,NA,NA,NA,NA,NA,NA,NA,NA,NA,NA,NA,NA,NA,NA,NA,10000,NA,"2015"
708,"Theatre Smith-Gilmour","18","City-wide","1",41000,NA,NA,NA,NA,NA,NA,NA,NA,NA,NA,NA,NA,NA,NA,NA,NA,NA,NA,NA,41000,NA,"2015"
709,"Theatrefront Inc.","21","City-wide","1",15000,NA,NA,NA,NA,NA,NA,NA,NA,NA,NA,NA,NA,NA,NA,NA,NA,NA,NA,NA,15000,NA,"2015"
710,"Then They Fight","20","City-wide","1",3000,NA,NA,NA,NA,NA,NA,NA,NA,NA,NA,NA,NA,NA,NA,NA,NA,NA,NA,NA,3000,NA,"2015"
711,"Thin Edge New Music Collective","19","City-wide","1",4000,NA,NA,NA,NA,NA,NA,NA,NA,NA,NA,NA,NA,NA,NA,NA,NA,NA,NA,NA,4000,NA,"2015"
712,"Think 2wice","1","Local","1",7000,NA,NA,NA,NA,NA,NA,NA,NA,NA,NA,NA,NA,NA,NA,NA,NA,NA,NA,NA,7000,NA,"2015"
713,"Thorncliffe Neighbourhood Office of Toronto for Social 
& Multi-Cultural Development","26","Area services","4",530182,35000,NA,18000,NA,NA,NA,NA,122360,NA,NA,NA,NA,354822,NA,NA,NA,NA,NA,NA,NA,NA,"2015"
714,"Throbbing Rose Collective","18","Local","1",2000,NA,NA,NA,NA,NA,NA,NA,NA,NA,NA,NA,NA,NA,NA,NA,NA,NA,NA,NA,2000,NA,"2015"
715,"Throwdown Collective","19","City-wide","1",8000,NA,NA,NA,NA,NA,NA,NA,NA,NA,NA,NA,NA,NA,NA,NA,NA,NA,NA,NA,8000,NA,"2015"
716,"Tibetan Canadian Cultual Centre","5","City-wide","1",8000,NA,NA,NA,NA,8000,NA,NA,NA,NA,NA,NA,NA,NA,NA,NA,NA,NA,NA,NA,NA,NA,"2015"
717,"Timeshare","21","City-wide","1",2500,NA,NA,NA,NA,NA,NA,NA,NA,NA,NA,NA,NA,NA,NA,NA,NA,NA,NA,NA,2500,NA,"2015"
718,"TLK","20","City-wide","1",5000,NA,NA,NA,NA,NA,NA,NA,NA,NA,NA,NA,NA,NA,NA,NA,NA,NA,NA,NA,5000,NA,"2015"
719,"Tobias House Attendant Care Inc.","32","City-wide","1",36610,NA,NA,NA,NA,NA,NA,NA,36610,NA,NA,NA,NA,NA,NA,NA,NA,NA,NA,NA,NA,NA,"2015"
720,"Tobomory Youth Council","8","Local","1",10000,NA,NA,NA,NA,NA,NA,NA,NA,NA,NA,NA,NA,NA,10000,NA,NA,NA,NA,NA,NA,NA,"2015"
721,"Toronto Aboriginal Support Services Council","20","City-wide","1",30000,NA,NA,NA,NA,NA,NA,NA,NA,NA,NA,NA,NA,NA,NA,NA,NA,NA,30000,NA,NA,NA,"2015"
722,"Toronto Alliance for the Performing Arts","20","City-wide","1",78000,NA,NA,NA,NA,NA,NA,NA,NA,NA,NA,NA,NA,NA,NA,NA,NA,NA,NA,NA,78000,NA,"2015"
723,"Toronto Alternative Arts and Fashion Week","28","City-wide","1",3500,NA,NA,NA,NA,NA,NA,NA,NA,NA,NA,NA,NA,NA,NA,NA,NA,NA,NA,NA,3500,NA,"2015"
724,"Toronto and Central Ontario Hemophilia Society","27","City-wide","1",25925,NA,NA,NA,NA,NA,NA,NA,25925,NA,NA,NA,NA,NA,NA,NA,NA,NA,NA,NA,NA,NA,"2015"
725,"Toronto Animated Image Society","17","Local","1",6000,NA,NA,NA,NA,NA,NA,NA,NA,NA,NA,NA,NA,NA,NA,NA,NA,NA,NA,NA,6000,NA,"2015"
726,"Toronto Artscape Inc. - Artscape","19","City-wide","1",346690,NA,NA,NA,NA,NA,NA,NA,NA,NA,NA,NA,NA,NA,NA,NA,346690,NA,NA,NA,NA,NA,"2015"
727,"Toronto Art Book Fair","14","City-wide","1",6000,NA,NA,NA,NA,NA,NA,NA,NA,NA,NA,NA,NA,NA,NA,NA,NA,NA,NA,NA,6000,NA,"2015"
728,"Toronto Blues Society","20","City-wide","1",32000,NA,NA,NA,NA,NA,NA,NA,NA,NA,NA,NA,NA,NA,NA,NA,NA,NA,NA,NA,32000,NA,"2015"
729,"Toronto Chamber Choir","27","City-wide","1",7500,NA,NA,NA,NA,NA,NA,NA,NA,NA,NA,NA,NA,NA,NA,NA,NA,NA,NA,NA,7500,NA,"2015"
730,"Toronto Children's Chorus","20","City-wide","1",38000,NA,NA,NA,NA,NA,NA,NA,NA,NA,NA,NA,NA,NA,NA,NA,NA,NA,NA,NA,38000,NA,"2015"
731,"Toronto Chinese Opera Group","39","City-wide","1",7000,NA,NA,NA,NA,NA,NA,NA,NA,NA,NA,NA,NA,NA,NA,NA,NA,NA,NA,NA,7000,NA,"2015"
732,"Toronto Coalition for Better Child Care","19","City-wide","1",23045,NA,NA,NA,NA,NA,NA,NA,23045,NA,NA,NA,NA,NA,NA,NA,NA,NA,NA,NA,NA,NA,"2015"
733,"Toronto Community & Culture Centre","20","City-wide","1",20655,NA,NA,NA,NA,NA,NA,NA,20655,NA,NA,NA,NA,NA,NA,NA,NA,NA,NA,NA,NA,NA,"2015"
734,"Toronto Creative Orchestra Projects","14","City-wide","1",4000,NA,NA,NA,NA,NA,NA,NA,NA,NA,NA,NA,NA,NA,NA,NA,NA,NA,NA,NA,4000,NA,"2015"
735,"Toronto Dance Community Love-In","19","City-wide","1",8000,NA,NA,NA,NA,NA,NA,NA,NA,NA,NA,NA,NA,NA,NA,NA,NA,NA,NA,NA,8000,NA,"2015"
736,"Toronto Dance Theatre","20","City-wide","1",160000,NA,NA,NA,NA,NA,NA,NA,NA,NA,NA,NA,NA,NA,NA,NA,NA,NA,NA,NA,160000,NA,"2015"
737,"Toronto Downtown Jazz","27","City-wide","1",42300,NA,NA,NA,NA,NA,NA,NA,NA,NA,NA,NA,NA,NA,NA,NA,NA,NA,NA,NA,42300,NA,"2015"
738,"Toronto Festival of Arts, Culture and Creativity - Luminato TO Festival","19","City-wide","1",345000,NA,NA,NA,NA,NA,NA,NA,NA,NA,NA,NA,NA,NA,NA,NA,345000,NA,NA,NA,NA,NA,"2015"
739,"Toronto Festival of Comics and Graphic Arts","27","City-wide","1",12000,NA,NA,NA,NA,NA,NA,NA,NA,NA,NA,NA,NA,NA,NA,NA,NA,NA,NA,NA,12000,NA,"2015"
740,"Toronto Finnish- Canadian Seniors Centre","26","City-wide","1",17050,NA,NA,NA,NA,NA,NA,NA,17050,NA,NA,NA,NA,NA,NA,NA,NA,NA,NA,NA,NA,NA,"2015"
741,"Toronto Foundation for Student Success","12","City-wide","1",6423315,NA,NA,NA,NA,NA,NA,NA,NA,NA,NA,NA,NA,NA,NA,NA,NA,NA,NA,6423315,NA,NA,"2015"
742,"Toronto Heritage Dance","28","City-wide","1",15000,NA,NA,NA,NA,NA,NA,NA,NA,NA,NA,NA,NA,NA,NA,NA,NA,NA,NA,NA,15000,NA,"2015"
743,"Toronto Intergenerational Partnerships","29","Area services","1",47245,NA,NA,NA,NA,NA,NA,NA,47245,NA,NA,NA,NA,NA,NA,NA,NA,NA,NA,NA,NA,NA,"2015"
744,"Toronto International Film Festival TIFF","20","City-wide","2",1085000,NA,NA,NA,NA,NA,NA,NA,NA,35000,NA,NA,NA,NA,NA,NA,1050000,NA,NA,NA,NA,NA,"2015"
745,"Toronto Jazz Orchestra","30","City-wide","1",5000,NA,NA,NA,NA,NA,NA,NA,NA,NA,NA,NA,NA,NA,NA,NA,NA,NA,NA,NA,5000,NA,"2015"
746,"Toronto Jewish Film Festival","20","City-wide","1",24000,NA,NA,NA,NA,NA,NA,NA,NA,NA,NA,NA,NA,NA,NA,NA,NA,NA,NA,NA,24000,NA,"2015"
747,"Toronto Kiwanis Boys and Girls Clubs","28","Local","1",94645,NA,NA,NA,NA,NA,NA,NA,94645,NA,NA,NA,NA,NA,NA,NA,NA,NA,NA,NA,NA,NA,"2015"
748,"Toronto Lords Community Association/Basketball Association","19","City-wide","1",6690,NA,NA,NA,NA,NA,NA,NA,NA,NA,6690,NA,NA,NA,NA,NA,NA,NA,NA,NA,NA,NA,"2015"
749,"Toronto Masque Theatre","28","City-wide","1",10000,NA,NA,NA,NA,NA,NA,NA,NA,NA,NA,NA,NA,NA,NA,NA,NA,NA,NA,NA,10000,NA,"2015"
750,"Toronto Mendelssohn Choir","20","City-wide","1",66000,NA,NA,NA,NA,NA,NA,NA,NA,NA,NA,NA,NA,NA,NA,NA,NA,NA,NA,NA,66000,NA,"2015"
751,"Toronto Neighbourhood Centres","30","City-wide","1",45000,45000,NA,NA,NA,NA,NA,NA,NA,NA,NA,NA,NA,NA,NA,NA,NA,NA,NA,NA,NA,NA,"2015"
752,"Toronto Operetta Theatre","28","City-wide","1",23000,NA,NA,NA,NA,NA,NA,NA,NA,NA,NA,NA,NA,NA,NA,NA,NA,NA,NA,NA,23000,NA,"2015"
753,"Toronto Park People","20","Area services","2",53000,NA,NA,NA,NA,NA,25000,NA,NA,NA,NA,28000,NA,NA,NA,NA,NA,NA,NA,NA,NA,NA,"2015"
754,"Toronto People With AIDS Foundation","28","City-wide","1",31255,NA,NA,NA,NA,NA,NA,NA,31255,NA,NA,NA,NA,NA,NA,NA,NA,NA,NA,NA,NA,NA,"2015"
755,"Toronto Photographers Workshop","18","City-wide","1",68000,NA,NA,NA,NA,NA,NA,NA,NA,NA,NA,NA,NA,NA,NA,NA,NA,NA,NA,NA,68000,NA,"2015"
756,"Toronto Rape Crisis Centre / Multicultural Women Against Rape","20","City-wide","2",95060,NA,NA,NA,43000,NA,NA,NA,52060,NA,NA,NA,NA,NA,NA,NA,NA,NA,NA,NA,NA,NA,"2015"
757,"Toronto Reel Asian International Film Festival","20","City-wide","1",50000,NA,NA,NA,NA,NA,NA,NA,NA,NA,NA,NA,NA,NA,NA,NA,NA,NA,NA,NA,50000,NA,"2015"
758,"Toronto Smith-Gilmour","20","City-wide","1",41000,NA,NA,NA,NA,NA,NA,NA,NA,NA,NA,NA,NA,NA,NA,NA,NA,NA,NA,NA,41000,NA,"2015"
759,"Toronto Summer Music Foundation","20","City-wide","1",21000,NA,NA,NA,NA,NA,NA,NA,NA,NA,NA,NA,NA,NA,NA,NA,NA,NA,NA,NA,21000,NA,"2015"
760,"Toronto Symphony Orchestra","20","City-wide","1",1220000,NA,NA,NA,NA,NA,NA,NA,NA,NA,NA,NA,NA,NA,NA,NA,1220000,NA,NA,NA,NA,NA,"2015"
761,"Toronto Women's City Alliance","15","City-wide","1",45000,45000,NA,NA,NA,NA,NA,NA,NA,NA,NA,NA,NA,NA,NA,NA,NA,NA,NA,NA,NA,NA,"2015"
762,"TorQ Percussion Quartet","20","Local","1",7500,NA,NA,NA,NA,NA,NA,NA,NA,NA,NA,NA,NA,NA,NA,NA,NA,NA,NA,NA,7500,NA,"2015"
763,"Town of York Historical Society (Toronto's First Post Office)","28","City-wide","2",32282,NA,NA,NA,NA,NA,NA,NA,NA,3980,NA,NA,NA,NA,NA,NA,NA,28302,NA,NA,NA,NA,"2015"
764,"Tough Guy Mountain","20","City-wide","1",6500,NA,NA,NA,NA,NA,NA,NA,NA,NA,NA,NA,NA,NA,NA,NA,NA,NA,NA,NA,6500,NA,"2015"
765,"Toy Piano Composers","27","City-wide","1",5500,NA,NA,NA,NA,NA,NA,NA,NA,NA,NA,NA,NA,NA,NA,NA,NA,NA,NA,NA,5500,NA,"2015"
766,"Transcare Community Support Services","39","Area services","1",80630,NA,NA,NA,NA,NA,NA,NA,80630,NA,NA,NA,NA,NA,NA,NA,NA,NA,NA,NA,NA,NA,"2015"
767,"Tribal Crackling Wind for the Arts","28","City-wide","1",15000,NA,NA,NA,NA,NA,NA,NA,NA,NA,NA,NA,NA,NA,NA,NA,NA,NA,NA,NA,15000,NA,"2015"
768,"Trinidad and Tobago 50 Plus and Seniors","37","City-wide","1",20000,NA,NA,NA,NA,NA,20000,NA,NA,NA,NA,NA,NA,NA,NA,NA,NA,NA,NA,NA,NA,NA,"2015"
769,"Trinity Square Video","20","City-wide","1",50000,NA,NA,NA,NA,NA,NA,NA,NA,NA,NA,NA,NA,NA,NA,NA,NA,NA,NA,NA,50000,NA,"2015"
770,"Tropicana Community Services","41","City-wide","1",90865,NA,NA,NA,NA,NA,NA,NA,90865,NA,NA,NA,NA,NA,NA,NA,NA,NA,NA,NA,NA,NA,"2015"
771,"TUDS","33","City-wide","1",10000,NA,NA,NA,NA,NA,NA,NA,NA,NA,NA,NA,NA,NA,NA,NA,NA,NA,NA,NA,10000,NA,"2015"
772,"Tune Your Ride Collective","14","City-wide","1",3000,NA,NA,NA,NA,NA,NA,NA,NA,NA,NA,NA,NA,NA,NA,NA,NA,NA,NA,NA,3000,NA,"2015"
773,"Turtle House Art/Play Centre","20","City-wide","1",12000,NA,NA,NA,NA,NA,NA,NA,NA,NA,NA,NA,NA,NA,NA,NA,NA,NA,NA,NA,12000,NA,"2015"
774,"Ukrainian Canadian Social Services (Toronto) Inc.","13","City-wide","1",38095,NA,NA,NA,NA,NA,NA,NA,38095,NA,NA,NA,NA,NA,NA,NA,NA,NA,NA,NA,NA,NA,"2015"
775,"Uma Nota Culture","18","City-wide","1",5000,NA,NA,NA,NA,NA,NA,NA,NA,NA,NA,NA,NA,NA,NA,NA,NA,NA,NA,NA,5000,NA,"2015"
776,"Unison Health and Community Services","15","Local","2",70440,NA,NA,NA,40000,NA,NA,NA,30440,NA,NA,NA,NA,NA,NA,NA,NA,NA,NA,NA,NA,NA,"2015"
777,"Unit 2","21","City-wide","1",7000,NA,NA,NA,NA,NA,NA,NA,NA,NA,NA,NA,NA,NA,NA,NA,NA,NA,NA,NA,7000,NA,"2015"
778,"UNITY Charity","37","Area services","1",20000,NA,NA,NA,NA,NA,NA,NA,NA,NA,NA,NA,NA,NA,NA,NA,NA,NA,NA,NA,20000,NA,"2015"
779,"University Settlement","20","Local","1",126425,NA,NA,NA,NA,NA,NA,NA,126425,NA,NA,NA,NA,NA,NA,NA,NA,NA,NA,NA,NA,NA,"2015"
780,"University Settlement Music School","20","City-wide","1",23500,NA,NA,NA,NA,NA,NA,NA,NA,NA,NA,NA,NA,NA,NA,NA,NA,NA,NA,NA,23500,NA,"2015"
781,"Univox Choir Toronto","18","City-wide","1",10000,NA,NA,NA,NA,NA,NA,NA,NA,NA,NA,NA,NA,NA,NA,NA,NA,NA,NA,NA,10000,NA,"2015"
782,"Upfront Theatre Foundation","8","City-wide","1",45000,NA,NA,NA,NA,NA,NA,NA,NA,45000,NA,NA,NA,NA,NA,NA,NA,NA,NA,NA,NA,NA,"2015"
783,"Urban Alliance on Race Relations","20","City-wide","1",42000,42000,NA,NA,NA,NA,NA,NA,NA,NA,NA,NA,NA,NA,NA,NA,NA,NA,NA,NA,NA,NA,"2015"
784,"UrbanArts Community Arts Council","11","City-wide","2",256235,NA,NA,NA,NA,NA,NA,NA,NA,NA,NA,23300,NA,NA,NA,232935,NA,NA,NA,NA,NA,NA,"2015"
785,"Urban Non-Violent Initiatives Through Youth (UNITY)","16","Area services","1",39000,NA,NA,NA,39000,NA,NA,NA,NA,NA,NA,NA,NA,NA,NA,NA,NA,NA,NA,NA,NA,NA,"2015"
786,"Urban Squash Toronto","9","City-wide","1",11625,NA,NA,NA,NA,NA,NA,NA,NA,NA,11625,NA,NA,NA,NA,NA,NA,NA,NA,NA,NA,NA,"2015"
787,"Untold Stories","21","City-wide","1",6000,NA,NA,NA,NA,NA,NA,NA,NA,NA,NA,NA,NA,NA,NA,NA,NA,NA,NA,NA,6000,NA,"2015"
788,"Valley Park Go Green Cricket Field Project","26","City-wide","1",15000,NA,NA,NA,NA,NA,15000,NA,NA,NA,NA,NA,NA,NA,NA,NA,NA,NA,NA,NA,NA,NA,"2015"
789,"Vanguardia Dance Projects","20","City-wide","1",6100,NA,NA,NA,NA,NA,NA,NA,NA,NA,NA,NA,NA,NA,NA,NA,NA,NA,NA,NA,6100,NA,"2015"
790,"Vermont Square Parent-Child Mother Goose Program","19","City-wide","1",25805,NA,NA,NA,NA,NA,NA,NA,25805,NA,NA,NA,NA,NA,NA,NA,NA,NA,NA,NA,NA,NA,"2015"
791,"Vesnivka Choir Inc.","13","City-wide","1",8000,NA,NA,NA,NA,NA,NA,NA,NA,NA,NA,NA,NA,NA,NA,NA,NA,NA,NA,NA,8000,NA,"2015"
792,"Victim Services Program of Toronto","27","City-wide","1",258090,NA,NA,NA,NA,NA,NA,NA,258090,NA,NA,NA,NA,NA,NA,NA,NA,NA,NA,NA,NA,NA,"2015"
793,"VideoCabaret International","28","City-wide","1",60000,NA,NA,NA,NA,NA,NA,NA,NA,NA,NA,NA,NA,NA,NA,NA,NA,NA,NA,NA,60000,NA,"2015"
794,"Videofag","27","Local","1",9000,NA,NA,NA,NA,NA,NA,NA,NA,NA,NA,NA,NA,NA,NA,NA,NA,NA,NA,NA,9000,NA,"2015"
795,"Vietnamese Women's Association Toronto","17","City-wide","1",59885,NA,NA,NA,NA,NA,NA,NA,59885,NA,NA,NA,NA,NA,NA,NA,NA,NA,NA,NA,NA,NA,"2015"
796,"Villa Colombo Homes For The Aged","15","City-wide","1",30040,NA,NA,NA,NA,NA,NA,NA,30040,NA,NA,NA,NA,NA,NA,NA,NA,NA,NA,NA,NA,NA,"2015"
797,"Visible Evidence XXII 2015","28","City-wide","1",4000,NA,NA,NA,NA,NA,NA,NA,NA,NA,NA,NA,NA,NA,NA,NA,NA,NA,NA,NA,4000,NA,"2015"
798,"Visions of Science Network for Learning","38","Local","1",5000,NA,NA,NA,NA,NA,NA,NA,NA,NA,NA,NA,NA,NA,NA,NA,NA,NA,NA,NA,5000,NA,"2015"
799,"VIVA! Youth Singers of Toronto","20","City-wide","1",20000,NA,NA,NA,NA,NA,NA,NA,NA,NA,NA,NA,NA,NA,NA,NA,NA,NA,NA,NA,20000,NA,"2015"
800,"VOID Incubator","19","Local","1",10000,NA,NA,NA,NA,NA,NA,NA,NA,NA,NA,NA,NA,NA,NA,NA,NA,NA,NA,NA,10000,NA,"2015"
801,"Volcano Non-Profit Productions Inc.","21","City-wide","1",65000,NA,NA,NA,NA,NA,NA,NA,NA,NA,NA,NA,NA,NA,NA,NA,NA,NA,NA,NA,65000,NA,"2015"
802,"Volunteer Centre of Toronto","20","City-wide","1",192420,NA,NA,NA,NA,NA,NA,NA,192420,NA,NA,NA,NA,NA,NA,NA,NA,NA,NA,NA,NA,NA,"2015"
803,"Vtape","20","City-wide","2",125000,NA,NA,NA,NA,NA,NA,NA,NA,45000,NA,NA,NA,NA,NA,NA,NA,NA,NA,NA,80000,NA,"2015"
804,"Warden Woods Church & Community Centre","35","Area services","2",242140,NA,NA,NA,NA,6500,NA,NA,235640,NA,NA,NA,NA,NA,NA,NA,NA,NA,NA,NA,NA,NA,"2015"
805,"Welcome House","10","City-wide","1",11525,NA,NA,NA,NA,NA,NA,NA,NA,NA,11525,NA,NA,NA,NA,NA,NA,NA,NA,NA,NA,NA,"2015"
806,"West Neighbourhood House Music School","19","Area services","1",24000,NA,NA,NA,NA,NA,NA,NA,NA,NA,NA,NA,NA,NA,NA,NA,NA,NA,NA,NA,24000,NA,"2015"
807,"West Scarborough Aquatics - WSNCC","35","City-wide","1",11625,NA,NA,NA,NA,NA,NA,NA,NA,NA,11625,NA,NA,NA,NA,NA,NA,NA,NA,NA,NA,NA,"2015"
808,"West Scarborough Neighbourhood Community Centre","35","Local","2",199215,NA,NA,NA,NA,NA,NA,NA,187215,NA,NA,12000,NA,NA,NA,NA,NA,NA,NA,NA,NA,NA,"2015"
809,"West Toronto Support Services for Senior Citizens and the Disabled Inc.","18","Area services","1",41845,NA,NA,NA,NA,NA,NA,NA,41845,NA,NA,NA,NA,NA,NA,NA,NA,NA,NA,NA,NA,NA,"2015"
810,"Weston-Mount Dennis Pro Tech Media Centre","11","Area services","1",35000,NA,NA,NA,NA,NA,NA,NA,NA,NA,NA,NA,NA,NA,NA,NA,NA,NA,35000,NA,NA,NA,"2015"
811,"Whippersnapper Gallery","20","City-wide","1",2000,NA,NA,NA,NA,NA,NA,NA,NA,NA,NA,NA,NA,NA,NA,NA,NA,NA,NA,NA,2000,NA,"2015"
812,"Whynot Theatre","28","City-wide","1",27000,NA,NA,NA,NA,NA,NA,NA,NA,NA,NA,NA,NA,NA,NA,NA,NA,NA,NA,NA,27000,NA,"2015"
813,"Woman Abuse Council of Toronto","12","City-wide","1",57605,NA,NA,NA,NA,NA,NA,NA,57605,NA,NA,NA,NA,NA,NA,NA,NA,NA,NA,NA,NA,NA,"2015"
814,"Women's Musical Club of Toronto","20","City-wide","1",2500,NA,NA,NA,NA,NA,NA,NA,NA,NA,NA,NA,NA,NA,NA,NA,NA,NA,NA,NA,2500,NA,"2015"
815,"WoodGreen Community Services","30","Area services","1",392795,NA,NA,NA,NA,NA,NA,NA,392795,NA,NA,NA,NA,NA,NA,NA,NA,NA,NA,NA,NA,NA,"2015"
816,"Words By The Water","6","City-wide","1",4000,NA,NA,NA,NA,NA,NA,NA,NA,NA,NA,NA,NA,NA,NA,NA,NA,NA,NA,NA,4000,NA,"2015"
817,"words(on)pages","20","City-wide","1",4725,NA,NA,NA,NA,NA,NA,NA,NA,NA,NA,NA,NA,NA,NA,NA,NA,NA,NA,NA,4725,NA,"2015"
818,"Worker's Action Centre","20","City-wide","2",65290,10000,NA,NA,NA,NA,NA,NA,55290,NA,NA,NA,NA,NA,NA,NA,NA,NA,NA,NA,NA,NA,"2015"
819,"Working Women Community Centre","18","Area services","2",363215,NA,240000,NA,NA,NA,NA,NA,123215,NA,NA,NA,NA,NA,NA,NA,NA,NA,NA,NA,NA,NA,"2015"
820,"World Fiddle Day Toronto","20","City-wide","1",3500,NA,NA,NA,NA,NA,NA,NA,NA,NA,NA,NA,NA,NA,NA,NA,NA,NA,NA,NA,3500,NA,"2015"
821,"Wunderkabinett Collective","27","City-wide","1",2000,NA,NA,NA,NA,NA,NA,NA,NA,NA,NA,NA,NA,NA,NA,NA,NA,NA,NA,NA,2000,NA,"2015"
822,"Wychwood Clarinet Choir","21","City-wide","1",4000,NA,NA,NA,NA,NA,NA,NA,NA,NA,NA,NA,NA,NA,NA,NA,NA,NA,NA,NA,4000,NA,"2015"
823,"Xspace Cultural Centre","18","City-wide","1",4000,NA,NA,NA,NA,NA,NA,NA,NA,NA,NA,NA,NA,NA,NA,NA,NA,NA,NA,NA,4000,NA,"2015"
824,"York Heritage Quilters Guild","25","City-wide","1",3000,NA,NA,NA,NA,NA,NA,NA,NA,NA,NA,NA,NA,NA,NA,NA,NA,NA,NA,NA,3000,NA,"2015"
825,"York West Active Living Centre","11","Area services","1",110190,NA,NA,NA,NA,NA,NA,NA,110190,NA,NA,NA,NA,NA,NA,NA,NA,NA,NA,NA,NA,NA,"2015"
826,"York-Eglinton Business Improvement Area","15","City Wide","1",30000,NA,NA,NA,NA,NA,30000,NA,NA,NA,NA,NA,NA,NA,NA,NA,NA,NA,NA,NA,NA,NA,"2015"
827,"York-Fairbank Centre For Seniors","15","Area services","1",215365,NA,NA,NA,NA,NA,NA,NA,215365,NA,NA,NA,NA,NA,NA,NA,NA,NA,NA,NA,NA,NA,"2015"
828,"Yorkminster Park Meals on Wheels","22","Area services","1",8920,NA,NA,NA,NA,NA,NA,NA,8920,NA,NA,NA,NA,NA,NA,NA,NA,NA,NA,NA,NA,NA,"2015"
829,"Yorktown Child and Family Centre","15","Area services","1",34570,NA,NA,NA,NA,NA,NA,NA,34570,NA,NA,NA,NA,NA,NA,NA,NA,NA,NA,NA,NA,NA,"2015"
830,"Young People's Theatre (Lorraine Kimsa Theatre For Young People)","28","City-wide","1",321000,NA,NA,NA,NA,NA,NA,NA,NA,NA,NA,NA,NA,NA,NA,NA,NA,NA,NA,NA,321000,NA,"2015"
831,"Youth Arts Action (YAA)","15","Area services","1",30000,NA,NA,NA,NA,NA,NA,NA,NA,NA,NA,NA,NA,NA,NA,NA,NA,NA,30000,NA,NA,NA,"2015"
832,"Youth Assisting Youth","23","City-wide","1",54190,NA,NA,NA,NA,NA,NA,NA,54190,NA,NA,NA,NA,NA,NA,NA,NA,NA,NA,NA,NA,NA,"2015"
833,"Youthlink","35","Area services","3",81960,NA,NA,18000,NA,10000,NA,NA,53960,NA,NA,NA,NA,NA,NA,NA,NA,NA,NA,NA,NA,NA,"2015"
834,"YTB Gallery","20","Local","1",4000,NA,NA,NA,NA,NA,NA,NA,NA,NA,NA,NA,NA,NA,NA,NA,NA,NA,NA,NA,4000,NA,"2015"
835,"YYZ Artists Outlet","20","City-wide","1",65000,NA,NA,NA,NA,NA,NA,NA,NA,NA,NA,NA,NA,NA,NA,NA,NA,NA,NA,NA,65000,NA,"2015"
836,"Zata Omm Dance Projects","30","City-wide","1",15000,NA,NA,NA,NA,NA,NA,NA,NA,NA,NA,NA,NA,NA,NA,NA,NA,NA,NA,NA,NA,NA,"2015"
837,"Zou Theatre Company","13","City-wide","1",7000,NA,NA,NA,NA,NA,NA,NA,NA,NA,NA,NA,NA,NA,NA,NA,NA,NA,NA,NA,15000,NA,"2015"
NA,NA,NA,NA,NA,NA,NA,NA,NA,NA,NA,NA,NA,NA,NA,NA,NA,NA,NA,NA,NA,NA,NA,NA,NA,7000,NA,"2015"
NA,"Number of Grants",NA,NA,"928",NA,24,4,17,19,16,23,4,199,12,10,17,21,14,6,6,11,3,16,2,501,4,"2015"
NA,"TOTAL ($)",NA,NA,NA,55479470,894000,885000,484000,752000,134000,560000,3e+05,14853390,330000,106352,375800,281230,2659291,1e+05,1333410,7394960,80599,570000,8388718,13437440,1558280,"2015"
