"#","Organization","Ward","Service Area","# of Grants","Total Allocations","AEHR","APCIP","CR","CSI","CFSE","CSP","DPCIP","StrArts","HER","HIF","INI","LASO","MCO","MUS","SDIP","SNP","FIND HELP","TAC","OTHER","year"
NA,"Albion Gardens Community Tennis Club","1","Local","1",40000,NA,NA,40000,NA,NA,NA,NA,NA,NA,NA,NA,NA,NA,NA,NA,NA,NA,NA,NA,"2012"
NA,"Albion Neighbourhood Services","1","Area services","2",322041.64,NA,NA,NA,NA,NA,103870,NA,NA,NA,218171.64,NA,NA,NA,NA,NA,NA,NA,NA,NA,"2012"
NA,"Franklin Carmichael Art Group","1","Area services","1",4500,NA,NA,NA,NA,NA,NA,NA,NA,NA,NA,NA,NA,NA,NA,NA,NA,NA,4500,NA,"2012"
608,"REA - Jamestown/Rexdale Resident Engagement Association","1","Local","1",20000,NA,NA,NA,NA,NA,NA,NA,NA,NA,NA,NA,NA,NA,NA,20000,NA,NA,NA,NA,"2012"
620,"Rexdale Women's Centre","1","Area services","2",78085,9000,NA,NA,NA,NA,69085,NA,NA,NA,NA,NA,NA,NA,NA,NA,NA,NA,NA,NA,"2012"
93,"Braeburn Neighbourhood Place Incorporated","2","Local","1",48630,NA,NA,NA,NA,NA,48630,NA,NA,NA,NA,NA,NA,NA,NA,NA,NA,NA,NA,NA,"2012"
123,"CANES Community Centre","2","Area Services","1",59845,NA,NA,NA,NA,NA,59845,NA,NA,NA,NA,NA,NA,NA,NA,NA,NA,NA,NA,NA,"2012"
124,"Community Microskills Development Centre","2","City-wide","1",42455,NA,NA,NA,NA,NA,42455,NA,NA,NA,NA,NA,NA,NA,NA,NA,NA,NA,NA,NA,"2012"
125,"Dejinta Beesha Somali Multi-Service Centre","2","Area Services","1",41813,NA,NA,NA,NA,NA,41813,NA,NA,NA,NA,NA,NA,NA,NA,NA,NA,NA,NA,NA,"2012"
126,"Etobicoke Services for Seniors","2","Area services","1",45215,NA,NA,NA,NA,NA,45215,NA,NA,NA,NA,NA,NA,NA,NA,NA,NA,NA,NA,NA,"2012"
619,"Rexdale Community Health Centre","2","Area services","3",93323,NA,NA,NA,NA,10000,39835,25983,17505,NA,NA,NA,NA,NA,NA,NA,NA,NA,NA,NA,"2012"
673,"Somali Canadian Association of Etobicoke","2","Area services","1",21230,NA,NA,NA,NA,NA,21230,NA,NA,NA,NA,NA,NA,NA,NA,NA,NA,NA,NA,NA,"2012"
674,"Somali Women and Children's Support Network","2","City-wide","1",36940,NA,NA,NA,NA,NA,36940,NA,NA,NA,NA,NA,NA,NA,NA,NA,NA,NA,NA,NA,"2012"
718,"Theatrefront Inc.","2","City-wide","1",10000,NA,NA,NA,NA,NA,NA,NA,NA,NA,NA,NA,NA,NA,NA,NA,NA,NA,10000,NA,"2012"
719,"Arab Community Centre of Toronto, The","3","City-wide","1",35700,NA,NA,NA,NA,NA,35700,NA,NA,NA,NA,NA,NA,NA,NA,NA,NA,NA,NA,NA,"2012"
302,"Etobicoke Handweavers & Spinners Guild","3","City-wide","1",1200,NA,NA,NA,NA,NA,NA,NA,NA,NA,NA,NA,NA,NA,NA,NA,NA,NA,1200,NA,"2012"
773,"Trailblazers Tandem Cycling Club","3","City-wide","1",8285,NA,NA,8285,NA,NA,NA,NA,NA,NA,NA,NA,NA,NA,NA,NA,NA,NA,NA,NA,"2012"
NA,"Dixon Community Services","4","Local","1",48960,NA,NA,NA,NA,NA,48960,NA,NA,NA,NA,NA,NA,NA,NA,NA,NA,NA,NA,NA,"2012"
1,"Elimu Sanifu","4","Local","1",6500,NA,NA,NA,NA,NA,NA,NA,NA,NA,NA,NA,NA,NA,NA,NA,NA,NA,6500,NA,"2012"
2,"Etobicoke Centennial Choir","4","Area services","1",4750,NA,NA,NA,NA,NA,NA,NA,NA,NA,NA,NA,NA,NA,NA,NA,NA,NA,4750,NA,"2012"
303,"Etobicoke Philharmonic Orchestra","4","Area services","1",7000,NA,NA,NA,NA,NA,NA,NA,NA,NA,NA,NA,NA,NA,NA,NA,NA,NA,7000,NA,"2012"
59,"Arts Etobicoke","5","City-wide","1",227530,NA,NA,NA,NA,NA,NA,NA,NA,NA,NA,NA,227530,NA,NA,NA,NA,NA,NA,NA,"2012"
94,"Breakaway Addiction Services","5","Local","1",32819,NA,32819,NA,NA,NA,NA,NA,NA,NA,NA,NA,NA,NA,NA,NA,NA,NA,NA,NA,"2012"
95,"Etobicoke Community Concert Band","5","City-wide","1",6500,NA,NA,NA,NA,NA,NA,NA,NA,NA,NA,NA,NA,NA,NA,NA,NA,NA,6500,NA,"2012"
395,"Hungarian Canadian Community Services (Ontario)","5","City-wide","1",10615,NA,NA,NA,NA,NA,10615,NA,NA,NA,NA,NA,NA,NA,NA,NA,NA,NA,NA,NA,"2012"
406,"Islington Centre - Etobicoke Senior Citizens","5","Area services","1",31330,NA,NA,NA,NA,NA,31330,NA,NA,NA,NA,NA,NA,NA,NA,NA,NA,NA,NA,NA,"2012"
407,"MABELLEarts","5","Local","1",12000,NA,NA,NA,NA,NA,NA,NA,NA,NA,NA,NA,NA,NA,NA,NA,NA,NA,12000,NA,"2012"
586,"Polycultural Immigrant and Community Services","5","Area Services","1",26415,NA,NA,NA,NA,NA,26415,NA,NA,NA,NA,NA,NA,NA,NA,NA,NA,NA,NA,NA,"2012"
652,"Shoestring Opera","5","Area services","1",2500,NA,NA,NA,NA,NA,NA,NA,NA,NA,NA,NA,NA,NA,NA,NA,NA,NA,2500,NA,"2012"
680,"Stonegate Community Health Centre","5","Area services","1",79490,NA,NA,NA,NA,NA,79490,NA,NA,NA,NA,NA,NA,NA,NA,NA,NA,NA,NA,NA,"2012"
770,"TorQ Percussion Quartet","5","City-wide","1",3500,NA,NA,NA,NA,NA,NA,NA,NA,NA,NA,NA,NA,NA,NA,NA,NA,NA,3500,NA,"2012"
800,"Victoria Scholars Men's Choral Ensemble","5","City-wide","1",6600,NA,NA,NA,NA,NA,NA,NA,NA,NA,NA,NA,NA,NA,NA,NA,NA,NA,6600,NA,"2012"
801,"Ekran Polish Film Association","6","City-wide","1",2000,NA,NA,NA,NA,NA,NA,NA,NA,NA,NA,NA,NA,NA,NA,NA,NA,NA,2000,NA,"2012"
802,"Franklin Horner Community Centre","6","City-wide","3",40565,NA,NA,NA,NA,2750,26015,NA,NA,NA,NA,NA,NA,NA,NA,NA,NA,NA,11800,NA,"2012"
803,"Gatehouse Child Abuse Investigation and Support Site, The","6","City-wide","1",21230,NA,NA,NA,NA,NA,21230,NA,NA,NA,NA,NA,NA,NA,NA,NA,NA,NA,NA,NA,"2012"
804,"Heritage - 80 Birmingham St","6","Local","1",22500,NA,NA,NA,NA,NA,NA,NA,NA,22500,NA,NA,NA,NA,NA,NA,NA,NA,NA,NA,"2012"
441,"Lakeshore Area Multi-Service Project (LAMP)","6","Local","1",68115,NA,NA,NA,NA,NA,68115,NA,NA,NA,NA,NA,NA,NA,NA,NA,NA,NA,NA,NA,"2012"
442,"Lakeshore Arts Committee","6","Local","2",107840,NA,NA,NA,NA,NA,NA,NA,10000,NA,NA,NA,97840,NA,NA,NA,NA,NA,NA,NA,"2012"
443,"Monsoon-Music","6","City-wide","1",2500,NA,NA,NA,NA,NA,NA,NA,NA,NA,NA,NA,NA,NA,NA,NA,NA,NA,2500,NA,"2012"
444,"Nufunk Concerts","6","City-wide","1",4000,NA,NA,NA,NA,NA,NA,NA,NA,NA,NA,NA,NA,NA,NA,NA,NA,NA,4000,NA,"2012"
682,"Storefront Humber Inc.","6","Local","1",52510,NA,NA,NA,NA,NA,52510,NA,NA,NA,NA,NA,NA,NA,NA,NA,NA,NA,NA,NA,"2012"
683,"Ascend","7","Local","1",10000,NA,NA,NA,NA,NA,NA,NA,NA,NA,NA,10000,NA,NA,NA,NA,NA,NA,NA,NA,"2012"
684,"Doorsteps Neighbourhood Services","7","Area Services","1",115460,NA,NA,NA,NA,NA,115460,NA,NA,NA,NA,NA,NA,NA,NA,NA,NA,NA,NA,NA,"2012"
685,"Firgrove Community Health Centre","7","Local","1",40000,NA,NA,NA,NA,NA,NA,NA,NA,NA,NA,NA,NA,NA,NA,40000,NA,NA,NA,NA,"2012"
407,"Jamaican Canadian Association","7","City-wide","1",53605,NA,NA,NA,NA,NA,53605,NA,NA,NA,NA,NA,NA,NA,NA,NA,NA,NA,NA,NA,"2012"
408,"Jasmyn Fyffe Dance","7","City-wide","1",8000,NA,NA,NA,NA,NA,NA,NA,NA,NA,NA,NA,NA,NA,NA,NA,NA,NA,8000,NA,"2012"
557,"Oromo Canadian Community Association of GTA","7","City-wide","1",27600,NA,NA,NA,NA,NA,27600,NA,NA,NA,NA,NA,NA,NA,NA,NA,NA,NA,NA,NA,"2012"
598,"Promoting Education and Community Health (PEACH)","7","Area services","1",54280,NA,NA,NA,NA,NA,54280,NA,NA,NA,NA,NA,NA,NA,NA,NA,NA,NA,NA,NA,"2012"
599,"Art Gallery of York University","8","City-wide","1",33000,NA,NA,NA,NA,NA,NA,NA,NA,NA,NA,NA,NA,NA,NA,NA,NA,NA,33000,NA,"2012"
600,"Canadian Cambodian Association of Ontario","8","City-wide","1",28660,NA,NA,NA,NA,NA,28660,NA,NA,NA,NA,NA,NA,NA,NA,NA,NA,NA,NA,NA,"2012"
601,"Caribbean Global Missions / Belka Enrichment","8","Area services","1",10000,NA,NA,10000,NA,NA,NA,NA,NA,NA,NA,NA,NA,NA,NA,NA,NA,NA,NA,NA,"2012"
602,"Elspeth Heyworth Centre for Women","8","Area Services","1",25910,NA,NA,NA,NA,NA,25910,NA,NA,NA,NA,NA,NA,NA,NA,NA,NA,NA,NA,NA,"2012"
603,"Jane Finch Community and Family Centre","8","Local","2",156095,NA,NA,14915,NA,NA,141180,NA,NA,NA,NA,NA,NA,NA,NA,NA,NA,NA,NA,NA,"2012"
604,"Just Bgraphic","8","City-wide","1",10000,NA,NA,NA,NA,10000,NA,NA,NA,NA,NA,NA,NA,NA,NA,NA,NA,NA,NA,NA,"2012"
455,"Les Amis Concerts","8","City-wide","1",5000,NA,NA,NA,NA,NA,NA,NA,NA,NA,NA,NA,NA,NA,NA,NA,NA,NA,5000,NA,"2012"
627,"Russian Library and Community Information","8","Local","1",8000,NA,NA,NA,NA,NA,NA,NA,NA,NA,NA,NA,NA,NA,NA,NA,NA,NA,8000,NA,"2012"
631,"San Romanoway Revitalization Association","8","Local","1",70945,NA,NA,NA,NA,NA,70945,NA,NA,NA,NA,NA,NA,NA,NA,NA,NA,NA,NA,NA,"2012"
143,"Centre For Spanish Speaking Peoples (The)","9","City-wide","4",112149,25000,NA,NA,NA,NA,56000,19149,NA,NA,NA,NA,NA,NA,NA,NA,NA,NA,12000,NA,"2012"
201,"Delta Family Resource Centre","9","Area Services","1",81820,NA,NA,NA,NA,NA,81820,NA,NA,NA,NA,NA,NA,NA,NA,NA,NA,NA,NA,NA,"2012"
202,"Friends in Trouble Youth Initiative","9","City-wide","1",31900,31900,NA,NA,NA,NA,NA,NA,NA,NA,NA,NA,NA,NA,NA,NA,NA,NA,NA,NA,"2012"
203,"Lao Association of Ontario","9","City-wide","1",28660,NA,NA,NA,NA,NA,28660,NA,NA,NA,NA,NA,NA,NA,NA,NA,NA,NA,NA,NA,"2012"
204,"Manantial Neighbourhood Services","9","Area services","2",36190,20200,15990,NA,NA,NA,NA,NA,NA,NA,NA,NA,NA,NA,NA,NA,NA,NA,NA,NA,"2012"
205,"Angelwalk Theatre","10","City-wide","1",3000,NA,NA,NA,NA,NA,NA,NA,NA,NA,NA,NA,NA,NA,NA,NA,NA,NA,3000,NA,"2012"
77,"Bathurst-Finch Network (BFN)","10","Area Service","1",40000,NA,NA,NA,NA,NA,NA,NA,NA,NA,NA,NA,NA,NA,NA,40000,NA,NA,NA,NA,"2012"
79,"Bernard Betel Centre for Creative Living","10","Area Services","1",110960,NA,NA,NA,NA,NA,110960,NA,NA,NA,NA,NA,NA,NA,NA,NA,NA,NA,NA,NA,"2012"
80,"Circle of Home Care Services (Toronto)","10","City-wide","1",89400,NA,NA,NA,NA,NA,89400,NA,NA,NA,NA,NA,NA,NA,NA,NA,NA,NA,NA,NA,"2012"
81,"Community Association for Riding for the Disabled (CARD)","10","City-wide","1",7500,NA,NA,7500,NA,NA,NA,NA,NA,NA,NA,NA,NA,NA,NA,NA,NA,NA,NA,NA,"2012"
82,"Downsview Services for Seniors","10","Area Services","1",77320,NA,NA,NA,NA,NA,77320,NA,NA,NA,NA,NA,NA,NA,NA,NA,NA,NA,NA,NA,"2012"
83,"Koffler Gallery","10","City-wide","1",50000,NA,NA,NA,NA,NA,NA,NA,NA,NA,NA,NA,NA,NA,NA,NA,NA,NA,50000,NA,"2012"
84,"National Council of Jewish Women of Canada, Toronto Section","10","City-wide","1",18730,NA,NA,NA,NA,NA,18730,NA,NA,NA,NA,NA,NA,NA,NA,NA,NA,NA,NA,NA,"2012"
599,"Prosserman Jewish Community Centre","10","City-wide","1",12110,NA,NA,NA,NA,NA,12110,NA,NA,NA,NA,NA,NA,NA,NA,NA,NA,NA,NA,NA,"2012"
600,"George S. Syme Seniors Centre of York","11","Area services","1",80455,NA,NA,NA,NA,NA,80455,NA,NA,NA,NA,NA,NA,NA,NA,NA,NA,NA,NA,NA,"2012"
601,"Humber Community Seniors' Services Inc.","11","Area services","1",32580,NA,NA,NA,NA,NA,32580,NA,NA,NA,NA,NA,NA,NA,NA,NA,NA,NA,NA,NA,"2012"
602,"IRIE Music Festival Incorporated","11","City-wide","1",4500,NA,NA,NA,NA,NA,NA,NA,NA,NA,NA,NA,NA,NA,NA,NA,NA,NA,4500,NA,"2012"
603,"Latin St. Music","11","Local","1",3000,NA,NA,NA,NA,NA,NA,NA,NA,NA,NA,NA,NA,NA,NA,NA,NA,NA,3000,NA,"2012"
458,"LetsStopAIDS","11","Area services","1",7200,NA,NA,NA,NA,NA,NA,NA,NA,NA,NA,7200,NA,NA,NA,NA,NA,NA,NA,NA,"2012"
459,"Northwood Neighbourhood Services","11","Area services","1",42040,NA,NA,NA,NA,NA,42040,NA,NA,NA,NA,NA,NA,NA,NA,NA,NA,NA,NA,NA,"2012"
717,"Theatre Smith-Gilmour","11","City-wide","1",41000,NA,NA,NA,NA,NA,NA,NA,NA,NA,NA,NA,NA,NA,NA,NA,NA,NA,41000,NA,"2012"
789,"UrbanArts Community Arts Council","11","City-wide","2",110517,NA,NA,NA,NA,NA,NA,NA,15882,NA,NA,NA,94635,NA,NA,NA,NA,NA,NA,NA,"2012"
811,"Weston Minor Hockey League","11","Local","1",10000,NA,NA,10000,NA,NA,NA,NA,NA,NA,NA,NA,NA,NA,NA,NA,NA,NA,NA,NA,"2012"
827,"York Youth Coalition","11","Local","1",40000,NA,NA,NA,NA,NA,NA,NA,NA,NA,NA,NA,NA,NA,NA,40000,NA,NA,NA,NA,"2012"
168,"Community Action Resource Centre","12","Area services","2",174485,NA,NA,NA,40000,NA,134485,NA,NA,NA,NA,NA,NA,NA,NA,NA,NA,NA,NA,NA,"2012"
169,"For Youth Initiative in Toronto","12","Area Services","1",97495,NA,NA,NA,NA,NA,97495,NA,NA,NA,NA,NA,NA,NA,NA,NA,NA,NA,NA,NA,"2012"
170,"Lawrence Heights Inter-Organization Network (LHION)","12","Local","1",40000,NA,NA,NA,NA,NA,NA,NA,NA,NA,NA,NA,NA,NA,NA,40000,NA,NA,NA,NA,"2012"
171,"Lost Lyrics","12","City-wide","1",15000,NA,NA,NA,NA,NA,NA,NA,NA,NA,NA,NA,NA,NA,NA,NA,NA,NA,15000,NA,"2012"
172,"Ogaden Youth Forum","12","City-wide","1",10000,NA,NA,NA,NA,NA,NA,NA,NA,NA,NA,10000,NA,NA,NA,NA,NA,NA,NA,NA,"2012"
687,"St. Bernadette's Family Resource Centre","12","Area services","1",17500,NA,NA,NA,NA,NA,17500,NA,NA,NA,NA,NA,NA,NA,NA,NA,NA,NA,NA,NA,"2012"
671,"St. Clair West Services for Seniors, Inc.","12","Area services","1",46020,NA,NA,NA,NA,NA,46020,NA,NA,NA,NA,NA,NA,NA,NA,NA,NA,NA,NA,NA,"2012"
694,"Syme-Woolner Neighbourhood & Family Centre","12","Area services","2",148727,NA,53392,NA,NA,NA,95335,NA,NA,NA,NA,NA,NA,NA,NA,NA,NA,NA,NA,NA,"2012"
745,"Toronto Foundation for Student Success","12","City-wide","1",3089321,NA,NA,NA,NA,NA,NA,NA,NA,NA,NA,NA,NA,NA,NA,NA,3089321,NA,NA,NA,"2012"
783,"Unison Health and Community Services","12","Local","1",45015,NA,NA,NA,NA,NA,45015,NA,NA,NA,NA,NA,NA,NA,NA,NA,NA,NA,NA,NA,"2012"
817,"Woman Abuse Council of Toronto","12","City-wide","1",53070,NA,NA,NA,NA,NA,53070,NA,NA,NA,NA,NA,NA,NA,NA,NA,NA,NA,NA,NA,"2012"
826,"York West Active Living Centre","12","Area services","1",91914,NA,NA,NA,NA,NA,91914,NA,NA,NA,NA,NA,NA,NA,NA,NA,NA,NA,NA,NA,"2012"
827,"Blue Ceiling Dance","13","City-wide","1",5000,NA,NA,NA,NA,NA,NA,NA,NA,NA,NA,NA,NA,NA,NA,NA,NA,NA,5000,NA,"2012"
828,"Cadenas","13","City-wide","1",5000,NA,NA,NA,NA,NA,NA,NA,NA,NA,NA,NA,NA,NA,NA,NA,NA,NA,5000,NA,"2012"
829,"COBA Collective of Black Artists","13","City-wide","1",19575,NA,NA,NA,NA,NA,NA,NA,NA,NA,NA,NA,NA,NA,NA,NA,NA,NA,19575,NA,"2012"
830,"Minor Empire","13","City-wide","1",2250,NA,NA,NA,NA,NA,NA,NA,NA,NA,NA,NA,NA,NA,NA,NA,NA,NA,2250,NA,"2012"
604,"Quickening Theatre Corp.","13","City-wide","1",6060,NA,NA,NA,NA,NA,NA,NA,NA,NA,NA,NA,NA,NA,NA,NA,NA,NA,6060,NA,"2012"
633,"Scaramella Concerts","13","City-wide","1",3500,NA,NA,NA,NA,NA,NA,NA,NA,NA,NA,NA,NA,NA,NA,NA,NA,NA,3500,NA,"2012"
731,"Toronto Chamber Choir","13","City-wide","1",7500,NA,NA,NA,NA,NA,NA,NA,NA,NA,NA,NA,NA,NA,NA,NA,NA,NA,7500,NA,"2012"
782,"Ukrainian Canadian Social Services (Toronto) Inc.","13","City-wide","1",35070,NA,NA,NA,NA,NA,35070,NA,NA,NA,NA,NA,NA,NA,NA,NA,NA,NA,NA,NA,"2012"
795,"Vertical City Project","13","City-wide","1",7000,NA,NA,NA,NA,NA,NA,NA,NA,NA,NA,NA,NA,NA,NA,NA,NA,NA,7000,NA,"2012"
796,"Vesnivka Choir Inc.","13","City-wide","1",8000,NA,NA,NA,NA,NA,NA,NA,NA,NA,NA,NA,NA,NA,NA,NA,NA,NA,8000,NA,"2012"
25,"Alchemy Duo","14","City-wide","1",1500,NA,NA,NA,NA,NA,NA,NA,NA,NA,NA,NA,NA,NA,NA,NA,NA,NA,1500,NA,"2012"
42,"Arraymusic","14","City-wide","1",38090,NA,NA,NA,NA,NA,NA,NA,NA,NA,NA,NA,NA,NA,NA,NA,NA,NA,38090,NA,"2012"
43,"Chinese National Musician Xu Ruhui Foundation","14","City-wide","1",2750,NA,NA,NA,NA,NA,NA,NA,NA,NA,NA,NA,NA,NA,NA,NA,NA,NA,2750,NA,"2012"
44,"Communities Advancing Valued Environments","14","City-wide","1",7000,NA,NA,NA,NA,NA,NA,NA,NA,NA,NA,NA,NA,NA,NA,NA,NA,NA,7000,NA,"2012"
45,"CultureLink Settlement Services","14","City-wide","1",52940,NA,NA,NA,NA,NA,52940,NA,NA,NA,NA,NA,NA,NA,NA,NA,NA,NA,NA,NA,"2012"
225,"Education Through Media","14","City-wide","1",40000,NA,NA,NA,NA,NA,NA,NA,NA,NA,NA,NA,NA,NA,NA,40000,NA,NA,NA,NA,"2012"
226,"Elderly Vietnamese Association, Toronto","14","City-wide","1",15265,NA,NA,NA,NA,NA,15265,NA,NA,NA,NA,NA,NA,NA,NA,NA,NA,NA,NA,NA,"2012"
227,"Evan Webber and Frank Cox-O'Connell","14","City-wide","1",3500,NA,NA,NA,NA,NA,NA,NA,NA,NA,NA,NA,NA,NA,NA,NA,NA,NA,3500,NA,"2012"
228,"Events in Real Time","14","City-wide","1",5000,NA,NA,NA,NA,NA,NA,NA,NA,NA,NA,NA,NA,NA,NA,NA,NA,NA,5000,NA,"2012"
229,"Flashing Lights Collective","14","City-wide","1",4500,NA,NA,NA,NA,NA,NA,NA,NA,NA,NA,NA,NA,NA,NA,NA,NA,NA,4500,NA,"2012"
355,"Hand Eye Society","14","City-wide","1",2000,NA,NA,NA,NA,NA,NA,NA,NA,NA,NA,NA,NA,NA,NA,NA,NA,NA,2000,NA,"2012"
399,"Independent Auntie Productions","14","City-wide","1",5000,NA,NA,NA,NA,NA,NA,NA,NA,NA,NA,NA,NA,NA,NA,NA,NA,NA,5000,NA,"2012"
400,"Kababayan Community Service Centre Inc.","14","City-wide","1",30600,NA,NA,NA,NA,NA,30600,NA,NA,NA,NA,NA,NA,NA,NA,NA,NA,NA,NA,NA,"2012"
401,"Kemi Contemporary Dance Projects","14","City-wide","1",6000,NA,NA,NA,NA,NA,NA,NA,NA,NA,NA,NA,NA,NA,NA,NA,NA,NA,6000,NA,"2012"
402,"Keys to the Studio","14","City-wide","1",12000,NA,NA,NA,NA,NA,NA,NA,NA,NA,NA,NA,NA,NA,NA,NA,NA,NA,12000,NA,"2012"
403,"Lab Cab Festival","14","City-wide","1",3000,NA,NA,NA,NA,NA,NA,NA,NA,NA,NA,NA,NA,NA,NA,NA,NA,NA,3000,NA,"2012"
404,"Loyola Arrupe Centre for Seniors","14","Local","1",15165,NA,NA,NA,NA,NA,15165,NA,NA,NA,NA,NA,NA,NA,NA,NA,NA,NA,NA,NA,"2012"
405,"Maniac Star","14","City-wide","1",5000,NA,NA,NA,NA,NA,NA,NA,NA,NA,NA,NA,NA,NA,NA,NA,NA,NA,5000,NA,"2012"
406,"Parkdale Activity Recreation Centre","14","Area services","3",60724,20000,NA,NA,NA,NA,NA,NA,NA,NA,28724,NA,NA,NA,NA,NA,NA,NA,12000,NA,"2012"
567,"Parkdale Beauty Pageant Society","14","Local","1",4000,NA,NA,NA,NA,NA,NA,NA,NA,NA,NA,NA,NA,NA,NA,NA,NA,NA,4000,NA,"2012"
568,"Parkdale Community Health Centre","14","Area services","1",63797,NA,63797,NA,NA,NA,NA,NA,NA,NA,NA,NA,NA,NA,NA,NA,NA,NA,NA,NA,"2012"
569,"Parkdale Community Information Centre","14","Local","1",24590,NA,NA,NA,NA,NA,24590,NA,NA,NA,NA,NA,NA,NA,NA,NA,NA,NA,NA,NA,"2012"
570,"Parkdale Goldern Age Foundation","14","Area services","1",51575,NA,NA,NA,NA,NA,51575,NA,NA,NA,NA,NA,NA,NA,NA,NA,NA,NA,NA,NA,"2012"
571,"Parkdale Intercultural Association (Toronto)","14","Local","1",40000,NA,NA,NA,NA,NA,40000,NA,NA,NA,NA,NA,NA,NA,NA,NA,NA,NA,NA,NA,"2012"
572,"Parkdale Village Arts Collective","14","City-wide","1",3000,NA,NA,NA,NA,NA,NA,NA,NA,NA,NA,NA,NA,NA,NA,NA,NA,NA,3000,NA,"2012"
576,"Peace Maker Collective","14","City-wide","1",5000,NA,NA,NA,NA,NA,NA,NA,NA,NA,NA,NA,NA,NA,NA,NA,NA,NA,5000,NA,"2012"
600,"Public Recordings Performance Projects","14","City-wide","1",9300,NA,NA,NA,NA,NA,NA,NA,NA,NA,NA,NA,NA,NA,NA,NA,NA,NA,9300,NA,"2012"
618,"Remix Project (The)","14","City-wide","2",52000,NA,NA,NA,NA,NA,NA,NA,NA,NA,NA,NA,NA,NA,NA,40000,NA,NA,12000,NA,"2012"
622,"Roma Community Centre","14","City-wide","1",6000,6000,NA,NA,NA,NA,NA,NA,NA,NA,NA,NA,NA,NA,NA,NA,NA,NA,NA,NA,"2012"
640,"Schools Without Borders","14","City-wide","1",104040,NA,104040,NA,NA,NA,NA,NA,NA,NA,NA,NA,NA,NA,NA,NA,NA,NA,NA,NA,"2012"
680,"Southern Currents / Corrientes Del Sur","14","City-wide","1",18000,NA,NA,NA,NA,NA,NA,NA,NA,NA,NA,NA,NA,NA,NA,NA,NA,NA,18000,NA,"2012"
725,"Toronto Alternative Arts and Fashion Week","14","City-wide","1",4000,NA,NA,NA,NA,NA,NA,NA,NA,NA,NA,NA,NA,NA,NA,NA,NA,NA,4000,NA,"2012"
727,"Toronto Animated Image Society","14","City-wide","1",4000,NA,NA,NA,NA,NA,NA,NA,NA,NA,NA,NA,NA,NA,NA,NA,NA,NA,4000,NA,"2012"
730,"Toronto Book and Magazine Fair","14","City-wide","1",37500,NA,NA,NA,NA,NA,NA,NA,NA,NA,NA,NA,NA,NA,NA,NA,NA,NA,37500,NA,"2012"
731,"Art Starts Neighbourhood Cultural Centre","15","Area services","3",92654,NA,NA,NA,NA,NA,NA,12074,15580,NA,NA,NA,NA,NA,NA,NA,NA,NA,65000,NA,"2012"
732,"Bikur Cholim Volunteer Services","15","City-wide","1",14865,NA,NA,NA,NA,NA,14865,NA,NA,NA,NA,NA,NA,NA,NA,NA,NA,NA,NA,NA,"2012"
733,"Canadian Mental Health Association, The","15","City-wide","1",15925,NA,NA,NA,NA,NA,15925,NA,NA,NA,NA,NA,NA,NA,NA,NA,NA,NA,NA,NA,"2012"
734,"Heritage - 519 Glengrove Ave","15","Area services","1",10000,NA,NA,NA,NA,NA,NA,NA,NA,10000,NA,NA,NA,NA,NA,NA,NA,NA,NA,NA,"2012"
496,"Motion Live Collective","15","City-wide","1",1000,NA,NA,NA,NA,NA,NA,NA,NA,NA,NA,NA,NA,NA,NA,NA,NA,NA,1000,NA,"2012"
497,"Nathaniel Dett Chorale","15","City-wide","1",21000,NA,NA,NA,NA,NA,NA,NA,NA,NA,NA,NA,NA,NA,NA,NA,NA,NA,21000,NA,"2012"
498,"Neptune renewal Group (eNeRGy)","15","Local","1",6300,NA,NA,NA,NA,6300,NA,NA,NA,NA,NA,NA,NA,NA,NA,NA,NA,NA,NA,NA,"2012"
499,"North York Community House","15","Area services","2",165010,NA,NA,NA,49000,NA,116010,NA,NA,NA,NA,NA,NA,NA,NA,NA,NA,NA,NA,NA,"2012"
534,"North York Harvest Food Bank","15","Area Services","1",21230,NA,NA,NA,NA,NA,21230,NA,NA,NA,NA,NA,NA,NA,NA,NA,NA,NA,NA,NA,"2012"
630,"San Lorenzo Latin American Comm. Ctre","15","City-wide","1",3000,NA,NA,NA,NA,NA,NA,NA,NA,NA,NA,NA,NA,NA,NA,NA,NA,NA,3000,NA,"2012"
769,"Toronto Women's City Alliance","15","City-wide","1",35000,35000,NA,NA,NA,NA,NA,NA,NA,NA,NA,NA,NA,NA,NA,NA,NA,NA,NA,NA,"2012"
803,"Villa Colombo Homes For The Aged","15","City-wide","1",27665,NA,NA,NA,NA,NA,27665,NA,NA,NA,NA,NA,NA,NA,NA,NA,NA,NA,NA,NA,"2012"
828,"York-Fairbank Centre For Seniors","15","Area services","2",200730,NA,NA,NA,35000,NA,165730,NA,NA,NA,NA,NA,NA,NA,NA,NA,NA,NA,NA,NA,"2012"
829,"Academy Concert Series","16","City-wide","1",2000,NA,NA,NA,NA,NA,NA,NA,NA,NA,NA,NA,NA,NA,NA,NA,NA,NA,2000,NA,"2012"
830,"Extend-A-Family","16","City-wide","1",21230,NA,NA,NA,NA,NA,21230,NA,NA,NA,NA,NA,NA,NA,NA,NA,NA,NA,NA,NA,"2012"
831,"Mood Disorders Association of Ontario","16","City-wide","1",15925,NA,NA,NA,NA,NA,15925,NA,NA,NA,NA,NA,NA,NA,NA,NA,NA,NA,NA,NA,"2012"
536,"North York Women's Resource Centre","16","Area services","1",45365,NA,NA,NA,NA,NA,45365,NA,NA,NA,NA,NA,NA,NA,NA,NA,NA,NA,NA,NA,"2012"
546,"Ontario Council of Agencies Serving Immigrants (OCASI)","16","City-wide","1",25500,NA,NA,NA,NA,NA,25500,NA,NA,NA,NA,NA,NA,NA,NA,NA,NA,NA,NA,NA,"2012"
585,"P.O.I.N.T. Inc. (People and Organizations in North Toronto)","16","City-wide","1",4995,NA,NA,NA,NA,NA,4995,NA,NA,NA,NA,NA,NA,NA,NA,NA,NA,NA,NA,NA,"2012"
643,"Self-Help Resource Centre","16","City-wide","1",13805,NA,NA,NA,NA,NA,13805,NA,NA,NA,NA,NA,NA,NA,NA,NA,NA,NA,NA,NA,"2012"
704,"Tennis Annex","16","Area services","1",10000,NA,NA,NA,NA,NA,NA,NA,NA,NA,NA,10000,NA,NA,NA,NA,NA,NA,NA,NA,"2012"
751,"Toronto Jewish Folk Choir","16","City-wide","1",5800,NA,NA,NA,NA,NA,NA,NA,NA,NA,NA,NA,NA,NA,NA,NA,NA,NA,5800,NA,"2012"
764,"Toronto South Asian Review","16","City-wide","1",4500,NA,NA,NA,NA,NA,NA,NA,NA,NA,NA,NA,NA,NA,NA,NA,NA,NA,4500,NA,"2012"
781,"Turtle House Art/Play Centre","16","City-wide","1",15000,NA,NA,NA,NA,NA,NA,NA,NA,NA,NA,NA,NA,NA,NA,NA,NA,NA,15000,NA,"2012"
790,"Urban Non-violent Initiatives Through Youth","16","City-wide","1",6000,NA,NA,NA,NA,NA,NA,NA,NA,NA,NA,NA,NA,NA,NA,NA,NA,NA,6000,NA,"2012"
791,"Alameda Theatre Company","17","City-wide","1",6500,NA,NA,NA,NA,NA,NA,NA,NA,NA,NA,NA,NA,NA,NA,NA,NA,NA,6500,NA,"2012"
792,"Canada Clown","17","City-wide","1",8500,NA,NA,NA,NA,NA,NA,NA,NA,NA,NA,NA,NA,NA,NA,NA,NA,NA,8500,NA,"2012"
793,"Cloud 9","17","City-wide","1",8000,NA,NA,NA,NA,NA,NA,NA,NA,NA,NA,NA,NA,NA,NA,NA,NA,NA,8000,NA,"2012"
185,"COSTI Immigrant Services","17","Area services","2",444588.62,NA,NA,NA,NA,NA,116860,NA,NA,NA,327728.62,NA,NA,NA,NA,NA,NA,NA,NA,NA,"2012"
199,"Davenport Perth Neighbourhood Centre","17","Area services","3",120849,NA,22899,NA,NA,NA,78260,19690,NA,NA,NA,NA,NA,NA,NA,NA,NA,NA,NA,NA,"2012"
200,"Drum Artz Canada","17","Area services","1",14000,NA,NA,NA,NA,NA,NA,NA,NA,NA,NA,NA,NA,NA,NA,NA,NA,NA,14000,NA,"2012"
201,"Dusk Dances","17","Local","1",25000,NA,NA,NA,NA,NA,NA,NA,NA,NA,NA,NA,NA,NA,NA,NA,NA,NA,25000,NA,"2012"
202,"Encontrarte Youth Arts Collective","17","Local","1",9500,NA,NA,NA,NA,NA,NA,NA,NA,NA,NA,9500,NA,NA,NA,NA,NA,NA,NA,NA,"2012"
203,"FCJ Refugee Centre","17","City-wide","1",8000,NA,NA,NA,NA,8000,NA,NA,NA,NA,NA,NA,NA,NA,NA,NA,NA,NA,NA,NA,"2012"
204,"First Portuguese Canadian Cultural Centre of Toronto","17","Area Services","1",12240,NA,NA,NA,NA,NA,12240,NA,NA,NA,NA,NA,NA,NA,NA,NA,NA,NA,NA,NA,"2012"
468,"Making Room Community Arts","17","Local","1",12000,NA,NA,NA,NA,NA,NA,NA,NA,NA,NA,NA,NA,NA,NA,NA,NA,NA,12000,NA,"2012"
605,"R3: Artist Collective","17","City-wide","1",9000,NA,NA,NA,NA,NA,NA,NA,NA,NA,NA,NA,NA,NA,NA,NA,NA,NA,4000,NA,"2012"
689,"St. Clair Gardens Business Improvement Area","17","Area services","1",2750,NA,NA,NA,NA,2750,NA,NA,NA,NA,NA,NA,NA,NA,NA,NA,NA,NA,NA,NA,"2012"
681,"Stop Community Food Centre, The","17","Area services","1",25500,NA,NA,NA,NA,NA,25500,NA,NA,NA,NA,NA,NA,NA,NA,NA,NA,NA,NA,NA,"2012"
772,"Toy Piano Composers","17","City-wide","1",1900,NA,NA,NA,NA,NA,NA,NA,NA,NA,NA,NA,NA,NA,NA,NA,NA,NA,1900,NA,"2012"
802,"Vietnamese Women's Association Toronto","17","City-wide","3",107670,27500,NA,NA,25000,NA,55170,NA,NA,NA,NA,NA,NA,NA,NA,NA,NA,NA,NA,NA,"2012"
830,"Yorktown Child and Family Centre","17","Area services","1",31845,NA,NA,NA,NA,NA,31845,NA,NA,NA,NA,NA,NA,NA,NA,NA,NA,NA,NA,NA,"2012"
831,"Abrigo Centre","18","City-wide","1",94950,NA,NA,NA,NA,NA,94950,NA,NA,NA,NA,NA,NA,NA,NA,NA,NA,NA,NA,NA,"2012"
832,"Bikes Without Borders","18","City-wide","1",16800,NA,NA,16800,NA,NA,NA,NA,NA,NA,NA,NA,NA,NA,NA,NA,NA,NA,NA,NA,"2012"
833,"Canadian Red Cross, Toronto Region","18","City-wide","1",25385,NA,NA,NA,NA,NA,25385,NA,NA,NA,NA,NA,NA,NA,NA,NA,NA,NA,NA,NA,"2012"
124,"Canzine Arts Festival","18","City-wide","1",5000,NA,NA,NA,NA,NA,NA,NA,NA,NA,NA,NA,NA,NA,NA,NA,NA,NA,5000,NA,"2012"
125,"Clay and Paper Theatre","18","Local","1",16500,NA,NA,NA,NA,NA,NA,NA,NA,NA,NA,NA,NA,NA,NA,NA,NA,NA,16500,NA,"2012"
126,"Company Theatre","18","City-wide","1",8000,NA,NA,NA,NA,NA,NA,NA,NA,NA,NA,NA,NA,NA,NA,NA,NA,NA,8000,NA,"2012"
127,"Company Theatre Crisis","18","City-wide","1",10000,NA,NA,NA,NA,NA,NA,NA,NA,NA,NA,NA,NA,NA,NA,NA,NA,NA,10000,NA,"2012"
128,"Dovercourt Boys' and Girls' Club","18","Local","1",48265,NA,NA,NA,NA,NA,48265,NA,NA,NA,NA,NA,NA,NA,NA,NA,NA,NA,NA,NA,"2012"
129,"Dreamwalker Dance Co.","18","City-wide","1",12000,NA,NA,NA,NA,NA,NA,NA,NA,NA,NA,NA,NA,NA,NA,NA,NA,NA,12000,NA,"2012"
321,"Fedora Upside-Down","18","City-wide","1",4500,NA,NA,NA,NA,NA,NA,NA,NA,NA,NA,NA,NA,NA,NA,NA,NA,NA,4500,NA,"2012"
322,"FoodShare Toronto","18","City-wide","1",191176,NA,NA,NA,NA,NA,191176,NA,NA,NA,NA,NA,NA,NA,NA,NA,NA,NA,NA,NA,"2012"
323,"Gendai Gallery","18","Local","1",4500,NA,NA,NA,NA,NA,NA,NA,NA,NA,NA,NA,NA,NA,NA,NA,NA,NA,4500,NA,"2012"
324,"Impossible Arts","18","City-wide","1",12000,NA,NA,NA,NA,NA,NA,NA,NA,NA,NA,NA,NA,NA,NA,NA,NA,NA,12000,NA,"2012"
325,"JunctQin Keyboard Collective","18","City-wide","1",2000,NA,NA,NA,NA,NA,NA,NA,NA,NA,NA,NA,NA,NA,NA,NA,NA,NA,2000,NA,"2012"
326,"Liaison of Independent Filmmakers of Toronto (LIFT)","18","City-wide","1",58500,NA,NA,NA,NA,NA,NA,NA,NA,NA,NA,NA,NA,NA,NA,NA,NA,NA,58500,NA,"2012"
327,"Lulu Music and Arts Centre","18","City-wide","1",8000,NA,NA,NA,NA,NA,NA,NA,NA,NA,NA,NA,NA,NA,NA,NA,NA,NA,8000,NA,"2012"
328,"Median Contemporary","18","Local","1",3000,NA,NA,NA,NA,NA,NA,NA,NA,NA,NA,NA,NA,NA,NA,NA,NA,NA,3000,NA,"2012"
480,"Mercer Union","18","City-wide","1",62000,NA,NA,NA,NA,NA,NA,NA,NA,NA,NA,NA,NA,NA,NA,NA,NA,NA,62000,NA,"2012"
593,"princess productions","18","City-wide","1",14000,NA,NA,NA,NA,NA,NA,NA,NA,NA,NA,NA,NA,NA,NA,NA,NA,NA,14000,NA,"2012"
609,"Rear View Curatorial Collective","18","City-wide","1",4000,NA,NA,NA,NA,NA,NA,NA,NA,NA,NA,NA,NA,NA,NA,NA,NA,NA,4000,NA,"2012"
623,"Roseneath Theatre","18","City-wide","1",57000,NA,NA,NA,NA,NA,NA,NA,NA,NA,NA,NA,NA,NA,NA,NA,NA,NA,57000,NA,"2012"
647,"Series 8:08","18","City-wide","1",9600,NA,NA,NA,NA,NA,NA,NA,NA,NA,NA,NA,NA,NA,NA,NA,NA,NA,9600,NA,"2012"
649,"Sheep No Wool Theatre Company","18","City-wide","1",2500,NA,NA,NA,NA,NA,NA,NA,NA,NA,NA,NA,NA,NA,NA,NA,NA,NA,2500,NA,"2012"
667,"SKETCH Working Arts For Street Involved & Homeless Youth","18","City-wide","2",92404,NA,NA,NA,NA,NA,NA,51404,NA,NA,NA,NA,NA,NA,NA,NA,NA,NA,41000,NA,"2012"
669,"Small Wooden Shoe","18","City-wide","1",7000,NA,NA,NA,NA,NA,NA,NA,NA,NA,NA,NA,NA,NA,NA,NA,NA,NA,7000,NA,"2012"
670,"Small World Music Society","18","City-wide","1",27500,NA,NA,NA,NA,NA,NA,NA,NA,NA,NA,NA,NA,NA,NA,NA,NA,NA,27500,NA,"2012"
678,"South Asian Women's Centre","18","City-wide","1",79605,NA,NA,NA,NA,NA,NA,NA,NA,NA,NA,NA,NA,NA,NA,NA,NA,NA,NA,NA,"2012"
676,"Stemmatics: The Collective","18","City-wide","1",8200,NA,NA,NA,NA,NA,NA,NA,NA,NA,NA,8200,NA,NA,NA,NA,NA,NA,NA,NA,"2012"
679,"Stolen From Africa","18","Area services","1",8000,NA,NA,NA,NA,NA,NA,NA,NA,NA,NA,NA,NA,NA,NA,NA,NA,NA,8000,NA,"2012"
683,"Story Planet","18","City-wide","1",12000,NA,NA,NA,NA,NA,NA,NA,NA,NA,NA,NA,NA,NA,NA,NA,NA,NA,12000,NA,"2012"
688,"Subtle Vigiliance Collective","18","City-wide","1",7100,NA,NA,NA,NA,NA,NA,NA,NA,NA,NA,NA,NA,NA,NA,NA,NA,NA,7100,NA,"2012"
692,"SummerWorks Theatre Festival","18","City-wide","1",30000,NA,NA,NA,NA,NA,NA,NA,NA,NA,NA,NA,NA,NA,NA,NA,NA,NA,30000,NA,"2012"
711,"Theatre Gargantua","18","City-wide","1",11075,NA,NA,NA,NA,NA,NA,NA,NA,NA,NA,NA,NA,NA,NA,NA,NA,NA,11075,NA,"2012"
715,"Theatre Rusticle","18","City-wide","1",10000,NA,NA,NA,NA,NA,NA,NA,NA,NA,NA,NA,NA,NA,NA,NA,NA,NA,10000,NA,"2012"
720,"Thunderstick Collective","18","City-wide","1",8000,NA,NA,NA,NA,NA,NA,NA,NA,NA,NA,NA,NA,NA,NA,NA,NA,NA,8000,NA,"2012"
763,"Toronto Sketch Comedy Festival Group","18","City-wide","1",6000,NA,NA,NA,NA,NA,NA,NA,NA,NA,NA,NA,NA,NA,NA,NA,NA,NA,6000,NA,"2012"
787,"Univox Choir Toronto","18","City-wide","1",5000,NA,NA,NA,NA,NA,NA,NA,NA,NA,NA,NA,NA,NA,NA,NA,NA,NA,5000,NA,"2012"
810,"West Toronto Support Services for Senior Citizens and the Disabled Inc.","18","Area services","1",38540,NA,NA,NA,NA,NA,38540,NA,NA,NA,NA,NA,NA,NA,NA,NA,NA,NA,NA,NA,"2012"
823,"Working Women Community Centre","18","Area services","2",150609,NA,NA,NA,37100,NA,113509,NA,NA,NA,NA,NA,NA,NA,NA,NA,NA,NA,NA,NA,"2012"
824,"Workman Arts Projects","18","City-wide","1",7500,NA,NA,NA,NA,NA,NA,NA,NA,NA,NA,NA,NA,NA,NA,NA,NA,NA,7500,NA,"2012"
825,"Aiding Dramatic Change in Development","19","City-wide","1",13300,NA,NA,NA,NA,NA,NA,NA,NA,NA,NA,NA,NA,NA,NA,NA,NA,NA,13300,NA,"2012"
826,"Aluna Theatre","19","City-wide","1",15000,NA,NA,NA,NA,NA,NA,NA,NA,NA,NA,NA,NA,NA,NA,NA,NA,NA,15000,NA,"2012"
827,"Art for Commuters","19","City-wide","1",2000,NA,NA,NA,NA,NA,NA,NA,NA,NA,NA,NA,NA,NA,NA,NA,NA,NA,2000,NA,"2012"
55,"Art Metropole","19","City-wide","1",27172,NA,NA,NA,NA,NA,NA,NA,NA,NA,NA,NA,NA,NA,NA,NA,NA,NA,27172,NA,"2012"
56,"Art of Time Ensemble","19","City-wide","1",13000,NA,NA,NA,NA,NA,NA,NA,NA,NA,NA,NA,NA,NA,NA,NA,NA,NA,13000,NA,"2012"
57,"Axis Music","19","Local","1",14000,NA,NA,NA,NA,NA,NA,NA,NA,NA,NA,NA,NA,NA,NA,NA,NA,NA,14000,NA,"2012"
73,"Ballet Creole","19","City-wide","1",23750,NA,NA,NA,NA,NA,NA,NA,NA,NA,NA,NA,NA,NA,NA,NA,NA,NA,23750,NA,"2012"
76,"Barbra Schlifer Commemorative Clinic","19","City-wide","1",41490,NA,NA,NA,NA,NA,41490,NA,NA,NA,NA,NA,NA,NA,NA,NA,NA,NA,NA,NA,"2012"
89,"Bloor Information and Life Skills Centre","19","City-wide","1",31735,NA,NA,NA,NA,NA,31735,NA,NA,NA,NA,NA,NA,NA,NA,NA,NA,NA,NA,NA,"2012"
90,"Canadian Film in the Schools","19","City-wide","1",2500,NA,NA,NA,NA,NA,NA,NA,NA,NA,NA,NA,NA,NA,NA,NA,NA,NA,2500,NA,"2012"
91,"Central Toronto Community Health Centres","19","Area Services","2",111281,NA,70756,NA,NA,NA,NA,40525,NA,NA,NA,NA,NA,NA,NA,NA,NA,NA,NA,NA,"2012"
144,"Charles Street Video","19","City-wide","1",54500,NA,NA,NA,NA,NA,NA,NA,NA,NA,NA,NA,NA,NA,NA,NA,NA,NA,54500,NA,"2012"
145,"Christie Ossington Neighbourhood Centre","19","City-wide","2",73250,NA,NA,NA,NA,NA,62250,NA,NA,NA,NA,NA,NA,NA,NA,NA,NA,NA,11000,NA,"2012"
146,"Convergence Theatre","19","City-wide","1",10000,NA,NA,NA,NA,NA,NA,NA,NA,NA,NA,NA,NA,NA,NA,NA,NA,NA,10000,NA,"2012"
184,"Corpus Dance Projects","19","City-wide","1",24000,NA,NA,NA,NA,NA,NA,NA,NA,NA,NA,NA,NA,NA,NA,NA,NA,NA,24000,NA,"2012"
185,"Cross Toronto Community Development Corp. (Fresh Start Cleaning)","19","Area services","1",59922.88,NA,NA,NA,NA,NA,NA,NA,NA,NA,59922.88,NA,NA,NA,NA,NA,NA,NA,NA,NA,"2012"
186,"Eight Fest Smal-Gauge Film Festival","19","City-wide","1",5000,NA,NA,NA,NA,NA,NA,NA,NA,NA,NA,NA,NA,NA,NA,NA,NA,NA,5000,NA,"2012"
187,"Ensemble Polaris","19","City-wide","1",6000,NA,NA,NA,NA,NA,NA,NA,NA,NA,NA,NA,NA,NA,NA,NA,NA,NA,6000,NA,"2012"
296,"Eritrean Youth Collective","19","City-wide","1",9800,NA,NA,NA,NA,NA,NA,NA,NA,NA,NA,9800,NA,NA,NA,NA,NA,NA,NA,NA,"2012"
297,"Family Supports Institute Ontario (formerly Metro Association of Family Resource Programs)","19","City-wide","1",12735,NA,NA,NA,NA,NA,12735,NA,NA,NA,NA,NA,NA,NA,NA,NA,NA,NA,NA,NA,"2012"
338,"Fringe of Toronto","19","City-wide","1",72000,NA,NA,NA,NA,NA,NA,NA,NA,NA,NA,NA,NA,NA,NA,NA,NA,NA,72000,NA,"2012"
339,"Gryphon Trio","19","City-wide","1",6000,NA,NA,NA,NA,NA,NA,NA,NA,NA,NA,NA,NA,NA,NA,NA,NA,NA,6000,NA,"2012"
379,"Heritage - 915 King St. W (TSCC 1559)","19","Local","1",25000,NA,NA,NA,NA,NA,NA,NA,NA,25000,NA,NA,NA,NA,NA,NA,NA,NA,NA,NA,"2012"
380,"IMPACT Indian Martial and Performance","19","Area services","1",12000,NA,NA,NA,NA,NA,NA,NA,NA,NA,NA,NA,NA,NA,NA,NA,NA,NA,12000,NA,"2012"
381,"InterAccess","19","City-wide","1",43800,NA,NA,NA,NA,NA,NA,NA,NA,NA,NA,NA,NA,NA,NA,NA,NA,NA,43800,NA,"2012"
382,"Kaeja d'Dance","19","City-wide","1",30900,NA,NA,NA,NA,NA,NA,NA,NA,NA,NA,NA,NA,NA,NA,NA,NA,NA,30900,NA,"2012"
437,"Korean Senior Citizens Society of Toronto, The","19","City-wide","1",20400,NA,NA,NA,NA,NA,20400,NA,NA,NA,NA,NA,NA,NA,NA,NA,NA,NA,NA,NA,"2012"
438,"Life Rattle","19","City-wide","1",2500,NA,NA,NA,NA,NA,NA,NA,NA,NA,NA,NA,NA,NA,NA,NA,NA,NA,2500,NA,"2012"
439,"National Shevchenko Musical Ensemble","19","City-wide","1",5000,NA,NA,NA,NA,NA,NA,NA,NA,NA,NA,NA,NA,NA,NA,NA,NA,NA,5000,NA,"2012"
440,"Nazareth House","19","Local","1",123097.82,NA,NA,NA,NA,NA,NA,NA,NA,NA,123097.82,NA,NA,NA,NA,NA,NA,NA,NA,NA,"2012"
577,"Peggy Baker Dance Projects","19","City-wide","1",15000,NA,NA,NA,NA,NA,NA,NA,NA,NA,NA,NA,NA,NA,NA,NA,NA,NA,15000,NA,"2012"
587,"Pomengranate Tree Group","19","City-wide","1",10000,NA,NA,NA,NA,NA,NA,NA,NA,NA,NA,NA,NA,NA,NA,NA,NA,NA,10000,NA,"2012"
588,"Portuguese Women 55 Plus Support Group of Ontario","19","Area services","1",4675,NA,NA,NA,NA,NA,4675,NA,NA,NA,NA,NA,NA,NA,NA,NA,NA,NA,NA,NA,"2012"
590,"Praxis Theatre","19","City-wide","1",7000,NA,NA,NA,NA,NA,NA,NA,NA,NA,NA,NA,NA,NA,NA,NA,NA,NA,7000,NA,"2012"
596,"Project CANOE (Creative and Natural Outdoor Experiences)","19","City-wide","1",8000,NA,NA,8000,NA,NA,NA,NA,NA,NA,NA,NA,NA,NA,NA,NA,NA,NA,NA,NA,"2012"
612,"Red Pepper Spectacle Arts","19","City-wide","1",29000,NA,NA,NA,NA,NA,NA,NA,NA,NA,NA,NA,NA,NA,NA,NA,NA,NA,29000,NA,"2012"
625,"Royal Agricultural Winter Fair","19","City-wide","1",939110,NA,NA,NA,NA,NA,NA,NA,NA,NA,NA,NA,NA,NA,NA,NA,NA,NA,NA,939110,"2012"
666,"Sistering-A Woman’s Place","19","Area Services","3",73045,NA,32855,NA,NA,NA,NA,37190,NA,NA,NA,NA,NA,NA,NA,NA,NA,NA,3000,NA,"2012"
683,"Spectrum Arts Project","19","City -wide","1",14000,NA,NA,NA,NA,NA,NA,NA,14000,NA,NA,NA,NA,NA,NA,NA,NA,NA,NA,NA,"2012"
688,"St. Christopher House (The)","19","Area services","3",318832,NA,NA,NA,NA,NA,261937,32895,NA,NA,NA,NA,NA,NA,NA,NA,NA,NA,24000,NA,"2012"
678,"STEPS Sustainable Thinking and Expression","19","City-wide","1",13360,NA,NA,NA,NA,NA,NA,NA,13360,NA,NA,NA,NA,NA,NA,NA,NA,NA,NA,NA,"2012"
708,"Theatre Centre","19","City-wide","1",82000,NA,NA,NA,NA,NA,NA,NA,NA,NA,NA,NA,NA,NA,NA,NA,NA,NA,82000,NA,"2012"
716,"Theatre Smash","19","City-wide","1",5000,NA,NA,NA,NA,NA,NA,NA,NA,NA,NA,NA,NA,NA,NA,NA,NA,NA,5000,NA,"2012"
728,"Toronto Artscape Inc. - Artscape","19","City-wide","1",264020,NA,NA,NA,NA,NA,NA,NA,NA,NA,NA,NA,NA,264020,NA,NA,NA,NA,NA,NA,"2012"
734,"Toronto Coalition for Better Child Care","19","City-wide","2",36830,15600,NA,NA,NA,NA,21230,NA,NA,NA,NA,NA,NA,NA,NA,NA,NA,NA,NA,NA,"2012"
735,"Toronto Comic Arts Festival","19","City-wide","1",7500,NA,NA,NA,NA,NA,NA,NA,NA,NA,NA,NA,NA,NA,NA,NA,NA,NA,7500,NA,"2012"
742,"Toronto Emerging ARTivists","19","Local","1",9800,NA,NA,NA,NA,NA,NA,NA,NA,NA,NA,9800,NA,NA,NA,NA,NA,NA,NA,NA,"2012"
749,"Toronto International Flamenco Festival","19","City-wide","1",9000,NA,NA,NA,NA,NA,NA,NA,NA,NA,NA,NA,NA,NA,NA,NA,NA,NA,9000,NA,"2012"
759,"Toronto Photographers Workshop","19","City-wide","1",61000,NA,NA,NA,NA,NA,NA,NA,NA,NA,NA,NA,NA,NA,NA,NA,NA,NA,61000,NA,"2012"
761,"Toronto Reel Asian International Film Festival","19","City-wide","1",25000,NA,NA,NA,NA,NA,NA,NA,NA,NA,NA,NA,NA,NA,NA,NA,NA,NA,25000,NA,"2012"
765,"Toronto Summer Music Foundation","19","City-wide","1",6000,NA,NA,NA,NA,NA,NA,NA,NA,NA,NA,NA,NA,NA,NA,NA,NA,NA,6000,NA,"2012"
767,"Toronto Tabla Ensemble","19","City-wide","1",12000,NA,NA,NA,NA,NA,NA,NA,NA,NA,NA,NA,NA,NA,NA,NA,NA,NA,12000,NA,"2012"
776,"Trip the Light Fantastic","19","City-wide","1",5000,NA,NA,NA,NA,NA,NA,NA,NA,NA,NA,NA,NA,NA,NA,NA,NA,NA,5000,NA,"2012"
793,"Venn Diagram","19","City-wide","1",5000,NA,NA,NA,NA,NA,NA,NA,NA,NA,NA,NA,NA,NA,NA,NA,NA,NA,5000,NA,"2012"
794,"Vermont Square Parent-Child Mother Goose Program","19","City-wide","1",23770,NA,NA,NA,NA,NA,23770,NA,NA,NA,NA,NA,NA,NA,NA,NA,NA,NA,NA,NA,"2012"
805,"Volcano Non-Profit Productions Inc.","19","City-wide","1",32000,NA,NA,NA,NA,NA,NA,NA,NA,NA,NA,NA,NA,NA,NA,NA,NA,NA,32000,NA,"2012"
808,"Wavelength Music Arts Projects","19","City-wide","1",7000,NA,NA,NA,NA,NA,NA,NA,NA,NA,NA,NA,NA,NA,NA,NA,NA,NA,7000,NA,"2012"
814,"Whynot Theatre","19","City-wide","1",4000,NA,NA,NA,NA,NA,NA,NA,NA,NA,NA,NA,NA,NA,NA,NA,NA,NA,4000,NA,"2012"
832,"Youth Action Network","19","City-wide","1",38500,39500,NA,NA,NA,NA,NA,NA,NA,NA,NA,NA,NA,NA,NA,NA,NA,NA,NA,NA,"2012"
5,"A Space Gallery","20","City-wide","1",62000,NA,NA,NA,NA,NA,NA,NA,NA,NA,NA,NA,NA,NA,NA,NA,NA,NA,62000,NA,"2012"
6,"Access Alliance Multicultural Health And Community Services","20","City-wide","3",111655,46800,NA,NA,NA,NA,52855,NA,NA,NA,NA,NA,NA,NA,NA,NA,NA,NA,12000,NA,"2012"
9,"Across Oceans","20","City Wide","1",3500,NA,NA,NA,NA,NA,NA,NA,NA,NA,NA,NA,NA,NA,NA,NA,NA,NA,3500,NA,"2012"
10,"Acting Up Stage Theatre Company","20","City-wide","1",10000,NA,NA,NA,NA,NA,NA,NA,NA,NA,NA,NA,NA,NA,NA,NA,NA,NA,10000,NA,"2012"
11,"African Canadian Social Development Council","20","City-wide","1",31840,NA,NA,NA,NA,NA,31840,NA,NA,NA,NA,NA,NA,NA,NA,NA,NA,NA,NA,NA,"2012"
26,"Aldeburgh Connection","20","City-wide","1",8500,NA,NA,NA,NA,NA,NA,NA,NA,NA,NA,NA,NA,NA,NA,NA,NA,NA,8500,NA,"2012"
27,"Alliance Francaise de Toronto","20","City-wide","1",2000,NA,NA,NA,NA,NA,NA,NA,NA,NA,NA,NA,NA,NA,NA,NA,NA,NA,2000,NA,"2012"
28,"Art Gallery of Ontario","20","City-wide","2",556850,NA,NA,NA,NA,NA,NA,NA,16850,NA,NA,NA,NA,540000,NA,NA,NA,NA,NA,NA,"2012"
60,"Arts For Children And Youth","20","Area services","3",56875,NA,NA,NA,NA,NA,NA,24875,20000,NA,NA,NA,NA,NA,NA,NA,NA,NA,12000,NA,"2012"
61,"Ashkenaz Foundation","20","City-wide","1",30000,NA,NA,NA,NA,NA,NA,NA,NA,NA,NA,NA,NA,NA,NA,NA,NA,NA,30000,NA,"2012"
62,"Assaulted Women's Helpline","20","City-wide","1",53065,NA,NA,NA,NA,NA,53065,NA,NA,NA,NA,NA,NA,NA,NA,NA,NA,NA,NA,NA,"2012"
63,"b current","20","City-wide","1",20000,NA,NA,NA,NA,NA,NA,NA,NA,NA,NA,NA,NA,NA,NA,NA,NA,NA,20000,NA,"2012"
74,"Ballet Jorgen","20","City-wide","1",77000,NA,NA,NA,NA,NA,NA,NA,NA,NA,NA,NA,NA,NA,NA,NA,NA,NA,77000,NA,"2012"
78,"Bereaved Families of Ontario-Toronto","20","City-wide","1",60845,NA,NA,NA,NA,NA,60845,NA,NA,NA,NA,NA,NA,NA,NA,NA,NA,NA,NA,NA,"2012"
92,"Box Collective","20","City-wide","1",3200,NA,NA,NA,NA,NA,NA,NA,NA,NA,NA,NA,NA,NA,NA,NA,NA,NA,3200,NA,"2012"
93,"Canadian Film Centre","20","City-wide","1",9000,NA,NA,NA,NA,NA,NA,NA,NA,NA,NA,NA,NA,NA,NA,NA,NA,NA,9000,NA,"2012"
113,"Canadian Filmmakers Distribution Centre","20","City-wide","1",38000,NA,NA,NA,NA,NA,NA,NA,NA,NA,NA,NA,NA,NA,NA,NA,NA,NA,38000,NA,"2012"
122,"CanAsian Dance Festival","20","City-wide","1",13400,NA,NA,NA,NA,NA,NA,NA,NA,NA,NA,NA,NA,NA,NA,NA,NA,NA,13400,NA,"2012"
123,"CARFAC Ontario","20","City-wide","1",16312,NA,NA,NA,NA,NA,NA,NA,NA,NA,NA,NA,NA,NA,NA,NA,NA,NA,16312,NA,"2012"
124,"Carlos Bulosan Theatre","20","City-wide","1",12000,NA,NA,NA,NA,NA,NA,NA,NA,NA,NA,NA,NA,NA,NA,NA,NA,NA,12000,NA,"2012"
131,"Cecil Community Centre","20","Area  services","2",17075,NA,NA,12500,NA,NA,4575,NA,NA,NA,NA,NA,NA,NA,NA,NA,NA,NA,NA,NA,"2012"
132,"Centre for Aboriginal Media","20","City-wide","1",28000,NA,NA,NA,NA,NA,NA,NA,NA,NA,NA,NA,NA,NA,NA,NA,NA,NA,28000,NA,"2012"
133,"Centre for Equality Rights in Accommodation","20","City-wide","2",110704.87,30000,NA,NA,NA,NA,NA,NA,NA,NA,80704.87,NA,NA,NA,NA,NA,NA,NA,NA,NA,"2012"
141,"Centre for Indigenous Theatre","20","City-wide","1",32000,NA,NA,NA,NA,NA,NA,NA,NA,NA,NA,NA,NA,NA,NA,NA,NA,NA,32000,NA,"2012"
142,"Chimera Project","20","City-wide","1",10000,NA,NA,NA,NA,NA,NA,NA,NA,NA,NA,NA,NA,NA,NA,NA,NA,NA,10000,NA,"2012"
150,"Chinese Canadian National Council Toronto Chapter","20","City-wide","2",68840,37000,NA,NA,NA,NA,31840,NA,NA,NA,NA,NA,NA,NA,NA,NA,NA,NA,NA,NA,"2012"
151,"Chirikli Collective","20","Local","1",15000,NA,NA,NA,NA,NA,NA,NA,NA,NA,NA,NA,NA,NA,NA,NA,NA,NA,15000,NA,"2012"
152,"Community Outreach Programs in Addictions","20","Area services","1",32100,NA,NA,32100,NA,NA,NA,NA,NA,NA,NA,NA,NA,NA,NA,NA,NA,NA,NA,NA,"2012"
153,"Contact Toronto Photography Festival","20","City-wide","1",5000,NA,NA,NA,NA,NA,NA,NA,NA,NA,NA,NA,NA,NA,NA,NA,NA,NA,5000,NA,"2012"
182,"Continuum","20","City-wide","1",16000,NA,NA,NA,NA,NA,NA,NA,NA,NA,NA,NA,NA,NA,NA,NA,NA,NA,16000,NA,"2012"
183,"Cross -Cultural Community Services, The","20","City-wide","1",24055,NA,NA,NA,NA,NA,24055,NA,NA,NA,NA,NA,NA,NA,NA,NA,NA,NA,NA,NA,"2012"
184,"Dance Immersion","20","City-wide","1",22000,NA,NA,NA,NA,NA,NA,NA,NA,NA,NA,NA,NA,NA,NA,NA,NA,NA,22000,NA,"2012"
202,"Dependent Theatre Projects","20","City-wide","1",3000,NA,NA,NA,NA,NA,NA,NA,NA,NA,NA,NA,NA,NA,NA,NA,NA,NA,3000,NA,"2012"
203,"Diaspora Dialogues Charitable Society","20","City-wide","1",15000,NA,NA,NA,NA,NA,NA,NA,NA,NA,NA,NA,NA,NA,NA,NA,NA,NA,15000,NA,"2012"
204,"Diaspora Film Festival Group","20","City-wide","1",3500,NA,NA,NA,NA,NA,NA,NA,NA,NA,NA,NA,NA,NA,NA,NA,NA,NA,3500,NA,"2012"
205,"DNA Theatre","20","City-wide","1",6000,NA,NA,NA,NA,NA,NA,NA,NA,NA,NA,NA,NA,NA,NA,NA,NA,NA,6000,NA,"2012"
206,"Documentary Organization of Canada, Toronto Chapter","20","City-wide","1",3000,NA,NA,NA,NA,NA,NA,NA,NA,NA,NA,NA,NA,NA,NA,NA,NA,NA,3000,NA,"2012"
207,"Esmeralda Enrique Spanish Dance Company","20","City-wide","1",20000,NA,NA,NA,NA,NA,NA,NA,NA,NA,NA,NA,NA,NA,NA,NA,NA,NA,20000,NA,"2012"
208,"Esprit Orchestra","20","City-wide","1",82500,NA,NA,NA,NA,NA,NA,NA,NA,NA,NA,NA,NA,NA,NA,NA,NA,NA,82500,NA,"2012"
209,"Ethno-racial People with Disabilities Coalition of Ontario","20","City-wide","1",46000,46000,NA,NA,NA,NA,NA,NA,NA,NA,NA,NA,NA,NA,NA,NA,NA,NA,NA,NA,"2012"
210,"Evangel Hall","20","Local","1",55238.76,NA,NA,NA,NA,NA,NA,NA,NA,NA,55238.76,NA,NA,NA,NA,NA,NA,NA,NA,NA,"2012"
307,"Eva's Initiatives for Homeless Youth","20","City-wide","2",62234,NA,27490,NA,NA,NA,NA,34744,NA,NA,NA,NA,NA,NA,NA,NA,NA,NA,NA,NA,"2012"
308,"Exultate Chamber Singers","20","City-wide","1",5000,NA,NA,NA,NA,NA,NA,NA,NA,NA,NA,NA,NA,NA,NA,NA,NA,NA,5000,NA,"2012"
315,"Factory Theatre","20","City-wide","1",155775,NA,NA,NA,NA,NA,NA,NA,NA,NA,NA,NA,NA,NA,NA,NA,NA,NA,155775,NA,"2012"
316,"FADO Performance Inc.","20","City-wide","1",23000,NA,NA,NA,NA,NA,NA,NA,NA,NA,NA,NA,NA,NA,NA,NA,NA,NA,23000,NA,"2012"
322,"Festival Management Committee/Toronto Caribbean Carnival-Caribana","20","City-wide","1",494190,NA,NA,NA,NA,NA,NA,NA,NA,NA,NA,NA,NA,494190,NA,NA,NA,NA,NA,NA,"2012"
324,"FindHelp","20","City-wide","2",590170,45000,NA,NA,NA,NA,NA,NA,NA,NA,NA,NA,NA,NA,NA,NA,NA,545170,NA,NA,"2012"
325,"Franco-fete de la communaute urbaine de Toronto","20","City-wide","1",3500,NA,NA,NA,NA,NA,NA,NA,NA,NA,NA,NA,NA,NA,NA,NA,NA,NA,3500,NA,"2012"
326,"Frontline Partners with Youth Network (FPYN)","20","City-wide","1",30000,NA,NA,NA,30000,NA,NA,NA,NA,NA,NA,NA,NA,NA,NA,NA,NA,NA,NA,NA,"2012"
327,"Fuse Magazine","20","City-wide","1",4000,NA,NA,NA,NA,NA,NA,NA,NA,NA,NA,NA,NA,NA,NA,NA,NA,NA,4000,NA,"2012"
328,"Gallery 44","20","City-wide","1",68000,NA,NA,NA,NA,NA,NA,NA,NA,NA,NA,NA,NA,NA,NA,NA,NA,NA,68000,NA,"2012"
329,"Harbourfront Centre","20","City-wide","1",201775,NA,NA,NA,NA,NA,NA,NA,NA,NA,NA,NA,NA,NA,NA,NA,NA,NA,201775,NA,"2012"
330,"Harbourfront Community Centre - City Of Toronto","20","Area services","2",94759,NA,NA,NA,NA,NA,63498,31261,NA,NA,NA,NA,NA,NA,NA,NA,NA,NA,NA,NA,"2012"
368,"Heritage - 4 Draper St","20","Local","1",8000,NA,NA,NA,NA,NA,NA,NA,NA,8000,NA,NA,NA,NA,NA,NA,NA,NA,NA,NA,"2012"
369,"Heritage - 12 Draper St","20","Local","1",5000,NA,NA,NA,NA,NA,NA,NA,NA,5000,NA,NA,NA,NA,NA,NA,NA,NA,NA,NA,"2012"
370,"Heritage - 22 Draper St","20","Local","1",5000,NA,NA,NA,NA,NA,NA,NA,NA,5000,NA,NA,NA,NA,NA,NA,NA,NA,NA,NA,"2012"
371,"Heritage - 24 Draper St","20","Local","1",3610,NA,NA,NA,NA,NA,NA,NA,NA,3610,NA,NA,NA,NA,NA,NA,NA,NA,NA,NA,"2012"
372,"Heritage - 25 Draper St","20","Local","1",8000,NA,NA,NA,NA,NA,NA,NA,NA,8000,NA,NA,NA,NA,NA,NA,NA,NA,NA,NA,"2012"
373,"Heritage - 26 Draper St","20","Local","1",5000,NA,NA,NA,NA,NA,NA,NA,NA,5000,NA,NA,NA,NA,NA,NA,NA,NA,NA,NA,"2012"
374,"Heritage - 28 Draper St","20","Local","1",5000,NA,NA,NA,NA,NA,NA,NA,NA,5000,NA,NA,NA,NA,NA,NA,NA,NA,NA,NA,"2012"
375,"Heritage - 95 Robert St","20","Local","1",5000,NA,NA,NA,NA,NA,NA,NA,NA,5000,NA,NA,NA,NA,NA,NA,NA,NA,NA,NA,"2012"
390,"Hispanic Development Council","20","City-wide","2",85994.9,NA,NA,NA,NA,NA,31840,NA,NA,NA,54154.9,NA,NA,NA,NA,NA,NA,NA,NA,NA,"2012"
392,"Hot Docs Canadian International Documentary Festival","20","City-wide","1",28000,NA,NA,NA,NA,NA,NA,NA,NA,NA,NA,NA,NA,NA,NA,NA,NA,NA,28000,NA,"2012"
393,"Inside Out Lesbian and Gay Film Festival","20","City-wide","1",32000,NA,NA,NA,NA,NA,NA,NA,NA,NA,NA,NA,NA,NA,NA,NA,NA,NA,32000,NA,"2012"
394,"International Readings at Harbourfront","20","City-wide","1",111200,NA,NA,NA,NA,NA,NA,NA,NA,NA,NA,NA,NA,NA,NA,NA,NA,NA,111200,NA,"2012"
395,"Justina M. Barnicke Gallery","20","City-wide","1",7000,NA,NA,NA,NA,NA,NA,NA,NA,NA,NA,NA,NA,NA,NA,NA,NA,NA,7000,NA,"2012"
396,"Kapisanan Philippine Centre","20","Area services","1",10000,NA,NA,NA,NA,NA,NA,NA,NA,NA,NA,NA,NA,NA,NA,NA,NA,NA,10000,NA,"2012"
397,"KCWA Family and Social Services","20","City-wide","1",26535,NA,NA,NA,NA,NA,26535,NA,NA,NA,NA,NA,NA,NA,NA,NA,NA,NA,NA,NA,"2012"
398,"Kensington Market BIA","20","Local","1",8650,NA,NA,NA,NA,NA,NA,NA,8650,NA,NA,NA,NA,NA,NA,NA,NA,NA,NA,NA,"2012"
399,"Kipling Community Centre","20","Local","1",14425,NA,NA,NA,NA,NA,NA,14425,NA,NA,NA,NA,NA,NA,NA,NA,NA,NA,NA,NA,"2012"
400,"League of Canadian Poets","20","City-wide","1",19100,NA,NA,NA,NA,NA,NA,NA,NA,NA,NA,NA,NA,NA,NA,NA,NA,NA,19100,NA,"2012"
401,"Lemon Tree Theatre creations","20","City-wide","1",6000,NA,NA,NA,NA,NA,NA,NA,NA,NA,NA,NA,NA,NA,NA,NA,NA,NA,6000,NA,"2012"
461,"Litmus Theatre Collective","20","City-wide","1",3500,NA,NA,NA,NA,NA,NA,NA,NA,NA,NA,NA,NA,NA,NA,NA,NA,NA,3500,NA,"2012"
462,"Maaiingan Productions","20","City-wide","1",7400,NA,NA,NA,NA,NA,NA,NA,NA,NA,NA,NA,NA,NA,NA,NA,NA,NA,7400,NA,"2012"
463,"Mammalian Diving Reflex","20","Area services","1",22000,NA,NA,NA,NA,NA,NA,NA,NA,NA,NA,NA,NA,NA,NA,NA,NA,NA,22000,NA,"2012"
464,"Manifesto Community Projects","20","Area  services","1",12000,NA,NA,NA,NA,NA,NA,NA,NA,NA,NA,NA,NA,NA,NA,NA,NA,NA,12000,NA,"2012"
465,"Mayworks","20","City-wide","1",23750,NA,NA,NA,NA,NA,NA,NA,NA,NA,NA,NA,NA,NA,NA,NA,NA,NA,23750,NA,"2012"
481,"Metropolitan Action Committee on Violence Against Women & Children (METRAC)","20","City-wide","3",244455,NA,NA,NA,NA,NA,233255,NA,NA,NA,NA,NA,5600,NA,NA,NA,NA,NA,5600,NA,"2012"
482,"Music Africa of Canada Inc.","20","City-wide","1",15000,NA,NA,NA,NA,NA,NA,NA,NA,NA,NA,NA,NA,NA,NA,NA,NA,NA,15000,NA,"2012"
483,"Music Gallery","20","City-wide","1",79000,NA,NA,NA,NA,NA,NA,NA,NA,NA,NA,NA,NA,NA,NA,NA,NA,NA,79000,NA,"2012"
484,"Music Garden","20","City-Wide","1",12500,NA,NA,NA,NA,NA,NA,NA,NA,NA,NA,NA,NA,NA,NA,NA,NA,NA,NA,12500,"2012"
510,"Native Canadian Centre of Toronto","20","City-wide","1",72160,NA,NA,NA,NA,NA,72160,NA,NA,NA,NA,NA,NA,NA,NA,NA,NA,NA,NA,NA,"2012"
511,"Native Women in the Arts","20","City-wide","1",15500,NA,NA,NA,NA,NA,NA,NA,NA,NA,NA,NA,NA,NA,NA,NA,NA,NA,15500,NA,"2012"
517,"Necessary Angel Theatre Company","20","City-wide","1",65000,NA,NA,NA,NA,NA,NA,NA,NA,NA,NA,NA,NA,NA,NA,NA,NA,NA,65000,NA,"2012"
531,"No 9","20","City-wide","1",3000,NA,NA,NA,NA,NA,NA,NA,NA,NA,NA,NA,NA,NA,NA,NA,NA,NA,3000,NA,"2012"
532,"Northern Visions Independent Film & Video Organization","20","City-wide","1",42000,NA,NA,NA,NA,NA,NA,NA,NA,NA,NA,NA,NA,NA,NA,NA,NA,NA,42000,NA,"2012"
533,"One Little Goat Theatre Company","20","City-wide","1",7500,NA,NA,NA,NA,NA,NA,NA,NA,NA,NA,NA,NA,NA,NA,NA,NA,NA,7500,NA,"2012"
534,"Onsite (at) OCAD University","20","City-wide","1",2500,NA,NA,NA,NA,NA,NA,NA,NA,NA,NA,NA,NA,NA,NA,NA,NA,NA,2500,NA,"2012"
544,"Ontario Association of Art Galleries","20","City-wide","1",12000,NA,NA,NA,NA,NA,NA,NA,NA,NA,NA,NA,NA,NA,NA,NA,NA,NA,12000,NA,"2012"
550,"Open Studio","20","City-wide","1",65000,NA,NA,NA,NA,NA,NA,NA,NA,NA,NA,NA,NA,NA,NA,NA,NA,NA,65000,NA,"2012"
553,"Opportunity for Advancement","20","City-wide","2",89455,NA,NA,NA,47000,NA,42455,NA,NA,NA,NA,NA,NA,NA,NA,NA,NA,NA,NA,NA,"2012"
554,"PACT","20","City-wide","1",4630,NA,NA,NA,NA,NA,NA,NA,NA,NA,NA,NA,NA,NA,NA,NA,NA,NA,4630,NA,"2012"
578,"People Project","20","Local","1",7000,NA,NA,NA,NA,NA,NA,NA,NA,NA,NA,NA,NA,NA,NA,NA,NA,NA,7000,NA,"2012"
583,"Playwrights Guild of Canada","20","City-wide","1",22000,NA,NA,NA,NA,NA,NA,NA,NA,NA,NA,NA,NA,NA,NA,NA,NA,NA,22000,NA,"2012"
589,"Power Plant","20","City-wide","1",141240,NA,NA,NA,NA,NA,NA,NA,NA,NA,NA,NA,NA,NA,NA,NA,NA,NA,141240,NA,"2012"
591,"Prefix Institute of Contemporary Art","20","City-wide","1",17000,NA,NA,NA,NA,NA,NA,NA,NA,NA,NA,NA,NA,NA,NA,NA,NA,NA,17000,NA,"2012"
615,"Regent Park Film Festival Inc","20","Local","1",10000,NA,NA,NA,NA,NA,NA,NA,NA,NA,NA,NA,NA,NA,NA,NA,NA,NA,10000,NA,"2012"
624,"Rowers Pub Reading Series Inc.","20","City-wide","1",5000,NA,NA,NA,NA,NA,NA,NA,NA,NA,NA,NA,NA,NA,NA,NA,NA,NA,5000,NA,"2012"
626,"Royal Conservatory of Music","20","City-wide","1",3000,NA,NA,NA,NA,NA,NA,NA,NA,NA,NA,NA,NA,NA,NA,NA,NA,NA,3000,NA,"2012"
632,"Scadding Court Community Centre","20","Area services","2",171778,3500,NA,NA,NA,NA,158278,NA,10000,NA,NA,NA,NA,NA,NA,NA,NA,NA,NA,NA,"2012"
642,"Second Mile Club of Toronto, The","20","City-wide","1",62555,NA,NA,NA,NA,NA,62555,NA,NA,NA,NA,NA,NA,NA,NA,NA,NA,NA,NA,NA,"2012"
644,"Senior Adult Services in the Annex, Toronto","20","Local","1",27455,NA,NA,NA,NA,NA,27455,NA,NA,NA,NA,NA,NA,NA,NA,NA,NA,NA,NA,NA,"2012"
655,"Sir William Campbell House Museum","20","City-wide","1",36687,NA,NA,NA,NA,NA,NA,NA,NA,NA,NA,NA,NA,NA,36687,NA,NA,NA,NA,NA,"2012"
668,"Small Theatre Administrative Facility","20","City-wide","1",20000,NA,NA,NA,NA,NA,NA,NA,NA,NA,NA,NA,NA,NA,NA,NA,NA,NA,20000,NA,"2012"
671,"Smile Company","20","Area services","1",22500,NA,NA,NA,NA,NA,NA,NA,NA,NA,NA,NA,NA,NA,NA,NA,NA,NA,22500,NA,"2012"
676,"Soundstreams Canada","20","City-wide","1",64000,NA,NA,NA,NA,NA,NA,NA,NA,NA,NA,NA,NA,NA,NA,NA,NA,NA,64000,NA,"2012"
677,"South Asian Visual Arts Collective","20","City-wide","1",23000,NA,NA,NA,NA,NA,NA,NA,NA,NA,NA,NA,NA,NA,NA,NA,NA,NA,23000,NA,"2012"
685,"Springtide Resources Inc.","20","City-wide","1",21230,NA,NA,NA,NA,NA,21230,NA,NA,NA,NA,NA,NA,NA,NA,NA,NA,NA,NA,NA,"2012"
686,"St. Alban's Boys' and Girls' Club","20","Area services","2",227709,NA,NA,NA,NA,NA,175967,51742,NA,NA,NA,NA,NA,NA,NA,NA,NA,NA,NA,NA,"2012"
674,"St. Stephen's Community House","20","City-wide","3",258641,NA,NA,NA,20000,NA,217078,NA,12063,NA,NA,NA,NA,NA,NA,NA,NA,NA,9500,NA,"2012"
675,"St. Thomas' Anglican Church","20","Area services","1",5000,NA,NA,NA,NA,NA,NA,NA,NA,5000,NA,NA,NA,NA,NA,NA,NA,NA,NA,NA,"2012"
685,"Studio 180 Theatre Company","20","City Wide","1",10000,NA,NA,NA,NA,NA,NA,NA,NA,NA,NA,NA,NA,NA,NA,NA,NA,NA,10000,NA,"2012"
686,"StudioFeed Toronto","20","City-wide","1",3000,NA,NA,NA,NA,NA,NA,NA,NA,NA,NA,NA,NA,NA,NA,NA,NA,NA,3000,NA,"2012"
687,"Subtle Technologies","20","City-wide","1",14000,NA,NA,NA,NA,NA,NA,NA,NA,NA,NA,NA,NA,NA,NA,NA,NA,NA,14000,NA,"2012"
696,"Tafelmusik","20","City-wide","1",140000,NA,NA,NA,NA,NA,NA,NA,NA,NA,NA,NA,NA,NA,NA,NA,NA,NA,140000,NA,"2012"
697,"Talisker Players Chamber  Music","20","City-wide","1",5000,NA,NA,NA,NA,NA,NA,NA,NA,NA,NA,NA,NA,NA,NA,NA,NA,NA,5000,NA,"2012"
702,"Team Kordic Collective","20","City-wide","1",3500,NA,NA,NA,NA,NA,NA,NA,NA,NA,NA,NA,NA,NA,NA,NA,NA,NA,3500,NA,"2012"
709,"Theatre Columbus","20","City-wide","1",41000,NA,NA,NA,NA,NA,NA,NA,NA,NA,NA,NA,NA,NA,NA,NA,NA,NA,41000,NA,"2012"
713,"Theatre Ontario","20","City-wide","1",11500,NA,NA,NA,NA,NA,NA,NA,NA,NA,NA,NA,NA,NA,NA,NA,NA,NA,11500,NA,"2012"
714,"Theatre Passe Muraille","20","City-wide","1",151275,NA,NA,NA,NA,NA,NA,NA,NA,NA,NA,NA,NA,NA,NA,NA,NA,NA,151275,NA,"2012"
724,"Toronto Alliance for the Performing Arts","20","City-wide","1",73500,NA,NA,NA,NA,NA,NA,NA,NA,NA,NA,NA,NA,NA,NA,NA,NA,NA,73500,NA,"2012"
736,"Toronto Consort","20","City-wide","1",19000,NA,NA,NA,NA,NA,NA,NA,NA,NA,NA,NA,NA,NA,NA,NA,NA,NA,19000,NA,"2012"
737,"Toronto Community & Culture Centre","20","City-wide","1",19025,NA,NA,NA,NA,NA,19025,NA,NA,NA,NA,NA,NA,NA,NA,NA,NA,NA,NA,NA,"2012"
739,"Toronto Dance Theatre","20","City-wide","1",146450,NA,NA,NA,NA,NA,NA,NA,NA,NA,NA,NA,NA,NA,NA,NA,NA,NA,146450,NA,"2012"
741,"Toronto Early Music Centre","20","City-wide","1",5250,NA,NA,NA,NA,NA,NA,NA,NA,NA,NA,NA,NA,NA,NA,NA,NA,NA,5250,NA,"2012"
748,"Toronto International Film Festival TIFF","20","City-wide","1",8e+05,NA,NA,NA,NA,NA,NA,NA,NA,NA,NA,NA,NA,8e+05,NA,NA,NA,NA,NA,NA,"2012"
750,"Toronto Jewish Film Festival","20","City-wide","1",12000,NA,NA,NA,NA,NA,NA,NA,NA,NA,NA,NA,NA,NA,NA,NA,NA,NA,12000,NA,"2012"
753,"Toront Masque Theatre","20","City-wide","1",9000,NA,NA,NA,NA,NA,NA,NA,NA,NA,NA,NA,NA,NA,NA,NA,NA,NA,9000,NA,"2012"
754,"Toronto Mendelssohn Choir","20","City-wide","1",60900,NA,NA,NA,NA,NA,NA,NA,NA,NA,NA,NA,NA,NA,NA,NA,NA,NA,60900,NA,"2012"
757,"Toronto Outdoor Art Exhibit","20","City-wide","1",1500,NA,NA,NA,NA,NA,NA,NA,NA,NA,NA,NA,NA,NA,NA,NA,NA,NA,1500,NA,"2012"
760,"Toronto Rape Crisis Centre / Multicultural Women Against Rape","20","City-wide","1",38345,NA,NA,NA,NA,NA,38345,NA,NA,NA,NA,NA,NA,NA,NA,NA,NA,NA,NA,NA,"2012"
766,"Toronto Symphony Orchestra","20","City-wide","1",1134036,NA,NA,NA,NA,NA,NA,NA,NA,NA,NA,NA,NA,1134036,NA,NA,NA,NA,NA,NA,"2012"
777,"Trinity Square Video","20","City-wide","1",50000,NA,NA,NA,NA,NA,NA,NA,NA,NA,NA,NA,NA,NA,NA,NA,NA,NA,50000,NA,"2012"
785,"University Settlement","20","Local","1",128352,NA,NA,NA,NA,NA,128352,NA,NA,NA,NA,NA,NA,NA,NA,NA,NA,NA,NA,NA,"2012"
786,"University Settlement Music School","20","City-wide","1",23500,NA,NA,NA,NA,NA,NA,NA,NA,NA,NA,NA,NA,NA,NA,NA,NA,NA,23500,NA,"2012"
788,"Urban Alliance on Race Relations","20","City-wide","1",20770,20770,NA,NA,NA,NA,NA,NA,NA,NA,NA,NA,NA,NA,NA,NA,NA,NA,NA,NA,"2012"
791,"V Tape","20","City-wide","1",52000,NA,NA,NA,NA,NA,NA,NA,NA,NA,NA,NA,NA,NA,NA,NA,NA,NA,52000,NA,"2012"
801,"VideoCabaret International","20","City-wide","1",54800,NA,NA,NA,NA,NA,NA,NA,NA,NA,NA,NA,NA,NA,NA,NA,NA,NA,54800,NA,"2012"
804,"VIVA! Youth Singers of Toronto","20","City-wide","1",9000,NA,NA,NA,NA,NA,NA,NA,NA,NA,NA,NA,NA,NA,NA,NA,NA,NA,9000,NA,"2012"
806,"Volunteer Centre of Toronto","20","City-wide","1",177280,NA,NA,NA,NA,NA,177280,NA,NA,NA,NA,NA,NA,NA,NA,NA,NA,NA,NA,NA,"2012"
813,"Whippwesnapper Gallery","20","Local","1",31100,NA,NA,NA,NA,NA,NA,NA,31100,NA,NA,NA,NA,NA,NA,NA,NA,NA,NA,NA,"2012"
815,"WI Aprojects","20","City-wide","1",3000,NA,NA,NA,NA,NA,NA,NA,NA,NA,NA,NA,NA,NA,NA,NA,NA,NA,3000,NA,"2012"
818,"Women's Art Resource Centre","20","City-wide","1",37000,NA,NA,NA,NA,NA,NA,NA,NA,NA,NA,NA,NA,NA,NA,NA,NA,NA,37000,NA,"2012"
822,"Worker's Action Centre","20","City-wide","2",87740,36800,NA,NA,NA,NA,50940,NA,NA,NA,NA,NA,NA,NA,NA,NA,NA,NA,NA,NA,"2012"
833,"Youth Advisory Council (Arts for Children & Youth)","20","Local","1",9314,NA,NA,NA,NA,NA,NA,NA,NA,NA,NA,9314,NA,NA,NA,NA,NA,NA,NA,NA,"2012"
837,"YYZ Artists Outlet","20","City-wide","1",65000,NA,NA,NA,NA,NA,NA,NA,NA,NA,NA,NA,NA,NA,NA,NA,NA,NA,65000,NA,"2012"
838,"Aradia Ensemble","21","City-wide","1",7000,NA,NA,NA,NA,NA,NA,NA,NA,NA,NA,NA,NA,NA,NA,NA,NA,NA,7000,NA,"2012"
839,"Art Bar Poetry Series","21","City-wide","1",7000,NA,NA,NA,NA,NA,NA,NA,NA,NA,NA,NA,NA,NA,NA,NA,NA,NA,7000,NA,"2012"
840,"Artists Film Exhibition Group","21","City-wide","1",23000,NA,NA,NA,NA,NA,NA,NA,NA,NA,NA,NA,NA,NA,NA,NA,NA,NA,23000,NA,"2012"
841,"Association for Native Development in the Performing and Visual Arts (ANDPVA)","21","Local","1",5000,NA,NA,NA,NA,NA,NA,NA,NA,NA,NA,NA,NA,NA,NA,NA,NA,NA,5000,NA,"2012"
842,"Association of Improvising Musicians Toronto","21","City-wide","1",1000,NA,NA,NA,NA,NA,NA,NA,NA,NA,NA,NA,NA,NA,NA,NA,NA,NA,1000,NA,"2012"
295,"Eritrean Canadian Community Centre","21","City-wide","1",26535,NA,NA,NA,NA,NA,26535,NA,NA,NA,NA,NA,NA,NA,NA,NA,NA,NA,NA,NA,"2012"
296,"Las Perlas del Mar Productions Inc","21","City-wide","1",8000,NA,NA,NA,NA,NA,NA,NA,NA,NA,NA,NA,NA,NA,NA,NA,NA,NA,8000,NA,"2012"
498,"Muhtadi International Drumming Festival","21","City-wide","1",6000,NA,NA,NA,NA,NA,NA,NA,NA,NA,NA,NA,NA,NA,NA,NA,NA,NA,6000,NA,"2012"
524,"New Adventures In Sound Art","21","Area services","1",13500,NA,NA,NA,NA,NA,NA,NA,NA,NA,NA,NA,NA,NA,NA,NA,NA,NA,13500,NA,"2012"
525,"Paprika Festival","21","City-wide","1",10000,NA,NA,NA,NA,NA,NA,NA,NA,NA,NA,NA,NA,NA,NA,NA,NA,NA,10000,NA,"2012"
580,"Philippine Women Centre of Ontario","21","Local","1",8000,NA,NA,NA,NA,NA,NA,NA,NA,NA,NA,NA,NA,NA,NA,NA,NA,NA,8000,NA,"2012"
603,"Question Mark-Exclamation Theatre","21","City-wide","1",2000,NA,NA,NA,NA,NA,NA,NA,NA,NA,NA,NA,NA,NA,NA,NA,NA,NA,2000,NA,"2012"
610,"reConnexion Collective","21","City-wide","1",9000,NA,NA,NA,NA,NA,NA,NA,NA,NA,NA,NA,NA,NA,NA,NA,NA,NA,9000,NA,"2012"
672,"St. Matthew's Bracondale House","21","Area services","1",13405,NA,NA,NA,NA,NA,13405,NA,NA,NA,NA,NA,NA,NA,NA,NA,NA,NA,NA,NA,"2012"
684,"Storytellers School of Toronto","21","City Wide","1",25500,NA,NA,NA,NA,NA,NA,NA,NA,NA,NA,NA,NA,NA,NA,NA,NA,NA,25500,NA,"2012"
695,"Syrinx Concerts Toronto","21","City-wide","1",4500,NA,NA,NA,NA,NA,NA,NA,NA,NA,NA,NA,NA,NA,NA,NA,NA,NA,4500,NA,"2012"
699,"Tango Co","21","City-wide","1",8000,NA,NA,NA,NA,NA,NA,NA,NA,NA,NA,NA,NA,NA,NA,NA,NA,NA,8000,NA,"2012"
701,"Tarragon Theatre","21","City-wide","1",190000,NA,NA,NA,NA,NA,NA,NA,NA,NA,NA,NA,NA,NA,NA,NA,NA,NA,190000,NA,"2012"
703,"Tellery","21","City-wide","1",6500,NA,NA,NA,NA,NA,NA,NA,NA,NA,NA,NA,NA,NA,NA,NA,NA,NA,6500,NA,"2012"
710,"Theatre Direct Canada","21","City-wide","1",63000,NA,NA,NA,NA,NA,NA,NA,NA,NA,NA,NA,NA,NA,NA,NA,NA,NA,63000,NA,"2012"
711,"Agokwe Collective","22","City-wide","1",7000,NA,NA,NA,NA,NA,NA,NA,NA,NA,NA,NA,NA,NA,NA,NA,NA,NA,7000,NA,"2012"
115,"Canadian Hearing Society, The","22","City-wide","1",15715,NA,NA,NA,NA,NA,15715,NA,NA,NA,NA,NA,NA,NA,NA,NA,NA,NA,NA,NA,"2012"
116,"Central Eglinton Community Centre","22","Area Services","1",32305,NA,NA,NA,NA,NA,32305,NA,NA,NA,NA,NA,NA,NA,NA,NA,NA,NA,NA,NA,"2012"
117,"Choirs Ontario","22","City-wide","1",2000,NA,NA,NA,NA,NA,NA,NA,NA,NA,NA,NA,NA,NA,NA,NA,NA,NA,2000,NA,"2012"
118,"Epilepsy Toronto","22","City-wide","1",37070,NA,NA,NA,NA,NA,37070,NA,NA,NA,NA,NA,NA,NA,NA,NA,NA,NA,NA,NA,"2012"
416,"John Weinzweig Centenary Project","22","City-wide","1",3000,NA,NA,NA,NA,NA,NA,NA,NA,NA,NA,NA,NA,NA,NA,NA,NA,NA,3000,NA,"2012"
417,"Jubilate Singers","22","City-wide","1",5000,NA,NA,NA,NA,NA,NA,NA,NA,NA,NA,NA,NA,NA,NA,NA,NA,NA,5000,NA,"2012"
440,"Larkin Singers","22","City-wide","1",2000,NA,NA,NA,NA,NA,NA,NA,NA,NA,NA,NA,NA,NA,NA,NA,NA,NA,2000,NA,"2012"
441,"Maracatu Mar Aberto","22","City-wide","1",8000,NA,NA,NA,NA,NA,NA,NA,NA,NA,NA,NA,NA,NA,NA,NA,NA,NA,8000,NA,"2012"
484,"Midaynta Community Services","22","City-wide","1",57448.32,NA,NA,NA,NA,NA,NA,NA,NA,NA,57448.32,NA,NA,NA,NA,NA,NA,NA,NA,NA,"2012"
485,"North York Concert Orchestra","22","City-wide","1",2735,NA,NA,NA,NA,NA,NA,NA,NA,NA,NA,NA,NA,NA,NA,NA,NA,NA,2735,NA,"2012"
486,"Oriana Women's Choir","22","City-wide","1",7000,NA,NA,NA,NA,NA,NA,NA,NA,NA,NA,NA,NA,NA,NA,NA,NA,NA,7000,NA,"2012"
487,"Outside the March","22","City Wide","1",7000,NA,NA,NA,NA,NA,NA,NA,NA,NA,NA,NA,NA,NA,NA,NA,NA,NA,7000,NA,"2012"
574,"Pax Christi Chorale","22","City-wide","1",9250,NA,NA,NA,NA,NA,NA,NA,NA,NA,NA,NA,NA,NA,NA,NA,NA,NA,9250,NA,"2012"
645,"Senior Peoples' Resources in North Toronto (SPRINT)","22","Area services","2",137585,50000,NA,NA,NA,NA,87585,NA,NA,NA,NA,NA,NA,NA,NA,NA,NA,NA,NA,NA,"2012"
653,"Silent Voice Canada","22","City-wide","2",55997,NA,NA,NA,NA,NA,28325,27672,NA,NA,NA,NA,NA,NA,NA,NA,NA,NA,NA,NA,"2012"
705,"Teresa Group, The","22","City-wide","1",26535,NA,NA,NA,NA,NA,26535,NA,NA,NA,NA,NA,NA,NA,NA,NA,NA,NA,NA,NA,"2012"
721,"Tities Wicimintowak","22","City-wide","1",8000,NA,NA,NA,NA,NA,NA,NA,NA,NA,NA,NA,NA,NA,NA,NA,NA,NA,8000,NA,"2012"
733,"Toronto Children's Chorus","22","City-wide","1",28000,NA,NA,NA,NA,NA,NA,NA,NA,NA,NA,NA,NA,NA,NA,NA,NA,NA,28000,NA,"2012"
829,"Yorkminster Park Meals on Wheels","22","Area services","1",8215,NA,NA,NA,NA,NA,8215,NA,NA,NA,NA,NA,NA,NA,NA,NA,NA,NA,NA,NA,"2012"
830,"Angel Foundation for Learning","23","City-wide","1",730259,NA,NA,NA,NA,NA,NA,NA,NA,NA,NA,NA,NA,NA,NA,NA,730259,NA,NA,NA,"2012"
67,"Association of Artists for A Better World","23","City-wide","1",2500,NA,NA,NA,NA,NA,NA,NA,NA,NA,NA,NA,NA,NA,NA,NA,NA,NA,2500,NA,"2012"
68,"Greater Toronto Philharmonic Orchestra","23","City-wide","1",1400,NA,NA,NA,NA,NA,NA,NA,NA,NA,NA,NA,NA,NA,NA,NA,NA,NA,1400,NA,"2012"
69,"Kala Nidhi Fine Arts of Canada","23","City-wide","1",9500,NA,NA,NA,NA,NA,NA,NA,NA,NA,NA,NA,NA,NA,NA,NA,NA,NA,9500,NA,"2012"
70,"Learning Disabilities Association Toronto","23","City-wide","1",54455,NA,NA,NA,NA,NA,54455,NA,NA,NA,NA,NA,NA,NA,NA,NA,NA,NA,NA,NA,"2012"
71,"Menaka Thakkar Dance Company","23","City-wide","1",23000,NA,NA,NA,NA,NA,NA,NA,NA,NA,NA,NA,NA,NA,NA,NA,NA,NA,23000,NA,"2012"
72,"North York Seniors Centre","23","Area services","1",82590,NA,NA,NA,NA,NA,82590,NA,NA,NA,NA,NA,NA,NA,NA,NA,NA,NA,NA,NA,"2012"
73,"Orchestra Toronto","23","City-wide","1",18000,NA,NA,NA,NA,NA,NA,NA,NA,NA,NA,NA,NA,NA,NA,NA,NA,NA,18000,NA,"2012"
834,"Youth Assisting Youth","23","City-wide","2",67635,NA,NA,NA,NA,NA,49930,17705,NA,NA,NA,NA,NA,NA,NA,NA,NA,NA,NA,NA,"2012"
835,"Chinese Opera Group of Toronto","24","City-wide","1",6250,NA,NA,NA,NA,NA,NA,NA,NA,NA,NA,NA,NA,NA,NA,NA,NA,NA,6250,NA,"2012"
836,"Eye of the Sparrow Tenant Association","24","Local","1",34300,NA,NA,NA,34300,NA,NA,NA,NA,NA,NA,NA,NA,NA,NA,NA,NA,NA,NA,NA,"2012"
353,"Griffin Centre Mental Health Services","24","City-wide","2",37107,NA,6458,NA,NA,NA,NA,30649,NA,NA,NA,NA,NA,NA,NA,NA,NA,NA,NA,NA,"2012"
354,"Jewish Music Week in Toronto","24","City-wide","1",1000,NA,NA,NA,NA,NA,NA,NA,NA,NA,NA,NA,NA,NA,NA,NA,NA,NA,1000,NA,"2012"
355,"New Canadian Community Centre","24","City-wide","1",40050,NA,NA,NA,NA,NA,40050,NA,NA,NA,NA,NA,NA,NA,NA,NA,NA,NA,NA,NA,"2012"
654,"Sinfonia Toronto","24","City-wide","1",7940,NA,NA,NA,NA,NA,NA,NA,NA,NA,NA,NA,NA,NA,NA,NA,NA,NA,7940,NA,"2012"
655,"Aphasia Institute","25","City-wide","1",20170,NA,NA,NA,NA,NA,20170,NA,NA,NA,NA,NA,NA,NA,NA,NA,NA,NA,NA,NA,"2012"
656,"Better Living Health and Community Services","25","Area Services","1",188360,NA,NA,NA,NA,NA,188360,NA,NA,NA,NA,NA,NA,NA,NA,NA,NA,NA,NA,NA,"2012"
657,"Crime Prevention Association of Toronto","25","City-wide","1",114095,NA,NA,NA,NA,NA,114095,NA,NA,NA,NA,NA,NA,NA,NA,NA,NA,NA,NA,NA,"2012"
658,"For You Telecare Family Services Inc. (FUTFS)","25","City-wide","1",13875,NA,NA,NA,NA,NA,13875,NA,NA,NA,NA,NA,NA,NA,NA,NA,NA,NA,NA,NA,"2012"
435,"Korean Canadian Symphony Orchestra","25","City-wide","1",6000,NA,NA,NA,NA,NA,NA,NA,NA,NA,NA,NA,NA,NA,NA,NA,NA,NA,6000,NA,"2012"
436,"Ontario Community Centre for the Deaf, The","25","City-wide","1",12240,NA,NA,NA,NA,NA,12240,NA,NA,NA,NA,NA,NA,NA,NA,NA,NA,NA,NA,NA,"2012"
628,"SAINTS (Student Assistance in North Toronto for Seniors)","25","Local","1",10300,NA,NA,NA,NA,NA,10300,NA,NA,NA,NA,NA,NA,NA,NA,NA,NA,NA,NA,NA,"2012"
629,"Afghan Women's Counselling and Integration Community Support Organization","26","City-wide","1",62630,NA,NA,NA,NA,NA,62630,NA,NA,NA,NA,NA,NA,NA,NA,NA,NA,NA,NA,NA,"2012"
630,"East York Meal on Wheels","26","Local","1",25015,NA,NA,NA,NA,NA,25015,NA,NA,NA,NA,NA,NA,NA,NA,NA,NA,NA,NA,NA,"2012"
631,"Flemingdon Neighbourhood Services","26","Area services","2",254106.74,NA,NA,NA,NA,NA,57120,NA,NA,NA,196986.74,NA,NA,NA,NA,NA,NA,NA,NA,NA,"2012"
632,"Japanese Social Services","26","City-wide","1",26535,NA,NA,NA,NA,NA,26535,NA,NA,NA,NA,NA,NA,NA,NA,NA,NA,NA,NA,NA,"2012"
719,"Thorncliffe Neighbourhood Office of Toronto for Social 
& Multi-Cultural Development","26","Area services","3",67200,NA,NA,NA,11200,10000,46000,NA,NA,NA,NA,NA,NA,NA,NA,NA,NA,NA,NA,NA,"2012"
744,"Toronto Finnish-Canadain Seniores Centre","26","City-wide","1",15705,NA,NA,NA,NA,NA,15705,NA,NA,NA,NA,NA,NA,NA,NA,NA,NA,NA,NA,NA,"2012"
745,"519 Church Street Community Centre","27","City-wide","4",155766,20000,37900,35000,NA,NA,62866,NA,NA,NA,NA,NA,NA,NA,NA,NA,NA,NA,NA,NA,"2012"
746,"Action Positive VIH/SIDS","27","Local","1",13973,NA,13973,NA,NA,NA,NA,NA,NA,NA,NA,NA,NA,NA,NA,NA,NA,NA,NA,NA,"2012"
747,"Actor's Repetory Company","27","City-wide","1",7500,NA,NA,NA,NA,NA,NA,NA,NA,NA,NA,NA,NA,NA,NA,NA,NA,NA,7500,NA,"2012"
748,"Africans in Partnership Against AIDS","27","City-wide","2",150926,NA,57926,NA,NA,NA,93000,NA,NA,NA,NA,NA,NA,NA,NA,NA,NA,NA,NA,NA,"2012"
749,"AIDS Committee Of Toronto","27","City-wide","3",183375,NA,71778,NA,NA,NA,62200,49397,NA,NA,NA,NA,NA,NA,NA,NA,NA,NA,NA,NA,"2012"
750,"Alliance For South Asian AIDS Prevention","27","City-wide","1",83705,NA,83705,NA,NA,NA,NA,NA,NA,NA,NA,NA,NA,NA,NA,NA,NA,NA,NA,NA,"2012"
751,"Asian Community AIDS Services","27","City-wide","1",114961,NA,114961,NA,NA,NA,NA,NA,NA,NA,NA,NA,NA,NA,NA,NA,NA,NA,NA,NA,"2012"
86,"blackandblue dance projects","27","City-wide","1",7500,NA,NA,NA,NA,NA,NA,NA,NA,NA,NA,NA,NA,NA,NA,NA,NA,NA,7500,NA,"2012"
87,"Boost Child Abuse Prevention and Intervention","27","City-wide","1",236680,NA,NA,NA,NA,NA,236680,NA,NA,NA,NA,NA,NA,NA,NA,NA,NA,NA,NA,NA,"2012"
95,"Buddies In Bad Times Theatre","27","City-wide","1",119200,NA,NA,NA,NA,NA,NA,NA,NA,NA,NA,NA,NA,NA,NA,NA,NA,NA,119200,NA,"2012"
96,"Cabaret Theatre Company","27","City-wide","1",12000,NA,NA,NA,NA,NA,NA,NA,NA,NA,NA,NA,NA,NA,NA,NA,NA,NA,12000,NA,"2012"
97,"Canada's National Ballet School","27","City-wide","1",137332,NA,NA,NA,NA,NA,NA,NA,NA,NA,NA,NA,NA,137332,NA,NA,NA,NA,NA,NA,"2012"
108,"Canadian Centre for Victims of Torture","27","City-wide","1",23880,NA,NA,NA,NA,NA,23880,NA,NA,NA,NA,NA,NA,NA,NA,NA,NA,NA,NA,NA,"2012"
109,"Canadian Gay and Lesbian Archives","27","City-wide","1",3000,NA,NA,NA,NA,NA,NA,NA,NA,NA,NA,NA,NA,NA,NA,NA,NA,NA,3000,NA,"2012"
110,"Canadian Music Centre","27","City-wide","1",60000,NA,NA,NA,NA,NA,NA,NA,NA,NA,NA,NA,NA,NA,NA,NA,NA,NA,60000,NA,"2012"
111,"Central Toronto Youth Services","27","City-wide","1",14000,NA,NA,NA,NA,NA,NA,NA,NA,NA,NA,NA,NA,NA,NA,NA,NA,NA,14000,NA,"2012"
112,"Centre for Independent Living in Toronto (C.I.L.T.)","27","City-wide","2",53435,32200,NA,NA,NA,NA,21235,NA,NA,NA,NA,NA,NA,NA,NA,NA,NA,NA,NA,NA,"2012"
158,"Cinefranco","27","City-wide","1",2000,NA,NA,NA,NA,NA,NA,NA,NA,NA,NA,NA,NA,NA,NA,NA,NA,NA,2000,NA,"2012"
177,"Community Social Planning Council of Toronto","27","City-wide","1",353835,NA,NA,NA,NA,NA,353835,NA,NA,NA,NA,NA,NA,NA,NA,NA,NA,NA,NA,NA,"2012"
178,"Contact Contemporary Music","27","City-wide","1",7250,NA,NA,NA,NA,NA,NA,NA,NA,NA,NA,NA,NA,NA,NA,NA,NA,NA,7250,NA,"2012"
179,"Distress Centres","27","City-wide","1",102810,NA,NA,NA,NA,NA,102810,NA,NA,NA,NA,NA,NA,NA,NA,NA,NA,NA,NA,NA,"2012"
180,"Echo Women's Choir","27","City-wide","1",5000,NA,NA,NA,NA,NA,NA,NA,NA,NA,NA,NA,NA,NA,NA,NA,NA,NA,5000,NA,"2012"
181,"Elmer Iseler Singers","27","City-wide","1",29570,NA,NA,NA,NA,NA,NA,NA,NA,NA,NA,NA,NA,NA,NA,NA,NA,NA,29570,NA,"2012"
182,"Evergreen Club Contemporary Gamelan","27","City-wide","3",68500,49900,NA,NA,NA,NA,NA,NA,11000,NA,NA,NA,NA,NA,NA,NA,NA,NA,7600,NA,"2012"
314,"F-Word: The Forgiveness Project","27","Local","1",9200,NA,NA,NA,NA,NA,NA,NA,NA,NA,NA,9200,NA,NA,NA,NA,NA,NA,NA,NA,"2012"
317,"Family Services Toronto","27","City-wide","1",93970,NA,NA,NA,NA,NA,93970,NA,NA,NA,NA,NA,NA,NA,NA,NA,NA,NA,NA,NA,"2012"
318,"Fife House","27","Area services","2",107934.76,NA,52696,NA,NA,NA,NA,NA,NA,NA,55238.76,NA,NA,NA,NA,NA,NA,NA,NA,NA,"2012"
319,"Gadfly","27","City-wide","1",7500,NA,NA,NA,NA,NA,NA,NA,NA,NA,NA,NA,NA,NA,NA,NA,NA,NA,7500,NA,"2012"
320,"Gay Heritage Project","27","City-wide","1",8000,NA,NA,NA,NA,NA,NA,NA,NA,NA,NA,NA,NA,NA,NA,NA,NA,NA,8000,NA,"2012"
321,"George R. Gardiner Museum of Ceramic Art/Gardiner Museum","27","City-wide","1",135980,NA,NA,NA,NA,NA,NA,NA,NA,NA,NA,NA,NA,135980,NA,NA,NA,NA,NA,NA,"2012"
322,"Hassle Free Clinic","27","City-wide","1",38455,NA,38455,NA,NA,NA,NA,NA,NA,NA,NA,NA,NA,NA,NA,NA,NA,NA,NA,NA,"2012"
323,"Heritage - 19 Castle Frank Cr","27","Local","1",9460,NA,NA,NA,NA,NA,NA,NA,NA,9460,NA,NA,NA,NA,NA,NA,NA,NA,NA,NA,"2012"
324,"Heritage - 35 Hazelton Ave","27","City-wide","1",40580,NA,NA,NA,NA,NA,NA,NA,NA,40580,NA,NA,NA,NA,NA,NA,NA,NA,NA,NA,"2012"
325,"Heritage - 10 McKenzie Ave","27","Local","1",4250,NA,NA,NA,NA,NA,NA,NA,NA,4250,NA,NA,NA,NA,NA,NA,NA,NA,NA,NA,"2012"
326,"Heritage - 418 Wellesley St. E","27","Local","1",10000,NA,NA,NA,NA,NA,NA,NA,NA,10000,NA,NA,NA,NA,NA,NA,NA,NA,NA,NA,"2012"
327,"Heritage - 11 Winchester St","27","Local","1",5000,NA,NA,NA,NA,NA,NA,NA,NA,5000,NA,NA,NA,NA,NA,NA,NA,NA,NA,NA,"2012"
387,"Heritage - 21 Winchester St","27","Local","1",4500,NA,NA,NA,NA,NA,NA,NA,NA,4500,NA,NA,NA,NA,NA,NA,NA,NA,NA,NA,"2012"
388,"Heritage - 244 Victoria St. ED Mirvish Enterprises","27","City-wide","1",20000,NA,NA,NA,NA,NA,NA,NA,NA,20000,NA,NA,NA,NA,NA,NA,NA,NA,NA,NA,"2012"
389,"John Howard Society of Toronto","27","City-wide","2",104123,NA,NA,NA,NA,NA,12205,NA,NA,NA,91918,NA,NA,NA,NA,NA,NA,NA,NA,NA,"2012"
390,"Kaha:wi Dance Theatre","27","City-wide","1",20000,NA,NA,NA,NA,NA,NA,NA,NA,NA,NA,NA,NA,NA,NA,NA,NA,NA,20000,NA,"2012"
391,"Latinos Positivos","27","City-wide","1",29585,NA,29585,NA,NA,NA,NA,NA,NA,NA,NA,NA,NA,NA,NA,NA,NA,NA,NA,NA,"2012"
392,"Le Théâtre français de Toronto","27","City-wide","1",101000,NA,NA,NA,NA,NA,NA,NA,NA,NA,NA,NA,NA,NA,NA,NA,NA,NA,101000,NA,"2012"
457,"Lesbian Gay Bi Trans Youth Line","27","City-wide","1",31765,NA,NA,NA,NA,NA,31765,NA,NA,NA,NA,NA,NA,NA,NA,NA,NA,NA,NA,NA,"2012"
458,"Metropolitan United Church","27","Local","1",55114.89,NA,NA,NA,NA,NA,NA,NA,NA,NA,55114.89,NA,NA,NA,NA,NA,NA,NA,NA,NA,"2012"
459,"Mooredale Concerts","27","City-wide","1",5000,NA,NA,NA,NA,NA,NA,NA,NA,NA,NA,NA,NA,NA,NA,NA,NA,NA,5000,NA,"2012"
460,"Moore Park Lawn Bowling Club","27","Area services","1",3000,NA,NA,3000,NA,NA,NA,NA,NA,NA,NA,NA,NA,NA,NA,NA,NA,NA,NA,NA,"2012"
461,"Music Mondays Community Series","27","City-wide","1",3500,NA,NA,NA,NA,NA,NA,NA,NA,NA,NA,NA,NA,NA,NA,NA,NA,NA,3500,NA,"2012"
462,"Native Child and Family Services of Toronto","27","Area services","4",241850.74,NA,48843,NA,NA,NA,118073,19696,NA,NA,55238.74,NA,NA,NA,NA,NA,NA,NA,NA,NA,"2012"
463,"Native Women's Resource Centre of Toronto","27","Area services","2",93927.92,NA,NA,NA,NA,NA,37495,NA,NA,NA,56432.92,NA,NA,NA,NA,NA,NA,NA,NA,NA,"2012"
464,"Ontario Justice Education Networt/Reseau Ontarien D'Education Juridicue","27","City-wide","1",16000,16000,NA,NA,NA,NA,NA,NA,NA,NA,NA,NA,NA,NA,NA,NA,NA,NA,NA,NA,"2012"
465,"Oolagan Community Services","27","City-wide","1",56176,NA,NA,NA,NA,NA,NA,NA,NA,NA,56176,NA,NA,NA,NA,NA,NA,NA,NA,NA,"2012"
554,"Optic Heart Theatre","27","City-wide","1",6500,NA,NA,NA,NA,NA,NA,NA,NA,NA,NA,NA,NA,NA,NA,NA,NA,NA,6500,NA,"2012"
555,"Orpheus Choir of Toronto","27","City-wide","1",11000,NA,NA,NA,NA,NA,NA,NA,NA,NA,NA,NA,NA,NA,NA,NA,NA,NA,11000,NA,"2012"
556,"PAL-Reading Services Inc.","27","City-wide","1",14120,NA,NA,NA,NA,NA,14120,NA,NA,NA,NA,NA,NA,NA,NA,NA,NA,NA,NA,NA,"2012"
573,"Passerelle Intégration et Développement Économiques","27","City-wide","3",109163,41900,19298,NA,NA,NA,47965,NA,NA,NA,NA,NA,NA,NA,NA,NA,NA,NA,NA,NA,"2012"
592,"Pride Toronto","27","City-wide","1",123807,NA,NA,NA,NA,NA,NA,NA,NA,NA,NA,NA,NA,123807,NA,NA,NA,NA,NA,NA,"2012"
594,"Prisoners With HIV/AIDS Support Action Network (PASAN)","27","City-wide","2",191361,NA,139973,NA,NA,NA,NA,51388,NA,NA,NA,NA,NA,NA,NA,NA,NA,NA,NA,NA,"2012"
613,"Red Sky Performance","27","City-wide","1",10000,NA,NA,NA,NA,NA,NA,NA,NA,NA,NA,NA,NA,NA,NA,NA,NA,NA,10000,NA,"2012"
629,"Salon du Livre de Toronto","27","City-wide","1",4500,NA,NA,NA,NA,NA,NA,NA,NA,NA,NA,NA,NA,NA,NA,NA,NA,NA,4500,NA,"2012"
672,"Society of Sharing: Inner-City Volunteers","27","Area services","1",14655,NA,NA,NA,NA,NA,14655,NA,NA,NA,NA,NA,NA,NA,NA,NA,NA,NA,NA,NA,"2012"
693,"Sunshine Centre for Seniors","27","Local","2",70735,NA,NA,40000,NA,NA,30735,NA,NA,NA,NA,NA,NA,NA,NA,NA,NA,NA,NA,NA,"2012"
706,"Textile Museum of Canada","27","City-wide","1",35000,NA,NA,NA,NA,NA,NA,NA,NA,NA,NA,NA,NA,NA,NA,NA,NA,NA,35000,NA,"2012"
712,"Theatre Hetaerae","27","City-wide","1",2000,NA,NA,NA,NA,NA,NA,NA,NA,NA,NA,NA,NA,NA,NA,NA,NA,NA,2000,NA,"2012"
723,"Topological Theatre","27","City-wide","1",9880,NA,NA,NA,NA,NA,NA,NA,NA,NA,NA,NA,NA,NA,NA,NA,NA,NA,9880,NA,"2012"
726,"Toronto and Central Ontario Hemophilia Society","27","City-wide","1",31845,NA,NA,NA,NA,NA,31845,NA,NA,NA,NA,NA,NA,NA,NA,NA,NA,NA,NA,NA,"2012"
729,"Toronto Blues Society","27","City-wide","1",27000,NA,NA,NA,NA,NA,NA,NA,NA,NA,NA,NA,NA,NA,NA,NA,NA,NA,27000,NA,"2012"
746,"Toronto Harm Reduction Task Force","27","City-wide","1",19915,NA,NA,NA,NA,NA,NA,19915,NA,NA,NA,NA,NA,NA,NA,NA,NA,NA,NA,NA,"2012"
755,"Toronto Opera Repertoire","27","City-wide","1",6000,NA,NA,NA,NA,NA,NA,NA,NA,NA,NA,NA,NA,NA,NA,NA,NA,NA,6000,NA,"2012"
775,"Tribal Crackling Wind for the Arts","27","City-wide","1",15000,NA,NA,NA,NA,NA,NA,NA,NA,NA,NA,NA,NA,NA,NA,NA,NA,NA,15000,NA,"2012"
798,"Victim Services Program of Toronto","27","City-wide","1",171945,NA,NA,NA,NA,NA,171945,NA,NA,NA,NA,NA,NA,NA,NA,NA,NA,NA,NA,NA,"2012"
819,"Women’s Health in Women’s Hands Community Health Centre","27","City-wide","1",82327,NA,82327,NA,NA,NA,NA,NA,NA,NA,NA,NA,NA,NA,NA,NA,NA,NA,NA,NA,"2012"
820,"Anandam Dancetheatre Productions","28","City-wide","1",9000,NA,NA,NA,NA,NA,NA,NA,NA,NA,NA,NA,NA,NA,NA,NA,NA,NA,9000,NA,"2012"
40,"ARCH Disability Law Centre","28","City-wide","1",28560,NA,NA,NA,NA,NA,28560,NA,NA,NA,NA,NA,NA,NA,NA,NA,NA,NA,NA,NA,"2012"
54,"ArtHeart Community Art Centre (ArtHeart)","28","Local","1",5000,NA,NA,5000,NA,NA,NA,NA,NA,NA,NA,NA,NA,NA,NA,NA,NA,NA,NA,NA,"2012"
55,"Arts Inter-Media","28","City-wide","1",26000,NA,NA,NA,NA,NA,NA,NA,NA,NA,NA,NA,NA,NA,NA,NA,NA,NA,26000,NA,"2012"
56,"Birdland Theatre Inc","28","City-wide","1",8000,NA,NA,NA,NA,NA,NA,NA,NA,NA,NA,NA,NA,NA,NA,NA,NA,NA,8000,NA,"2012"
57,"Black Coalition For AIDS Prevention","28","City-wide","2",137046,NA,111848,NA,NA,NA,NA,25198,NA,NA,NA,NA,NA,NA,NA,NA,NA,NA,NA,NA,"2012"
96,"Bulgarian Arts Collective","28","City-wide","1",4000,NA,NA,NA,NA,NA,NA,NA,NA,NA,NA,NA,NA,NA,NA,NA,NA,NA,4000,NA,"2012"
97,"Cabbagetown Community Arts Centre","28","Local","1",14500,NA,NA,NA,NA,NA,NA,NA,NA,NA,NA,NA,NA,NA,NA,NA,NA,NA,14500,NA,"2012"
99,"Cabbagetown Youth Centre","28","Local","2",90000,NA,NA,80000,NA,NA,10000,NA,NA,NA,NA,NA,NA,NA,NA,NA,NA,NA,NA,NA,"2012"
100,"Cahoots Theatre Projects","28","City-wide","1",30000,NA,NA,NA,NA,NA,NA,NA,NA,NA,NA,NA,NA,NA,NA,NA,NA,NA,30000,NA,"2012"
101,"Canadian Alliance of Dance Artists","28","City-wide","1",11250,NA,NA,NA,NA,NA,NA,NA,NA,NA,NA,NA,NA,NA,NA,NA,NA,NA,11250,NA,"2012"
102,"Canadian Children's Dance Theatre","28","City-wide","1",41850,NA,NA,NA,NA,NA,NA,NA,NA,NA,NA,NA,NA,NA,NA,NA,NA,NA,41850,NA,"2012"
103,"Canadian Children's Opera Company","28","City-wide","1",20500,NA,NA,NA,NA,NA,NA,NA,NA,NA,NA,NA,NA,NA,NA,NA,NA,NA,20500,NA,"2012"
104,"Canadian Opera Company","28","City-wide","1",1317015,NA,NA,NA,NA,NA,NA,NA,NA,NA,NA,NA,NA,1317015,NA,NA,NA,NA,NA,NA,"2012"
120,"Canadian Stage Company","28","City-wide","1",820000,NA,NA,NA,NA,NA,NA,NA,NA,NA,NA,NA,NA,NA,NA,NA,NA,NA,820000,NA,"2012"
121,"Central Neighbourhood House Association","28","Area services","2",169155.06,NA,NA,NA,NA,NA,113916,NA,NA,NA,55239.06,NA,NA,NA,NA,NA,NA,NA,NA,NA,"2012"
138,"Centre for Community Learning and Development","28","City-wide","1",36095,NA,NA,NA,NA,NA,36095,NA,NA,NA,NA,NA,NA,NA,NA,NA,NA,NA,NA,NA,"2012"
139,"Coleman Lemieux & Compagnie","28","City-wide","1",10000,NA,NA,NA,NA,NA,NA,NA,NA,NA,NA,NA,NA,NA,NA,NA,NA,NA,10000,NA,"2012"
140,"Committee For Accessible AIDS Treatment","28","City-wide","1",32984,NA,32984,NA,NA,NA,NA,NA,NA,NA,NA,NA,NA,NA,NA,NA,NA,NA,NA,NA,"2012"
141,"Community Matters Toronto/St. James Town Family Literacy Services.","28","Area services","1",5000,NA,NA,NA,NA,5000,NA,NA,NA,NA,NA,NA,NA,NA,NA,NA,NA,NA,NA,NA,"2012"
142,"Dance Ontario Association","28","City-wide","1",15150,NA,NA,NA,NA,NA,NA,NA,NA,NA,NA,NA,NA,NA,NA,NA,NA,NA,15150,NA,"2012"
143,"Dance Umbrella of Ontario","28","City-wide","1",28850,NA,NA,NA,NA,NA,NA,NA,NA,NA,NA,NA,NA,NA,NA,NA,NA,NA,28850,NA,"2012"
144,"Dancemakers","28","City-wide","1",87000,NA,NA,NA,NA,NA,NA,NA,NA,NA,NA,NA,NA,NA,NA,NA,NA,NA,87000,NA,"2012"
197,"DanceWorks","28","City-wide","1",49000,NA,NA,NA,NA,NA,NA,NA,NA,NA,NA,NA,NA,NA,NA,NA,NA,NA,49000,NA,"2012"
145,"Dixon Hall","28","Local","1",243751,NA,NA,NA,NA,NA,243751,NA,NA,NA,NA,NA,NA,NA,NA,NA,NA,NA,NA,NA,"2012"
146,"Dixon Hall Music School","28","Area services","1",20000,NA,NA,NA,NA,NA,NA,NA,NA,NA,NA,NA,NA,NA,NA,NA,NA,NA,20000,NA,"2012"
234,"Elizabeth Fry Society, Toronto Branch","28","City-wide","1",50000,NA,NA,NA,50000,NA,NA,NA,NA,NA,NA,NA,NA,NA,NA,NA,NA,NA,NA,NA,"2012"
235,"Expect Theatre Inc.","28","Local","1",10000,NA,NA,NA,NA,NA,NA,NA,NA,NA,NA,NA,NA,NA,NA,NA,NA,NA,10000,NA,"2012"
236,"Fred Victor Centre","28","Area services","1",55238.76,NA,NA,NA,NA,NA,NA,NA,NA,NA,55238.76,NA,NA,NA,NA,NA,NA,NA,NA,NA,"2012"
237,"Friends of Fort York (Summer Guard)","28","City-wide","1",15610,NA,NA,NA,NA,NA,NA,NA,NA,NA,NA,NA,NA,NA,15610,NA,NA,NA,NA,NA,"2012"
238,"fu-GEN Theatre Company","28","City-wide","1",11000,NA,NA,NA,NA,NA,NA,NA,NA,NA,NA,NA,NA,NA,NA,NA,NA,NA,11000,NA,"2012"
341,"Fujiwara Dance Inventions","28","City-wide","1",15000,NA,NA,NA,NA,NA,NA,NA,NA,NA,NA,NA,NA,NA,NA,NA,NA,NA,15000,NA,"2012"
342,"Glenn Gould Foundation","28","City-wide","1",15000,NA,NA,NA,NA,NA,NA,NA,NA,NA,NA,NA,NA,NA,NA,NA,NA,NA,NA,15000,"2012"
343,"Green Thumbs Growing Kids","28","Local","1",7500,NA,NA,7500,NA,NA,NA,NA,NA,NA,NA,NA,NA,NA,NA,NA,NA,NA,NA,NA,"2012"
344,"Heritage - 84 Amelia St","28","Local","1",1950,NA,NA,NA,NA,NA,NA,NA,NA,1950,NA,NA,NA,NA,NA,NA,NA,NA,NA,NA,"2012"
363,"Heritage - 86 Amelia St","28","Local","1",1950,NA,NA,NA,NA,NA,NA,NA,NA,1950,NA,NA,NA,NA,NA,NA,NA,NA,NA,NA,"2012"
364,"Heritage - 87 Amelia St","28","Local","1",5930,NA,NA,NA,NA,NA,NA,NA,NA,5930,NA,NA,NA,NA,NA,NA,NA,NA,NA,NA,"2012"
365,"Heritage - 501 Ontario St","28","Local","1",9770,NA,NA,NA,NA,NA,NA,NA,NA,9770,NA,NA,NA,NA,NA,NA,NA,NA,NA,NA,"2012"
366,"Heritage - 9 Rose Ave","28","Local","1",5000,NA,NA,NA,NA,NA,NA,NA,NA,5000,NA,NA,NA,NA,NA,NA,NA,NA,NA,NA,"2012"
367,"Heritage  - 310 Sackville St","28","Local","1",4000,NA,NA,NA,NA,NA,NA,NA,NA,4000,NA,NA,NA,NA,NA,NA,NA,NA,NA,NA,"2012"
368,"hum dansoundart not just a dance company","28","City-wide","1",10000,NA,NA,NA,NA,NA,NA,NA,NA,NA,NA,NA,NA,NA,NA,NA,NA,NA,10000,NA,"2012"
369,"InDance","28","City-wide","1",8500,NA,NA,NA,NA,NA,NA,NA,NA,NA,NA,NA,NA,NA,NA,NA,NA,NA,8500,NA,"2012"
400,"Inner City Angels","28","Area services","1",36500,NA,NA,NA,NA,NA,NA,NA,NA,NA,NA,NA,NA,NA,NA,NA,NA,NA,36500,NA,"2012"
401,"Jamii Esplanade","28","Local","1",3000,NA,NA,NA,NA,NA,NA,NA,NA,NA,NA,NA,NA,NA,NA,NA,NA,NA,3000,NA,"2012"
402,"JD dance","28","City-wide","1",3500,NA,NA,NA,NA,NA,NA,NA,NA,NA,NA,NA,NA,NA,NA,NA,NA,NA,3500,NA,"2012"
403,"Jeunesses Musicales Ontario","28","City-wide","1",2750,NA,NA,NA,NA,NA,NA,NA,NA,NA,NA,NA,NA,NA,NA,NA,NA,NA,2750,NA,"2012"
418,"Jumblies Theatre","28","Area services","2",56000,18000,NA,NA,NA,NA,NA,NA,NA,NA,NA,NA,NA,NA,NA,NA,NA,NA,38000,NA,"2012"
419,"June Callwood Centre for Women and Families, The","28","City-wide","1",19925,NA,NA,NA,NA,NA,19925,NA,NA,NA,NA,NA,NA,NA,NA,NA,NA,NA,NA,NA,"2012"
420,"Le Laboratoire d'Art","28","City-wide","1",4000,NA,NA,NA,NA,NA,NA,NA,NA,NA,NA,NA,NA,NA,NA,NA,NA,NA,4000,NA,"2012"
421,"Les Centres d'Accueil Heritage","28","City-wide","1",55190,NA,NA,NA,NA,NA,55190,NA,NA,NA,NA,NA,NA,NA,NA,NA,NA,NA,NA,NA,"2012"
462,"Little Pear Garden Collective","28","City-wide","1",11000,NA,NA,NA,NA,NA,NA,NA,NA,NA,NA,NA,NA,NA,NA,NA,NA,NA,11000,NA,"2012"
463,"Mariposa in the Schools","28","Area services","1",15000,NA,NA,NA,NA,NA,NA,NA,NA,NA,NA,NA,NA,NA,NA,NA,NA,NA,15000,NA,"2012"
483,"Mid-Toronto Community Services Inc","28","Area services","1",116385,NA,NA,NA,NA,NA,116385,NA,NA,NA,NA,NA,NA,NA,NA,NA,NA,NA,NA,NA,"2012"
484,"Mixed Company","28","City-wide","1",18825,NA,NA,NA,NA,NA,NA,NA,NA,NA,NA,NA,NA,NA,NA,NA,NA,NA,18825,NA,"2012"
485,"Modern Times Stage Company","28","City-wide","1",15000,NA,NA,NA,NA,NA,NA,NA,NA,NA,NA,NA,NA,NA,NA,NA,NA,NA,15000,NA,"2012"
486,"MOonhORsE dance theatre","28","City-wide","1",10300,NA,NA,NA,NA,NA,NA,NA,NA,NA,NA,NA,NA,NA,NA,NA,NA,NA,10300,NA,"2012"
487,"MUC Shelter Corporation (Sojourn House)","28","City-wide","1",110477.06,NA,NA,NA,NA,NA,NA,NA,NA,NA,110477.06,NA,NA,NA,NA,NA,NA,NA,NA,NA,"2012"
488,"Music Toronto","28","City-wide","1",91500,NA,NA,NA,NA,NA,NA,NA,NA,NA,NA,NA,NA,NA,NA,NA,NA,NA,91500,NA,"2012"
489,"National Ballet of Canada","28","City-wide","1",1148600,NA,NA,NA,NA,NA,NA,NA,NA,NA,NA,NA,NA,1148600,NA,NA,NA,NA,NA,NA,"2012"
512,"Native Earth Performing Arts","28","City-wide","1",63000,NA,NA,NA,NA,NA,NA,NA,NA,NA,NA,NA,NA,NA,NA,NA,NA,NA,63000,NA,"2012"
513,"Native Visual Productions","28","Local","1",10000,NA,NA,NA,NA,NA,NA,NA,NA,NA,NA,10000,NA,NA,NA,NA,NA,NA,NA,NA,"2012"
514,"Neighbourhood Information Post (NIP)","28","Area services","2",64234.39,NA,NA,NA,NA,NA,36615,NA,NA,NA,27619.39,NA,NA,NA,NA,NA,NA,NA,NA,NA,"2012"
515,"New Music Concerts","28","City-wide","1",55000,NA,NA,NA,NA,NA,NA,NA,NA,NA,NA,NA,NA,NA,NA,NA,NA,NA,55000,NA,"2012"
529,"Nightswimming","28","City-wide","1",14000,NA,NA,NA,NA,NA,NA,NA,NA,NA,NA,NA,NA,NA,NA,NA,NA,NA,14000,NA,"2012"
530,"Nightwood Theatre","28","City-wide","1",63350,NA,NA,NA,NA,NA,NA,NA,NA,NA,NA,NA,NA,NA,NA,NA,NA,NA,63350,NA,"2012"
531,"Opera Atelier","28","City-wide","1",58760,NA,NA,NA,NA,NA,NA,NA,NA,NA,NA,NA,NA,NA,NA,NA,NA,NA,58760,NA,"2012"
575,"Peacebuilders International (Canada)","28","Area services","1",35600,NA,NA,NA,35600,NA,NA,NA,NA,NA,NA,NA,NA,NA,NA,NA,NA,NA,NA,NA,"2012"
581,"Planet In Focus","28","City-wide","1",12000,NA,NA,NA,NA,NA,NA,NA,NA,NA,NA,NA,NA,NA,NA,NA,NA,NA,12000,NA,"2012"
582,"Playwrights Guild of Canada","28","City-wide","1",2500,NA,NA,NA,NA,NA,NA,NA,NA,NA,NA,NA,NA,NA,NA,NA,NA,NA,2500,NA,"2012"
584,"Pleiades Theatre","28","City-wide","1",17000,NA,NA,NA,NA,NA,NA,NA,NA,NA,NA,NA,NA,NA,NA,NA,NA,NA,17000,NA,"2012"
595,"ProArteDanza","28","City-wide","1",10000,NA,NA,NA,NA,NA,NA,NA,NA,NA,NA,NA,NA,NA,NA,NA,NA,NA,10000,NA,"2012"
597,"Prologue to the Performing Arts","28","City-wide","1",20000,NA,NA,NA,NA,NA,NA,NA,NA,NA,NA,NA,NA,NA,NA,NA,NA,NA,20000,NA,"2012"
602,"Queen Of Puddings Music Theatre Co.","28","City-wide","1",32500,NA,NA,NA,NA,NA,NA,NA,NA,NA,NA,NA,NA,NA,NA,NA,NA,NA,32500,NA,"2012"
606,"Rainbow Association of Canadian Artists","28","City-wide","1",4000,NA,NA,NA,NA,NA,NA,NA,NA,NA,NA,NA,NA,NA,NA,NA,NA,NA,9000,NA,"2012"
614,"Regent Park Community Health Centre","28","Area services","3",65917,NA,NA,NA,40000,NA,NA,21577,NA,NA,4340,NA,NA,NA,NA,NA,NA,NA,NA,NA,"2012"
616,"Regent Park Focus","28","Area services","1",30000,NA,NA,NA,NA,NA,NA,NA,NA,NA,NA,NA,NA,NA,NA,NA,NA,NA,30000,NA,"2012"
617,"Regent Park School of Music","28","Area services","1",15000,NA,NA,NA,NA,NA,NA,NA,NA,NA,NA,NA,NA,NA,NA,NA,NA,NA,15000,NA,"2012"
641,"S.E.A.S. Centre (Support Enhance Access Services Centre)","28","Area services","1",69085,NA,NA,NA,NA,NA,69085,NA,NA,NA,NA,NA,NA,NA,NA,NA,NA,NA,NA,NA,"2012"
648,"Shadowland Theatre","28","Local","1",16000,NA,NA,NA,NA,NA,NA,NA,NA,NA,NA,NA,NA,NA,NA,NA,NA,NA,16000,NA,"2012"
651,"Sherbourne Health Sentre - SOY","28","City-wide","1",7500,NA,NA,NA,NA,NA,NA,NA,NA,NA,NA,NA,NA,NA,NA,NA,NA,NA,7500,NA,"2012"
675,"Soulpepper Theatre Company","28","City-wide","1",146500,NA,NA,NA,NA,NA,NA,NA,NA,NA,NA,NA,NA,NA,NA,NA,NA,NA,146500,NA,"2012"
682,"Spark Collective","28","City-wide","1",4000,NA,NA,NA,NA,NA,NA,NA,NA,NA,NA,NA,NA,NA,NA,NA,NA,NA,4000,NA,"2012"
689,"Suburban Beast","28","City-wide","1",10500,NA,NA,NA,NA,NA,NA,NA,NA,NA,NA,NA,NA,NA,NA,NA,NA,NA,10500,NA,"2012"
690,"Support Enhance Access Service (SEAS) Centre","28","Area Services","1",3500,3500,NA,NA,NA,NA,NA,NA,NA,NA,NA,NA,NA,NA,NA,NA,NA,NA,NA,NA,"2012"
700,"Tapestry New Opera Works","28","City-wide","1",35000,NA,NA,NA,NA,NA,NA,NA,NA,NA,NA,NA,NA,NA,NA,NA,NA,NA,35000,NA,"2012"
707,"The Young Centre (GBSP Centre Corp)","28","City-wide","1",7500,NA,NA,NA,NA,NA,NA,NA,NA,NA,NA,NA,NA,NA,NA,NA,NA,NA,7500,NA,"2012"
738,"Toronto Dance Community Love-In","28","City-wide","1",6500,NA,NA,NA,NA,NA,NA,NA,NA,NA,NA,NA,NA,NA,NA,NA,NA,NA,6500,NA,"2012"
740,"Toronto Downtown Jazz","28","City-wide","1",13000,NA,NA,NA,NA,NA,NA,NA,NA,NA,NA,NA,NA,NA,NA,NA,NA,NA,13000,NA,"2012"
743,"Toronto Festival of Arts, Culture and Creativity - LuminaTO Festival","28","City-wide","1",2e+05,NA,NA,NA,NA,NA,NA,NA,NA,NA,NA,NA,NA,2e+05,NA,NA,NA,NA,NA,NA,"2012"
752,"Toronto Kiwanis Boys and Girls Clubs","28","Local","1",87197,NA,NA,NA,NA,NA,87197,NA,NA,NA,NA,NA,NA,NA,NA,NA,NA,NA,NA,NA,"2012"
758,"Toronto People With AIDS Foundation","28","City-wide","2",92170,NA,63375,NA,NA,NA,28795,NA,NA,NA,NA,NA,NA,NA,NA,NA,NA,NA,NA,NA,"2012"
771,"Town of York Historical Society (Toronto's First Post Office)","28","City-wide","1",28302,NA,NA,NA,NA,NA,NA,NA,NA,NA,NA,NA,NA,NA,28302,NA,NA,NA,NA,NA,"2012"
784,"United Way of Greater Toronto-Toronto Enterprise Fund","28","City-wide","1",250000,NA,NA,NA,NA,NA,NA,NA,NA,NA,250000,NA,NA,NA,NA,NA,NA,NA,NA,NA,"2012"
797,"Via Salzburg","28","City-wide","1",13000,NA,NA,NA,NA,NA,NA,NA,NA,NA,NA,NA,NA,NA,NA,NA,NA,NA,13000,NA,"2012"
816,"Winterreise Collective","28","City-wide","1",5000,NA,NA,NA,NA,NA,NA,NA,NA,NA,NA,NA,NA,NA,NA,NA,NA,NA,5000,NA,"2012"
820,"Women's Musical Club of Toronto","28","City-wide","1",2500,NA,NA,NA,NA,NA,NA,NA,NA,NA,NA,NA,NA,NA,NA,NA,NA,NA,2500,NA,"2012"
831,"Young People's Theatre (Lorraine Kimsa Theatre For Young People)","28","City-wide","2",361000,NA,NA,NA,NA,NA,NA,60000,NA,NA,NA,NA,NA,NA,NA,NA,NA,NA,301000,NA,"2012"
832,"Driftwood Theatre Group","29","City-wide","1",6500,NA,NA,NA,NA,NA,NA,NA,NA,NA,NA,NA,NA,NA,NA,NA,NA,NA,6500,NA,"2012"
833,"Heritage - 67 Douglas Cr","29","Local","1",22500,NA,NA,NA,NA,NA,NA,NA,NA,22500,NA,NA,NA,NA,NA,NA,NA,NA,NA,NA,"2012"
834,"Massey Centre for Women","29","Local","3",99461.76,NA,NA,NA,NA,NA,24735,19488,NA,NA,55238.76,NA,NA,NA,NA,NA,NA,NA,NA,NA,"2012"
611,"Red Dress","29","Local","1",10000,NA,NA,NA,NA,NA,NA,NA,NA,NA,NA,NA,NA,NA,NA,NA,NA,NA,10000,NA,"2012"
747,"Toronto Intergenerational Partnerships","29","Area services","1",38045,NA,NA,NA,NA,NA,38045,NA,NA,NA,NA,NA,NA,NA,NA,NA,NA,NA,NA,NA,"2012"
748,"Actor's Playhouse Collective","30","City-wide","1",5000,NA,NA,NA,NA,NA,NA,NA,NA,NA,NA,NA,NA,NA,NA,NA,NA,NA,5000,NA,"2012"
749,"Alias Dance Project","30","City-wide","1",7500,NA,NA,NA,NA,NA,NA,NA,NA,NA,NA,NA,NA,NA,NA,NA,NA,NA,7500,NA,"2012"
750,"Amici Chamber Ensemble","30","City-wide","1",12000,NA,NA,NA,NA,NA,NA,NA,NA,NA,NA,NA,NA,NA,NA,NA,NA,NA,12000,NA,"2012"
85,"Birthday Project","30","City-wide","1",5000,NA,NA,NA,NA,NA,NA,NA,NA,NA,NA,NA,NA,NA,NA,NA,NA,NA,5000,NA,"2012"
86,"Children's Aid Society of Toronto","30","City-wide","1",56173.15,NA,NA,NA,NA,NA,NA,NA,NA,NA,56173.15,NA,NA,NA,NA,NA,NA,NA,NA,NA,"2012"
87,"Crow's Theatre Company","30","City-wide","1",24000,NA,NA,NA,NA,NA,NA,NA,NA,NA,NA,NA,NA,NA,NA,NA,NA,NA,24000,NA,"2012"
88,"East Toronto Family Community Centres","30","Area Services","1",58010,NA,NA,NA,NA,NA,58010,NA,NA,NA,NA,NA,NA,NA,NA,NA,NA,NA,NA,NA,"2012"
89,"East York and East Toronto Family Resources Organization - Housing Help Centre","30","Area services","1",55239,NA,NA,NA,NA,NA,NA,NA,NA,NA,55239,NA,NA,NA,NA,NA,NA,NA,NA,NA,"2012"
90,"East York and East Toronto Family Resources Organization","30","City-wide","2",232946,NA,NA,NA,NA,NA,26010,NA,NA,NA,206936,NA,NA,NA,NA,NA,NA,NA,NA,NA,"2012"
376,"Heritage - 132 First Ave","30","Local","1",3000,NA,NA,NA,NA,NA,NA,NA,NA,3000,NA,NA,NA,NA,NA,NA,NA,NA,NA,NA,"2012"
377,"Kaleidoscope Kids of Toronto","30","Local","1",7200,NA,NA,NA,NA,NA,NA,NA,NA,NA,NA,NA,NA,NA,NA,NA,NA,NA,7200,NA,"2012"
378,"New Harlem Productions","30","City-wide","1",10500,NA,NA,NA,NA,NA,NA,NA,NA,NA,NA,NA,NA,NA,NA,NA,NA,NA,10500,NA,"2012"
528,"Newcomers Women's Services Toronto","30","City-wide","1",38210,NA,NA,NA,NA,NA,38210,NA,NA,NA,NA,NA,NA,NA,NA,NA,NA,NA,NA,NA,"2012"
529,"Obsidian Theatre Company","30","City-wide","1",39500,NA,NA,NA,NA,NA,NA,NA,NA,NA,NA,NA,NA,NA,NA,NA,NA,NA,39500,NA,"2012"
530,"Open Door Storytelling Project","30","Local","1",5750,NA,NA,NA,NA,NA,NA,NA,NA,NA,NA,NA,NA,NA,NA,NA,NA,NA,5750,NA,"2012"
552,"Opera In Concert","30","City-wide","1",25500,NA,NA,NA,NA,NA,NA,NA,NA,NA,NA,NA,NA,NA,NA,NA,NA,NA,25500,NA,"2012"
601,"Puppetmongers","30","City-wide","1",19000,NA,NA,NA,NA,NA,NA,NA,NA,NA,NA,NA,NA,NA,NA,NA,NA,NA,19000,NA,"2012"
607,"Ralphn Thornton Centre","30","Local","1",36640,NA,NA,NA,NA,NA,36640,NA,NA,NA,NA,NA,NA,NA,NA,NA,NA,NA,NA,NA,"2012"
621,"Riverdale Immigrant Women Centre","30","Local","1",17250,NA,NA,NA,NA,NA,NA,NA,17250,NA,NA,NA,NA,NA,NA,NA,NA,NA,NA,NA,"2012"
679,"South Riverdale Community Health Centre","30","Area services","2",137731,NA,80241,NA,NA,NA,NA,57490,NA,NA,NA,NA,NA,NA,NA,NA,NA,NA,NA,NA,"2012"
684,"Spectrum Composers Collective","30","City-wide","1",4500,NA,NA,NA,NA,NA,NA,NA,NA,NA,NA,NA,NA,NA,NA,NA,NA,NA,4500,NA,"2012"
756,"Toronto Operetta Theatre","30","City-wide","1",19000,NA,NA,NA,NA,NA,NA,NA,NA,NA,NA,NA,NA,NA,NA,NA,NA,NA,19000,NA,"2012"
768,"Toronto Taxi Collective","30","City-wide","1",3000,NA,NA,NA,NA,NA,NA,NA,NA,NA,NA,NA,NA,NA,NA,NA,NA,NA,3000,NA,"2012"
780,"Tune Your Ride Collective","30","City-wide","1",1500,NA,NA,NA,NA,NA,NA,NA,NA,NA,NA,NA,NA,NA,NA,NA,NA,NA,1500,NA,"2012"
821,"WoodGreen Community Services","30","Area services","1",361898,NA,NA,NA,NA,NA,361898,NA,NA,NA,NA,NA,NA,NA,NA,NA,NA,NA,NA,NA,"2012"
75,"Bangladeshi- Canadian Community Services","31","Local","1",4000,NA,NA,4000,NA,NA,NA,NA,NA,NA,NA,NA,NA,NA,NA,NA,NA,NA,NA,NA,"2012"
76,"Call-A-Service Inc.","31","Area Services","1",88515,NA,NA,NA,NA,NA,88515,NA,NA,NA,NA,NA,NA,NA,NA,NA,NA,NA,NA,NA,"2012"
77,"Children's Peace Theatre","31","Area services","3",53000,NA,NA,NA,30000,10000,NA,NA,NA,NA,NA,NA,NA,NA,NA,NA,NA,NA,13000,NA,"2012"
78,"Ethiopian Association in the GTA and Surrounding Regions","31","City-wide","1",21965,NA,21965,NA,NA,NA,NA,NA,NA,NA,NA,NA,NA,NA,NA,NA,NA,NA,NA,NA,"2012"
356,"Hannaford Street Silver Band","31","City-wide","1",28000,NA,NA,NA,NA,NA,NA,NA,NA,NA,NA,NA,NA,NA,NA,NA,NA,NA,28000,NA,"2012"
357,"Neighbourhood Information Centre","31","Area services","1",141092,NA,NA,NA,NA,NA,141092,NA,NA,NA,NA,NA,NA,NA,NA,NA,NA,NA,NA,NA,"2012"
358,"Neighbourhood Youth Alliance formerly Crescent Town Youth Services Network","31","Local","1",40000,NA,NA,NA,NA,NA,NA,NA,NA,NA,NA,NA,NA,NA,NA,40000,NA,NA,NA,NA,"2012"
681,"Space for Arts and Youth (S.A.Y.) Vision Group","31","Local","1",10000,NA,NA,NA,NA,NA,NA,NA,NA,NA,NA,10000,NA,NA,NA,NA,NA,NA,NA,NA,"2012"
670,"St. Clair O'Connor Community Inc.","31","Area services","1",16265,NA,NA,NA,NA,NA,16265,NA,NA,NA,NA,NA,NA,NA,NA,NA,NA,NA,NA,NA,"2012"
779,"True Davidson Meals on Wheels (E.York) Inc.","31","Local","1",19160,NA,NA,NA,NA,NA,19160,NA,NA,NA,NA,NA,NA,NA,NA,NA,NA,NA,NA,NA,"2012"
838,"Zata Omm Deance Projects","31","City-wide","1",8000,NA,NA,NA,NA,NA,NA,NA,NA,NA,NA,NA,NA,NA,NA,NA,NA,NA,8000,NA,"2012"
839,"Applegrove Community Complex","32","City-wide","1",3600,NA,NA,NA,NA,NA,3600,NA,NA,NA,NA,NA,NA,NA,NA,NA,NA,NA,NA,NA,"2012"
840,"Canadian Art Song Project","32","City-wide","1",1000,NA,NA,NA,NA,NA,NA,NA,NA,NA,NA,NA,NA,NA,NA,NA,NA,NA,1000,NA,"2012"
841,"Community Centre 55","32","Local","2",26000,NA,NA,6000,NA,NA,NA,NA,20000,NA,NA,NA,NA,NA,NA,NA,NA,NA,NA,NA,"2012"
842,"Dance Matters Dance Productions","32","City-wide","1",10000,NA,NA,NA,NA,NA,NA,NA,NA,NA,NA,NA,NA,NA,NA,NA,NA,NA,10000,NA,"2012"
843,"Earthworks Community Music","32","City-wide","1",1000,NA,NA,NA,NA,NA,NA,NA,NA,NA,NA,NA,NA,NA,NA,NA,NA,NA,1000,NA,"2012"
232,"Eldritch Theatre","32","City-wide","1",5000,NA,NA,NA,NA,NA,NA,NA,NA,NA,NA,NA,NA,NA,NA,NA,NA,NA,5000,NA,"2012"
233,"Fantasies and Other Poisons","32","City-wide","1",2650,NA,NA,NA,NA,NA,NA,NA,NA,NA,NA,NA,NA,NA,NA,NA,NA,NA,2650,NA,"2012"
234,"Neighbourhood Link Support Services","32","Local","3",250018.76,NA,NA,6600,NA,NA,188180,NA,NA,NA,55238.76,NA,NA,NA,NA,NA,NA,NA,NA,NA,"2012"
235,"Pan Trinbago Steelband Assoc. of Ontario","32","City-wide","1",9000,NA,NA,NA,NA,NA,NA,NA,NA,NA,NA,NA,NA,NA,NA,NA,NA,NA,9000,NA,"2012"
579,"PhemPhat Entertainment Group","32","City-wide","1",5500,NA,NA,NA,NA,NA,NA,NA,NA,NA,NA,NA,NA,NA,NA,NA,NA,NA,5500,NA,"2012"
691,"SuiteLIfe Arts for Youth","32","Area services","1",8000,NA,NA,NA,NA,NA,NA,NA,NA,NA,NA,NA,NA,NA,NA,NA,NA,NA,8000,NA,"2012"
722,"Tobias House Attendant Care Inc.","32","City-wide","1",33730,NA,NA,NA,NA,NA,33730,NA,NA,NA,NA,NA,NA,NA,NA,NA,NA,NA,NA,NA,"2012"
762,"Toront Silent Film Festival","32","City-wide","1",1500,NA,NA,NA,NA,NA,NA,NA,NA,NA,NA,NA,NA,NA,NA,NA,NA,NA,1500,NA,"2012"
41,"Armenian Relief Society Inc. -""Roubina"" Chapter","33","City-wide","1",20170,NA,NA,NA,NA,NA,20170,NA,NA,NA,NA,NA,NA,NA,NA,NA,NA,NA,NA,NA,"2012"
69,"AWIC Community and Social Services","33","City-wide","1",72340,NA,NA,NA,NA,NA,72340,NA,NA,NA,NA,NA,NA,NA,NA,NA,NA,NA,NA,NA,"2012"
173,"Community Information Fairview","33","Area Services","1",29190,NA,NA,NA,NA,NA,29190,NA,NA,NA,NA,NA,NA,NA,NA,NA,NA,NA,NA,NA,"2012"
174,"Harriet Tubman Community Organization","33","Local","1",53020,NA,NA,NA,NA,NA,53020,NA,NA,NA,NA,NA,NA,NA,NA,NA,NA,NA,NA,NA,"2012"
175,"Iranian Women's Organization of Ontario","33","City-wide","1",31015,NA,NA,NA,NA,NA,31015,NA,NA,NA,NA,NA,NA,NA,NA,NA,NA,NA,NA,NA,"2012"
176,"Korean Dance Studies Society","34","City-wide","1",11325,NA,NA,NA,NA,NA,NA,NA,NA,NA,NA,NA,NA,NA,NA,NA,NA,NA,11325,NA,"2012"
177,"Latvian Senior Citizen's Association","34","City-wide","1",10200,NA,NA,NA,NA,NA,10200,NA,NA,NA,NA,NA,NA,NA,NA,NA,NA,NA,NA,NA,"2012"
732,"Toronto Chieftains Gaelic Football Club","34","City-wide","1",26500,NA,NA,26500,NA,NA,NA,NA,NA,NA,NA,NA,NA,NA,NA,NA,NA,NA,NA,NA,"2012"
733,"Cathedral Bluffs Symphony Orchestra","35","Area services","1",11000,NA,NA,NA,NA,NA,NA,NA,NA,NA,NA,NA,NA,NA,NA,NA,NA,NA,11000,NA,"2012"
734,"Council of Agencies Serving South Asians (CASSA)","35","City-wide","4",80015,3175,NA,NA,35000,10000,31840,NA,NA,NA,NA,NA,NA,NA,NA,NA,NA,NA,NA,NA,"2012"
559,"Out of the Box (African Canadian Legal Clinic)","35","Area services","1",9800,NA,NA,NA,NA,NA,NA,NA,NA,NA,NA,9800,NA,NA,NA,NA,NA,NA,NA,NA,"2012"
807,"Warden Woods Church & Community Centre","35","Area services","1",217100,NA,NA,NA,NA,NA,217100,NA,NA,NA,NA,NA,NA,NA,NA,NA,NA,NA,NA,NA,"2012"
809,"West Scarborough Neighbourhood Community Centre","35","Local","1",165013,NA,NA,NA,NA,NA,150837,NA,14176,NA,NA,NA,NA,NA,NA,NA,NA,NA,NA,NA,"2012"
835,"YOUTHLINK","35","Area services","4",187363,NA,88550,36300,NA,NA,40100,22413,NA,NA,NA,NA,NA,NA,NA,NA,NA,NA,NA,NA,"2012"
836,"Birchmount Bluffs Neighbourhood Centre","36","Area Services","1",75642,NA,NA,NA,NA,NA,75642,NA,NA,NA,NA,NA,NA,NA,NA,NA,NA,NA,NA,NA,"2012"
160,"Classical Music Consort","36","City-wide","1",6000,NA,NA,NA,NA,NA,NA,NA,NA,NA,NA,NA,NA,NA,NA,NA,NA,NA,6000,NA,"2012"
489,"Momiji Health Care Society","36","City-wide","1",32695,NA,NA,NA,NA,NA,32695,NA,NA,NA,NA,NA,NA,NA,NA,NA,NA,NA,NA,NA,"2012"
490,"Mural Routes Inc.","36","City-wide","2",36800,NA,NA,NA,NA,NA,NA,NA,25800,NA,NA,NA,NA,NA,NA,NA,NA,NA,11000,NA,"2012"
634,"Scarborough Arts Council","36","City-wide","2",123405,NA,NA,NA,NA,10000,NA,NA,NA,NA,NA,NA,113405,NA,NA,NA,NA,NA,NA,NA,"2012"
636,"Scarborough Centre for Healthy Communities","36","Area Services","1",165990,NA,NA,NA,NA,NA,165990,NA,NA,NA,NA,NA,NA,NA,NA,NA,NA,NA,NA,NA,"2012"
637,"Scarborough Philharmonic Orchestra","36","Area services","1",18000,NA,NA,NA,NA,NA,NA,NA,NA,NA,NA,NA,NA,NA,NA,NA,NA,NA,18000,NA,"2012"
638,"Scarborough Village safety Committee","36","Area services","1",43600,NA,NA,NA,43600,NA,NA,NA,NA,NA,NA,NA,NA,NA,NA,NA,NA,NA,NA,NA,"2012"
792,"Variety- The Childen's Charity","36","City-wide","1",30900,NA,NA,30900,NA,NA,NA,NA,NA,NA,NA,NA,NA,NA,NA,NA,NA,NA,NA,NA,"2012"
836,"Youth Unleashed Advisory Council","36","Area-services","1",10000,NA,NA,NA,NA,NA,NA,NA,NA,NA,NA,10000,NA,NA,NA,NA,NA,NA,NA,NA,"2012"
698,"Tamil Eelam Society of Canada, The","37","City-wide","1",32905,NA,NA,NA,NA,NA,32905,NA,NA,NA,NA,NA,NA,NA,NA,NA,NA,NA,NA,NA,"2012"
812,"Wexford Residence Inc., The","37","Local","1",19005,NA,NA,NA,NA,NA,19005,NA,NA,NA,NA,NA,NA,NA,NA,NA,NA,NA,NA,NA,"2012"
813,"Canadian Tamil Youth Development Centre","38","City-wide","1",108640,NA,NA,NA,NA,NA,108640,NA,NA,NA,NA,NA,NA,NA,NA,NA,NA,NA,NA,NA,"2012"
130,"Catholic Crosscultural Services","38","Area Services","1",29775,NA,NA,NA,NA,NA,29775,NA,NA,NA,NA,NA,NA,NA,NA,NA,NA,NA,NA,NA,"2012"
131,"Cliffcrest Community Centre","38","Local","1",30600,NA,NA,NA,NA,NA,30600,NA,NA,NA,NA,NA,NA,NA,NA,NA,NA,NA,NA,NA,"2012"
132,"Community Health Action Team (CHAT)","38","Area services","1",49000,NA,NA,NA,49000,NA,NA,NA,NA,NA,NA,NA,NA,NA,NA,NA,NA,NA,NA,NA,"2012"
NA,"East Metro Youth Services","38","Area Services","1",26010,NA,NA,NA,NA,NA,26010,NA,NA,NA,NA,NA,NA,NA,NA,NA,NA,NA,NA,NA,"2012"
1,"EEKP Community Project","38","Local","1",40000,NA,NA,NA,NA,NA,NA,NA,NA,NA,NA,NA,NA,NA,NA,40000,NA,NA,NA,NA,"2012"
2,"Heritage Skills Centre","38","Local","2",34147,NA,26647,7500,NA,NA,NA,NA,NA,NA,NA,NA,NA,NA,NA,NA,NA,NA,NA,NA,"2012"
639,"Scarborough Women's Centre","38","Area services","1",32680,NA,NA,NA,NA,NA,32680,NA,NA,NA,NA,NA,NA,NA,NA,NA,NA,NA,NA,NA,"2012"
650,"Settlement Assistance and Family Support Services (Formerly South Asian Family Support Services)","38","Area services","1",46800,NA,NA,NA,NA,NA,46800,NA,NA,NA,NA,NA,NA,NA,NA,NA,NA,NA,NA,NA,"2012"
677,"StepUp416","38","Area services","1",9900,NA,NA,NA,NA,NA,NA,NA,NA,NA,NA,9900,NA,NA,NA,NA,NA,NA,NA,NA,"2012"
778,"Tropicana Community Services","38","City-wide","1",74820,NA,NA,NA,NA,NA,68320,NA,NA,NA,NA,NA,NA,NA,NA,NA,NA,NA,6500,NA,"2012"
799,"Victoria Park Cricket Club","38","Local","1",5000,NA,NA,5000,NA,NA,NA,NA,NA,NA,NA,NA,NA,NA,NA,NA,NA,NA,NA,NA,"2012"
800,"Carefirst Seniors and Community Services Association","39","City-wide","2",118800,NA,NA,NA,35000,NA,83800,NA,NA,NA,NA,NA,NA,NA,NA,NA,NA,NA,NA,NA,"2012"
801,"Chi Ping Dance Group","39","City-wide","1",4000,NA,NA,NA,NA,NA,NA,NA,NA,NA,NA,NA,NA,NA,NA,NA,NA,NA,4000,NA,"2012"
149,"Chinese Artists Society of Toronto","39","City-wide","1",9000,NA,NA,NA,NA,NA,NA,NA,NA,NA,NA,NA,NA,NA,NA,NA,NA,NA,9000,NA,"2012"
150,"Modern Batik Movement","39","Area services","1",9900,NA,NA,NA,NA,NA,NA,NA,NA,NA,NA,9900,NA,NA,NA,NA,NA,NA,NA,NA,"2012"
774,"Transcare Community Support Services","39","Area services","1",74275,NA,NA,NA,NA,NA,74275,NA,NA,NA,NA,NA,NA,NA,NA,NA,NA,NA,NA,NA,"2012"
673,"St. Paul's L'Amoreaux Centre","40","Area services","1",88715,NA,NA,NA,NA,NA,88715,NA,NA,NA,NA,NA,NA,NA,NA,NA,NA,NA,NA,NA,"2012"
674,"Agincourt Community Services Association","41","Area services","3",204794,NA,22634,NA,50000,NA,132160,NA,NA,NA,NA,NA,NA,NA,NA,NA,NA,NA,NA,NA,"2012"
675,"Centre for Information and Community Services of Ontario","41","Area Services","1",126950,NA,NA,NA,NA,NA,126950,NA,NA,NA,NA,NA,NA,NA,NA,NA,NA,NA,NA,NA,"2012"
152,"Chinese Family Services of Ontario","41","City-wide","1",33965,NA,NA,NA,NA,NA,33965,NA,NA,NA,NA,NA,NA,NA,NA,NA,NA,NA,NA,NA,"2012"
153,"Hong Fook Mental Health Association","41","City-wide","1",21230,NA,NA,NA,NA,NA,21230,NA,NA,NA,NA,NA,NA,NA,NA,NA,NA,NA,NA,NA,"2012"
646,"Senior Tamil's Centre of Ontario","41","City-wide","1",65750,NA,NA,NA,NA,NA,65750,NA,NA,NA,NA,NA,NA,NA,NA,NA,NA,NA,NA,NA,"2012"
825,"Xiyanhong Senior Activity centre","41","Area services","1",7500,NA,NA,NA,NA,NA,NA,NA,NA,NA,NA,NA,NA,NA,NA,NA,NA,NA,7500,NA,"2012"
88,"Black Daddies Club","42","City-wide","1",50000,50000,NA,NA,NA,NA,NA,NA,NA,NA,NA,NA,NA,NA,NA,NA,NA,NA,NA,NA,"2012"
151,"Chinese Cultural Centre","42","City-wide","1",8500,NA,NA,NA,NA,8500,NA,NA,NA,NA,NA,NA,NA,NA,NA,NA,NA,NA,NA,NA,"2012"
152,"Legacy - Dreams 2 Reality","42","Area services","1",10000,NA,NA,NA,NA,NA,NA,NA,NA,NA,NA,10000,NA,NA,NA,NA,NA,NA,NA,NA,"2012"
469,"Malvern Family Resource Centre","42","Local","3",212375,NA,NA,NA,NA,10000,176600,25775,NA,NA,NA,NA,NA,NA,NA,NA,NA,NA,NA,NA,"2012"
505,"Nagata Shachu","42","City-wide","1",7000,NA,NA,NA,NA,NA,NA,NA,NA,NA,NA,NA,NA,NA,NA,NA,NA,NA,7000,NA,"2012"
635,"Scarborough Caribbean Youth Dance Ensemble","42","Local","1",9000,NA,NA,NA,NA,NA,NA,NA,NA,NA,NA,NA,NA,NA,NA,NA,NA,NA,9000,NA,"2012"
636,"Bach Children's Chorus of Scarborough","43","City-wide","1",18500,NA,NA,NA,NA,NA,NA,NA,NA,NA,NA,NA,NA,NA,NA,NA,NA,NA,18500,NA,"2012"
132,"Cedar Ridge Studio Gallery","43","City-wide","1",5000,NA,NA,NA,NA,NA,NA,NA,NA,NA,NA,NA,NA,NA,NA,NA,NA,NA,5000,NA,"2012"
133,"Community Arts Guild","43","Local","1",12000,NA,NA,NA,NA,NA,NA,NA,NA,NA,NA,NA,NA,NA,NA,NA,NA,NA,12000,NA,"2012"
133,"East Scarborough Boys & Girls Club","43","Area Services","1",153071,NA,NA,NA,NA,NA,153071,NA,NA,NA,NA,NA,NA,NA,NA,NA,NA,NA,NA,NA,"2012"
134,"East Scarborough Storefront / Tides Canada Initiatives","43","Area services","2",124055,NA,NA,46600,NA,NA,77455,NA,NA,NA,NA,NA,NA,NA,NA,NA,NA,NA,NA,NA,"2012"
135,"Mornelle Court Residents Action Coalition","43","Local","1",27840,NA,NA,NA,NA,NA,NA,NA,NA,NA,NA,NA,NA,NA,NA,27840,NA,NA,NA,NA,"2012"
136,"Neighbourhood Basketball Association","43","Local","1",40000,NA,NA,NA,NA,NA,NA,NA,NA,NA,NA,NA,NA,NA,NA,40000,NA,NA,NA,NA,"2012"
137,"Amadeus Choir of Greater Toronto","44","City-wide","2",75375,50000,NA,NA,NA,NA,NA,NA,NA,NA,NA,NA,NA,NA,NA,NA,NA,NA,25375,NA,"2012"
138,"Danzig Youth Leaders","44","Local","1",9000,NA,NA,NA,NA,NA,NA,NA,NA,NA,NA,9000,NA,NA,NA,NA,NA,NA,NA,NA,"2012"
139,"Doris McCarthy Gallery","44","City-wide","1",21000,NA,NA,NA,NA,NA,NA,NA,NA,NA,NA,NA,NA,NA,NA,NA,NA,NA,21000,NA,"2012"
140,"416 Festival Collective","18","City-wide","1",4000,NA,NA,NA,NA,NA,NA,NA,NA,NA,NA,NA,NA,NA,NA,NA,NA,NA,4000,NA,"2012"
141,"7a11d Performance Art Festival","30","City-wide","1",8000,NA,NA,NA,NA,NA,NA,NA,NA,NA,NA,NA,NA,NA,NA,NA,NA,NA,8000,NA,"2012"
1,"3D Atomic Ent","37","City-wide","1",5000,NA,NA,NA,NA,NA,NA,NA,NA,NA,NA,NA,NA,NA,NA,NA,NA,NA,5000,NA,"2012"
NA,NA,NA,NA,NA,NA,NA,NA,NA,NA,NA,NA,NA,NA,NA,NA,NA,NA,NA,NA,NA,NA,NA,NA,NA,"2012"
NA,"Number of Grants",NA,NA,NA,NA,29,31,25,19,13,215,27,17,27,27,18,5,11,3,11,2,1,419,3,"2012"
NA,"TOTAL ($)",NA,NA,NA,43047905.8,830245,1670160,5e+05,696800,103300,13443030,844320,273216,255000,2504037.8,171614,539010,6294980,80599,407840,3819580,545170,9023789,966610,"2012"
NA,NA,NA,NA,NA,NA,NA,NA,NA,NA,NA,NA,NA,NA,NA,NA,NA,NA,NA,NA,NA,NA,NA,NA,NA,"2012"
NA,NA,NA,NA,NA,NA,NA,NA,NA,NA,NA,NA,NA,NA,NA,NA,NA,NA,NA,NA,NA,NA,NA,NA,NA,"2012"
NA,NA,NA,NA,NA,NA,NA,NA,NA,NA,NA,NA,NA,NA,NA,NA,NA,NA,NA,NA,NA,NA,NA,NA,NA,"2012"
NA,NA,NA,NA,NA,NA,NA,NA,NA,NA,NA,NA,NA,NA,NA,NA,NA,NA,NA,NA,NA,NA,NA,NA,NA,"2012"
NA,NA,NA,NA,NA,NA,NA,NA,NA,NA,NA,NA,NA,NA,NA,NA,NA,NA,NA,NA,NA,NA,NA,NA,NA,"2012"
NA,NA,NA,NA,NA,NA,NA,NA,NA,NA,NA,NA,NA,NA,NA,NA,NA,NA,NA,NA,NA,NA,NA,NA,NA,"2012"
NA,NA,NA,NA,NA,NA,NA,NA,NA,NA,NA,NA,NA,NA,NA,NA,NA,NA,NA,NA,NA,NA,NA,NA,NA,"2012"
NA,NA,NA,NA,NA,NA,NA,NA,NA,NA,NA,NA,NA,NA,NA,NA,NA,NA,NA,NA,NA,NA,NA,NA,NA,"2012"
NA,"Prepared by SDF&A, Community Resources",NA,NA,NA,NA,NA,NA,NA,NA,NA,NA,NA,NA,NA,NA,NA,NA,NA,NA,NA,NA,NA,NA,NA,"2012"
NA,NA,NA,NA,NA,NA,NA,NA,NA,NA,NA,NA,NA,NA,NA,NA,NA,NA,NA,NA,NA,NA,NA,NA,NA,"2012"
NA,NA,NA,NA,NA,NA,NA,NA,NA,NA,NA,NA,NA,NA,NA,NA,NA,NA,NA,NA,NA,NA,NA,NA,NA,"2012"
NA,"For more information, contact:",NA,NA,NA,NA,NA,NA,NA,NA,NA,NA,NA,NA,NA,NA,NA,NA,NA,NA,NA,NA,NA,NA,NA,"2012"
NA,"Jenn Miller, Manager, Community Funding Programs",NA,NA,NA,NA,NA,NA,NA,NA,NA,NA,NA,NA,NA,NA,NA,NA,NA,NA,NA,NA,NA,NA,NA,"2012"
NA,"416-397-7302",NA,NA,NA,NA,NA,NA,NA,NA,NA,NA,NA,NA,NA,NA,NA,NA,NA,NA,NA,NA,NA,NA,NA,"2012"
NA,"jmiller4@toronto.ca",NA,NA,NA,NA,NA,NA,NA,NA,NA,NA,NA,NA,NA,NA,NA,NA,NA,NA,NA,NA,NA,NA,NA,"2012"
